{"type":"FeatureCollection","features":[{"type":"Feature","geometry":{"type":"Polygon","coordinates":[[[106.893472,-6.279799],[106.893571,-6.279745],[106.89359,-6.279129],[106.893321,-6.278527],[106.893224,-6.277996],[106.893494,-6.276592],[106.893565,-6.276546],[106.89421,-6.276769],[106.894828,-6.276888],[106.896573,-6.276874],[106.897482,-6.27713],[106.898866,-6.277134],[106.900355,-6.277574],[106.900645,-6.277707],[106.900717,-6.277809],[106.900645,-6.278475],[106.900497,-6.279019],[106.900384,-6.280784],[106.899786,-6.282475],[106.899695,-6.282938],[106.899633,-6.283112],[106.89921,-6.283522],[106.898247,-6.284874],[106.897936,-6.285447],[106.897622,-6.285429],[106.897488,-6.285501],[106.89695,-6.286749],[106.897008,-6.287569],[106.897375,-6.287847],[106.897104,-6.288236],[106.896796,-6.288622],[106.896525,-6.288716],[106.896407,-6.288692],[106.896017,-6.288364],[106.896305,-6.288188],[106.896396,-6.28806],[106.896374,-6.287268],[106.896297,-6.287159],[106.895892,-6.286906],[106.895717,-6.286463],[106.895224,-6.285927],[106.894873,-6.28581],[106.894465,-6.285863],[106.894146,-6.2857],[106.893592,-6.285631],[106.893438,-6.285563],[106.893214,-6.285234],[106.893289,-6.284877],[106.893696,-6.284409],[106.893781,-6.284121],[106.893633,-6.283025],[106.893574,-6.281793],[106.893647,-6.280803],[106.893472,-6.280107],[106.893472,-6.279799]]]},"properties":{"layer_id":"ekosistem","jenis":"rth","nama":"Suvarna Jakarta","sumber":"OSM","atribut":{"kategori":"golf_course"}}},{"type":"Feature","geometry":{"type":"Polygon","coordinates":[[[106.785069,-6.272157],[106.784114,-6.272201],[106.784527,-6.26962],[106.784446,-6.269233],[106.78382,-6.269156],[106.783831,-6.268476],[106.783955,-6.268439],[106.784155,-6.268015],[106.784476,-6.268055],[106.784598,-6.267893],[106.784852,-6.267263],[106.784898,-6.267261],[106.784882,-6.266818],[106.785499,-6.266303],[106.78568,-6.265981],[106.786298,-6.266019],[106.786407,-6.266466],[106.786662,-6.266688],[106.787349,-6.266833],[106.789658,-6.267541],[106.791392,-6.267956],[106.791958,-6.268556],[106.792319,-6.269154],[106.792576,-6.270126],[106.792507,-6.270911],[106.792619,-6.270962],[106.792662,-6.271611],[106.792868,-6.27167],[106.792782,-6.273564],[106.792537,-6.274402],[106.791752,-6.274469],[106.791636,-6.27458],[106.791375,-6.275817],[106.791084,-6.276112],[106.791239,-6.276761],[106.791414,-6.276946],[106.791506,-6.27741],[106.791538,-6.278897],[106.791203,-6.279844],[106.791143,-6.280202],[106.790914,-6.280549],[106.790571,-6.280895],[106.790416,-6.280906],[106.790217,-6.280725],[106.79016,-6.280571],[106.790235,-6.280285],[106.790039,-6.279866],[106.78992,-6.2798],[106.789641,-6.279801],[106.789458,-6.279703],[106.78934,-6.27952],[106.788971,-6.27789],[106.788877,-6.277685],[106.788027,-6.276679],[106.78798,-6.276297],[106.788079,-6.275945],[106.788285,-6.275808],[106.788817,-6.275714],[106.78934,-6.27551],[106.789692,-6.275348],[106.78995,-6.275092],[106.790276,-6.274614],[106.790963,-6.273948],[106.79146,-6.273266],[106.79158,-6.272984],[106.791426,-6.272379],[106.791495,-6.271645],[106.791289,-6.271127],[106.791325,-6.270477],[106.791249,-6.270129],[106.790893,-6.269251],[106.790688,-6.268915],[106.790576,-6.268915],[106.789987,-6.269234],[106.789704,-6.26923],[106.789553,-6.26915],[106.789094,-6.268672],[106.787391,-6.268046],[106.787191,-6.268417],[106.786937,-6.268522],[106.786911,-6.268778],[106.786748,-6.268915],[106.786748,-6.269085],[106.786431,-6.269281],[106.786362,-6.26941],[106.786345,-6.269691],[106.786448,-6.270058],[106.786428,-6.270396],[106.786152,-6.270403],[106.786104,-6.270941],[106.786276,-6.270935],[106.786193,-6.27194],[106.786568,-6.273061],[106.786465,-6.273445],[106.786517,-6.273658],[106.786911,-6.274725],[106.787403,-6.275388],[106.787598,-6.275569],[106.787838,-6.275663],[106.787905,-6.275776],[106.787547,-6.276761],[106.78697,-6.276503],[106.786182,-6.27603],[106.785793,-6.275526],[106.785856,-6.275066],[106.785778,-6.274597],[106.785588,-6.274206],[106.785289,-6.273812],[106.785049,-6.27309],[106.785069,-6.272157]]]},"properties":{"layer_id":"ekosistem","jenis":"rth","nama":"Pondok Indah Golf Course","sumber":"OSM","atribut":{"kategori":"golf_course"}}},{"type":"Feature","geometry":{"type":"Polygon","coordinates":[[[106.887489,-6.304875],[106.88749,-6.304743],[106.886619,-6.304305],[106.885961,-6.303863],[106.884312,-6.302292],[106.883346,-6.298818],[106.889321,-6.298898],[106.889323,-6.299075],[106.889367,-6.299079],[106.890244,-6.299089],[106.890246,-6.298911],[106.898629,-6.299059],[106.901765,-6.29916],[106.901883,-6.29956],[106.905962,-6.299621],[106.905946,-6.303997],[106.905792,-6.304594],[106.904121,-6.304185],[106.904121,-6.304804],[106.90448,-6.305689],[106.901076,-6.305645],[106.900276,-6.305745],[106.899489,-6.305931],[106.898804,-6.305898],[106.897932,-6.305963],[106.896985,-6.3062],[106.895611,-6.306386],[106.894372,-6.306357],[106.894316,-6.306442],[106.887489,-6.304875]]]},"properties":{"layer_id":"ekosistem","jenis":"rth","nama":"Taman Mini Indonesia Indah","sumber":"OSM","atribut":{"kategori":"recreation_ground"}}},{"type":"Feature","geometry":{"type":"Polygon","coordinates":[[[106.760267,-6.345407],[106.760851,-6.345356],[106.761642,-6.346645],[106.761854,-6.34682],[106.76207,-6.346914],[106.764949,-6.347533],[106.765106,-6.347609],[106.765312,-6.347883],[106.765291,-6.348154],[106.765113,-6.348551],[106.765024,-6.349549],[106.764844,-6.350616],[106.764734,-6.352324],[106.764654,-6.352723],[106.764336,-6.353633],[106.764155,-6.353687],[106.764127,-6.353617],[106.763759,-6.353731],[106.763566,-6.354137],[106.763683,-6.354453],[106.763683,-6.354717],[106.763393,-6.355517],[106.763324,-6.355497],[106.763313,-6.355183],[106.763169,-6.355183],[106.763176,-6.355482],[106.763082,-6.355748],[106.76234,-6.35581],[106.760546,-6.355728],[106.760006,-6.35552],[106.759944,-6.355438],[106.759999,-6.354436],[106.759936,-6.353417],[106.760497,-6.351813],[106.76057,-6.350887],[106.760529,-6.350506],[106.760328,-6.349885],[106.76051,-6.349044],[106.760446,-6.34859],[106.76044,-6.347594],[106.760212,-6.346573],[106.760297,-6.346151],[106.760197,-6.345767],[106.760267,-6.345407]]]},"properties":{"layer_id":"ekosistem","jenis":"rth","nama":"Pondok Cabe Golf & Country Club","sumber":"OSM","atribut":{"kategori":"golf_course"}}},{"type":"Feature","geometry":{"type":"Polygon","coordinates":[[[106.78805,-6.323636],[106.78833,-6.323664],[106.790578,-6.322056],[106.78966,-6.319534],[106.789253,-6.31946],[106.788822,-6.319214],[106.789296,-6.316713],[106.789994,-6.314628],[106.789787,-6.314027],[106.789565,-6.31396],[106.789336,-6.314235],[106.789365,-6.314429],[106.788909,-6.314533],[106.787273,-6.314376],[106.787506,-6.314158],[106.787804,-6.313323],[106.78749,-6.313235],[106.78689,-6.313394],[106.786082,-6.31377],[106.784886,-6.316212],[106.785672,-6.318308],[106.786573,-6.319091],[106.787018,-6.319605],[106.787118,-6.320051],[106.78756,-6.320257],[106.788007,-6.320908],[106.788285,-6.321447],[106.788299,-6.322084],[106.78805,-6.323636]]]},"properties":{"layer_id":"ekosistem","jenis":"rth","nama":"Lapangan Golf Pangkalan Jati","sumber":"OSM","atribut":{"kategori":"golf_course"}}},{"type":"Feature","geometry":{"type":"Polygon","coordinates":[[[106.816345,-6.306025],[106.816232,-6.305563],[106.816243,-6.305092],[106.817131,-6.305226],[106.817146,-6.305059],[106.818183,-6.305157],[106.818153,-6.305712],[106.819395,-6.305891],[106.819848,-6.305812],[106.820187,-6.30585],[106.820599,-6.306076],[106.820576,-6.306438],[106.822572,-6.306568],[106.823046,-6.306374],[106.823904,-6.306484],[106.824581,-6.306458],[106.824415,-6.308553],[106.827025,-6.308715],[106.826817,-6.310451],[106.826571,-6.311338],[106.826471,-6.311432],[106.826142,-6.311301],[106.825791,-6.311273],[106.825502,-6.313356],[106.824637,-6.313263],[106.824617,-6.313892],[106.824849,-6.313925],[106.824858,-6.313833],[106.825051,-6.313883],[106.825005,-6.314082],[106.825357,-6.314172],[106.824758,-6.317804],[106.82367,-6.317741],[106.823672,-6.317698],[106.823716,-6.317376],[106.823421,-6.317331],[106.822652,-6.317297],[106.821711,-6.317482],[106.820645,-6.317418],[106.820465,-6.317335],[106.819296,-6.317239],[106.818116,-6.317037],[106.817998,-6.317197],[106.816438,-6.316806],[106.816468,-6.316439],[106.816616,-6.316021],[106.816344,-6.315976],[106.816441,-6.315544],[106.816435,-6.315042],[106.817189,-6.314977],[106.817724,-6.314743],[106.817621,-6.312978],[106.817607,-6.311374],[106.816997,-6.311341],[106.81697,-6.310646],[106.816227,-6.310714],[106.815873,-6.310105],[106.815747,-6.309688],[106.815903,-6.30833],[106.816045,-6.308067],[106.816511,-6.307965],[106.816731,-6.307704],[106.81702,-6.307152],[106.81686,-6.306799],[106.816345,-6.306025]]]},"properties":{"layer_id":"ekosistem","jenis":"rth","nama":"Kebun Binatang Ragunan","sumber":"OSM","atribut":{"kategori":"recreation_ground"}}},{"type":"Feature","geometry":{"type":"Polygon","coordinates":[[[106.815539,-6.281133],[106.814661,-6.280848],[106.814521,-6.280619],[106.814328,-6.280566],[106.814194,-6.280443],[106.813604,-6.280342],[106.81362,-6.280238],[106.81331,-6.280177],[106.813315,-6.280289],[106.81295,-6.280283],[106.812929,-6.280411],[106.811467,-6.280389],[106.811486,-6.280554],[106.810625,-6.280581],[106.810606,-6.280351],[106.810821,-6.279754],[106.811878,-6.279773],[106.812326,-6.279693],[106.812417,-6.279146],[106.81354,-6.279294],[106.813526,-6.278905],[106.81523,-6.279225],[106.81527,-6.279654],[106.815156,-6.280048],[106.815324,-6.28012],[106.815415,-6.280297],[106.815757,-6.280496],[106.815753,-6.280843],[106.815539,-6.281133]]]},"properties":{"layer_id":"ekosistem","jenis":"rth","nama":"TPU Jeruk Purut","sumber":"OSM","atribut":{"kategori":"cemetery"}}},{"type":"Feature","geometry":{"type":"Polygon","coordinates":[[[106.77939,-6.310238],[106.779138,-6.310489],[106.77917,-6.310878],[106.77968,-6.310788],[106.779696,-6.31074],[106.77961,-6.310212],[106.77939,-6.310238]]]},"properties":{"layer_id":"ekosistem","jenis":"rth","nama":null,"sumber":"OSM","atribut":{"kategori":"park"}}},{"type":"Feature","geometry":{"type":"Polygon","coordinates":[[[106.778432,-6.308212],[106.777507,-6.30833],[106.777529,-6.308479],[106.778465,-6.308343],[106.778432,-6.308212]]]},"properties":{"layer_id":"ekosistem","jenis":"rth","nama":null,"sumber":"OSM","atribut":{"kategori":"park"}}},{"type":"Feature","geometry":{"type":"Polygon","coordinates":[[[106.915866,-6.320214],[106.917497,-6.320502],[106.917722,-6.320801],[106.919889,-6.321227],[106.920093,-6.321388],[106.920115,-6.323104],[106.919568,-6.323648],[106.919407,-6.324586],[106.91887,-6.325344],[106.918516,-6.326719],[106.918151,-6.327135],[106.918076,-6.327402],[106.917808,-6.327487],[106.913006,-6.327459],[106.913091,-6.320583],[106.91371,-6.320642],[106.915587,-6.320609],[106.915866,-6.320214]]]},"properties":{"layer_id":"ekosistem","jenis":"rth","nama":"Padang Golf Cilangkap","sumber":"OSM","atribut":{"kategori":"golf_course"}}},{"type":"Feature","geometry":{"type":"Polygon","coordinates":[[[106.907888,-6.361372],[106.907712,-6.361211],[106.908352,-6.360683],[106.909132,-6.359232],[106.909678,-6.359584],[106.909802,-6.359572],[106.909933,-6.359205],[106.910303,-6.359439],[106.910673,-6.358623],[106.910325,-6.358458],[106.910368,-6.358298],[106.910555,-6.358154],[106.910743,-6.357461],[106.910877,-6.357504],[106.911199,-6.357157],[106.91166,-6.357163],[106.911822,-6.356373],[106.911575,-6.356307],[106.911537,-6.355867],[106.911312,-6.355611],[106.911403,-6.355291],[106.911591,-6.355275],[106.911607,-6.354955],[106.911757,-6.354987],[106.911864,-6.354454],[106.912401,-6.354412],[106.912648,-6.354582],[106.912594,-6.354817],[106.91298,-6.354923],[106.912921,-6.355083],[106.912706,-6.355035],[106.912352,-6.355371],[106.912381,-6.356077],[106.912614,-6.356077],[106.912606,-6.355799],[106.913055,-6.355799],[106.913688,-6.356075],[106.913678,-6.356571],[106.913978,-6.356587],[106.913983,-6.356331],[106.915426,-6.356384],[106.915362,-6.35656],[106.915029,-6.356811],[106.914605,-6.357461],[106.914493,-6.358112],[106.91423,-6.35817],[106.914064,-6.358399],[106.9135,-6.358693],[106.913618,-6.358885],[106.914031,-6.359018],[106.914021,-6.359205],[106.914305,-6.359556],[106.914166,-6.36009],[106.914203,-6.360399],[106.914375,-6.360665],[106.914761,-6.360793],[106.914872,-6.361095],[106.914515,-6.361245],[106.914419,-6.361415],[106.914521,-6.361639],[106.915898,-6.362878],[106.915346,-6.363122],[106.914995,-6.363121],[106.914742,-6.363306],[106.914766,-6.363827],[106.914581,-6.364252],[106.914328,-6.364593],[106.91433,-6.365119],[106.914185,-6.365408],[106.913699,-6.36516],[106.913388,-6.364765],[106.912996,-6.364434],[106.912597,-6.364287],[106.911682,-6.364127],[106.910353,-6.363566],[106.91024,-6.363164],[106.910048,-6.362993],[106.909075,-6.362398],[106.908554,-6.36187],[106.907888,-6.361372]]]},"properties":{"layer_id":"ekosistem","jenis":"rth","nama":"TPU Pondok Ranggon","sumber":"OSM","atribut":{"kategori":"cemetery"}}},{"type":"Feature","geometry":{"type":"Polygon","coordinates":[[[106.777573,-6.282728],[106.777256,-6.283208],[106.777586,-6.283553],[106.777573,-6.282728]]]},"properties":{"layer_id":"ekosistem","jenis":"rth","nama":null,"sumber":"OSM","atribut":{"kategori":"park"}}},{"type":"Feature","geometry":{"type":"Polygon","coordinates":[[[106.777044,-6.28131],[106.777311,-6.28122],[106.777443,-6.281242],[106.777654,-6.281402],[106.777711,-6.281523],[106.777701,-6.281786],[106.777535,-6.281991],[106.777269,-6.282056],[106.777131,-6.28202],[106.776928,-6.281825],[106.776894,-6.281547],[106.777044,-6.28131]]]},"properties":{"layer_id":"ekosistem","jenis":"rth","nama":null,"sumber":"OSM","atribut":{"kategori":"park"}}},{"type":"Feature","geometry":{"type":"Polygon","coordinates":[[[106.783405,-6.287249],[106.783,-6.287652],[106.783322,-6.287711],[106.783405,-6.287249]]]},"properties":{"layer_id":"ekosistem","jenis":"rth","nama":null,"sumber":"OSM","atribut":{"kategori":"park"}}},{"type":"Feature","geometry":{"type":"Polygon","coordinates":[[[106.78451,-6.283874],[106.784958,-6.283872],[106.784703,-6.28409],[106.78451,-6.283874]]]},"properties":{"layer_id":"ekosistem","jenis":"rth","nama":null,"sumber":"OSM","atribut":{"kategori":"park"}}},{"type":"Feature","geometry":{"type":"Polygon","coordinates":[[[106.784728,-6.28601],[106.784808,-6.285466],[106.784964,-6.285109],[106.785146,-6.284837],[106.785468,-6.284671],[106.785597,-6.284671],[106.785446,-6.285023],[106.785103,-6.285583],[106.784728,-6.28601]]]},"properties":{"layer_id":"ekosistem","jenis":"rth","nama":null,"sumber":"OSM","atribut":{"kategori":"park"}}},{"type":"Feature","geometry":{"type":"Polygon","coordinates":[[[106.780572,-6.280023],[106.780748,-6.27996],[106.780918,-6.280039],[106.780981,-6.280214],[106.780901,-6.280383],[106.780725,-6.280446],[106.780555,-6.280366],[106.780492,-6.280191],[106.780572,-6.280023]]]},"properties":{"layer_id":"ekosistem","jenis":"rth","nama":null,"sumber":"OSM","atribut":{"kategori":"park"}}},{"type":"Feature","geometry":{"type":"Polygon","coordinates":[[[106.839712,-6.282714],[106.838991,-6.282648],[106.838987,-6.283057],[106.839144,-6.283328],[106.839712,-6.282714]]]},"properties":{"layer_id":"ekosistem","jenis":"rth","nama":null,"sumber":"OSM","atribut":{"kategori":"park"}}},{"type":"Feature","geometry":{"type":"Polygon","coordinates":[[[106.840496,-6.288028],[106.841575,-6.288332],[106.841518,-6.288529],[106.840453,-6.288199],[106.840496,-6.288028]]]},"properties":{"layer_id":"ekosistem","jenis":"rth","nama":null,"sumber":"OSM","atribut":{"kategori":"park"}}},{"type":"Feature","geometry":{"type":"Polygon","coordinates":[[[106.840803,-6.289709],[106.841487,-6.289891],[106.841431,-6.2901],[106.840747,-6.289918],[106.840803,-6.289709]]]},"properties":{"layer_id":"ekosistem","jenis":"rth","nama":null,"sumber":"OSM","atribut":{"kategori":"park"}}},{"type":"Feature","geometry":{"type":"Polygon","coordinates":[[[106.839155,-6.289393],[106.839311,-6.28944],[106.839115,-6.290087],[106.838959,-6.29004],[106.839155,-6.289393]]]},"properties":{"layer_id":"ekosistem","jenis":"rth","nama":null,"sumber":"OSM","atribut":{"kategori":"park"}}},{"type":"Feature","geometry":{"type":"Polygon","coordinates":[[[106.837651,-6.299305],[106.837943,-6.299408],[106.837399,-6.300257],[106.837299,-6.3001],[106.837651,-6.299305]]]},"properties":{"layer_id":"ekosistem","jenis":"rth","nama":null,"sumber":"OSM","atribut":{"kategori":"park"}}},{"type":"Feature","geometry":{"type":"Polygon","coordinates":[[[106.837296,-6.28694],[106.83839,-6.287318],[106.838352,-6.287426],[106.837258,-6.287049],[106.837296,-6.28694]]]},"properties":{"layer_id":"ekosistem","jenis":"rth","nama":null,"sumber":"OSM","atribut":{"kategori":"park"}}},{"type":"Feature","geometry":{"type":"Polygon","coordinates":[[[106.853842,-6.355828],[106.854886,-6.355967],[106.854787,-6.357001],[106.8533,-6.356941],[106.853394,-6.356239],[106.85377,-6.356273],[106.853842,-6.355828]]]},"properties":{"layer_id":"ekosistem","jenis":"rth","nama":null,"sumber":"OSM","atribut":{"kategori":"cemetery"}}},{"type":"Feature","geometry":{"type":"Polygon","coordinates":[[[106.811861,-6.383802],[106.812424,-6.38379],[106.812452,-6.384798],[106.811951,-6.384852],[106.811871,-6.384824],[106.811861,-6.383802]]]},"properties":{"layer_id":"ekosistem","jenis":"rth","nama":"Lapangan Jawa","sumber":"OSM","atribut":{"kategori":"park"}}},{"type":"Feature","geometry":{"type":"Polygon","coordinates":[[[106.812611,-6.384911],[106.812933,-6.384623],[106.813157,-6.384589],[106.813198,-6.384488],[106.813892,-6.384479],[106.813873,-6.385073],[106.813771,-6.385074],[106.813736,-6.385202],[106.813392,-6.385216],[106.813372,-6.38585],[106.813223,-6.385855],[106.813226,-6.386065],[106.812876,-6.386067],[106.812697,-6.385474],[106.811937,-6.385146],[106.811973,-6.385086],[106.812611,-6.384911]]]},"properties":{"layer_id":"ekosistem","jenis":"rth","nama":null,"sumber":"OSM","atribut":{"kategori":"cemetery"}}},{"type":"Feature","geometry":{"type":"Polygon","coordinates":[[[106.809282,-6.393998],[106.809287,-6.394152],[106.809437,-6.394157],[106.809684,-6.394164],[106.809694,-6.393924],[106.809282,-6.393998]]]},"properties":{"layer_id":"ekosistem","jenis":"rth","nama":null,"sumber":"OSM","atribut":{"kategori":"park"}}},{"type":"Feature","geometry":{"type":"Polygon","coordinates":[[[106.892288,-6.37081],[106.893428,-6.370625],[106.893794,-6.370744],[106.893768,-6.370991],[106.8939,-6.371354],[106.893475,-6.371424],[106.893566,-6.371986],[106.893987,-6.371919],[106.894067,-6.372502],[106.893436,-6.372651],[106.893034,-6.372429],[106.892864,-6.372128],[106.892765,-6.371749],[106.892657,-6.371638],[106.892292,-6.371494],[106.892201,-6.370839],[106.892288,-6.37081]]]},"properties":{"layer_id":"ekosistem","jenis":"rth","nama":"Taman Rekreasi Wiladatika","sumber":"OSM","atribut":{"kategori":"park"}}},{"type":"Feature","geometry":{"type":"Polygon","coordinates":[[[106.758806,-6.355542],[106.759031,-6.355605],[106.759055,-6.355456],[106.759497,-6.356056],[106.759217,-6.356392],[106.759168,-6.356622],[106.758927,-6.356675],[106.758601,-6.356597],[106.758806,-6.355542]]]},"properties":{"layer_id":"ekosistem","jenis":"rth","nama":"TPU Pondok Cabe Udik","sumber":"OSM","atribut":{"kategori":"cemetery"}}},{"type":"Feature","geometry":{"type":"Polygon","coordinates":[[[106.878948,-6.288936],[106.879602,-6.288672],[106.879947,-6.288744],[106.880079,-6.288908],[106.880364,-6.28964],[106.880306,-6.289776],[106.880112,-6.289812],[106.879352,-6.289522],[106.879114,-6.289283],[106.878948,-6.288936]]]},"properties":{"layer_id":"ekosistem","jenis":"rth","nama":null,"sumber":"OSM","atribut":{"kategori":"RTH"}}},{"type":"Feature","geometry":{"type":"Polygon","coordinates":[[[106.902002,-6.340143],[106.902411,-6.34029],[106.90151,-6.341975],[106.901093,-6.343241],[106.90085,-6.343522],[106.901134,-6.344319],[106.901276,-6.344446],[106.901528,-6.344415],[106.901622,-6.344464],[106.901793,-6.344751],[106.90189,-6.345576],[106.902187,-6.346025],[106.902481,-6.346755],[106.902471,-6.347146],[106.902265,-6.348421],[106.902035,-6.349086],[106.901821,-6.349113],[106.901219,-6.348792],[106.901201,-6.348715],[106.901484,-6.348174],[106.901656,-6.347648],[106.90166,-6.347056],[106.901441,-6.346441],[106.901097,-6.346111],[106.901041,-6.34591],[106.901075,-6.345585],[106.900982,-6.345281],[106.900195,-6.344558],[106.900026,-6.344099],[106.899928,-6.343787],[106.899796,-6.343614],[106.89918,-6.343454],[106.898858,-6.343672],[106.898705,-6.344276],[106.898523,-6.344513],[106.898039,-6.34406],[106.897246,-6.343652],[106.897684,-6.342772],[106.897707,-6.342588],[106.897923,-6.342481],[106.898066,-6.342317],[106.898573,-6.342124],[106.899143,-6.341676],[106.89923,-6.3414],[106.899488,-6.341146],[106.899578,-6.340878],[106.899416,-6.340748],[106.899521,-6.340533],[106.900072,-6.340584],[106.900324,-6.340204],[106.900708,-6.340113],[106.901032,-6.339687],[106.902002,-6.340143]]]},"properties":{"layer_id":"ekosistem","jenis":"rth","nama":"Agrowisata Cilangkap","sumber":"OSM","atribut":{"kategori":"park"}}},{"type":"Feature","geometry":{"type":"Polygon","coordinates":[[[106.899322,-6.33982],[106.899431,-6.339627],[106.899731,-6.33977],[106.900033,-6.33911],[106.90017,-6.338994],[106.899867,-6.338753],[106.899639,-6.339086],[106.899423,-6.338973],[106.899468,-6.338909],[106.899381,-6.338862],[106.899329,-6.338961],[106.899413,-6.339006],[106.899385,-6.339069],[106.899537,-6.339137],[106.8994,-6.339365],[106.899254,-6.339298],[106.899321,-6.339165],[106.898945,-6.338972],[106.898858,-6.339143],[106.898168,-6.338859],[106.898107,-6.338986],[106.898793,-6.33929],[106.898773,-6.339331],[106.898927,-6.339409],[106.898795,-6.339657],[106.899322,-6.33982]]]},"properties":{"layer_id":"ekosistem","jenis":"rth","nama":"Taman Flamboyan","sumber":"OSM","atribut":{"kategori":"park"}}},{"type":"Feature","geometry":{"type":"Polygon","coordinates":[[[106.874099,-6.339386],[106.874206,-6.33927],[106.874446,-6.339302],[106.874432,-6.339441],[106.874642,-6.339586],[106.874948,-6.340102],[106.87498,-6.340423],[106.874611,-6.340471],[106.874586,-6.340228],[106.874099,-6.339386]]]},"properties":{"layer_id":"ekosistem","jenis":"rth","nama":"Taman Mahoni","sumber":"OSM","atribut":{"kategori":"park"}}},{"type":"Feature","geometry":{"type":"Polygon","coordinates":[[[106.859011,-6.311008],[106.859446,-6.31095],[106.85961,-6.311677],[106.859011,-6.311008]]]},"properties":{"layer_id":"ekosistem","jenis":"rth","nama":"Lapangan Kancut","sumber":"OSM","atribut":{"kategori":"park"}}},{"type":"Feature","geometry":{"type":"Polygon","coordinates":[[[106.864801,-6.305813],[106.864857,-6.305726],[106.86496,-6.305701],[106.865087,-6.305596],[106.864994,-6.305909],[106.864801,-6.305813]]]},"properties":{"layer_id":"ekosistem","jenis":"rth","nama":"Trikora","sumber":"OSM","atribut":{"kategori":"park"}}},{"type":"Feature","geometry":{"type":"Polygon","coordinates":[[[106.88891,-6.314807],[106.889609,-6.314897],[106.889528,-6.315522],[106.889042,-6.315419],[106.889015,-6.315548],[106.888722,-6.315451],[106.88891,-6.314807]]]},"properties":{"layer_id":"ekosistem","jenis":"rth","nama":"TPU Ceger","sumber":"OSM","atribut":{"kategori":"cemetery"}}},{"type":"Feature","geometry":{"type":"Polygon","coordinates":[[[106.892021,-6.30962],[106.892516,-6.309624],[106.892461,-6.309984],[106.892368,-6.31016],[106.892442,-6.311476],[106.891886,-6.311476],[106.891823,-6.311393],[106.891838,-6.310131],[106.892021,-6.30962]]]},"properties":{"layer_id":"ekosistem","jenis":"rth","nama":null,"sumber":"OSM","atribut":{"kategori":"park"}}},{"type":"Feature","geometry":{"type":"Polygon","coordinates":[[[106.874517,-6.303923],[106.874329,-6.303997],[106.87386,-6.304533],[106.874359,-6.304949],[106.87472,-6.305055],[106.874878,-6.304732],[106.874517,-6.303923]]]},"properties":{"layer_id":"ekosistem","jenis":"rth","nama":"TPU Rambutan","sumber":"OSM","atribut":{"kategori":"cemetery"}}},{"type":"Feature","geometry":{"type":"Polygon","coordinates":[[[106.814754,-6.295898],[106.814699,-6.29621],[106.814779,-6.296389],[106.815301,-6.296579],[106.815071,-6.297354],[106.814659,-6.297253],[106.813917,-6.297252],[106.811959,-6.29716],[106.81189,-6.296907],[106.812012,-6.295674],[106.814754,-6.295898]]]},"properties":{"layer_id":"ekosistem","jenis":"rth","nama":"Cilandak Golf Driving Range","sumber":"OSM","atribut":{"kategori":"golf_course"}}},{"type":"Feature","geometry":{"type":"Polygon","coordinates":[[[106.809433,-6.305337],[106.810185,-6.306002],[106.810206,-6.30675],[106.80908,-6.307017],[106.808846,-6.306976],[106.808855,-6.306681],[106.80866,-6.306156],[106.80864,-6.305816],[106.809058,-6.30577],[106.80926,-6.305636],[106.809358,-6.305292],[106.809433,-6.305337]]]},"properties":{"layer_id":"ekosistem","jenis":"rth","nama":"RTH MARINIR","sumber":"OSM","atribut":{"kategori":"park"}}},{"type":"Feature","geometry":{"type":"Polygon","coordinates":[[[106.788695,-6.300849],[106.788479,-6.300798],[106.78818,-6.30138],[106.788018,-6.301554],[106.787934,-6.301849],[106.788751,-6.301859],[106.789034,-6.301831],[106.789123,-6.301093],[106.789035,-6.301089],[106.788911,-6.300872],[106.788695,-6.300849]]]},"properties":{"layer_id":"ekosistem","jenis":"rth","nama":"Pemakaman Bulak Dikung","sumber":"OSM","atribut":{"kategori":"cemetery"}}},{"type":"Feature","geometry":{"type":"Polygon","coordinates":[[[106.770291,-6.293135],[106.770262,-6.293218],[106.770526,-6.29326],[106.770807,-6.293196],[106.770579,-6.292315],[106.770904,-6.29223],[106.770848,-6.291977],[106.770533,-6.291971],[106.770432,-6.291972],[106.770429,-6.291845],[106.770141,-6.291874],[106.770103,-6.291927],[106.770197,-6.292879],[106.770098,-6.292976],[106.770104,-6.293113],[106.770291,-6.293135]]]},"properties":{"layer_id":"ekosistem","jenis":"rth","nama":"Taman Makam RW 02","sumber":"OSM","atribut":{"kategori":"cemetery"}}},{"type":"Feature","geometry":{"type":"Polygon","coordinates":[[[106.779629,-6.315931],[106.780262,-6.315206],[106.7803,-6.314558],[106.780081,-6.314031],[106.779526,-6.314051],[106.779261,-6.314692],[106.778106,-6.314699],[106.778035,-6.314076],[106.778713,-6.314044],[106.778325,-6.313461],[106.778209,-6.31262],[106.778053,-6.312602],[106.77809,-6.312169],[106.77774,-6.312007],[106.776917,-6.312147],[106.776716,-6.311457],[106.776218,-6.311285],[106.775737,-6.311427],[106.775032,-6.31178],[106.774795,-6.312137],[106.77502,-6.312102],[106.775205,-6.31182],[106.775449,-6.311632],[106.775667,-6.311594],[106.775848,-6.311644],[106.776398,-6.311731],[106.77644,-6.311879],[106.77639,-6.312125],[106.776453,-6.312218],[106.7766,-6.312256],[106.776507,-6.312602],[106.776484,-6.313275],[106.776678,-6.313863],[106.776663,-6.314515],[106.776835,-6.31514],[106.777051,-6.315257],[106.777869,-6.315371],[106.77927,-6.31568],[106.779629,-6.315931]]]},"properties":{"layer_id":"ekosistem","jenis":"rth","nama":"Taman dan Hutan Kota Sangga Buana","sumber":"OSM","atribut":{"kategori":"park"}}},{"type":"Feature","geometry":{"type":"Polygon","coordinates":[[[106.831838,-6.306014],[106.832333,-6.306166],[106.832468,-6.306198],[106.833035,-6.305723],[106.832371,-6.30543],[106.831838,-6.306014]]]},"properties":{"layer_id":"ekosistem","jenis":"rth","nama":"Taman Kota","sumber":"OSM","atribut":{"kategori":"park"}}},{"type":"Feature","geometry":{"type":"Polygon","coordinates":[[[106.836007,-6.322599],[106.836192,-6.322601],[106.836175,-6.323081],[106.835643,-6.323145],[106.836007,-6.322599]]]},"properties":{"layer_id":"ekosistem","jenis":"rth","nama":"RPTRA Taman Lenteng Agung","sumber":"OSM","atribut":{"kategori":"recreation_ground"}}},{"type":"Feature","geometry":{"type":"Polygon","coordinates":[[[106.83888,-6.301388],[106.838654,-6.302205],[106.839471,-6.302437],[106.839579,-6.30155],[106.83888,-6.301388]]]},"properties":{"layer_id":"ekosistem","jenis":"rth","nama":"Taman Tanjung","sumber":"OSM","atribut":{"kategori":"park"}}},{"type":"Feature","geometry":{"type":"Polygon","coordinates":[[[106.809817,-6.327682],[106.810314,-6.327463],[106.810474,-6.327823],[106.810896,-6.328418],[106.810196,-6.328823],[106.809889,-6.328301],[106.809817,-6.327682]]]},"properties":{"layer_id":"ekosistem","jenis":"rth","nama":"Taman Tabebuya","sumber":"OSM","atribut":{"kategori":"park"}}},{"type":"Feature","geometry":{"type":"Polygon","coordinates":[[[106.829781,-6.416455],[106.830269,-6.41613],[106.830733,-6.41561],[106.830849,-6.415264],[106.830373,-6.414995],[106.83043,-6.41492],[106.830655,-6.414995],[106.830872,-6.414326],[106.831305,-6.413417],[106.831891,-6.413473],[106.83161,-6.41395],[106.831854,-6.414158],[106.831993,-6.413977],[106.832063,-6.414038],[106.831987,-6.414254],[106.832078,-6.414288],[106.831843,-6.414803],[106.831578,-6.414763],[106.831347,-6.415576],[106.831835,-6.41573],[106.831916,-6.415992],[106.831874,-6.416069],[106.831383,-6.415888],[106.831029,-6.416112],[106.830835,-6.41589],[106.829901,-6.416605],[106.829781,-6.416455]]]},"properties":{"layer_id":"ekosistem","jenis":"rth","nama":null,"sumber":"OSM","atribut":{"kategori":"forest"}}},{"type":"Feature","geometry":{"type":"Polygon","coordinates":[[[106.909698,-6.289112],[106.909928,-6.288915],[106.910848,-6.288963],[106.912312,-6.28936],[106.912391,-6.289624],[106.911568,-6.28963],[106.911459,-6.289871],[106.911967,-6.290051],[106.911816,-6.29049],[106.911326,-6.291032],[106.910424,-6.291374],[106.910575,-6.291892],[106.910733,-6.292024],[106.910957,-6.291952],[106.911386,-6.291398],[106.911749,-6.291747],[106.911888,-6.291976],[106.912076,-6.291982],[106.912372,-6.291711],[106.912487,-6.291723],[106.91259,-6.292198],[106.912221,-6.292282],[106.912124,-6.292403],[106.912118,-6.292535],[106.911646,-6.292667],[106.911283,-6.292782],[106.911047,-6.29307],[106.910491,-6.293209],[106.910231,-6.293443],[106.90873,-6.293449],[106.908779,-6.293239],[106.909486,-6.292962],[106.909759,-6.292757],[106.909819,-6.292619],[106.909747,-6.292493],[106.909571,-6.292409],[106.90948,-6.29212],[106.909674,-6.291813],[106.909634,-6.291222],[106.909513,-6.290925],[106.909457,-6.290551],[106.909578,-6.289844],[106.90953,-6.289764],[106.909926,-6.289733],[106.909698,-6.289112]]]},"properties":{"layer_id":"ekosistem","jenis":"rth","nama":null,"sumber":"OSM","atribut":{"kategori":"park"}}},{"type":"Feature","geometry":{"type":"Polygon","coordinates":[[[106.897894,-6.329912],[106.897516,-6.32974],[106.897413,-6.329878],[106.897297,-6.329821],[106.897127,-6.329901],[106.897044,-6.330041],[106.89691,-6.329982],[106.897052,-6.329757],[106.896867,-6.329688],[106.89705,-6.329471],[106.896974,-6.329451],[106.89721,-6.329129],[106.89732,-6.329121],[106.897442,-6.328809],[106.897478,-6.328496],[106.897681,-6.328491],[106.897729,-6.328072],[106.897988,-6.328095],[106.897865,-6.328768],[106.898245,-6.328867],[106.898319,-6.328992],[106.898147,-6.329888],[106.897958,-6.329802],[106.897894,-6.329912]]]},"properties":{"layer_id":"ekosistem","jenis":"rth","nama":null,"sumber":"OSM","atribut":{"kategori":"cemetery"}}},{"type":"Feature","geometry":{"type":"Polygon","coordinates":[[[106.902254,-6.323116],[106.903476,-6.323202],[106.903336,-6.323699],[106.902164,-6.323512],[106.902254,-6.323116]]]},"properties":{"layer_id":"ekosistem","jenis":"rth","nama":null,"sumber":"OSM","atribut":{"kategori":"park"}}},{"type":"Feature","geometry":{"type":"Polygon","coordinates":[[[106.891171,-6.338681],[106.890677,-6.338495],[106.890538,-6.338649],[106.890246,-6.338526],[106.889913,-6.338517],[106.890029,-6.339311],[106.890396,-6.339318],[106.891011,-6.339531],[106.891232,-6.339087],[106.891127,-6.339025],[106.891185,-6.33892],[106.891098,-6.338895],[106.891171,-6.338681]]]},"properties":{"layer_id":"ekosistem","jenis":"rth","nama":"Hutan Kota Cipayung","sumber":"OSM","atribut":{"kategori":"park"}}},{"type":"Feature","geometry":{"type":"Polygon","coordinates":[[[106.89927,-6.327991],[106.899074,-6.327976],[106.899031,-6.328238],[106.89882,-6.328163],[106.898776,-6.3275],[106.89928,-6.326842],[106.899362,-6.326624],[106.899885,-6.326614],[106.899906,-6.32687],[106.899685,-6.326842],[106.899739,-6.32744],[106.900247,-6.327488],[106.900121,-6.327736],[106.900521,-6.32791],[106.900376,-6.328182],[106.900038,-6.328009],[106.899891,-6.328132],[106.89927,-6.327991]]]},"properties":{"layer_id":"ekosistem","jenis":"rth","nama":null,"sumber":"OSM","atribut":{"kategori":"park"}}},{"type":"Feature","geometry":{"type":"Polygon","coordinates":[[[106.742181,-6.556973],[106.741619,-6.55693],[106.741617,-6.55708],[106.74147,-6.557113],[106.741164,-6.556042],[106.741237,-6.555649],[106.742181,-6.556973]]]},"properties":{"layer_id":"ekosistem","jenis":"rth","nama":null,"sumber":"OSM","atribut":{"kategori":"cemetery"}}},{"type":"Feature","geometry":{"type":"Polygon","coordinates":[[[106.804303,-6.526126],[106.803964,-6.526489],[106.803927,-6.526796],[106.80399,-6.527029],[106.804247,-6.527074],[106.804486,-6.526937],[106.804862,-6.526622],[106.805041,-6.526348],[106.804907,-6.526218],[106.804303,-6.526126]]]},"properties":{"layer_id":"ekosistem","jenis":"rth","nama":null,"sumber":"OSM","atribut":{"kategori":"cemetery"}}},{"type":"Feature","geometry":{"type":"Polygon","coordinates":[[[106.801975,-6.523148],[106.802015,-6.523664],[106.802036,-6.523817],[106.802274,-6.523807],[106.802305,-6.523308],[106.802307,-6.523186],[106.801975,-6.523148]]]},"properties":{"layer_id":"ekosistem","jenis":"rth","nama":null,"sumber":"OSM","atribut":{"kategori":"village_green"}}},{"type":"Feature","geometry":{"type":"Polygon","coordinates":[[[106.821512,-6.547021],[106.821488,-6.54693],[106.821319,-6.546984],[106.821574,-6.547665],[106.821827,-6.547527],[106.821512,-6.547021]]]},"properties":{"layer_id":"ekosistem","jenis":"rth","nama":null,"sumber":"OSM","atribut":{"kategori":"cemetery"}}},{"type":"Feature","geometry":{"type":"Polygon","coordinates":[[[106.900746,-6.420259],[106.900712,-6.420448],[106.900256,-6.421117],[106.900076,-6.421797],[106.899963,-6.421901],[106.899577,-6.422026],[106.899467,-6.422157],[106.899566,-6.422389],[106.89988,-6.422477],[106.900138,-6.422682],[106.900315,-6.422954],[106.900336,-6.423721],[106.9001,-6.424516],[106.899306,-6.426051],[106.899017,-6.426541],[106.898603,-6.427045],[106.898563,-6.427229],[106.898711,-6.427501],[106.89921,-6.427655],[106.899623,-6.428226],[106.899703,-6.428695],[106.898963,-6.429801],[106.898783,-6.429915],[106.897836,-6.43007],[106.897689,-6.430177],[106.897606,-6.43071],[106.897375,-6.431027],[106.897316,-6.431664],[106.897257,-6.431904],[106.897155,-6.432032],[106.896882,-6.432061],[106.896541,-6.431517],[106.896318,-6.431357],[106.895336,-6.431773],[106.895285,-6.43188],[106.895272,-6.432512],[106.894988,-6.433274],[106.894875,-6.434175],[106.895111,-6.43475],[106.895275,-6.434766],[106.895489,-6.434708],[106.89561,-6.434566],[106.895621,-6.434433],[106.89594,-6.434276],[106.896431,-6.434063],[106.897096,-6.433487],[106.897972,-6.432517],[106.898158,-6.432197],[106.899644,-6.431659],[106.900368,-6.431115],[106.901747,-6.429473],[106.902205,-6.428172],[106.901935,-6.427655],[106.901945,-6.427373],[106.902342,-6.426525],[106.902884,-6.425992],[106.903362,-6.425646],[106.904029,-6.424811],[106.904115,-6.424755],[106.904392,-6.424766],[106.904526,-6.424635],[106.904569,-6.423924],[106.904716,-6.423609],[106.904762,-6.423268],[106.90462,-6.422863],[106.904271,-6.422263],[106.90419,-6.421885],[106.904357,-6.421621],[106.904498,-6.420997],[106.905674,-6.418279],[106.905639,-6.417993],[106.905475,-6.417905],[106.905202,-6.417924],[106.905,-6.418012],[106.904174,-6.419009],[106.903887,-6.419281],[106.903662,-6.419371],[106.903426,-6.419315],[106.903068,-6.41842],[106.902936,-6.41836],[106.902723,-6.41862],[106.901728,-6.418971],[106.901146,-6.419369],[106.900913,-6.419577],[106.900746,-6.41991],[106.900746,-6.420259]]]},"properties":{"layer_id":"ekosistem","jenis":"rth","nama":"Riverside Golf Club","sumber":"OSM","atribut":{"kategori":"golf_course"}}},{"type":"Feature","geometry":{"type":"Polygon","coordinates":[[[106.751026,-6.489489],[106.751093,-6.489265],[106.751387,-6.489066],[106.751772,-6.489494],[106.751698,-6.490146],[106.752295,-6.490132],[106.75231,-6.490562],[106.751723,-6.490537],[106.751832,-6.490809],[106.75228,-6.490963],[106.752708,-6.490285],[106.753465,-6.490399],[106.75356,-6.491428],[106.753912,-6.491435],[106.753998,-6.491722],[106.753959,-6.491996],[106.753811,-6.492333],[106.75428,-6.49221],[106.754375,-6.492547],[106.753647,-6.492687],[106.753297,-6.492554],[106.752843,-6.492651],[106.752833,-6.492912],[106.753166,-6.493505],[106.752698,-6.493669],[106.752255,-6.493273],[106.751842,-6.493268],[106.751616,-6.492919],[106.751196,-6.492722],[106.751115,-6.492144],[106.750679,-6.491859],[106.750507,-6.491645],[106.750752,-6.490748],[106.750866,-6.489805],[106.751026,-6.489489]]]},"properties":{"layer_id":"ekosistem","jenis":"rth","nama":null,"sumber":"OSM","atribut":{"kategori":"cemetery"}}},{"type":"Feature","geometry":{"type":"Polygon","coordinates":[[[106.773081,-6.509189],[106.772828,-6.509238],[106.772597,-6.509458],[106.772539,-6.509737],[106.772636,-6.509997],[106.772789,-6.510135],[106.772983,-6.510201],[106.773209,-6.51018],[106.773394,-6.510073],[106.773418,-6.509905],[106.773307,-6.509583],[106.773081,-6.509189]]]},"properties":{"layer_id":"ekosistem","jenis":"rth","nama":null,"sumber":"OSM","atribut":{"kategori":"park"}}},{"type":"Feature","geometry":{"type":"Polygon","coordinates":[[[106.775898,-6.540982],[106.775945,-6.541196],[106.776073,-6.541185],[106.776165,-6.541489],[106.77634,-6.541438],[106.776423,-6.541268],[106.776275,-6.540943],[106.776261,-6.540638],[106.776174,-6.540677],[106.776183,-6.540825],[106.776057,-6.540863],[106.776039,-6.540765],[106.775878,-6.540803],[106.775898,-6.540982]]]},"properties":{"layer_id":"ekosistem","jenis":"rth","nama":null,"sumber":"OSM","atribut":{"kategori":"forest"}}},{"type":"Feature","geometry":{"type":"Polygon","coordinates":[[[106.776206,-6.540033],[106.775935,-6.539919],[106.775848,-6.539941],[106.775848,-6.540183],[106.775999,-6.540244],[106.776033,-6.540417],[106.776234,-6.540453],[106.776465,-6.540371],[106.776456,-6.540323],[106.776343,-6.540322],[106.776206,-6.540033]]]},"properties":{"layer_id":"ekosistem","jenis":"rth","nama":null,"sumber":"OSM","atribut":{"kategori":"forest"}}},{"type":"Feature","geometry":{"type":"Polygon","coordinates":[[[106.759735,-6.514454],[106.759686,-6.514776],[106.759775,-6.515203],[106.760136,-6.515408],[106.760464,-6.515309],[106.76058,-6.514854],[106.760454,-6.514651],[106.759815,-6.514433],[106.759735,-6.514454]]]},"properties":{"layer_id":"ekosistem","jenis":"rth","nama":null,"sumber":"OSM","atribut":{"kategori":"cemetery"}}},{"type":"Feature","geometry":{"type":"Polygon","coordinates":[[[106.752459,-6.530927],[106.752681,-6.532342],[106.752819,-6.532567],[106.753018,-6.532416],[106.752959,-6.531081],[106.752459,-6.530927]]]},"properties":{"layer_id":"ekosistem","jenis":"rth","nama":null,"sumber":"OSM","atribut":{"kategori":"cemetery"}}},{"type":"Feature","geometry":{"type":"Polygon","coordinates":[[[106.758501,-6.535509],[106.760421,-6.535257],[106.760824,-6.535206],[106.760672,-6.536756],[106.759332,-6.536761],[106.758694,-6.536763],[106.758501,-6.535509]]]},"properties":{"layer_id":"ekosistem","jenis":"rth","nama":null,"sumber":"OSM","atribut":{"kategori":"golf_course"}}},{"type":"Feature","geometry":{"type":"Polygon","coordinates":[[[106.758574,-6.559389],[106.758416,-6.558991],[106.758136,-6.55907],[106.758315,-6.559508],[106.75851,-6.559526],[106.758574,-6.559389]]]},"properties":{"layer_id":"ekosistem","jenis":"rth","nama":null,"sumber":"OSM","atribut":{"kategori":"cemetery"}}},{"type":"Feature","geometry":{"type":"Polygon","coordinates":[[[106.783976,-6.546357],[106.781628,-6.547156],[106.781586,-6.547681],[106.782172,-6.547539],[106.782274,-6.548187],[106.782716,-6.548083],[106.782764,-6.548329],[106.783378,-6.548288],[106.783447,-6.548046],[106.783713,-6.547936],[106.783745,-6.547473],[106.784447,-6.547439],[106.784441,-6.546955],[106.784169,-6.546508],[106.783976,-6.546357]]]},"properties":{"layer_id":"ekosistem","jenis":"rth","nama":"Marcopolo","sumber":"OSM","atribut":{"kategori":"park"}}},{"type":"Feature","geometry":{"type":"Polygon","coordinates":[[[106.781096,-6.540605],[106.780758,-6.540103],[106.780992,-6.539959],[106.78131,-6.540455],[106.781096,-6.540605]]]},"properties":{"layer_id":"ekosistem","jenis":"rth","nama":null,"sumber":"OSM","atribut":{"kategori":"park"}}},{"type":"Feature","geometry":{"type":"Polygon","coordinates":[[[106.778616,-6.538682],[106.778421,-6.538369],[106.778735,-6.538185],[106.778915,-6.538519],[106.778616,-6.538682]]]},"properties":{"layer_id":"ekosistem","jenis":"rth","nama":null,"sumber":"OSM","atribut":{"kategori":"park"}}},{"type":"Feature","geometry":{"type":"Polygon","coordinates":[[[106.778327,-6.555918],[106.778313,-6.556135],[106.778171,-6.556252],[106.778861,-6.556136],[106.778327,-6.555918]]]},"properties":{"layer_id":"ekosistem","jenis":"rth","nama":null,"sumber":"OSM","atribut":{"kategori":"park"}}},{"type":"Feature","geometry":{"type":"Polygon","coordinates":[[[106.780674,-6.558492],[106.780631,-6.558505],[106.780918,-6.558874],[106.781061,-6.558958],[106.78141,-6.558927],[106.781451,-6.558695],[106.781321,-6.558383],[106.781249,-6.558414],[106.781157,-6.558276],[106.780947,-6.558352],[106.780857,-6.558283],[106.780775,-6.558342],[106.780777,-6.558472],[106.780674,-6.558492]]]},"properties":{"layer_id":"ekosistem","jenis":"rth","nama":"Park","sumber":"OSM","atribut":{"kategori":"park"}}},{"type":"Feature","geometry":{"type":"Polygon","coordinates":[[[106.786677,-6.555621],[106.786771,-6.555634],[106.7869,-6.555844],[106.786968,-6.555805],[106.786927,-6.555712],[106.786982,-6.555673],[106.786879,-6.555531],[106.786677,-6.555621]]]},"properties":{"layer_id":"ekosistem","jenis":"rth","nama":null,"sumber":"OSM","atribut":{"kategori":"forest"}}},{"type":"Feature","geometry":{"type":"Polygon","coordinates":[[[106.806331,-6.54443],[106.806707,-6.54451],[106.80669,-6.544561],[106.806262,-6.54485],[106.806331,-6.54443]]]},"properties":{"layer_id":"ekosistem","jenis":"rth","nama":null,"sumber":"OSM","atribut":{"kategori":"forest"}}},{"type":"Feature","geometry":{"type":"Polygon","coordinates":[[[106.861031,-6.541946],[106.861117,-6.541917],[106.861289,-6.542124],[106.861401,-6.542428],[106.861467,-6.543539],[106.861621,-6.543862],[106.861852,-6.544091],[106.862721,-6.545529],[106.863122,-6.546684],[106.86324,-6.547295],[106.864069,-6.548553],[106.865089,-6.549331],[106.865714,-6.549896],[106.866004,-6.550262],[106.866172,-6.550617],[106.866212,-6.550852],[106.866398,-6.551161],[106.866802,-6.551417],[106.867045,-6.552141],[106.866991,-6.552717],[106.867032,-6.55358],[106.866481,-6.553215],[106.866092,-6.553117],[106.865601,-6.553279],[106.864829,-6.553247],[106.864796,-6.553098],[106.864901,-6.552947],[106.864711,-6.552629],[106.863646,-6.552222],[106.862661,-6.55201],[106.861642,-6.551552],[106.861489,-6.551177],[106.861041,-6.55071],[106.860862,-6.550614],[106.860293,-6.550562],[106.859911,-6.550216],[106.85999,-6.549825],[106.859679,-6.549335],[106.859942,-6.549047],[106.860135,-6.548674],[106.860285,-6.548104],[106.86021,-6.547315],[106.860259,-6.546846],[106.860092,-6.546335],[106.859202,-6.545002],[106.858837,-6.54472],[106.858714,-6.544411],[106.858773,-6.543569],[106.858853,-6.543265],[106.859293,-6.542831],[106.859505,-6.542713],[106.860334,-6.542663],[106.860572,-6.542516],[106.860878,-6.542055],[106.861031,-6.541946]]]},"properties":{"layer_id":"ekosistem","jenis":"rth","nama":"Palm Hill Golf Club","sumber":"OSM","atribut":{"kategori":"golf_course"}}},{"type":"Feature","geometry":{"type":"Polygon","coordinates":[[[106.749517,-6.347112],[106.749613,-6.347191],[106.749596,-6.347842],[106.749175,-6.347816],[106.749177,-6.347236],[106.749322,-6.347111],[106.749517,-6.347112]]]},"properties":{"layer_id":"ekosistem","jenis":"rth","nama":null,"sumber":"OSM","atribut":{"kategori":"park"}}},{"type":"Feature","geometry":{"type":"Polygon","coordinates":[[[106.76482,-6.538428],[106.764585,-6.538637],[106.76489,-6.538953],[106.765123,-6.538891],[106.765089,-6.538821],[106.765133,-6.5388],[106.765025,-6.538567],[106.76482,-6.538428]]]},"properties":{"layer_id":"ekosistem","jenis":"rth","nama":null,"sumber":"OSM","atribut":{"kategori":"cemetery"}}},{"type":"Feature","geometry":{"type":"Polygon","coordinates":[[[106.745677,-6.547964],[106.745892,-6.548594],[106.74658,-6.548456],[106.746598,-6.548064],[106.74648,-6.547901],[106.745677,-6.547964]]]},"properties":{"layer_id":"ekosistem","jenis":"rth","nama":null,"sumber":"OSM","atribut":{"kategori":"cemetery"}}},{"type":"Feature","geometry":{"type":"Polygon","coordinates":[[[106.805301,-6.560747],[106.806357,-6.561023],[106.806169,-6.560173],[106.805939,-6.560227],[106.805747,-6.560141],[106.805742,-6.560081],[106.805484,-6.559958],[106.805406,-6.560048],[106.805509,-6.560107],[106.805452,-6.5602],[106.805363,-6.560144],[106.805301,-6.560747]]]},"properties":{"layer_id":"ekosistem","jenis":"rth","nama":"Pemakaman Mbah Dalem","sumber":"OSM","atribut":{"kategori":"cemetery"}}},{"type":"Feature","geometry":{"type":"Polygon","coordinates":[[[106.79338,-6.551896],[106.793079,-6.551896],[106.793011,-6.552059],[106.793365,-6.552064],[106.79338,-6.551896]]]},"properties":{"layer_id":"ekosistem","jenis":"rth","nama":null,"sumber":"OSM","atribut":{"kategori":"cemetery"}}},{"type":"Feature","geometry":{"type":"Polygon","coordinates":[[[106.75334,-6.405362],[106.753436,-6.405212],[106.753589,-6.405242],[106.753637,-6.405349],[106.753538,-6.405511],[106.753415,-6.405538],[106.753345,-6.405484],[106.75334,-6.405362]]]},"properties":{"layer_id":"ekosistem","jenis":"rth","nama":"Amphitheatre","sumber":"OSM","atribut":{"kategori":"park"}}},{"type":"Feature","geometry":{"type":"Polygon","coordinates":[[[106.754258,-6.394844],[106.754179,-6.395471],[106.75459,-6.395601],[106.754601,-6.395436],[106.754603,-6.395348],[106.75473,-6.395366],[106.754773,-6.394897],[106.754698,-6.394833],[106.754258,-6.394844]]]},"properties":{"layer_id":"ekosistem","jenis":"rth","nama":"Kuburan Cina","sumber":"OSM","atribut":{"kategori":"cemetery"}}},{"type":"Feature","geometry":{"type":"Polygon","coordinates":[[[106.75473,-6.402424],[106.754935,-6.402463],[106.75504,-6.402418],[106.755065,-6.402216],[106.754837,-6.400836],[106.754892,-6.400279],[106.754647,-6.400184],[106.754544,-6.400206],[106.75473,-6.402424]]]},"properties":{"layer_id":"ekosistem","jenis":"rth","nama":"City Forest","sumber":"OSM","atribut":{"kategori":"forest"}}},{"type":"Feature","geometry":{"type":"Polygon","coordinates":[[[106.743505,-6.543988],[106.74341,-6.544303],[106.743602,-6.54443],[106.743842,-6.544259],[106.743874,-6.544079],[106.743781,-6.543977],[106.743505,-6.543988]]]},"properties":{"layer_id":"ekosistem","jenis":"rth","nama":null,"sumber":"OSM","atribut":{"kategori":"cemetery"}}},{"type":"Feature","geometry":{"type":"Polygon","coordinates":[[[106.740498,-6.543443],[106.740526,-6.543577],[106.740862,-6.543621],[106.740912,-6.543452],[106.740846,-6.543075],[106.740535,-6.542772],[106.740366,-6.542716],[106.740202,-6.543009],[106.740221,-6.543165],[106.740498,-6.543443]]]},"properties":{"layer_id":"ekosistem","jenis":"rth","nama":null,"sumber":"OSM","atribut":{"kategori":"cemetery"}}},{"type":"Feature","geometry":{"type":"Polygon","coordinates":[[[106.730101,-6.543132],[106.730094,-6.543419],[106.730295,-6.543444],[106.730297,-6.543568],[106.730779,-6.543608],[106.730732,-6.543181],[106.730929,-6.542813],[106.730703,-6.542757],[106.7307,-6.542867],[106.730612,-6.542956],[106.730232,-6.543017],[106.730101,-6.543132]]]},"properties":{"layer_id":"ekosistem","jenis":"rth","nama":null,"sumber":"OSM","atribut":{"kategori":"cemetery"}}},{"type":"Feature","geometry":{"type":"Polygon","coordinates":[[[106.742251,-6.538532],[106.742558,-6.538602],[106.742536,-6.538715],[106.742842,-6.538841],[106.742639,-6.539457],[106.742178,-6.539159],[106.742251,-6.538532]]]},"properties":{"layer_id":"ekosistem","jenis":"rth","nama":null,"sumber":"OSM","atribut":{"kategori":"cemetery"}}},{"type":"Feature","geometry":{"type":"Polygon","coordinates":[[[106.736383,-6.555902],[106.736743,-6.555949],[106.736757,-6.556193],[106.736904,-6.556253],[106.736941,-6.556428],[106.736908,-6.556482],[106.736484,-6.556489],[106.736198,-6.556465],[106.736296,-6.555922],[106.736383,-6.555902]]]},"properties":{"layer_id":"ekosistem","jenis":"rth","nama":null,"sumber":"OSM","atribut":{"kategori":"cemetery"}}},{"type":"Feature","geometry":{"type":"Polygon","coordinates":[[[106.736155,-6.557176],[106.736323,-6.556857],[106.736425,-6.556891],[106.736327,-6.557221],[106.736155,-6.557176]]]},"properties":{"layer_id":"ekosistem","jenis":"rth","nama":null,"sumber":"OSM","atribut":{"kategori":"cemetery"}}},{"type":"Feature","geometry":{"type":"Polygon","coordinates":[[[106.735855,-6.558108],[106.735591,-6.558083],[106.735514,-6.558342],[106.735575,-6.558419],[106.735813,-6.558431],[106.735855,-6.558108]]]},"properties":{"layer_id":"ekosistem","jenis":"rth","nama":null,"sumber":"OSM","atribut":{"kategori":"cemetery"}}},{"type":"Feature","geometry":{"type":"Polygon","coordinates":[[[106.737371,-6.534313],[106.736966,-6.534236],[106.73674,-6.534348],[106.736756,-6.53457],[106.737232,-6.534606],[106.737611,-6.534857],[106.737815,-6.534866],[106.737918,-6.534715],[106.737847,-6.534609],[106.737789,-6.534512],[106.737828,-6.534348],[106.737591,-6.534368],[106.737446,-6.534448],[106.737371,-6.534313]]]},"properties":{"layer_id":"ekosistem","jenis":"rth","nama":null,"sumber":"OSM","atribut":{"kategori":"cemetery"}}},{"type":"Feature","geometry":{"type":"Polygon","coordinates":[[[106.73061,-6.550885],[106.730594,-6.551258],[106.731508,-6.551331],[106.731471,-6.550956],[106.731256,-6.550917],[106.73061,-6.550885]]]},"properties":{"layer_id":"ekosistem","jenis":"rth","nama":null,"sumber":"OSM","atribut":{"kategori":"cemetery"}}},{"type":"Feature","geometry":{"type":"Polygon","coordinates":[[[106.764874,-6.559305],[106.765457,-6.559312],[106.765717,-6.559186],[106.765874,-6.559196],[106.765977,-6.559189],[106.766035,-6.558569],[106.764818,-6.558515],[106.764874,-6.559305]]]},"properties":{"layer_id":"ekosistem","jenis":"rth","nama":null,"sumber":"OSM","atribut":{"kategori":"cemetery"}}},{"type":"Feature","geometry":{"type":"Polygon","coordinates":[[[106.764509,-6.391746],[106.764072,-6.391847],[106.763745,-6.392066],[106.763665,-6.392354],[106.763804,-6.392925],[106.763879,-6.393066],[106.764176,-6.392986],[106.764163,-6.392911],[106.764501,-6.392845],[106.764539,-6.392943],[106.764812,-6.393092],[106.764965,-6.39305],[106.764839,-6.392714],[106.76464,-6.392674],[106.764471,-6.392104],[106.76463,-6.392066],[106.764609,-6.391828],[106.764509,-6.391746]]]},"properties":{"layer_id":"ekosistem","jenis":"rth","nama":null,"sumber":"OSM","atribut":{"kategori":"cemetery"}}},{"type":"Feature","geometry":{"type":"Polygon","coordinates":[[[106.889344,-6.302682],[106.889261,-6.302437],[106.88911,-6.302311],[106.888228,-6.302283],[106.888224,-6.303611],[106.888272,-6.303687],[106.888489,-6.303739],[106.88928,-6.303732],[106.889364,-6.303668],[106.889344,-6.302682]]]},"properties":{"layer_id":"ekosistem","jenis":"rth","nama":null,"sumber":"OSM","atribut":{"kategori":"park"}}},{"type":"Feature","geometry":{"type":"Polygon","coordinates":[[[106.901208,-6.299979],[106.901315,-6.299852],[106.901489,-6.299856],[106.901638,-6.299946],[106.901659,-6.300127],[106.901559,-6.300288],[106.901361,-6.300304],[106.9012,-6.300152],[106.901208,-6.299979]]]},"properties":{"layer_id":"ekosistem","jenis":"rth","nama":"Taman Burung","sumber":"OSM","atribut":{"kategori":"park"}}},{"type":"Feature","geometry":{"type":"Polygon","coordinates":[[[106.814854,-6.392826],[106.81495,-6.392821],[106.814962,-6.393027],[106.814865,-6.393033],[106.814854,-6.392826]]]},"properties":{"layer_id":"ekosistem","jenis":"rth","nama":null,"sumber":"OSM","atribut":{"kategori":"recreation_ground"}}},{"type":"Feature","geometry":{"type":"Polygon","coordinates":[[[106.806809,-6.39445],[106.807181,-6.395454],[106.807392,-6.396716],[106.807567,-6.397118],[106.807787,-6.397177],[106.807674,-6.396956],[106.807527,-6.396616],[106.807292,-6.395294],[106.80697,-6.394459],[106.806809,-6.39445]]]},"properties":{"layer_id":"ekosistem","jenis":"rth","nama":null,"sumber":"OSM","atribut":{"kategori":"park"}}},{"type":"Feature","geometry":{"type":"Polygon","coordinates":[[[106.810207,-6.380504],[106.810264,-6.380505],[106.81026,-6.380714],[106.810204,-6.380713],[106.810207,-6.380504]]]},"properties":{"layer_id":"ekosistem","jenis":"rth","nama":null,"sumber":"OSM","atribut":{"kategori":"recreation_ground"}}},{"type":"Feature","geometry":{"type":"Polygon","coordinates":[[[106.80044,-6.38558],[106.800809,-6.385636],[106.80079,-6.385832],[106.800537,-6.385788],[106.800426,-6.385769],[106.80044,-6.38558]]]},"properties":{"layer_id":"ekosistem","jenis":"rth","nama":"makam","sumber":"OSM","atribut":{"kategori":"cemetery"}}},{"type":"Feature","geometry":{"type":"Polygon","coordinates":[[[106.800267,-6.386531],[106.800582,-6.386595],[106.800574,-6.386741],[106.800241,-6.386665],[106.800267,-6.386531]]]},"properties":{"layer_id":"ekosistem","jenis":"rth","nama":"makam china","sumber":"OSM","atribut":{"kategori":"cemetery"}}},{"type":"Feature","geometry":{"type":"Polygon","coordinates":[[[106.893705,-6.358409],[106.893484,-6.357451],[106.893749,-6.357546],[106.893874,-6.357808],[106.894274,-6.358116],[106.894366,-6.358267],[106.894431,-6.358912],[106.894527,-6.358995],[106.894648,-6.359004],[106.895754,-6.35842],[106.895715,-6.358097],[106.895598,-6.357979],[106.895381,-6.357511],[106.894984,-6.35642],[106.894999,-6.355997],[106.8951,-6.355864],[106.895066,-6.355285],[106.895182,-6.35482],[106.895499,-6.354512],[106.895558,-6.354156],[106.896044,-6.35416],[106.896367,-6.353896],[106.896484,-6.353975],[106.89656,-6.354215],[106.896993,-6.354401],[106.896769,-6.355092],[106.897379,-6.355279],[106.897599,-6.354629],[106.898596,-6.355033],[106.899268,-6.355406],[106.899445,-6.355418],[106.899415,-6.355025],[106.899528,-6.354789],[106.89971,-6.354711],[106.900052,-6.354249],[106.900375,-6.354212],[106.901277,-6.35485],[106.901353,-6.355206],[106.901573,-6.355334],[106.901562,-6.355665],[106.903314,-6.356029],[106.903399,-6.355905],[106.904126,-6.355966],[106.904199,-6.355614],[106.904075,-6.355441],[106.904123,-6.355115],[106.903772,-6.354889],[106.90389,-6.354358],[106.904501,-6.354496],[106.904432,-6.354902],[106.905151,-6.355089],[106.90586,-6.355748],[106.905898,-6.355875],[106.905966,-6.355999],[106.905722,-6.356203],[106.90544,-6.356747],[106.90518,-6.357469],[106.904979,-6.35856],[106.905569,-6.358783],[106.905685,-6.359101],[106.905706,-6.35969],[106.90566,-6.359916],[106.90525,-6.360476],[106.904724,-6.361641],[106.904998,-6.361881],[106.904888,-6.362561],[106.904477,-6.362851],[106.902683,-6.365362],[106.902667,-6.36581],[106.90235,-6.366303],[106.902251,-6.366269],[106.901881,-6.366714],[106.902107,-6.367057],[106.902182,-6.366792],[106.903434,-6.367547],[106.904343,-6.367958],[106.90389,-6.369423],[106.903831,-6.370583],[106.903477,-6.37215],[106.902946,-6.373199],[106.902349,-6.374134],[106.898493,-6.372223],[106.897592,-6.373415],[106.896764,-6.375153],[106.896683,-6.375137],[106.896631,-6.373077],[106.896544,-6.372486],[106.896845,-6.372712],[106.897155,-6.372722],[106.89738,-6.372532],[106.897439,-6.372292],[106.897366,-6.372052],[106.89705,-6.371876],[106.89641,-6.371662],[106.896138,-6.369078],[106.89576,-6.36692],[106.895392,-6.365627],[106.894904,-6.364607],[106.894609,-6.363771],[106.893705,-6.358409]]]},"properties":{"layer_id":"ekosistem","jenis":"rth","nama":"Bumi Perkemahan Wiladatika","sumber":"OSM","atribut":{"kategori":"park"}}},{"type":"Feature","geometry":{"type":"Polygon","coordinates":[[[106.902613,-6.358233],[106.903464,-6.358224],[106.90346,-6.35912],[106.903053,-6.359381],[106.902719,-6.359275],[106.90263,-6.3588],[106.902613,-6.358233]]]},"properties":{"layer_id":"ekosistem","jenis":"rth","nama":"Cricket area","sumber":"OSM","atribut":{"kategori":"recreation_ground"}}},{"type":"Feature","geometry":{"type":"Polygon","coordinates":[[[106.895847,-6.367141],[106.896575,-6.366707],[106.896775,-6.365634],[106.896514,-6.365573],[106.89608,-6.365195],[106.89573,-6.365451],[106.895552,-6.365679],[106.895847,-6.367141]]]},"properties":{"layer_id":"ekosistem","jenis":"rth","nama":"Madu Pramuka","sumber":"OSM","atribut":{"kategori":"recreation_ground"}}},{"type":"Feature","geometry":{"type":"Polygon","coordinates":[[[106.897467,-6.365262],[106.897239,-6.365068],[106.896944,-6.365468],[106.897489,-6.365933],[106.897814,-6.36553],[106.897467,-6.365262]]]},"properties":{"layer_id":"ekosistem","jenis":"rth","nama":"wisata Taman air","sumber":"OSM","atribut":{"kategori":"recreation_ground"}}},{"type":"Feature","geometry":{"type":"Polygon","coordinates":[[[106.89539,-6.365576],[106.895463,-6.365633],[106.896723,-6.364074],[106.895998,-6.36353],[106.896244,-6.363226],[106.895973,-6.363021],[106.89591,-6.362424],[106.895562,-6.362075],[106.894497,-6.363191],[106.894839,-6.36442],[106.89539,-6.365576]]]},"properties":{"layer_id":"ekosistem","jenis":"rth","nama":"Taman Lalulintas","sumber":"OSM","atribut":{"kategori":"recreation_ground"}}},{"type":"Feature","geometry":{"type":"Polygon","coordinates":[[[106.901326,-6.370212],[106.901532,-6.369572],[106.901107,-6.369433],[106.901038,-6.369315],[106.900617,-6.369157],[106.900329,-6.369768],[106.899975,-6.369589],[106.900016,-6.369439],[106.900458,-6.368836],[106.901089,-6.368073],[106.902107,-6.367057],[106.902182,-6.366792],[106.902443,-6.366906],[106.903271,-6.367521],[106.904304,-6.36794],[106.90384,-6.369429],[106.903853,-6.370104],[106.903831,-6.370583],[106.903477,-6.37215],[106.902946,-6.373199],[106.902349,-6.374134],[106.900628,-6.373312],[106.900914,-6.372522],[106.900665,-6.372432],[106.901172,-6.370927],[106.901111,-6.370462],[106.901499,-6.370585],[106.901592,-6.370292],[106.901326,-6.370212]]]},"properties":{"layer_id":"ekosistem","jenis":"rth","nama":"Arboretum Pramuka","sumber":"OSM","atribut":{"kategori":"forest"}}},{"type":"Feature","geometry":{"type":"Polygon","coordinates":[[[106.901117,-6.370301],[106.901496,-6.370579],[106.901584,-6.370293],[106.901129,-6.370269],[106.901117,-6.370301]]]},"properties":{"layer_id":"ekosistem","jenis":"rth","nama":"Parkir Arboretum","sumber":"OSM","atribut":{"kategori":"park"}}},{"type":"Feature","geometry":{"type":"Polygon","coordinates":[[[106.824147,-6.479898],[106.824752,-6.479909],[106.82472,-6.48014],[106.824777,-6.4802],[106.82484,-6.480147],[106.824823,-6.47991],[106.825341,-6.479923],[106.825304,-6.480813],[106.824855,-6.480787],[106.824914,-6.480716],[106.824797,-6.480715],[106.824718,-6.480677],[106.824533,-6.480714],[106.824596,-6.480784],[106.824142,-6.480804],[106.824147,-6.479898]]]},"properties":{"layer_id":"ekosistem","jenis":"rth","nama":"Alun-Alun Kabupaten Bogor","sumber":"OSM","atribut":{"kategori":"park"}}},{"type":"Feature","geometry":{"type":"Polygon","coordinates":[[[106.823187,-6.478937],[106.82381,-6.479],[106.824054,-6.47921],[106.824044,-6.480116],[106.823652,-6.479913],[106.823018,-6.479814],[106.823026,-6.479289],[106.823187,-6.478937]]]},"properties":{"layer_id":"ekosistem","jenis":"rth","nama":"Taman Siliwangi","sumber":"OSM","atribut":{"kategori":"park"}}},{"type":"Feature","geometry":{"type":"Polygon","coordinates":[[[106.876913,-6.377863],[106.876832,-6.378176],[106.877173,-6.378263],[106.877258,-6.377959],[106.876913,-6.377863]]]},"properties":{"layer_id":"ekosistem","jenis":"rth","nama":"Taman Pijar Pondok Cibubur","sumber":"OSM","atribut":{"kategori":"park"}}},{"type":"Feature","geometry":{"type":"Polygon","coordinates":[[[106.881069,-6.380114],[106.881189,-6.380031],[106.881243,-6.379886],[106.88117,-6.379597],[106.880974,-6.379308],[106.881149,-6.379062],[106.881134,-6.37887],[106.881018,-6.37883],[106.881116,-6.378548],[106.881396,-6.378331],[106.881305,-6.377312],[106.880981,-6.377058],[106.88097,-6.376632],[106.880821,-6.376422],[106.880858,-6.376284],[106.880959,-6.376324],[106.881371,-6.376064],[106.8822,-6.376097],[106.882488,-6.375995],[106.882844,-6.376086],[106.883212,-6.375959],[106.883325,-6.375587],[106.883412,-6.375449],[106.883528,-6.375406],[106.883648,-6.374599],[106.883536,-6.374469],[106.883492,-6.374274],[106.882891,-6.373554],[106.882644,-6.373543],[106.882183,-6.37375],[106.881844,-6.373786],[106.881574,-6.373897],[106.881417,-6.37375],[106.881417,-6.373609],[106.881569,-6.373523],[106.881524,-6.373185],[106.881047,-6.372989],[106.880869,-6.373059],[106.880539,-6.37258],[106.880224,-6.37258],[106.88024,-6.373589],[106.880935,-6.373781],[106.881067,-6.374583],[106.881108,-6.375531],[106.880915,-6.375914],[106.88028,-6.376418],[106.880016,-6.376857],[106.879929,-6.377442],[106.879782,-6.377448],[106.879492,-6.377708],[106.87931,-6.37765],[106.87923,-6.377775],[106.879418,-6.378265],[106.879289,-6.378602],[106.87968,-6.378875],[106.880006,-6.37877],[106.881069,-6.380114]]]},"properties":{"layer_id":"ekosistem","jenis":"rth","nama":null,"sumber":"OSM","atribut":{"kategori":"cemetery"}}},{"type":"Feature","geometry":{"type":"Polygon","coordinates":[[[106.77026,-6.558099],[106.769593,-6.558631],[106.769623,-6.558918],[106.770064,-6.558909],[106.77027,-6.5592],[106.770093,-6.55955],[106.770802,-6.55993],[106.770929,-6.560211],[106.771101,-6.560129],[106.771186,-6.560433],[106.771574,-6.560327],[106.771358,-6.559852],[106.771307,-6.559493],[106.77086,-6.558513],[106.770404,-6.55814],[106.77026,-6.558099]]]},"properties":{"layer_id":"ekosistem","jenis":"rth","nama":null,"sumber":"OSM","atribut":{"kategori":"park"}}},{"type":"Feature","geometry":{"type":"Polygon","coordinates":[[[106.784634,-6.347082],[106.785016,-6.347047],[106.784833,-6.347956],[106.784286,-6.34781],[106.784366,-6.347562],[106.784634,-6.347082]]]},"properties":{"layer_id":"ekosistem","jenis":"rth","nama":"Taman Gupita Puspa (Taman PLN)","sumber":"OSM","atribut":{"kategori":"park"}}},{"type":"Feature","geometry":{"type":"Polygon","coordinates":[[[106.841643,-6.432492],[106.840416,-6.432466],[106.840452,-6.430705],[106.84168,-6.43073],[106.841643,-6.432492]]]},"properties":{"layer_id":"ekosistem","jenis":"rth","nama":null,"sumber":"OSM","atribut":{"kategori":"park"}}},{"type":"Feature","geometry":{"type":"Polygon","coordinates":[[[106.738006,-6.418032],[106.738001,-6.418298],[106.73821,-6.418309],[106.738218,-6.418037],[106.738006,-6.418032]]]},"properties":{"layer_id":"ekosistem","jenis":"rth","nama":"Lapangan RW 5","sumber":"OSM","atribut":{"kategori":"park"}}},{"type":"Feature","geometry":{"type":"Polygon","coordinates":[[[106.736182,-6.420222],[106.735941,-6.42027],[106.735759,-6.420457],[106.736193,-6.420739],[106.736182,-6.420222]]]},"properties":{"layer_id":"ekosistem","jenis":"rth","nama":"Lapangan RT 4","sumber":"OSM","atribut":{"kategori":"park"}}},{"type":"Feature","geometry":{"type":"Polygon","coordinates":[[[106.811654,-6.560383],[106.81188,-6.559872],[106.812089,-6.559877],[106.812014,-6.559072],[106.811933,-6.55896],[106.812051,-6.558774],[106.811907,-6.55865],[106.811359,-6.558625],[106.811268,-6.558779],[106.8113,-6.558982],[106.811397,-6.559056],[106.811679,-6.559006],[106.811772,-6.559136],[106.811568,-6.559264],[106.811633,-6.559888],[106.811536,-6.560303],[106.811654,-6.560383]]]},"properties":{"layer_id":"ekosistem","jenis":"rth","nama":null,"sumber":"OSM","atribut":{"kategori":"forest"}}},{"type":"Feature","geometry":{"type":"Polygon","coordinates":[[[106.810766,-6.557068],[106.811015,-6.556964],[106.810909,-6.556594],[106.810702,-6.55653],[106.810598,-6.555939],[106.810415,-6.555907],[106.809949,-6.555454],[106.809224,-6.555065],[106.80887,-6.554766],[106.808758,-6.55475],[106.809117,-6.555296],[106.810126,-6.556138],[106.81055,-6.556896],[106.810766,-6.557068]]]},"properties":{"layer_id":"ekosistem","jenis":"rth","nama":null,"sumber":"OSM","atribut":{"kategori":"forest"}}},{"type":"Feature","geometry":{"type":"Polygon","coordinates":[[[106.879783,-6.284423],[106.879467,-6.285024],[106.879973,-6.285167],[106.880179,-6.284611],[106.879783,-6.284423]]]},"properties":{"layer_id":"ekosistem","jenis":"rth","nama":"Makam Pinang Ranti","sumber":"OSM","atribut":{"kategori":"cemetery"}}},{"type":"Feature","geometry":{"type":"Polygon","coordinates":[[[106.843947,-6.408834],[106.844085,-6.408848],[106.844055,-6.409126],[106.843918,-6.409111],[106.843947,-6.408834]]]},"properties":{"layer_id":"ekosistem","jenis":"rth","nama":"Lapangan Tennis","sumber":"OSM","atribut":{"kategori":"park"}}},{"type":"Feature","geometry":{"type":"Polygon","coordinates":[[[106.840668,-6.30378],[106.840692,-6.303691],[106.84059,-6.303671],[106.840614,-6.303566],[106.840135,-6.303471],[106.839974,-6.303536],[106.839948,-6.303623],[106.840668,-6.30378]]]},"properties":{"layer_id":"ekosistem","jenis":"rth","nama":"Taman Janggrek","sumber":"OSM","atribut":{"kategori":"park"}}},{"type":"Feature","geometry":{"type":"Polygon","coordinates":[[[106.823818,-6.323319],[106.823915,-6.324152],[106.824033,-6.324144],[106.824081,-6.323867],[106.824011,-6.323853],[106.823963,-6.323662],[106.824148,-6.323288],[106.824454,-6.323326],[106.824397,-6.322774],[106.82418,-6.322507],[106.824161,-6.322043],[106.824049,-6.321985],[106.823992,-6.322089],[106.823139,-6.321433],[106.823159,-6.321269],[106.823131,-6.320881],[106.822783,-6.320905],[106.823013,-6.321347],[106.822775,-6.321547],[106.823239,-6.321955],[106.823158,-6.322569],[106.823298,-6.322609],[106.823405,-6.322353],[106.823598,-6.322462],[106.82374,-6.322747],[106.823818,-6.323319]]]},"properties":{"layer_id":"ekosistem","jenis":"rth","nama":"Taman Spatodea","sumber":"OSM","atribut":{"kategori":"park"}}},{"type":"Feature","geometry":{"type":"Polygon","coordinates":[[[106.846843,-6.278732],[106.846697,-6.279222],[106.846742,-6.279427],[106.847107,-6.279771],[106.847727,-6.280104],[106.847781,-6.280206],[106.847428,-6.2801],[106.847306,-6.279979],[106.846838,-6.279834],[106.846485,-6.279543],[106.846469,-6.279197],[106.846551,-6.27872],[106.846843,-6.278732]]]},"properties":{"layer_id":"ekosistem","jenis":"rth","nama":null,"sumber":"OSM","atribut":{"kategori":"forest"}}},{"type":"Feature","geometry":{"type":"Polygon","coordinates":[[[106.847727,-6.280104],[106.847976,-6.280093],[106.848745,-6.279812],[106.849765,-6.279609],[106.849613,-6.279686],[106.849636,-6.27977],[106.849597,-6.279858],[106.848605,-6.280242],[106.848487,-6.279997],[106.848261,-6.280087],[106.84824,-6.280279],[106.847781,-6.280206],[106.847727,-6.280104]]]},"properties":{"layer_id":"ekosistem","jenis":"rth","nama":null,"sumber":"OSM","atribut":{"kategori":"forest"}}},{"type":"Feature","geometry":{"type":"Polygon","coordinates":[[[106.849302,-6.280184],[106.849576,-6.280284],[106.849967,-6.280105],[106.849401,-6.280451],[106.848636,-6.281371],[106.848547,-6.281326],[106.848645,-6.281188],[106.848613,-6.281104],[106.848531,-6.28109],[106.848639,-6.280939],[106.848578,-6.280846],[106.848482,-6.280858],[106.848519,-6.280649],[106.848703,-6.280681],[106.848688,-6.280397],[106.849021,-6.280267],[106.848989,-6.280455],[106.849164,-6.280526],[106.849302,-6.280184]]]},"properties":{"layer_id":"ekosistem","jenis":"rth","nama":null,"sumber":"OSM","atribut":{"kategori":"forest"}}},{"type":"Feature","geometry":{"type":"Polygon","coordinates":[[[106.848636,-6.281371],[106.848547,-6.281326],[106.848322,-6.281618],[106.848249,-6.281549],[106.848031,-6.281821],[106.848092,-6.281867],[106.848156,-6.281798],[106.848217,-6.281847],[106.848115,-6.282012],[106.848016,-6.282004],[106.847882,-6.282114],[106.847958,-6.282163],[106.847847,-6.282319],[106.847797,-6.282293],[106.847628,-6.28258],[106.847701,-6.282638],[106.847744,-6.282604],[106.848636,-6.281371]]]},"properties":{"layer_id":"ekosistem","jenis":"rth","nama":null,"sumber":"OSM","atribut":{"kategori":"forest"}}},{"type":"Feature","geometry":{"type":"Polygon","coordinates":[[[106.84984,-6.279489],[106.850343,-6.279459],[106.850589,-6.279676],[106.850557,-6.279945],[106.849612,-6.280528],[106.84905,-6.281199],[106.849126,-6.281296],[106.849284,-6.281204],[106.849415,-6.281234],[106.849513,-6.281371],[106.849497,-6.281508],[106.849723,-6.281264],[106.850001,-6.281235],[106.850308,-6.281181],[106.850365,-6.280993],[106.850327,-6.280921],[106.850413,-6.280835],[106.85029,-6.280865],[106.850222,-6.280774],[106.850262,-6.280577],[106.850346,-6.280514],[106.850229,-6.280372],[106.850535,-6.280228],[106.850768,-6.28021],[106.850749,-6.279561],[106.850704,-6.27939],[106.850539,-6.279377],[106.85054,-6.279283],[106.84998,-6.279219],[106.849878,-6.279289],[106.84984,-6.279489]]]},"properties":{"layer_id":"ekosistem","jenis":"rth","nama":null,"sumber":"OSM","atribut":{"kategori":"forest"}}},{"type":"Feature","geometry":{"type":"Polygon","coordinates":[[[106.84905,-6.281199],[106.848846,-6.281393],[106.848586,-6.281846],[106.84769,-6.282958],[106.84769,-6.283287],[106.847887,-6.283419],[106.84824,-6.283426],[106.84841,-6.283361],[106.848546,-6.28314],[106.848438,-6.28294],[106.848619,-6.282793],[106.84848,-6.282634],[106.848389,-6.282689],[106.848246,-6.282523],[106.848438,-6.282194],[106.848711,-6.282117],[106.848833,-6.282459],[106.849182,-6.282337],[106.849417,-6.282003],[106.849396,-6.281609],[106.849262,-6.281625],[106.849137,-6.281551],[106.849091,-6.281448],[106.849126,-6.281296],[106.84905,-6.281199]]]},"properties":{"layer_id":"ekosistem","jenis":"rth","nama":null,"sumber":"OSM","atribut":{"kategori":"forest"}}},{"type":"Feature","geometry":{"type":"Polygon","coordinates":[[[106.847535,-6.282664],[106.847474,-6.282793],[106.847538,-6.282834],[106.847641,-6.282686],[106.847701,-6.282638],[106.847628,-6.28258],[106.847535,-6.282664]]]},"properties":{"layer_id":"ekosistem","jenis":"rth","nama":null,"sumber":"OSM","atribut":{"kategori":"forest"}}},{"type":"Feature","geometry":{"type":"Polygon","coordinates":[[[106.847538,-6.282834],[106.84743,-6.283041],[106.847162,-6.283197],[106.846937,-6.283235],[106.84675,-6.283431],[106.846922,-6.283496],[106.847256,-6.283366],[106.847266,-6.283547],[106.84736,-6.283554],[106.847362,-6.283662],[106.847633,-6.283743],[106.847666,-6.283642],[106.84781,-6.283685],[106.84779,-6.283748],[106.84805,-6.283793],[106.847964,-6.283866],[106.847977,-6.283964],[106.848123,-6.283949],[106.848207,-6.28375],[106.848149,-6.283705],[106.848275,-6.283572],[106.848349,-6.283627],[106.848414,-6.283557],[106.848556,-6.283682],[106.848498,-6.283791],[106.848546,-6.283963],[106.848681,-6.283829],[106.848785,-6.283511],[106.848617,-6.283407],[106.84816,-6.283537],[106.847735,-6.283473],[106.847482,-6.283176],[106.847538,-6.282834]]]},"properties":{"layer_id":"ekosistem","jenis":"rth","nama":null,"sumber":"OSM","atribut":{"kategori":"forest"}}},{"type":"Feature","geometry":{"type":"Polygon","coordinates":[[[106.848647,-6.283069],[106.848632,-6.283207],[106.848722,-6.283208],[106.84899,-6.283445],[106.84893,-6.283687],[106.84903,-6.283862],[106.849046,-6.284048],[106.848883,-6.284051],[106.848772,-6.283956],[106.848075,-6.28459],[106.847713,-6.285017],[106.847941,-6.285159],[106.847982,-6.285069],[106.848046,-6.285079],[106.84805,-6.285021],[106.848149,-6.285006],[106.847995,-6.284863],[106.848138,-6.28473],[106.848242,-6.284735],[106.848248,-6.284568],[106.848359,-6.284466],[106.848492,-6.284544],[106.848684,-6.28432],[106.849069,-6.284418],[106.849057,-6.28428],[106.84925,-6.283733],[106.849205,-6.283319],[106.849096,-6.283319],[106.848962,-6.283099],[106.848742,-6.283024],[106.848647,-6.283069]]]},"properties":{"layer_id":"ekosistem","jenis":"rth","nama":null,"sumber":"OSM","atribut":{"kategori":"forest"}}},{"type":"Feature","geometry":{"type":"Polygon","coordinates":[[[106.847746,-6.284655],[106.847698,-6.284583],[106.847516,-6.284738],[106.847325,-6.285138],[106.847151,-6.285042],[106.847081,-6.28521],[106.84714,-6.285261],[106.847191,-6.285162],[106.847307,-6.285281],[106.847588,-6.284769],[106.847746,-6.284655]]]},"properties":{"layer_id":"ekosistem","jenis":"rth","nama":null,"sumber":"OSM","atribut":{"kategori":"forest"}}},{"type":"Feature","geometry":{"type":"Polygon","coordinates":[[[106.847253,-6.285354],[106.847204,-6.285413],[106.847151,-6.285378],[106.847059,-6.285559],[106.847116,-6.285576],[106.847084,-6.285669],[106.84703,-6.28565],[106.846984,-6.285818],[106.846856,-6.285861],[106.846826,-6.285997],[106.846872,-6.286061],[106.846949,-6.285997],[106.847014,-6.286026],[106.846866,-6.286186],[106.846982,-6.286466],[106.847199,-6.286474],[106.847464,-6.286794],[106.847381,-6.286899],[106.847583,-6.286981],[106.847432,-6.286506],[106.847338,-6.286413],[106.847325,-6.285879],[106.84722,-6.285577],[106.847307,-6.285281],[106.847266,-6.285264],[106.847253,-6.285354]]]},"properties":{"layer_id":"ekosistem","jenis":"rth","nama":null,"sumber":"OSM","atribut":{"kategori":"forest"}}},{"type":"Feature","geometry":{"type":"Polygon","coordinates":[[[106.847562,-6.28705],[106.847504,-6.28712],[106.847597,-6.287177],[106.847558,-6.28734],[106.847664,-6.287537],[106.847624,-6.287621],[106.847827,-6.287823],[106.847973,-6.287652],[106.847562,-6.28705]]]},"properties":{"layer_id":"ekosistem","jenis":"rth","nama":null,"sumber":"OSM","atribut":{"kategori":"forest"}}},{"type":"Feature","geometry":{"type":"Polygon","coordinates":[[[106.848167,-6.287937],[106.848022,-6.288056],[106.84807,-6.288209],[106.848123,-6.288174],[106.84849,-6.288433],[106.848693,-6.288429],[106.849086,-6.288701],[106.849356,-6.288728],[106.84936,-6.288789],[106.849466,-6.288785],[106.849515,-6.288648],[106.849718,-6.288684],[106.849767,-6.28864],[106.849952,-6.288705],[106.850111,-6.288657],[106.850129,-6.288411],[106.85031,-6.288323],[106.850306,-6.288275],[106.85042,-6.288266],[106.850438,-6.288341],[106.850544,-6.288332],[106.850602,-6.288411],[106.850867,-6.288521],[106.850845,-6.288574],[106.850964,-6.288627],[106.851043,-6.288789],[106.850995,-6.28878],[106.850531,-6.289808],[106.85065,-6.289781],[106.851082,-6.288795],[106.8511,-6.288524],[106.850969,-6.288296],[106.850525,-6.288039],[106.850288,-6.288147],[106.849971,-6.288575],[106.849609,-6.288643],[106.849276,-6.288604],[106.848167,-6.287937]]]},"properties":{"layer_id":"ekosistem","jenis":"rth","nama":null,"sumber":"OSM","atribut":{"kategori":"forest"}}},{"type":"Feature","geometry":{"type":"Polygon","coordinates":[[[106.850305,-6.287564],[106.850606,-6.287634],[106.850946,-6.287568],[106.850929,-6.287669],[106.851101,-6.287761],[106.851105,-6.287823],[106.851962,-6.28828],[106.851711,-6.288723],[106.851613,-6.288648],[106.851529,-6.288697],[106.8516,-6.28878],[106.851565,-6.28896],[106.85164,-6.289004],[106.851525,-6.289114],[106.851388,-6.289088],[106.851278,-6.289351],[106.851476,-6.289434],[106.851454,-6.28954],[106.851326,-6.289654],[106.851136,-6.289557],[106.85137,-6.288969],[106.851456,-6.288311],[106.851313,-6.288068],[106.851144,-6.288069],[106.851037,-6.287923],[106.850623,-6.287695],[106.850307,-6.287712],[106.850059,-6.287873],[106.849859,-6.288293],[106.849619,-6.288452],[106.849413,-6.288468],[106.848547,-6.288016],[106.847836,-6.287173],[106.847739,-6.286913],[106.847893,-6.286858],[106.848052,-6.287107],[106.8482,-6.287009],[106.848856,-6.28694],[106.848848,-6.286852],[106.849311,-6.286843],[106.84932,-6.286707],[106.849515,-6.286734],[106.84955,-6.286637],[106.849957,-6.286738],[106.850107,-6.286681],[106.850286,-6.286767],[106.850277,-6.286904],[106.849908,-6.287015],[106.849987,-6.287059],[106.849952,-6.28716],[106.850071,-6.287212],[106.850027,-6.287274],[106.850305,-6.287564]]]},"properties":{"layer_id":"ekosistem","jenis":"rth","nama":null,"sumber":"OSM","atribut":{"kategori":"forest"}}},{"type":"Feature","geometry":{"type":"Polygon","coordinates":[[[106.85042,-6.289825],[106.850142,-6.28968],[106.849881,-6.28972],[106.849736,-6.28986],[106.849444,-6.2899],[106.849391,-6.289847],[106.849201,-6.289918],[106.848985,-6.290168],[106.848918,-6.29059],[106.849254,-6.291538],[106.849656,-6.292302],[106.849935,-6.2925],[106.849557,-6.291833],[106.849584,-6.291468],[106.849281,-6.290739],[106.849199,-6.290348],[106.849261,-6.290146],[106.84944,-6.290011],[106.849802,-6.290019],[106.850045,-6.2899],[106.85042,-6.289825]]]},"properties":{"layer_id":"ekosistem","jenis":"rth","nama":null,"sumber":"OSM","atribut":{"kategori":"forest"}}},{"type":"Feature","geometry":{"type":"Polygon","coordinates":[[[106.851176,-6.289658],[106.851066,-6.289579],[106.850774,-6.289966],[106.849775,-6.290238],[106.849444,-6.290484],[106.849457,-6.290642],[106.849899,-6.291657],[106.850085,-6.291626],[106.850111,-6.291744],[106.850372,-6.291692],[106.850549,-6.291534],[106.850743,-6.291542],[106.85069,-6.29141],[106.85048,-6.291447],[106.850303,-6.291399],[106.850248,-6.291305],[106.850125,-6.291301],[106.850155,-6.291477],[106.850058,-6.29149],[106.850003,-6.290883],[106.849886,-6.290798],[106.84982,-6.29055],[106.849965,-6.290493],[106.850268,-6.290607],[106.850574,-6.290546],[106.850708,-6.290312],[106.85093,-6.290104],[106.850865,-6.290015],[106.851176,-6.289658]]]},"properties":{"layer_id":"ekosistem","jenis":"rth","nama":null,"sumber":"OSM","atribut":{"kategori":"forest"}}},{"type":"Feature","geometry":{"type":"Polygon","coordinates":[[[106.85162,-6.292499],[106.851747,-6.292373],[106.8519,-6.291882],[106.851831,-6.291704],[106.851831,-6.291213],[106.851874,-6.291183],[106.851874,-6.291278],[106.852023,-6.291299],[106.852019,-6.29163],[106.851938,-6.291626],[106.851942,-6.29182],[106.852083,-6.291823],[106.852087,-6.291918],[106.851963,-6.291918],[106.852023,-6.292172],[106.851864,-6.292351],[106.851956,-6.292439],[106.851725,-6.292713],[106.851618,-6.292644],[106.85162,-6.292499]]]},"properties":{"layer_id":"ekosistem","jenis":"rth","nama":null,"sumber":"OSM","atribut":{"kategori":"forest"}}},{"type":"Feature","geometry":{"type":"Polygon","coordinates":[[[106.85197,-6.291208],[106.851874,-6.291208],[106.851959,-6.291081],[106.852469,-6.291084],[106.852851,-6.290916],[106.853517,-6.290472],[106.853524,-6.290543],[106.853301,-6.290796],[106.853393,-6.290958],[106.853377,-6.291053],[106.852956,-6.291108],[106.852961,-6.291232],[106.852713,-6.291341],[106.852741,-6.291433],[106.852575,-6.291486],[106.852568,-6.291661],[106.852292,-6.291661],[106.852235,-6.291253],[106.852009,-6.291113],[106.85197,-6.291208]]]},"properties":{"layer_id":"ekosistem","jenis":"rth","nama":null,"sumber":"OSM","atribut":{"kategori":"forest"}}},{"type":"Feature","geometry":{"type":"Polygon","coordinates":[[[106.854038,-6.295146],[106.854044,-6.294342],[106.853871,-6.294099],[106.853717,-6.294056],[106.85343,-6.294281],[106.852871,-6.294385],[106.852641,-6.294737],[106.852651,-6.294854],[106.852479,-6.294993],[106.852308,-6.295292],[106.852882,-6.295365],[106.852914,-6.295276],[106.853166,-6.295222],[106.85315,-6.294988],[106.853209,-6.294977],[106.853177,-6.294876],[106.853379,-6.294889],[106.853455,-6.294737],[106.853376,-6.2947],[106.853383,-6.294637],[106.853504,-6.294606],[106.853596,-6.294476],[106.853582,-6.294279],[106.853716,-6.294281],[106.853734,-6.294202],[106.853837,-6.294188],[106.853982,-6.294359],[106.853955,-6.295009],[106.854019,-6.29502],[106.854038,-6.295146]]]},"properties":{"layer_id":"ekosistem","jenis":"rth","nama":null,"sumber":"OSM","atribut":{"kategori":"forest"}}},{"type":"Feature","geometry":{"type":"Polygon","coordinates":[[[106.8523,-6.295438],[106.852301,-6.295545],[106.852551,-6.295626],[106.853075,-6.295647],[106.852853,-6.295534],[106.852842,-6.295481],[106.852342,-6.29535],[106.8523,-6.295438]]]},"properties":{"layer_id":"ekosistem","jenis":"rth","nama":null,"sumber":"OSM","atribut":{"kategori":"forest"}}},{"type":"Feature","geometry":{"type":"Polygon","coordinates":[[[106.850516,-6.296326],[106.850671,-6.296067],[106.850954,-6.2959],[106.851314,-6.295816],[106.851112,-6.29611],[106.850852,-6.296379],[106.850889,-6.296697],[106.850846,-6.296831],[106.850587,-6.296607],[106.850516,-6.296326]]]},"properties":{"layer_id":"ekosistem","jenis":"rth","nama":null,"sumber":"OSM","atribut":{"kategori":"forest"}}},{"type":"Feature","geometry":{"type":"Polygon","coordinates":[[[106.828898,-6.365706],[106.828861,-6.366074],[106.828618,-6.366069],[106.828557,-6.366461],[106.828047,-6.366464],[106.828041,-6.36664],[106.827746,-6.366636],[106.827729,-6.366836],[106.827666,-6.36683],[106.82771,-6.366633],[106.827778,-6.366433],[106.82819,-6.36605],[106.828898,-6.365706]]]},"properties":{"layer_id":"ekosistem","jenis":"rth","nama":null,"sumber":"OSM","atribut":{"kategori":"park"}}},{"type":"Feature","geometry":{"type":"Polygon","coordinates":[[[106.830335,-6.364904],[106.829923,-6.364279],[106.829706,-6.364113],[106.829367,-6.363971],[106.829295,-6.363961],[106.829199,-6.364686],[106.829189,-6.36477],[106.829319,-6.364698],[106.829395,-6.364816],[106.829799,-6.364716],[106.830068,-6.364807],[106.830239,-6.364965],[106.830335,-6.364904]]]},"properties":{"layer_id":"ekosistem","jenis":"rth","nama":null,"sumber":"OSM","atribut":{"kategori":"park"}}},{"type":"Feature","geometry":{"type":"Polygon","coordinates":[[[106.828463,-6.365765],[106.828915,-6.365592],[106.82899,-6.365057],[106.828937,-6.364993],[106.828763,-6.365302],[106.828456,-6.365275],[106.828395,-6.365204],[106.828434,-6.364935],[106.828297,-6.36479],[106.828214,-6.3645],[106.82818,-6.364527],[106.828091,-6.364537],[106.827982,-6.364379],[106.827787,-6.364621],[106.827622,-6.365007],[106.827536,-6.36558],[106.827997,-6.365613],[106.828463,-6.365765]]]},"properties":{"layer_id":"ekosistem","jenis":"rth","nama":null,"sumber":"OSM","atribut":{"kategori":"park"}}},{"type":"Feature","geometry":{"type":"Polygon","coordinates":[[[106.823723,-6.29247],[106.823847,-6.292418],[106.824028,-6.292843],[106.823904,-6.292896],[106.823723,-6.29247]]]},"properties":{"layer_id":"ekosistem","jenis":"rth","nama":null,"sumber":"OSM","atribut":{"kategori":"park"}}},{"type":"Feature","geometry":{"type":"Polygon","coordinates":[[[106.83304,-6.383702],[106.833282,-6.383768],[106.833191,-6.384008],[106.833099,-6.383953],[106.833033,-6.38391],[106.833036,-6.383825],[106.833109,-6.383802],[106.83304,-6.383702]]]},"properties":{"layer_id":"ekosistem","jenis":"rth","nama":null,"sumber":"OSM","atribut":{"kategori":"park"}}},{"type":"Feature","geometry":{"type":"Polygon","coordinates":[[[106.832056,-6.383001],[106.832219,-6.383221],[106.832615,-6.38313],[106.832693,-6.383072],[106.832553,-6.383054],[106.832111,-6.382987],[106.832056,-6.383001]]]},"properties":{"layer_id":"ekosistem","jenis":"rth","nama":null,"sumber":"OSM","atribut":{"kategori":"park"}}},{"type":"Feature","geometry":{"type":"Polygon","coordinates":[[[106.849378,-6.372142],[106.849382,-6.3723],[106.849675,-6.372277],[106.849682,-6.372127],[106.849378,-6.372142]]]},"properties":{"layer_id":"ekosistem","jenis":"rth","nama":"Taman Pondok Duta","sumber":"OSM","atribut":{"kategori":"park"}}},{"type":"Feature","geometry":{"type":"Polygon","coordinates":[[[106.852612,-6.372329],[106.852846,-6.37233],[106.852813,-6.372594],[106.852885,-6.37261],[106.852863,-6.372702],[106.85284,-6.372788],[106.852596,-6.372712],[106.852612,-6.372329]]]},"properties":{"layer_id":"ekosistem","jenis":"rth","nama":"Taman","sumber":"OSM","atribut":{"kategori":"park"}}},{"type":"Feature","geometry":{"type":"Polygon","coordinates":[[[106.77322,-6.407345],[106.773344,-6.407359],[106.773303,-6.407615],[106.773217,-6.407616],[106.77323,-6.407525],[106.77322,-6.407345]]]},"properties":{"layer_id":"ekosistem","jenis":"rth","nama":"Taman","sumber":"OSM","atribut":{"kategori":"park"}}},{"type":"Feature","geometry":{"type":"Polygon","coordinates":[[[106.857141,-6.373072],[106.857718,-6.372886],[106.857772,-6.372997],[106.857625,-6.37324],[106.857319,-6.373769],[106.857047,-6.37362],[106.856974,-6.373498],[106.857141,-6.373072]]]},"properties":{"layer_id":"ekosistem","jenis":"rth","nama":null,"sumber":"OSM","atribut":{"kategori":"cemetery"}}},{"type":"Feature","geometry":{"type":"Polygon","coordinates":[[[106.801804,-6.407261],[106.801774,-6.407487],[106.801927,-6.407507],[106.801937,-6.407427],[106.802071,-6.407457],[106.802136,-6.407264],[106.801809,-6.407221],[106.801804,-6.407261]]]},"properties":{"layer_id":"ekosistem","jenis":"rth","nama":null,"sumber":"OSM","atribut":{"kategori":"park"}}},{"type":"Feature","geometry":{"type":"Polygon","coordinates":[[[106.736294,-6.336031],[106.735841,-6.336311],[106.73632,-6.336198],[106.736294,-6.336031]]]},"properties":{"layer_id":"ekosistem","jenis":"rth","nama":null,"sumber":"OSM","atribut":{"kategori":"park"}}},{"type":"Feature","geometry":{"type":"Polygon","coordinates":[[[106.735075,-6.332413],[106.735239,-6.332627],[106.735583,-6.332387],[106.735434,-6.332397],[106.735075,-6.332413]]]},"properties":{"layer_id":"ekosistem","jenis":"rth","nama":null,"sumber":"OSM","atribut":{"kategori":"park"}}},{"type":"Feature","geometry":{"type":"Polygon","coordinates":[[[106.73715,-6.331199],[106.737069,-6.331284],[106.737031,-6.331708],[106.737561,-6.332233],[106.737624,-6.33215],[106.737471,-6.33168],[106.73715,-6.331199]]]},"properties":{"layer_id":"ekosistem","jenis":"rth","nama":null,"sumber":"OSM","atribut":{"kategori":"park"}}},{"type":"Feature","geometry":{"type":"Polygon","coordinates":[[[106.736306,-6.341917],[106.736383,-6.342493],[106.736671,-6.341889],[106.736306,-6.341917]]]},"properties":{"layer_id":"ekosistem","jenis":"rth","nama":null,"sumber":"OSM","atribut":{"kategori":"park"}}},{"type":"Feature","geometry":{"type":"Polygon","coordinates":[[[106.902731,-6.299679],[106.902648,-6.299784],[106.902751,-6.299896],[106.902755,-6.300198],[106.902623,-6.300318],[106.902654,-6.300495],[106.902852,-6.300517],[106.902933,-6.30037],[106.903172,-6.300316],[106.903374,-6.300357],[106.903469,-6.30026],[106.903446,-6.300169],[106.90332,-6.30009],[106.903257,-6.299853],[106.903043,-6.29973],[106.902873,-6.299788],[106.902828,-6.299703],[106.902731,-6.299679]]]},"properties":{"layer_id":"ekosistem","jenis":"rth","nama":"Taman Burung","sumber":"OSM","atribut":{"kategori":"park"}}},{"type":"Feature","geometry":{"type":"Polygon","coordinates":[[[106.903961,-6.300136],[106.903862,-6.300266],[106.90395,-6.300384],[106.904089,-6.300324],[106.904233,-6.300404],[106.904391,-6.300344],[106.904474,-6.300228],[106.904434,-6.300055],[106.904562,-6.299941],[106.904519,-6.299814],[106.904429,-6.299767],[106.904103,-6.2997],[106.904056,-6.299834],[106.904229,-6.299897],[106.904239,-6.299978],[106.904133,-6.300031],[106.904068,-6.300173],[106.903961,-6.300136]]]},"properties":{"layer_id":"ekosistem","jenis":"rth","nama":"Taman Burung","sumber":"OSM","atribut":{"kategori":"park"}}},{"type":"Feature","geometry":{"type":"Polygon","coordinates":[[[106.731781,-6.333645],[106.731962,-6.333905],[106.731943,-6.333866],[106.732147,-6.33371],[106.731996,-6.333378],[106.731781,-6.333645]]]},"properties":{"layer_id":"ekosistem","jenis":"rth","nama":null,"sumber":"OSM","atribut":{"kategori":"park"}}},{"type":"Feature","geometry":{"type":"Polygon","coordinates":[[[106.732035,-6.333373],[106.73219,-6.333682],[106.732449,-6.333486],[106.732308,-6.333221],[106.732035,-6.333373]]]},"properties":{"layer_id":"ekosistem","jenis":"rth","nama":null,"sumber":"OSM","atribut":{"kategori":"park"}}},{"type":"Feature","geometry":{"type":"Polygon","coordinates":[[[106.735771,-6.316716],[106.73555,-6.316746],[106.735285,-6.316896],[106.735214,-6.317206],[106.735253,-6.31732],[106.735834,-6.317784],[106.736151,-6.317886],[106.736367,-6.317721],[106.7364,-6.317354],[106.736031,-6.316916],[106.735771,-6.316716]]]},"properties":{"layer_id":"ekosistem","jenis":"rth","nama":"Makam Kedaung","sumber":"OSM","atribut":{"kategori":"cemetery"}}},{"type":"Feature","geometry":{"type":"Polygon","coordinates":[[[106.734268,-6.338669],[106.734586,-6.340862],[106.7346,-6.340953],[106.734747,-6.34093],[106.734599,-6.339804],[106.734405,-6.33865],[106.734268,-6.338669]]]},"properties":{"layer_id":"ekosistem","jenis":"rth","nama":null,"sumber":"OSM","atribut":{"kategori":"park"}}},{"type":"Feature","geometry":{"type":"Polygon","coordinates":[[[106.734649,-6.341217],[106.734937,-6.342938],[106.735041,-6.342904],[106.734855,-6.341677],[106.734774,-6.341199],[106.734649,-6.341217]]]},"properties":{"layer_id":"ekosistem","jenis":"rth","nama":null,"sumber":"OSM","atribut":{"kategori":"park"}}},{"type":"Feature","geometry":{"type":"Polygon","coordinates":[[[106.85475,-6.371586],[106.854816,-6.371566],[106.85469,-6.371824],[106.854562,-6.371836],[106.854459,-6.37193],[106.854393,-6.371851],[106.854448,-6.371843],[106.854495,-6.371676],[106.854526,-6.371558],[106.85475,-6.371586]]]},"properties":{"layer_id":"ekosistem","jenis":"rth","nama":null,"sumber":"OSM","atribut":{"kategori":"park"}}},{"type":"Feature","geometry":{"type":"Polygon","coordinates":[[[106.802807,-6.394507],[106.80282,-6.394812],[106.803019,-6.394804],[106.803006,-6.394499],[106.802807,-6.394507]]]},"properties":{"layer_id":"ekosistem","jenis":"rth","nama":null,"sumber":"OSM","atribut":{"kategori":"park"}}},{"type":"Feature","geometry":{"type":"Polygon","coordinates":[[[106.734646,-6.343676],[106.734381,-6.343713],[106.73439,-6.343736],[106.734663,-6.343793],[106.734646,-6.343676]]]},"properties":{"layer_id":"ekosistem","jenis":"rth","nama":null,"sumber":"OSM","atribut":{"kategori":"park"}}},{"type":"Feature","geometry":{"type":"Polygon","coordinates":[[[106.857328,-6.369903],[106.857792,-6.370194],[106.858131,-6.370171],[106.858361,-6.370234],[106.858508,-6.370456],[106.858394,-6.370499],[106.858445,-6.370622],[106.858331,-6.370686],[106.858201,-6.370479],[106.858148,-6.370484],[106.858133,-6.370323],[106.858067,-6.37031],[106.858078,-6.370375],[106.857936,-6.37043],[106.857981,-6.370494],[106.857916,-6.370581],[106.858015,-6.370648],[106.858027,-6.370858],[106.858134,-6.370898],[106.85811,-6.370934],[106.857827,-6.370866],[106.857759,-6.37096],[106.85771,-6.370933],[106.857796,-6.370798],[106.857662,-6.370705],[106.857804,-6.370366],[106.857497,-6.370329],[106.857369,-6.370607],[106.857055,-6.370311],[106.857289,-6.370135],[106.857328,-6.369903]]]},"properties":{"layer_id":"ekosistem","jenis":"rth","nama":null,"sumber":"OSM","atribut":{"kategori":"park"}}},{"type":"Feature","geometry":{"type":"Polygon","coordinates":[[[106.856051,-6.370787],[106.856087,-6.371101],[106.855903,-6.3711],[106.855865,-6.370932],[106.855757,-6.370947],[106.855761,-6.370837],[106.855645,-6.370808],[106.855686,-6.370682],[106.855615,-6.370659],[106.855505,-6.370576],[106.855651,-6.370574],[106.856051,-6.370787]]]},"properties":{"layer_id":"ekosistem","jenis":"rth","nama":null,"sumber":"OSM","atribut":{"kategori":"park"}}},{"type":"Feature","geometry":{"type":"Polygon","coordinates":[[[106.856227,-6.371001],[106.856114,-6.371209],[106.856245,-6.371246],[106.856298,-6.371388],[106.856536,-6.371403],[106.856546,-6.371782],[106.856715,-6.371868],[106.856692,-6.371967],[106.856864,-6.37205],[106.856988,-6.372122],[106.85714,-6.372085],[106.857155,-6.371592],[106.857088,-6.371525],[106.857035,-6.371578],[106.856911,-6.371437],[106.856771,-6.371511],[106.856706,-6.371453],[106.856728,-6.371384],[106.856379,-6.371074],[106.856407,-6.371027],[106.856295,-6.370932],[106.856227,-6.371001]]]},"properties":{"layer_id":"ekosistem","jenis":"rth","nama":null,"sumber":"OSM","atribut":{"kategori":"park"}}},{"type":"Feature","geometry":{"type":"Polygon","coordinates":[[[106.836701,-6.367344],[106.836689,-6.367474],[106.836842,-6.367483],[106.836874,-6.367428],[106.83685,-6.367304],[106.836701,-6.367344]]]},"properties":{"layer_id":"ekosistem","jenis":"rth","nama":null,"sumber":"OSM","atribut":{"kategori":"forest"}}},{"type":"Feature","geometry":{"type":"Polygon","coordinates":[[[106.836072,-6.367453],[106.836057,-6.367704],[106.836318,-6.367682],[106.836335,-6.367573],[106.836351,-6.367465],[106.836072,-6.367453]]]},"properties":{"layer_id":"ekosistem","jenis":"rth","nama":null,"sumber":"OSM","atribut":{"kategori":"park"}}},{"type":"Feature","geometry":{"type":"Polygon","coordinates":[[[106.825208,-6.380502],[106.825446,-6.38069],[106.824694,-6.381513],[106.82463,-6.381676],[106.824367,-6.381436],[106.825208,-6.380502]]]},"properties":{"layer_id":"ekosistem","jenis":"rth","nama":null,"sumber":"OSM","atribut":{"kategori":"cemetery"}}},{"type":"Feature","geometry":{"type":"Polygon","coordinates":[[[106.834618,-6.456884],[106.834507,-6.457266],[106.834565,-6.457296],[106.834696,-6.45692],[106.834618,-6.456884]]]},"properties":{"layer_id":"ekosistem","jenis":"rth","nama":null,"sumber":"OSM","atribut":{"kategori":"park"}}},{"type":"Feature","geometry":{"type":"Polygon","coordinates":[[[106.834023,-6.456962],[106.834069,-6.457009],[106.834169,-6.456596],[106.834106,-6.456586],[106.834023,-6.456962]]]},"properties":{"layer_id":"ekosistem","jenis":"rth","nama":null,"sumber":"OSM","atribut":{"kategori":"park"}}},{"type":"Feature","geometry":{"type":"Polygon","coordinates":[[[106.833387,-6.455948],[106.833375,-6.456003],[106.833866,-6.456103],[106.833877,-6.456055],[106.833387,-6.455948]]]},"properties":{"layer_id":"ekosistem","jenis":"rth","nama":null,"sumber":"OSM","atribut":{"kategori":"park"}}},{"type":"Feature","geometry":{"type":"Polygon","coordinates":[[[106.847519,-6.280511],[106.847436,-6.28083],[106.847861,-6.280939],[106.847943,-6.28062],[106.847519,-6.280511]]]},"properties":{"layer_id":"ekosistem","jenis":"rth","nama":"Pemakaman","sumber":"OSM","atribut":{"kategori":"cemetery"}}},{"type":"Feature","geometry":{"type":"Polygon","coordinates":[[[106.84995,-6.28859],[106.850037,-6.288569],[106.850069,-6.288638],[106.849943,-6.288665],[106.84995,-6.28859]]]},"properties":{"layer_id":"ekosistem","jenis":"rth","nama":"Taman Kuburan Wakaf","sumber":"OSM","atribut":{"kategori":"cemetery"}}},{"type":"Feature","geometry":{"type":"Polygon","coordinates":[[[106.790767,-6.304604],[106.79123,-6.304735],[106.791224,-6.304832],[106.791314,-6.30485],[106.791321,-6.305078],[106.791192,-6.305078],[106.791181,-6.305212],[106.790682,-6.305122],[106.790656,-6.304979],[106.790767,-6.304604]]]},"properties":{"layer_id":"ekosistem","jenis":"rth","nama":"TPU","sumber":"OSM","atribut":{"kategori":"cemetery"}}},{"type":"Feature","geometry":{"type":"Polygon","coordinates":[[[106.811652,-6.53895],[106.811927,-6.538934],[106.811818,-6.539409],[106.811716,-6.539386],[106.811624,-6.539273],[106.811549,-6.538959],[106.811652,-6.53895]]]},"properties":{"layer_id":"ekosistem","jenis":"rth","nama":null,"sumber":"OSM","atribut":{"kategori":"park"}}},{"type":"Feature","geometry":{"type":"Polygon","coordinates":[[[106.735995,-6.425133],[106.736332,-6.425196],[106.737078,-6.425133],[106.736976,-6.425837],[106.736619,-6.425774],[106.736527,-6.426127],[106.736756,-6.426158],[106.73658,-6.426697],[106.736003,-6.426578],[106.736213,-6.425919],[106.735748,-6.425822],[106.735766,-6.425481],[106.735995,-6.425133]]]},"properties":{"layer_id":"ekosistem","jenis":"rth","nama":"TPU. Pusara Terakhir","sumber":"OSM","atribut":{"kategori":"cemetery"}}},{"type":"Feature","geometry":{"type":"Polygon","coordinates":[[[106.750511,-6.437471],[106.751238,-6.436929],[106.751284,-6.436759],[106.750506,-6.436842],[106.750511,-6.437471]]]},"properties":{"layer_id":"ekosistem","jenis":"rth","nama":"Taman Segitiga","sumber":"OSM","atribut":{"kategori":"park"}}},{"type":"Feature","geometry":{"type":"Polygon","coordinates":[[[106.738237,-6.427213],[106.738247,-6.427122],[106.737997,-6.427128],[106.737944,-6.427947],[106.738097,-6.427992],[106.738402,-6.427706],[106.738329,-6.427656],[106.738323,-6.42754],[106.738056,-6.427439],[106.738081,-6.427227],[106.738237,-6.427213]]]},"properties":{"layer_id":"ekosistem","jenis":"rth","nama":null,"sumber":"OSM","atribut":{"kategori":"park"}}},{"type":"Feature","geometry":{"type":"Polygon","coordinates":[[[106.849746,-6.280865],[106.849652,-6.281068],[106.849723,-6.281264],[106.85024,-6.281153],[106.850229,-6.280852],[106.850103,-6.280703],[106.850063,-6.280524],[106.849985,-6.280489],[106.849733,-6.280729],[106.849746,-6.280865]]]},"properties":{"layer_id":"ekosistem","jenis":"rth","nama":"kebon Duku","sumber":"OSM","atribut":{"kategori":"forest"}}},{"type":"Feature","geometry":{"type":"Polygon","coordinates":[[[106.847821,-6.283262],[106.847855,-6.283114],[106.84807,-6.28302],[106.848429,-6.283141],[106.848438,-6.283222],[106.848343,-6.283332],[106.84821,-6.283361],[106.847821,-6.283262]]]},"properties":{"layer_id":"ekosistem","jenis":"rth","nama":"kebon bambu","sumber":"OSM","atribut":{"kategori":"forest"}}},{"type":"Feature","geometry":{"type":"Polygon","coordinates":[[[106.850598,-6.292596],[106.851293,-6.292477],[106.851288,-6.292267],[106.851374,-6.292218],[106.85149,-6.291935],[106.851517,-6.291347],[106.851333,-6.291321],[106.851352,-6.290996],[106.851527,-6.290945],[106.851539,-6.290689],[106.851806,-6.290672],[106.851912,-6.290574],[106.85189,-6.290364],[106.852172,-6.290296],[106.85226,-6.290508],[106.852268,-6.290762],[106.852621,-6.290733],[106.852621,-6.290813],[106.852337,-6.290925],[106.851638,-6.291006],[106.851531,-6.291935],[106.851314,-6.292662],[106.851178,-6.292592],[106.851041,-6.292667],[106.85108,-6.292865],[106.850886,-6.292862],[106.850574,-6.29274],[106.850598,-6.292596]]]},"properties":{"layer_id":"ekosistem","jenis":"rth","nama":null,"sumber":"OSM","atribut":{"kategori":"forest"}}},{"type":"Feature","geometry":{"type":"Polygon","coordinates":[[[106.8514,-6.291071],[106.851449,-6.291011],[106.851598,-6.291002],[106.85158,-6.291144],[106.851464,-6.291186],[106.851413,-6.291165],[106.8514,-6.291071]]]},"properties":{"layer_id":"ekosistem","jenis":"rth","nama":"kebon salak","sumber":"OSM","atribut":{"kategori":"forest"}}},{"type":"Feature","geometry":{"type":"Polygon","coordinates":[[[106.853411,-6.290214],[106.853735,-6.290123],[106.853795,-6.29003],[106.854206,-6.290053],[106.854378,-6.290158],[106.853865,-6.290102],[106.853411,-6.290214]]]},"properties":{"layer_id":"ekosistem","jenis":"rth","nama":null,"sumber":"OSM","atribut":{"kategori":"forest"}}},{"type":"Feature","geometry":{"type":"Polygon","coordinates":[[[106.854712,-6.292507],[106.854728,-6.292377],[106.854988,-6.292384],[106.854847,-6.291634],[106.854717,-6.291543],[106.854766,-6.29106],[106.85488,-6.290973],[106.854821,-6.290567],[106.854697,-6.290748],[106.854466,-6.29154],[106.85388,-6.292441],[106.853912,-6.292536],[106.854712,-6.292507]]]},"properties":{"layer_id":"ekosistem","jenis":"rth","nama":null,"sumber":"OSM","atribut":{"kategori":"forest"}}},{"type":"Feature","geometry":{"type":"Polygon","coordinates":[[[106.741077,-6.383971],[106.740825,-6.384024],[106.740773,-6.384119],[106.740584,-6.384119],[106.740597,-6.383795],[106.740427,-6.38347],[106.740479,-6.383321],[106.7409,-6.383458],[106.74086,-6.383562],[106.741183,-6.383729],[106.741077,-6.383971]]]},"properties":{"layer_id":"ekosistem","jenis":"rth","nama":null,"sumber":"OSM","atribut":{"kategori":"cemetery"}}},{"type":"Feature","geometry":{"type":"Polygon","coordinates":[[[106.850658,-6.294138],[106.850625,-6.294366],[106.850898,-6.294373],[106.851022,-6.294612],[106.851302,-6.294601],[106.851327,-6.2945],[106.851484,-6.294514],[106.85152,-6.294428],[106.851193,-6.294297],[106.851149,-6.293903],[106.851033,-6.293918],[106.851033,-6.294218],[106.850774,-6.294207],[106.850771,-6.294127],[106.850658,-6.294138]]]},"properties":{"layer_id":"ekosistem","jenis":"rth","nama":null,"sumber":"OSM","atribut":{"kategori":"forest"}}},{"type":"Feature","geometry":{"type":"Polygon","coordinates":[[[106.8506,-6.294399],[106.850476,-6.294406],[106.850469,-6.294485],[106.850338,-6.294482],[106.850349,-6.294373],[106.850181,-6.294239],[106.85001,-6.294207],[106.849926,-6.294279],[106.849894,-6.294525],[106.850578,-6.294594],[106.8506,-6.294399]]]},"properties":{"layer_id":"ekosistem","jenis":"rth","nama":null,"sumber":"OSM","atribut":{"kategori":"forest"}}},{"type":"Feature","geometry":{"type":"Polygon","coordinates":[[[106.853493,-6.29221],[106.853651,-6.292128],[106.853721,-6.291908],[106.853493,-6.29221]]]},"properties":{"layer_id":"ekosistem","jenis":"rth","nama":"kebon pisang","sumber":"OSM","atribut":{"kategori":"forest"}}},{"type":"Feature","geometry":{"type":"Polygon","coordinates":[[[106.849093,-6.285512],[106.849112,-6.285877],[106.849435,-6.285907],[106.849525,-6.285567],[106.849642,-6.285495],[106.849682,-6.285424],[106.849573,-6.2854],[106.849509,-6.285474],[106.849093,-6.285512]]]},"properties":{"layer_id":"ekosistem","jenis":"rth","nama":null,"sumber":"OSM","atribut":{"kategori":"forest"}}},{"type":"Feature","geometry":{"type":"Polygon","coordinates":[[[106.876717,-6.299919],[106.876904,-6.299969],[106.876891,-6.30006],[106.876995,-6.300068],[106.876962,-6.30069],[106.876767,-6.300871],[106.876568,-6.301456],[106.876274,-6.301336],[106.876411,-6.300941],[106.87644,-6.30064],[106.876585,-6.300492],[106.876717,-6.299919]]]},"properties":{"layer_id":"ekosistem","jenis":"rth","nama":"TPU Dukuh","sumber":"OSM","atribut":{"kategori":"cemetery"}}},{"type":"Feature","geometry":{"type":"Polygon","coordinates":[[[106.785074,-6.383698],[106.785381,-6.383581],[106.785459,-6.383727],[106.785196,-6.383854],[106.785125,-6.383888],[106.785074,-6.383698]]]},"properties":{"layer_id":"ekosistem","jenis":"rth","nama":null,"sumber":"OSM","atribut":{"kategori":"park"}}},{"type":"Feature","geometry":{"type":"Polygon","coordinates":[[[106.873267,-6.31172],[106.873469,-6.311839],[106.874036,-6.311099],[106.874365,-6.311347],[106.873938,-6.312354],[106.873739,-6.312634],[106.873662,-6.312586],[106.873496,-6.312913],[106.873344,-6.312877],[106.873231,-6.3128],[106.873289,-6.312722],[106.873146,-6.312617],[106.873175,-6.312517],[106.873078,-6.31246],[106.873078,-6.312285],[106.872937,-6.312134],[106.873267,-6.31172]]]},"properties":{"layer_id":"ekosistem","jenis":"rth","nama":"TPU Susukan Islam","sumber":"OSM","atribut":{"kategori":"cemetery"}}},{"type":"Feature","geometry":{"type":"Polygon","coordinates":[[[106.754457,-6.419174],[106.754552,-6.419166],[106.75455,-6.419262],[106.754474,-6.419268],[106.754457,-6.419174]]]},"properties":{"layer_id":"ekosistem","jenis":"rth","nama":null,"sumber":"OSM","atribut":{"kategori":"park"}}},{"type":"Feature","geometry":{"type":"Polygon","coordinates":[[[106.823049,-6.393826],[106.822732,-6.394367],[106.822931,-6.394498],[106.823368,-6.393911],[106.823049,-6.393826]]]},"properties":{"layer_id":"ekosistem","jenis":"rth","nama":null,"sumber":"OSM","atribut":{"kategori":"park"}}},{"type":"Feature","geometry":{"type":"Polygon","coordinates":[[[106.821236,-6.394162],[106.821668,-6.394294],[106.821725,-6.394107],[106.821294,-6.393974],[106.821236,-6.394162]]]},"properties":{"layer_id":"ekosistem","jenis":"rth","nama":null,"sumber":"OSM","atribut":{"kategori":"park"}}},{"type":"Feature","geometry":{"type":"Polygon","coordinates":[[[106.84512,-6.304156],[106.845147,-6.304205],[106.845159,-6.304272],[106.84532,-6.304168],[106.84512,-6.304156]]]},"properties":{"layer_id":"ekosistem","jenis":"rth","nama":null,"sumber":"OSM","atribut":{"kategori":"park"}}},{"type":"Feature","geometry":{"type":"Polygon","coordinates":[[[106.890237,-6.303995],[106.889734,-6.304005],[106.88968,-6.304078],[106.889683,-6.304225],[106.889731,-6.304225],[106.88968,-6.304545],[106.889738,-6.304551],[106.889741,-6.304862],[106.889685,-6.304867],[106.889735,-6.304932],[106.890229,-6.304919],[106.890471,-6.30481],[106.890598,-6.304612],[106.890567,-6.304235],[106.890461,-6.304089],[106.890237,-6.303995]]]},"properties":{"layer_id":"ekosistem","jenis":"rth","nama":"Plaza Keong Emas","sumber":"OSM","atribut":{"kategori":"park"}}},{"type":"Feature","geometry":{"type":"Polygon","coordinates":[[[106.756693,-6.353829],[106.756539,-6.354148],[106.756755,-6.354216],[106.756991,-6.353982],[106.756693,-6.353829]]]},"properties":{"layer_id":"ekosistem","jenis":"rth","nama":"Playground","sumber":"OSM","atribut":{"kategori":"park"}}},{"type":"Feature","geometry":{"type":"Polygon","coordinates":[[[106.756681,-6.353297],[106.756747,-6.353525],[106.756869,-6.353233],[106.756681,-6.353297]]]},"properties":{"layer_id":"ekosistem","jenis":"rth","nama":"Taman Segitiga","sumber":"OSM","atribut":{"kategori":"park"}}},{"type":"Feature","geometry":{"type":"Polygon","coordinates":[[[106.701343,-6.292285],[106.701434,-6.292497],[106.701758,-6.292344],[106.70176,-6.29228],[106.70166,-6.29208],[106.701343,-6.292285]]]},"properties":{"layer_id":"ekosistem","jenis":"rth","nama":null,"sumber":"OSM","atribut":{"kategori":"park"}}},{"type":"Feature","geometry":{"type":"Polygon","coordinates":[[[106.864691,-6.363933],[106.863771,-6.363905],[106.863822,-6.363558],[106.864671,-6.363581],[106.864691,-6.363933]]]},"properties":{"layer_id":"ekosistem","jenis":"rth","nama":"Lapangan Mekarsari","sumber":"OSM","atribut":{"kategori":"park"}}},{"type":"Feature","geometry":{"type":"Polygon","coordinates":[[[106.864756,-6.362711],[106.865087,-6.362721],[106.865075,-6.363113],[106.86474,-6.363122],[106.864756,-6.362711]]]},"properties":{"layer_id":"ekosistem","jenis":"rth","nama":"Pakiran","sumber":"OSM","atribut":{"kategori":"park"}}},{"type":"Feature","geometry":{"type":"Polygon","coordinates":[[[106.700423,-6.282848],[106.700047,-6.283714],[106.70146,-6.284185],[106.701495,-6.283485],[106.700423,-6.282848]]]},"properties":{"layer_id":"ekosistem","jenis":"rth","nama":"Taman Makam Bahagia TNI","sumber":"OSM","atribut":{"kategori":"cemetery"}}},{"type":"Feature","geometry":{"type":"Polygon","coordinates":[[[106.832334,-6.356891],[106.832465,-6.356915],[106.832471,-6.357025],[106.832554,-6.357055],[106.832494,-6.357161],[106.83259,-6.357315],[106.832504,-6.357824],[106.832274,-6.357059],[106.832334,-6.356891]]]},"properties":{"layer_id":"ekosistem","jenis":"rth","nama":null,"sumber":"OSM","atribut":{"kategori":"park"}}},{"type":"Feature","geometry":{"type":"Polygon","coordinates":[[[106.703017,-6.362904],[106.703031,-6.363107],[106.703137,-6.363258],[106.704984,-6.364376],[106.705155,-6.364352],[106.705349,-6.363957],[106.705607,-6.363861],[106.705838,-6.363871],[106.705928,-6.363768],[106.703435,-6.362285],[106.70309,-6.362958],[106.703017,-6.362904]]]},"properties":{"layer_id":"ekosistem","jenis":"rth","nama":"Bukit Dago Central Park","sumber":"OSM","atribut":{"kategori":"park"}}},{"type":"Feature","geometry":{"type":"Polygon","coordinates":[[[106.900247,-6.327488],[106.900135,-6.327708],[106.900656,-6.32795],[106.900852,-6.328038],[106.901116,-6.327647],[106.900584,-6.32738],[106.900475,-6.327503],[106.900247,-6.327488]]]},"properties":{"layer_id":"ekosistem","jenis":"rth","nama":null,"sumber":"OSM","atribut":{"kategori":"forest"}}},{"type":"Feature","geometry":{"type":"Polygon","coordinates":[[[106.849275,-6.393851],[106.849449,-6.393867],[106.849422,-6.394149],[106.849248,-6.394133],[106.849275,-6.393851]]]},"properties":{"layer_id":"ekosistem","jenis":"rth","nama":null,"sumber":"OSM","atribut":{"kategori":"park"}}},{"type":"Feature","geometry":{"type":"Polygon","coordinates":[[[106.727462,-6.339994],[106.727475,-6.340193],[106.726813,-6.34032],[106.726843,-6.340494],[106.728193,-6.340293],[106.728489,-6.340252],[106.728487,-6.34019],[106.728577,-6.340178],[106.728531,-6.339842],[106.727462,-6.339994]]]},"properties":{"layer_id":"ekosistem","jenis":"rth","nama":"TPBU Wakaf RW 007","sumber":"OSM","atribut":{"kategori":"cemetery"}}},{"type":"Feature","geometry":{"type":"Polygon","coordinates":[[[106.722459,-6.329258],[106.722872,-6.329447],[106.722762,-6.329731],[106.722886,-6.329742],[106.722983,-6.329494],[106.723067,-6.329489],[106.723152,-6.329217],[106.723395,-6.328435],[106.723406,-6.328074],[106.723244,-6.328074],[106.723243,-6.328422],[106.722859,-6.3284],[106.722717,-6.328698],[106.722611,-6.328642],[106.722483,-6.328878],[106.722617,-6.328938],[106.722459,-6.329258]]]},"properties":{"layer_id":"ekosistem","jenis":"rth","nama":"TPBU Triti","sumber":"OSM","atribut":{"kategori":"cemetery"}}},{"type":"Feature","geometry":{"type":"Polygon","coordinates":[[[106.729153,-6.339764],[106.729218,-6.340062],[106.72991,-6.340529],[106.730454,-6.340661],[106.729931,-6.340186],[106.729455,-6.33988],[106.729328,-6.339698],[106.729153,-6.339764]]]},"properties":{"layer_id":"ekosistem","jenis":"rth","nama":null,"sumber":"OSM","atribut":{"kategori":"cemetery"}}},{"type":"Feature","geometry":{"type":"Polygon","coordinates":[[[106.890298,-6.301484],[106.890298,-6.302643],[106.889455,-6.302644],[106.889454,-6.301485],[106.890298,-6.301484]]]},"properties":{"layer_id":"ekosistem","jenis":"rth","nama":null,"sumber":"OSM","atribut":{"kategori":"park"}}},{"type":"Feature","geometry":{"type":"Polygon","coordinates":[[[106.881843,-6.394437],[106.882075,-6.394465],[106.882063,-6.394634],[106.882061,-6.394697],[106.881789,-6.39467],[106.881843,-6.394437]]]},"properties":{"layer_id":"ekosistem","jenis":"rth","nama":null,"sumber":"OSM","atribut":{"kategori":"cemetery"}}},{"type":"Feature","geometry":{"type":"Polygon","coordinates":[[[106.700698,-6.294736],[106.70074,-6.29498],[106.7011,-6.294894],[106.70102,-6.294646],[106.700698,-6.294736]]]},"properties":{"layer_id":"ekosistem","jenis":"rth","nama":null,"sumber":"OSM","atribut":{"kategori":"cemetery"}}},{"type":"Feature","geometry":{"type":"Polygon","coordinates":[[[106.849099,-6.399504],[106.849757,-6.399601],[106.849739,-6.399718],[106.849081,-6.399621],[106.849099,-6.399504]]]},"properties":{"layer_id":"ekosistem","jenis":"rth","nama":null,"sumber":"OSM","atribut":{"kategori":"park"}}},{"type":"Feature","geometry":{"type":"Polygon","coordinates":[[[106.772308,-6.487898],[106.772409,-6.487852],[106.772466,-6.4877],[106.772375,-6.487566],[106.772261,-6.487545],[106.772154,-6.487602],[106.772117,-6.487774],[106.77219,-6.48787],[106.772308,-6.487898]]]},"properties":{"layer_id":"ekosistem","jenis":"rth","nama":"Bunderan Pura Bojonggede","sumber":"OSM","atribut":{"kategori":"park"}}},{"type":"Feature","geometry":{"type":"Polygon","coordinates":[[[106.800554,-6.30249],[106.800561,-6.302788],[106.801476,-6.302765],[106.801468,-6.302467],[106.800554,-6.30249]]]},"properties":{"layer_id":"ekosistem","jenis":"rth","nama":"Taman Wijaya Kusuma","sumber":"OSM","atribut":{"kategori":"park"}}},{"type":"Feature","geometry":{"type":"Polygon","coordinates":[[[106.849045,-6.366451],[106.849033,-6.366717],[106.849282,-6.366751],[106.849304,-6.36648],[106.849045,-6.366451]]]},"properties":{"layer_id":"ekosistem","jenis":"rth","nama":null,"sumber":"OSM","atribut":{"kategori":"park"}}},{"type":"Feature","geometry":{"type":"Polygon","coordinates":[[[106.762424,-6.556632],[106.762443,-6.556784],[106.762466,-6.556807],[106.762887,-6.556744],[106.76287,-6.556597],[106.762448,-6.556605],[106.762424,-6.556632]]]},"properties":{"layer_id":"ekosistem","jenis":"rth","nama":null,"sumber":"OSM","atribut":{"kategori":"park"}}},{"type":"Feature","geometry":{"type":"Polygon","coordinates":[[[106.765812,-6.555077],[106.765812,-6.555324],[106.765925,-6.555324],[106.765925,-6.555458],[106.766182,-6.55546],[106.766235,-6.554523],[106.765812,-6.554501],[106.765812,-6.555077]]]},"properties":{"layer_id":"ekosistem","jenis":"rth","nama":null,"sumber":"OSM","atribut":{"kategori":"park"}}},{"type":"Feature","geometry":{"type":"Polygon","coordinates":[[[106.793054,-6.556952],[106.793937,-6.55699],[106.793953,-6.557531],[106.79308,-6.557454],[106.793054,-6.556952]]]},"properties":{"layer_id":"ekosistem","jenis":"rth","nama":null,"sumber":"OSM","atribut":{"kategori":"forest"}}},{"type":"Feature","geometry":{"type":"Polygon","coordinates":[[[106.89198,-6.303006],[106.891991,-6.302457],[106.892454,-6.302466],[106.892469,-6.302949],[106.892358,-6.303047],[106.892027,-6.303055],[106.89198,-6.303006]]]},"properties":{"layer_id":"ekosistem","jenis":"rth","nama":"Taman Mini Borobudur","sumber":"OSM","atribut":{"kategori":"park"}}},{"type":"Feature","geometry":{"type":"Polygon","coordinates":[[[106.855979,-6.468407],[106.855945,-6.468757],[106.855515,-6.469298],[106.855373,-6.469386],[106.855132,-6.469396],[106.855078,-6.469633],[106.855633,-6.469793],[106.855792,-6.469772],[106.856017,-6.469644],[106.856505,-6.469562],[106.856602,-6.46933],[106.856427,-6.468903],[106.856062,-6.468407],[106.855979,-6.468407]]]},"properties":{"layer_id":"ekosistem","jenis":"rth","nama":"Kuburan Cina","sumber":"OSM","atribut":{"kategori":"cemetery"}}},{"type":"Feature","geometry":{"type":"Polygon","coordinates":[[[106.822964,-6.302155],[106.822824,-6.302746],[106.823413,-6.302904],[106.823575,-6.3023],[106.823168,-6.302213],[106.822964,-6.302155]]]},"properties":{"layer_id":"ekosistem","jenis":"rth","nama":null,"sumber":"OSM","atribut":{"kategori":"park"}}},{"type":"Feature","geometry":{"type":"Polygon","coordinates":[[[106.788414,-6.397201],[106.788757,-6.397201],[106.788725,-6.397707],[106.788346,-6.397702],[106.788414,-6.397201]]]},"properties":{"layer_id":"ekosistem","jenis":"rth","nama":null,"sumber":"OSM","atribut":{"kategori":"park"}}},{"type":"Feature","geometry":{"type":"Polygon","coordinates":[[[106.703053,-6.333788],[106.703426,-6.334503],[106.703634,-6.336252],[106.703784,-6.336575],[106.704151,-6.336572],[106.704412,-6.337271],[106.703809,-6.337352],[106.703843,-6.337112],[106.703591,-6.336374],[106.703162,-6.336421],[106.703072,-6.336609],[106.702738,-6.336756],[106.702424,-6.336772],[106.702066,-6.336486],[106.702048,-6.335526],[106.701905,-6.335342],[106.701811,-6.334849],[106.701887,-6.333804],[106.702332,-6.333863],[106.703053,-6.333788]]]},"properties":{"layer_id":"ekosistem","jenis":"rth","nama":"TPU Pondok Benda","sumber":"OSM","atribut":{"kategori":"cemetery"}}},{"type":"Feature","geometry":{"type":"Polygon","coordinates":[[[106.854024,-6.295415],[106.853924,-6.295383],[106.85385,-6.295448],[106.853758,-6.295326],[106.853656,-6.295331],[106.853583,-6.295368],[106.85364,-6.295463],[106.853568,-6.295554],[106.853465,-6.295463],[106.853491,-6.295374],[106.853321,-6.295381],[106.853311,-6.295619],[106.853233,-6.295608],[106.853179,-6.295678],[106.853735,-6.296003],[106.853907,-6.296039],[106.854188,-6.295937],[106.854184,-6.295614],[106.854024,-6.295415]]]},"properties":{"layer_id":"ekosistem","jenis":"rth","nama":null,"sumber":"OSM","atribut":{"kategori":"forest"}}},{"type":"Feature","geometry":{"type":"Polygon","coordinates":[[[106.788414,-6.397201],[106.788757,-6.397201],[106.788751,-6.396859],[106.788402,-6.396839],[106.788414,-6.397201]]]},"properties":{"layer_id":"ekosistem","jenis":"rth","nama":"Lavinia","sumber":"OSM","atribut":{"kategori":"park"}}},{"type":"Feature","geometry":{"type":"Polygon","coordinates":[[[106.79633,-6.284352],[106.796316,-6.284482],[106.796581,-6.284511],[106.796596,-6.284374],[106.79633,-6.284352]]]},"properties":{"layer_id":"ekosistem","jenis":"rth","nama":null,"sumber":"OSM","atribut":{"kategori":"park"}}},{"type":"Feature","geometry":{"type":"Polygon","coordinates":[[[106.863997,-6.282833],[106.863317,-6.282796],[106.863315,-6.282618],[106.863441,-6.282624],[106.863614,-6.282568],[106.863893,-6.282569],[106.863997,-6.282833]]]},"properties":{"layer_id":"ekosistem","jenis":"rth","nama":"RPTRA Udara Segar 126","sumber":"OSM","atribut":{"kategori":"recreation_ground"}}},{"type":"Feature","geometry":{"type":"Polygon","coordinates":[[[106.858529,-6.28093],[106.859037,-6.280962],[106.859123,-6.280598],[106.859117,-6.281016],[106.85894,-6.281089],[106.858903,-6.281315],[106.858519,-6.281315],[106.858529,-6.28093]]]},"properties":{"layer_id":"ekosistem","jenis":"rth","nama":null,"sumber":"OSM","atribut":{"kategori":"park"}}},{"type":"Feature","geometry":{"type":"Polygon","coordinates":[[[106.865929,-6.284579],[106.865691,-6.285062],[106.866224,-6.285287],[106.866414,-6.284917],[106.866111,-6.284679],[106.865929,-6.284579]]]},"properties":{"layer_id":"ekosistem","jenis":"rth","nama":"RPTRA Dahlia","sumber":"OSM","atribut":{"kategori":"recreation_ground"}}},{"type":"Feature","geometry":{"type":"Polygon","coordinates":[[[106.879971,-6.48723],[106.880167,-6.486478],[106.880465,-6.486473],[106.880883,-6.486598],[106.880816,-6.487022],[106.88062,-6.487368],[106.880475,-6.48732],[106.880432,-6.487382],[106.879971,-6.48723]]]},"properties":{"layer_id":"ekosistem","jenis":"rth","nama":"pemakaman umum","sumber":"OSM","atribut":{"kategori":"cemetery"}}},{"type":"Feature","geometry":{"type":"Polygon","coordinates":[[[106.914428,-6.347254],[106.915598,-6.347801],[106.915507,-6.346062],[106.915442,-6.345984],[106.914817,-6.34623],[106.914428,-6.347254]]]},"properties":{"layer_id":"ekosistem","jenis":"rth","nama":"Kuburan Ganceng","sumber":"OSM","atribut":{"kategori":"cemetery"}}},{"type":"Feature","geometry":{"type":"Polygon","coordinates":[[[106.909415,-6.373916],[106.909249,-6.373768],[106.909017,-6.373687],[106.908828,-6.373247],[106.908804,-6.372989],[106.908662,-6.372701],[106.90838,-6.372378],[106.908345,-6.372037],[106.908404,-6.371821],[106.90853,-6.371752],[106.909839,-6.371773],[106.909922,-6.372013],[106.909694,-6.372096],[106.909716,-6.372325],[106.909579,-6.372357],[106.90928,-6.373137],[106.90928,-6.373291],[106.909305,-6.373513],[106.909386,-6.373582],[106.910039,-6.373605],[106.910003,-6.374072],[106.909476,-6.374095],[106.909415,-6.373916]]]},"properties":{"layer_id":"ekosistem","jenis":"rth","nama":"Taman Pemakaman Tarikolot","sumber":"OSM","atribut":{"kategori":"cemetery"}}},{"type":"Feature","geometry":{"type":"Polygon","coordinates":[[[106.920026,-6.327359],[106.919529,-6.326589],[106.919458,-6.326359],[106.919699,-6.326302],[106.919671,-6.326049],[106.920202,-6.326111],[106.920256,-6.326241],[106.920442,-6.326209],[106.920482,-6.326289],[106.920968,-6.326191],[106.920498,-6.326869],[106.920493,-6.327391],[106.920026,-6.327359]]]},"properties":{"layer_id":"ekosistem","jenis":"rth","nama":null,"sumber":"OSM","atribut":{"kategori":"cemetery"}}},{"type":"Feature","geometry":{"type":"Polygon","coordinates":[[[106.919836,-6.333897],[106.919813,-6.333727],[106.920001,-6.333607],[106.920264,-6.333604],[106.92032,-6.333615],[106.920155,-6.333932],[106.920092,-6.334128],[106.920197,-6.334168],[106.920083,-6.334522],[106.919797,-6.334437],[106.919836,-6.333897]]]},"properties":{"layer_id":"ekosistem","jenis":"rth","nama":null,"sumber":"OSM","atribut":{"kategori":"cemetery"}}},{"type":"Feature","geometry":{"type":"Polygon","coordinates":[[[106.920716,-6.331984],[106.920734,-6.331872],[106.920523,-6.331784],[106.92054,-6.331702],[106.920282,-6.331635],[106.920245,-6.331566],[106.920347,-6.330725],[106.920411,-6.330492],[106.920543,-6.33031],[106.920558,-6.33002],[106.920443,-6.329958],[106.920131,-6.330021],[106.919828,-6.329759],[106.919653,-6.330814],[106.919712,-6.331419],[106.919523,-6.332022],[106.919655,-6.332785],[106.919879,-6.333113],[106.919832,-6.333219],[106.919112,-6.333528],[106.918795,-6.33549],[106.918715,-6.335666],[106.918339,-6.33589],[106.918087,-6.336636],[106.917846,-6.337047],[106.917695,-6.337553],[106.917787,-6.338609],[106.917604,-6.339169],[106.917443,-6.339243],[106.917655,-6.340419],[106.917526,-6.340838],[106.917706,-6.34092],[106.917846,-6.341104],[106.917706,-6.341392],[106.917607,-6.341357],[106.917205,-6.342149],[106.917097,-6.342568],[106.917387,-6.342586],[106.917492,-6.342909],[106.917822,-6.342968],[106.918575,-6.3428],[106.918442,-6.342426],[106.91854,-6.341997],[106.91883,-6.341499],[106.918905,-6.341443],[106.919278,-6.341533],[106.91953,-6.341491],[106.919586,-6.341272],[106.919278,-6.340496],[106.919061,-6.340118],[106.918787,-6.339942],[106.918425,-6.340003],[106.91832,-6.339899],[106.918138,-6.339403],[106.91817,-6.339235],[106.918245,-6.339139],[106.91942,-6.338606],[106.919431,-6.338417],[106.919098,-6.337959],[106.919031,-6.337726],[106.919057,-6.337029],[106.919502,-6.336823],[106.919624,-6.336653],[106.919652,-6.33592],[106.919395,-6.335206],[106.919388,-6.334919],[106.919612,-6.334634],[106.919725,-6.334358],[106.919683,-6.333892],[106.919732,-6.333649],[106.920421,-6.333224],[106.920797,-6.332692],[106.920893,-6.332039],[106.920716,-6.331984]]]},"properties":{"layer_id":"ekosistem","jenis":"rth","nama":"RLS Pondok Ranggon","sumber":"OSM","atribut":{"kategori":"park"}}},{"type":"Feature","geometry":{"type":"Polygon","coordinates":[[[106.898656,-6.340471],[106.898477,-6.340943],[106.89923,-6.3414],[106.899488,-6.341146],[106.899578,-6.340878],[106.899416,-6.340748],[106.899259,-6.340762],[106.898656,-6.340471]]]},"properties":{"layer_id":"ekosistem","jenis":"rth","nama":"TPU Cilangkap II","sumber":"OSM","atribut":{"kategori":"cemetery"}}},{"type":"Feature","geometry":{"type":"Polygon","coordinates":[[[106.900324,-6.340204],[106.900708,-6.340113],[106.900935,-6.339835],[106.900475,-6.339521],[106.900548,-6.339434],[106.900241,-6.339106],[106.900048,-6.339299],[106.899873,-6.339737],[106.899727,-6.340005],[106.899505,-6.339937],[106.899376,-6.340251],[106.899521,-6.340533],[106.900072,-6.340584],[106.900324,-6.340204]]]},"properties":{"layer_id":"ekosistem","jenis":"rth","nama":"TPU Cilangkap I","sumber":"OSM","atribut":{"kategori":"cemetery"}}},{"type":"Feature","geometry":{"type":"Polygon","coordinates":[[[106.783242,-6.557515],[106.783251,-6.55765],[106.783529,-6.557663],[106.783533,-6.557448],[106.783242,-6.557515]]]},"properties":{"layer_id":"ekosistem","jenis":"rth","nama":null,"sumber":"OSM","atribut":{"kategori":"forest"}}},{"type":"Feature","geometry":{"type":"Polygon","coordinates":[[[106.775887,-6.558243],[106.776069,-6.558232],[106.776069,-6.558318],[106.77586,-6.558403],[106.775887,-6.558243]]]},"properties":{"layer_id":"ekosistem","jenis":"rth","nama":null,"sumber":"OSM","atribut":{"kategori":"park"}}},{"type":"Feature","geometry":{"type":"Polygon","coordinates":[[[106.768158,-6.560061],[106.768423,-6.559855],[106.768474,-6.559921],[106.768406,-6.559973],[106.768597,-6.560215],[106.768401,-6.560369],[106.768158,-6.560061]]]},"properties":{"layer_id":"ekosistem","jenis":"rth","nama":"woodland","sumber":"OSM","atribut":{"kategori":"park"}}},{"type":"Feature","geometry":{"type":"Polygon","coordinates":[[[106.780999,-6.558218],[106.781348,-6.558219],[106.781546,-6.558357],[106.781372,-6.55843],[106.780999,-6.558218]]]},"properties":{"layer_id":"ekosistem","jenis":"rth","nama":null,"sumber":"OSM","atribut":{"kategori":"park"}}},{"type":"Feature","geometry":{"type":"Polygon","coordinates":[[[106.780654,-6.558544],[106.780824,-6.558774],[106.78058,-6.558661],[106.780654,-6.558544]]]},"properties":{"layer_id":"ekosistem","jenis":"rth","nama":null,"sumber":"OSM","atribut":{"kategori":"park"}}},{"type":"Feature","geometry":{"type":"Polygon","coordinates":[[[106.780187,-6.558139],[106.780415,-6.558136],[106.780446,-6.558229],[106.780279,-6.558251],[106.780187,-6.558139]]]},"properties":{"layer_id":"ekosistem","jenis":"rth","nama":null,"sumber":"OSM","atribut":{"kategori":"park"}}},{"type":"Feature","geometry":{"type":"Polygon","coordinates":[[[106.781616,-6.558195],[106.781475,-6.558217],[106.781429,-6.558273],[106.781546,-6.558357],[106.781604,-6.558324],[106.781616,-6.558195]]]},"properties":{"layer_id":"ekosistem","jenis":"rth","nama":null,"sumber":"OSM","atribut":{"kategori":"park"}}},{"type":"Feature","geometry":{"type":"Polygon","coordinates":[[[106.901098,-6.30181],[106.901007,-6.301747],[106.901125,-6.301586],[106.901573,-6.301637],[106.901677,-6.301559],[106.901802,-6.301857],[106.901807,-6.302733],[106.901512,-6.30275],[106.901477,-6.302623],[106.90116,-6.30262],[106.901098,-6.30181]]]},"properties":{"layer_id":"ekosistem","jenis":"rth","nama":"Hutan Bukit Istana Anak","sumber":"OSM","atribut":{"kategori":"forest"}}},{"type":"Feature","geometry":{"type":"Polygon","coordinates":[[[106.88428,-6.354925],[106.884741,-6.354676],[106.884966,-6.35501],[106.884936,-6.355105],[106.884827,-6.355093],[106.884279,-6.355029],[106.88428,-6.354925]]]},"properties":{"layer_id":"ekosistem","jenis":"rth","nama":"Taman Merbabu","sumber":"OSM","atribut":{"kategori":"park"}}},{"type":"Feature","geometry":{"type":"Polygon","coordinates":[[[106.886223,-6.355508],[106.886791,-6.355535],[106.886686,-6.355829],[106.886606,-6.355973],[106.886543,-6.355948],[106.886191,-6.355545],[106.886223,-6.355508]]]},"properties":{"layer_id":"ekosistem","jenis":"rth","nama":"Taman Tidar","sumber":"OSM","atribut":{"kategori":"park"}}},{"type":"Feature","geometry":{"type":"Polygon","coordinates":[[[106.887839,-6.352151],[106.888013,-6.352644],[106.88808,-6.352632],[106.888164,-6.3524],[106.888241,-6.352316],[106.888371,-6.35219],[106.887839,-6.352151]]]},"properties":{"layer_id":"ekosistem","jenis":"rth","nama":null,"sumber":"OSM","atribut":{"kategori":"park"}}},{"type":"Feature","geometry":{"type":"Polygon","coordinates":[[[106.890676,-6.36048],[106.890438,-6.360449],[106.890358,-6.360548],[106.89034,-6.360711],[106.89016,-6.360823],[106.89013,-6.360911],[106.89027,-6.360956],[106.890124,-6.361337],[106.890214,-6.361428],[106.890372,-6.361537],[106.890498,-6.361508],[106.891357,-6.360804],[106.891311,-6.360724],[106.890676,-6.36048]]]},"properties":{"layer_id":"ekosistem","jenis":"rth","nama":"Taman Kumis Kucing","sumber":"OSM","atribut":{"kategori":"park"}}},{"type":"Feature","geometry":{"type":"Polygon","coordinates":[[[106.892748,-6.361143],[106.892919,-6.361202],[106.892834,-6.361444],[106.892663,-6.361384],[106.892748,-6.361143]]]},"properties":{"layer_id":"ekosistem","jenis":"rth","nama":"Taman Bermain Anak 417","sumber":"OSM","atribut":{"kategori":"park"}}},{"type":"Feature","geometry":{"type":"Polygon","coordinates":[[[106.889008,-6.364667],[106.889172,-6.36471],[106.889128,-6.364776],[106.888988,-6.364744],[106.889008,-6.364667]]]},"properties":{"layer_id":"ekosistem","jenis":"rth","nama":"Taman Bermain Anak","sumber":"OSM","atribut":{"kategori":"park"}}},{"type":"Feature","geometry":{"type":"Polygon","coordinates":[[[106.771727,-6.384872],[106.772446,-6.385013],[106.772706,-6.384677],[106.771883,-6.384464],[106.771727,-6.384872]]]},"properties":{"layer_id":"ekosistem","jenis":"rth","nama":null,"sumber":"OSM","atribut":{"kategori":"forest"}}},{"type":"Feature","geometry":{"type":"Polygon","coordinates":[[[106.77065,-6.384551],[106.770808,-6.384559],[106.770932,-6.384457],[106.770924,-6.384271],[106.770977,-6.384242],[106.771667,-6.384407],[106.771766,-6.384442],[106.771664,-6.384833],[106.771058,-6.384689],[106.770642,-6.384681],[106.77065,-6.384551]]]},"properties":{"layer_id":"ekosistem","jenis":"rth","nama":null,"sumber":"OSM","atribut":{"kategori":"forest"}}},{"type":"Feature","geometry":{"type":"Polygon","coordinates":[[[106.889606,-6.358362],[106.889426,-6.358846],[106.889544,-6.358889],[106.889563,-6.358837],[106.889723,-6.358405],[106.889606,-6.358362]]]},"properties":{"layer_id":"ekosistem","jenis":"rth","nama":"Taman Bermain","sumber":"OSM","atribut":{"kategori":"park"}}},{"type":"Feature","geometry":{"type":"Polygon","coordinates":[[[106.8435,-6.340861],[106.843503,-6.34124],[106.844192,-6.34124],[106.844187,-6.340766],[106.843497,-6.340768],[106.8435,-6.340861]]]},"properties":{"layer_id":"ekosistem","jenis":"rth","nama":"taman rusa","sumber":"OSM","atribut":{"kategori":"recreation_ground"}}},{"type":"Feature","geometry":{"type":"Polygon","coordinates":[[[106.874341,-6.286121],[106.874402,-6.286166],[106.874821,-6.286038],[106.875132,-6.28605],[106.875302,-6.28572],[106.875528,-6.285723],[106.875627,-6.285566],[106.875881,-6.285473],[106.876029,-6.285558],[106.876195,-6.285527],[106.876231,-6.285232],[106.876377,-6.285179],[106.876188,-6.284831],[106.876032,-6.284965],[106.875267,-6.285076],[106.874736,-6.285429],[106.874761,-6.285871],[106.874353,-6.285991],[106.874341,-6.286121]]]},"properties":{"layer_id":"ekosistem","jenis":"rth","nama":null,"sumber":"OSM","atribut":{"kategori":"park"}}},{"type":"Feature","geometry":{"type":"Polygon","coordinates":[[[106.845665,-6.400667],[106.845583,-6.400605],[106.845669,-6.400383],[106.845796,-6.400399],[106.845665,-6.400667]]]},"properties":{"layer_id":"ekosistem","jenis":"rth","nama":null,"sumber":"OSM","atribut":{"kategori":"cemetery"}}},{"type":"Feature","geometry":{"type":"Polygon","coordinates":[[[106.877932,-6.37816],[106.878121,-6.378209],[106.878048,-6.378481],[106.877858,-6.378421],[106.877932,-6.37816]]]},"properties":{"layer_id":"ekosistem","jenis":"rth","nama":"Balai Sehati Pondok Cibubur","sumber":"OSM","atribut":{"kategori":"park"}}},{"type":"Feature","geometry":{"type":"Polygon","coordinates":[[[106.770022,-6.296939],[106.770014,-6.297318],[106.770195,-6.297354],[106.770331,-6.297259],[106.770533,-6.297126],[106.770835,-6.297117],[106.770827,-6.296939],[106.770022,-6.296939]]]},"properties":{"layer_id":"ekosistem","jenis":"rth","nama":"RPTRA Mawar","sumber":"OSM","atribut":{"kategori":"recreation_ground"}}},{"type":"Feature","geometry":{"type":"Polygon","coordinates":[[[106.831228,-6.289086],[106.831692,-6.289153],[106.831636,-6.289539],[106.831172,-6.289472],[106.831228,-6.289086]]]},"properties":{"layer_id":"ekosistem","jenis":"rth","nama":"RPTRA Seruni Saibun","sumber":"OSM","atribut":{"kategori":"recreation_ground"}}},{"type":"Feature","geometry":{"type":"Polygon","coordinates":[[[106.851273,-6.347659],[106.851126,-6.34831],[106.850469,-6.348187],[106.850611,-6.347529],[106.851273,-6.347659]]]},"properties":{"layer_id":"ekosistem","jenis":"rth","nama":null,"sumber":"OSM","atribut":{"kategori":"park"}}},{"type":"Feature","geometry":{"type":"Polygon","coordinates":[[[106.812162,-6.312035],[106.812156,-6.3121],[106.812261,-6.31211],[106.812267,-6.312046],[106.812162,-6.312035]]]},"properties":{"layer_id":"ekosistem","jenis":"rth","nama":null,"sumber":"OSM","atribut":{"kategori":"park"}}},{"type":"Feature","geometry":{"type":"Polygon","coordinates":[[[106.779082,-6.30632],[106.778581,-6.306367],[106.778564,-6.30618],[106.778643,-6.306173],[106.77865,-6.306243],[106.779013,-6.30621],[106.778988,-6.305948],[106.778616,-6.305983],[106.778623,-6.306056],[106.778534,-6.306065],[106.778516,-6.30587],[106.779035,-6.305821],[106.779082,-6.30632]]]},"properties":{"layer_id":"ekosistem","jenis":"rth","nama":null,"sumber":"OSM","atribut":{"kategori":"park"}}},{"type":"Feature","geometry":{"type":"Polygon","coordinates":[[[106.898131,-6.353559],[106.898056,-6.353652],[106.898341,-6.353812],[106.899156,-6.353996],[106.899475,-6.353559],[106.899164,-6.353383],[106.89914,-6.353281],[106.898845,-6.353159],[106.898459,-6.353148],[106.898131,-6.353559]]]},"properties":{"layer_id":"ekosistem","jenis":"rth","nama":"TPU Munjul","sumber":"OSM","atribut":{"kategori":"cemetery"}}},{"type":"Feature","geometry":{"type":"Polygon","coordinates":[[[106.900409,-6.352586],[106.899969,-6.352351],[106.899596,-6.352263],[106.899525,-6.352502],[106.899123,-6.352426],[106.899202,-6.352044],[106.89944,-6.35198],[106.899548,-6.352002],[106.899741,-6.351671],[106.900274,-6.351693],[106.900655,-6.351884],[106.900596,-6.352002],[106.900722,-6.352119],[106.900454,-6.352436],[106.900409,-6.352586]]]},"properties":{"layer_id":"ekosistem","jenis":"rth","nama":"Hutan Kota Munjul","sumber":"OSM","atribut":{"kategori":"park"}}},{"type":"Feature","geometry":{"type":"Polygon","coordinates":[[[106.8075,-6.341346],[106.807856,-6.34155],[106.807539,-6.342096],[106.807184,-6.341893],[106.8075,-6.341346]]]},"properties":{"layer_id":"ekosistem","jenis":"rth","nama":"RPTRA Taman Jangkrik","sumber":"OSM","atribut":{"kategori":"recreation_ground"}}},{"type":"Feature","geometry":{"type":"Polygon","coordinates":[[[106.849587,-6.337461],[106.84934,-6.338316],[106.849217,-6.338524],[106.849359,-6.338646],[106.849272,-6.338813],[106.849264,-6.339126],[106.849321,-6.339129],[106.849331,-6.339266],[106.849584,-6.339527],[106.84951,-6.339733],[106.84984,-6.339939],[106.849723,-6.340147],[106.849561,-6.340083],[106.849484,-6.340201],[106.849317,-6.340149],[106.849232,-6.340333],[106.849468,-6.340521],[106.849786,-6.340933],[106.850195,-6.340552],[106.850274,-6.340423],[106.849996,-6.340146],[106.85026,-6.339133],[106.850506,-6.338845],[106.850699,-6.33874],[106.851011,-6.338756],[106.850971,-6.338521],[106.85075,-6.338311],[106.85051,-6.337688],[106.849587,-6.337461]]]},"properties":{"layer_id":"ekosistem","jenis":"rth","nama":"TPU Kalisari","sumber":"OSM","atribut":{"kategori":"cemetery"}}},{"type":"Feature","geometry":{"type":"Polygon","coordinates":[[[106.875841,-6.323796],[106.876008,-6.32384],[106.876053,-6.323647],[106.87624,-6.323703],[106.876198,-6.323865],[106.8761,-6.3239],[106.876047,-6.324016],[106.876003,-6.324223],[106.875744,-6.324263],[106.875841,-6.323796]]]},"properties":{"layer_id":"ekosistem","jenis":"rth","nama":"RPTRA Ciracas","sumber":"OSM","atribut":{"kategori":"recreation_ground"}}},{"type":"Feature","geometry":{"type":"Polygon","coordinates":[[[106.88092,-6.327487],[106.880844,-6.327863],[106.881043,-6.327895],[106.881083,-6.327482],[106.881013,-6.32741],[106.880901,-6.327412],[106.88092,-6.327487]]]},"properties":{"layer_id":"ekosistem","jenis":"rth","nama":"Taman Interaksi Sosial (Silih Asih)","sumber":"OSM","atribut":{"kategori":"recreation_ground"}}},{"type":"Feature","geometry":{"type":"Polygon","coordinates":[[[106.831427,-6.338333],[106.831972,-6.338441],[106.832103,-6.337881],[106.832294,-6.337921],[106.832343,-6.337098],[106.832177,-6.336979],[106.831945,-6.337075],[106.831737,-6.337181],[106.831564,-6.337411],[106.831427,-6.338333]]]},"properties":{"layer_id":"ekosistem","jenis":"rth","nama":null,"sumber":"OSM","atribut":{"kategori":"cemetery"}}},{"type":"Feature","geometry":{"type":"Polygon","coordinates":[[[106.84523,-6.491683],[106.845264,-6.491845],[106.845414,-6.491757],[106.84523,-6.491683]]]},"properties":{"layer_id":"ekosistem","jenis":"rth","nama":null,"sumber":"OSM","atribut":{"kategori":"park"}}},{"type":"Feature","geometry":{"type":"Polygon","coordinates":[[[106.828793,-6.303257],[106.829132,-6.303254],[106.829135,-6.303646],[106.828796,-6.303649],[106.828793,-6.303257]]]},"properties":{"layer_id":"ekosistem","jenis":"rth","nama":"RPTRA Bagus","sumber":"OSM","atribut":{"kategori":"recreation_ground"}}},{"type":"Feature","geometry":{"type":"Polygon","coordinates":[[[106.836059,-6.304673],[106.83624,-6.304733],[106.836198,-6.304862],[106.836016,-6.304802],[106.836059,-6.304673]]]},"properties":{"layer_id":"ekosistem","jenis":"rth","nama":"RPTRA Baung","sumber":"OSM","atribut":{"kategori":"recreation_ground"}}},{"type":"Feature","geometry":{"type":"Polygon","coordinates":[[[106.830823,-6.314021],[106.831024,-6.31409],[106.83097,-6.314246],[106.830769,-6.314177],[106.830823,-6.314021]]]},"properties":{"layer_id":"ekosistem","jenis":"rth","nama":"RPTRA Kecapi","sumber":"OSM","atribut":{"kategori":"recreation_ground"}}},{"type":"Feature","geometry":{"type":"Polygon","coordinates":[[[106.786309,-6.308144],[106.786541,-6.308112],[106.786518,-6.308458],[106.78631,-6.308409],[106.786309,-6.308144]]]},"properties":{"layer_id":"ekosistem","jenis":"rth","nama":"RPTRA Anggrek","sumber":"OSM","atribut":{"kategori":"recreation_ground"}}},{"type":"Feature","geometry":{"type":"Polygon","coordinates":[[[106.780644,-6.298948],[106.781237,-6.298787],[106.781237,-6.299237],[106.781139,-6.29939],[106.780563,-6.298982],[106.780644,-6.298948]]]},"properties":{"layer_id":"ekosistem","jenis":"rth","nama":"Taman Bona","sumber":"OSM","atribut":{"kategori":"park"}}},{"type":"Feature","geometry":{"type":"Polygon","coordinates":[[[106.807242,-6.30427],[106.807253,-6.304478],[106.807434,-6.304468],[106.807423,-6.30426],[106.807242,-6.30427]]]},"properties":{"layer_id":"ekosistem","jenis":"rth","nama":"RPTRA Krukut Pola","sumber":"OSM","atribut":{"kategori":"recreation_ground"}}},{"type":"Feature","geometry":{"type":"Polygon","coordinates":[[[106.788645,-6.308616],[106.788643,-6.308868],[106.788843,-6.30887],[106.788845,-6.308617],[106.788645,-6.308616]]]},"properties":{"layer_id":"ekosistem","jenis":"rth","nama":"RPTRA Pola Idaman","sumber":"OSM","atribut":{"kategori":"recreation_ground"}}},{"type":"Feature","geometry":{"type":"Polygon","coordinates":[[[106.798939,-6.30996],[106.798938,-6.310106],[106.798614,-6.310104],[106.798615,-6.309959],[106.798939,-6.30996]]]},"properties":{"layer_id":"ekosistem","jenis":"rth","nama":"RPTRA Pinang Pola","sumber":"OSM","atribut":{"kategori":"recreation_ground"}}},{"type":"Feature","geometry":{"type":"Polygon","coordinates":[[[106.86265,-6.340589],[106.862843,-6.34065],[106.862667,-6.341202],[106.862473,-6.341141],[106.86265,-6.340589]]]},"properties":{"layer_id":"ekosistem","jenis":"rth","nama":"RPTRA Kaca Piring","sumber":"OSM","atribut":{"kategori":"recreation_ground"}}},{"type":"Feature","geometry":{"type":"Polygon","coordinates":[[[106.86125,-6.347959],[106.861485,-6.348059],[106.861273,-6.348552],[106.861038,-6.348452],[106.86125,-6.347959]]]},"properties":{"layer_id":"ekosistem","jenis":"rth","nama":"RPTRA Kopi Gandaria","sumber":"OSM","atribut":{"kategori":"recreation_ground"}}},{"type":"Feature","geometry":{"type":"Polygon","coordinates":[[[106.858515,-6.38174],[106.858893,-6.383166],[106.859225,-6.383471],[106.859552,-6.383386],[106.859234,-6.382716],[106.859239,-6.382497],[106.859036,-6.381697],[106.858515,-6.38174]]]},"properties":{"layer_id":"ekosistem","jenis":"rth","nama":"TPU Cisalak","sumber":"OSM","atribut":{"kategori":"cemetery"}}},{"type":"Feature","geometry":{"type":"Polygon","coordinates":[[[106.803881,-6.294889],[106.804299,-6.294946],[106.80427,-6.295245],[106.804338,-6.295258],[106.804406,-6.29464],[106.803926,-6.294572],[106.803881,-6.294889]]]},"properties":{"layer_id":"ekosistem","jenis":"rth","nama":"RPTRA Intan","sumber":"OSM","atribut":{"kategori":"recreation_ground"}}},{"type":"Feature","geometry":{"type":"Polygon","coordinates":[[[106.808725,-6.300174],[106.808959,-6.300186],[106.808961,-6.3001],[106.808727,-6.300089],[106.808725,-6.300174]]]},"properties":{"layer_id":"ekosistem","jenis":"rth","nama":null,"sumber":"OSM","atribut":{"kategori":"park"}}},{"type":"Feature","geometry":{"type":"Polygon","coordinates":[[[106.808948,-6.300417],[106.808949,-6.300345],[106.808723,-6.300333],[106.808722,-6.300412],[106.808948,-6.300417]]]},"properties":{"layer_id":"ekosistem","jenis":"rth","nama":null,"sumber":"OSM","atribut":{"kategori":"park"}}},{"type":"Feature","geometry":{"type":"Polygon","coordinates":[[[106.811505,-6.301631],[106.811313,-6.301627],[106.81131,-6.301759],[106.811383,-6.301761],[106.811385,-6.301696],[106.811504,-6.301698],[106.811505,-6.301631]]]},"properties":{"layer_id":"ekosistem","jenis":"rth","nama":null,"sumber":"OSM","atribut":{"kategori":"park"}}},{"type":"Feature","geometry":{"type":"Polygon","coordinates":[[[106.811682,-6.301702],[106.811806,-6.301704],[106.811805,-6.301762],[106.811863,-6.301763],[106.811865,-6.301639],[106.811684,-6.301635],[106.811682,-6.301702]]]},"properties":{"layer_id":"ekosistem","jenis":"rth","nama":null,"sumber":"OSM","atribut":{"kategori":"park"}}},{"type":"Feature","geometry":{"type":"Polygon","coordinates":[[[106.81121,-6.301796],[106.811167,-6.301795],[106.811165,-6.301891],[106.811208,-6.301892],[106.81121,-6.301796]]]},"properties":{"layer_id":"ekosistem","jenis":"rth","nama":null,"sumber":"OSM","atribut":{"kategori":"park"}}},{"type":"Feature","geometry":{"type":"Polygon","coordinates":[[[106.812028,-6.301659],[106.811962,-6.301657],[106.811956,-6.301978],[106.812022,-6.301979],[106.812028,-6.301659]]]},"properties":{"layer_id":"ekosistem","jenis":"rth","nama":null,"sumber":"OSM","atribut":{"kategori":"park"}}},{"type":"Feature","geometry":{"type":"Polygon","coordinates":[[[106.812059,-6.301077],[106.812056,-6.301182],[106.811921,-6.301179],[106.811923,-6.301074],[106.811879,-6.301073],[106.811874,-6.301295],[106.812095,-6.301299],[106.8121,-6.301078],[106.812059,-6.301077]]]},"properties":{"layer_id":"ekosistem","jenis":"rth","nama":null,"sumber":"OSM","atribut":{"kategori":"park"}}},{"type":"Feature","geometry":{"type":"Polygon","coordinates":[[[106.811211,-6.301753],[106.811213,-6.301634],[106.81117,-6.301633],[106.811168,-6.301752],[106.811211,-6.301753]]]},"properties":{"layer_id":"ekosistem","jenis":"rth","nama":null,"sumber":"OSM","atribut":{"kategori":"park"}}},{"type":"Feature","geometry":{"type":"Polygon","coordinates":[[[106.810031,-6.30187],[106.810074,-6.301871],[106.810076,-6.301769],[106.810034,-6.301768],[106.810031,-6.30187]]]},"properties":{"layer_id":"ekosistem","jenis":"rth","nama":null,"sumber":"OSM","atribut":{"kategori":"park"}}},{"type":"Feature","geometry":{"type":"Polygon","coordinates":[[[106.810823,-6.301786],[106.810819,-6.30196],[106.810877,-6.301961],[106.81088,-6.301787],[106.810823,-6.301786]]]},"properties":{"layer_id":"ekosistem","jenis":"rth","nama":null,"sumber":"OSM","atribut":{"kategori":"park"}}},{"type":"Feature","geometry":{"type":"Polygon","coordinates":[[[106.852968,-6.321209],[106.853251,-6.321255],[106.853557,-6.321445],[106.853406,-6.322065],[106.852899,-6.321996],[106.852874,-6.322078],[106.853063,-6.322104],[106.853045,-6.322233],[106.852843,-6.322777],[106.852732,-6.322908],[106.852485,-6.322898],[106.852427,-6.323082],[106.851874,-6.32309],[106.85188,-6.322899],[106.851951,-6.322888],[106.851986,-6.32277],[106.852124,-6.322794],[106.85229,-6.322023],[106.852655,-6.321946],[106.852916,-6.321627],[106.852968,-6.321209]]]},"properties":{"layer_id":"ekosistem","jenis":"rth","nama":"TPU Cijantung","sumber":"OSM","atribut":{"kategori":"cemetery"}}},{"type":"Feature","geometry":{"type":"Polygon","coordinates":[[[106.809399,-6.314733],[106.809959,-6.314747],[106.809946,-6.315016],[106.8102,-6.315555],[106.81031,-6.31557],[106.810329,-6.316016],[106.809938,-6.315888],[106.809635,-6.315978],[106.809487,-6.317237],[106.809747,-6.317271],[106.809635,-6.318311],[106.809463,-6.318308],[106.809474,-6.319364],[106.810681,-6.319428],[106.810673,-6.319727],[106.810257,-6.3197],[106.810214,-6.320422],[106.809696,-6.32043],[106.80971,-6.320625],[106.809857,-6.32062],[106.809892,-6.320894],[106.809562,-6.32091],[106.809584,-6.321241],[106.809205,-6.321225],[106.809098,-6.320908],[106.808741,-6.320985],[106.808682,-6.321297],[106.80853,-6.321353],[106.808473,-6.321172],[106.808548,-6.32062],[106.808326,-6.320577],[106.808267,-6.320828],[106.808084,-6.320841],[106.807736,-6.320148],[106.807677,-6.319783],[106.807502,-6.319527],[106.8075,-6.319388],[106.807961,-6.318927],[106.808165,-6.318818],[106.8082,-6.318647],[106.807864,-6.31814],[106.807765,-6.317879],[106.807805,-6.317493],[106.808106,-6.317215],[106.808264,-6.316935],[106.80844,-6.316866],[106.808897,-6.316847],[106.809364,-6.315189],[106.809399,-6.314733]]]},"properties":{"layer_id":"ekosistem","jenis":"rth","nama":null,"sumber":"OSM","atribut":{"kategori":"cemetery"}}},{"type":"Feature","geometry":{"type":"Polygon","coordinates":[[[106.837987,-6.338474],[106.838034,-6.338372],[106.838566,-6.338441],[106.838694,-6.338537],[106.838953,-6.338576],[106.838927,-6.338837],[106.838608,-6.33878],[106.8385,-6.33889],[106.838581,-6.338994],[106.838429,-6.339087],[106.838315,-6.339018],[106.837987,-6.338474]]]},"properties":{"layer_id":"ekosistem","jenis":"rth","nama":null,"sumber":"OSM","atribut":{"kategori":"cemetery"}}},{"type":"Feature","geometry":{"type":"Polygon","coordinates":[[[106.827321,-6.301301],[106.827703,-6.301236],[106.827837,-6.300474],[106.827562,-6.30035],[106.827239,-6.300294],[106.827321,-6.301301]]]},"properties":{"layer_id":"ekosistem","jenis":"rth","nama":null,"sumber":"OSM","atribut":{"kategori":"cemetery"}}},{"type":"Feature","geometry":{"type":"Polygon","coordinates":[[[106.810297,-6.336815],[106.811281,-6.337108],[106.811169,-6.337862],[106.810407,-6.337825],[106.810418,-6.337537],[106.810184,-6.337513],[106.810297,-6.336815]]]},"properties":{"layer_id":"ekosistem","jenis":"rth","nama":null,"sumber":"OSM","atribut":{"kategori":"cemetery"}}},{"type":"Feature","geometry":{"type":"Polygon","coordinates":[[[106.819097,-6.348958],[106.819044,-6.349699],[106.818966,-6.349976],[106.81902,-6.35032],[106.818899,-6.350784],[106.818274,-6.351418],[106.818054,-6.351732],[106.817402,-6.351421],[106.817043,-6.351319],[106.816981,-6.351191],[106.817067,-6.350893],[106.816992,-6.350538],[106.816512,-6.35045],[106.816493,-6.35052],[106.816222,-6.350445],[106.816192,-6.35056],[106.816042,-6.350509],[106.815691,-6.350664],[106.815774,-6.350429],[106.81575,-6.350309],[106.815554,-6.350258],[106.815506,-6.350405],[106.815281,-6.350325],[106.81534,-6.35017],[106.815088,-6.350059],[106.815399,-6.349467],[106.816163,-6.349656],[106.816198,-6.349541],[106.816332,-6.349589],[106.81704,-6.349013],[106.817434,-6.349072],[106.81777,-6.348896],[106.817907,-6.348891],[106.818676,-6.34896],[106.818856,-6.348917],[106.819036,-6.348766],[106.819205,-6.348782],[106.819097,-6.348958]]]},"properties":{"layer_id":"ekosistem","jenis":"rth","nama":"TPU Srengseng Sawah","sumber":"OSM","atribut":{"kategori":"cemetery"}}},{"type":"Feature","geometry":{"type":"Polygon","coordinates":[[[106.811855,-6.364155],[106.812019,-6.365132],[106.812403,-6.365194],[106.812657,-6.36532],[106.812655,-6.365496],[106.81314,-6.365637],[106.813269,-6.364808],[106.812896,-6.364531],[106.812915,-6.364456],[106.812577,-6.364357],[106.812631,-6.364072],[106.812183,-6.36396],[106.812105,-6.364235],[106.811855,-6.364155]]]},"properties":{"layer_id":"ekosistem","jenis":"rth","nama":null,"sumber":"OSM","atribut":{"kategori":"cemetery"}}},{"type":"Feature","geometry":{"type":"Polygon","coordinates":[[[106.838259,-6.359836],[106.838125,-6.360044],[106.837645,-6.360132],[106.837693,-6.359554],[106.837725,-6.359191],[106.838079,-6.359567],[106.838044,-6.359738],[106.838259,-6.359836]]]},"properties":{"layer_id":"ekosistem","jenis":"rth","nama":null,"sumber":"OSM","atribut":{"kategori":"cemetery"}}},{"type":"Feature","geometry":{"type":"Polygon","coordinates":[[[106.834934,-6.358107],[106.834398,-6.358146],[106.834448,-6.358458],[106.834416,-6.358831],[106.835078,-6.358826],[106.83518,-6.358767],[106.834934,-6.358107]]]},"properties":{"layer_id":"ekosistem","jenis":"rth","nama":null,"sumber":"OSM","atribut":{"kategori":"cemetery"}}},{"type":"Feature","geometry":{"type":"Polygon","coordinates":[[[106.808969,-6.377111],[106.809525,-6.377089],[106.809557,-6.37739],[106.809487,-6.37767],[106.809144,-6.377763],[106.809031,-6.377568],[106.808969,-6.377111]]]},"properties":{"layer_id":"ekosistem","jenis":"rth","nama":"TPU Tanah Baru","sumber":"OSM","atribut":{"kategori":"cemetery"}}},{"type":"Feature","geometry":{"type":"Polygon","coordinates":[[[106.845284,-6.380229],[106.846064,-6.380263],[106.846083,-6.380492],[106.845759,-6.380516],[106.845799,-6.381084],[106.845412,-6.381324],[106.844975,-6.381409],[106.844533,-6.381324],[106.844358,-6.381207],[106.844361,-6.381084],[106.844573,-6.381018],[106.844924,-6.38077],[106.845203,-6.380434],[106.845284,-6.380229]]]},"properties":{"layer_id":"ekosistem","jenis":"rth","nama":null,"sumber":"OSM","atribut":{"kategori":"cemetery"}}},{"type":"Feature","geometry":{"type":"Polygon","coordinates":[[[106.843503,-6.3917],[106.843108,-6.391635],[106.843111,-6.391227],[106.843036,-6.391227],[106.843105,-6.390522],[106.843596,-6.390734],[106.843503,-6.3917]]]},"properties":{"layer_id":"ekosistem","jenis":"rth","nama":null,"sumber":"OSM","atribut":{"kategori":"cemetery"}}},{"type":"Feature","geometry":{"type":"Polygon","coordinates":[[[106.848521,-6.417915],[106.848831,-6.417942],[106.848868,-6.418008],[106.849116,-6.418075],[106.849177,-6.417873],[106.849364,-6.417913],[106.849444,-6.417682],[106.849407,-6.417303],[106.849357,-6.417211],[106.849007,-6.417159],[106.848838,-6.417108],[106.848892,-6.416972],[106.848717,-6.416919],[106.848731,-6.416783],[106.848466,-6.416736],[106.848259,-6.417274],[106.848665,-6.417399],[106.848521,-6.417915]]]},"properties":{"layer_id":"ekosistem","jenis":"rth","nama":"Makam Kamboja","sumber":"OSM","atribut":{"kategori":"cemetery"}}},{"type":"Feature","geometry":{"type":"Polygon","coordinates":[[[106.839364,-6.410018],[106.839021,-6.410101],[106.838723,-6.410264],[106.83872,-6.409898],[106.838648,-6.409787],[106.838653,-6.408584],[106.839576,-6.408563],[106.839557,-6.408982],[106.839893,-6.40904],[106.839903,-6.409144],[106.840453,-6.409083],[106.840603,-6.409429],[106.840432,-6.409491],[106.840434,-6.409731],[106.839973,-6.409672],[106.839372,-6.409701],[106.839364,-6.410018]]]},"properties":{"layer_id":"ekosistem","jenis":"rth","nama":null,"sumber":"OSM","atribut":{"kategori":"cemetery"}}},{"type":"Feature","geometry":{"type":"Polygon","coordinates":[[[106.834348,-6.408994],[106.834335,-6.408483],[106.83445,-6.408472],[106.834552,-6.408257],[106.834778,-6.408203],[106.835113,-6.408368],[106.835129,-6.408449],[106.835416,-6.408443],[106.835451,-6.408584],[106.835931,-6.408646],[106.83595,-6.408592],[106.83607,-6.4086],[106.836124,-6.409131],[106.83595,-6.409211],[106.835869,-6.409709],[106.835164,-6.409613],[106.834703,-6.409048],[106.834601,-6.408987],[106.834348,-6.408994]]]},"properties":{"layer_id":"ekosistem","jenis":"rth","nama":"Pemakaman Lemperes","sumber":"OSM","atribut":{"kategori":"cemetery"}}},{"type":"Feature","geometry":{"type":"Polygon","coordinates":[[[106.834386,-6.379917],[106.834563,-6.379935],[106.834523,-6.380077],[106.834861,-6.380117],[106.834968,-6.380194],[106.834976,-6.38041],[106.834874,-6.380364],[106.834721,-6.380679],[106.834745,-6.380911],[106.83441,-6.380972],[106.834386,-6.380703],[106.834088,-6.38073],[106.83408,-6.380631],[106.833961,-6.380646],[106.833935,-6.380542],[106.834043,-6.380518],[106.834051,-6.380463],[106.834023,-6.380378],[106.833933,-6.380393],[106.833933,-6.380291],[106.833994,-6.380159],[106.834173,-6.380154],[106.834174,-6.379911],[106.834386,-6.379917]]]},"properties":{"layer_id":"ekosistem","jenis":"rth","nama":null,"sumber":"OSM","atribut":{"kategori":"cemetery"}}},{"type":"Feature","geometry":{"type":"Polygon","coordinates":[[[106.83212,-6.387444],[106.832208,-6.387556],[106.832224,-6.387969],[106.831934,-6.388001],[106.831704,-6.387929],[106.83194,-6.387353],[106.83212,-6.387444]]]},"properties":{"layer_id":"ekosistem","jenis":"rth","nama":null,"sumber":"OSM","atribut":{"kategori":"cemetery"}}},{"type":"Feature","geometry":{"type":"Polygon","coordinates":[[[106.830854,-6.390859],[106.831065,-6.39096],[106.830974,-6.391072],[106.83113,-6.391221],[106.831006,-6.391477],[106.830899,-6.391443],[106.830762,-6.391699],[106.830596,-6.391013],[106.830854,-6.390859]]]},"properties":{"layer_id":"ekosistem","jenis":"rth","nama":null,"sumber":"OSM","atribut":{"kategori":"cemetery"}}},{"type":"Feature","geometry":{"type":"Polygon","coordinates":[[[106.818045,-6.415892],[106.81808,-6.416265],[106.818248,-6.416247],[106.818287,-6.416778],[106.817662,-6.416778],[106.817587,-6.416631],[106.81762,-6.416194],[106.817845,-6.416133],[106.817692,-6.415871],[106.817821,-6.415936],[106.818045,-6.415892]]]},"properties":{"layer_id":"ekosistem","jenis":"rth","nama":"TPU Kramat Ratujaya","sumber":"OSM","atribut":{"kategori":"cemetery"}}},{"type":"Feature","geometry":{"type":"Polygon","coordinates":[[[106.823692,-6.406827],[106.823923,-6.406859],[106.82392,-6.40696],[106.824049,-6.406965],[106.82447,-6.406084],[106.824833,-6.406171],[106.825236,-6.406483],[106.824931,-6.407254],[106.824263,-6.407326],[106.823982,-6.407277],[106.824021,-6.407116],[106.823844,-6.407068],[106.823685,-6.40708],[106.823459,-6.407202],[106.823506,-6.406832],[106.823692,-6.406827]]]},"properties":{"layer_id":"ekosistem","jenis":"rth","nama":"TPWD Parung Serab","sumber":"OSM","atribut":{"kategori":"cemetery"}}},{"type":"Feature","geometry":{"type":"Polygon","coordinates":[[[106.818049,-6.412036],[106.817544,-6.411724],[106.816646,-6.411722],[106.816569,-6.412189],[106.816925,-6.412285],[106.816893,-6.412423],[106.817314,-6.41274],[106.818006,-6.412836],[106.818022,-6.412596],[106.817877,-6.412487],[106.818049,-6.412036]]]},"properties":{"layer_id":"ekosistem","jenis":"rth","nama":null,"sumber":"OSM","atribut":{"kategori":"cemetery"}}},{"type":"Feature","geometry":{"type":"Polygon","coordinates":[[[106.825087,-6.397675],[106.825843,-6.398098],[106.826087,-6.397632],[106.826146,-6.397307],[106.825583,-6.397139],[106.825661,-6.396958],[106.825411,-6.396835],[106.825087,-6.397675]]]},"properties":{"layer_id":"ekosistem","jenis":"rth","nama":"Pemakaman YLCC","sumber":"OSM","atribut":{"kategori":"cemetery"}}},{"type":"Feature","geometry":{"type":"Polygon","coordinates":[[[106.845681,-6.405786],[106.84603,-6.40581],[106.846008,-6.405996],[106.84608,-6.40602],[106.846035,-6.406225],[106.845276,-6.406097],[106.844825,-6.405959],[106.844973,-6.405764],[106.845329,-6.40574],[106.845378,-6.405884],[106.845681,-6.405786]]]},"properties":{"layer_id":"ekosistem","jenis":"rth","nama":null,"sumber":"OSM","atribut":{"kategori":"cemetery"}}},{"type":"Feature","geometry":{"type":"Polygon","coordinates":[[[106.876278,-6.422326],[106.876153,-6.42261],[106.876285,-6.422959],[106.876797,-6.42273],[106.876955,-6.422495],[106.876642,-6.422215],[106.876278,-6.422326]]]},"properties":{"layer_id":"ekosistem","jenis":"rth","nama":null,"sumber":"OSM","atribut":{"kategori":"cemetery"}}},{"type":"Feature","geometry":{"type":"Polygon","coordinates":[[[106.889448,-6.404494],[106.888917,-6.404734],[106.888981,-6.404865],[106.889246,-6.405141],[106.889602,-6.404705],[106.889448,-6.404494]]]},"properties":{"layer_id":"ekosistem","jenis":"rth","nama":null,"sumber":"OSM","atribut":{"kategori":"cemetery"}}},{"type":"Feature","geometry":{"type":"Polygon","coordinates":[[[106.880975,-6.407565],[106.881145,-6.406985],[106.88126,-6.407062],[106.881504,-6.406721],[106.881767,-6.40662],[106.881952,-6.406716],[106.882103,-6.406857],[106.882062,-6.407022],[106.88181,-6.40735],[106.881288,-6.407696],[106.880975,-6.407565]]]},"properties":{"layer_id":"ekosistem","jenis":"rth","nama":null,"sumber":"OSM","atribut":{"kategori":"cemetery"}}},{"type":"Feature","geometry":{"type":"Polygon","coordinates":[[[106.895972,-6.405117],[106.895881,-6.405322],[106.895779,-6.405237],[106.895841,-6.405066],[106.895972,-6.405117]]]},"properties":{"layer_id":"ekosistem","jenis":"rth","nama":null,"sumber":"OSM","atribut":{"kategori":"cemetery"}}},{"type":"Feature","geometry":{"type":"Polygon","coordinates":[[[106.861892,-6.417668],[106.861728,-6.417562],[106.861919,-6.417396],[106.861908,-6.416927],[106.862093,-6.41701],[106.862217,-6.416781],[106.86271,-6.416842],[106.863,-6.416986],[106.862651,-6.417876],[106.862101,-6.417543],[106.861938,-6.417506],[106.861892,-6.417668]]]},"properties":{"layer_id":"ekosistem","jenis":"rth","nama":null,"sumber":"OSM","atribut":{"kategori":"cemetery"}}},{"type":"Feature","geometry":{"type":"Polygon","coordinates":[[[106.872275,-6.384965],[106.872449,-6.384781],[106.87184,-6.384424],[106.871666,-6.384797],[106.871996,-6.384936],[106.872275,-6.384965]]]},"properties":{"layer_id":"ekosistem","jenis":"rth","nama":null,"sumber":"OSM","atribut":{"kategori":"cemetery"}}},{"type":"Feature","geometry":{"type":"Polygon","coordinates":[[[106.856751,-6.394719],[106.857083,-6.394852],[106.857198,-6.394748],[106.857324,-6.394761],[106.857382,-6.394611],[106.856895,-6.394428],[106.856751,-6.394719]]]},"properties":{"layer_id":"ekosistem","jenis":"rth","nama":null,"sumber":"OSM","atribut":{"kategori":"cemetery"}}},{"type":"Feature","geometry":{"type":"Polygon","coordinates":[[[106.859886,-6.383305],[106.860157,-6.383294],[106.860234,-6.384435],[106.859998,-6.384448],[106.859886,-6.383305]]]},"properties":{"layer_id":"ekosistem","jenis":"rth","nama":null,"sumber":"OSM","atribut":{"kategori":"cemetery"}}},{"type":"Feature","geometry":{"type":"Polygon","coordinates":[[[106.856933,-6.383808],[106.856884,-6.384024],[106.857037,-6.384107],[106.857032,-6.384744],[106.857617,-6.384851],[106.857861,-6.384315],[106.857858,-6.384187],[106.857462,-6.383742],[106.857351,-6.383487],[106.856964,-6.383525],[106.856933,-6.383808]]]},"properties":{"layer_id":"ekosistem","jenis":"rth","nama":null,"sumber":"OSM","atribut":{"kategori":"cemetery"}}},{"type":"Feature","geometry":{"type":"Polygon","coordinates":[[[106.733111,-6.324717],[106.732623,-6.32492],[106.732588,-6.325021],[106.732961,-6.325066],[106.73309,-6.325232],[106.733374,-6.325237],[106.733111,-6.324717]]]},"properties":{"layer_id":"ekosistem","jenis":"rth","nama":null,"sumber":"OSM","atribut":{"kategori":"cemetery"}}},{"type":"Feature","geometry":{"type":"Polygon","coordinates":[[[106.73185,-6.3136],[106.732057,-6.313942],[106.732044,-6.314069],[106.732162,-6.314222],[106.732476,-6.314432],[106.732762,-6.313942],[106.732556,-6.313968],[106.732542,-6.313824],[106.732253,-6.313859],[106.732186,-6.313526],[106.73185,-6.3136]]]},"properties":{"layer_id":"ekosistem","jenis":"rth","nama":"Makam Kramat Waru","sumber":"OSM","atribut":{"kategori":"cemetery"}}},{"type":"Feature","geometry":{"type":"Polygon","coordinates":[[[106.711716,-6.332996],[106.712066,-6.332985],[106.712181,-6.333155],[106.712418,-6.333152],[106.712422,-6.333264],[106.711731,-6.333371],[106.711716,-6.332996]]]},"properties":{"layer_id":"ekosistem","jenis":"rth","nama":null,"sumber":"OSM","atribut":{"kategori":"forest"}}},{"type":"Feature","geometry":{"type":"Polygon","coordinates":[[[106.705831,-6.319365],[106.705999,-6.318762],[106.706195,-6.318618],[106.706311,-6.318626],[106.706179,-6.319196],[106.706611,-6.319399],[106.706538,-6.319639],[106.705831,-6.319365]]]},"properties":{"layer_id":"ekosistem","jenis":"rth","nama":null,"sumber":"OSM","atribut":{"kategori":"cemetery"}}},{"type":"Feature","geometry":{"type":"Polygon","coordinates":[[[106.781825,-6.343365],[106.782367,-6.343535],[106.782491,-6.343247],[106.78267,-6.343298],[106.782775,-6.342992],[106.781989,-6.342674],[106.781825,-6.343365]]]},"properties":{"layer_id":"ekosistem","jenis":"rth","nama":null,"sumber":"OSM","atribut":{"kategori":"cemetery"}}},{"type":"Feature","geometry":{"type":"Polygon","coordinates":[[[106.798938,-6.309951],[106.799469,-6.309927],[106.799485,-6.309281],[106.799858,-6.309316],[106.799879,-6.309703],[106.80004,-6.309708],[106.800072,-6.309497],[106.800526,-6.309492],[106.800526,-6.30982],[106.800014,-6.309823],[106.8,-6.310342],[106.799871,-6.310348],[106.799901,-6.310526],[106.800319,-6.310511],[106.800301,-6.310031],[106.800555,-6.310049],[106.800687,-6.310124],[106.800679,-6.310287],[106.800775,-6.310319],[106.800716,-6.310401],[106.800435,-6.310486],[106.800359,-6.310684],[106.799332,-6.311137],[106.799185,-6.311121],[106.799222,-6.310433],[106.799126,-6.310412],[106.799118,-6.310188],[106.798933,-6.310159],[106.798938,-6.309951]]]},"properties":{"layer_id":"ekosistem","jenis":"rth","nama":"Hutan Kota Pondok Labu","sumber":"OSM","atribut":{"kategori":"park"}}},{"type":"Feature","geometry":{"type":"Polygon","coordinates":[[[106.787217,-6.299252],[106.787705,-6.299468],[106.788236,-6.299525],[106.788029,-6.299953],[106.787965,-6.300284],[106.787879,-6.30039],[106.787536,-6.300454],[106.787142,-6.300361],[106.787115,-6.299657],[106.787217,-6.299252]]]},"properties":{"layer_id":"ekosistem","jenis":"rth","nama":"Makam Wakaf Cilandak Barat","sumber":"OSM","atribut":{"kategori":"cemetery"}}},{"type":"Feature","geometry":{"type":"Polygon","coordinates":[[[106.743934,-6.298519],[106.743596,-6.299039],[106.743792,-6.299103],[106.743998,-6.299057],[106.744127,-6.298751],[106.744001,-6.298503],[106.743934,-6.298519]]]},"properties":{"layer_id":"ekosistem","jenis":"rth","nama":"TPBU AMD","sumber":"OSM","atribut":{"kategori":"cemetery"}}},{"type":"Feature","geometry":{"type":"Polygon","coordinates":[[[106.743891,-6.302961],[106.744755,-6.303608],[106.744886,-6.302787],[106.74402,-6.302739],[106.743891,-6.302961]]]},"properties":{"layer_id":"ekosistem","jenis":"rth","nama":null,"sumber":"OSM","atribut":{"kategori":"cemetery"}}},{"type":"Feature","geometry":{"type":"Polygon","coordinates":[[[106.726474,-6.295727],[106.726663,-6.295778],[106.726525,-6.296485],[106.726197,-6.296474],[106.726151,-6.296154],[106.726046,-6.29589],[106.726084,-6.295517],[106.72629,-6.295429],[106.726524,-6.2955],[106.726474,-6.295727]]]},"properties":{"layer_id":"ekosistem","jenis":"rth","nama":"Kandank Jurank Doank","sumber":"OSM","atribut":{"kategori":"park"}}},{"type":"Feature","geometry":{"type":"Polygon","coordinates":[[[106.728296,-6.308092],[106.727899,-6.30808],[106.727906,-6.307866],[106.72768,-6.307766],[106.727692,-6.307525],[106.728024,-6.307543],[106.728034,-6.307411],[106.728197,-6.307423],[106.728197,-6.307677],[106.728285,-6.307686],[106.728296,-6.308092]]]},"properties":{"layer_id":"ekosistem","jenis":"rth","nama":null,"sumber":"OSM","atribut":{"kategori":"cemetery"}}},{"type":"Feature","geometry":{"type":"Polygon","coordinates":[[[106.734699,-6.367567],[106.734855,-6.3669],[106.73453,-6.36686],[106.734098,-6.367004],[106.733857,-6.367063],[106.733771,-6.367458],[106.734082,-6.367666],[106.734181,-6.367519],[106.734699,-6.367567]]]},"properties":{"layer_id":"ekosistem","jenis":"rth","nama":null,"sumber":"OSM","atribut":{"kategori":"cemetery"}}},{"type":"Feature","geometry":{"type":"Polygon","coordinates":[[[106.725919,-6.357437],[106.726557,-6.357408],[106.726557,-6.357765],[106.726359,-6.357852],[106.725865,-6.35795],[106.725919,-6.357437]]]},"properties":{"layer_id":"ekosistem","jenis":"rth","nama":null,"sumber":"OSM","atribut":{"kategori":"cemetery"}}},{"type":"Feature","geometry":{"type":"Polygon","coordinates":[[[106.735238,-6.356408],[106.735608,-6.356382],[106.735729,-6.357067],[106.735337,-6.357005],[106.735316,-6.356795],[106.735241,-6.356526],[106.735238,-6.356408]]]},"properties":{"layer_id":"ekosistem","jenis":"rth","nama":null,"sumber":"OSM","atribut":{"kategori":"cemetery"}}},{"type":"Feature","geometry":{"type":"Polygon","coordinates":[[[106.707058,-6.300297],[106.707703,-6.300215],[106.707818,-6.300692],[106.70748,-6.30075],[106.707483,-6.300982],[106.707263,-6.301068],[106.707129,-6.300758],[106.707058,-6.300297]]]},"properties":{"layer_id":"ekosistem","jenis":"rth","nama":null,"sumber":"OSM","atribut":{"kategori":"cemetery"}}},{"type":"Feature","geometry":{"type":"Polygon","coordinates":[[[106.704238,-6.311164],[106.703975,-6.311153],[106.703961,-6.31139],[106.704232,-6.31139],[106.704238,-6.311164]]]},"properties":{"layer_id":"ekosistem","jenis":"rth","nama":null,"sumber":"OSM","atribut":{"kategori":"cemetery"}}},{"type":"Feature","geometry":{"type":"Polygon","coordinates":[[[106.703419,-6.320897],[106.703038,-6.320966],[106.702614,-6.320798],[106.702386,-6.320833],[106.701839,-6.320689],[106.701694,-6.320577],[106.701788,-6.320241],[106.702059,-6.320356],[106.702252,-6.320382],[106.70229,-6.320252],[106.702743,-6.320374],[106.702719,-6.32054],[106.70317,-6.320556],[106.703387,-6.320673],[106.703352,-6.320809],[106.703438,-6.32083],[106.703419,-6.320897]]]},"properties":{"layer_id":"ekosistem","jenis":"rth","nama":null,"sumber":"OSM","atribut":{"kategori":"cemetery"}}},{"type":"Feature","geometry":{"type":"Polygon","coordinates":[[[106.700856,-6.321951],[106.700785,-6.322278],[106.701284,-6.322371],[106.701324,-6.322307],[106.701598,-6.322358],[106.701681,-6.322097],[106.701429,-6.322059],[106.701348,-6.322163],[106.700856,-6.321951]]]},"properties":{"layer_id":"ekosistem","jenis":"rth","nama":null,"sumber":"OSM","atribut":{"kategori":"cemetery"}}},{"type":"Feature","geometry":{"type":"Polygon","coordinates":[[[106.700278,-6.329097],[106.700546,-6.32934],[106.700815,-6.329324],[106.701257,-6.329097],[106.701421,-6.328897],[106.701432,-6.328695],[106.701346,-6.328604],[106.700621,-6.328407],[106.700496,-6.328511],[106.700278,-6.329097]]]},"properties":{"layer_id":"ekosistem","jenis":"rth","nama":"Taman Makam Kedung Rau","sumber":"OSM","atribut":{"kategori":"cemetery"}}},{"type":"Feature","geometry":{"type":"Polygon","coordinates":[[[106.773283,-6.33408],[106.774015,-6.334192],[106.77486,-6.334173],[106.774844,-6.333674],[106.774385,-6.333501],[106.773344,-6.333467],[106.773283,-6.33408]]]},"properties":{"layer_id":"ekosistem","jenis":"rth","nama":null,"sumber":"OSM","atribut":{"kategori":"cemetery"}}},{"type":"Feature","geometry":{"type":"Polygon","coordinates":[[[106.719244,-6.354284],[106.7201,-6.354212],[106.720121,-6.354785],[106.720352,-6.355113],[106.719708,-6.355195],[106.719644,-6.354868],[106.719424,-6.354713],[106.719244,-6.354284]]]},"properties":{"layer_id":"ekosistem","jenis":"rth","nama":null,"sumber":"OSM","atribut":{"kategori":"cemetery"}}},{"type":"Feature","geometry":{"type":"Polygon","coordinates":[[[106.719735,-6.362718],[106.72051,-6.362505],[106.720979,-6.362217],[106.720532,-6.361185],[106.719949,-6.361071],[106.719515,-6.361972],[106.719692,-6.36243],[106.719735,-6.362718]]]},"properties":{"layer_id":"ekosistem","jenis":"rth","nama":null,"sumber":"OSM","atribut":{"kategori":"cemetery"}}},{"type":"Feature","geometry":{"type":"Polygon","coordinates":[[[106.749886,-6.366789],[106.749765,-6.367266],[106.749786,-6.367458],[106.749593,-6.367492],[106.74966,-6.367839],[106.749848,-6.367804],[106.750146,-6.367945],[106.750342,-6.367647],[106.750245,-6.367583],[106.750288,-6.367311],[106.750253,-6.367076],[106.750374,-6.366834],[106.75024,-6.366772],[106.750202,-6.366871],[106.750127,-6.366831],[106.750148,-6.366719],[106.75006,-6.366671],[106.75002,-6.366812],[106.749886,-6.366789]]]},"properties":{"layer_id":"ekosistem","jenis":"rth","nama":null,"sumber":"OSM","atribut":{"kategori":"cemetery"}}},{"type":"Feature","geometry":{"type":"Polygon","coordinates":[[[106.752624,-6.369905],[106.75341,-6.370137],[106.753453,-6.370342],[106.752932,-6.370645],[106.752764,-6.370523],[106.752627,-6.370307],[106.752624,-6.369905]]]},"properties":{"layer_id":"ekosistem","jenis":"rth","nama":null,"sumber":"OSM","atribut":{"kategori":"cemetery"}}},{"type":"Feature","geometry":{"type":"Polygon","coordinates":[[[106.774476,-6.293967],[106.774442,-6.294453],[106.77479,-6.294503],[106.77485,-6.294464],[106.774888,-6.294015],[106.77485,-6.293956],[106.774516,-6.293924],[106.774476,-6.293967]]]},"properties":{"layer_id":"ekosistem","jenis":"rth","nama":null,"sumber":"OSM","atribut":{"kategori":"park"}}},{"type":"Feature","geometry":{"type":"Polygon","coordinates":[[[106.772188,-6.294308],[106.772569,-6.295323],[106.773216,-6.295995],[106.773461,-6.295879],[106.773334,-6.295643],[106.773141,-6.295722],[106.773036,-6.295555],[106.7732,-6.295449],[106.773129,-6.295294],[106.772917,-6.295385],[106.772821,-6.295202],[106.773154,-6.295017],[106.773337,-6.295022],[106.773612,-6.294882],[106.773797,-6.294879],[106.773881,-6.294921],[106.774022,-6.295171],[106.774096,-6.295156],[106.774124,-6.295088],[106.773978,-6.294859],[106.774,-6.294655],[106.773911,-6.294537],[106.773339,-6.294517],[106.773223,-6.294749],[106.772812,-6.294958],[106.772411,-6.294217],[106.772322,-6.294203],[106.772188,-6.294308]]]},"properties":{"layer_id":"ekosistem","jenis":"rth","nama":null,"sumber":"OSM","atribut":{"kategori":"park"}}},{"type":"Feature","geometry":{"type":"Polygon","coordinates":[[[106.773577,-6.292679],[106.774001,-6.29273],[106.773935,-6.293336],[106.773695,-6.293503],[106.772923,-6.293392],[106.772956,-6.29313],[106.773307,-6.293133],[106.773349,-6.292785],[106.773577,-6.292679]]]},"properties":{"layer_id":"ekosistem","jenis":"rth","nama":null,"sumber":"OSM","atribut":{"kategori":"park"}}},{"type":"Feature","geometry":{"type":"Polygon","coordinates":[[[106.772474,-6.292763],[106.772854,-6.292797],[106.772836,-6.293248],[106.772593,-6.293273],[106.77257,-6.293401],[106.772328,-6.29338],[106.771918,-6.29268],[106.772336,-6.292468],[106.772474,-6.292763]]]},"properties":{"layer_id":"ekosistem","jenis":"rth","nama":null,"sumber":"OSM","atribut":{"kategori":"park"}}},{"type":"Feature","geometry":{"type":"Polygon","coordinates":[[[106.757616,-6.329299],[106.758155,-6.329618],[106.758171,-6.329716],[106.758091,-6.330025],[106.757846,-6.330228],[106.757691,-6.330182],[106.757739,-6.330062],[106.757447,-6.329961],[106.757554,-6.329372],[106.757616,-6.329299]]]},"properties":{"layer_id":"ekosistem","jenis":"rth","nama":"TPBU Zillin Royhan","sumber":"OSM","atribut":{"kategori":"cemetery"}}},{"type":"Feature","geometry":{"type":"Polygon","coordinates":[[[106.759898,-6.3277],[106.759424,-6.327748],[106.758976,-6.327956],[106.759171,-6.328305],[106.759751,-6.32826],[106.760089,-6.328359],[106.760129,-6.328687],[106.760381,-6.328708],[106.760373,-6.328084],[106.759812,-6.328135],[106.759898,-6.3277]]]},"properties":{"layer_id":"ekosistem","jenis":"rth","nama":null,"sumber":"OSM","atribut":{"kategori":"cemetery"}}},{"type":"Feature","geometry":{"type":"Polygon","coordinates":[[[106.765405,-6.306528],[106.764721,-6.306565],[106.764592,-6.305954],[106.765244,-6.305929],[106.765257,-6.306261],[106.765358,-6.30627],[106.765405,-6.306528]]]},"properties":{"layer_id":"ekosistem","jenis":"rth","nama":null,"sumber":"OSM","atribut":{"kategori":"cemetery"}}},{"type":"Feature","geometry":{"type":"Polygon","coordinates":[[[106.760673,-6.310962],[106.760888,-6.311076],[106.760955,-6.310897],[106.761851,-6.310772],[106.762031,-6.310071],[106.761982,-6.309919],[106.761749,-6.309777],[106.761733,-6.309386],[106.76139,-6.309295],[106.76132,-6.309521],[106.761347,-6.31014],[106.761298,-6.310268],[106.760944,-6.310211],[106.760673,-6.310962]]]},"properties":{"layer_id":"ekosistem","jenis":"rth","nama":null,"sumber":"OSM","atribut":{"kategori":"cemetery"}}},{"type":"Feature","geometry":{"type":"Polygon","coordinates":[[[106.752101,-6.309103],[106.752308,-6.309028],[106.75301,-6.309007],[106.753008,-6.309162],[106.752933,-6.309167],[106.752917,-6.309481],[106.752365,-6.309515],[106.752291,-6.309288],[106.752101,-6.309103]]]},"properties":{"layer_id":"ekosistem","jenis":"rth","nama":null,"sumber":"OSM","atribut":{"kategori":"cemetery"}}},{"type":"Feature","geometry":{"type":"Polygon","coordinates":[[[106.749722,-6.305333],[106.749566,-6.305315],[106.74949,-6.305443],[106.749295,-6.305328],[106.749114,-6.305593],[106.748925,-6.305698],[106.748361,-6.305591],[106.748429,-6.305015],[106.748664,-6.304765],[106.748789,-6.304488],[106.749894,-6.305149],[106.749722,-6.305333]]]},"properties":{"layer_id":"ekosistem","jenis":"rth","nama":"Makam Wakaf Ciputat","sumber":"OSM","atribut":{"kategori":"cemetery"}}},{"type":"Feature","geometry":{"type":"Polygon","coordinates":[[[106.787131,-6.33686],[106.787649,-6.33706],[106.788331,-6.337222],[106.78899,-6.335647],[106.788759,-6.335543],[106.788579,-6.335903],[106.788071,-6.335758],[106.788052,-6.335862],[106.788001,-6.336057],[106.787885,-6.336188],[106.787369,-6.336074],[106.787131,-6.33686]]]},"properties":{"layer_id":"ekosistem","jenis":"rth","nama":null,"sumber":"OSM","atribut":{"kategori":"cemetery"}}},{"type":"Feature","geometry":{"type":"Polygon","coordinates":[[[106.788909,-6.314533],[106.787273,-6.314376],[106.787506,-6.314158],[106.787804,-6.313323],[106.789043,-6.313715],[106.788909,-6.314533]]]},"properties":{"layer_id":"ekosistem","jenis":"rth","nama":null,"sumber":"OSM","atribut":{"kategori":"cemetery"}}},{"type":"Feature","geometry":{"type":"Polygon","coordinates":[[[106.784159,-6.414691],[106.78373,-6.414264],[106.783263,-6.41436],[106.783327,-6.415395],[106.784277,-6.415696],[106.784427,-6.415392],[106.784813,-6.415117],[106.784293,-6.414931],[106.784159,-6.414691]]]},"properties":{"layer_id":"ekosistem","jenis":"rth","nama":null,"sumber":"OSM","atribut":{"kategori":"cemetery"}}},{"type":"Feature","geometry":{"type":"Polygon","coordinates":[[[106.785885,-6.413766],[106.786373,-6.413894],[106.786384,-6.413746],[106.786526,-6.413751],[106.786517,-6.413421],[106.78591,-6.413398],[106.785885,-6.413766]]]},"properties":{"layer_id":"ekosistem","jenis":"rth","nama":null,"sumber":"OSM","atribut":{"kategori":"cemetery"}}},{"type":"Feature","geometry":{"type":"Polygon","coordinates":[[[106.785926,-6.417334],[106.785497,-6.417183],[106.785272,-6.417167],[106.785149,-6.4175],[106.784958,-6.417567],[106.78499,-6.417684],[106.784827,-6.417788],[106.784958,-6.417849],[106.785594,-6.417767],[106.785776,-6.417647],[106.785926,-6.417334]]]},"properties":{"layer_id":"ekosistem","jenis":"rth","nama":null,"sumber":"OSM","atribut":{"kategori":"cemetery"}}},{"type":"Feature","geometry":{"type":"Polygon","coordinates":[[[106.78108,-6.367737],[106.780723,-6.366922],[106.780562,-6.366887],[106.78038,-6.366943],[106.780203,-6.367095],[106.780205,-6.367284],[106.780385,-6.367489],[106.78042,-6.367649],[106.780307,-6.368217],[106.780836,-6.368398],[106.781187,-6.368374],[106.781257,-6.368276],[106.78108,-6.367737]]]},"properties":{"layer_id":"ekosistem","jenis":"rth","nama":null,"sumber":"OSM","atribut":{"kategori":"cemetery"}}},{"type":"Feature","geometry":{"type":"Polygon","coordinates":[[[106.746146,-6.32144],[106.745833,-6.321475],[106.745756,-6.321852],[106.745696,-6.321938],[106.745566,-6.321953],[106.745366,-6.323452],[106.745815,-6.323467],[106.745824,-6.323331],[106.746426,-6.323329],[106.746325,-6.322244],[106.746146,-6.32144]]]},"properties":{"layer_id":"ekosistem","jenis":"rth","nama":"Makam Wakaf H. Daiman Ciputat","sumber":"OSM","atribut":{"kategori":"cemetery"}}},{"type":"Feature","geometry":{"type":"Polygon","coordinates":[[[106.751701,-6.32331],[106.751581,-6.323832],[106.751637,-6.324144],[106.751798,-6.324357],[106.752048,-6.324469],[106.752257,-6.324485],[106.752536,-6.324405],[106.752469,-6.323288],[106.752007,-6.323235],[106.751701,-6.32331]]]},"properties":{"layer_id":"ekosistem","jenis":"rth","nama":null,"sumber":"OSM","atribut":{"kategori":"cemetery"}}},{"type":"Feature","geometry":{"type":"Polygon","coordinates":[[[106.75286,-6.353337],[106.753061,-6.353544],[106.754024,-6.353993],[106.753826,-6.354809],[106.753692,-6.354777],[106.753705,-6.354108],[106.753601,-6.353998],[106.752709,-6.353778],[106.75286,-6.353337]]]},"properties":{"layer_id":"ekosistem","jenis":"rth","nama":null,"sumber":"OSM","atribut":{"kategori":"cemetery"}}},{"type":"Feature","geometry":{"type":"Polygon","coordinates":[[[106.781962,-6.359714],[106.782389,-6.35969],[106.78355,-6.359804],[106.783513,-6.360031],[106.783236,-6.360004],[106.783116,-6.360124],[106.782834,-6.360122],[106.782829,-6.36025],[106.782751,-6.360244],[106.782743,-6.360439],[106.782625,-6.360487],[106.781941,-6.360455],[106.781933,-6.360146],[106.781667,-6.360116],[106.78178,-6.35981],[106.781962,-6.359714]]]},"properties":{"layer_id":"ekosistem","jenis":"rth","nama":null,"sumber":"OSM","atribut":{"kategori":"cemetery"}}},{"type":"Feature","geometry":{"type":"Polygon","coordinates":[[[106.807339,-6.364744],[106.807526,-6.36569],[106.806684,-6.365669],[106.806668,-6.365552],[106.806547,-6.365525],[106.806593,-6.365045],[106.806673,-6.365045],[106.806746,-6.364781],[106.807339,-6.364744]]]},"properties":{"layer_id":"ekosistem","jenis":"rth","nama":"TPU Tanah Baru","sumber":"OSM","atribut":{"kategori":"cemetery"}}},{"type":"Feature","geometry":{"type":"Polygon","coordinates":[[[106.725427,-6.299705],[106.725909,-6.29992],[106.726386,-6.300014],[106.726242,-6.300507],[106.725838,-6.300521],[106.725573,-6.300461],[106.72555,-6.30054],[106.725089,-6.300548],[106.725,-6.300406],[106.725241,-6.299639],[106.725427,-6.299705]]]},"properties":{"layer_id":"ekosistem","jenis":"rth","nama":"TPBU Blok Kura","sumber":"OSM","atribut":{"kategori":"cemetery"}}},{"type":"Feature","geometry":{"type":"Polygon","coordinates":[[[106.773556,-6.382957],[106.773157,-6.382569],[106.772972,-6.382692],[106.772884,-6.382671],[106.772387,-6.381489],[106.772071,-6.381246],[106.772102,-6.381007],[106.772385,-6.3806],[106.772609,-6.379424],[106.772379,-6.379533],[106.771716,-6.379445],[106.771547,-6.38013],[106.771539,-6.380479],[106.771469,-6.380474],[106.771367,-6.380767],[106.771641,-6.380844],[106.771571,-6.381233],[106.770922,-6.381231],[106.770901,-6.381681],[106.771423,-6.381723],[106.771462,-6.381971],[106.770521,-6.381911],[106.770303,-6.382618],[106.770482,-6.382639],[106.770281,-6.383435],[106.769439,-6.383278],[106.768897,-6.383291],[106.768704,-6.384451],[106.769093,-6.384475],[106.769088,-6.384629],[106.769517,-6.38468],[106.769466,-6.385402],[106.774315,-6.385434],[106.774755,-6.385488],[106.775372,-6.385338],[106.776305,-6.385971],[106.7764,-6.386242],[106.776796,-6.386144],[106.77681,-6.386196],[106.777096,-6.386079],[106.777017,-6.385917],[106.777463,-6.385786],[106.777363,-6.384841],[106.777494,-6.384843],[106.777474,-6.384301],[106.776971,-6.384367],[106.77693,-6.384136],[106.776539,-6.38415],[106.776479,-6.383427],[106.775289,-6.383496],[106.775173,-6.38196],[106.774804,-6.382004],[106.774611,-6.381809],[106.774145,-6.381891],[106.77422,-6.382067],[106.774156,-6.38266],[106.773914,-6.382735],[106.773823,-6.382651],[106.773556,-6.382957]]]},"properties":{"layer_id":"ekosistem","jenis":"rth","nama":null,"sumber":"OSM","atribut":{"kategori":"park"}}},{"type":"Feature","geometry":{"type":"Polygon","coordinates":[[[106.808191,-6.396176],[106.808361,-6.396263],[106.808969,-6.396254],[106.80905,-6.395985],[106.809019,-6.395602],[106.808912,-6.395448],[106.808914,-6.395043],[106.809277,-6.394969],[106.809594,-6.395239],[106.809535,-6.395292],[106.809575,-6.395449],[106.809717,-6.395485],[106.809831,-6.395662],[106.810068,-6.395292],[106.809938,-6.395033],[106.809942,-6.394573],[106.808766,-6.394487],[106.808658,-6.394106],[106.808691,-6.393545],[106.808038,-6.393739],[106.808203,-6.394203],[106.808074,-6.39584],[106.808191,-6.396176]]]},"properties":{"layer_id":"ekosistem","jenis":"rth","nama":"Taman Lembah Gurame","sumber":"OSM","atribut":{"kategori":"park"}}},{"type":"Feature","geometry":{"type":"Polygon","coordinates":[[[106.809466,-6.415794],[106.810257,-6.416077],[106.809946,-6.416999],[106.808706,-6.416645],[106.808739,-6.416138],[106.809299,-6.416162],[106.809318,-6.415986],[106.809436,-6.415978],[106.809466,-6.415794]]]},"properties":{"layer_id":"ekosistem","jenis":"rth","nama":null,"sumber":"OSM","atribut":{"kategori":"cemetery"}}},{"type":"Feature","geometry":{"type":"Polygon","coordinates":[[[106.793764,-6.370171],[106.793724,-6.370499],[106.794282,-6.37059],[106.794351,-6.370339],[106.794684,-6.370195],[106.795167,-6.370118],[106.795191,-6.369641],[106.794515,-6.369667],[106.794306,-6.369611],[106.794241,-6.369851],[106.793764,-6.370171]]]},"properties":{"layer_id":"ekosistem","jenis":"rth","nama":null,"sumber":"OSM","atribut":{"kategori":"cemetery"}}},{"type":"Feature","geometry":{"type":"Polygon","coordinates":[[[106.767366,-6.359351],[106.768331,-6.359706],[106.768447,-6.359189],[106.768444,-6.358416],[106.767355,-6.358085],[106.767189,-6.358733],[106.767218,-6.359285],[106.767366,-6.359351]]]},"properties":{"layer_id":"ekosistem","jenis":"rth","nama":null,"sumber":"OSM","atribut":{"kategori":"cemetery"}}},{"type":"Feature","geometry":{"type":"Polygon","coordinates":[[[106.701251,-6.344712],[106.701297,-6.344815],[106.701236,-6.344881],[106.701322,-6.345167],[106.701145,-6.345287],[106.700997,-6.345292],[106.700858,-6.345492],[106.701083,-6.346334],[106.701992,-6.346182],[106.701843,-6.344886],[106.701689,-6.344892],[106.701558,-6.344778],[106.701441,-6.344767],[106.70143,-6.344708],[106.701251,-6.344712]]]},"properties":{"layer_id":"ekosistem","jenis":"rth","nama":null,"sumber":"OSM","atribut":{"kategori":"forest"}}},{"type":"Feature","geometry":{"type":"Polygon","coordinates":[[[106.700858,-6.345492],[106.699949,-6.345608],[106.69986,-6.346355],[106.700347,-6.346363],[106.700596,-6.346355],[106.700587,-6.346227],[106.701014,-6.346216],[106.700858,-6.345492]]]},"properties":{"layer_id":"ekosistem","jenis":"rth","nama":"Makam Pule Pocis","sumber":"OSM","atribut":{"kategori":"cemetery"}}},{"type":"Feature","geometry":{"type":"Polygon","coordinates":[[[106.768624,-6.385517],[106.768597,-6.38645],[106.768243,-6.386557],[106.767301,-6.386511],[106.767602,-6.385376],[106.768624,-6.385517]]]},"properties":{"layer_id":"ekosistem","jenis":"rth","nama":"TPU Meruyung","sumber":"OSM","atribut":{"kategori":"cemetery"}}},{"type":"Feature","geometry":{"type":"Polygon","coordinates":[[[106.773194,-6.384941],[106.773272,-6.38452],[106.773575,-6.384435],[106.77402,-6.384419],[106.774275,-6.384808],[106.774122,-6.384821],[106.774133,-6.385085],[106.773194,-6.384941]]]},"properties":{"layer_id":"ekosistem","jenis":"rth","nama":null,"sumber":"OSM","atribut":{"kategori":"cemetery"}}},{"type":"Feature","geometry":{"type":"Polygon","coordinates":[[[106.764404,-6.374394],[106.764088,-6.374495],[106.763962,-6.375247],[106.763678,-6.375233],[106.763643,-6.375484],[106.763959,-6.375724],[106.764177,-6.375793],[106.764332,-6.375782],[106.764453,-6.375372],[106.764576,-6.375417],[106.76464,-6.375156],[106.764549,-6.374473],[106.764404,-6.374394]]]},"properties":{"layer_id":"ekosistem","jenis":"rth","nama":null,"sumber":"OSM","atribut":{"kategori":"cemetery"}}},{"type":"Feature","geometry":{"type":"Polygon","coordinates":[[[106.779256,-6.403006],[106.779468,-6.404],[106.77924,-6.403984],[106.77899,-6.403874],[106.778795,-6.4036],[106.778513,-6.402998],[106.778652,-6.402987],[106.778668,-6.402862],[106.779256,-6.403006]]]},"properties":{"layer_id":"ekosistem","jenis":"rth","nama":null,"sumber":"OSM","atribut":{"kategori":"cemetery"}}},{"type":"Feature","geometry":{"type":"Polygon","coordinates":[[[106.786305,-6.388273],[106.786584,-6.388244],[106.786549,-6.388343],[106.786997,-6.388436],[106.78749,-6.387831],[106.787501,-6.387492],[106.787404,-6.386919],[106.787058,-6.38701],[106.78708,-6.387082],[106.786761,-6.387178],[106.78679,-6.387284],[106.786535,-6.387327],[106.786608,-6.387519],[106.78653,-6.387759],[106.786278,-6.387778],[106.786305,-6.388273]]]},"properties":{"layer_id":"ekosistem","jenis":"rth","nama":null,"sumber":"OSM","atribut":{"kategori":"cemetery"}}},{"type":"Feature","geometry":{"type":"Polygon","coordinates":[[[106.787265,-6.383974],[106.787493,-6.38395],[106.787531,-6.384275],[106.787345,-6.384176],[106.787265,-6.383974]]]},"properties":{"layer_id":"ekosistem","jenis":"rth","nama":null,"sumber":"OSM","atribut":{"kategori":"cemetery"}}},{"type":"Feature","geometry":{"type":"Polygon","coordinates":[[[106.782788,-6.381513],[106.782936,-6.381649],[106.783617,-6.382001],[106.782952,-6.382212],[106.782735,-6.381713],[106.782788,-6.381513]]]},"properties":{"layer_id":"ekosistem","jenis":"rth","nama":null,"sumber":"OSM","atribut":{"kategori":"cemetery"}}},{"type":"Feature","geometry":{"type":"Polygon","coordinates":[[[106.785147,-6.381546],[106.785404,-6.381649],[106.78557,-6.381585],[106.785642,-6.381407],[106.78568,-6.380852],[106.785414,-6.380812],[106.785422,-6.380442],[106.785178,-6.380445],[106.7852,-6.380127],[106.784374,-6.380208],[106.784408,-6.380596],[106.784819,-6.380674],[106.785041,-6.381223],[106.785213,-6.381369],[106.785147,-6.381546]]]},"properties":{"layer_id":"ekosistem","jenis":"rth","nama":null,"sumber":"OSM","atribut":{"kategori":"cemetery"}}},{"type":"Feature","geometry":{"type":"Polygon","coordinates":[[[106.798474,-6.381103],[106.798699,-6.381138],[106.798962,-6.381297],[106.799211,-6.381255],[106.799254,-6.380764],[106.799018,-6.380509],[106.798788,-6.380394],[106.798479,-6.380522],[106.798474,-6.381103]]]},"properties":{"layer_id":"ekosistem","jenis":"rth","nama":null,"sumber":"OSM","atribut":{"kategori":"cemetery"}}},{"type":"Feature","geometry":{"type":"Polygon","coordinates":[[[106.806554,-6.400563],[106.806688,-6.40002],[106.806883,-6.400014],[106.806916,-6.400439],[106.806799,-6.400467],[106.806808,-6.400787],[106.806613,-6.400711],[106.806554,-6.400563]]]},"properties":{"layer_id":"ekosistem","jenis":"rth","nama":null,"sumber":"OSM","atribut":{"kategori":"cemetery"}}},{"type":"Feature","geometry":{"type":"Polygon","coordinates":[[[106.805051,-6.401289],[106.804874,-6.400881],[106.804579,-6.40058],[106.804576,-6.400332],[106.804265,-6.400311],[106.803871,-6.400897],[106.803691,-6.400799],[106.803589,-6.400977],[106.803798,-6.401073],[106.803795,-6.401556],[106.803948,-6.401574],[106.803932,-6.401636],[106.804305,-6.401657],[106.805051,-6.401289]]]},"properties":{"layer_id":"ekosistem","jenis":"rth","nama":null,"sumber":"OSM","atribut":{"kategori":"cemetery"}}},{"type":"Feature","geometry":{"type":"Polygon","coordinates":[[[106.832492,-6.348169],[106.832367,-6.348774],[106.831428,-6.348573],[106.831504,-6.348038],[106.831744,-6.347803],[106.832311,-6.347989],[106.832492,-6.348169]]]},"properties":{"layer_id":"ekosistem","jenis":"rth","nama":"Makam Wakaf Srengseng Sawah","sumber":"OSM","atribut":{"kategori":"cemetery"}}},{"type":"Feature","geometry":{"type":"Polygon","coordinates":[[[106.778057,-6.406489],[106.778089,-6.405572],[106.778387,-6.405564],[106.778706,-6.406039],[106.77876,-6.406417],[106.778934,-6.406681],[106.778435,-6.406788],[106.778296,-6.406617],[106.778057,-6.406489]]]},"properties":{"layer_id":"ekosistem","jenis":"rth","nama":null,"sumber":"OSM","atribut":{"kategori":"cemetery"}}},{"type":"Feature","geometry":{"type":"Polygon","coordinates":[[[106.764911,-6.395361],[106.766368,-6.395542],[106.766478,-6.395409],[106.766118,-6.395065],[106.765609,-6.394255],[106.765011,-6.394223],[106.764911,-6.395361]]]},"properties":{"layer_id":"ekosistem","jenis":"rth","nama":null,"sumber":"OSM","atribut":{"kategori":"cemetery"}}},{"type":"Feature","geometry":{"type":"Polygon","coordinates":[[[106.74837,-6.370403],[106.747472,-6.370408],[106.747434,-6.370792],[106.747249,-6.370822],[106.74734,-6.371293],[106.747531,-6.371288],[106.747641,-6.371544],[106.747783,-6.371661],[106.748276,-6.37168],[106.748368,-6.37132],[106.74837,-6.370403]]]},"properties":{"layer_id":"ekosistem","jenis":"rth","nama":null,"sumber":"OSM","atribut":{"kategori":"cemetery"}}},{"type":"Feature","geometry":{"type":"Polygon","coordinates":[[[106.744366,-6.414395],[106.744578,-6.414566],[106.744983,-6.414579],[106.745173,-6.41408],[106.745602,-6.413963],[106.745632,-6.413758],[106.745425,-6.413438],[106.745203,-6.413483],[106.744481,-6.413366],[106.743859,-6.413409],[106.743802,-6.41375],[106.744242,-6.414158],[106.744194,-6.414275],[106.744366,-6.414395]]]},"properties":{"layer_id":"ekosistem","jenis":"rth","nama":null,"sumber":"OSM","atribut":{"kategori":"cemetery"}}},{"type":"Feature","geometry":{"type":"Polygon","coordinates":[[[106.75967,-6.413649],[106.75999,-6.414318],[106.759952,-6.414963],[106.759555,-6.414854],[106.759169,-6.414515],[106.758986,-6.41419],[106.75845,-6.413913],[106.758195,-6.413969],[106.758131,-6.413899],[106.758273,-6.413323],[106.758396,-6.413342],[106.758434,-6.413241],[106.758646,-6.413294],[106.758702,-6.412942],[106.758839,-6.412702],[106.758871,-6.412327],[106.759043,-6.412311],[106.75967,-6.413649]]]},"properties":{"layer_id":"ekosistem","jenis":"rth","nama":null,"sumber":"OSM","atribut":{"kategori":"cemetery"}}},{"type":"Feature","geometry":{"type":"Polygon","coordinates":[[[106.758305,-6.379975],[106.758235,-6.379495],[106.758289,-6.379392],[106.758528,-6.37932],[106.758654,-6.379373],[106.758745,-6.379504],[106.758804,-6.380364],[106.758412,-6.380405],[106.758305,-6.379975]]]},"properties":{"layer_id":"ekosistem","jenis":"rth","nama":null,"sumber":"OSM","atribut":{"kategori":"cemetery"}}},{"type":"Feature","geometry":{"type":"Polygon","coordinates":[[[106.746536,-6.402872],[106.746002,-6.402635],[106.745994,-6.402459],[106.745873,-6.402347],[106.746112,-6.401785],[106.746418,-6.401484],[106.746994,-6.401617],[106.746536,-6.402872]]]},"properties":{"layer_id":"ekosistem","jenis":"rth","nama":null,"sumber":"OSM","atribut":{"kategori":"cemetery"}}},{"type":"Feature","geometry":{"type":"Polygon","coordinates":[[[106.728685,-6.367034],[106.728726,-6.36734],[106.728659,-6.367615],[106.728516,-6.367737],[106.728144,-6.367688],[106.72805,-6.36733],[106.727857,-6.36722],[106.727827,-6.366799],[106.728685,-6.367034]]]},"properties":{"layer_id":"ekosistem","jenis":"rth","nama":null,"sumber":"OSM","atribut":{"kategori":"cemetery"}}},{"type":"Feature","geometry":{"type":"Polygon","coordinates":[[[106.741461,-6.390767],[106.741777,-6.390925],[106.74181,-6.390837],[106.741941,-6.39088],[106.742086,-6.39051],[106.742464,-6.390616],[106.742499,-6.39039],[106.741928,-6.390248],[106.741461,-6.390767]]]},"properties":{"layer_id":"ekosistem","jenis":"rth","nama":null,"sumber":"OSM","atribut":{"kategori":"cemetery"}}},{"type":"Feature","geometry":{"type":"Polygon","coordinates":[[[106.720306,-6.378477],[106.72014,-6.378624],[106.719877,-6.379759],[106.719338,-6.379909],[106.71922,-6.380215],[106.720108,-6.380466],[106.720424,-6.38029],[106.720886,-6.380135],[106.720591,-6.380063],[106.720392,-6.379482],[106.720489,-6.379058],[106.720604,-6.37896],[106.720703,-6.378544],[106.720306,-6.378477]]]},"properties":{"layer_id":"ekosistem","jenis":"rth","nama":null,"sumber":"OSM","atribut":{"kategori":"cemetery"}}},{"type":"Feature","geometry":{"type":"Polygon","coordinates":[[[106.733535,-6.413329],[106.734039,-6.41351],[106.733919,-6.414371],[106.733607,-6.41428],[106.733747,-6.413827],[106.733446,-6.41371],[106.733535,-6.413329]]]},"properties":{"layer_id":"ekosistem","jenis":"rth","nama":null,"sumber":"OSM","atribut":{"kategori":"cemetery"}}},{"type":"Feature","geometry":{"type":"Polygon","coordinates":[[[106.731526,-6.413939],[106.731944,-6.413857],[106.732039,-6.414247],[106.731631,-6.414352],[106.731526,-6.413939]]]},"properties":{"layer_id":"ekosistem","jenis":"rth","nama":null,"sumber":"OSM","atribut":{"kategori":"cemetery"}}},{"type":"Feature","geometry":{"type":"Polygon","coordinates":[[[106.72957,-6.411796],[106.729552,-6.411559],[106.729039,-6.411567],[106.729026,-6.411775],[106.72908,-6.411858],[106.729136,-6.412039],[106.72931,-6.412023],[106.729356,-6.41182],[106.72957,-6.411796]]]},"properties":{"layer_id":"ekosistem","jenis":"rth","nama":null,"sumber":"OSM","atribut":{"kategori":"cemetery"}}},{"type":"Feature","geometry":{"type":"Polygon","coordinates":[[[106.726939,-6.387692],[106.726835,-6.387761],[106.726821,-6.387924],[106.726886,-6.388071],[106.727476,-6.388113],[106.727752,-6.388004],[106.727908,-6.387836],[106.727811,-6.387703],[106.727486,-6.387746],[106.727352,-6.387551],[106.726939,-6.387692]]]},"properties":{"layer_id":"ekosistem","jenis":"rth","nama":"TPU Poncol","sumber":"OSM","atribut":{"kategori":"cemetery"}}},{"type":"Feature","geometry":{"type":"Polygon","coordinates":[[[106.725153,-6.402907],[106.725322,-6.403488],[106.725542,-6.403459],[106.725583,-6.403683],[106.726156,-6.403608],[106.726157,-6.403364],[106.725781,-6.402772],[106.725153,-6.402907]]]},"properties":{"layer_id":"ekosistem","jenis":"rth","nama":null,"sumber":"OSM","atribut":{"kategori":"cemetery"}}},{"type":"Feature","geometry":{"type":"Polygon","coordinates":[[[106.723214,-6.388378],[106.722806,-6.388492],[106.723064,-6.389052],[106.723396,-6.389062],[106.723461,-6.388564],[106.723214,-6.388378]]]},"properties":{"layer_id":"ekosistem","jenis":"rth","nama":null,"sumber":"OSM","atribut":{"kategori":"cemetery"}}},{"type":"Feature","geometry":{"type":"Polygon","coordinates":[[[106.723748,-6.388201],[106.723954,-6.388212],[106.723836,-6.387764],[106.723965,-6.387775],[106.724115,-6.387908],[106.724542,-6.388079],[106.72452,-6.388428],[106.724313,-6.3885],[106.723863,-6.388542],[106.723748,-6.388201]]]},"properties":{"layer_id":"ekosistem","jenis":"rth","nama":null,"sumber":"OSM","atribut":{"kategori":"cemetery"}}},{"type":"Feature","geometry":{"type":"Polygon","coordinates":[[[106.718676,-6.398682],[106.719156,-6.398749],[106.719113,-6.399199],[106.718909,-6.399178],[106.718895,-6.39901],[106.718689,-6.399007],[106.718676,-6.398682]]]},"properties":{"layer_id":"ekosistem","jenis":"rth","nama":null,"sumber":"OSM","atribut":{"kategori":"cemetery"}}},{"type":"Feature","geometry":{"type":"Polygon","coordinates":[[[106.723326,-6.379485],[106.723313,-6.379853],[106.722905,-6.379773],[106.723131,-6.379562],[106.723326,-6.379485]]]},"properties":{"layer_id":"ekosistem","jenis":"rth","nama":null,"sumber":"OSM","atribut":{"kategori":"cemetery"}}},{"type":"Feature","geometry":{"type":"Polygon","coordinates":[[[106.732368,-6.383481],[106.732626,-6.383454],[106.7328,-6.38347],[106.732757,-6.383856],[106.732753,-6.383976],[106.732462,-6.383992],[106.732368,-6.383481]]]},"properties":{"layer_id":"ekosistem","jenis":"rth","nama":null,"sumber":"OSM","atribut":{"kategori":"cemetery"}}},{"type":"Feature","geometry":{"type":"Polygon","coordinates":[[[106.713552,-6.349801],[106.714579,-6.349579],[106.714497,-6.350018],[106.714676,-6.350289],[106.71493,-6.350485],[106.715068,-6.350949],[106.714481,-6.351079],[106.714024,-6.350831],[106.714122,-6.350648],[106.714057,-6.350613],[106.714096,-6.350513],[106.713649,-6.350309],[106.713501,-6.350113],[106.713552,-6.349801]]]},"properties":{"layer_id":"ekosistem","jenis":"rth","nama":null,"sumber":"OSM","atribut":{"kategori":"cemetery"}}},{"type":"Feature","geometry":{"type":"Polygon","coordinates":[[[106.765212,-6.384379],[106.765359,-6.38456],[106.76555,-6.384653],[106.76577,-6.384667],[106.765872,-6.383892],[106.76589,-6.38375],[106.764863,-6.383648],[106.765094,-6.384024],[106.765212,-6.384379]]]},"properties":{"layer_id":"ekosistem","jenis":"rth","nama":"TPU Jengkol Meruyung","sumber":"OSM","atribut":{"kategori":"cemetery"}}},{"type":"Feature","geometry":{"type":"Polygon","coordinates":[[[106.788582,-6.401918],[106.788593,-6.401641],[106.788915,-6.401494],[106.788869,-6.401398],[106.789309,-6.401185],[106.789247,-6.400894],[106.789338,-6.400855],[106.789566,-6.401188],[106.789877,-6.401486],[106.789902,-6.401577],[106.7901,-6.401683],[106.790188,-6.401854],[106.790116,-6.401939],[106.789966,-6.401939],[106.789918,-6.402062],[106.788582,-6.401918]]]},"properties":{"layer_id":"ekosistem","jenis":"rth","nama":null,"sumber":"OSM","atribut":{"kategori":"cemetery"}}},{"type":"Feature","geometry":{"type":"Polygon","coordinates":[[[106.786954,-6.414494],[106.78704,-6.414968],[106.787066,-6.415664],[106.786677,-6.415698],[106.786664,-6.415501],[106.786259,-6.415493],[106.786195,-6.415392],[106.78624,-6.415107],[106.786492,-6.414973],[106.786619,-6.414547],[106.786954,-6.414494]]]},"properties":{"layer_id":"ekosistem","jenis":"rth","nama":null,"sumber":"OSM","atribut":{"kategori":"cemetery"}}},{"type":"Feature","geometry":{"type":"Polygon","coordinates":[[[106.774659,-6.411772],[106.774634,-6.412287],[106.774323,-6.412311],[106.774243,-6.412918],[106.773602,-6.412748],[106.773733,-6.412167],[106.77372,-6.411962],[106.773422,-6.411847],[106.773535,-6.411615],[106.77376,-6.411642],[106.773781,-6.411535],[106.774452,-6.411543],[106.774626,-6.41165],[106.774659,-6.411772]]]},"properties":{"layer_id":"ekosistem","jenis":"rth","nama":null,"sumber":"OSM","atribut":{"kategori":"cemetery"}}},{"type":"Feature","geometry":{"type":"Polygon","coordinates":[[[106.707158,-6.362435],[106.707271,-6.362022],[106.707512,-6.362041],[106.707542,-6.361593],[106.706496,-6.361638],[106.706581,-6.362036],[106.706726,-6.362222],[106.707158,-6.362435]]]},"properties":{"layer_id":"ekosistem","jenis":"rth","nama":null,"sumber":"OSM","atribut":{"kategori":"cemetery"}}},{"type":"Feature","geometry":{"type":"Polygon","coordinates":[[[106.724756,-6.375528],[106.724775,-6.375167],[106.725185,-6.375177],[106.725185,-6.375444],[106.724987,-6.375436],[106.724968,-6.375532],[106.724756,-6.375528]]]},"properties":{"layer_id":"ekosistem","jenis":"rth","nama":null,"sumber":"OSM","atribut":{"kategori":"cemetery"}}},{"type":"Feature","geometry":{"type":"Polygon","coordinates":[[[106.723603,-6.375702],[106.723635,-6.375161],[106.724002,-6.375177],[106.724024,-6.375039],[106.724268,-6.375044],[106.724308,-6.374855],[106.724568,-6.374871],[106.724525,-6.375524],[106.724367,-6.375521],[106.724378,-6.37574],[106.723603,-6.375702]]]},"properties":{"layer_id":"ekosistem","jenis":"rth","nama":null,"sumber":"OSM","atribut":{"kategori":"cemetery"}}},{"type":"Feature","geometry":{"type":"Polygon","coordinates":[[[106.703942,-6.397619],[106.704336,-6.397629],[106.704259,-6.398018],[106.704063,-6.398162],[106.703896,-6.398157],[106.703824,-6.398109],[106.703942,-6.397619]]]},"properties":{"layer_id":"ekosistem","jenis":"rth","nama":null,"sumber":"OSM","atribut":{"kategori":"cemetery"}}},{"type":"Feature","geometry":{"type":"Polygon","coordinates":[[[106.722315,-6.412068],[106.722087,-6.411372],[106.721602,-6.41142],[106.721779,-6.412217],[106.722315,-6.412068]]]},"properties":{"layer_id":"ekosistem","jenis":"rth","nama":null,"sumber":"OSM","atribut":{"kategori":"cemetery"}}},{"type":"Feature","geometry":{"type":"Polygon","coordinates":[[[106.714963,-6.406523],[106.714861,-6.406201],[106.714885,-6.405327],[106.715135,-6.405293],[106.715275,-6.405175],[106.715159,-6.404855],[106.715658,-6.404786],[106.715714,-6.405234],[106.715924,-6.405388],[106.715945,-6.40578],[106.715647,-6.405679],[106.71565,-6.406412],[106.714963,-6.406523]]]},"properties":{"layer_id":"ekosistem","jenis":"rth","nama":null,"sumber":"OSM","atribut":{"kategori":"cemetery"}}},{"type":"Feature","geometry":{"type":"Polygon","coordinates":[[[106.706606,-6.411538],[106.706289,-6.411636],[106.706072,-6.412545],[106.706523,-6.412775],[106.70682,-6.412327],[106.706911,-6.412065],[106.706917,-6.411522],[106.706606,-6.411538]]]},"properties":{"layer_id":"ekosistem","jenis":"rth","nama":null,"sumber":"OSM","atribut":{"kategori":"cemetery"}}},{"type":"Feature","geometry":{"type":"Polygon","coordinates":[[[106.728892,-6.392925],[106.729638,-6.393276],[106.73037,-6.39322],[106.730389,-6.392837],[106.730292,-6.392463],[106.72978,-6.392461],[106.72975,-6.392413],[106.72941,-6.392378],[106.728825,-6.392757],[106.728892,-6.392925]]]},"properties":{"layer_id":"ekosistem","jenis":"rth","nama":null,"sumber":"OSM","atribut":{"kategori":"cemetery"}}},{"type":"Feature","geometry":{"type":"Polygon","coordinates":[[[106.732872,-6.403789],[106.732529,-6.403741],[106.732298,-6.403792],[106.732121,-6.404074],[106.73199,-6.404144],[106.731877,-6.404106],[106.731826,-6.403195],[106.732317,-6.403067],[106.73254,-6.403157],[106.73276,-6.403075],[106.732875,-6.402955],[106.733189,-6.402952],[106.733218,-6.403368],[106.733025,-6.403792],[106.732872,-6.403789]]]},"properties":{"layer_id":"ekosistem","jenis":"rth","nama":null,"sumber":"OSM","atribut":{"kategori":"cemetery"}}},{"type":"Feature","geometry":{"type":"Polygon","coordinates":[[[106.714545,-6.387708],[106.714813,-6.387748],[106.714853,-6.388414],[106.714969,-6.388742],[106.714526,-6.388828],[106.714416,-6.388678],[106.714365,-6.388359],[106.714545,-6.387708]]]},"properties":{"layer_id":"ekosistem","jenis":"rth","nama":null,"sumber":"OSM","atribut":{"kategori":"cemetery"}}},{"type":"Feature","geometry":{"type":"Polygon","coordinates":[[[106.701796,-6.39051],[106.701922,-6.39068],[106.701882,-6.391379],[106.701622,-6.391504],[106.701544,-6.391709],[106.70145,-6.391714],[106.701405,-6.391824],[106.701185,-6.391816],[106.701112,-6.391635],[106.700734,-6.391456],[106.700732,-6.390606],[106.701796,-6.39051]]]},"properties":{"layer_id":"ekosistem","jenis":"rth","nama":null,"sumber":"OSM","atribut":{"kategori":"cemetery"}}},{"type":"Feature","geometry":{"type":"Polygon","coordinates":[[[106.702204,-6.387338],[106.702354,-6.387687],[106.702952,-6.38814],[106.703108,-6.388183],[106.703159,-6.388052],[106.703552,-6.38814],[106.703341,-6.387591],[106.702824,-6.387641],[106.702657,-6.387522],[106.702612,-6.387223],[106.702505,-6.387148],[106.702327,-6.387196],[106.702204,-6.387338]]]},"properties":{"layer_id":"ekosistem","jenis":"rth","nama":"Kuburan Cina","sumber":"OSM","atribut":{"kategori":"cemetery"}}},{"type":"Feature","geometry":{"type":"Polygon","coordinates":[[[106.730654,-6.416526],[106.730939,-6.416897],[106.730558,-6.417104],[106.730289,-6.416734],[106.730654,-6.416526]]]},"properties":{"layer_id":"ekosistem","jenis":"rth","nama":null,"sumber":"OSM","atribut":{"kategori":"cemetery"}}},{"type":"Feature","geometry":{"type":"Polygon","coordinates":[[[106.702824,-6.389217],[106.702451,-6.389593],[106.702467,-6.389993],[106.702606,-6.390262],[106.703129,-6.39039],[106.703331,-6.389953],[106.703379,-6.389393],[106.702824,-6.389217]]]},"properties":{"layer_id":"ekosistem","jenis":"rth","nama":"TPU Desa Padurenan","sumber":"OSM","atribut":{"kategori":"cemetery"}}},{"type":"Feature","geometry":{"type":"Polygon","coordinates":[[[106.905436,-6.316807],[106.905555,-6.316846],[106.905506,-6.317135],[106.906208,-6.317158],[106.9061,-6.316568],[106.905945,-6.316626],[106.905687,-6.316285],[106.905624,-6.316318],[106.905632,-6.316432],[106.905509,-6.316573],[106.905436,-6.316807]]]},"properties":{"layer_id":"ekosistem","jenis":"rth","nama":"RPTRA Gebang Sari","sumber":"OSM","atribut":{"kategori":"recreation_ground"}}},{"type":"Feature","geometry":{"type":"Polygon","coordinates":[[[106.907527,-6.320388],[106.907889,-6.31962],[106.907307,-6.319449],[106.906592,-6.319395],[106.906535,-6.319673],[106.906733,-6.319719],[106.906806,-6.319857],[106.906822,-6.320281],[106.907527,-6.320388]]]},"properties":{"layer_id":"ekosistem","jenis":"rth","nama":"TPU Bambu Apus","sumber":"OSM","atribut":{"kategori":"cemetery"}}},{"type":"Feature","geometry":{"type":"Polygon","coordinates":[[[106.786024,-6.288978],[106.786049,-6.28935],[106.786627,-6.289311],[106.786602,-6.288939],[106.786024,-6.288978]]]},"properties":{"layer_id":"ekosistem","jenis":"rth","nama":null,"sumber":"OSM","atribut":{"kategori":"park"}}},{"type":"Feature","geometry":{"type":"Polygon","coordinates":[[[106.866132,-6.300836],[106.866544,-6.301028],[106.866427,-6.301276],[106.866015,-6.301083],[106.866132,-6.300836]]]},"properties":{"layer_id":"ekosistem","jenis":"rth","nama":"RPTRA Gedong Trikora","sumber":"OSM","atribut":{"kategori":"recreation_ground"}}},{"type":"Feature","geometry":{"type":"Polygon","coordinates":[[[106.893576,-6.362368],[106.893248,-6.362429],[106.893589,-6.363826],[106.893573,-6.364124],[106.893286,-6.364503],[106.892806,-6.364681],[106.893155,-6.365079],[106.893436,-6.366739],[106.893718,-6.368203],[106.894018,-6.368269],[106.894375,-6.367683],[106.894399,-6.367136],[106.893576,-6.362368]]]},"properties":{"layer_id":"ekosistem","jenis":"rth","nama":"Wisata Agro Cibubur","sumber":"OSM","atribut":{"kategori":"recreation_ground"}}},{"type":"Feature","geometry":{"type":"Polygon","coordinates":[[[106.871867,-6.359355],[106.871549,-6.359776],[106.871602,-6.359988],[106.871669,-6.360114],[106.872498,-6.360819],[106.872927,-6.361009],[106.873228,-6.360418],[106.87314,-6.360349],[106.873255,-6.360065],[106.873021,-6.359965],[106.872887,-6.360278],[106.872636,-6.360196],[106.87276,-6.359912],[106.87265,-6.359839],[106.872694,-6.359739],[106.872833,-6.359756],[106.872863,-6.359688],[106.872248,-6.359548],[106.871867,-6.359355]]]},"properties":{"layer_id":"ekosistem","jenis":"rth","nama":null,"sumber":"OSM","atribut":{"kategori":"forest"}}},{"type":"Feature","geometry":{"type":"Polygon","coordinates":[[[106.871553,-6.35868],[106.871348,-6.358354],[106.871117,-6.358182],[106.870999,-6.358412],[106.870597,-6.358227],[106.870326,-6.358826],[106.869856,-6.359397],[106.869936,-6.359682],[106.870436,-6.359772],[106.870643,-6.359697],[106.870828,-6.359548],[106.871009,-6.35926],[106.871399,-6.358927],[106.871553,-6.35868]]]},"properties":{"layer_id":"ekosistem","jenis":"rth","nama":null,"sumber":"OSM","atribut":{"kategori":"cemetery"}}},{"type":"Feature","geometry":{"type":"Polygon","coordinates":[[[106.871803,-6.351839],[106.871471,-6.351769],[106.871373,-6.352225],[106.871402,-6.352284],[106.871507,-6.352265],[106.871605,-6.352338],[106.871838,-6.352394],[106.87199,-6.352296],[106.871964,-6.35217],[106.871762,-6.352161],[106.871803,-6.351839]]]},"properties":{"layer_id":"ekosistem","jenis":"rth","nama":null,"sumber":"OSM","atribut":{"kategori":"park"}}},{"type":"Feature","geometry":{"type":"Polygon","coordinates":[[[106.871526,-6.349002],[106.871515,-6.348901],[106.871275,-6.348737],[106.871267,-6.348859],[106.871151,-6.34884],[106.87099,-6.34906],[106.871023,-6.3492],[106.870974,-6.349342],[106.871268,-6.349654],[106.871667,-6.349793],[106.87169,-6.349862],[106.871829,-6.349918],[106.871723,-6.35021],[106.871991,-6.350264],[106.872074,-6.350051],[106.871625,-6.349541],[106.871444,-6.349021],[106.871526,-6.349002]]]},"properties":{"layer_id":"ekosistem","jenis":"rth","nama":null,"sumber":"OSM","atribut":{"kategori":"cemetery"}}},{"type":"Feature","geometry":{"type":"Polygon","coordinates":[[[106.899612,-6.321833],[106.899776,-6.321866],[106.899745,-6.322012],[106.899582,-6.321979],[106.899612,-6.321833]]]},"properties":{"layer_id":"ekosistem","jenis":"rth","nama":null,"sumber":"OSM","atribut":{"kategori":"park"}}},{"type":"Feature","geometry":{"type":"Polygon","coordinates":[[[106.83884,-6.312647],[106.838923,-6.312447],[106.838763,-6.312381],[106.83868,-6.312581],[106.83884,-6.312647]]]},"properties":{"layer_id":"ekosistem","jenis":"rth","nama":null,"sumber":"OSM","atribut":{"kategori":"park"}}},{"type":"Feature","geometry":{"type":"Polygon","coordinates":[[[106.882218,-6.314977],[106.882403,-6.315175],[106.882592,-6.315045],[106.882575,-6.314663],[106.882383,-6.314537],[106.882382,-6.314419],[106.882257,-6.314387],[106.882232,-6.314438],[106.88224,-6.314683],[106.882162,-6.314709],[106.882279,-6.314824],[106.882277,-6.314884],[106.882205,-6.314892],[106.882218,-6.314977]]]},"properties":{"layer_id":"ekosistem","jenis":"rth","nama":"Taman WARU","sumber":"OSM","atribut":{"kategori":"park"}}},{"type":"Feature","geometry":{"type":"Polygon","coordinates":[[[106.806149,-6.302935],[106.806504,-6.302921],[106.806868,-6.302812],[106.80689,-6.303545],[106.807078,-6.303529],[106.80711,-6.303716],[106.806742,-6.303774],[106.806756,-6.3039],[106.80649,-6.303894],[106.80645,-6.303758],[106.806101,-6.303732],[106.806149,-6.302935]]]},"properties":{"layer_id":"ekosistem","jenis":"rth","nama":"TPU Krukut","sumber":"OSM","atribut":{"kategori":"cemetery"}}},{"type":"Feature","geometry":{"type":"Polygon","coordinates":[[[106.798383,-6.30211],[106.798611,-6.302111],[106.79861,-6.302281],[106.798382,-6.30228],[106.798383,-6.30211]]]},"properties":{"layer_id":"ekosistem","jenis":"rth","nama":null,"sumber":"OSM","atribut":{"kategori":"park"}}},{"type":"Feature","geometry":{"type":"Polygon","coordinates":[[[106.863533,-6.344456],[106.86349,-6.344372],[106.863313,-6.344484],[106.862996,-6.34503],[106.863334,-6.345126],[106.863376,-6.345297],[106.863298,-6.345574],[106.86324,-6.345714],[106.863305,-6.345764],[106.863397,-6.345658],[106.863484,-6.34571],[106.863916,-6.345049],[106.863915,-6.344966],[106.863492,-6.344565],[106.863533,-6.344456]]]},"properties":{"layer_id":"ekosistem","jenis":"rth","nama":null,"sumber":"OSM","atribut":{"kategori":"cemetery"}}},{"type":"Feature","geometry":{"type":"Polygon","coordinates":[[[106.855285,-6.293723],[106.854693,-6.293711],[106.854689,-6.29394],[106.854697,-6.294104],[106.854904,-6.294435],[106.854919,-6.294599],[106.855318,-6.294584],[106.855426,-6.294571],[106.855495,-6.294279],[106.855285,-6.293723]]]},"properties":{"layer_id":"ekosistem","jenis":"rth","nama":null,"sumber":"OSM","atribut":{"kategori":"cemetery"}}},{"type":"Feature","geometry":{"type":"Polygon","coordinates":[[[106.877646,-6.319837],[106.87805,-6.319961],[106.878119,-6.319773],[106.879313,-6.320154],[106.879305,-6.320374],[106.87967,-6.320342],[106.879667,-6.320571],[106.87959,-6.320597],[106.879155,-6.320557],[106.878822,-6.320309],[106.877936,-6.320186],[106.877561,-6.320074],[106.877646,-6.319837]]]},"properties":{"layer_id":"ekosistem","jenis":"rth","nama":"TPU Ciracas","sumber":"OSM","atribut":{"kategori":"cemetery"}}},{"type":"Feature","geometry":{"type":"Polygon","coordinates":[[[106.882029,-6.350608],[106.881573,-6.350607],[106.881686,-6.351272],[106.882017,-6.351274],[106.882029,-6.350608]]]},"properties":{"layer_id":"ekosistem","jenis":"rth","nama":"Taman Maju Bersama","sumber":"OSM","atribut":{"kategori":"park"}}},{"type":"Feature","geometry":{"type":"Polygon","coordinates":[[[106.840289,-6.28236],[106.840291,-6.282263],[106.840383,-6.28226],[106.840384,-6.282195],[106.84074,-6.282188],[106.840804,-6.282135],[106.841308,-6.282148],[106.841298,-6.282273],[106.841491,-6.282343],[106.841338,-6.282929],[106.841183,-6.282892],[106.841134,-6.283004],[106.840576,-6.282849],[106.84041,-6.282711],[106.840289,-6.28236]]]},"properties":{"layer_id":"ekosistem","jenis":"rth","nama":"RPTRA Belimbing","sumber":"OSM","atribut":{"kategori":"recreation_ground"}}},{"type":"Feature","geometry":{"type":"Polygon","coordinates":[[[106.855485,-6.30086],[106.855407,-6.300929],[106.855449,-6.301277],[106.856165,-6.301244],[106.856086,-6.298992],[106.855989,-6.298943],[106.855919,-6.299083],[106.855739,-6.299112],[106.855737,-6.299253],[106.855852,-6.299272],[106.855898,-6.299602],[106.855973,-6.29967],[106.855975,-6.299797],[106.855906,-6.299835],[106.855948,-6.300916],[106.855794,-6.300936],[106.855764,-6.300844],[106.855485,-6.30086]]]},"properties":{"layer_id":"ekosistem","jenis":"rth","nama":null,"sumber":"OSM","atribut":{"kategori":"park"}}},{"type":"Feature","geometry":{"type":"Polygon","coordinates":[[[106.823089,-6.329263],[106.823482,-6.328788],[106.823746,-6.328778],[106.824022,-6.32886],[106.824124,-6.329029],[106.824,-6.329263],[106.823851,-6.329232],[106.823774,-6.329287],[106.82362,-6.32918],[106.82353,-6.329279],[106.823404,-6.329256],[106.823242,-6.329391],[106.823089,-6.329263]]]},"properties":{"layer_id":"ekosistem","jenis":"rth","nama":"Taman Matoa","sumber":"OSM","atribut":{"kategori":"park"}}},{"type":"Feature","geometry":{"type":"Polygon","coordinates":[[[106.822651,-6.329966],[106.822806,-6.330038],[106.822692,-6.330278],[106.822538,-6.330206],[106.822651,-6.329966]]]},"properties":{"layer_id":"ekosistem","jenis":"rth","nama":"RPTRA Taman Matoa Jagakarsa","sumber":"OSM","atribut":{"kategori":"recreation_ground"}}},{"type":"Feature","geometry":{"type":"Polygon","coordinates":[[[106.822226,-6.328443],[106.822832,-6.328582],[106.822934,-6.328713],[106.823306,-6.328664],[106.823385,-6.328812],[106.82314,-6.329175],[106.822814,-6.329355],[106.82256,-6.32932],[106.822485,-6.329143],[106.822123,-6.328884],[106.822226,-6.328443]]]},"properties":{"layer_id":"ekosistem","jenis":"rth","nama":"Taman Pemakaman Umum Jagakarsa","sumber":"OSM","atribut":{"kategori":"cemetery"}}},{"type":"Feature","geometry":{"type":"Polygon","coordinates":[[[106.882857,-6.324278],[106.882888,-6.324346],[106.882706,-6.324735],[106.882809,-6.324785],[106.882777,-6.324891],[106.882404,-6.324788],[106.882122,-6.324787],[106.881654,-6.324334],[106.881477,-6.324295],[106.881506,-6.324145],[106.882857,-6.324278]]]},"properties":{"layer_id":"ekosistem","jenis":"rth","nama":"Taman Layang-Layang","sumber":"OSM","atribut":{"kategori":"park"}}},{"type":"Feature","geometry":{"type":"Polygon","coordinates":[[[106.869769,-6.304062],[106.869744,-6.303993],[106.869498,-6.303935],[106.869321,-6.303973],[106.869172,-6.30427],[106.868771,-6.304443],[106.868837,-6.304726],[106.869445,-6.304956],[106.869903,-6.304831],[106.869915,-6.304567],[106.870458,-6.304576],[106.870626,-6.304385],[106.870497,-6.304354],[106.870538,-6.304085],[106.870328,-6.30407],[106.870284,-6.304325],[106.869851,-6.304267],[106.869754,-6.304141],[106.869769,-6.304062]]]},"properties":{"layer_id":"ekosistem","jenis":"rth","nama":"TPU Susukan Budha","sumber":"OSM","atribut":{"kategori":"cemetery"}}},{"type":"Feature","geometry":{"type":"Polygon","coordinates":[[[106.773695,-6.284382],[106.773518,-6.28415],[106.773501,-6.284367],[106.773695,-6.284382]]]},"properties":{"layer_id":"ekosistem","jenis":"rth","nama":null,"sumber":"OSM","atribut":{"kategori":"park"}}},{"type":"Feature","geometry":{"type":"Polygon","coordinates":[[[106.795474,-6.306198],[106.795497,-6.305522],[106.794427,-6.305454],[106.794253,-6.305526],[106.793801,-6.306185],[106.793805,-6.306327],[106.794107,-6.30638],[106.794081,-6.306682],[106.794011,-6.306682],[106.793999,-6.306772],[106.794077,-6.306901],[106.794023,-6.307356],[106.794125,-6.307359],[106.794121,-6.307921],[106.794854,-6.307885],[106.795474,-6.306198]]]},"properties":{"layer_id":"ekosistem","jenis":"rth","nama":"Topgolf Jakarta","sumber":"OSM","atribut":{"kategori":"golf_course"}}},{"type":"Feature","geometry":{"type":"Polygon","coordinates":[[[106.801868,-6.331391],[106.801588,-6.331282],[106.801405,-6.331571],[106.801411,-6.331776],[106.801699,-6.332114],[106.801958,-6.332049],[106.802227,-6.332018],[106.802307,-6.331474],[106.801868,-6.331391]]]},"properties":{"layer_id":"ekosistem","jenis":"rth","nama":"Taman Kiara Payung","sumber":"OSM","atribut":{"kategori":"park"}}},{"type":"Feature","geometry":{"type":"Polygon","coordinates":[[[106.808322,-6.330991],[106.809273,-6.331322],[106.80915,-6.331653],[106.80817,-6.331345],[106.808322,-6.330991]]]},"properties":{"layer_id":"ekosistem","jenis":"rth","nama":"Taman Buni","sumber":"OSM","atribut":{"kategori":"park"}}},{"type":"Feature","geometry":{"type":"Polygon","coordinates":[[[106.838256,-6.296068],[106.838313,-6.296072],[106.838309,-6.296123],[106.838253,-6.296119],[106.838256,-6.296068]]]},"properties":{"layer_id":"ekosistem","jenis":"rth","nama":null,"sumber":"OSM","atribut":{"kategori":"park"}}},{"type":"Feature","geometry":{"type":"Polygon","coordinates":[[[106.825787,-6.281721],[106.825988,-6.281865],[106.826146,-6.281828],[106.826927,-6.281035],[106.826412,-6.280909],[106.826235,-6.281369],[106.825923,-6.281321],[106.825787,-6.281721]]]},"properties":{"layer_id":"ekosistem","jenis":"rth","nama":null,"sumber":"OSM","atribut":{"kategori":"cemetery"}}},{"type":"Feature","geometry":{"type":"Polygon","coordinates":[[[106.845536,-6.280144],[106.845861,-6.280206],[106.845903,-6.279984],[106.845578,-6.279923],[106.845536,-6.280144]]]},"properties":{"layer_id":"ekosistem","jenis":"rth","nama":"RPTRA Kemuning","sumber":"OSM","atribut":{"kategori":"recreation_ground"}}},{"type":"Feature","geometry":{"type":"Polygon","coordinates":[[[106.701736,-6.30649],[106.702254,-6.306496],[106.702252,-6.30668],[106.701734,-6.306674],[106.701736,-6.30649]]]},"properties":{"layer_id":"ekosistem","jenis":"rth","nama":"LapanganMerak","sumber":"OSM","atribut":{"kategori":"park"}}},{"type":"Feature","geometry":{"type":"Polygon","coordinates":[[[106.754144,-6.30667],[106.754381,-6.30666],[106.754388,-6.306813],[106.75415,-6.306823],[106.754144,-6.30667]]]},"properties":{"layer_id":"ekosistem","jenis":"rth","nama":null,"sumber":"OSM","atribut":{"kategori":"park"}}},{"type":"Feature","geometry":{"type":"Polygon","coordinates":[[[106.781691,-6.284466],[106.782034,-6.284586],[106.782219,-6.284555],[106.782673,-6.283602],[106.783041,-6.28226],[106.78238,-6.28205],[106.782277,-6.282445],[106.782165,-6.28276],[106.782041,-6.282906],[106.78198,-6.283917],[106.781864,-6.284445],[106.781691,-6.284466]]]},"properties":{"layer_id":"ekosistem","jenis":"rth","nama":"Taman Puspita","sumber":"OSM","atribut":{"kategori":"park"}}},{"type":"Feature","geometry":{"type":"Polygon","coordinates":[[[106.828734,-6.371231],[106.828843,-6.371231],[106.828965,-6.37143],[106.82873,-6.371426],[106.828734,-6.371231]]]},"properties":{"layer_id":"ekosistem","jenis":"rth","nama":null,"sumber":"OSM","atribut":{"kategori":"park"}}},{"type":"Feature","geometry":{"type":"Polygon","coordinates":[[[106.829856,-6.371118],[106.829639,-6.371113],[106.829634,-6.371274],[106.829351,-6.371307],[106.829357,-6.371457],[106.829628,-6.371455],[106.829908,-6.371425],[106.829856,-6.371118]]]},"properties":{"layer_id":"ekosistem","jenis":"rth","nama":null,"sumber":"OSM","atribut":{"kategori":"park"}}},{"type":"Feature","geometry":{"type":"Polygon","coordinates":[[[106.829068,-6.371102],[106.829312,-6.371081],[106.829319,-6.371162],[106.828998,-6.371194],[106.828973,-6.371175],[106.829068,-6.371102]]]},"properties":{"layer_id":"ekosistem","jenis":"rth","nama":null,"sumber":"OSM","atribut":{"kategori":"park"}}},{"type":"Feature","geometry":{"type":"Polygon","coordinates":[[[106.889049,-6.290602],[106.889594,-6.29057],[106.889616,-6.290975],[106.890089,-6.29096],[106.890326,-6.291893],[106.888929,-6.291991],[106.888798,-6.291293],[106.889049,-6.290602]]]},"properties":{"layer_id":"ekosistem","jenis":"rth","nama":null,"sumber":"OSM","atribut":{"kategori":"park"}}},{"type":"Feature","geometry":{"type":"Polygon","coordinates":[[[106.726425,-6.560482],[106.726593,-6.56081],[106.730108,-6.560864],[106.730135,-6.56036],[106.730355,-6.559987],[106.728016,-6.559741],[106.72799,-6.560029],[106.727636,-6.56004],[106.727126,-6.559896],[106.726874,-6.560573],[106.726425,-6.560482]]]},"properties":{"layer_id":"ekosistem","jenis":"rth","nama":"Koin IPB","sumber":"OSM","atribut":{"kategori":"park"}}},{"type":"Feature","geometry":{"type":"Polygon","coordinates":[[[106.889798,-6.29436],[106.891209,-6.294431],[106.891219,-6.295297],[106.891094,-6.296435],[106.890797,-6.296208],[106.890333,-6.295239],[106.889798,-6.29436]]]},"properties":{"layer_id":"ekosistem","jenis":"rth","nama":null,"sumber":"OSM","atribut":{"kategori":"park"}}},{"type":"Feature","geometry":{"type":"Polygon","coordinates":[[[106.810234,-6.538819],[106.810222,-6.539074],[106.810514,-6.539092],[106.810526,-6.538836],[106.810234,-6.538819]]]},"properties":{"layer_id":"ekosistem","jenis":"rth","nama":null,"sumber":"OSM","atribut":{"kategori":"recreation_ground"}}},{"type":"Feature","geometry":{"type":"Polygon","coordinates":[[[106.732516,-6.341891],[106.732961,-6.34182],[106.732919,-6.34146],[106.73289,-6.341272],[106.732444,-6.341341],[106.732516,-6.341891]]]},"properties":{"layer_id":"ekosistem","jenis":"rth","nama":"Taman Pamulang","sumber":"OSM","atribut":{"kategori":"park"}}},{"type":"Feature","geometry":{"type":"Polygon","coordinates":[[[106.802234,-6.405494],[106.802247,-6.405438],[106.802559,-6.405471],[106.802575,-6.405547],[106.802532,-6.405608],[106.802234,-6.405494]]]},"properties":{"layer_id":"ekosistem","jenis":"rth","nama":null,"sumber":"OSM","atribut":{"kategori":"park"}}},{"type":"Feature","geometry":{"type":"Polygon","coordinates":[[[106.875717,-6.522926],[106.876388,-6.523854],[106.876774,-6.524222],[106.877037,-6.52388],[106.876667,-6.523337],[106.876533,-6.523163],[106.87627,-6.523033],[106.875717,-6.522926]]]},"properties":{"layer_id":"ekosistem","jenis":"rth","nama":"Canti Dharma Park","sumber":"OSM","atribut":{"kategori":"park"}}},{"type":"Feature","geometry":{"type":"Polygon","coordinates":[[[106.76887,-6.383303],[106.770864,-6.383536],[106.770814,-6.384522],[106.768733,-6.384256],[106.76887,-6.383303]]]},"properties":{"layer_id":"ekosistem","jenis":"rth","nama":"Pelataran Gerbang Kubah Mas","sumber":"OSM","atribut":{"kategori":"park"}}},{"type":"Feature","geometry":{"type":"Polygon","coordinates":[[[106.847072,-6.363302],[106.847133,-6.363486],[106.84785,-6.363251],[106.847789,-6.363067],[106.847072,-6.363302]]]},"properties":{"layer_id":"ekosistem","jenis":"rth","nama":"Taman Komplek Timah","sumber":"OSM","atribut":{"kategori":"park"}}},{"type":"Feature","geometry":{"type":"Polygon","coordinates":[[[106.828896,-6.369961],[106.828995,-6.369961],[106.828996,-6.370079],[106.829333,-6.370086],[106.829354,-6.370438],[106.829138,-6.370615],[106.829143,-6.370327],[106.828822,-6.370323],[106.828814,-6.370539],[106.829077,-6.370544],[106.829076,-6.370602],[106.828741,-6.370643],[106.828749,-6.370125],[106.828896,-6.369961]]]},"properties":{"layer_id":"ekosistem","jenis":"rth","nama":"FKM Park","sumber":"OSM","atribut":{"kategori":"park"}}},{"type":"Feature","geometry":{"type":"Polygon","coordinates":[[[106.826831,-6.363249],[106.827324,-6.363248],[106.827292,-6.363933],[106.827136,-6.363743],[106.826976,-6.363779],[106.826923,-6.363907],[106.82664,-6.363913],[106.826655,-6.363803],[106.826198,-6.363668],[106.826358,-6.363328],[106.826736,-6.363478],[106.826784,-6.36335],[106.82664,-6.363292],[106.826593,-6.36342],[106.826462,-6.362918],[106.826832,-6.362971],[106.826831,-6.363249]]]},"properties":{"layer_id":"ekosistem","jenis":"rth","nama":null,"sumber":"OSM","atribut":{"kategori":"park"}}},{"type":"Feature","geometry":{"type":"Polygon","coordinates":[[[106.855873,-6.399599],[106.855849,-6.399698],[106.856022,-6.399744],[106.856049,-6.399644],[106.855873,-6.399599]]]},"properties":{"layer_id":"ekosistem","jenis":"rth","nama":"Tire Park","sumber":"OSM","atribut":{"kategori":"park"}}},{"type":"Feature","geometry":{"type":"Polygon","coordinates":[[[106.849469,-6.372393],[106.849476,-6.372553],[106.849681,-6.372551],[106.849673,-6.372385],[106.849469,-6.372393]]]},"properties":{"layer_id":"ekosistem","jenis":"rth","nama":"Taman Pondok Duta 2","sumber":"OSM","atribut":{"kategori":"park"}}},{"type":"Feature","geometry":{"type":"Polygon","coordinates":[[[106.849315,-6.369924],[106.849323,-6.36995],[106.849782,-6.369942],[106.849779,-6.369636],[106.849315,-6.369924]]]},"properties":{"layer_id":"ekosistem","jenis":"rth","nama":"Taman Masjid Baabul Jannah","sumber":"OSM","atribut":{"kategori":"park"}}},{"type":"Feature","geometry":{"type":"Polygon","coordinates":[[[106.849815,-6.375617],[106.849829,-6.375917],[106.850199,-6.375903],[106.85019,-6.375593],[106.849815,-6.375617]]]},"properties":{"layer_id":"ekosistem","jenis":"rth","nama":null,"sumber":"OSM","atribut":{"kategori":"park"}}},{"type":"Feature","geometry":{"type":"Polygon","coordinates":[[[106.71092,-6.279292],[106.71129,-6.279834],[106.711454,-6.280411],[106.711731,-6.28061],[106.712036,-6.280523],[106.711288,-6.279494],[106.71092,-6.279292]]]},"properties":{"layer_id":"ekosistem","jenis":"rth","nama":"Taman Kasuari","sumber":"OSM","atribut":{"kategori":"park"}}},{"type":"Feature","geometry":{"type":"Polygon","coordinates":[[[106.711389,-6.280419],[106.71144,-6.28071],[106.711713,-6.280658],[106.711389,-6.280419]]]},"properties":{"layer_id":"ekosistem","jenis":"rth","nama":null,"sumber":"OSM","atribut":{"kategori":"park"}}},{"type":"Feature","geometry":{"type":"Polygon","coordinates":[[[106.712131,-6.280376],[106.713349,-6.280567],[106.712979,-6.280544],[106.712175,-6.280468],[106.712131,-6.280376]]]},"properties":{"layer_id":"ekosistem","jenis":"rth","nama":"Taman Kasuari","sumber":"OSM","atribut":{"kategori":"park"}}},{"type":"Feature","geometry":{"type":"Polygon","coordinates":[[[106.712077,-6.280603],[106.712577,-6.280606],[106.712706,-6.280724],[106.712957,-6.281681],[106.712829,-6.2817],[106.712077,-6.280603]]]},"properties":{"layer_id":"ekosistem","jenis":"rth","nama":"Taman Maleo","sumber":"OSM","atribut":{"kategori":"park"}}},{"type":"Feature","geometry":{"type":"Polygon","coordinates":[[[106.789174,-6.32535],[106.788995,-6.326052],[106.789508,-6.325905],[106.789383,-6.32536],[106.789174,-6.32535]]]},"properties":{"layer_id":"ekosistem","jenis":"rth","nama":"Cinere Bawah Park","sumber":"OSM","atribut":{"kategori":"park"}}},{"type":"Feature","geometry":{"type":"Polygon","coordinates":[[[106.798988,-6.444266],[106.798979,-6.444447],[106.799135,-6.444447],[106.79917,-6.444283],[106.798988,-6.444266]]]},"properties":{"layer_id":"ekosistem","jenis":"rth","nama":null,"sumber":"OSM","atribut":{"kategori":"forest"}}},{"type":"Feature","geometry":{"type":"Polygon","coordinates":[[[106.817105,-6.413574],[106.816907,-6.413524],[106.816954,-6.413358],[106.817128,-6.413422],[106.817105,-6.413574]]]},"properties":{"layer_id":"ekosistem","jenis":"rth","nama":null,"sumber":"OSM","atribut":{"kategori":"cemetery"}}},{"type":"Feature","geometry":{"type":"Polygon","coordinates":[[[106.742907,-6.325483],[106.742932,-6.326025],[106.743338,-6.326037],[106.743363,-6.325433],[106.742907,-6.325483]]]},"properties":{"layer_id":"ekosistem","jenis":"rth","nama":null,"sumber":"OSM","atribut":{"kategori":"park"}}},{"type":"Feature","geometry":{"type":"Polygon","coordinates":[[[106.743091,-6.285491],[106.74304,-6.286313],[106.743405,-6.286331],[106.743566,-6.285718],[106.743091,-6.285491]]]},"properties":{"layer_id":"ekosistem","jenis":"rth","nama":"Taman Kuda Laut","sumber":"OSM","atribut":{"kategori":"park"}}},{"type":"Feature","geometry":{"type":"Polygon","coordinates":[[[106.825974,-6.360484],[106.826032,-6.36042],[106.826091,-6.360487],[106.826039,-6.360536],[106.825974,-6.360484]]]},"properties":{"layer_id":"ekosistem","jenis":"rth","nama":null,"sumber":"OSM","atribut":{"kategori":"park"}}},{"type":"Feature","geometry":{"type":"Polygon","coordinates":[[[106.823181,-6.360936],[106.823167,-6.360405],[106.822982,-6.360348],[106.822871,-6.360487],[106.82262,-6.360474],[106.824211,-6.35562],[106.826579,-6.34773],[106.827723,-6.348046],[106.82812,-6.348329],[106.83144,-6.348821],[106.83186,-6.349118],[106.831412,-6.351452],[106.831711,-6.352348],[106.831497,-6.354019],[106.831375,-6.354336],[106.830224,-6.355885],[106.830058,-6.356453],[106.830078,-6.356685],[106.830218,-6.357042],[106.831023,-6.358097],[106.831716,-6.362378],[106.831662,-6.362545],[106.831538,-6.362655],[106.831228,-6.362632],[106.828343,-6.359679],[106.828061,-6.359493],[106.827879,-6.359447],[106.827923,-6.359492],[106.825679,-6.359386],[106.825033,-6.359424],[106.824789,-6.359578],[106.823391,-6.360962],[106.823206,-6.361031],[106.823181,-6.360936]]]},"properties":{"layer_id":"ekosistem","jenis":"rth","nama":"UI Park","sumber":"OSM","atribut":{"kategori":"park"}}},{"type":"Feature","geometry":{"type":"Polygon","coordinates":[[[106.828885,-6.290236],[106.829086,-6.290268],[106.829072,-6.290391],[106.828869,-6.290385],[106.828885,-6.290236]]]},"properties":{"layer_id":"ekosistem","jenis":"rth","nama":"Pemakaman Jatipadang","sumber":"OSM","atribut":{"kategori":"cemetery"}}},{"type":"Feature","geometry":{"type":"Polygon","coordinates":[[[106.828786,-6.289682],[106.828894,-6.289706],[106.828768,-6.290199],[106.828652,-6.29018],[106.828786,-6.289682]]]},"properties":{"layer_id":"ekosistem","jenis":"rth","nama":"Taman Zakia Jatipadang","sumber":"OSM","atribut":{"kategori":"park"}}},{"type":"Feature","geometry":{"type":"Polygon","coordinates":[[[106.804494,-6.500414],[106.804336,-6.500298],[106.804448,-6.500176],[106.804552,-6.500358],[106.804494,-6.500414]]]},"properties":{"layer_id":"ekosistem","jenis":"rth","nama":null,"sumber":"OSM","atribut":{"kategori":"park"}}},{"type":"Feature","geometry":{"type":"Polygon","coordinates":[[[106.745019,-6.35539],[106.745282,-6.355376],[106.74533,-6.35584],[106.745086,-6.355963],[106.745019,-6.35539]]]},"properties":{"layer_id":"ekosistem","jenis":"rth","nama":"Lapangan Bhinneka","sumber":"OSM","atribut":{"kategori":"park"}}},{"type":"Feature","geometry":{"type":"Polygon","coordinates":[[[106.792002,-6.363312],[106.79269,-6.363321],[106.792788,-6.363388],[106.793036,-6.363917],[106.793045,-6.364063],[106.792841,-6.364079],[106.792721,-6.364317],[106.792026,-6.363581],[106.792002,-6.363312]]]},"properties":{"layer_id":"ekosistem","jenis":"rth","nama":"Pemakaman Muslim Kp. Krukut","sumber":"OSM","atribut":{"kategori":"cemetery"}}},{"type":"Feature","geometry":{"type":"Polygon","coordinates":[[[106.87883,-6.394716],[106.878859,-6.394591],[106.878978,-6.394632],[106.878907,-6.394753],[106.87883,-6.394716]]]},"properties":{"layer_id":"ekosistem","jenis":"rth","nama":null,"sumber":"OSM","atribut":{"kategori":"cemetery"}}},{"type":"Feature","geometry":{"type":"Polygon","coordinates":[[[106.713547,-6.347506],[106.713651,-6.347496],[106.713667,-6.347688],[106.713563,-6.347713],[106.713547,-6.347506]]]},"properties":{"layer_id":"ekosistem","jenis":"rth","nama":"Taman Griya Laksana Pinasti","sumber":"OSM","atribut":{"kategori":"park"}}},{"type":"Feature","geometry":{"type":"Polygon","coordinates":[[[106.884612,-6.394785],[106.884603,-6.394857],[106.884293,-6.394852],[106.884291,-6.394775],[106.884612,-6.394785]]]},"properties":{"layer_id":"ekosistem","jenis":"rth","nama":null,"sumber":"OSM","atribut":{"kategori":"village_green"}}},{"type":"Feature","geometry":{"type":"Polygon","coordinates":[[[106.884947,-6.39611],[106.884793,-6.396108],[106.884796,-6.39587],[106.884949,-6.395875],[106.884947,-6.39611]]]},"properties":{"layer_id":"ekosistem","jenis":"rth","nama":null,"sumber":"OSM","atribut":{"kategori":"village_green"}}},{"type":"Feature","geometry":{"type":"Polygon","coordinates":[[[106.886501,-6.386955],[106.886647,-6.387079],[106.886478,-6.387276],[106.886332,-6.387152],[106.886501,-6.386955]]]},"properties":{"layer_id":"ekosistem","jenis":"rth","nama":null,"sumber":"OSM","atribut":{"kategori":"village_green"}}},{"type":"Feature","geometry":{"type":"Polygon","coordinates":[[[106.888353,-6.387834],[106.888613,-6.388063],[106.888389,-6.388288],[106.888133,-6.388041],[106.888353,-6.387834]]]},"properties":{"layer_id":"ekosistem","jenis":"rth","nama":null,"sumber":"OSM","atribut":{"kategori":"village_green"}}},{"type":"Feature","geometry":{"type":"Polygon","coordinates":[[[106.885978,-6.394515],[106.886259,-6.394503],[106.886252,-6.394828],[106.88597,-6.394842],[106.885978,-6.394515]]]},"properties":{"layer_id":"ekosistem","jenis":"rth","nama":null,"sumber":"OSM","atribut":{"kategori":"village_green"}}},{"type":"Feature","geometry":{"type":"Polygon","coordinates":[[[106.886608,-6.394802],[106.886609,-6.394846],[106.887645,-6.394854],[106.887647,-6.394809],[106.886608,-6.394802]]]},"properties":{"layer_id":"ekosistem","jenis":"rth","nama":null,"sumber":"OSM","atribut":{"kategori":"village_green"}}},{"type":"Feature","geometry":{"type":"Polygon","coordinates":[[[106.880499,-6.395975],[106.880645,-6.395985],[106.880649,-6.396106],[106.880506,-6.396109],[106.880499,-6.395975]]]},"properties":{"layer_id":"ekosistem","jenis":"rth","nama":null,"sumber":"OSM","atribut":{"kategori":"cemetery"}}},{"type":"Feature","geometry":{"type":"Polygon","coordinates":[[[106.886839,-6.395957],[106.88595,-6.395979],[106.885949,-6.395884],[106.88683,-6.395875],[106.886839,-6.395957]]]},"properties":{"layer_id":"ekosistem","jenis":"rth","nama":null,"sumber":"OSM","atribut":{"kategori":"village_green"}}},{"type":"Feature","geometry":{"type":"Polygon","coordinates":[[[106.885315,-6.396155],[106.885014,-6.396156],[106.885014,-6.39586],[106.885315,-6.395861],[106.885315,-6.396155]]]},"properties":{"layer_id":"ekosistem","jenis":"rth","nama":null,"sumber":"OSM","atribut":{"kategori":"village_green"}}},{"type":"Feature","geometry":{"type":"Polygon","coordinates":[[[106.878238,-6.392351],[106.877439,-6.392287],[106.877489,-6.392158],[106.877689,-6.39219],[106.877707,-6.392128],[106.877956,-6.392166],[106.877977,-6.392065],[106.878286,-6.392132],[106.878238,-6.392351]]]},"properties":{"layer_id":"ekosistem","jenis":"rth","nama":null,"sumber":"OSM","atribut":{"kategori":"park"}}},{"type":"Feature","geometry":{"type":"Polygon","coordinates":[[[106.882428,-6.387831],[106.882267,-6.387848],[106.882205,-6.387981],[106.88197,-6.387917],[106.881984,-6.387844],[106.881933,-6.387825],[106.881968,-6.387714],[106.881749,-6.38767],[106.88176,-6.387613],[106.882428,-6.387831]]]},"properties":{"layer_id":"ekosistem","jenis":"rth","nama":null,"sumber":"OSM","atribut":{"kategori":"park"}}},{"type":"Feature","geometry":{"type":"Polygon","coordinates":[[[106.875402,-6.391696],[106.875817,-6.391196],[106.876004,-6.391441],[106.876038,-6.39163],[106.876151,-6.391597],[106.876241,-6.391868],[106.876145,-6.391892],[106.876167,-6.392086],[106.876072,-6.392158],[106.876144,-6.392238],[106.876014,-6.392305],[106.875534,-6.392331],[106.875521,-6.39189],[106.875211,-6.391918],[106.875402,-6.391696]]]},"properties":{"layer_id":"ekosistem","jenis":"rth","nama":null,"sumber":"OSM","atribut":{"kategori":"cemetery"}}},{"type":"Feature","geometry":{"type":"Polygon","coordinates":[[[106.886774,-6.39763],[106.886773,-6.397739],[106.885976,-6.397736],[106.885976,-6.397636],[106.886774,-6.39763]]]},"properties":{"layer_id":"ekosistem","jenis":"rth","nama":null,"sumber":"OSM","atribut":{"kategori":"village_green"}}},{"type":"Feature","geometry":{"type":"Polygon","coordinates":[[[106.885015,-6.396828],[106.885911,-6.396822],[106.885915,-6.396911],[106.885015,-6.396911],[106.885015,-6.396828]]]},"properties":{"layer_id":"ekosistem","jenis":"rth","nama":null,"sumber":"OSM","atribut":{"kategori":"village_green"}}},{"type":"Feature","geometry":{"type":"Polygon","coordinates":[[[106.884241,-6.394673],[106.883333,-6.394681],[106.88333,-6.39459],[106.884236,-6.394579],[106.884241,-6.394673]]]},"properties":{"layer_id":"ekosistem","jenis":"rth","nama":null,"sumber":"OSM","atribut":{"kategori":"village_green"}}},{"type":"Feature","geometry":{"type":"Polygon","coordinates":[[[106.885616,-6.394785],[106.88562,-6.394872],[106.885013,-6.394869],[106.885008,-6.394774],[106.885616,-6.394785]]]},"properties":{"layer_id":"ekosistem","jenis":"rth","nama":null,"sumber":"OSM","atribut":{"kategori":"village_green"}}},{"type":"Feature","geometry":{"type":"Polygon","coordinates":[[[106.882598,-6.393524],[106.882347,-6.39352],[106.882343,-6.393237],[106.882589,-6.393236],[106.882598,-6.393524]]]},"properties":{"layer_id":"ekosistem","jenis":"rth","nama":null,"sumber":"OSM","atribut":{"kategori":"village_green"}}},{"type":"Feature","geometry":{"type":"Polygon","coordinates":[[[106.889265,-6.403704],[106.889497,-6.403633],[106.889536,-6.403736],[106.889625,-6.403713],[106.889702,-6.4039],[106.889355,-6.40407],[106.889265,-6.403704]]]},"properties":{"layer_id":"ekosistem","jenis":"rth","nama":null,"sumber":"OSM","atribut":{"kategori":"village_green"}}},{"type":"Feature","geometry":{"type":"Polygon","coordinates":[[[106.895144,-6.399159],[106.895511,-6.399272],[106.895456,-6.399568],[106.895408,-6.399505],[106.895144,-6.399159]]]},"properties":{"layer_id":"ekosistem","jenis":"rth","nama":null,"sumber":"OSM","atribut":{"kategori":"cemetery"}}},{"type":"Feature","geometry":{"type":"Polygon","coordinates":[[[106.875425,-6.429861],[106.875681,-6.429976],[106.875668,-6.430282],[106.875351,-6.430718],[106.875153,-6.430795],[106.875209,-6.430535],[106.875405,-6.430195],[106.875425,-6.429861]]]},"properties":{"layer_id":"ekosistem","jenis":"rth","nama":null,"sumber":"OSM","atribut":{"kategori":"cemetery"}}},{"type":"Feature","geometry":{"type":"Polygon","coordinates":[[[106.863066,-6.463466],[106.86265,-6.463931],[106.862945,-6.464067],[106.863053,-6.46376],[106.863201,-6.463343],[106.863072,-6.463312],[106.863066,-6.463466]]]},"properties":{"layer_id":"ekosistem","jenis":"rth","nama":null,"sumber":"OSM","atribut":{"kategori":"cemetery"}}},{"type":"Feature","geometry":{"type":"Polygon","coordinates":[[[106.859899,-6.455997],[106.860063,-6.456006],[106.86002,-6.456164],[106.860314,-6.456364],[106.860193,-6.456631],[106.859858,-6.456383],[106.859899,-6.455997]]]},"properties":{"layer_id":"ekosistem","jenis":"rth","nama":null,"sumber":"OSM","atribut":{"kategori":"cemetery"}}},{"type":"Feature","geometry":{"type":"Polygon","coordinates":[[[106.877819,-6.460299],[106.878107,-6.460142],[106.878295,-6.460137],[106.878563,-6.460523],[106.878547,-6.460782],[106.878219,-6.461184],[106.877564,-6.46106],[106.877654,-6.460595],[106.877819,-6.460299]]]},"properties":{"layer_id":"ekosistem","jenis":"rth","nama":null,"sumber":"OSM","atribut":{"kategori":"cemetery"}}},{"type":"Feature","geometry":{"type":"Polygon","coordinates":[[[106.879269,-6.443674],[106.879737,-6.44373],[106.879691,-6.444108],[106.879223,-6.444052],[106.879269,-6.443674]]]},"properties":{"layer_id":"ekosistem","jenis":"rth","nama":null,"sumber":"OSM","atribut":{"kategori":"cemetery"}}},{"type":"Feature","geometry":{"type":"Polygon","coordinates":[[[106.862565,-6.425251],[106.862915,-6.425346],[106.862866,-6.425489],[106.862951,-6.425534],[106.862889,-6.425739],[106.862668,-6.425669],[106.862688,-6.42557],[106.862563,-6.425534],[106.862512,-6.425643],[106.862455,-6.42563],[106.862565,-6.425251]]]},"properties":{"layer_id":"ekosistem","jenis":"rth","nama":null,"sumber":"OSM","atribut":{"kategori":"village_green"}}},{"type":"Feature","geometry":{"type":"Polygon","coordinates":[[[106.863923,-6.411248],[106.864432,-6.411516],[106.864149,-6.41222],[106.863672,-6.411971],[106.863923,-6.411248]]]},"properties":{"layer_id":"ekosistem","jenis":"rth","nama":"Jatijajar Park","sumber":"OSM","atribut":{"kategori":"recreation_ground"}}},{"type":"Feature","geometry":{"type":"Polygon","coordinates":[[[106.890088,-6.351869],[106.890052,-6.351689],[106.889923,-6.351727],[106.889866,-6.35167],[106.889945,-6.351455],[106.889629,-6.351299],[106.88983,-6.350851],[106.890221,-6.350981],[106.890187,-6.351299],[106.890243,-6.351531],[106.890141,-6.351645],[106.890256,-6.351797],[106.890088,-6.351869]]]},"properties":{"layer_id":"ekosistem","jenis":"rth","nama":"Taman Apung","sumber":"OSM","atribut":{"kategori":"park"}}},{"type":"Feature","geometry":{"type":"Polygon","coordinates":[[[106.91394,-6.349365],[106.914401,-6.348363],[106.914969,-6.348573],[106.914956,-6.348953],[106.914876,-6.349344],[106.91445,-6.349429],[106.91394,-6.349365]]]},"properties":{"layer_id":"ekosistem","jenis":"rth","nama":"Kuburan","sumber":"OSM","atribut":{"kategori":"cemetery"}}},{"type":"Feature","geometry":{"type":"Polygon","coordinates":[[[106.891726,-6.351013],[106.892134,-6.350933],[106.892176,-6.351112],[106.891819,-6.351187],[106.891726,-6.351013]]]},"properties":{"layer_id":"ekosistem","jenis":"rth","nama":"Taman","sumber":"OSM","atribut":{"kategori":"park"}}},{"type":"Feature","geometry":{"type":"Polygon","coordinates":[[[106.911678,-6.345039],[106.911701,-6.344868],[106.91149,-6.344818],[106.911432,-6.345008],[106.911339,-6.344979],[106.911432,-6.344685],[106.911354,-6.344639],[106.911412,-6.344481],[106.911618,-6.344532],[106.911768,-6.344241],[106.912108,-6.344353],[106.91213,-6.344563],[106.911931,-6.345183],[106.911678,-6.345039]]]},"properties":{"layer_id":"ekosistem","jenis":"rth","nama":"RPTRA","sumber":"OSM","atribut":{"kategori":"park"}}},{"type":"Feature","geometry":{"type":"Polygon","coordinates":[[[106.751623,-6.332516],[106.751705,-6.332501],[106.75173,-6.332619],[106.751684,-6.332626],[106.751623,-6.332516]]]},"properties":{"layer_id":"ekosistem","jenis":"rth","nama":"Taman","sumber":"OSM","atribut":{"kategori":"park"}}},{"type":"Feature","geometry":{"type":"Polygon","coordinates":[[[106.729074,-6.283392],[106.728589,-6.283842],[106.728114,-6.283696],[106.727521,-6.28341],[106.727776,-6.282965],[106.727956,-6.28284],[106.728347,-6.282792],[106.728576,-6.28288],[106.729074,-6.283392]]]},"properties":{"layer_id":"ekosistem","jenis":"rth","nama":"Taman NKCTHI","sumber":"OSM","atribut":{"kategori":"park"}}},{"type":"Feature","geometry":{"type":"Polygon","coordinates":[[[106.799399,-6.356379],[106.799515,-6.356643],[106.799724,-6.356482],[106.799863,-6.356507],[106.799834,-6.356835],[106.800223,-6.356859],[106.800183,-6.357229],[106.799729,-6.357184],[106.799643,-6.357861],[106.79969,-6.358217],[106.799843,-6.359388],[106.799135,-6.359447],[106.798981,-6.356865],[106.79889,-6.356456],[106.799399,-6.356379]]]},"properties":{"layer_id":"ekosistem","jenis":"rth","nama":"Taman Casuarina","sumber":"OSM","atribut":{"kategori":"park"}}},{"type":"Feature","geometry":{"type":"Polygon","coordinates":[[[106.741106,-6.296074],[106.741136,-6.296362],[106.741447,-6.29634],[106.741423,-6.296046],[106.741106,-6.296074]]]},"properties":{"layer_id":"ekosistem","jenis":"rth","nama":"Lapangan Ciputat Baru","sumber":"OSM","atribut":{"kategori":"park"}}},{"type":"Feature","geometry":{"type":"Polygon","coordinates":[[[106.742523,-6.334544],[106.741997,-6.334442],[106.742099,-6.333762],[106.74285,-6.333888],[106.743215,-6.334602],[106.743352,-6.33493],[106.743151,-6.334927],[106.743151,-6.335138],[106.742499,-6.335053],[106.742523,-6.334544]]]},"properties":{"layer_id":"ekosistem","jenis":"rth","nama":null,"sumber":"OSM","atribut":{"kategori":"cemetery"}}},{"type":"Feature","geometry":{"type":"Polygon","coordinates":[[[106.732454,-6.38537],[106.732453,-6.385142],[106.732303,-6.385145],[106.732305,-6.385375],[106.732454,-6.38537]]]},"properties":{"layer_id":"ekosistem","jenis":"rth","nama":null,"sumber":"OSM","atribut":{"kategori":"park"}}},{"type":"Feature","geometry":{"type":"Polygon","coordinates":[[[106.732462,-6.384017],[106.732466,-6.384056],[106.732763,-6.384055],[106.73276,-6.383988],[106.732569,-6.384007],[106.732462,-6.384017]]]},"properties":{"layer_id":"ekosistem","jenis":"rth","nama":null,"sumber":"OSM","atribut":{"kategori":"park"}}},{"type":"Feature","geometry":{"type":"Polygon","coordinates":[[[106.73361,-6.385293],[106.733658,-6.385289],[106.733656,-6.3859],[106.733595,-6.385917],[106.73361,-6.385293]]]},"properties":{"layer_id":"ekosistem","jenis":"rth","nama":null,"sumber":"OSM","atribut":{"kategori":"park"}}},{"type":"Feature","geometry":{"type":"Polygon","coordinates":[[[106.73359,-6.38446],[106.733601,-6.385116],[106.733647,-6.385118],[106.733649,-6.384469],[106.733511,-6.384247],[106.73359,-6.38446]]]},"properties":{"layer_id":"ekosistem","jenis":"rth","nama":null,"sumber":"OSM","atribut":{"kategori":"park"}}},{"type":"Feature","geometry":{"type":"Polygon","coordinates":[[[106.733291,-6.383934],[106.733472,-6.384023],[106.733494,-6.38405],[106.733474,-6.384079],[106.733432,-6.384052],[106.733379,-6.384019],[106.733291,-6.383934]]]},"properties":{"layer_id":"ekosistem","jenis":"rth","nama":null,"sumber":"OSM","atribut":{"kategori":"park"}}},{"type":"Feature","geometry":{"type":"Polygon","coordinates":[[[106.731431,-6.384002],[106.731673,-6.384976],[106.731626,-6.384966],[106.731428,-6.384407],[106.731388,-6.384059],[106.731418,-6.383994],[106.731431,-6.384002]]]},"properties":{"layer_id":"ekosistem","jenis":"rth","nama":null,"sumber":"OSM","atribut":{"kategori":"park"}}},{"type":"Feature","geometry":{"type":"Polygon","coordinates":[[[106.733368,-6.384114],[106.733373,-6.384397],[106.733478,-6.384396],[106.733424,-6.384295],[106.733405,-6.384132],[106.733368,-6.384114]]]},"properties":{"layer_id":"ekosistem","jenis":"rth","nama":null,"sumber":"OSM","atribut":{"kategori":"park"}}},{"type":"Feature","geometry":{"type":"Polygon","coordinates":[[[106.733439,-6.384982],[106.733442,-6.385116],[106.733476,-6.385083],[106.733513,-6.385062],[106.733537,-6.385043],[106.733541,-6.384979],[106.733439,-6.384982]]]},"properties":{"layer_id":"ekosistem","jenis":"rth","nama":null,"sumber":"OSM","atribut":{"kategori":"park"}}},{"type":"Feature","geometry":{"type":"Polygon","coordinates":[[[106.816956,-6.45972],[106.816874,-6.459785],[106.816908,-6.460035],[106.81717,-6.460027],[106.817233,-6.459849],[106.817261,-6.459664],[106.816956,-6.45972]]]},"properties":{"layer_id":"ekosistem","jenis":"rth","nama":"Kuburan Warga Pondok Rajeg","sumber":"OSM","atribut":{"kategori":"cemetery"}}},{"type":"Feature","geometry":{"type":"Polygon","coordinates":[[[106.769049,-6.356386],[106.769259,-6.356391],[106.769222,-6.356154],[106.769023,-6.356193],[106.769049,-6.356386]]]},"properties":{"layer_id":"ekosistem","jenis":"rth","nama":null,"sumber":"OSM","atribut":{"kategori":"park"}}},{"type":"Feature","geometry":{"type":"Polygon","coordinates":[[[106.829543,-6.362092],[106.829685,-6.362094],[106.829679,-6.362337],[106.829456,-6.362374],[106.829252,-6.362374],[106.829254,-6.362184],[106.8294,-6.362184],[106.829543,-6.362092]]]},"properties":{"layer_id":"ekosistem","jenis":"rth","nama":"Taman Tunas Bangsa FISIP UI","sumber":"OSM","atribut":{"kategori":"park"}}},{"type":"Feature","geometry":{"type":"Polygon","coordinates":[[[106.737241,-6.334013],[106.737321,-6.334432],[106.73763,-6.333758],[106.737241,-6.334013]]]},"properties":{"layer_id":"ekosistem","jenis":"rth","nama":null,"sumber":"OSM","atribut":{"kategori":"park"}}},{"type":"Feature","geometry":{"type":"Polygon","coordinates":[[[106.776845,-6.31151],[106.776979,-6.3121],[106.777786,-6.311889],[106.777689,-6.311401],[106.776845,-6.31151]]]},"properties":{"layer_id":"ekosistem","jenis":"rth","nama":"TPU Karang Tengah","sumber":"OSM","atribut":{"kategori":"cemetery"}}},{"type":"Feature","geometry":{"type":"Polygon","coordinates":[[[106.911535,-6.442839],[106.911645,-6.442649],[106.911417,-6.442558],[106.911347,-6.442746],[106.911446,-6.442796],[106.911535,-6.442839]]]},"properties":{"layer_id":"ekosistem","jenis":"rth","nama":"Taman Mesjid Baiturohim","sumber":"OSM","atribut":{"kategori":"park"}}},{"type":"Feature","geometry":{"type":"Polygon","coordinates":[[[106.910558,-6.438374],[106.910566,-6.438093],[106.910612,-6.438094],[106.910605,-6.438375],[106.910558,-6.438374]]]},"properties":{"layer_id":"ekosistem","jenis":"rth","nama":"TAMAN MASJID JAMI ALHIKMAH","sumber":"OSM","atribut":{"kategori":"park"}}},{"type":"Feature","geometry":{"type":"Polygon","coordinates":[[[106.842787,-6.285148],[106.842842,-6.285093],[106.842842,-6.285146],[106.842787,-6.285148]]]},"properties":{"layer_id":"ekosistem","jenis":"rth","nama":null,"sumber":"OSM","atribut":{"kategori":"park"}}},{"type":"Feature","geometry":{"type":"Polygon","coordinates":[[[106.836604,-6.396675],[106.840782,-6.397007],[106.841507,-6.397252],[106.841494,-6.397342],[106.836585,-6.396983],[106.836604,-6.396675]]]},"properties":{"layer_id":"ekosistem","jenis":"rth","nama":"Taman Merdeka","sumber":"OSM","atribut":{"kategori":"park"}}},{"type":"Feature","geometry":{"type":"Polygon","coordinates":[[[106.846298,-6.396431],[106.846365,-6.396702],[106.846971,-6.396571],[106.848968,-6.396548],[106.849012,-6.396231],[106.846668,-6.396334],[106.846298,-6.396431]]]},"properties":{"layer_id":"ekosistem","jenis":"rth","nama":"Taman Merdeka 3","sumber":"OSM","atribut":{"kategori":"park"}}},{"type":"Feature","geometry":{"type":"Polygon","coordinates":[[[106.841507,-6.397252],[106.843169,-6.397319],[106.842812,-6.39742],[106.841494,-6.397342],[106.841507,-6.397252]]]},"properties":{"layer_id":"ekosistem","jenis":"rth","nama":"Taman Merdeka 2","sumber":"OSM","atribut":{"kategori":"park"}}},{"type":"Feature","geometry":{"type":"Polygon","coordinates":[[[106.84936,-6.383758],[106.849446,-6.382796],[106.850086,-6.382859],[106.850002,-6.383816],[106.84936,-6.383758]]]},"properties":{"layer_id":"ekosistem","jenis":"rth","nama":"Taman Bermain Jamuju 5","sumber":"OSM","atribut":{"kategori":"park"}}},{"type":"Feature","geometry":{"type":"Polygon","coordinates":[[[106.742465,-6.327187],[106.742476,-6.327394],[106.742632,-6.327389],[106.742629,-6.327203],[106.742465,-6.327187]]]},"properties":{"layer_id":"ekosistem","jenis":"rth","nama":null,"sumber":"OSM","atribut":{"kategori":"park"}}},{"type":"Feature","geometry":{"type":"Polygon","coordinates":[[[106.799247,-6.44923],[106.799857,-6.449238],[106.800125,-6.449387],[106.800121,-6.449512],[106.800263,-6.449525],[106.800357,-6.449383],[106.800463,-6.449379],[106.800516,-6.449896],[106.800463,-6.449807],[106.800324,-6.449795],[106.800186,-6.449872],[106.800109,-6.449709],[106.800072,-6.449799],[106.799946,-6.449852],[106.799954,-6.449989],[106.799808,-6.450143],[106.799755,-6.450082],[106.799674,-6.450139],[106.799515,-6.449993],[106.7993,-6.449989],[106.799166,-6.449884],[106.799149,-6.449727],[106.799247,-6.44923]]]},"properties":{"layer_id":"ekosistem","jenis":"rth","nama":"Taman Citayam","sumber":"OSM","atribut":{"kategori":"park"}}},{"type":"Feature","geometry":{"type":"Polygon","coordinates":[[[106.913119,-6.281551],[106.913585,-6.281503],[106.913731,-6.282472],[106.913102,-6.282535],[106.913102,-6.281639],[106.913119,-6.281551]]]},"properties":{"layer_id":"ekosistem","jenis":"rth","nama":"Lapangan Sepakbola Pondok Gede","sumber":"OSM","atribut":{"kategori":"park"}}},{"type":"Feature","geometry":{"type":"Polygon","coordinates":[[[106.826227,-6.365933],[106.826178,-6.366226],[106.826427,-6.366651],[106.827598,-6.366812],[106.827665,-6.36648],[106.827771,-6.366325],[106.827525,-6.366141],[106.826801,-6.366189],[106.826227,-6.365933]]]},"properties":{"layer_id":"ekosistem","jenis":"rth","nama":"Hutan","sumber":"OSM","atribut":{"kategori":"forest"}}},{"type":"Feature","geometry":{"type":"Polygon","coordinates":[[[106.826487,-6.367607],[106.82679,-6.3675],[106.826452,-6.366902],[106.825374,-6.366884],[106.825261,-6.366951],[106.825253,-6.367378],[106.825347,-6.367756],[106.825701,-6.367681],[106.825744,-6.367463],[106.826428,-6.36742],[106.826487,-6.367607]]]},"properties":{"layer_id":"ekosistem","jenis":"rth","nama":"Hutan","sumber":"OSM","atribut":{"kategori":"forest"}}},{"type":"Feature","geometry":{"type":"Polygon","coordinates":[[[106.827978,-6.359443],[106.828363,-6.359672],[106.829361,-6.360576],[106.829585,-6.360373],[106.830625,-6.361438],[106.830522,-6.361562],[106.830903,-6.361964],[106.830799,-6.362078],[106.831307,-6.362546],[106.831551,-6.362519],[106.831595,-6.362149],[106.831368,-6.361179],[106.831373,-6.360657],[106.830946,-6.358057],[106.829986,-6.356957],[106.829923,-6.356522],[106.82956,-6.356483],[106.829535,-6.356363],[106.829114,-6.356238],[106.829066,-6.356052],[106.829116,-6.355922],[106.829197,-6.355847],[106.82936,-6.355835],[106.829441,-6.355833],[106.829464,-6.355758],[106.829416,-6.355433],[106.82913,-6.35491],[106.828926,-6.354814],[106.828811,-6.354838],[106.828718,-6.355035],[106.828587,-6.355126],[106.82857,-6.355311],[106.828465,-6.355425],[106.828429,-6.355738],[106.828273,-6.35592],[106.827949,-6.356088],[106.8273,-6.356051],[106.827257,-6.356667],[106.827622,-6.35704],[106.827674,-6.357307],[106.828386,-6.358878],[106.828386,-6.359022],[106.827925,-6.359171],[106.827978,-6.359443]]]},"properties":{"layer_id":"ekosistem","jenis":"rth","nama":null,"sumber":"OSM","atribut":{"kategori":"forest"}}},{"type":"Feature","geometry":{"type":"Polygon","coordinates":[[[106.824553,-6.354529],[106.823952,-6.356288],[106.823019,-6.359359],[106.822686,-6.36017],[106.823314,-6.360775],[106.82346,-6.360772],[106.824438,-6.359621],[106.824806,-6.35934],[106.825588,-6.359272],[106.827844,-6.359328],[106.827632,-6.358666],[106.827096,-6.357749],[106.826656,-6.356128],[106.82671,-6.355968],[106.826881,-6.355819],[106.82687,-6.355584],[106.827149,-6.355489],[106.827664,-6.355499],[106.827965,-6.355382],[106.828426,-6.354486],[106.828705,-6.353388],[106.828544,-6.352908],[106.828512,-6.352588],[106.828823,-6.352311],[106.829199,-6.351287],[106.829134,-6.350936],[106.829005,-6.350754],[106.828405,-6.350605],[106.82834,-6.350306],[106.828491,-6.35004],[106.829231,-6.350722],[106.829724,-6.350701],[106.829993,-6.349848],[106.830411,-6.349091],[106.831173,-6.349304],[106.831216,-6.348792],[106.829306,-6.348547],[106.827986,-6.348302],[106.827439,-6.348376],[106.827085,-6.348558],[106.827278,-6.348227],[106.827149,-6.348003],[106.826549,-6.347993],[106.826237,-6.348611],[106.826109,-6.349336],[106.825808,-6.350008],[106.825315,-6.351906],[106.82481,-6.353239],[106.824553,-6.354529]]]},"properties":{"layer_id":"ekosistem","jenis":"rth","nama":null,"sumber":"OSM","atribut":{"kategori":"forest"}}},{"type":"Feature","geometry":{"type":"Polygon","coordinates":[[[106.827182,-6.372133],[106.827106,-6.372837],[106.827192,-6.37386],[106.827326,-6.374],[106.828018,-6.374138],[106.828051,-6.373733],[106.828179,-6.373455],[106.828252,-6.371663],[106.827718,-6.371621],[106.827303,-6.371433],[106.826994,-6.371175],[106.825133,-6.369187],[106.824967,-6.369096],[106.825051,-6.369327],[106.825418,-6.369891],[106.826416,-6.370878],[106.826868,-6.371475],[106.827182,-6.372133]]]},"properties":{"layer_id":"ekosistem","jenis":"rth","nama":null,"sumber":"OSM","atribut":{"kategori":"forest"}}},{"type":"Feature","geometry":{"type":"Polygon","coordinates":[[[106.783926,-6.502761],[106.784017,-6.502802],[106.784148,-6.502516],[106.784057,-6.502475],[106.783976,-6.502652],[106.783926,-6.502761]]]},"properties":{"layer_id":"ekosistem","jenis":"rth","nama":"Taman Kemuning","sumber":"OSM","atribut":{"kategori":"park"}}},{"type":"Feature","geometry":{"type":"Polygon","coordinates":[[[106.783803,-6.503073],[106.783877,-6.503107],[106.783824,-6.503218],[106.783751,-6.503184],[106.783803,-6.503073]]]},"properties":{"layer_id":"ekosistem","jenis":"rth","nama":"Taman dan Lapangan SDKR","sumber":"OSM","atribut":{"kategori":"park"}}},{"type":"Feature","geometry":{"type":"Polygon","coordinates":[[[106.784408,-6.502285],[106.784562,-6.502355],[106.784598,-6.502277],[106.784501,-6.502233],[106.784443,-6.502207],[106.784408,-6.502285]]]},"properties":{"layer_id":"ekosistem","jenis":"rth","nama":"Taman","sumber":"OSM","atribut":{"kategori":"park"}}},{"type":"Feature","geometry":{"type":"Polygon","coordinates":[[[106.820052,-6.345404],[106.820966,-6.344843],[106.821667,-6.344044],[106.821675,-6.343846],[106.821498,-6.34363],[106.821171,-6.343595],[106.820099,-6.344687],[106.819615,-6.345337],[106.819447,-6.345731],[106.819372,-6.346717],[106.819254,-6.347014],[106.818401,-6.348079],[106.818456,-6.348324],[106.818592,-6.348435],[106.818771,-6.348429],[106.81901,-6.348214],[106.819294,-6.347774],[106.819701,-6.346804],[106.819777,-6.345759],[106.820052,-6.345404]]]},"properties":{"layer_id":"ekosistem","jenis":"rth","nama":"Perkampungan Budaya Betawi","sumber":"OSM","atribut":{"kategori":"park"}}},{"type":"Feature","geometry":{"type":"Polygon","coordinates":[[[106.846779,-6.402115],[106.846859,-6.40212],[106.846858,-6.402193],[106.846779,-6.402115]]]},"properties":{"layer_id":"ekosistem","jenis":"rth","nama":null,"sumber":"OSM","atribut":{"kategori":"park"}}},{"type":"Feature","geometry":{"type":"Polygon","coordinates":[[[106.847068,-6.401314],[106.847195,-6.401294],[106.847183,-6.401398],[106.84717,-6.401505],[106.847069,-6.401497],[106.847068,-6.401314]]]},"properties":{"layer_id":"ekosistem","jenis":"rth","nama":null,"sumber":"OSM","atribut":{"kategori":"cemetery"}}},{"type":"Feature","geometry":{"type":"Polygon","coordinates":[[[106.906592,-6.319395],[106.906508,-6.318559],[106.905974,-6.318498],[106.905778,-6.318842],[106.905953,-6.319476],[106.90452,-6.32026],[106.904684,-6.320478],[106.904939,-6.320335],[106.905159,-6.32062],[106.90474,-6.320921],[106.905038,-6.321006],[106.905084,-6.321076],[106.904976,-6.321313],[106.90499,-6.321422],[106.904754,-6.321555],[106.904459,-6.321601],[106.904638,-6.322257],[106.90507,-6.322083],[106.90503,-6.321803],[106.905387,-6.321646],[106.90544,-6.321758],[106.905596,-6.321689],[106.905497,-6.322326],[106.906068,-6.322241],[106.906221,-6.321993],[106.906283,-6.321742],[106.906245,-6.321108],[106.906395,-6.320777],[106.906366,-6.32026],[106.906822,-6.320281],[106.906806,-6.319857],[106.906733,-6.319719],[106.906535,-6.319673],[106.906592,-6.319395]]]},"properties":{"layer_id":"ekosistem","jenis":"rth","nama":"TPU Bambu Wulung","sumber":"OSM","atribut":{"kategori":"cemetery"}}},{"type":"Feature","geometry":{"type":"Polygon","coordinates":[[[106.765379,-6.488389],[106.765627,-6.488391],[106.765629,-6.48873],[106.765369,-6.488726],[106.765379,-6.488389]]]},"properties":{"layer_id":"ekosistem","jenis":"rth","nama":"Taman Komplek BPN","sumber":"OSM","atribut":{"kategori":"park"}}},{"type":"Feature","geometry":{"type":"Polygon","coordinates":[[[106.843457,-6.417987],[106.84356,-6.418044],[106.843639,-6.417901],[106.843536,-6.417844],[106.843457,-6.417987]]]},"properties":{"layer_id":"ekosistem","jenis":"rth","nama":"Taman Kelinci","sumber":"OSM","atribut":{"kategori":"park"}}},{"type":"Feature","geometry":{"type":"Polygon","coordinates":[[[106.844396,-6.417325],[106.844556,-6.417321],[106.844551,-6.417093],[106.84439,-6.417097],[106.844396,-6.417325]]]},"properties":{"layer_id":"ekosistem","jenis":"rth","nama":"Play Ground","sumber":"OSM","atribut":{"kategori":"park"}}},{"type":"Feature","geometry":{"type":"Polygon","coordinates":[[[106.893417,-6.406033],[106.894142,-6.406593],[106.893664,-6.407474],[106.893463,-6.407384],[106.893173,-6.407842],[106.892924,-6.407769],[106.892807,-6.407934],[106.89252,-6.407945],[106.892298,-6.408145],[106.891893,-6.408151],[106.891654,-6.408266],[106.890527,-6.40795],[106.890553,-6.407358],[106.891108,-6.407452],[106.891223,-6.407416],[106.89136,-6.407052],[106.891351,-6.406892],[106.8916,-6.40679],[106.89175,-6.406603],[106.891237,-6.406463],[106.891783,-6.40608],[106.891993,-6.406053],[106.892292,-6.406104],[106.892323,-6.406169],[106.892433,-6.406086],[106.893067,-6.406235],[106.893417,-6.406033]]]},"properties":{"layer_id":"ekosistem","jenis":"rth","nama":null,"sumber":"OSM","atribut":{"kategori":"village_green"}}},{"type":"Feature","geometry":{"type":"Polygon","coordinates":[[[106.907461,-6.344127],[106.908062,-6.344386],[106.908199,-6.344138],[106.908668,-6.344312],[106.908879,-6.344023],[106.909042,-6.344131],[106.908766,-6.344782],[106.908487,-6.344693],[106.908246,-6.345339],[106.907084,-6.344791],[106.907461,-6.344127]]]},"properties":{"layer_id":"ekosistem","jenis":"rth","nama":null,"sumber":"OSM","atribut":{"kategori":"park"}}},{"type":"Feature","geometry":{"type":"Polygon","coordinates":[[[106.91146,-6.344511],[106.911629,-6.344568],[106.91171,-6.344328],[106.91185,-6.344375],[106.911695,-6.344833],[106.911525,-6.344776],[106.911578,-6.34462],[106.911439,-6.344574],[106.91146,-6.344511]]]},"properties":{"layer_id":"ekosistem","jenis":"rth","nama":"RPTRA Tunas Bangsa Bisa","sumber":"OSM","atribut":{"kategori":"park"}}},{"type":"Feature","geometry":{"type":"Polygon","coordinates":[[[106.877307,-6.351023],[106.877465,-6.351048],[106.877416,-6.351278],[106.877247,-6.351282],[106.87722,-6.351703],[106.877107,-6.35171],[106.877131,-6.351321],[106.877192,-6.351303],[106.877307,-6.351023]]]},"properties":{"layer_id":"ekosistem","jenis":"rth","nama":null,"sumber":"OSM","atribut":{"kategori":"park"}}},{"type":"Feature","geometry":{"type":"Polygon","coordinates":[[[106.869052,-6.346333],[106.869084,-6.346145],[106.870022,-6.346455],[106.87033,-6.34665],[106.870316,-6.346984],[106.869861,-6.346966],[106.86929,-6.347081],[106.869304,-6.34674],[106.869213,-6.346396],[106.869052,-6.346333]]]},"properties":{"layer_id":"ekosistem","jenis":"rth","nama":"Taman Delonix","sumber":"OSM","atribut":{"kategori":"park"}}},{"type":"Feature","geometry":{"type":"Polygon","coordinates":[[[106.900293,-6.334704],[106.899815,-6.334669],[106.899693,-6.33492],[106.899561,-6.334929],[106.899461,-6.334889],[106.899357,-6.334685],[106.899044,-6.334549],[106.899015,-6.334465],[106.898795,-6.334406],[106.898694,-6.334533],[106.898458,-6.334419],[106.898825,-6.333967],[106.899332,-6.334124],[106.899778,-6.33387],[106.900125,-6.334153],[106.900099,-6.334241],[106.900423,-6.334277],[106.900293,-6.334704]]]},"properties":{"layer_id":"ekosistem","jenis":"rth","nama":"Taman Melati","sumber":"OSM","atribut":{"kategori":"park"}}},{"type":"Feature","geometry":{"type":"Polygon","coordinates":[[[106.873872,-6.287911],[106.874119,-6.287949],[106.874846,-6.288227],[106.874759,-6.288521],[106.874621,-6.288478],[106.874609,-6.288554],[106.874384,-6.288457],[106.874289,-6.288557],[106.874112,-6.288656],[106.87383,-6.288319],[106.873701,-6.288255],[106.873872,-6.287911]]]},"properties":{"layer_id":"ekosistem","jenis":"rth","nama":"Hutan Kota Dukuh","sumber":"OSM","atribut":{"kategori":"park"}}},{"type":"Feature","geometry":{"type":"Polygon","coordinates":[[[106.903616,-6.341708],[106.903551,-6.341788],[106.903447,-6.342561],[106.903647,-6.342588],[106.903599,-6.34282],[106.903674,-6.34283],[106.903693,-6.342754],[106.903803,-6.342782],[106.904036,-6.341882],[106.903616,-6.341708]]]},"properties":{"layer_id":"ekosistem","jenis":"rth","nama":"RPTRA Garuda","sumber":"OSM","atribut":{"kategori":"park"}}},{"type":"Feature","geometry":{"type":"Polygon","coordinates":[[[106.816306,-6.459524],[106.81623,-6.459627],[106.816368,-6.459728],[106.816451,-6.459633],[106.816306,-6.459524]]]},"properties":{"layer_id":"ekosistem","jenis":"rth","nama":"Sisa Kuburan Pondok Rajeg","sumber":"OSM","atribut":{"kategori":"cemetery"}}},{"type":"Feature","geometry":{"type":"Polygon","coordinates":[[[106.717984,-6.331642],[106.718034,-6.331634],[106.718008,-6.33147],[106.717892,-6.331149],[106.717633,-6.330816],[106.717367,-6.330598],[106.716838,-6.330486],[106.716724,-6.330533],[106.716743,-6.330623],[106.717722,-6.331151],[106.717984,-6.331642]]]},"properties":{"layer_id":"ekosistem","jenis":"rth","nama":null,"sumber":"OSM","atribut":{"kategori":"park"}}},{"type":"Feature","geometry":{"type":"Polygon","coordinates":[[[106.798855,-6.406381],[106.798924,-6.40632],[106.79903,-6.406442],[106.798965,-6.406505],[106.798855,-6.406381]]]},"properties":{"layer_id":"ekosistem","jenis":"rth","nama":"Taman Olahraga","sumber":"OSM","atribut":{"kategori":"park"}}},{"type":"Feature","geometry":{"type":"Polygon","coordinates":[[[106.798927,-6.406314],[106.798997,-6.406256],[106.799037,-6.406304],[106.799054,-6.406351],[106.798997,-6.406394],[106.798927,-6.406314]]]},"properties":{"layer_id":"ekosistem","jenis":"rth","nama":"Taman Bermain Anak","sumber":"OSM","atribut":{"kategori":"park"}}},{"type":"Feature","geometry":{"type":"Polygon","coordinates":[[[106.825786,-6.439146],[106.826058,-6.439158],[106.826104,-6.438591],[106.826225,-6.438425],[106.826831,-6.438464],[106.82695,-6.438344],[106.827238,-6.437704],[106.827377,-6.437673],[106.82796,-6.437849],[106.828029,-6.437958],[106.827932,-6.438143],[106.827633,-6.438128],[106.827626,-6.43839],[106.827416,-6.438853],[106.827513,-6.438915],[106.828119,-6.438911],[106.828146,-6.438764],[106.829102,-6.438985],[106.82903,-6.439272],[106.82874,-6.43922],[106.828171,-6.439326],[106.827351,-6.439905],[106.827117,-6.439979],[106.826791,-6.43979],[106.826527,-6.44018],[106.826085,-6.439856],[106.825891,-6.439547],[106.825786,-6.439146]]]},"properties":{"layer_id":"ekosistem","jenis":"rth","nama":"Alun-Alun Kota Depok","sumber":"OSM","atribut":{"kategori":"park"}}},{"type":"Feature","geometry":{"type":"Polygon","coordinates":[[[106.735707,-6.289911],[106.735498,-6.289974],[106.735465,-6.289826],[106.735394,-6.289932],[106.735139,-6.290026],[106.735243,-6.290433],[106.735416,-6.290645],[106.735784,-6.290921],[106.735755,-6.291696],[106.735821,-6.29199],[106.735899,-6.292029],[106.736088,-6.291554],[106.735975,-6.290645],[106.735707,-6.289911]]]},"properties":{"layer_id":"ekosistem","jenis":"rth","nama":"TPBU Jurangmangu","sumber":"OSM","atribut":{"kategori":"cemetery"}}},{"type":"Feature","geometry":{"type":"Polygon","coordinates":[[[106.778542,-6.53183],[106.778871,-6.53177],[106.77887,-6.532026],[106.778546,-6.532032],[106.778542,-6.53183]]]},"properties":{"layer_id":"ekosistem","jenis":"rth","nama":"Taman harmoni","sumber":"OSM","atribut":{"kategori":"park"}}},{"type":"Feature","geometry":{"type":"Polygon","coordinates":[[[106.881181,-6.490617],[106.881078,-6.490926],[106.881363,-6.490984],[106.88168,-6.490972],[106.882049,-6.490766],[106.881859,-6.490673],[106.881181,-6.490617]]]},"properties":{"layer_id":"ekosistem","jenis":"rth","nama":"Pemakaman PANGERAN SHOHEH","sumber":"OSM","atribut":{"kategori":"cemetery"}}},{"type":"Feature","geometry":{"type":"Polygon","coordinates":[[[106.881656,-6.492547],[106.881582,-6.492527],[106.881624,-6.49241],[106.881496,-6.492353],[106.881547,-6.492194],[106.881369,-6.492113],[106.881534,-6.491687],[106.881803,-6.491849],[106.881756,-6.491979],[106.881851,-6.492017],[106.881656,-6.492547]]]},"properties":{"layer_id":"ekosistem","jenis":"rth","nama":"Pemakaman MBAH DALAMA MACHSAN","sumber":"OSM","atribut":{"kategori":"cemetery"}}},{"type":"Feature","geometry":{"type":"Polygon","coordinates":[[[106.869197,-6.441336],[106.869606,-6.441797],[106.86996,-6.441842],[106.870001,-6.441477],[106.869643,-6.441144],[106.869389,-6.441051],[106.869197,-6.441336]]]},"properties":{"layer_id":"ekosistem","jenis":"rth","nama":"Taman Alexandria","sumber":"OSM","atribut":{"kategori":"park"}}},{"type":"Feature","geometry":{"type":"Polygon","coordinates":[[[106.892251,-6.301265],[106.892257,-6.301657],[106.892466,-6.301645],[106.892464,-6.301294],[106.892251,-6.301265]]]},"properties":{"layer_id":"ekosistem","jenis":"rth","nama":"Taman Prasasti APEC","sumber":"OSM","atribut":{"kategori":"park"}}},{"type":"Feature","geometry":{"type":"Polygon","coordinates":[[[106.858875,-6.488997],[106.858523,-6.48968],[106.857705,-6.490959],[106.857509,-6.491084],[106.857453,-6.491404],[106.857327,-6.491358],[106.857016,-6.491861],[106.856289,-6.491433],[106.856048,-6.491785],[106.854921,-6.492824],[106.85424,-6.494285],[106.854041,-6.494492],[106.853317,-6.494514],[106.853065,-6.494583],[106.852319,-6.495084],[106.851863,-6.49461],[106.851729,-6.494253],[106.851654,-6.493442],[106.851724,-6.493064],[106.851885,-6.492744],[106.85197,-6.49276],[106.852357,-6.493165],[106.853328,-6.492376],[106.85358,-6.492003],[106.853768,-6.491401],[106.851708,-6.490815],[106.851681,-6.491465],[106.851525,-6.492318],[106.850554,-6.492307],[106.850291,-6.492163],[106.851316,-6.489317],[106.851933,-6.489477],[106.852145,-6.488587],[106.853025,-6.489258],[106.853339,-6.489216],[106.853663,-6.488867],[106.853789,-6.488648],[106.853979,-6.487625],[106.853969,-6.486863],[106.854671,-6.485485],[106.854897,-6.485384],[106.855122,-6.485442],[106.856705,-6.486292],[106.856654,-6.486455],[106.857217,-6.486631],[106.857128,-6.486959],[106.857209,-6.487132],[106.857067,-6.487468],[106.857075,-6.487803],[106.857354,-6.487849],[106.857673,-6.487779],[106.857979,-6.487907],[106.858024,-6.488016],[106.858207,-6.487985],[106.858547,-6.487793],[106.858875,-6.488997]]]},"properties":{"layer_id":"ekosistem","jenis":"rth","nama":"Kebun Raya Cibinong","sumber":"OSM","atribut":{"kategori":"park"}}},{"type":"Feature","geometry":{"type":"Polygon","coordinates":[[[106.823955,-6.437061],[106.822395,-6.437099],[106.822461,-6.437955],[106.822316,-6.438373],[106.823748,-6.438762],[106.824322,-6.437766],[106.82453,-6.437154],[106.823955,-6.437061]]]},"properties":{"layer_id":"ekosistem","jenis":"rth","nama":"TPU Kalimulya","sumber":"OSM","atribut":{"kategori":"cemetery"}}},{"type":"Feature","geometry":{"type":"Polygon","coordinates":[[[106.817591,-6.390744],[106.817653,-6.39071],[106.817657,-6.390874],[106.817486,-6.391949],[106.817411,-6.391923],[106.817591,-6.390744]]]},"properties":{"layer_id":"ekosistem","jenis":"rth","nama":"Taman Situ Rawa Besar","sumber":"OSM","atribut":{"kategori":"park"}}},{"type":"Feature","geometry":{"type":"Polygon","coordinates":[[[106.812124,-6.425293],[106.812244,-6.425323],[106.812389,-6.425483],[106.812512,-6.42548],[106.812639,-6.42543],[106.812583,-6.425717],[106.812024,-6.42556],[106.812124,-6.425293]]]},"properties":{"layer_id":"ekosistem","jenis":"rth","nama":"Taman Ratujaya","sumber":"OSM","atribut":{"kategori":"park"}}},{"type":"Feature","geometry":{"type":"Polygon","coordinates":[[[106.74611,-6.359892],[106.746157,-6.360121],[106.746555,-6.360143],[106.74656,-6.359843],[106.74611,-6.359892]]]},"properties":{"layer_id":"ekosistem","jenis":"rth","nama":"Tangsel Park","sumber":"OSM","atribut":{"kategori":"park"}}},{"type":"Feature","geometry":{"type":"Polygon","coordinates":[[[106.745451,-6.359073],[106.745456,-6.359308],[106.745701,-6.359309],[106.745695,-6.359066],[106.745451,-6.359073]]]},"properties":{"layer_id":"ekosistem","jenis":"rth","nama":"Taman Eksis VIP","sumber":"OSM","atribut":{"kategori":"park"}}},{"type":"Feature","geometry":{"type":"Polygon","coordinates":[[[106.744488,-6.355405],[106.744522,-6.355841],[106.744623,-6.355803],[106.744593,-6.355385],[106.744488,-6.355405]]]},"properties":{"layer_id":"ekosistem","jenis":"rth","nama":"RTH Publik Aktif","sumber":"OSM","atribut":{"kategori":"park"}}},{"type":"Feature","geometry":{"type":"Polygon","coordinates":[[[106.730744,-6.345569],[106.731061,-6.344999],[106.731137,-6.345146],[106.731234,-6.345855],[106.730744,-6.345569]]]},"properties":{"layer_id":"ekosistem","jenis":"rth","nama":"RTH Pamulang","sumber":"OSM","atribut":{"kategori":"park"}}},{"type":"Feature","geometry":{"type":"Polygon","coordinates":[[[106.734295,-6.345992],[106.734188,-6.346374],[106.734822,-6.346457],[106.734873,-6.346449],[106.734905,-6.346412],[106.734998,-6.346141],[106.734295,-6.345992]]]},"properties":{"layer_id":"ekosistem","jenis":"rth","nama":"Rubin Taman Permai","sumber":"OSM","atribut":{"kategori":"park"}}},{"type":"Feature","geometry":{"type":"Polygon","coordinates":[[[106.729393,-6.347234],[106.729253,-6.347677],[106.729219,-6.347708],[106.729521,-6.347743],[106.729702,-6.347764],[106.729393,-6.347234]]]},"properties":{"layer_id":"ekosistem","jenis":"rth","nama":"RTH-3","sumber":"OSM","atribut":{"kategori":"park"}}},{"type":"Feature","geometry":{"type":"Polygon","coordinates":[[[106.736545,-6.340102],[106.736567,-6.340453],[106.736647,-6.340439],[106.736632,-6.340091],[106.736545,-6.340102]]]},"properties":{"layer_id":"ekosistem","jenis":"rth","nama":"Taman Pamulang Permai","sumber":"OSM","atribut":{"kategori":"park"}}},{"type":"Feature","geometry":{"type":"Polygon","coordinates":[[[106.732163,-6.339328],[106.732205,-6.339737],[106.732442,-6.339707],[106.732432,-6.33964],[106.732382,-6.339522],[106.732163,-6.339328]]]},"properties":{"layer_id":"ekosistem","jenis":"rth","nama":"Taman Publik Jl. Permai","sumber":"OSM","atribut":{"kategori":"park"}}},{"type":"Feature","geometry":{"type":"Polygon","coordinates":[[[106.716867,-6.355629],[106.716865,-6.35602],[106.717423,-6.356035],[106.717426,-6.355632],[106.716867,-6.355629]]]},"properties":{"layer_id":"ekosistem","jenis":"rth","nama":"Permata Park","sumber":"OSM","atribut":{"kategori":"park"}}},{"type":"Feature","geometry":{"type":"Polygon","coordinates":[[[106.718762,-6.357352],[106.718681,-6.357339],[106.718716,-6.358168],[106.718772,-6.358149],[106.718813,-6.358051],[106.718762,-6.357352]]]},"properties":{"layer_id":"ekosistem","jenis":"rth","nama":"Taman Pandawa Lima","sumber":"OSM","atribut":{"kategori":"park"}}},{"type":"Feature","geometry":{"type":"Polygon","coordinates":[[[106.713148,-6.355561],[106.713357,-6.355563],[106.713357,-6.35595],[106.713143,-6.355941],[106.713138,-6.355802],[106.713148,-6.355561]]]},"properties":{"layer_id":"ekosistem","jenis":"rth","nama":"Taman Publik","sumber":"OSM","atribut":{"kategori":"park"}}},{"type":"Feature","geometry":{"type":"Polygon","coordinates":[[[106.712756,-6.351595],[106.713152,-6.351282],[106.713371,-6.351614],[106.712756,-6.351595]]]},"properties":{"layer_id":"ekosistem","jenis":"rth","nama":"Taman Publik","sumber":"OSM","atribut":{"kategori":"park"}}},{"type":"Feature","geometry":{"type":"Polygon","coordinates":[[[106.712462,-6.351259],[106.712648,-6.351595],[106.712051,-6.351594],[106.711969,-6.351544],[106.712462,-6.351259]]]},"properties":{"layer_id":"ekosistem","jenis":"rth","nama":"Taman Publik 2","sumber":"OSM","atribut":{"kategori":"park"}}},{"type":"Feature","geometry":{"type":"Polygon","coordinates":[[[106.72926,-6.327087],[106.729267,-6.327431],[106.729388,-6.327419],[106.72941,-6.327395],[106.729406,-6.327123],[106.72926,-6.327087]]]},"properties":{"layer_id":"ekosistem","jenis":"rth","nama":"Taman Palem Mas II","sumber":"OSM","atribut":{"kategori":"park"}}},{"type":"Feature","geometry":{"type":"Polygon","coordinates":[[[106.729238,-6.326339],[106.729238,-6.326697],[106.729319,-6.326695],[106.729393,-6.326639],[106.729391,-6.326559],[106.729387,-6.326402],[106.729238,-6.326339]]]},"properties":{"layer_id":"ekosistem","jenis":"rth","nama":"Taman Palem Mas 1","sumber":"OSM","atribut":{"kategori":"park"}}},{"type":"Feature","geometry":{"type":"Polygon","coordinates":[[[106.740354,-6.318974],[106.74032,-6.319233],[106.740882,-6.319273],[106.740923,-6.319026],[106.740691,-6.319003],[106.740354,-6.318974]]]},"properties":{"layer_id":"ekosistem","jenis":"rth","nama":"Taman Blok B","sumber":"OSM","atribut":{"kategori":"park"}}},{"type":"Feature","geometry":{"type":"Polygon","coordinates":[[[106.705958,-6.325613],[106.706097,-6.325595],[106.706189,-6.326315],[106.706039,-6.326332],[106.705958,-6.325613]]]},"properties":{"layer_id":"ekosistem","jenis":"rth","nama":"Hutan Kota Pamulang 2","sumber":"OSM","atribut":{"kategori":"park"}}},{"type":"Feature","geometry":{"type":"Polygon","coordinates":[[[106.700901,-6.331912],[106.70141,-6.332591],[106.70132,-6.331881],[106.700901,-6.331912]]]},"properties":{"layer_id":"ekosistem","jenis":"rth","nama":null,"sumber":"OSM","atribut":{"kategori":"park"}}},{"type":"Feature","geometry":{"type":"Polygon","coordinates":[[[106.700884,-6.333109],[106.701151,-6.333406],[106.701236,-6.333357],[106.701182,-6.33326],[106.701008,-6.333113],[106.70099,-6.333056],[106.700884,-6.333109]]]},"properties":{"layer_id":"ekosistem","jenis":"rth","nama":"RTH","sumber":"OSM","atribut":{"kategori":"park"}}},{"type":"Feature","geometry":{"type":"Polygon","coordinates":[[[106.702101,-6.327036],[106.702371,-6.327033],[106.702371,-6.327144],[106.702064,-6.327155],[106.702101,-6.327036]]]},"properties":{"layer_id":"ekosistem","jenis":"rth","nama":"Taman Blok F Cendana Residence","sumber":"OSM","atribut":{"kategori":"park"}}},{"type":"Feature","geometry":{"type":"Polygon","coordinates":[[[106.714539,-6.342292],[106.714547,-6.342448],[106.714748,-6.342441],[106.714737,-6.342275],[106.714539,-6.342292]]]},"properties":{"layer_id":"ekosistem","jenis":"rth","nama":"Taman Mangga Pondok","sumber":"OSM","atribut":{"kategori":"park"}}},{"type":"Feature","geometry":{"type":"Polygon","coordinates":[[[106.704254,-6.31404],[106.704303,-6.31377],[106.704745,-6.313771],[106.704691,-6.314128],[106.704254,-6.31404]]]},"properties":{"layer_id":"ekosistem","jenis":"rth","nama":null,"sumber":"OSM","atribut":{"kategori":"park"}}},{"type":"Feature","geometry":{"type":"Polygon","coordinates":[[[106.702592,-6.320239],[106.702728,-6.320129],[106.702813,-6.320064],[106.702859,-6.320083],[106.703026,-6.320148],[106.702974,-6.320348],[106.702592,-6.320239]]]},"properties":{"layer_id":"ekosistem","jenis":"rth","nama":"Serpong Green Park","sumber":"OSM","atribut":{"kategori":"park"}}},{"type":"Feature","geometry":{"type":"Polygon","coordinates":[[[106.701033,-6.29228],[106.701222,-6.292437],[106.701209,-6.292548],[106.701061,-6.292583],[106.70094,-6.292504],[106.700939,-6.292302],[106.701033,-6.29228]]]},"properties":{"layer_id":"ekosistem","jenis":"rth","nama":"Taman Strong Arms Bar","sumber":"OSM","atribut":{"kategori":"park"}}},{"type":"Feature","geometry":{"type":"Polygon","coordinates":[[[106.705185,-6.295549],[106.705686,-6.295838],[106.705733,-6.295884],[106.704863,-6.296081],[106.704863,-6.295903],[106.705185,-6.295549]]]},"properties":{"layer_id":"ekosistem","jenis":"rth","nama":"Taman Omen","sumber":"OSM","atribut":{"kategori":"park"}}},{"type":"Feature","geometry":{"type":"Polygon","coordinates":[[[106.707211,-6.293888],[106.706776,-6.293849],[106.706568,-6.293763],[106.706788,-6.293482],[106.707049,-6.293116],[106.707211,-6.293888]]]},"properties":{"layer_id":"ekosistem","jenis":"rth","nama":"RTH publik aktif Jalan Mais","sumber":"OSM","atribut":{"kategori":"park"}}},{"type":"Feature","geometry":{"type":"Polygon","coordinates":[[[106.706405,-6.290994],[106.706408,-6.290669],[106.706431,-6.29047],[106.706642,-6.290964],[106.706405,-6.290994]]]},"properties":{"layer_id":"ekosistem","jenis":"rth","nama":"Taman Krakatau","sumber":"OSM","atribut":{"kategori":"park"}}},{"type":"Feature","geometry":{"type":"Polygon","coordinates":[[[106.705787,-6.288292],[106.705995,-6.288506],[106.706289,-6.288369],[106.706203,-6.28814],[106.705919,-6.28802],[106.705787,-6.288292]]]},"properties":{"layer_id":"ekosistem","jenis":"rth","nama":"TAMAN Jalan Sriwijaya","sumber":"OSM","atribut":{"kategori":"park"}}},{"type":"Feature","geometry":{"type":"Polygon","coordinates":[[[106.713739,-6.293058],[106.713643,-6.292895],[106.71367,-6.292796],[106.713763,-6.292744],[106.714204,-6.292752],[106.713739,-6.293058]]]},"properties":{"layer_id":"ekosistem","jenis":"rth","nama":"Taman mertilang","sumber":"OSM","atribut":{"kategori":"park"}}},{"type":"Feature","geometry":{"type":"Polygon","coordinates":[[[106.713226,-6.289363],[106.713278,-6.289576],[106.713325,-6.289617],[106.713444,-6.289631],[106.7136,-6.289651],[106.713596,-6.28934],[106.713226,-6.289363]]]},"properties":{"layer_id":"ekosistem","jenis":"rth","nama":"Taman KA Mertilang","sumber":"OSM","atribut":{"kategori":"park"}}},{"type":"Feature","geometry":{"type":"Polygon","coordinates":[[[106.700625,-6.28243],[106.700904,-6.281869],[106.70112,-6.282006],[106.700785,-6.282523],[106.700625,-6.28243]]]},"properties":{"layer_id":"ekosistem","jenis":"rth","nama":"Taman Emerald 42","sumber":"OSM","atribut":{"kategori":"park"}}},{"type":"Feature","geometry":{"type":"Polygon","coordinates":[[[106.701155,-6.281611],[106.701164,-6.281666],[106.701398,-6.281796],[106.701526,-6.281586],[106.701155,-6.281611]]]},"properties":{"layer_id":"ekosistem","jenis":"rth","nama":"Taan Emerald Bintaro","sumber":"OSM","atribut":{"kategori":"park"}}},{"type":"Feature","geometry":{"type":"Polygon","coordinates":[[[106.700875,-6.280134],[106.700886,-6.280495],[106.701216,-6.280498],[106.701219,-6.280135],[106.700875,-6.280134]]]},"properties":{"layer_id":"ekosistem","jenis":"rth","nama":null,"sumber":"OSM","atribut":{"kategori":"park"}}},{"type":"Feature","geometry":{"type":"Polygon","coordinates":[[[106.743015,-6.280983],[106.743071,-6.28188],[106.743191,-6.281575],[106.743279,-6.281233],[106.743286,-6.281167],[106.743228,-6.280989],[106.743015,-6.280983]]]},"properties":{"layer_id":"ekosistem","jenis":"rth","nama":"Taman Mesra Raya","sumber":"OSM","atribut":{"kategori":"park"}}},{"type":"Feature","geometry":{"type":"Polygon","coordinates":[[[106.743587,-6.283826],[106.743438,-6.283833],[106.743459,-6.283648],[106.743643,-6.283616],[106.743587,-6.283826]]]},"properties":{"layer_id":"ekosistem","jenis":"rth","nama":"RTH Publik","sumber":"OSM","atribut":{"kategori":"park"}}},{"type":"Feature","geometry":{"type":"Polygon","coordinates":[[[106.7418,-6.288054],[106.742539,-6.288014],[106.74255,-6.287569],[106.7418,-6.288054]]]},"properties":{"layer_id":"ekosistem","jenis":"rth","nama":null,"sumber":"OSM","atribut":{"kategori":"park"}}},{"type":"Feature","geometry":{"type":"Polygon","coordinates":[[[106.743883,-6.297839],[106.743831,-6.29764],[106.744058,-6.29741],[106.744138,-6.297616],[106.744174,-6.297888],[106.743883,-6.297839]]]},"properties":{"layer_id":"ekosistem","jenis":"rth","nama":"Taman Jalan Apel","sumber":"OSM","atribut":{"kategori":"park"}}},{"type":"Feature","geometry":{"type":"Polygon","coordinates":[[[106.750634,-6.290419],[106.75059,-6.290903],[106.750771,-6.290929],[106.750786,-6.290433],[106.750691,-6.290424],[106.750634,-6.290419]]]},"properties":{"layer_id":"ekosistem","jenis":"rth","nama":"Taman Jalan Akasia","sumber":"OSM","atribut":{"kategori":"park"}}},{"type":"Feature","geometry":{"type":"Polygon","coordinates":[[[106.775707,-6.509488],[106.776129,-6.509434],[106.776624,-6.509724],[106.775895,-6.510475],[106.775628,-6.509675],[106.775707,-6.509488]]]},"properties":{"layer_id":"ekosistem","jenis":"rth","nama":"Taman Antapada","sumber":"OSM","atribut":{"kategori":"park"}}},{"type":"Feature","geometry":{"type":"Polygon","coordinates":[[[106.863408,-6.448172],[106.863585,-6.448188],[106.863434,-6.448651],[106.863354,-6.448619],[106.863391,-6.448451],[106.8634,-6.448324],[106.863408,-6.448172]]]},"properties":{"layer_id":"ekosistem","jenis":"rth","nama":"Taman BanVill","sumber":"OSM","atribut":{"kategori":"park"}}},{"type":"Feature","geometry":{"type":"Polygon","coordinates":[[[106.864122,-6.449076],[106.864221,-6.449081],[106.864028,-6.449468],[106.863982,-6.449446],[106.864122,-6.449076]]]},"properties":{"layer_id":"ekosistem","jenis":"rth","nama":"Taman BanVill Belakang","sumber":"OSM","atribut":{"kategori":"park"}}},{"type":"Feature","geometry":{"type":"Polygon","coordinates":[[[106.864107,-6.446957],[106.864069,-6.447165],[106.86393,-6.447141],[106.863868,-6.447645],[106.863479,-6.448607],[106.864295,-6.448897],[106.864493,-6.448673],[106.864195,-6.448471],[106.864477,-6.447978],[106.864804,-6.448162],[106.864882,-6.448026],[106.864032,-6.447514],[106.864231,-6.446983],[106.864107,-6.446957]]]},"properties":{"layer_id":"ekosistem","jenis":"rth","nama":"Hutan Sengon EVI","sumber":"OSM","atribut":{"kategori":"forest"}}},{"type":"Feature","geometry":{"type":"Polygon","coordinates":[[[106.731532,-6.357422],[106.731516,-6.357426],[106.7315,-6.357423],[106.731487,-6.357412],[106.731482,-6.357396],[106.731486,-6.35738],[106.731497,-6.357368],[106.731512,-6.357363],[106.731529,-6.357367],[106.731541,-6.357378],[106.731546,-6.357393],[106.731543,-6.357409],[106.731532,-6.357422]]]},"properties":{"layer_id":"ekosistem","jenis":"rth","nama":null,"sumber":"OSM","atribut":{"kategori":"park"}}},{"type":"Feature","geometry":{"type":"Polygon","coordinates":[[[106.7326,-6.356327],[106.732543,-6.356292],[106.732571,-6.356246],[106.732628,-6.356281],[106.7326,-6.356327]]]},"properties":{"layer_id":"ekosistem","jenis":"rth","nama":null,"sumber":"OSM","atribut":{"kategori":"park"}}},{"type":"Feature","geometry":{"type":"Polygon","coordinates":[[[106.829453,-6.361613],[106.829642,-6.361389],[106.829787,-6.36159],[106.829613,-6.36168],[106.829453,-6.361613]]]},"properties":{"layer_id":"ekosistem","jenis":"rth","nama":"Taman Bhinneka Tunggal Ika FISIP UI","sumber":"OSM","atribut":{"kategori":"park"}}},{"type":"Feature","geometry":{"type":"Polygon","coordinates":[[[106.755283,-6.306757],[106.755761,-6.307082],[106.755685,-6.307191],[106.755208,-6.306866],[106.755283,-6.306757]]]},"properties":{"layer_id":"ekosistem","jenis":"rth","nama":null,"sumber":"OSM","atribut":{"kategori":"park"}}},{"type":"Feature","geometry":{"type":"Polygon","coordinates":[[[106.752801,-6.306242],[106.752387,-6.306226],[106.752381,-6.306377],[106.75254,-6.306466],[106.752792,-6.306484],[106.752801,-6.306242]]]},"properties":{"layer_id":"ekosistem","jenis":"rth","nama":null,"sumber":"OSM","atribut":{"kategori":"park"}}},{"type":"Feature","geometry":{"type":"Polygon","coordinates":[[[106.833433,-6.448358],[106.833553,-6.448399],[106.833515,-6.448575],[106.833399,-6.448807],[106.833293,-6.448804],[106.833208,-6.448717],[106.833433,-6.448358]]]},"properties":{"layer_id":"ekosistem","jenis":"rth","nama":"Taman Bermain dan Pusat Olahraga RT01/08 GMM","sumber":"OSM","atribut":{"kategori":"park"}}},{"type":"Feature","geometry":{"type":"Polygon","coordinates":[[[106.809883,-6.391949],[106.809608,-6.392366],[106.808848,-6.392887],[106.808746,-6.393161],[106.809015,-6.393082],[106.808984,-6.392937],[106.809032,-6.392909],[106.80961,-6.392731],[106.809606,-6.392586],[106.810067,-6.392468],[106.810129,-6.392466],[106.810131,-6.392311],[106.810222,-6.392311],[106.810221,-6.392253],[106.810438,-6.392229],[106.810795,-6.392304],[106.810817,-6.392207],[106.811112,-6.39229],[106.811187,-6.391913],[106.810998,-6.391856],[106.810959,-6.392035],[106.810772,-6.391979],[106.810815,-6.391797],[106.810054,-6.391552],[106.809883,-6.391949]]]},"properties":{"layer_id":"ekosistem","jenis":"rth","nama":"Taman Lembah Mawar","sumber":"OSM","atribut":{"kategori":"park"}}},{"type":"Feature","geometry":{"type":"Polygon","coordinates":[[[106.700213,-6.341814],[106.699839,-6.341899],[106.699867,-6.342006],[106.699803,-6.342044],[106.699978,-6.342461],[106.699793,-6.342944],[106.699566,-6.343108],[106.699516,-6.343427],[106.69949,-6.343564],[106.69955,-6.343636],[106.700078,-6.343911],[106.700694,-6.34378],[106.700213,-6.341814]]]},"properties":{"layer_id":"ekosistem","jenis":"rth","nama":"TPU Kampung Jati","sumber":"OSM","atribut":{"kategori":"cemetery"}}},{"type":"Feature","geometry":{"type":"Polygon","coordinates":[[[106.819376,-6.299185],[106.819312,-6.299183],[106.819261,-6.299247],[106.819277,-6.299404],[106.819419,-6.299432],[106.819376,-6.299185]]]},"properties":{"layer_id":"ekosistem","jenis":"rth","nama":"Taman Pusara Satwa","sumber":"OSM","atribut":{"kategori":"cemetery"}}},{"type":"Feature","geometry":{"type":"Polygon","coordinates":[[[106.778862,-6.505561],[106.779207,-6.506193],[106.778093,-6.506637],[106.77868,-6.508351],[106.777986,-6.508699],[106.777094,-6.506927],[106.774361,-6.507598],[106.773845,-6.506931],[106.773831,-6.506375],[106.773357,-6.505847],[106.773605,-6.50475],[106.773668,-6.504557],[106.773778,-6.504444],[106.773835,-6.504466],[106.774136,-6.505032],[106.774422,-6.505288],[106.776886,-6.506315],[106.777094,-6.50635],[106.777721,-6.506178],[106.778862,-6.505561]]]},"properties":{"layer_id":"ekosistem","jenis":"rth","nama":null,"sumber":"OSM","atribut":{"kategori":"park"}}},{"type":"Feature","geometry":{"type":"Polygon","coordinates":[[[106.769052,-6.505372],[106.768467,-6.505732],[106.768233,-6.505969],[106.768735,-6.506022],[106.770221,-6.506872],[106.770186,-6.505982],[106.76962,-6.505902],[106.769355,-6.505744],[106.769052,-6.505372]]]},"properties":{"layer_id":"ekosistem","jenis":"rth","nama":"Taman Rekreasi Bilabong","sumber":"OSM","atribut":{"kategori":"recreation_ground"}}},{"type":"Feature","geometry":{"type":"Polygon","coordinates":[[[106.768671,-6.504321],[106.768637,-6.504516],[106.768438,-6.504666],[106.768398,-6.504769],[106.768636,-6.504912],[106.768636,-6.505488],[106.769085,-6.50524],[106.769233,-6.505002],[106.769422,-6.504409],[106.768671,-6.504321]]]},"properties":{"layer_id":"ekosistem","jenis":"rth","nama":null,"sumber":"OSM","atribut":{"kategori":"forest"}}},{"type":"Feature","geometry":{"type":"Polygon","coordinates":[[[106.760479,-6.549173],[106.76025,-6.549311],[106.760482,-6.549441],[106.760532,-6.549381],[106.760479,-6.549173]]]},"properties":{"layer_id":"ekosistem","jenis":"rth","nama":null,"sumber":"OSM","atribut":{"kategori":"park"}}},{"type":"Feature","geometry":{"type":"Polygon","coordinates":[[[106.843009,-6.484677],[106.842889,-6.484812],[106.843151,-6.484833],[106.843111,-6.484721],[106.843009,-6.484677]]]},"properties":{"layer_id":"ekosistem","jenis":"rth","nama":null,"sumber":"OSM","atribut":{"kategori":"park"}}},{"type":"Feature","geometry":{"type":"Polygon","coordinates":[[[106.842756,-6.485141],[106.842867,-6.485313],[106.842983,-6.485346],[106.843153,-6.48515],[106.842756,-6.485141]]]},"properties":{"layer_id":"ekosistem","jenis":"rth","nama":null,"sumber":"OSM","atribut":{"kategori":"park"}}},{"type":"Feature","geometry":{"type":"Polygon","coordinates":[[[106.797392,-6.303598],[106.797394,-6.303707],[106.798029,-6.303695],[106.798025,-6.303594],[106.797392,-6.303598]]]},"properties":{"layer_id":"ekosistem","jenis":"rth","nama":"Taman Wijaya Kusuma II","sumber":"OSM","atribut":{"kategori":"park"}}},{"type":"Feature","geometry":{"type":"Polygon","coordinates":[[[106.914382,-6.347386],[106.914826,-6.347551],[106.914663,-6.347902],[106.914586,-6.347866],[106.914516,-6.348028],[106.914305,-6.347938],[106.914317,-6.347839],[106.914106,-6.347747],[106.914382,-6.347386]]]},"properties":{"layer_id":"ekosistem","jenis":"rth","nama":null,"sumber":"OSM","atribut":{"kategori":"park"}}},{"type":"Feature","geometry":{"type":"Polygon","coordinates":[[[106.912508,-6.340813],[106.912555,-6.34066],[106.912767,-6.340707],[106.91272,-6.340896],[106.912508,-6.340813]]]},"properties":{"layer_id":"ekosistem","jenis":"rth","nama":null,"sumber":"OSM","atribut":{"kategori":"park"}}},{"type":"Feature","geometry":{"type":"Polygon","coordinates":[[[106.88097,-6.349137],[106.880949,-6.349772],[106.880578,-6.349672],[106.880608,-6.349105],[106.88097,-6.349137]]]},"properties":{"layer_id":"ekosistem","jenis":"rth","nama":null,"sumber":"OSM","atribut":{"kategori":"park"}}},{"type":"Feature","geometry":{"type":"Polygon","coordinates":[[[106.877876,-6.339303],[106.877746,-6.340021],[106.877418,-6.340034],[106.877441,-6.339609],[106.877262,-6.339537],[106.877421,-6.339164],[106.877876,-6.339303]]]},"properties":{"layer_id":"ekosistem","jenis":"rth","nama":null,"sumber":"OSM","atribut":{"kategori":"park"}}},{"type":"Feature","geometry":{"type":"Polygon","coordinates":[[[106.879441,-6.339484],[106.879862,-6.33956],[106.879865,-6.339734],[106.879308,-6.339791],[106.879441,-6.339484]]]},"properties":{"layer_id":"ekosistem","jenis":"rth","nama":null,"sumber":"OSM","atribut":{"kategori":"park"}}},{"type":"Feature","geometry":{"type":"Polygon","coordinates":[[[106.872743,-6.339048],[106.872797,-6.339454],[106.872582,-6.339359],[106.872576,-6.339152],[106.872652,-6.339037],[106.872743,-6.339048]]]},"properties":{"layer_id":"ekosistem","jenis":"rth","nama":null,"sumber":"OSM","atribut":{"kategori":"park"}}},{"type":"Feature","geometry":{"type":"Polygon","coordinates":[[[106.898558,-6.333333],[106.899064,-6.3336],[106.899051,-6.333666],[106.898424,-6.334439],[106.898139,-6.334215],[106.898093,-6.33427],[106.897848,-6.334084],[106.898185,-6.33364],[106.898558,-6.333333]]]},"properties":{"layer_id":"ekosistem","jenis":"rth","nama":null,"sumber":"OSM","atribut":{"kategori":"park"}}},{"type":"Feature","geometry":{"type":"Polygon","coordinates":[[[106.890304,-6.331918],[106.890622,-6.332048],[106.89047,-6.33244],[106.890168,-6.332324],[106.890304,-6.331918]]]},"properties":{"layer_id":"ekosistem","jenis":"rth","nama":null,"sumber":"OSM","atribut":{"kategori":"park"}}},{"type":"Feature","geometry":{"type":"Polygon","coordinates":[[[106.887437,-6.331336],[106.888125,-6.331252],[106.888163,-6.331622],[106.887527,-6.331723],[106.887437,-6.331336]]]},"properties":{"layer_id":"ekosistem","jenis":"rth","nama":null,"sumber":"OSM","atribut":{"kategori":"park"}}},{"type":"Feature","geometry":{"type":"Polygon","coordinates":[[[106.793971,-6.363431],[106.793512,-6.363633],[106.793662,-6.363705],[106.793756,-6.363895],[106.793715,-6.36398],[106.793796,-6.364077],[106.793829,-6.364348],[106.794028,-6.364392],[106.794455,-6.364198],[106.794675,-6.364299],[106.794723,-6.364166],[106.794,-6.363919],[106.793971,-6.363431]]]},"properties":{"layer_id":"ekosistem","jenis":"rth","nama":"Taman Alang-Alang","sumber":"OSM","atribut":{"kategori":"park"}}},{"type":"Feature","geometry":{"type":"Polygon","coordinates":[[[106.734666,-6.344058],[106.735635,-6.34426],[106.735525,-6.344718],[106.734547,-6.344543],[106.734561,-6.344474],[106.734666,-6.344058]]]},"properties":{"layer_id":"ekosistem","jenis":"rth","nama":"Alun-Alun Pamulang","sumber":"OSM","atribut":{"kategori":"park"}}},{"type":"Feature","geometry":{"type":"Polygon","coordinates":[[[106.741878,-6.326948],[106.741986,-6.326943],[106.741996,-6.32716],[106.741881,-6.32716],[106.741878,-6.326948]]]},"properties":{"layer_id":"ekosistem","jenis":"rth","nama":"RTH-8","sumber":"OSM","atribut":{"kategori":"park"}}},{"type":"Feature","geometry":{"type":"Polygon","coordinates":[[[106.722443,-6.34149],[106.722642,-6.341469],[106.722799,-6.341142],[106.722821,-6.340524],[106.722756,-6.340521],[106.722477,-6.340514],[106.721926,-6.340635],[106.722443,-6.34149]]]},"properties":{"layer_id":"ekosistem","jenis":"rth","nama":"TPBU Makam Ciledug Benda Baru","sumber":"OSM","atribut":{"kategori":"cemetery"}}},{"type":"Feature","geometry":{"type":"Polygon","coordinates":[[[106.724868,-6.324976],[106.724931,-6.324994],[106.724997,-6.324862],[106.72546,-6.324979],[106.725511,-6.32491],[106.72538,-6.324244],[106.724898,-6.324319],[106.724882,-6.32478],[106.724819,-6.32495],[106.724868,-6.324976]]]},"properties":{"layer_id":"ekosistem","jenis":"rth","nama":null,"sumber":"OSM","atribut":{"kategori":"cemetery"}}},{"type":"Feature","geometry":{"type":"Polygon","coordinates":[[[106.721109,-6.322096],[106.721447,-6.322119],[106.721339,-6.322778],[106.721169,-6.322767],[106.721109,-6.322096]]]},"properties":{"layer_id":"ekosistem","jenis":"rth","nama":"TPBU Gandaria","sumber":"OSM","atribut":{"kategori":"cemetery"}}},{"type":"Feature","geometry":{"type":"Polygon","coordinates":[[[106.724916,-6.329298],[106.725183,-6.329367],[106.725165,-6.329768],[106.724192,-6.329985],[106.724178,-6.329841],[106.724335,-6.329596],[106.724217,-6.328843],[106.724508,-6.328919],[106.724592,-6.329237],[106.724916,-6.329298]]]},"properties":{"layer_id":"ekosistem","jenis":"rth","nama":"TPBU RT 001-002","sumber":"OSM","atribut":{"kategori":"cemetery"}}},{"type":"Feature","geometry":{"type":"Polygon","coordinates":[[[106.813221,-6.529523],[106.813424,-6.529534],[106.813431,-6.529698],[106.813212,-6.529691],[106.813221,-6.529523]]]},"properties":{"layer_id":"ekosistem","jenis":"rth","nama":"Taman Blok C","sumber":"OSM","atribut":{"kategori":"park"}}},{"type":"Feature","geometry":{"type":"Polygon","coordinates":[[[106.714963,-6.326664],[106.714928,-6.32628],[106.714812,-6.326287],[106.71484,-6.326673],[106.714963,-6.326664]]]},"properties":{"layer_id":"ekosistem","jenis":"rth","nama":null,"sumber":"OSM","atribut":{"kategori":"park"}}},{"type":"Feature","geometry":{"type":"Polygon","coordinates":[[[106.721101,-6.32457],[106.721213,-6.324144],[106.721732,-6.324293],[106.721527,-6.324394],[106.721463,-6.324536],[106.72134,-6.324513],[106.721323,-6.324613],[106.721101,-6.32457]]]},"properties":{"layer_id":"ekosistem","jenis":"rth","nama":null,"sumber":"OSM","atribut":{"kategori":"cemetery"}}},{"type":"Feature","geometry":{"type":"Polygon","coordinates":[[[106.720493,-6.331131],[106.720469,-6.33158],[106.720947,-6.331134],[106.720506,-6.331061],[106.720493,-6.331131]]]},"properties":{"layer_id":"ekosistem","jenis":"rth","nama":null,"sumber":"OSM","atribut":{"kategori":"park"}}},{"type":"Feature","geometry":{"type":"Polygon","coordinates":[[[106.723627,-6.346617],[106.723992,-6.34667],[106.724035,-6.346289],[106.724198,-6.346284],[106.724241,-6.346033],[106.72413,-6.345517],[106.723841,-6.345528],[106.723798,-6.345658],[106.723843,-6.346016],[106.723809,-6.34609],[106.723591,-6.346103],[106.723507,-6.346444],[106.723664,-6.346468],[106.723627,-6.346617]]]},"properties":{"layer_id":"ekosistem","jenis":"rth","nama":null,"sumber":"OSM","atribut":{"kategori":"cemetery"}}},{"type":"Feature","geometry":{"type":"Polygon","coordinates":[[[106.717313,-6.332947],[106.717524,-6.332946],[106.717531,-6.332709],[106.717307,-6.332716],[106.717313,-6.332947]]]},"properties":{"layer_id":"ekosistem","jenis":"rth","nama":null,"sumber":"OSM","atribut":{"kategori":"park"}}},{"type":"Feature","geometry":{"type":"Polygon","coordinates":[[[106.836834,-6.353071],[106.836765,-6.353247],[106.836944,-6.353887],[106.837288,-6.353785],[106.837543,-6.353789],[106.837616,-6.353331],[106.836834,-6.353071]]]},"properties":{"layer_id":"ekosistem","jenis":"rth","nama":null,"sumber":"OSM","atribut":{"kategori":"cemetery"}}},{"type":"Feature","geometry":{"type":"Polygon","coordinates":[[[106.841504,-6.354489],[106.841555,-6.354494],[106.841554,-6.354689],[106.841503,-6.354681],[106.841504,-6.354489]]]},"properties":{"layer_id":"ekosistem","jenis":"rth","nama":null,"sumber":"OSM","atribut":{"kategori":"park"}}},{"type":"Feature","geometry":{"type":"Polygon","coordinates":[[[106.84076,-6.354],[106.840746,-6.354157],[106.841025,-6.354201],[106.841055,-6.354285],[106.841177,-6.35429],[106.841182,-6.353916],[106.840994,-6.353904],[106.840967,-6.353985],[106.84076,-6.354]]]},"properties":{"layer_id":"ekosistem","jenis":"rth","nama":null,"sumber":"OSM","atribut":{"kategori":"park"}}},{"type":"Feature","geometry":{"type":"Polygon","coordinates":[[[106.837946,-6.353837],[106.837788,-6.353665],[106.837782,-6.353509],[106.837949,-6.353448],[106.838099,-6.353615],[106.838306,-6.353768],[106.838322,-6.353944],[106.837946,-6.353837]]]},"properties":{"layer_id":"ekosistem","jenis":"rth","nama":null,"sumber":"OSM","atribut":{"kategori":"forest"}}},{"type":"Feature","geometry":{"type":"Polygon","coordinates":[[[106.838394,-6.353965],[106.838571,-6.354015],[106.838592,-6.353162],[106.838815,-6.353138],[106.838745,-6.352283],[106.836524,-6.352096],[106.835998,-6.351955],[106.835792,-6.351958],[106.835703,-6.351997],[106.83565,-6.352224],[106.835687,-6.352352],[106.836057,-6.352725],[106.83614,-6.352973],[106.836151,-6.353298],[106.836666,-6.353026],[106.83727,-6.353186],[106.837124,-6.353034],[106.837126,-6.352631],[106.83684,-6.352609],[106.836819,-6.352722],[106.83653,-6.35269],[106.836508,-6.352821],[106.836258,-6.352787],[106.836267,-6.352683],[106.836062,-6.352655],[106.836092,-6.352186],[106.838322,-6.352354],[106.838322,-6.352576],[106.838516,-6.352588],[106.838531,-6.352969],[106.838001,-6.352953],[106.837999,-6.353141],[106.837831,-6.353147],[106.83782,-6.35333],[106.838,-6.353385],[106.838313,-6.353664],[106.838409,-6.353802],[106.838394,-6.353965]]]},"properties":{"layer_id":"ekosistem","jenis":"rth","nama":null,"sumber":"OSM","atribut":{"kategori":"forest"}}},{"type":"Feature","geometry":{"type":"Polygon","coordinates":[[[106.838001,-6.352953],[106.838012,-6.352686],[106.838525,-6.352714],[106.838531,-6.352969],[106.838001,-6.352953]]]},"properties":{"layer_id":"ekosistem","jenis":"rth","nama":null,"sumber":"OSM","atribut":{"kategori":"park"}}},{"type":"Feature","geometry":{"type":"Polygon","coordinates":[[[106.837727,-6.353292],[106.837601,-6.353209],[106.837602,-6.353138],[106.83773,-6.353145],[106.837727,-6.353292]]]},"properties":{"layer_id":"ekosistem","jenis":"rth","nama":null,"sumber":"OSM","atribut":{"kategori":"forest"}}},{"type":"Feature","geometry":{"type":"Polygon","coordinates":[[[106.837385,-6.353076],[106.83742,-6.352734],[106.837658,-6.352738],[106.837666,-6.352603],[106.83725,-6.352572],[106.837236,-6.352985],[106.837385,-6.353076]]]},"properties":{"layer_id":"ekosistem","jenis":"rth","nama":null,"sumber":"OSM","atribut":{"kategori":"forest"}}},{"type":"Feature","geometry":{"type":"Polygon","coordinates":[[[106.744395,-6.342045],[106.744753,-6.342108],[106.74484,-6.342072],[106.74522,-6.342206],[106.745298,-6.342843],[106.745192,-6.342869],[106.745027,-6.342842],[106.744654,-6.342637],[106.744709,-6.342404],[106.744386,-6.342276],[106.744331,-6.342197],[106.744395,-6.342045]]]},"properties":{"layer_id":"ekosistem","jenis":"rth","nama":"TPBU Akasia","sumber":"OSM","atribut":{"kategori":"cemetery"}}},{"type":"Feature","geometry":{"type":"Polygon","coordinates":[[[106.728338,-6.382637],[106.72848,-6.38266],[106.728438,-6.382915],[106.728297,-6.382892],[106.728315,-6.382779],[106.728338,-6.382637]]]},"properties":{"layer_id":"ekosistem","jenis":"rth","nama":null,"sumber":"OSM","atribut":{"kategori":"park"}}},{"type":"Feature","geometry":{"type":"Polygon","coordinates":[[[106.868718,-6.282911],[106.868863,-6.282911],[106.868863,-6.283036],[106.868718,-6.283036],[106.868718,-6.282911]]]},"properties":{"layer_id":"ekosistem","jenis":"rth","nama":"Taman Bulak Rantai","sumber":"OSM","atribut":{"kategori":"park"}}},{"type":"Feature","geometry":{"type":"Polygon","coordinates":[[[106.852156,-6.419319],[106.852226,-6.419148],[106.853087,-6.419471],[106.85302,-6.419653],[106.852156,-6.419319]]]},"properties":{"layer_id":"ekosistem","jenis":"rth","nama":"Alun-alun Sukamaju","sumber":"OSM","atribut":{"kategori":"park"}}},{"type":"Feature","geometry":{"type":"Polygon","coordinates":[[[106.853329,-6.419289],[106.853322,-6.419282],[106.853313,-6.419277],[106.853303,-6.419275],[106.853293,-6.419277],[106.853284,-6.419281],[106.853277,-6.419289],[106.853273,-6.419298],[106.853272,-6.419308],[106.853274,-6.419318],[106.85328,-6.419327],[106.853288,-6.419333],[106.853298,-6.419336],[106.853308,-6.419336],[106.853318,-6.419333],[106.853326,-6.419327],[106.853331,-6.419318],[106.853334,-6.419309],[106.853333,-6.419299],[106.853329,-6.419289]]]},"properties":{"layer_id":"ekosistem","jenis":"rth","nama":null,"sumber":"OSM","atribut":{"kategori":"park"}}},{"type":"Feature","geometry":{"type":"Polygon","coordinates":[[[106.850632,-6.423621],[106.849991,-6.423895],[106.850069,-6.424223],[106.850677,-6.424707],[106.851109,-6.42465],[106.850632,-6.423621]]]},"properties":{"layer_id":"ekosistem","jenis":"rth","nama":"Pemakaman Wakaf Situ Bahar","sumber":"OSM","atribut":{"kategori":"cemetery"}}},{"type":"Feature","geometry":{"type":"Polygon","coordinates":[[[106.875035,-6.301819],[106.875495,-6.301758],[106.875483,-6.301511],[106.875817,-6.301398],[106.87629,-6.301534],[106.876437,-6.301748],[106.876403,-6.301828],[106.875874,-6.301638],[106.875765,-6.301717],[106.875749,-6.30199],[106.875387,-6.302007],[106.875235,-6.302198],[106.874927,-6.302181],[106.874899,-6.302118],[106.875003,-6.301986],[106.875035,-6.301819]]]},"properties":{"layer_id":"ekosistem","jenis":"rth","nama":"Taman Dukuh","sumber":"OSM","atribut":{"kategori":"park"}}},{"type":"Feature","geometry":{"type":"Polygon","coordinates":[[[106.877628,-6.317202],[106.877745,-6.317259],[106.87771,-6.31712],[106.877643,-6.31707],[106.877628,-6.317202]]]},"properties":{"layer_id":"ekosistem","jenis":"rth","nama":null,"sumber":"OSM","atribut":{"kategori":"cemetery"}}},{"type":"Feature","geometry":{"type":"Polygon","coordinates":[[[106.84223,-6.360273],[106.842377,-6.360314],[106.842354,-6.360387],[106.842258,-6.360389],[106.842193,-6.360404],[106.84223,-6.360273]]]},"properties":{"layer_id":"ekosistem","jenis":"rth","nama":null,"sumber":"OSM","atribut":{"kategori":"cemetery"}}},{"type":"Feature","geometry":{"type":"Polygon","coordinates":[[[106.842638,-6.361798],[106.842855,-6.361794],[106.842849,-6.361865],[106.842639,-6.361867],[106.842638,-6.361798]]]},"properties":{"layer_id":"ekosistem","jenis":"rth","nama":null,"sumber":"OSM","atribut":{"kategori":"cemetery"}}},{"type":"Feature","geometry":{"type":"Polygon","coordinates":[[[106.788448,-6.299512],[106.788826,-6.299537],[106.789161,-6.299823],[106.789482,-6.299964],[106.790063,-6.300002],[106.790213,-6.300186],[106.790354,-6.300715],[106.789317,-6.300872],[106.789342,-6.301101],[106.789035,-6.301089],[106.788911,-6.300872],[106.7883,-6.300758],[106.78791,-6.300889],[106.787669,-6.300764],[106.787418,-6.301086],[106.786747,-6.301032],[106.786488,-6.300909],[106.78649,-6.300788],[106.786586,-6.300686],[106.786964,-6.300668],[106.787142,-6.300361],[106.787536,-6.300454],[106.787879,-6.30039],[106.788236,-6.299525],[106.788448,-6.299512]]]},"properties":{"layer_id":"ekosistem","jenis":"rth","nama":"Ruang Limpah Sungai Lebak Bulus","sumber":"OSM","atribut":{"kategori":"park"}}},{"type":"Feature","geometry":{"type":"Polygon","coordinates":[[[106.787691,-6.429934],[106.787418,-6.431147],[106.787367,-6.431672],[106.787477,-6.431739],[106.787466,-6.431832],[106.787707,-6.431863],[106.787726,-6.431739],[106.788695,-6.431779],[106.788705,-6.431203],[106.78867,-6.43104],[106.788762,-6.431019],[106.788729,-6.430638],[106.788504,-6.430654],[106.788357,-6.430371],[106.788378,-6.430153],[106.788236,-6.429982],[106.788257,-6.429724],[106.787981,-6.429657],[106.787914,-6.429979],[106.787691,-6.429934]]]},"properties":{"layer_id":"ekosistem","jenis":"rth","nama":null,"sumber":"OSM","atribut":{"kategori":"cemetery"}}},{"type":"Feature","geometry":{"type":"Polygon","coordinates":[[[106.788995,-6.428607],[106.789075,-6.42898],[106.789239,-6.429345],[106.789051,-6.429865],[106.789108,-6.430022],[106.789521,-6.430355],[106.789652,-6.430734],[106.790089,-6.430787],[106.790661,-6.430507],[106.79076,-6.430294],[106.790733,-6.430121],[106.790596,-6.429942],[106.789698,-6.429329],[106.78959,-6.429199],[106.789403,-6.428575],[106.788995,-6.428607]]]},"properties":{"layer_id":"ekosistem","jenis":"rth","nama":null,"sumber":"OSM","atribut":{"kategori":"cemetery"}}},{"type":"Feature","geometry":{"type":"Polygon","coordinates":[[[106.798908,-6.351615],[106.798917,-6.350634],[106.798831,-6.350597],[106.79893,-6.349757],[106.798957,-6.349656],[106.79923,-6.349483],[106.799222,-6.349275],[106.798863,-6.348512],[106.798734,-6.348328],[106.798616,-6.348403],[106.798503,-6.348291],[106.798222,-6.347795],[106.798114,-6.346742],[106.798114,-6.345932],[106.798318,-6.345103],[106.798211,-6.344874],[106.798026,-6.344674],[106.797785,-6.344671],[106.797495,-6.344807],[106.797441,-6.344906],[106.7975,-6.345084],[106.797339,-6.345665],[106.796784,-6.346494],[106.796556,-6.346604],[106.795947,-6.346556],[106.795818,-6.346476],[106.795749,-6.346185],[106.795572,-6.346031],[106.795175,-6.346185],[106.794936,-6.34638],[106.794979,-6.346601],[106.795411,-6.346798],[106.795427,-6.347046],[106.796553,-6.347126],[106.796543,-6.347385],[106.796929,-6.347406],[106.796937,-6.347462],[106.79746,-6.347443],[106.797439,-6.348048],[106.797522,-6.348299],[106.797734,-6.348547],[106.797774,-6.348726],[106.797656,-6.348941],[106.7976,-6.349248],[106.797881,-6.349299],[106.797846,-6.34944],[106.79753,-6.349416],[106.79746,-6.349653],[106.797306,-6.349865],[106.797353,-6.349986],[106.79761,-6.349803],[106.797744,-6.349949],[106.798265,-6.349963],[106.798206,-6.350842],[106.798329,-6.351605],[106.798908,-6.351615]]]},"properties":{"layer_id":"ekosistem","jenis":"rth","nama":"RLS Brigif","sumber":"OSM","atribut":{"kategori":"park"}}},{"type":"Feature","geometry":{"type":"Polygon","coordinates":[[[106.700807,-6.399364],[106.701343,-6.399364],[106.701349,-6.400184],[106.701051,-6.400092],[106.700903,-6.399908],[106.700911,-6.399676],[106.700807,-6.399364]]]},"properties":{"layer_id":"ekosistem","jenis":"rth","nama":null,"sumber":"OSM","atribut":{"kategori":"cemetery"}}},{"type":"Feature","geometry":{"type":"Polygon","coordinates":[[[106.728468,-6.285982],[106.728366,-6.285998],[106.728364,-6.285546],[106.72829,-6.285457],[106.728354,-6.284818],[106.728472,-6.284621],[106.728436,-6.284506],[106.728287,-6.284499],[106.728287,-6.284437],[106.728353,-6.284435],[106.728381,-6.283954],[106.729235,-6.2841],[106.729238,-6.284388],[106.729183,-6.284922],[106.728868,-6.285519],[106.728527,-6.285831],[106.728468,-6.285982]]]},"properties":{"layer_id":"ekosistem","jenis":"rth","nama":"BXc Park","sumber":"OSM","atribut":{"kategori":"park"}}},{"type":"Feature","geometry":{"type":"Polygon","coordinates":[[[106.729659,-6.289372],[106.729664,-6.288916],[106.730027,-6.288908],[106.730289,-6.289052],[106.730351,-6.289468],[106.730153,-6.289526],[106.730083,-6.289385],[106.729659,-6.289372]]]},"properties":{"layer_id":"ekosistem","jenis":"rth","nama":"Makam Jurang Mangu","sumber":"OSM","atribut":{"kategori":"cemetery"}}},{"type":"Feature","geometry":{"type":"Polygon","coordinates":[[[106.785935,-6.294077],[106.786855,-6.294054],[106.786868,-6.293797],[106.786674,-6.293793],[106.786118,-6.293613],[106.786156,-6.293262],[106.786001,-6.293238],[106.785876,-6.293461],[106.785935,-6.294077]]]},"properties":{"layer_id":"ekosistem","jenis":"rth","nama":null,"sumber":"OSM","atribut":{"kategori":"park"}}},{"type":"Feature","geometry":{"type":"Polygon","coordinates":[[[106.785188,-6.29224],[106.785493,-6.292327],[106.785466,-6.293362],[106.785095,-6.293368],[106.785097,-6.292819],[106.785026,-6.292756],[106.785028,-6.292503],[106.785188,-6.29224]]]},"properties":{"layer_id":"ekosistem","jenis":"rth","nama":null,"sumber":"OSM","atribut":{"kategori":"park"}}},{"type":"Feature","geometry":{"type":"Polygon","coordinates":[[[106.91743,-6.312426],[106.918156,-6.312557],[106.918249,-6.312358],[106.918049,-6.312311],[106.918075,-6.312134],[106.916264,-6.312242],[106.916389,-6.312878],[106.91672,-6.313223],[106.916928,-6.313196],[106.916888,-6.31294],[106.916962,-6.312786],[106.917387,-6.312806],[106.91743,-6.312426]]]},"properties":{"layer_id":"ekosistem","jenis":"rth","nama":"TPU Bantar Jati","sumber":"OSM","atribut":{"kategori":"cemetery"}}},{"type":"Feature","geometry":{"type":"Polygon","coordinates":[[[106.720008,-6.312788],[106.719954,-6.312196],[106.719713,-6.312211],[106.719703,-6.31215],[106.719382,-6.312187],[106.719368,-6.312105],[106.719129,-6.312126],[106.719154,-6.312319],[106.718873,-6.312367],[106.718879,-6.312435],[106.718772,-6.31247],[106.718846,-6.31282],[106.719013,-6.312781],[106.719067,-6.31297],[106.719307,-6.312931],[106.719335,-6.313091],[106.719606,-6.313057],[106.719574,-6.312896],[106.720008,-6.312788]]]},"properties":{"layer_id":"ekosistem","jenis":"rth","nama":"Pemakaman Al-Mu'awanah","sumber":"OSM","atribut":{"kategori":"cemetery"}}},{"type":"Feature","geometry":{"type":"Polygon","coordinates":[[[106.883053,-6.313927],[106.88295,-6.313943],[106.8828,-6.313863],[106.882466,-6.312655],[106.882159,-6.312507],[106.882301,-6.311564],[106.882257,-6.311541],[106.882274,-6.311342],[106.882152,-6.311161],[106.882069,-6.31116],[106.882026,-6.310984],[106.881759,-6.310964],[106.881726,-6.310821],[106.881637,-6.310786],[106.881451,-6.310453],[106.881303,-6.310381],[106.881306,-6.309988],[106.881249,-6.309887],[106.880804,-6.309559],[106.880697,-6.309569],[106.880635,-6.309791],[106.880443,-6.309747],[106.880468,-6.309608],[106.880313,-6.309571],[106.880292,-6.309704],[106.880195,-6.309676],[106.880221,-6.309495],[106.880043,-6.309453],[106.880005,-6.309581],[106.879906,-6.309553],[106.879906,-6.309361],[106.879851,-6.30936],[106.879918,-6.308951],[106.880127,-6.308952],[106.880197,-6.309064],[106.880543,-6.308904],[106.880439,-6.308579],[106.880519,-6.30855],[106.880449,-6.308367],[106.880735,-6.308258],[106.880855,-6.308339],[106.881078,-6.30861],[106.881134,-6.308823],[106.88109,-6.309559],[106.881264,-6.309781],[106.88155,-6.309904],[106.881723,-6.310085],[106.881941,-6.310722],[106.88215,-6.310813],[106.8827,-6.310652],[106.882877,-6.31079],[106.88313,-6.311888],[106.882933,-6.312625],[106.88311,-6.313578],[106.883067,-6.313816],[106.883112,-6.313858],[106.883053,-6.313927]]]},"properties":{"layer_id":"ekosistem","jenis":"rth","nama":null,"sumber":"OSM","atribut":{"kategori":"park"}}},{"type":"Feature","geometry":{"type":"Polygon","coordinates":[[[106.882864,-6.314884],[106.882846,-6.315632],[106.882732,-6.31586],[106.88252,-6.316052],[106.882501,-6.316208],[106.88254,-6.316782],[106.882667,-6.316846],[106.88275,-6.317066],[106.882919,-6.317186],[106.882868,-6.317395],[106.883154,-6.317517],[106.883234,-6.317267],[106.883151,-6.316987],[106.883257,-6.316193],[106.883634,-6.315585],[106.883567,-6.315275],[106.88322,-6.314917],[106.882864,-6.314884]]]},"properties":{"layer_id":"ekosistem","jenis":"rth","nama":null,"sumber":"OSM","atribut":{"kategori":"park"}}},{"type":"Feature","geometry":{"type":"Polygon","coordinates":[[[106.740281,-6.275327],[106.740822,-6.274815],[106.741032,-6.274754],[106.740831,-6.277252],[106.74104,-6.277932],[106.740511,-6.278137],[106.740573,-6.278515],[106.740846,-6.279158],[106.739613,-6.280104],[106.739452,-6.28007],[106.739489,-6.279768],[106.739232,-6.279697],[106.739259,-6.279486],[106.739092,-6.279451],[106.739184,-6.278859],[106.739868,-6.278806],[106.739878,-6.278609],[106.740093,-6.27863],[106.740098,-6.278489],[106.73987,-6.278481],[106.739825,-6.278126],[106.73961,-6.278139],[106.739602,-6.27803],[106.739495,-6.278038],[106.739473,-6.277508],[106.739565,-6.277492],[106.739565,-6.277398],[106.739473,-6.277414],[106.739436,-6.2771],[106.739621,-6.27707],[106.73954,-6.276324],[106.73964,-6.276302],[106.73957,-6.276036],[106.740029,-6.276004],[106.740019,-6.275641],[106.739758,-6.275665],[106.739653,-6.275348],[106.740281,-6.275327]]]},"properties":{"layer_id":"ekosistem","jenis":"rth","nama":"Aviary Park","sumber":"OSM","atribut":{"kategori":"park"}}},{"type":"Feature","geometry":{"type":"Polygon","coordinates":[[[106.722913,-6.288724],[106.7229,-6.288089],[106.722452,-6.287527],[106.722058,-6.287188],[106.721854,-6.287188],[106.721513,-6.287505],[106.721508,-6.287599],[106.721296,-6.287825],[106.721419,-6.287927],[106.721857,-6.287935],[106.722135,-6.287956],[106.722549,-6.288132],[106.722441,-6.288356],[106.722388,-6.288786],[106.722711,-6.288856],[106.722676,-6.289089],[106.722856,-6.289084],[106.722913,-6.288724]]]},"properties":{"layer_id":"ekosistem","jenis":"rth","nama":"TPU Sawah Baru","sumber":"OSM","atribut":{"kategori":"cemetery"}}},{"type":"Feature","geometry":{"type":"Polygon","coordinates":[[[106.707461,-6.288159],[106.707064,-6.288057],[106.707123,-6.2879],[106.707429,-6.287863],[106.707461,-6.288159]]]},"properties":{"layer_id":"ekosistem","jenis":"rth","nama":"Pemakaman Al-Ikhlas","sumber":"OSM","atribut":{"kategori":"cemetery"}}},{"type":"Feature","geometry":{"type":"Polygon","coordinates":[[[106.705618,-6.287593],[106.705533,-6.28786],[106.705981,-6.287943],[106.70634,-6.287222],[106.705956,-6.287044],[106.705806,-6.287625],[106.705618,-6.287593]]]},"properties":{"layer_id":"ekosistem","jenis":"rth","nama":"TPBU Kamboja","sumber":"OSM","atribut":{"kategori":"cemetery"}}},{"type":"Feature","geometry":{"type":"Polygon","coordinates":[[[106.79597,-6.533948],[106.795318,-6.533964],[106.795201,-6.534203],[106.795221,-6.534448],[106.795578,-6.534411],[106.79619,-6.534331],[106.796224,-6.533991],[106.79597,-6.533948]]]},"properties":{"layer_id":"ekosistem","jenis":"rth","nama":"TPU Pasarean","sumber":"OSM","atribut":{"kategori":"cemetery"}}},{"type":"Feature","geometry":{"type":"Polygon","coordinates":[[[106.877439,-6.307395],[106.877077,-6.307499],[106.877107,-6.307775],[106.877543,-6.307718],[106.877439,-6.307395]]]},"properties":{"layer_id":"ekosistem","jenis":"rth","nama":"Taman Humaniora","sumber":"OSM","atribut":{"kategori":"park"}}},{"type":"Feature","geometry":{"type":"Polygon","coordinates":[[[106.904613,-6.297902],[106.904821,-6.298123],[106.904608,-6.2982],[106.904645,-6.298299],[106.904401,-6.29843],[106.904248,-6.298167],[106.904613,-6.297902]]]},"properties":{"layer_id":"ekosistem","jenis":"rth","nama":"RPTRA Mutiara Rawa Binong","sumber":"OSM","atribut":{"kategori":"park"}}},{"type":"Feature","geometry":{"type":"Polygon","coordinates":[[[106.72674,-6.293425],[106.726691,-6.293991],[106.726631,-6.293986],[106.726539,-6.294333],[106.726347,-6.29453],[106.726105,-6.294237],[106.726084,-6.293997],[106.726403,-6.293687],[106.726467,-6.293354],[106.72674,-6.293425]]]},"properties":{"layer_id":"ekosistem","jenis":"rth","nama":"TPU Blok Miring","sumber":"OSM","atribut":{"kategori":"cemetery"}}},{"type":"Feature","geometry":{"type":"Polygon","coordinates":[[[106.817789,-6.4632],[106.817769,-6.463566],[106.818078,-6.463722],[106.818467,-6.463791],[106.818547,-6.46463],[106.820141,-6.464477],[106.820012,-6.464177],[106.819468,-6.463199],[106.819226,-6.463006],[106.817789,-6.4632]]]},"properties":{"layer_id":"ekosistem","jenis":"rth","nama":"TPU Muslim Pondok Rajeg","sumber":"OSM","atribut":{"kategori":"cemetery"}}},{"type":"Feature","geometry":{"type":"Polygon","coordinates":[[[106.819857,-6.466182],[106.820398,-6.465982],[106.820519,-6.466384],[106.820347,-6.466379],[106.820197,-6.466906],[106.819639,-6.466717],[106.819857,-6.466182]]]},"properties":{"layer_id":"ekosistem","jenis":"rth","nama":"Pusara Adhyaksa","sumber":"OSM","atribut":{"kategori":"cemetery"}}},{"type":"Feature","geometry":{"type":"Polygon","coordinates":[[[106.819371,-6.466802],[106.819197,-6.467112],[106.81832,-6.466744],[106.818011,-6.466704],[106.817204,-6.466949],[106.81686,-6.467479],[106.8163,-6.468028],[106.815637,-6.467623],[106.815881,-6.467397],[106.816139,-6.466709],[106.816364,-6.466389],[106.817,-6.466408],[106.817826,-6.466235],[106.818306,-6.466325],[106.818341,-6.466027],[106.819813,-6.465835],[106.819857,-6.466182],[106.819639,-6.466717],[106.819476,-6.466587],[106.819371,-6.466802]]]},"properties":{"layer_id":"ekosistem","jenis":"rth","nama":"TMB Pondok Rajeg","sumber":"OSM","atribut":{"kategori":"cemetery"}}},{"type":"Feature","geometry":{"type":"Polygon","coordinates":[[[106.818547,-6.46463],[106.818687,-6.465982],[106.819813,-6.465835],[106.819644,-6.464525],[106.818547,-6.46463]]]},"properties":{"layer_id":"ekosistem","jenis":"rth","nama":"TMP Pondok Rajeg","sumber":"OSM","atribut":{"kategori":"cemetery"}}},{"type":"Feature","geometry":{"type":"Polygon","coordinates":[[[106.817595,-6.461611],[106.818558,-6.461491],[106.818598,-6.461824],[106.818424,-6.46233],[106.818607,-6.462616],[106.818655,-6.462954],[106.817807,-6.463074],[106.817595,-6.461611]]]},"properties":{"layer_id":"ekosistem","jenis":"rth","nama":"TPU Kristen Pondok Rajeg","sumber":"OSM","atribut":{"kategori":"cemetery"}}},{"type":"Feature","geometry":{"type":"Polygon","coordinates":[[[106.816804,-6.354241],[106.816844,-6.353841],[106.817467,-6.352359],[106.816981,-6.352383],[106.816855,-6.352652],[106.816536,-6.353196],[106.816378,-6.353631],[106.816219,-6.353575],[106.81608,-6.353847],[106.816804,-6.354241]]]},"properties":{"layer_id":"ekosistem","jenis":"rth","nama":"TPU Srengseng Sawah 2","sumber":"OSM","atribut":{"kategori":"cemetery"}}},{"type":"Feature","geometry":{"type":"Polygon","coordinates":[[[106.830568,-6.351834],[106.830137,-6.353815],[106.830633,-6.353922],[106.831065,-6.351941],[106.830568,-6.351834]]]},"properties":{"layer_id":"ekosistem","jenis":"rth","nama":"Felfest Driving Range","sumber":"OSM","atribut":{"kategori":"golf_course"}}},{"type":"Feature","geometry":{"type":"Polygon","coordinates":[[[106.824021,-6.407116],[106.823945,-6.407469],[106.82357,-6.407348],[106.823484,-6.407547],[106.823241,-6.407504],[106.823303,-6.407233],[106.822658,-6.407109],[106.82274,-6.406889],[106.822991,-6.406803],[106.823185,-6.406781],[106.823132,-6.406604],[106.823335,-6.406469],[106.823834,-6.406481],[106.82371,-6.406641],[106.823692,-6.406827],[106.823506,-6.406832],[106.823459,-6.407202],[106.823685,-6.40708],[106.824021,-6.407116]]]},"properties":{"layer_id":"ekosistem","jenis":"rth","nama":"TPU Tirta Jaya","sumber":"OSM","atribut":{"kategori":"cemetery"}}},{"type":"Feature","geometry":{"type":"Polygon","coordinates":[[[106.799801,-6.346133],[106.799809,-6.346284],[106.799883,-6.346283],[106.799879,-6.346131],[106.799801,-6.346133]]]},"properties":{"layer_id":"ekosistem","jenis":"rth","nama":"Lapangan Voli Pemadam Brigief","sumber":"OSM","atribut":{"kategori":"park"}}},{"type":"Feature","geometry":{"type":"Polygon","coordinates":[[[106.776805,-6.538005],[106.777296,-6.537856],[106.777329,-6.537908],[106.776879,-6.538166],[106.776805,-6.538005]]]},"properties":{"layer_id":"ekosistem","jenis":"rth","nama":"Lapangan Seroja","sumber":"OSM","atribut":{"kategori":"park"}}},{"type":"Feature","geometry":{"type":"Polygon","coordinates":[[[106.776478,-6.538821],[106.776573,-6.538423],[106.776736,-6.538716],[106.776478,-6.538821]]]},"properties":{"layer_id":"ekosistem","jenis":"rth","nama":null,"sumber":"OSM","atribut":{"kategori":"park"}}},{"type":"Feature","geometry":{"type":"Polygon","coordinates":[[[106.779144,-6.539515],[106.779286,-6.539441],[106.779273,-6.539519],[106.779301,-6.539591],[106.77919,-6.539627],[106.779144,-6.539515]]]},"properties":{"layer_id":"ekosistem","jenis":"rth","nama":null,"sumber":"OSM","atribut":{"kategori":"park"}}},{"type":"Feature","geometry":{"type":"Polygon","coordinates":[[[106.779196,-6.539637],[106.779306,-6.539604],[106.779326,-6.539655],[106.779229,-6.5397],[106.779196,-6.539637]]]},"properties":{"layer_id":"ekosistem","jenis":"rth","nama":null,"sumber":"OSM","atribut":{"kategori":"park"}}},{"type":"Feature","geometry":{"type":"Polygon","coordinates":[[[106.779268,-6.539778],[106.779354,-6.53973],[106.779391,-6.539818],[106.779338,-6.539853],[106.779309,-6.539839],[106.779268,-6.539778]]]},"properties":{"layer_id":"ekosistem","jenis":"rth","nama":null,"sumber":"OSM","atribut":{"kategori":"park"}}},{"type":"Feature","geometry":{"type":"Polygon","coordinates":[[[106.779158,-6.538238],[106.779338,-6.538567],[106.779453,-6.538341],[106.779158,-6.538238]]]},"properties":{"layer_id":"ekosistem","jenis":"rth","nama":null,"sumber":"OSM","atribut":{"kategori":"park"}}},{"type":"Feature","geometry":{"type":"Polygon","coordinates":[[[106.780603,-6.546033],[106.780988,-6.545912],[106.781083,-6.546215],[106.780933,-6.546297],[106.780705,-6.546343],[106.780603,-6.546033]]]},"properties":{"layer_id":"ekosistem","jenis":"rth","nama":null,"sumber":"OSM","atribut":{"kategori":"park"}}},{"type":"Feature","geometry":{"type":"Polygon","coordinates":[[[106.781224,-6.545198],[106.781498,-6.54511],[106.781634,-6.545529],[106.781365,-6.545613],[106.781224,-6.545198]]]},"properties":{"layer_id":"ekosistem","jenis":"rth","nama":null,"sumber":"OSM","atribut":{"kategori":"park"}}},{"type":"Feature","geometry":{"type":"Polygon","coordinates":[[[106.713615,-6.286194],[106.713444,-6.286628],[106.713619,-6.286672],[106.713657,-6.286576],[106.713976,-6.286611],[106.713982,-6.286394],[106.713888,-6.286374],[106.713913,-6.286274],[106.713615,-6.286194]]]},"properties":{"layer_id":"ekosistem","jenis":"rth","nama":null,"sumber":"OSM","atribut":{"kategori":"cemetery"}}},{"type":"Feature","geometry":{"type":"Polygon","coordinates":[[[106.723905,-6.349085],[106.723816,-6.349552],[106.72391,-6.349824],[106.724138,-6.349624],[106.724114,-6.349397],[106.724229,-6.349131],[106.723905,-6.349085]]]},"properties":{"layer_id":"ekosistem","jenis":"rth","nama":null,"sumber":"OSM","atribut":{"kategori":"park"}}},{"type":"Feature","geometry":{"type":"Polygon","coordinates":[[[106.740716,-6.345204],[106.740808,-6.345456],[106.741274,-6.345014],[106.741334,-6.344905],[106.740716,-6.345204]]]},"properties":{"layer_id":"ekosistem","jenis":"rth","nama":null,"sumber":"OSM","atribut":{"kategori":"park"}}},{"type":"Feature","geometry":{"type":"Polygon","coordinates":[[[106.741926,-6.344218],[106.742094,-6.344597],[106.742021,-6.344624],[106.741589,-6.34442],[106.741564,-6.344381],[106.741926,-6.344218]]]},"properties":{"layer_id":"ekosistem","jenis":"rth","nama":null,"sumber":"OSM","atribut":{"kategori":"park"}}},{"type":"Feature","geometry":{"type":"Polygon","coordinates":[[[106.74084,-6.343667],[106.741716,-6.343267],[106.741858,-6.343627],[106.741664,-6.344042],[106.741748,-6.344241],[106.741412,-6.344381],[106.74127,-6.344172],[106.740924,-6.343917],[106.74084,-6.343667]]]},"properties":{"layer_id":"ekosistem","jenis":"rth","nama":null,"sumber":"OSM","atribut":{"kategori":"cemetery"}}},{"type":"Feature","geometry":{"type":"Polygon","coordinates":[[[106.745657,-6.35496],[106.745653,-6.355126],[106.746243,-6.354957],[106.745827,-6.354919],[106.745657,-6.35496]]]},"properties":{"layer_id":"ekosistem","jenis":"rth","nama":null,"sumber":"OSM","atribut":{"kategori":"park"}}},{"type":"Feature","geometry":{"type":"Polygon","coordinates":[[[106.746232,-6.386536],[106.746869,-6.386621],[106.747641,-6.386607],[106.74831,-6.386737],[106.748209,-6.387186],[106.748279,-6.387203],[106.748225,-6.387569],[106.74829,-6.387766],[106.748255,-6.387834],[106.747943,-6.387966],[106.746009,-6.387402],[106.746232,-6.386536]]]},"properties":{"layer_id":"ekosistem","jenis":"rth","nama":null,"sumber":"OSM","atribut":{"kategori":"park"}}},{"type":"Feature","geometry":{"type":"Polygon","coordinates":[[[106.75162,-6.383322],[106.751626,-6.384122],[106.752196,-6.384112],[106.752171,-6.38331],[106.75162,-6.383322]]]},"properties":{"layer_id":"ekosistem","jenis":"rth","nama":null,"sumber":"OSM","atribut":{"kategori":"park"}}},{"type":"Feature","geometry":{"type":"Polygon","coordinates":[[[106.746823,-6.389297],[106.747011,-6.388541],[106.747636,-6.388737],[106.747889,-6.389233],[106.747006,-6.389684],[106.746823,-6.389297]]]},"properties":{"layer_id":"ekosistem","jenis":"rth","nama":null,"sumber":"OSM","atribut":{"kategori":"park"}}},{"type":"Feature","geometry":{"type":"Polygon","coordinates":[[[106.797653,-6.279373],[106.797214,-6.279395],[106.796883,-6.280091],[106.797131,-6.280337],[106.797299,-6.280729],[106.79735,-6.281069],[106.797332,-6.281152],[106.79684,-6.281105],[106.796647,-6.281946],[106.797305,-6.28213],[106.7974,-6.281366],[106.797453,-6.281222],[106.79764,-6.281156],[106.797711,-6.280987],[106.797693,-6.279368],[106.797653,-6.279373]]]},"properties":{"layer_id":"ekosistem","jenis":"rth","nama":"Urban Forest Cipete","sumber":"OSM","atribut":{"kategori":"park"}}},{"type":"Feature","geometry":{"type":"Polygon","coordinates":[[[106.89714,-6.296412],[106.897219,-6.296426],[106.897211,-6.296481],[106.897127,-6.296462],[106.89714,-6.296412]]]},"properties":{"layer_id":"ekosistem","jenis":"rth","nama":null,"sumber":"OSM","atribut":{"kategori":"cemetery"}}},{"type":"Feature","geometry":{"type":"Polygon","coordinates":[[[106.861941,-6.414563],[106.862059,-6.414613],[106.861942,-6.41487],[106.861825,-6.414815],[106.861941,-6.414563]]]},"properties":{"layer_id":"ekosistem","jenis":"rth","nama":"Lapangan Umum Jatijajar","sumber":"OSM","atribut":{"kategori":"park"}}},{"type":"Feature","geometry":{"type":"Polygon","coordinates":[[[106.699949,-6.345608],[106.699668,-6.345402],[106.699955,-6.34539],[106.70005,-6.345524],[106.700286,-6.345497],[106.700233,-6.344855],[106.700453,-6.34493],[106.700522,-6.345044],[106.700997,-6.345292],[106.700858,-6.345492],[106.699949,-6.345608]]]},"properties":{"layer_id":"ekosistem","jenis":"rth","nama":null,"sumber":"OSM","atribut":{"kategori":"forest"}}},{"type":"Feature","geometry":{"type":"Polygon","coordinates":[[[106.899448,-6.318232],[106.899152,-6.318093],[106.898644,-6.317725],[106.898674,-6.317681],[106.898607,-6.317628],[106.898831,-6.317251],[106.898896,-6.317306],[106.898947,-6.317227],[106.899045,-6.317264],[106.89908,-6.317201],[106.89922,-6.317263],[106.899348,-6.316893],[106.900018,-6.317149],[106.899688,-6.317555],[106.899448,-6.318232]]]},"properties":{"layer_id":"ekosistem","jenis":"rth","nama":"Taman Dara","sumber":"OSM","atribut":{"kategori":"park"}}},{"type":"Feature","geometry":{"type":"Polygon","coordinates":[[[106.80582,-6.352908],[106.806055,-6.352972],[106.80609,-6.352847],[106.805855,-6.352783],[106.80582,-6.352908]]]},"properties":{"layer_id":"ekosistem","jenis":"rth","nama":"Lapangan","sumber":"OSM","atribut":{"kategori":"park"}}},{"type":"Feature","geometry":{"type":"Polygon","coordinates":[[[106.915361,-6.302853],[106.915278,-6.303066],[106.915095,-6.303052],[106.914771,-6.303607],[106.914598,-6.304363],[106.914664,-6.304384],[106.914654,-6.304476],[106.914757,-6.304647],[106.914578,-6.306095],[106.914085,-6.306031],[106.913945,-6.305946],[106.913999,-6.305722],[106.913945,-6.303984],[106.913999,-6.30328],[106.914299,-6.302746],[106.914589,-6.302736],[106.914859,-6.302288],[106.915581,-6.302662],[106.915361,-6.302853]]]},"properties":{"layer_id":"ekosistem","jenis":"rth","nama":"Taman Bambu","sumber":"OSM","atribut":{"kategori":"park"}}},{"type":"Feature","geometry":{"type":"Polygon","coordinates":[[[106.790314,-6.30204],[106.790309,-6.302365],[106.79061,-6.302496],[106.790968,-6.302359],[106.790917,-6.302109],[106.790701,-6.302043],[106.790314,-6.30204]]]},"properties":{"layer_id":"ekosistem","jenis":"rth","nama":"Taman Bulus Bali","sumber":"OSM","atribut":{"kategori":"park"}}},{"type":"Feature","geometry":{"type":"Polygon","coordinates":[[[106.904055,-6.482694],[106.903872,-6.483309],[106.903916,-6.483664],[106.905391,-6.484777],[106.905472,-6.484998],[106.904523,-6.485051],[106.903728,-6.485024],[106.903343,-6.484252],[106.902868,-6.484767],[106.902013,-6.485421],[106.901187,-6.485493],[106.902103,-6.484501],[106.902633,-6.483601],[106.904055,-6.482694]]]},"properties":{"layer_id":"ekosistem","jenis":"rth","nama":null,"sumber":"OSM","atribut":{"kategori":"forest"}}},{"type":"Feature","geometry":{"type":"Polygon","coordinates":[[[106.751254,-6.30308],[106.750956,-6.302566],[106.750816,-6.302654],[106.750087,-6.303355],[106.750213,-6.303552],[106.750304,-6.303591],[106.750671,-6.3036],[106.750884,-6.30376],[106.750891,-6.303909],[106.751036,-6.304],[106.751409,-6.30359],[106.751254,-6.30308]]]},"properties":{"layer_id":"ekosistem","jenis":"rth","nama":"TPBU Cempaka Putih","sumber":"OSM","atribut":{"kategori":"cemetery"}}},{"type":"Feature","geometry":{"type":"Polygon","coordinates":[[[106.868421,-6.372383],[106.869178,-6.372388],[106.869149,-6.372838],[106.869179,-6.37295],[106.869317,-6.373019],[106.869126,-6.373446],[106.869233,-6.373507],[106.869144,-6.37364],[106.869164,-6.373723],[106.868995,-6.373921],[106.869116,-6.374014],[106.86914,-6.374124],[106.869035,-6.374254],[106.868923,-6.37473],[106.868764,-6.374804],[106.868587,-6.374764],[106.868414,-6.375043],[106.868732,-6.3752],[106.868576,-6.375393],[106.86802,-6.375189],[106.867803,-6.375281],[106.867729,-6.375239],[106.867755,-6.375185],[106.8681,-6.374975],[106.868105,-6.37489],[106.868146,-6.374676],[106.86806,-6.374658],[106.868071,-6.374594],[106.868154,-6.374511],[106.868316,-6.374699],[106.86842,-6.37472],[106.868654,-6.374008],[106.86887,-6.373729],[106.868901,-6.373383],[106.86863,-6.373264],[106.868647,-6.372922],[106.868523,-6.372709],[106.86844,-6.372714],[106.868421,-6.372383]]]},"properties":{"layer_id":"ekosistem","jenis":"rth","nama":null,"sumber":"OSM","atribut":{"kategori":"forest"}}},{"type":"Feature","geometry":{"type":"Polygon","coordinates":[[[106.74622,-6.369582],[106.746232,-6.369504],[106.746271,-6.36951],[106.746259,-6.369589],[106.74622,-6.369582]]]},"properties":{"layer_id":"ekosistem","jenis":"rth","nama":null,"sumber":"OSM","atribut":{"kategori":"park"}}},{"type":"Feature","geometry":{"type":"Polygon","coordinates":[[[106.746932,-6.369769],[106.746944,-6.369769],[106.746942,-6.369803],[106.746941,-6.369834],[106.746942,-6.369844],[106.746936,-6.36985],[106.746926,-6.369842],[106.746932,-6.369769]]]},"properties":{"layer_id":"ekosistem","jenis":"rth","nama":null,"sumber":"OSM","atribut":{"kategori":"park"}}},{"type":"Feature","geometry":{"type":"Polygon","coordinates":[[[106.746911,-6.369861],[106.746926,-6.369852],[106.746936,-6.36985],[106.746939,-6.369858],[106.746911,-6.369962],[106.746911,-6.369861]]]},"properties":{"layer_id":"ekosistem","jenis":"rth","nama":null,"sumber":"OSM","atribut":{"kategori":"park"}}},{"type":"Feature","geometry":{"type":"Polygon","coordinates":[[[106.746951,-6.369609],[106.746964,-6.36961],[106.746972,-6.369688],[106.74697,-6.369786],[106.746966,-6.36979],[106.746962,-6.369788],[106.746961,-6.369784],[106.74696,-6.369738],[106.746953,-6.369687],[106.746951,-6.369609]]]},"properties":{"layer_id":"ekosistem","jenis":"rth","nama":null,"sumber":"OSM","atribut":{"kategori":"park"}}},{"type":"Feature","geometry":{"type":"Polygon","coordinates":[[[106.747194,-6.370318],[106.747228,-6.370321],[106.747226,-6.37034],[106.747192,-6.37034],[106.747194,-6.370318]]]},"properties":{"layer_id":"ekosistem","jenis":"rth","nama":null,"sumber":"OSM","atribut":{"kategori":"park"}}},{"type":"Feature","geometry":{"type":"Polygon","coordinates":[[[106.746918,-6.370111],[106.746924,-6.370111],[106.746931,-6.37011],[106.746906,-6.370006],[106.746918,-6.370111]]]},"properties":{"layer_id":"ekosistem","jenis":"rth","nama":null,"sumber":"OSM","atribut":{"kategori":"park"}}},{"type":"Feature","geometry":{"type":"Polygon","coordinates":[[[106.752599,-6.324364],[106.752092,-6.324571],[106.751701,-6.324379],[106.751557,-6.324188],[106.751506,-6.323985],[106.751655,-6.323284],[106.752418,-6.32343],[106.752451,-6.323531],[106.752756,-6.323536],[106.752705,-6.323933],[106.752593,-6.323927],[106.752599,-6.324364]]]},"properties":{"layer_id":"ekosistem","jenis":"rth","nama":"Taman Makam Islam Legoso","sumber":"OSM","atribut":{"kategori":"cemetery"}}},{"type":"Feature","geometry":{"type":"Polygon","coordinates":[[[106.759171,-6.328305],[106.759119,-6.328159],[106.758866,-6.327927],[106.75911,-6.327902],[106.759293,-6.327775],[106.760128,-6.327728],[106.760148,-6.328133],[106.760328,-6.328144],[106.760317,-6.32826],[106.760447,-6.32829],[106.76044,-6.328407],[106.760372,-6.328416],[106.760379,-6.328696],[106.760129,-6.328687],[106.760089,-6.328359],[106.759947,-6.328282],[106.759171,-6.328305]]]},"properties":{"layer_id":"ekosistem","jenis":"rth","nama":null,"sumber":"OSM","atribut":{"kategori":"cemetery"}}},{"type":"Feature","geometry":{"type":"Polygon","coordinates":[[[106.904398,-6.302467],[106.904283,-6.302789],[106.904044,-6.303096],[106.903786,-6.302722],[106.903689,-6.302295],[106.903997,-6.302526],[106.904157,-6.302508],[106.9043,-6.302399],[106.904398,-6.302467]]]},"properties":{"layer_id":"ekosistem","jenis":"rth","nama":null,"sumber":"OSM","atribut":{"kategori":"forest"}}},{"type":"Feature","geometry":{"type":"Polygon","coordinates":[[[106.903688,-6.302127],[106.903991,-6.3019],[106.904189,-6.30193],[106.904305,-6.30203],[106.904403,-6.301951],[106.904366,-6.301844],[106.904041,-6.301354],[106.903849,-6.301632],[106.903688,-6.302127]]]},"properties":{"layer_id":"ekosistem","jenis":"rth","nama":null,"sumber":"OSM","atribut":{"kategori":"forest"}}},{"type":"Feature","geometry":{"type":"Polygon","coordinates":[[[106.716896,-6.331252],[106.717283,-6.331422],[106.717286,-6.331478],[106.716885,-6.331471],[106.716896,-6.331252]]]},"properties":{"layer_id":"ekosistem","jenis":"rth","nama":null,"sumber":"OSM","atribut":{"kategori":"park"}}},{"type":"Feature","geometry":{"type":"Polygon","coordinates":[[[106.716454,-6.330612],[106.716671,-6.330517],[106.716662,-6.330597],[106.716688,-6.330655],[106.716454,-6.330612]]]},"properties":{"layer_id":"ekosistem","jenis":"rth","nama":null,"sumber":"OSM","atribut":{"kategori":"park"}}},{"type":"Feature","geometry":{"type":"Polygon","coordinates":[[[106.715471,-6.330308],[106.715598,-6.330542],[106.715305,-6.330508],[106.715242,-6.330314],[106.715471,-6.330308]]]},"properties":{"layer_id":"ekosistem","jenis":"rth","nama":null,"sumber":"OSM","atribut":{"kategori":"park"}}},{"type":"Feature","geometry":{"type":"Polygon","coordinates":[[[106.715179,-6.330405],[106.715157,-6.330221],[106.714996,-6.330038],[106.715111,-6.330229],[106.715106,-6.330356],[106.715179,-6.330405]]]},"properties":{"layer_id":"ekosistem","jenis":"rth","nama":null,"sumber":"OSM","atribut":{"kategori":"park"}}},{"type":"Feature","geometry":{"type":"Polygon","coordinates":[[[106.739802,-6.329284],[106.739859,-6.329436],[106.73985,-6.329921],[106.739572,-6.329881],[106.739623,-6.329487],[106.739579,-6.329325],[106.739802,-6.329284]]]},"properties":{"layer_id":"ekosistem","jenis":"rth","nama":null,"sumber":"OSM","atribut":{"kategori":"forest"}}},{"type":"Feature","geometry":{"type":"Polygon","coordinates":[[[106.739969,-6.326323],[106.740228,-6.325873],[106.740268,-6.325534],[106.740469,-6.325518],[106.740467,-6.325641],[106.740574,-6.325659],[106.740562,-6.325882],[106.740399,-6.32588],[106.740385,-6.326007],[106.740544,-6.326003],[106.740434,-6.326379],[106.739969,-6.326323]]]},"properties":{"layer_id":"ekosistem","jenis":"rth","nama":null,"sumber":"OSM","atribut":{"kategori":"forest"}}},{"type":"Feature","geometry":{"type":"Polygon","coordinates":[[[106.742323,-6.326012],[106.743005,-6.326093],[106.743009,-6.326195],[106.743336,-6.326298],[106.743311,-6.32646],[106.742916,-6.326414],[106.74292,-6.326558],[106.742582,-6.326544],[106.742566,-6.32633],[106.74232,-6.326346],[106.742323,-6.326012]]]},"properties":{"layer_id":"ekosistem","jenis":"rth","nama":null,"sumber":"OSM","atribut":{"kategori":"forest"}}},{"type":"Feature","geometry":{"type":"Polygon","coordinates":[[[106.743371,-6.326374],[106.744009,-6.326414],[106.744009,-6.326353],[106.744157,-6.326345],[106.744183,-6.326598],[106.744057,-6.326606],[106.744009,-6.326873],[106.744227,-6.326897],[106.744217,-6.326946],[106.744327,-6.326969],[106.744206,-6.327273],[106.744231,-6.327702],[106.743181,-6.327667],[106.743199,-6.327357],[106.743314,-6.327062],[106.743371,-6.326374]]]},"properties":{"layer_id":"ekosistem","jenis":"rth","nama":null,"sumber":"OSM","atribut":{"kategori":"cemetery"}}},{"type":"Feature","geometry":{"type":"Polygon","coordinates":[[[106.720218,-6.357705],[106.719219,-6.358056],[106.719139,-6.356949],[106.71927,-6.356942],[106.719268,-6.357102],[106.719284,-6.357729],[106.720218,-6.357705]]]},"properties":{"layer_id":"ekosistem","jenis":"rth","nama":null,"sumber":"OSM","atribut":{"kategori":"park"}}},{"type":"Feature","geometry":{"type":"Polygon","coordinates":[[[106.718957,-6.342264],[106.719088,-6.342783],[106.71927,-6.342694],[106.719125,-6.342446],[106.719105,-6.342257],[106.718957,-6.342264]]]},"properties":{"layer_id":"ekosistem","jenis":"rth","nama":null,"sumber":"OSM","atribut":{"kategori":"park"}}},{"type":"Feature","geometry":{"type":"Polygon","coordinates":[[[106.750742,-6.380597],[106.751241,-6.380441],[106.751419,-6.380501],[106.751741,-6.381346],[106.751724,-6.381546],[106.75161,-6.381695],[106.750637,-6.380643],[106.750742,-6.380597]]]},"properties":{"layer_id":"ekosistem","jenis":"rth","nama":"TPBU Makam Kedaung","sumber":"OSM","atribut":{"kategori":"cemetery"}}},{"type":"Feature","geometry":{"type":"Polygon","coordinates":[[[106.752249,-6.391399],[106.752304,-6.390733],[106.752237,-6.390259],[106.752259,-6.389748],[106.752361,-6.388888],[106.751782,-6.388948],[106.751423,-6.389102],[106.75149,-6.389325],[106.752026,-6.389793],[106.751934,-6.38991],[106.751614,-6.389994],[106.751667,-6.390095],[106.751796,-6.390116],[106.751817,-6.390441],[106.75137,-6.390328],[106.75128,-6.390431],[106.751171,-6.390374],[106.751032,-6.390751],[106.751114,-6.390855],[106.752249,-6.391399]]]},"properties":{"layer_id":"ekosistem","jenis":"rth","nama":"Taman Alun-alun dan Hutan Kota Depok","sumber":"OSM","atribut":{"kategori":"park"}}},{"type":"Feature","geometry":{"type":"Polygon","coordinates":[[[106.735077,-6.503945],[106.735607,-6.504126],[106.73573,-6.50408],[106.735998,-6.504288],[106.736017,-6.504582],[106.735145,-6.504888],[106.734649,-6.504986],[106.734532,-6.504934],[106.734513,-6.504818],[106.7346,-6.504309],[106.735077,-6.503945]]]},"properties":{"layer_id":"ekosistem","jenis":"rth","nama":null,"sumber":"OSM","atribut":{"kategori":"cemetery"}}},{"type":"Feature","geometry":{"type":"Polygon","coordinates":[[[106.741544,-6.380345],[106.741734,-6.38034],[106.741571,-6.380588],[106.741072,-6.380924],[106.740847,-6.38117],[106.74042,-6.381958],[106.73994,-6.381737],[106.739953,-6.38158],[106.739476,-6.381513],[106.739441,-6.381335],[106.738963,-6.381338],[106.738954,-6.381041],[106.737472,-6.380992],[106.737626,-6.380906],[106.738677,-6.380909],[106.738504,-6.380777],[106.738923,-6.38064],[106.740729,-6.380768],[106.741126,-6.380649],[106.741544,-6.380345]]]},"properties":{"layer_id":"ekosistem","jenis":"rth","nama":null,"sumber":"OSM","atribut":{"kategori":"forest"}}},{"type":"Feature","geometry":{"type":"Polygon","coordinates":[[[106.702333,-6.309012],[106.702517,-6.308874],[106.702427,-6.308686],[106.702376,-6.30873],[106.702235,-6.308573],[106.70178,-6.308635],[106.701441,-6.308755],[106.701444,-6.308838],[106.701793,-6.308831],[106.701794,-6.308897],[106.702284,-6.30892],[106.702333,-6.309012]]]},"properties":{"layer_id":"ekosistem","jenis":"rth","nama":"Makam Maruga","sumber":"OSM","atribut":{"kategori":"cemetery"}}},{"type":"Feature","geometry":{"type":"Polygon","coordinates":[[[106.77383,-6.504327],[106.77385,-6.504382],[106.77379,-6.504399],[106.77383,-6.504327]]]},"properties":{"layer_id":"ekosistem","jenis":"rth","nama":"Tugu Manggis","sumber":"OSM","atribut":{"kategori":"park"}}},{"type":"Feature","geometry":{"type":"Polygon","coordinates":[[[106.771251,-6.499352],[106.771194,-6.49962],[106.771051,-6.499651],[106.770991,-6.499613],[106.771029,-6.499529],[106.771048,-6.499389],[106.771251,-6.499352]]]},"properties":{"layer_id":"ekosistem","jenis":"rth","nama":"Kuburan Muslim Cipeucang","sumber":"OSM","atribut":{"kategori":"cemetery"}}},{"type":"Feature","geometry":{"type":"Polygon","coordinates":[[[106.766954,-6.492144],[106.76651,-6.492174],[106.766499,-6.491164],[106.76698,-6.491224],[106.76712,-6.491235],[106.766954,-6.492144]]]},"properties":{"layer_id":"ekosistem","jenis":"rth","nama":null,"sumber":"OSM","atribut":{"kategori":"park"}}},{"type":"Feature","geometry":{"type":"Polygon","coordinates":[[[106.768099,-6.492042],[106.768231,-6.490903],[106.768076,-6.490023],[106.768257,-6.490638],[106.768242,-6.492003],[106.768386,-6.492536],[106.768524,-6.492915],[106.768522,-6.493445],[106.768342,-6.493526],[106.768455,-6.493409],[106.768461,-6.493094],[106.768099,-6.492042]]]},"properties":{"layer_id":"ekosistem","jenis":"rth","nama":null,"sumber":"OSM","atribut":{"kategori":"park"}}},{"type":"Feature","geometry":{"type":"Polygon","coordinates":[[[106.767606,-6.490639],[106.767576,-6.490934],[106.767896,-6.490967],[106.767926,-6.490672],[106.767606,-6.490639]]]},"properties":{"layer_id":"ekosistem","jenis":"rth","nama":null,"sumber":"OSM","atribut":{"kategori":"park"}}},{"type":"Feature","geometry":{"type":"Polygon","coordinates":[[[106.767922,-6.492204],[106.768067,-6.492153],[106.768034,-6.492097],[106.767613,-6.492045],[106.767429,-6.49196],[106.767373,-6.491854],[106.767272,-6.49183],[106.76729,-6.491877],[106.767538,-6.492058],[106.767784,-6.492104],[106.767922,-6.492204]]]},"properties":{"layer_id":"ekosistem","jenis":"rth","nama":null,"sumber":"OSM","atribut":{"kategori":"park"}}},{"type":"Feature","geometry":{"type":"Polygon","coordinates":[[[106.767556,-6.488285],[106.767304,-6.488577],[106.767769,-6.488626],[106.767747,-6.488479],[106.767699,-6.488372],[106.767556,-6.488285]]]},"properties":{"layer_id":"ekosistem","jenis":"rth","nama":null,"sumber":"OSM","atribut":{"kategori":"park"}}},{"type":"Feature","geometry":{"type":"Polygon","coordinates":[[[106.761711,-6.52376],[106.761694,-6.524089],[106.761796,-6.524011],[106.761934,-6.524012],[106.761711,-6.52376]]]},"properties":{"layer_id":"ekosistem","jenis":"rth","nama":null,"sumber":"OSM","atribut":{"kategori":"park"}}},{"type":"Feature","geometry":{"type":"Polygon","coordinates":[[[106.803093,-6.479613],[106.803002,-6.4795],[106.802941,-6.479534],[106.802929,-6.479633],[106.802169,-6.480467],[106.801585,-6.48095],[106.800868,-6.481838],[106.800714,-6.48199],[106.800445,-6.481978],[106.800227,-6.482247],[106.800344,-6.482387],[106.803093,-6.479613]]]},"properties":{"layer_id":"ekosistem","jenis":"rth","nama":"Taman Perubahan Bojonggede","sumber":"OSM","atribut":{"kategori":"park"}}},{"type":"Feature","geometry":{"type":"Polygon","coordinates":[[[106.770015,-6.500475],[106.769885,-6.500372],[106.769797,-6.500501],[106.769931,-6.500586],[106.770015,-6.500475]]]},"properties":{"layer_id":"ekosistem","jenis":"rth","nama":null,"sumber":"OSM","atribut":{"kategori":"park"}}},{"type":"Feature","geometry":{"type":"Polygon","coordinates":[[[106.76934,-6.505792],[106.769272,-6.505856],[106.769285,-6.506094],[106.769222,-6.506263],[106.7702,-6.506827],[106.770195,-6.506553],[106.770024,-6.506545],[106.769394,-6.506223],[106.769409,-6.505971],[106.76934,-6.505792]]]},"properties":{"layer_id":"ekosistem","jenis":"rth","nama":null,"sumber":"OSM","atribut":{"kategori":"forest"}}},{"type":"Feature","geometry":{"type":"Polygon","coordinates":[[[106.769409,-6.505971],[106.770035,-6.506146],[106.770032,-6.506387],[106.770161,-6.506396],[106.770174,-6.505993],[106.769735,-6.505948],[106.76934,-6.505792],[106.769409,-6.505971]]]},"properties":{"layer_id":"ekosistem","jenis":"rth","nama":null,"sumber":"OSM","atribut":{"kategori":"forest"}}},{"type":"Feature","geometry":{"type":"Polygon","coordinates":[[[106.770024,-6.506545],[106.770027,-6.506449],[106.770175,-6.50646],[106.770186,-6.506552],[106.770024,-6.506545]]]},"properties":{"layer_id":"ekosistem","jenis":"rth","nama":null,"sumber":"OSM","atribut":{"kategori":"forest"}}},{"type":"Feature","geometry":{"type":"Polygon","coordinates":[[[106.768908,-6.505531],[106.76918,-6.505874],[106.769264,-6.505909],[106.769272,-6.505856],[106.76934,-6.505792],[106.769091,-6.505483],[106.768908,-6.505531]]]},"properties":{"layer_id":"ekosistem","jenis":"rth","nama":null,"sumber":"OSM","atribut":{"kategori":"forest"}}},{"type":"Feature","geometry":{"type":"Polygon","coordinates":[[[106.766224,-6.482444],[106.766297,-6.482599],[106.766456,-6.48265],[106.76743,-6.482782],[106.767495,-6.482327],[106.767311,-6.482314],[106.767386,-6.482099],[106.76729,-6.482055],[106.767513,-6.481287],[106.76773,-6.481185],[106.768094,-6.479934],[106.767692,-6.479867],[106.767242,-6.480527],[106.766925,-6.481164],[106.766347,-6.48198],[106.766224,-6.482444]]]},"properties":{"layer_id":"ekosistem","jenis":"rth","nama":"TPU Tajurhalang","sumber":"OSM","atribut":{"kategori":"cemetery"}}},{"type":"Feature","geometry":{"type":"Polygon","coordinates":[[[106.770649,-6.484425],[106.770619,-6.484741],[106.76992,-6.484616],[106.769933,-6.484483],[106.770127,-6.484568],[106.77027,-6.484322],[106.770649,-6.484425]]]},"properties":{"layer_id":"ekosistem","jenis":"rth","nama":null,"sumber":"OSM","atribut":{"kategori":"park"}}},{"type":"Feature","geometry":{"type":"Polygon","coordinates":[[[106.77027,-6.484322],[106.770231,-6.484389],[106.770342,-6.484433],[106.770262,-6.484677],[106.770619,-6.484741],[106.770649,-6.484425],[106.77027,-6.484322]]]},"properties":{"layer_id":"ekosistem","jenis":"rth","nama":null,"sumber":"OSM","atribut":{"kategori":"forest"}}},{"type":"Feature","geometry":{"type":"Polygon","coordinates":[[[106.766003,-6.521129],[106.765925,-6.521365],[106.765652,-6.52142],[106.765559,-6.521609],[106.765598,-6.521843],[106.765666,-6.521913],[106.765819,-6.521921],[106.765809,-6.522152],[106.765915,-6.522168],[106.765904,-6.522412],[106.766159,-6.522401],[106.766034,-6.522021],[106.766159,-6.521653],[106.76644,-6.521549],[106.76651,-6.5213],[106.766393,-6.521187],[106.766003,-6.521129]]]},"properties":{"layer_id":"ekosistem","jenis":"rth","nama":null,"sumber":"OSM","atribut":{"kategori":"cemetery"}}},{"type":"Feature","geometry":{"type":"Polygon","coordinates":[[[106.825432,-6.521699],[106.824925,-6.521783],[106.824497,-6.521634],[106.824446,-6.521777],[106.824313,-6.521673],[106.823444,-6.521429],[106.823676,-6.520869],[106.823503,-6.520694],[106.823325,-6.52068],[106.822943,-6.521094],[106.822582,-6.521135],[106.822533,-6.520567],[106.822562,-6.520327],[106.822686,-6.520224],[106.824224,-6.52003],[106.824676,-6.519756],[106.825283,-6.519821],[106.825432,-6.521699]]]},"properties":{"layer_id":"ekosistem","jenis":"rth","nama":"Bumi Perkemahan Cimandala","sumber":"OSM","atribut":{"kategori":"forest"}}},{"type":"Feature","geometry":{"type":"Polygon","coordinates":[[[106.824354,-6.520635],[106.824328,-6.521299],[106.824855,-6.521305],[106.824861,-6.520647],[106.824354,-6.520635]]]},"properties":{"layer_id":"ekosistem","jenis":"rth","nama":"Lapangan CImandala","sumber":"OSM","atribut":{"kategori":"park"}}},{"type":"Feature","geometry":{"type":"Polygon","coordinates":[[[106.807137,-6.529078],[106.807111,-6.529206],[106.806865,-6.529184],[106.806838,-6.529597],[106.807058,-6.52963],[106.807086,-6.529435],[106.807304,-6.529474],[106.807364,-6.52911],[106.807137,-6.529078]]]},"properties":{"layer_id":"ekosistem","jenis":"rth","nama":"Komplek Pemakaman Vila Bogor Indah 2 RW13","sumber":"OSM","atribut":{"kategori":"cemetery"}}},{"type":"Feature","geometry":{"type":"Polygon","coordinates":[[[106.758857,-6.338352],[106.759048,-6.338353],[106.759043,-6.33862],[106.758847,-6.338612],[106.758857,-6.338352]]]},"properties":{"layer_id":"ekosistem","jenis":"rth","nama":"Taman LPPM","sumber":"OSM","atribut":{"kategori":"park"}}},{"type":"Feature","geometry":{"type":"Polygon","coordinates":[[[106.796798,-6.49508],[106.796393,-6.495103],[106.796149,-6.495275],[106.79611,-6.49543],[106.796174,-6.495686],[106.796561,-6.495678],[106.796587,-6.495301],[106.79682,-6.495279],[106.796798,-6.49508]]]},"properties":{"layer_id":"ekosistem","jenis":"rth","nama":null,"sumber":"OSM","atribut":{"kategori":"cemetery"}}},{"type":"Feature","geometry":{"type":"Polygon","coordinates":[[[106.746204,-6.480114],[106.746145,-6.480029],[106.745452,-6.480621],[106.745524,-6.481014],[106.745872,-6.481892],[106.74639,-6.4828],[106.746604,-6.483012],[106.74713,-6.482497],[106.747204,-6.482335],[106.748012,-6.482213],[106.747938,-6.4819],[106.748607,-6.481599],[106.748031,-6.48075],[106.747689,-6.480448],[106.74722,-6.480785],[106.747007,-6.480529],[106.746536,-6.480767],[106.746204,-6.480114]]]},"properties":{"layer_id":"ekosistem","jenis":"rth","nama":null,"sumber":"OSM","atribut":{"kategori":"cemetery"}}},{"type":"Feature","geometry":{"type":"Polygon","coordinates":[[[106.732104,-6.356669],[106.73221,-6.356672],[106.732207,-6.356801],[106.732101,-6.356799],[106.732104,-6.356669]]]},"properties":{"layer_id":"ekosistem","jenis":"rth","nama":null,"sumber":"OSM","atribut":{"kategori":"park"}}},{"type":"Feature","geometry":{"type":"Polygon","coordinates":[[[106.82729,-6.480951],[106.827292,-6.480653],[106.827214,-6.480566],[106.827042,-6.480532],[106.826819,-6.480626],[106.826644,-6.480594],[106.82663,-6.480415],[106.825389,-6.480377],[106.825395,-6.480923],[106.82729,-6.480951]]]},"properties":{"layer_id":"ekosistem","jenis":"rth","nama":"Taman Cibinong Situ Plaza","sumber":"OSM","atribut":{"kategori":"park"}}},{"type":"Feature","geometry":{"type":"Polygon","coordinates":[[[106.823168,-6.4813],[106.823369,-6.4819],[106.82316,-6.481819],[106.823028,-6.482023],[106.821114,-6.483227],[106.820822,-6.482782],[106.820875,-6.48261],[106.820793,-6.482455],[106.822046,-6.48161],[106.822568,-6.481353],[106.822902,-6.481278],[106.823168,-6.4813]]]},"properties":{"layer_id":"ekosistem","jenis":"rth","nama":null,"sumber":"OSM","atribut":{"kategori":"park"}}},{"type":"Feature","geometry":{"type":"Polygon","coordinates":[[[106.707429,-6.309656],[106.706805,-6.309892],[106.705787,-6.309787],[106.705867,-6.309524],[106.706014,-6.309329],[106.705963,-6.309248],[106.706116,-6.309028],[106.706386,-6.308986],[106.706369,-6.308936],[106.706682,-6.308816],[106.707213,-6.30882],[106.707217,-6.309204],[106.707429,-6.309656]]]},"properties":{"layer_id":"ekosistem","jenis":"rth","nama":"Pemakaman Islam Al-Hidayah","sumber":"OSM","atribut":{"kategori":"cemetery"}}},{"type":"Feature","geometry":{"type":"Polygon","coordinates":[[[106.793701,-6.533659],[106.794534,-6.53384],[106.794413,-6.534099],[106.793878,-6.534268],[106.793733,-6.534232],[106.793701,-6.533659]]]},"properties":{"layer_id":"ekosistem","jenis":"rth","nama":null,"sumber":"OSM","atribut":{"kategori":"cemetery"}}},{"type":"Feature","geometry":{"type":"Polygon","coordinates":[[[106.72803,-6.333438],[106.728054,-6.333053],[106.728992,-6.3332],[106.728954,-6.333417],[106.729007,-6.333429],[106.728944,-6.333764],[106.728745,-6.333837],[106.728763,-6.333701],[106.728396,-6.333616],[106.728415,-6.333525],[106.72803,-6.333438]]]},"properties":{"layer_id":"ekosistem","jenis":"rth","nama":null,"sumber":"OSM","atribut":{"kategori":"cemetery"}}},{"type":"Feature","geometry":{"type":"Polygon","coordinates":[[[106.714936,-6.474994],[106.71536,-6.475529],[106.715323,-6.475655],[106.715049,-6.475645],[106.714743,-6.475531],[106.714936,-6.474994]]]},"properties":{"layer_id":"ekosistem","jenis":"rth","nama":null,"sumber":"OSM","atribut":{"kategori":"cemetery"}}},{"type":"Feature","geometry":{"type":"Polygon","coordinates":[[[106.793918,-6.349316],[106.793906,-6.349461],[106.793864,-6.349463],[106.79386,-6.349524],[106.7936,-6.3495],[106.793615,-6.349293],[106.793918,-6.349316]]]},"properties":{"layer_id":"ekosistem","jenis":"rth","nama":null,"sumber":"OSM","atribut":{"kategori":"cemetery"}}},{"type":"Feature","geometry":{"type":"Polygon","coordinates":[[[106.792979,-6.352773],[106.792969,-6.352956],[106.793109,-6.353035],[106.79325,-6.353057],[106.793429,-6.353069],[106.793437,-6.352824],[106.792979,-6.352773]]]},"properties":{"layer_id":"ekosistem","jenis":"rth","nama":"RPTRA Cinta Aselih","sumber":"OSM","atribut":{"kategori":"park"}}},{"type":"Feature","geometry":{"type":"Polygon","coordinates":[[[106.79441,-6.352967],[106.794367,-6.35338],[106.794721,-6.35342],[106.794813,-6.353257],[106.79486,-6.353256],[106.794856,-6.352955],[106.79441,-6.352967]]]},"properties":{"layer_id":"ekosistem","jenis":"rth","nama":"Makam Wakaf Keluarga Mbah Lontar","sumber":"OSM","atribut":{"kategori":"cemetery"}}},{"type":"Feature","geometry":{"type":"Polygon","coordinates":[[[106.79201,-6.353997],[106.792094,-6.353339],[106.792407,-6.353344],[106.792714,-6.353452],[106.792796,-6.353737],[106.792755,-6.353891],[106.792598,-6.354432],[106.791964,-6.35433],[106.79201,-6.353997]]]},"properties":{"layer_id":"ekosistem","jenis":"rth","nama":"TPBU Kampung Utan","sumber":"OSM","atribut":{"kategori":"cemetery"}}},{"type":"Feature","geometry":{"type":"Polygon","coordinates":[[[106.718482,-6.312115],[106.718825,-6.311989],[106.718808,-6.311946],[106.718996,-6.31182],[106.719048,-6.311677],[106.719306,-6.311621],[106.719295,-6.311263],[106.718994,-6.311374],[106.718302,-6.311535],[106.718315,-6.311645],[106.718461,-6.311637],[106.718482,-6.31189],[106.718413,-6.311907],[106.718482,-6.312115]]]},"properties":{"layer_id":"ekosistem","jenis":"rth","nama":"TPBU Al-Maghfiroh","sumber":"OSM","atribut":{"kategori":"cemetery"}}},{"type":"Feature","geometry":{"type":"Polygon","coordinates":[[[106.734173,-6.280987],[106.73394,-6.280332],[106.733814,-6.280366],[106.733842,-6.280472],[106.733296,-6.280532],[106.733421,-6.281161],[106.734065,-6.281096],[106.734172,-6.281061],[106.734173,-6.280987]]]},"properties":{"layer_id":"ekosistem","jenis":"rth","nama":null,"sumber":"OSM","atribut":{"kategori":"cemetery"}}},{"type":"Feature","geometry":{"type":"Polygon","coordinates":[[[106.903493,-6.441843],[106.90338,-6.442187],[106.902584,-6.441816],[106.902837,-6.441043],[106.903308,-6.441086],[106.90335,-6.440829],[106.90361,-6.440877],[106.903815,-6.441034],[106.903461,-6.441679],[106.903493,-6.441843]]]},"properties":{"layer_id":"ekosistem","jenis":"rth","nama":null,"sumber":"OSM","atribut":{"kategori":"cemetery"}}},{"type":"Feature","geometry":{"type":"Polygon","coordinates":[[[106.898527,-6.455219],[106.898159,-6.455191],[106.898211,-6.454816],[106.898466,-6.454833],[106.898461,-6.454877],[106.898565,-6.454886],[106.898527,-6.455219]]]},"properties":{"layer_id":"ekosistem","jenis":"rth","nama":null,"sumber":"OSM","atribut":{"kategori":"cemetery"}}},{"type":"Feature","geometry":{"type":"Polygon","coordinates":[[[106.822193,-6.502826],[106.822059,-6.503066],[106.820972,-6.503298],[106.820865,-6.503005],[106.820436,-6.502879],[106.820355,-6.501555],[106.820288,-6.501363],[106.819886,-6.500955],[106.819741,-6.501094],[106.81966,-6.500781],[106.819476,-6.500778],[106.819486,-6.500609],[106.819781,-6.500545],[106.819827,-6.500385],[106.819999,-6.500196],[106.820119,-6.500233],[106.820194,-6.500038],[106.820079,-6.499956],[106.820154,-6.499766],[106.820087,-6.499759],[106.819669,-6.49999],[106.819476,-6.50002],[106.819446,-6.49995],[106.819857,-6.499732],[106.819894,-6.499644],[106.819915,-6.499511],[106.819698,-6.499425],[106.819712,-6.49918],[106.82002,-6.498895],[106.820414,-6.498751],[106.820919,-6.499007],[106.821246,-6.49905],[106.82119,-6.499124],[106.82109,-6.499937],[106.820701,-6.499948],[106.820616,-6.500454],[106.820369,-6.500411],[106.820267,-6.50055],[106.820286,-6.500694],[106.820404,-6.500987],[106.820785,-6.501408],[106.820892,-6.501445],[106.82098,-6.50208],[106.821053,-6.502197],[106.821206,-6.50224],[106.821434,-6.502194],[106.821485,-6.50224],[106.821458,-6.502706],[106.822193,-6.502826]]]},"properties":{"layer_id":"ekosistem","jenis":"rth","nama":null,"sumber":"OSM","atribut":{"kategori":"forest"}}},{"type":"Feature","geometry":{"type":"Polygon","coordinates":[[[106.822198,-6.504305],[106.822032,-6.504196],[106.82182,-6.50418],[106.821793,-6.504108],[106.821788,-6.503868],[106.822021,-6.503572],[106.822021,-6.503359],[106.822616,-6.503002],[106.823086,-6.503207],[106.823129,-6.50306],[106.823397,-6.503162],[106.823386,-6.503284],[106.823139,-6.503428],[106.82307,-6.503783],[106.822941,-6.503879],[106.822909,-6.504049],[106.822549,-6.504052],[106.822575,-6.504493],[106.822446,-6.504507],[106.822198,-6.504305]]]},"properties":{"layer_id":"ekosistem","jenis":"rth","nama":null,"sumber":"OSM","atribut":{"kategori":"forest"}}},{"type":"Feature","geometry":{"type":"Polygon","coordinates":[[[106.820102,-6.504457],[106.820256,-6.504534],[106.820424,-6.504529],[106.820585,-6.504645],[106.820573,-6.504859],[106.820398,-6.505108],[106.82015,-6.505016],[106.819949,-6.50505],[106.819847,-6.505075],[106.819722,-6.504929],[106.81995,-6.504803],[106.820008,-6.504707],[106.819981,-6.504625],[106.820102,-6.504457]]]},"properties":{"layer_id":"ekosistem","jenis":"rth","nama":null,"sumber":"OSM","atribut":{"kategori":"forest"}}},{"type":"Feature","geometry":{"type":"Polygon","coordinates":[[[106.867327,-6.507666],[106.867252,-6.507779],[106.86733,-6.507829],[106.86742,-6.507719],[106.867327,-6.507666]]]},"properties":{"layer_id":"ekosistem","jenis":"rth","nama":null,"sumber":"OSM","atribut":{"kategori":"cemetery"}}},{"type":"Feature","geometry":{"type":"Polygon","coordinates":[[[106.869673,-6.507407],[106.870503,-6.507848],[106.870807,-6.507631],[106.870977,-6.507236],[106.870428,-6.507093],[106.870146,-6.506832],[106.869867,-6.506981],[106.869673,-6.507407]]]},"properties":{"layer_id":"ekosistem","jenis":"rth","nama":null,"sumber":"OSM","atribut":{"kategori":"cemetery"}}},{"type":"Feature","geometry":{"type":"Polygon","coordinates":[[[106.796948,-6.536384],[106.797815,-6.536328],[106.797807,-6.536874],[106.797744,-6.536968],[106.796981,-6.537038],[106.796948,-6.536384]]]},"properties":{"layer_id":"ekosistem","jenis":"rth","nama":null,"sumber":"OSM","atribut":{"kategori":"park"}}},{"type":"Feature","geometry":{"type":"Polygon","coordinates":[[[106.79646,-6.536663],[106.796955,-6.536639],[106.796954,-6.536765],[106.796485,-6.536784],[106.79646,-6.536663]]]},"properties":{"layer_id":"ekosistem","jenis":"rth","nama":null,"sumber":"OSM","atribut":{"kategori":"park"}}},{"type":"Feature","geometry":{"type":"Polygon","coordinates":[[[106.710531,-6.303954],[106.709754,-6.303229],[106.709555,-6.303269],[106.709762,-6.303991],[106.710531,-6.303954]]]},"properties":{"layer_id":"ekosistem","jenis":"rth","nama":null,"sumber":"OSM","atribut":{"kategori":"park"}}},{"type":"Feature","geometry":{"type":"Polygon","coordinates":[[[106.918774,-6.399127],[106.918798,-6.399514],[106.918312,-6.400108],[106.91809,-6.400091],[106.918047,-6.399834],[106.917878,-6.399562],[106.918197,-6.399063],[106.91817,-6.398658],[106.918414,-6.398618],[106.918916,-6.398727],[106.918774,-6.399127]]]},"properties":{"layer_id":"ekosistem","jenis":"rth","nama":null,"sumber":"OSM","atribut":{"kategori":"cemetery"}}},{"type":"Feature","geometry":{"type":"Polygon","coordinates":[[[106.920107,-6.387242],[106.919981,-6.38733],[106.919476,-6.38721],[106.919232,-6.386911],[106.919248,-6.386674],[106.919696,-6.386471],[106.920096,-6.38677],[106.920278,-6.387052],[106.920107,-6.387242]]]},"properties":{"layer_id":"ekosistem","jenis":"rth","nama":null,"sumber":"OSM","atribut":{"kategori":"cemetery"}}},{"type":"Feature","geometry":{"type":"Polygon","coordinates":[[[106.901579,-6.377263],[106.901313,-6.377307],[106.900862,-6.377272],[106.900433,-6.377355],[106.90035,-6.377472],[106.900714,-6.377819],[106.901248,-6.377694],[106.901481,-6.3778],[106.901581,-6.377696],[106.901579,-6.377263]]]},"properties":{"layer_id":"ekosistem","jenis":"rth","nama":null,"sumber":"OSM","atribut":{"kategori":"cemetery"}}},{"type":"Feature","geometry":{"type":"Polygon","coordinates":[[[106.87473,-6.297479],[106.874626,-6.297549],[106.874413,-6.297327],[106.873998,-6.297294],[106.873931,-6.297549],[106.874222,-6.297852],[106.874142,-6.29812],[106.873947,-6.298308],[106.873777,-6.29835],[106.873322,-6.298242],[106.873216,-6.298268],[106.873143,-6.29835],[106.873163,-6.29855],[106.873002,-6.29887],[106.872791,-6.299008],[106.872844,-6.299155],[106.873018,-6.299235],[106.873155,-6.299584],[106.873116,-6.300291],[106.873326,-6.300565],[106.873513,-6.30063],[106.873617,-6.300592],[106.873951,-6.300141],[106.874207,-6.300027],[106.87444,-6.299816],[106.874614,-6.299866],[106.8747,-6.299804],[106.874579,-6.299663],[106.874366,-6.299595],[106.874104,-6.2997],[106.873926,-6.29918],[106.873944,-6.298909],[106.874092,-6.298906],[106.8741,-6.298799],[106.87419,-6.298766],[106.874265,-6.298408],[106.874571,-6.298327],[106.874645,-6.298216],[106.874693,-6.29809],[106.874675,-6.297591],[106.874772,-6.297522],[106.87473,-6.297479]]]},"properties":{"layer_id":"ekosistem","jenis":"rth","nama":null,"sumber":"OSM","atribut":{"kategori":"park"}}},{"type":"Feature","geometry":{"type":"Polygon","coordinates":[[[106.900079,-6.31166],[106.899841,-6.311636],[106.899655,-6.312025],[106.899244,-6.311995],[106.898957,-6.312379],[106.898916,-6.312645],[106.898798,-6.312586],[106.89851,-6.313121],[106.897995,-6.312963],[106.89815,-6.312649],[106.898279,-6.31223],[106.89863,-6.311774],[106.898939,-6.311524],[106.89914,-6.311174],[106.899545,-6.311078],[106.899709,-6.311166],[106.89969,-6.311316],[106.900144,-6.311453],[106.900079,-6.31166]]]},"properties":{"layer_id":"ekosistem","jenis":"rth","nama":null,"sumber":"OSM","atribut":{"kategori":"park"}}},{"type":"Feature","geometry":{"type":"Polygon","coordinates":[[[106.796213,-6.295396],[106.796196,-6.295723],[106.796268,-6.295805],[106.796449,-6.295811],[106.796457,-6.295343],[106.796273,-6.295338],[106.796213,-6.295396]]]},"properties":{"layer_id":"ekosistem","jenis":"rth","nama":null,"sumber":"OSM","atribut":{"kategori":"park"}}},{"type":"Feature","geometry":{"type":"Polygon","coordinates":[[[106.919828,-6.329759],[106.92014,-6.327855],[106.920083,-6.32766],[106.919283,-6.32722],[106.91848,-6.327186],[106.918421,-6.327116],[106.918469,-6.327002],[106.9191,-6.326627],[106.919262,-6.326439],[106.919337,-6.32604],[106.919269,-6.325865],[106.91905,-6.325626],[106.91914,-6.325606],[106.919158,-6.325681],[106.919313,-6.32564],[106.919325,-6.325863],[106.920278,-6.325817],[106.920288,-6.325915],[106.920437,-6.325907],[106.920435,-6.325969],[106.920745,-6.325774],[106.920822,-6.325576],[106.920834,-6.32507],[106.920886,-6.325081],[106.921083,-6.324726],[106.92115,-6.324819],[106.920961,-6.325037],[106.920894,-6.325577],[106.920984,-6.325629],[106.920996,-6.32579],[106.921189,-6.32597],[106.920968,-6.326191],[106.920482,-6.326289],[106.920442,-6.326209],[106.920339,-6.326226],[106.920256,-6.326241],[106.920202,-6.326111],[106.919671,-6.326049],[106.919699,-6.326302],[106.919458,-6.326359],[106.91948,-6.326493],[106.920026,-6.327359],[106.920493,-6.327391],[106.920555,-6.32822],[106.920657,-6.328556],[106.920787,-6.328671],[106.920746,-6.328996],[106.920595,-6.328992],[106.920406,-6.329516],[106.920482,-6.329789],[106.920614,-6.329892],[106.921036,-6.329924],[106.92104,-6.330109],[106.921425,-6.330118],[106.921426,-6.330196],[106.921154,-6.330185],[106.921143,-6.330299],[106.921037,-6.330296],[106.92107,-6.331161],[106.920913,-6.33115],[106.920883,-6.331497],[106.920591,-6.331455],[106.92054,-6.331702],[106.920282,-6.331635],[106.920245,-6.331566],[106.920347,-6.330725],[106.920411,-6.330492],[106.920523,-6.33037],[106.920579,-6.3301],[106.920522,-6.32998],[106.920443,-6.329958],[106.920131,-6.330021],[106.919828,-6.329759]]]},"properties":{"layer_id":"ekosistem","jenis":"rth","nama":"Jakarta Escape","sumber":"OSM","atribut":{"kategori":"park"}}},{"type":"Feature","geometry":{"type":"Polygon","coordinates":[[[106.79199,-6.319409],[106.792255,-6.319507],[106.792174,-6.319842],[106.79199,-6.319409]]]},"properties":{"layer_id":"ekosistem","jenis":"rth","nama":"Taman Jati Indah","sumber":"OSM","atribut":{"kategori":"park"}}},{"type":"Feature","geometry":{"type":"Polygon","coordinates":[[[106.795413,-6.335255],[106.795299,-6.335545],[106.793406,-6.334904],[106.792528,-6.334391],[106.792824,-6.333752],[106.793739,-6.333887],[106.793733,-6.334219],[106.794044,-6.334299],[106.794136,-6.334474],[106.794769,-6.334818],[106.794749,-6.334955],[106.795413,-6.335255]]]},"properties":{"layer_id":"ekosistem","jenis":"rth","nama":"BTN Ecopark","sumber":"OSM","atribut":{"kategori":"park"}}},{"type":"Feature","geometry":{"type":"Polygon","coordinates":[[[106.886392,-6.387548],[106.886906,-6.38822],[106.886995,-6.388144],[106.8865,-6.387468],[106.886392,-6.387548]]]},"properties":{"layer_id":"ekosistem","jenis":"rth","nama":"Lapangan Bola","sumber":"OSM","atribut":{"kategori":"park"}}},{"type":"Feature","geometry":{"type":"Polygon","coordinates":[[[106.807896,-6.462196],[106.807868,-6.462311],[106.808009,-6.462292],[106.808033,-6.462201],[106.807896,-6.462196]]]},"properties":{"layer_id":"ekosistem","jenis":"rth","nama":"kuburan umum","sumber":"OSM","atribut":{"kategori":"cemetery"}}},{"type":"Feature","geometry":{"type":"Polygon","coordinates":[[[106.864103,-6.281106],[106.864171,-6.281102],[106.864264,-6.281099],[106.864261,-6.281184],[106.864108,-6.281175],[106.864103,-6.281106]]]},"properties":{"layer_id":"ekosistem","jenis":"rth","nama":"Lapangan 1","sumber":"OSM","atribut":{"kategori":"park"}}},{"type":"Feature","geometry":{"type":"Polygon","coordinates":[[[106.840537,-6.316435],[106.840713,-6.316378],[106.840753,-6.316449],[106.840577,-6.316539],[106.840537,-6.316435]]]},"properties":{"layer_id":"ekosistem","jenis":"rth","nama":"Taman Al-Biruni","sumber":"OSM","atribut":{"kategori":"park"}}},{"type":"Feature","geometry":{"type":"Polygon","coordinates":[[[106.703807,-6.524082],[106.70382,-6.523808],[106.704162,-6.523821],[106.704098,-6.524096],[106.703807,-6.524082]]]},"properties":{"layer_id":"ekosistem","jenis":"rth","nama":null,"sumber":"OSM","atribut":{"kategori":"cemetery"}}},{"type":"Feature","geometry":{"type":"Polygon","coordinates":[[[106.796635,-6.312605],[106.796466,-6.312787],[106.796252,-6.312538],[106.796635,-6.312605]]]},"properties":{"layer_id":"ekosistem","jenis":"rth","nama":"Taman DDN","sumber":"OSM","atribut":{"kategori":"park"}}},{"type":"Feature","geometry":{"type":"Polygon","coordinates":[[[106.758324,-6.343947],[106.758557,-6.343973],[106.758547,-6.344268],[106.758383,-6.344282],[106.758324,-6.343947]]]},"properties":{"layer_id":"ekosistem","jenis":"rth","nama":null,"sumber":"OSM","atribut":{"kategori":"forest"}}},{"type":"Feature","geometry":{"type":"Polygon","coordinates":[[[106.782689,-6.299866],[106.78313,-6.300784],[106.781964,-6.300794],[106.782554,-6.300109],[106.782689,-6.299866]]]},"properties":{"layer_id":"ekosistem","jenis":"rth","nama":"Taman Bona Indah","sumber":"OSM","atribut":{"kategori":"park"}}},{"type":"Feature","geometry":{"type":"Polygon","coordinates":[[[106.917807,-6.428229],[106.917598,-6.428405],[106.917486,-6.428628],[106.917403,-6.429022],[106.917453,-6.429101],[106.918388,-6.429315],[106.918497,-6.428725],[106.918182,-6.428676],[106.91801,-6.428583],[106.917807,-6.428229]]]},"properties":{"layer_id":"ekosistem","jenis":"rth","nama":"Gor Abah","sumber":"OSM","atribut":{"kategori":"sports_hall"}}},{"type":"Feature","geometry":{"type":"Polygon","coordinates":[[[106.835635,-6.308996],[106.835936,-6.309086],[106.835986,-6.308917],[106.836096,-6.308942],[106.836121,-6.308829],[106.836183,-6.308846],[106.836224,-6.308627],[106.836157,-6.308614],[106.836329,-6.307911],[106.835558,-6.30785],[106.835418,-6.308573],[106.835635,-6.308996]]]},"properties":{"layer_id":"ekosistem","jenis":"rth","nama":"TPU Kebagusan","sumber":"OSM","atribut":{"kategori":"cemetery"}}},{"type":"Feature","geometry":{"type":"Polygon","coordinates":[[[106.861508,-6.319851],[106.861224,-6.319055],[106.861074,-6.319019],[106.860968,-6.319323],[106.860857,-6.319632],[106.86131,-6.319756],[106.861508,-6.319851]]]},"properties":{"layer_id":"ekosistem","jenis":"rth","nama":null,"sumber":"OSM","atribut":{"kategori":"park"}}},{"type":"Feature","geometry":{"type":"Polygon","coordinates":[[[106.809829,-6.38455],[106.809633,-6.384979],[106.810621,-6.385373],[106.810729,-6.385375],[106.810747,-6.38508],[106.811092,-6.384902],[106.811062,-6.384831],[106.810855,-6.384922],[106.810706,-6.384909],[106.810642,-6.384626],[106.809871,-6.384341],[106.809829,-6.38455]]]},"properties":{"layer_id":"ekosistem","jenis":"rth","nama":"TPU Kramat Kemiri Jaya","sumber":"OSM","atribut":{"kategori":"cemetery"}}},{"type":"Feature","geometry":{"type":"Polygon","coordinates":[[[106.720518,-6.44942],[106.721698,-6.449191],[106.721816,-6.449007],[106.722262,-6.448887],[106.722283,-6.448709],[106.722624,-6.44862],[106.722562,-6.448378],[106.721824,-6.448527],[106.721621,-6.448093],[106.721234,-6.448261],[106.721304,-6.448487],[106.720853,-6.44865],[106.720902,-6.448812],[106.720762,-6.448996],[106.72062,-6.449055],[106.720518,-6.44942]]]},"properties":{"layer_id":"ekosistem","jenis":"rth","nama":null,"sumber":"OSM","atribut":{"kategori":"cemetery"}}},{"type":"Feature","geometry":{"type":"Polygon","coordinates":[[[106.879656,-6.360836],[106.879873,-6.360855],[106.879827,-6.361352],[106.879611,-6.361334],[106.879622,-6.361155],[106.879656,-6.360836]]]},"properties":{"layer_id":"ekosistem","jenis":"rth","nama":"Blok A","sumber":"OSM","atribut":{"kategori":"park"}}},{"type":"Feature","geometry":{"type":"Polygon","coordinates":[[[106.879873,-6.360855],[106.880226,-6.360885],[106.880576,-6.361092],[106.8802,-6.361579],[106.879827,-6.361352],[106.879873,-6.360855]]]},"properties":{"layer_id":"ekosistem","jenis":"rth","nama":"Blok B","sumber":"OSM","atribut":{"kategori":"park"}}},{"type":"Feature","geometry":{"type":"Polygon","coordinates":[[[106.880143,-6.362196],[106.879723,-6.362033],[106.879114,-6.361891],[106.879183,-6.361292],[106.879611,-6.361334],[106.880285,-6.361655],[106.880143,-6.362196]]]},"properties":{"layer_id":"ekosistem","jenis":"rth","nama":"Blok C","sumber":"OSM","atribut":{"kategori":"park"}}},{"type":"Feature","geometry":{"type":"Polygon","coordinates":[[[106.759609,-6.531719],[106.759685,-6.531719],[106.759679,-6.531869],[106.759602,-6.531868],[106.759604,-6.531788],[106.759609,-6.531719]]]},"properties":{"layer_id":"ekosistem","jenis":"rth","nama":"Lapangan Bulu Tangkis","sumber":"OSM","atribut":{"kategori":"park"}}},{"type":"Feature","geometry":{"type":"Polygon","coordinates":[[[106.876936,-6.379426],[106.877096,-6.379459],[106.876835,-6.379931],[106.876778,-6.380459],[106.876514,-6.380382],[106.876634,-6.380226],[106.876831,-6.379543],[106.876936,-6.379426]]]},"properties":{"layer_id":"ekosistem","jenis":"rth","nama":"Taman Curug","sumber":"OSM","atribut":{"kategori":"park"}}},{"type":"Feature","geometry":{"type":"Polygon","coordinates":[[[106.824612,-6.480824],[106.824828,-6.480823],[106.824722,-6.480875],[106.824612,-6.480824]]]},"properties":{"layer_id":"ekosistem","jenis":"rth","nama":null,"sumber":"OSM","atribut":{"kategori":"park"}}},{"type":"Feature","geometry":{"type":"Polygon","coordinates":[[[106.824087,-6.480166],[106.823719,-6.480125],[106.823524,-6.480651],[106.823424,-6.480688],[106.823038,-6.480508],[106.822996,-6.480231],[106.822908,-6.48023],[106.822915,-6.480838],[106.823762,-6.480846],[106.823702,-6.480732],[106.823494,-6.480694],[106.823618,-6.480436],[106.82374,-6.48039],[106.823972,-6.480467],[106.824003,-6.480719],[106.824086,-6.48072],[106.824087,-6.480166]]]},"properties":{"layer_id":"ekosistem","jenis":"rth","nama":null,"sumber":"OSM","atribut":{"kategori":"park"}}},{"type":"Feature","geometry":{"type":"Polygon","coordinates":[[[106.83614,-6.294673],[106.836158,-6.294343],[106.835496,-6.2943],[106.835478,-6.294304],[106.835439,-6.294634],[106.836149,-6.294689],[106.83614,-6.294673]]]},"properties":{"layer_id":"ekosistem","jenis":"rth","nama":"Lapangan Besar AUP kampus Jakarta","sumber":"OSM","atribut":{"kategori":"park"}}},{"type":"Feature","geometry":{"type":"Polygon","coordinates":[[[106.799639,-6.302853],[106.799704,-6.302736],[106.80026,-6.302706],[106.800311,-6.302747],[106.800304,-6.30284],[106.799639,-6.302853]]]},"properties":{"layer_id":"ekosistem","jenis":"rth","nama":"Taman wijaya kusuma kecil","sumber":"OSM","atribut":{"kategori":"park"}}},{"type":"Feature","geometry":{"type":"Polygon","coordinates":[[[106.724665,-6.34229],[106.725636,-6.34214],[106.725649,-6.342204],[106.724679,-6.342376],[106.724665,-6.34229]]]},"properties":{"layer_id":"ekosistem","jenis":"rth","nama":"UMKM Street Ramadhan","sumber":"OSM","atribut":{"kategori":"park"}}},{"type":"Feature","geometry":{"type":"Polygon","coordinates":[[[106.724356,-6.342802],[106.72456,-6.342773],[106.724669,-6.343247],[106.724539,-6.343253],[106.724445,-6.343068],[106.724356,-6.342802]]]},"properties":{"layer_id":"ekosistem","jenis":"rth","nama":"Ruang Temu Kuliner Festival","sumber":"OSM","atribut":{"kategori":"park"}}},{"type":"Feature","geometry":{"type":"Polygon","coordinates":[[[106.871825,-6.451203],[106.871894,-6.450483],[106.872437,-6.449836],[106.873647,-6.450073],[106.873885,-6.451019],[106.874086,-6.451019],[106.874718,-6.451205],[106.875206,-6.451105],[106.875809,-6.450663],[106.876138,-6.450579],[106.876752,-6.449675],[106.876584,-6.449527],[106.87647,-6.44912],[106.876781,-6.448911],[106.877868,-6.448648],[106.878064,-6.448069],[106.878454,-6.447562],[106.879544,-6.447347],[106.879807,-6.447089],[106.879932,-6.446767],[106.879795,-6.44635],[106.880277,-6.446114],[106.880461,-6.445829],[106.880438,-6.445566],[106.879814,-6.445105],[106.879953,-6.444689],[106.880543,-6.44442],[106.88133,-6.443728],[106.882086,-6.444057],[106.882477,-6.443216],[106.883012,-6.44319],[106.883269,-6.443433],[106.883361,-6.443058],[106.883469,-6.442994],[106.883737,-6.443111],[106.883858,-6.443476],[106.884305,-6.443769],[106.88444,-6.444336],[106.884902,-6.444778],[106.885026,-6.445668],[106.885148,-6.4459],[106.885091,-6.446158],[106.884792,-6.446288],[106.884918,-6.44665],[106.884542,-6.447021],[106.884985,-6.448491],[106.884278,-6.449917],[106.884015,-6.450006],[106.883608,-6.452548],[106.883227,-6.453423],[106.883173,-6.453829],[106.882616,-6.454317],[106.882302,-6.454697],[106.882762,-6.455206],[106.882516,-6.455402],[106.88223,-6.455793],[106.882439,-6.456128],[106.882486,-6.456494],[106.881838,-6.456873],[106.88109,-6.457052],[106.880514,-6.457284],[106.880393,-6.457805],[106.880135,-6.458066],[106.880128,-6.458248],[106.879962,-6.458498],[106.87983,-6.458913],[106.879857,-6.459234],[106.879973,-6.459344],[106.879861,-6.459477],[106.880025,-6.459691],[106.880018,-6.460326],[106.879819,-6.460501],[106.879898,-6.460858],[106.879577,-6.460983],[106.879103,-6.459892],[106.879204,-6.459669],[106.878703,-6.459633],[106.878559,-6.458987],[106.878677,-6.45877],[106.878694,-6.458167],[106.878995,-6.457507],[106.878908,-6.457258],[106.87847,-6.45715],[106.878004,-6.457256],[106.876516,-6.457771],[106.876287,-6.45794],[106.874923,-6.458612],[106.87465,-6.45833],[106.874717,-6.45768],[106.874591,-6.457366],[106.873799,-6.456965],[106.872983,-6.457267],[106.872506,-6.457292],[106.872258,-6.456893],[106.870994,-6.458065],[106.870629,-6.458895],[106.869039,-6.459422],[106.869023,-6.460179],[106.868472,-6.460619],[106.868187,-6.461078],[106.868424,-6.461362],[106.86843,-6.461572],[106.868119,-6.461977],[106.868136,-6.462176],[106.867803,-6.462343],[106.867737,-6.462528],[106.867234,-6.462964],[106.867172,-6.463087],[106.866967,-6.463098],[106.866819,-6.4627],[106.866586,-6.462697],[106.866337,-6.462538],[106.866275,-6.462187],[106.866403,-6.461955],[106.866656,-6.461701],[106.866884,-6.461605],[106.867173,-6.46115],[106.867294,-6.460438],[106.867566,-6.459863],[106.867379,-6.459748],[106.867305,-6.45953],[106.867384,-6.459341],[106.866948,-6.459346],[106.866606,-6.459443],[106.866215,-6.45926],[106.86542,-6.459468],[106.864777,-6.45864],[106.864987,-6.458364],[106.86558,-6.458056],[106.867087,-6.457685],[106.868325,-6.45766],[106.868865,-6.457895],[106.869285,-6.457557],[106.869556,-6.457458],[106.86973,-6.457306],[106.869843,-6.457071],[106.870317,-6.45677],[106.870692,-6.45666],[106.871041,-6.456245],[106.870856,-6.456071],[106.870719,-6.45563],[106.870665,-6.455135],[106.870821,-6.454733],[106.870803,-6.454422],[106.870651,-6.454042],[106.870755,-6.453452],[106.87142,-6.452513],[106.871825,-6.451203]]]},"properties":{"layer_id":"ekosistem","jenis":"rth","nama":"Jagorawi Golf & Country Club","sumber":"OSM","atribut":{"kategori":"golf_course"}}},{"type":"Feature","geometry":{"type":"Polygon","coordinates":[[[106.707573,-6.329371],[106.70779,-6.329354],[106.707846,-6.329763],[106.707573,-6.329371]]]},"properties":{"layer_id":"ekosistem","jenis":"rth","nama":"Taman Segitiga","sumber":"OSM","atribut":{"kategori":"park"}}},{"type":"Feature","geometry":{"type":"Point","coordinates":[106.766792,-6.530524]},"properties":{"layer_id":"ekosistem","jenis":"poi","nama":"Bogor","sumber":"OSM","atribut":{"kategori":"Restoran"}}},{"type":"Feature","geometry":{"type":"Point","coordinates":[106.833331,-6.372814]},"properties":{"layer_id":"ekosistem","jenis":"poi","nama":"Marugame Udon","sumber":"OSM","atribut":{"kategori":"Restoran"}}},{"type":"Feature","geometry":{"type":"Point","coordinates":[106.865424,-6.328113]},"properties":{"layer_id":"ekosistem","jenis":"poi","nama":"KFC Gelael","sumber":"OSM","atribut":{"kategori":"Makanan cepat saji"}}},{"type":"Feature","geometry":{"type":"Point","coordinates":[106.81439,-6.392411]},"properties":{"layer_id":"ekosistem","jenis":"poi","nama":"Pusat Perbelanjaan Depok Jaya","sumber":"OSM","atribut":{"kategori":"Mal"}}},{"type":"Feature","geometry":{"type":"Point","coordinates":[106.804235,-6.396381]},"properties":{"layer_id":"ekosistem","jenis":"poi","nama":"Pusat Perbelanjaan Pasadena","sumber":"OSM","atribut":{"kategori":"Mal"}}},{"type":"Feature","geometry":{"type":"Point","coordinates":[106.793042,-6.39517]},"properties":{"layer_id":"ekosistem","jenis":"poi","nama":"Depok Town Center","sumber":"OSM","atribut":{"kategori":"Mal"}}},{"type":"Feature","geometry":{"type":"Point","coordinates":[106.833227,-6.360929]},"properties":{"layer_id":"ekosistem","jenis":"poi","nama":"Takarajima","sumber":"OSM","atribut":{"kategori":"Restoran"}}},{"type":"Feature","geometry":{"type":"Point","coordinates":[106.725352,-6.3424]},"properties":{"layer_id":"ekosistem","jenis":"poi","nama":"KFC","sumber":"OSM","atribut":{"kategori":"Makanan cepat saji"}}},{"type":"Feature","geometry":{"type":"Point","coordinates":[106.724944,-6.342474]},"properties":{"layer_id":"ekosistem","jenis":"poi","nama":"A&W","sumber":"OSM","atribut":{"kategori":"Restoran"}}},{"type":"Feature","geometry":{"type":"Point","coordinates":[106.814418,-6.394083]},"properties":{"layer_id":"ekosistem","jenis":"poi","nama":"Bakmi Langgara","sumber":"OSM","atribut":{"kategori":"Restoran"}}},{"type":"Feature","geometry":{"type":"Point","coordinates":[106.820638,-6.399103]},"properties":{"layer_id":"ekosistem","jenis":"poi","nama":"Bakso Keraton","sumber":"OSM","atribut":{"kategori":"Restoran"}}},{"type":"Feature","geometry":{"type":"Point","coordinates":[106.814282,-6.394797]},"properties":{"layer_id":"ekosistem","jenis":"poi","nama":"Mie Ayam 88","sumber":"OSM","atribut":{"kategori":"Makanan cepat saji"}}},{"type":"Feature","geometry":{"type":"Point","coordinates":[106.833743,-6.361285]},"properties":{"layer_id":"ekosistem","jenis":"poi","nama":"Bebek Tiktok","sumber":"OSM","atribut":{"kategori":"Restoran"}}},{"type":"Feature","geometry":{"type":"Point","coordinates":[106.833277,-6.361164]},"properties":{"layer_id":"ekosistem","jenis":"poi","nama":"Es Pocong","sumber":"OSM","atribut":{"kategori":"Restoran"}}},{"type":"Feature","geometry":{"type":"Point","coordinates":[106.833378,-6.361842]},"properties":{"layer_id":"ekosistem","jenis":"poi","nama":"Mie Ayam Fajar","sumber":"OSM","atribut":{"kategori":"Restoran"}}},{"type":"Feature","geometry":{"type":"Point","coordinates":[106.833507,-6.363423]},"properties":{"layer_id":"ekosistem","jenis":"poi","nama":"Pecel Lele Lela","sumber":"OSM","atribut":{"kategori":"Restoran"}}},{"type":"Feature","geometry":{"type":"Point","coordinates":[106.834089,-6.363805]},"properties":{"layer_id":"ekosistem","jenis":"poi","nama":"Pizza Hut Delivery","sumber":"OSM","atribut":{"kategori":"Makanan cepat saji"}}},{"type":"Feature","geometry":{"type":"Point","coordinates":[106.833488,-6.366355]},"properties":{"layer_id":"ekosistem","jenis":"poi","nama":"Warung Sate Gajah","sumber":"OSM","atribut":{"kategori":"Restoran"}}},{"type":"Feature","geometry":{"type":"Point","coordinates":[106.896708,-6.371572]},"properties":{"layer_id":"ekosistem","jenis":"poi","nama":"Telaga Restaurant","sumber":"OSM","atribut":{"kategori":"Restoran"}}},{"type":"Feature","geometry":{"type":"Point","coordinates":[106.833896,-6.368032]},"properties":{"layer_id":"ekosistem","jenis":"poi","nama":"DIM SUM","sumber":"OSM","atribut":{"kategori":"Restoran"}}},{"type":"Feature","geometry":{"type":"Point","coordinates":[106.834261,-6.367945]},"properties":{"layer_id":"ekosistem","jenis":"poi","nama":"Rumah Makan Bude","sumber":"OSM","atribut":{"kategori":"Restoran"}}},{"type":"Feature","geometry":{"type":"Point","coordinates":[106.835125,-6.367405]},"properties":{"layer_id":"ekosistem","jenis":"poi","nama":"Rumah Makan Padang Sederhana","sumber":"OSM","atribut":{"kategori":"Restoran"}}},{"type":"Feature","geometry":{"type":"Point","coordinates":[106.750643,-6.347011]},"properties":{"layer_id":"ekosistem","jenis":"poi","nama":"Restoran Padang Sederhana","sumber":"OSM","atribut":{"kategori":"Restoran"}}},{"type":"Feature","geometry":{"type":"Point","coordinates":[106.748781,-6.347197]},"properties":{"layer_id":"ekosistem","jenis":"poi","nama":"Warung Nasi AMPERA","sumber":"OSM","atribut":{"kategori":"Restoran"}}},{"type":"Feature","geometry":{"type":"Point","coordinates":[106.89732,-6.375495]},"properties":{"layer_id":"ekosistem","jenis":"poi","nama":"Hanamasa Cibubur","sumber":"OSM","atribut":{"kategori":"Restoran"}}},{"type":"Feature","geometry":{"type":"Point","coordinates":[106.757725,-6.344709]},"properties":{"layer_id":"ekosistem","jenis":"poi","nama":"Pujasera UT","sumber":"OSM","atribut":{"kategori":"Restoran"}}},{"type":"Feature","geometry":{"type":"Point","coordinates":[106.803095,-6.46749]},"properties":{"layer_id":"ekosistem","jenis":"poi","nama":"Muaro","sumber":"OSM","atribut":{"kategori":"Restoran"}}},{"type":"Feature","geometry":{"type":"Point","coordinates":[106.747164,-6.405508]},"properties":{"layer_id":"ekosistem","jenis":"poi","nama":"Pepes ikan","sumber":"OSM","atribut":{"kategori":"Restoran"}}},{"type":"Feature","geometry":{"type":"Point","coordinates":[106.771053,-6.400752]},"properties":{"layer_id":"ekosistem","jenis":"poi","nama":"CFC Sawangan","sumber":"OSM","atribut":{"kategori":"Makanan cepat saji"}}},{"type":"Feature","geometry":{"type":"Point","coordinates":[106.766631,-6.403285]},"properties":{"layer_id":"ekosistem","jenis":"poi","nama":null,"sumber":"OSM","atribut":{"kategori":"Restoran"}}},{"type":"Feature","geometry":{"type":"Point","coordinates":[106.829914,-6.285861]},"properties":{"layer_id":"ekosistem","jenis":"poi","nama":"HokBen","sumber":"OSM","atribut":{"kategori":"Makanan cepat saji"}}},{"type":"Feature","geometry":{"type":"Point","coordinates":[106.858488,-6.421365]},"properties":{"layer_id":"ekosistem","jenis":"poi","nama":"Rumah Makan Saung Situ Jatijajar","sumber":"OSM","atribut":{"kategori":"Restoran"}}},{"type":"Feature","geometry":{"type":"Point","coordinates":[106.711405,-6.2967]},"properties":{"layer_id":"ekosistem","jenis":"poi","nama":"Sederhana Padang","sumber":"OSM","atribut":{"kategori":"Restoran"}}},{"type":"Feature","geometry":{"type":"Point","coordinates":[106.712038,-6.296599]},"properties":{"layer_id":"ekosistem","jenis":"poi","nama":"Padang","sumber":"OSM","atribut":{"kategori":"Restoran"}}},{"type":"Feature","geometry":{"type":"Point","coordinates":[106.754671,-6.419485]},"properties":{"layer_id":"ekosistem","jenis":"poi","nama":null,"sumber":"OSM","atribut":{"kategori":"Restoran"}}},{"type":"Feature","geometry":{"type":"Point","coordinates":[106.734799,-6.449021]},"properties":{"layer_id":"ekosistem","jenis":"poi","nama":"RM Gabus Pucung","sumber":"OSM","atribut":{"kategori":"Restoran"}}},{"type":"Feature","geometry":{"type":"Point","coordinates":[106.840147,-6.298064]},"properties":{"layer_id":"ekosistem","jenis":"poi","nama":"Jambo Kupi","sumber":"OSM","atribut":{"kategori":"Kafe"}}},{"type":"Feature","geometry":{"type":"Point","coordinates":[106.741831,-6.404767]},"properties":{"layer_id":"ekosistem","jenis":"poi","nama":"McDonald's","sumber":"OSM","atribut":{"kategori":"Makanan cepat saji"}}},{"type":"Feature","geometry":{"type":"Point","coordinates":[106.828158,-6.366566]},"properties":{"layer_id":"ekosistem","jenis":"poi","nama":"Kantin Prima","sumber":"OSM","atribut":{"kategori":"Restoran"}}},{"type":"Feature","geometry":{"type":"Point","coordinates":[106.780977,-6.284522]},"properties":{"layer_id":"ekosistem","jenis":"poi","nama":"Cafe De Hooi","sumber":"OSM","atribut":{"kategori":"Kafe"}}},{"type":"Feature","geometry":{"type":"Point","coordinates":[106.788748,-6.394256]},"properties":{"layer_id":"ekosistem","jenis":"poi","nama":"RM Saung Telaga","sumber":"OSM","atribut":{"kategori":"Restoran"}}},{"type":"Feature","geometry":{"type":"Point","coordinates":[106.835576,-6.373702]},"properties":{"layer_id":"ekosistem","jenis":"poi","nama":"Takigawa Resto","sumber":"OSM","atribut":{"kategori":"Restoran"}}},{"type":"Feature","geometry":{"type":"Point","coordinates":[106.732346,-6.425664]},"properties":{"layer_id":"ekosistem","jenis":"poi","nama":"Cikindo Food Festival","sumber":"OSM","atribut":{"kategori":"Restoran"}}},{"type":"Feature","geometry":{"type":"Point","coordinates":[106.733571,-6.419353]},"properties":{"layer_id":"ekosistem","jenis":"poi","nama":"KFC","sumber":"OSM","atribut":{"kategori":"Makanan cepat saji"}}},{"type":"Feature","geometry":{"type":"Point","coordinates":[106.837056,-6.301542]},"properties":{"layer_id":"ekosistem","jenis":"poi","nama":"Cwie Mie Malang","sumber":"OSM","atribut":{"kategori":"Restoran"}}},{"type":"Feature","geometry":{"type":"Point","coordinates":[106.812135,-6.289255]},"properties":{"layer_id":"ekosistem","jenis":"poi","nama":"Bubur Ayam Ponpes At-Thoyyibah","sumber":"OSM","atribut":{"kategori":"Makanan cepat saji"}}},{"type":"Feature","geometry":{"type":"Point","coordinates":[106.740958,-6.385585]},"properties":{"layer_id":"ekosistem","jenis":"poi","nama":"Bakso Pelita Solo","sumber":"OSM","atribut":{"kategori":"Restoran"}}},{"type":"Feature","geometry":{"type":"Point","coordinates":[106.863296,-6.51413]},"properties":{"layer_id":"ekosistem","jenis":"poi","nama":"sate Kambing sapi Ayam enak","sumber":"OSM","atribut":{"kategori":"Restoran"}}},{"type":"Feature","geometry":{"type":"Point","coordinates":[106.863247,-6.514181]},"properties":{"layer_id":"ekosistem","jenis":"poi","nama":"warung Sunda","sumber":"OSM","atribut":{"kategori":"Restoran"}}},{"type":"Feature","geometry":{"type":"Point","coordinates":[106.850003,-6.304669]},"properties":{"layer_id":"ekosistem","jenis":"poi","nama":"RM Padang","sumber":"OSM","atribut":{"kategori":"Restoran"}}},{"type":"Feature","geometry":{"type":"Point","coordinates":[106.815851,-6.293984]},"properties":{"layer_id":"ekosistem","jenis":"poi","nama":"Wareg Catering","sumber":"OSM","atribut":{"kategori":"Restoran"}}},{"type":"Feature","geometry":{"type":"Point","coordinates":[106.899694,-6.300936]},"properties":{"layer_id":"ekosistem","jenis":"poi","nama":"CFC","sumber":"OSM","atribut":{"kategori":"Restoran"}}},{"type":"Feature","geometry":{"type":"Point","coordinates":[106.784241,-6.323965]},"properties":{"layer_id":"ekosistem","jenis":"poi","nama":"Mall Cinere","sumber":"OSM","atribut":{"kategori":"Mal"}}},{"type":"Feature","geometry":{"type":"Point","coordinates":[106.827336,-6.387097]},"properties":{"layer_id":"ekosistem","jenis":"poi","nama":"D'Mall Depok","sumber":"OSM","atribut":{"kategori":"Mal"}}},{"type":"Feature","geometry":{"type":"Point","coordinates":[106.780438,-6.283771]},"properties":{"layer_id":"ekosistem","jenis":"poi","nama":"McDonald's","sumber":"OSM","atribut":{"kategori":"Makanan cepat saji"}}},{"type":"Feature","geometry":{"type":"Point","coordinates":[106.887236,-6.304335]},"properties":{"layer_id":"ekosistem","jenis":"poi","nama":"KFC","sumber":"OSM","atribut":{"kategori":"Makanan cepat saji"}}},{"type":"Feature","geometry":{"type":"Point","coordinates":[106.725172,-6.342728]},"properties":{"layer_id":"ekosistem","jenis":"poi","nama":"Pamulang Square","sumber":"OSM","atribut":{"kategori":"Mal"}}},{"type":"Feature","geometry":{"type":"Point","coordinates":[106.823646,-6.391943]},"properties":{"layer_id":"ekosistem","jenis":"poi","nama":"ITC Depok (Side Entrance)","sumber":"OSM","atribut":{"kategori":"Mal"}}},{"type":"Feature","geometry":{"type":"Point","coordinates":[106.833799,-6.345121]},"properties":{"layer_id":"ekosistem","jenis":"poi","nama":"KFC","sumber":"OSM","atribut":{"kategori":"Makanan cepat saji"}}},{"type":"Feature","geometry":{"type":"Point","coordinates":[106.844416,-6.35484]},"properties":{"layer_id":"ekosistem","jenis":"poi","nama":"McDonald's","sumber":"OSM","atribut":{"kategori":"Makanan cepat saji"}}},{"type":"Feature","geometry":{"type":"Point","coordinates":[106.832578,-6.374415]},"properties":{"layer_id":"ekosistem","jenis":"poi","nama":"KFC Margonda","sumber":"OSM","atribut":{"kategori":"Makanan cepat saji"}}},{"type":"Feature","geometry":{"type":"Point","coordinates":[106.741253,-6.325463]},"properties":{"layer_id":"ekosistem","jenis":"poi","nama":"sasak tinggi nongkrong","sumber":"OSM","atribut":{"kategori":"Makanan cepat saji"}}},{"type":"Feature","geometry":{"type":"Point","coordinates":[106.783591,-6.322517]},"properties":{"layer_id":"ekosistem","jenis":"poi","nama":"McDonald's Cinere","sumber":"OSM","atribut":{"kategori":"Makanan cepat saji"}}},{"type":"Feature","geometry":{"type":"Point","coordinates":[106.847939,-6.303809]},"properties":{"layer_id":"ekosistem","jenis":"poi","nama":"McDonald's TB Simatupang","sumber":"OSM","atribut":{"kategori":"Makanan cepat saji"}}},{"type":"Feature","geometry":{"type":"Point","coordinates":[106.833266,-6.373008]},"properties":{"layer_id":"ekosistem","jenis":"poi","nama":"Pizza Hut","sumber":"OSM","atribut":{"kategori":"Restoran"}}},{"type":"Feature","geometry":{"type":"Point","coordinates":[106.729333,-6.281935]},"properties":{"layer_id":"ekosistem","jenis":"poi","nama":"Talaga Sampireun Bintaro","sumber":"OSM","atribut":{"kategori":"Restoran"}}},{"type":"Feature","geometry":{"type":"Point","coordinates":[106.806632,-6.397578]},"properties":{"layer_id":"ekosistem","jenis":"poi","nama":"kampung kecil","sumber":"OSM","atribut":{"kategori":"Restoran"}}},{"type":"Feature","geometry":{"type":"Point","coordinates":[106.911874,-6.285642]},"properties":{"layer_id":"ekosistem","jenis":"poi","nama":"Dunkin'","sumber":"OSM","atribut":{"kategori":"Makanan cepat saji"}}},{"type":"Feature","geometry":{"type":"Point","coordinates":[106.839406,-6.477794]},"properties":{"layer_id":"ekosistem","jenis":"poi","nama":"rumah makan seafod","sumber":"OSM","atribut":{"kategori":"Restoran"}}},{"type":"Feature","geometry":{"type":"Point","coordinates":[106.870806,-6.38301]},"properties":{"layer_id":"ekosistem","jenis":"poi","nama":"Warung Cepat Saji Mantap","sumber":"OSM","atribut":{"kategori":"Makanan cepat saji"}}},{"type":"Feature","geometry":{"type":"Point","coordinates":[106.831092,-6.364999]},"properties":{"layer_id":"ekosistem","jenis":"poi","nama":"Bikun Coffee","sumber":"OSM","atribut":{"kategori":"Kafe"}}},{"type":"Feature","geometry":{"type":"Point","coordinates":[106.826344,-6.36194]},"properties":{"layer_id":"ekosistem","jenis":"poi","nama":"AH Burger","sumber":"OSM","atribut":{"kategori":"Makanan cepat saji"}}},{"type":"Feature","geometry":{"type":"Point","coordinates":[106.825351,-6.361233]},"properties":{"layer_id":"ekosistem","jenis":"poi","nama":"Mini Pique Nique","sumber":"OSM","atribut":{"kategori":"Restoran"}}},{"type":"Feature","geometry":{"type":"Point","coordinates":[106.829743,-6.365361]},"properties":{"layer_id":"ekosistem","jenis":"poi","nama":"Java Aroma Perpustakaan Universitas Indoenesia","sumber":"OSM","atribut":{"kategori":"Kafe"}}},{"type":"Feature","geometry":{"type":"Point","coordinates":[106.768463,-6.318109]},"properties":{"layer_id":"ekosistem","jenis":"poi","nama":"KFC","sumber":"OSM","atribut":{"kategori":"Makanan cepat saji"}}},{"type":"Feature","geometry":{"type":"Point","coordinates":[106.771582,-6.394016]},"properties":{"layer_id":"ekosistem","jenis":"poi","nama":"Crunchy Fried Chicken Steak","sumber":"OSM","atribut":{"kategori":"Makanan cepat saji"}}},{"type":"Feature","geometry":{"type":"Point","coordinates":[106.793565,-6.306245]},"properties":{"layer_id":"ekosistem","jenis":"poi","nama":"Kebab Container Baba Rafi","sumber":"OSM","atribut":{"kategori":"Makanan cepat saji"}}},{"type":"Feature","geometry":{"type":"Point","coordinates":[106.812234,-6.286334]},"properties":{"layer_id":"ekosistem","jenis":"poi","nama":"Sabana","sumber":"OSM","atribut":{"kategori":"Makanan cepat saji"}}},{"type":"Feature","geometry":{"type":"Point","coordinates":[106.817903,-6.290326]},"properties":{"layer_id":"ekosistem","jenis":"poi","nama":"Cheese Cake","sumber":"OSM","atribut":{"kategori":"Restoran"}}},{"type":"Feature","geometry":{"type":"Point","coordinates":[106.81884,-6.286329]},"properties":{"layer_id":"ekosistem","jenis":"poi","nama":"JJ Ramyon","sumber":"OSM","atribut":{"kategori":"Restoran"}}},{"type":"Feature","geometry":{"type":"Point","coordinates":[106.818453,-6.28738]},"properties":{"layer_id":"ekosistem","jenis":"poi","nama":"Pondok Salero","sumber":"OSM","atribut":{"kategori":"Restoran"}}},{"type":"Feature","geometry":{"type":"Point","coordinates":[106.822752,-6.417715]},"properties":{"layer_id":"ekosistem","jenis":"poi","nama":"Cafe Durio","sumber":"OSM","atribut":{"kategori":"Kafe"}}},{"type":"Feature","geometry":{"type":"Point","coordinates":[106.827141,-6.417661]},"properties":{"layer_id":"ekosistem","jenis":"poi","nama":"Bakso Pak Parjo","sumber":"OSM","atribut":{"kategori":"Restoran"}}},{"type":"Feature","geometry":{"type":"Point","coordinates":[106.818491,-6.28508]},"properties":{"layer_id":"ekosistem","jenis":"poi","nama":"nancy's place cafe","sumber":"OSM","atribut":{"kategori":"Restoran"}}},{"type":"Feature","geometry":{"type":"Point","coordinates":[106.818914,-6.286167]},"properties":{"layer_id":"ekosistem","jenis":"poi","nama":"Chillowd (warung kopi)","sumber":"OSM","atribut":{"kategori":"Kafe"}}},{"type":"Feature","geometry":{"type":"Point","coordinates":[106.818898,-6.286464]},"properties":{"layer_id":"ekosistem","jenis":"poi","nama":"pecel lele mpok maya","sumber":"OSM","atribut":{"kategori":"Restoran"}}},{"type":"Feature","geometry":{"type":"Point","coordinates":[106.818637,-6.287411]},"properties":{"layer_id":"ekosistem","jenis":"poi","nama":"Mie Aceh Jali-Jali","sumber":"OSM","atribut":{"kategori":"Restoran"}}},{"type":"Feature","geometry":{"type":"Point","coordinates":[106.881369,-6.292021]},"properties":{"layer_id":"ekosistem","jenis":"poi","nama":"Karimata","sumber":"OSM","atribut":{"kategori":"Restoran"}}},{"type":"Feature","geometry":{"type":"Point","coordinates":[106.712467,-6.317139]},"properties":{"layer_id":"ekosistem","jenis":"poi","nama":"Cylo","sumber":"OSM","atribut":{"kategori":"Kafe"}}},{"type":"Feature","geometry":{"type":"Point","coordinates":[106.848525,-6.355397]},"properties":{"layer_id":"ekosistem","jenis":"poi","nama":"Waroeng steak and shake","sumber":"OSM","atribut":{"kategori":"Restoran"}}},{"type":"Feature","geometry":{"type":"Point","coordinates":[106.904495,-6.285763]},"properties":{"layer_id":"ekosistem","jenis":"poi","nama":"d'Jongkon Resto","sumber":"OSM","atribut":{"kategori":"Restoran"}}},{"type":"Feature","geometry":{"type":"Point","coordinates":[106.8343,-6.366559]},"properties":{"layer_id":"ekosistem","jenis":"poi","nama":"RM Padang Sederhana","sumber":"OSM","atribut":{"kategori":"Restoran"}}},{"type":"Feature","geometry":{"type":"Point","coordinates":[106.796083,-6.284306]},"properties":{"layer_id":"ekosistem","jenis":"poi","nama":"Bao Bao","sumber":"OSM","atribut":{"kategori":"Makanan cepat saji"}}},{"type":"Feature","geometry":{"type":"Point","coordinates":[106.919173,-6.329031]},"properties":{"layer_id":"ekosistem","jenis":"poi","nama":"Kantin Mabes Angkatan Udara","sumber":"OSM","atribut":{"kategori":"Restoran"}}},{"type":"Feature","geometry":{"type":"Point","coordinates":[106.840879,-6.296404]},"properties":{"layer_id":"ekosistem","jenis":"poi","nama":"Kupi Aceh 88","sumber":"OSM","atribut":{"kategori":"Kafe"}}},{"type":"Feature","geometry":{"type":"Point","coordinates":[106.861699,-6.4211]},"properties":{"layer_id":"ekosistem","jenis":"poi","nama":"Area Komersil","sumber":"OSM","atribut":{"kategori":"Restoran"}}},{"type":"Feature","geometry":{"type":"Point","coordinates":[106.793288,-6.295109]},"properties":{"layer_id":"ekosistem","jenis":"poi","nama":"Warkop Kabita","sumber":"OSM","atribut":{"kategori":"Kafe"}}},{"type":"Feature","geometry":{"type":"Point","coordinates":[106.77658,-6.556298]},"properties":{"layer_id":"ekosistem","jenis":"poi","nama":"Kentucky Fried Chicken/","sumber":"OSM","atribut":{"kategori":"Makanan cepat saji"}}},{"type":"Feature","geometry":{"type":"Point","coordinates":[106.918321,-6.372503]},"properties":{"layer_id":"ekosistem","jenis":"poi","nama":null,"sumber":"OSM","atribut":{"kategori":"Makanan cepat saji"}}},{"type":"Feature","geometry":{"type":"Point","coordinates":[106.819308,-6.396376]},"properties":{"layer_id":"ekosistem","jenis":"poi","nama":"Mie Ayam Bang Toto","sumber":"OSM","atribut":{"kategori":"Kafe"}}},{"type":"Feature","geometry":{"type":"Point","coordinates":[106.819106,-6.396762]},"properties":{"layer_id":"ekosistem","jenis":"poi","nama":"Warung Bakso Gio","sumber":"OSM","atribut":{"kategori":"Makanan cepat saji"}}},{"type":"Feature","geometry":{"type":"Point","coordinates":[106.821,-6.391716]},"properties":{"layer_id":"ekosistem","jenis":"poi","nama":"RM Teratai Jaya","sumber":"OSM","atribut":{"kategori":"Restoran"}}},{"type":"Feature","geometry":{"type":"Point","coordinates":[106.818349,-6.394906]},"properties":{"layer_id":"ekosistem","jenis":"poi","nama":"Mie Ayam Bakso Tito","sumber":"OSM","atribut":{"kategori":"Kafe"}}},{"type":"Feature","geometry":{"type":"Point","coordinates":[106.818355,-6.394846]},"properties":{"layer_id":"ekosistem","jenis":"poi","nama":"Ayam Bakar Mas Karso","sumber":"OSM","atribut":{"kategori":"Kafe"}}},{"type":"Feature","geometry":{"type":"Point","coordinates":[106.820423,-6.393522]},"properties":{"layer_id":"ekosistem","jenis":"poi","nama":"Warkop Gaul","sumber":"OSM","atribut":{"kategori":"Kafe"}}},{"type":"Feature","geometry":{"type":"Point","coordinates":[106.819222,-6.396559]},"properties":{"layer_id":"ekosistem","jenis":"poi","nama":"Warkop Gunung City","sumber":"OSM","atribut":{"kategori":"Kafe"}}},{"type":"Feature","geometry":{"type":"Point","coordinates":[106.819657,-6.395304]},"properties":{"layer_id":"ekosistem","jenis":"poi","nama":"Mie Aceh Serambi","sumber":"OSM","atribut":{"kategori":"Kafe"}}},{"type":"Feature","geometry":{"type":"Point","coordinates":[106.817551,-6.39884]},"properties":{"layer_id":"ekosistem","jenis":"poi","nama":"Bakso Rudal Mie Ayam Wonogiri","sumber":"OSM","atribut":{"kategori":"Kafe"}}},{"type":"Feature","geometry":{"type":"Point","coordinates":[106.814317,-6.39461]},"properties":{"layer_id":"ekosistem","jenis":"poi","nama":"Geray Cafe","sumber":"OSM","atribut":{"kategori":"Kafe"}}},{"type":"Feature","geometry":{"type":"Point","coordinates":[106.849572,-6.375378]},"properties":{"layer_id":"ekosistem","jenis":"poi","nama":"Bakso Kuah & Bakar Moro Seneng","sumber":"OSM","atribut":{"kategori":"Kafe"}}},{"type":"Feature","geometry":{"type":"Point","coordinates":[106.849412,-6.372375]},"properties":{"layer_id":"ekosistem","jenis":"poi","nama":"Warung Edi","sumber":"OSM","atribut":{"kategori":"Kafe"}}},{"type":"Feature","geometry":{"type":"Point","coordinates":[106.849418,-6.372487]},"properties":{"layer_id":"ekosistem","jenis":"poi","nama":"Warung Soesoe","sumber":"OSM","atribut":{"kategori":"Kafe"}}},{"type":"Feature","geometry":{"type":"Point","coordinates":[106.849416,-6.372419]},"properties":{"layer_id":"ekosistem","jenis":"poi","nama":"Nasi Goreng Jangkung","sumber":"OSM","atribut":{"kategori":"Restoran"}}},{"type":"Feature","geometry":{"type":"Point","coordinates":[106.849416,-6.372448]},"properties":{"layer_id":"ekosistem","jenis":"poi","nama":"Roti Bakar Jangkung","sumber":"OSM","atribut":{"kategori":"Kafe"}}},{"type":"Feature","geometry":{"type":"Point","coordinates":[106.849297,-6.37234]},"properties":{"layer_id":"ekosistem","jenis":"poi","nama":"Nasi Goreng Ojolali","sumber":"OSM","atribut":{"kategori":"Restoran"}}},{"type":"Feature","geometry":{"type":"Point","coordinates":[106.811182,-6.481647]},"properties":{"layer_id":"ekosistem","jenis":"poi","nama":"Waroeng Ijo Spesial Penyet","sumber":"OSM","atribut":{"kategori":"Restoran"}}},{"type":"Feature","geometry":{"type":"Point","coordinates":[106.828833,-6.363338]},"properties":{"layer_id":"ekosistem","jenis":"poi","nama":"Next Door","sumber":"OSM","atribut":{"kategori":"Kafe"}}},{"type":"Feature","geometry":{"type":"Point","coordinates":[106.853139,-6.542302]},"properties":{"layer_id":"ekosistem","jenis":"poi","nama":"Pakamien Fried Chicken","sumber":"OSM","atribut":{"kategori":"Makanan cepat saji"}}},{"type":"Feature","geometry":{"type":"Point","coordinates":[106.820779,-6.392601]},"properties":{"layer_id":"ekosistem","jenis":"poi","nama":"Bakso Gubuk Mas Jangkung","sumber":"OSM","atribut":{"kategori":"Kafe"}}},{"type":"Feature","geometry":{"type":"Point","coordinates":[106.816561,-6.360147]},"properties":{"layer_id":"ekosistem","jenis":"poi","nama":"Ice Only","sumber":"OSM","atribut":{"kategori":"Kafe"}}},{"type":"Feature","geometry":{"type":"Point","coordinates":[106.829814,-6.365312]},"properties":{"layer_id":"ekosistem","jenis":"poi","nama":"Green T Cafe","sumber":"OSM","atribut":{"kategori":"Kafe"}}},{"type":"Feature","geometry":{"type":"Point","coordinates":[106.77627,-6.353942]},"properties":{"layer_id":"ekosistem","jenis":"poi","nama":"Al Berkah Cafe","sumber":"OSM","atribut":{"kategori":"Kafe"}}},{"type":"Feature","geometry":{"type":"Point","coordinates":[106.782188,-6.362781]},"properties":{"layer_id":"ekosistem","jenis":"poi","nama":"Cakra Cafe & Resto","sumber":"OSM","atribut":{"kategori":"Kafe"}}},{"type":"Feature","geometry":{"type":"Point","coordinates":[106.8232,-6.547489]},"properties":{"layer_id":"ekosistem","jenis":"poi","nama":"PHD","sumber":"OSM","atribut":{"kategori":"Makanan cepat saji"}}},{"type":"Feature","geometry":{"type":"Point","coordinates":[106.832644,-6.285761]},"properties":{"layer_id":"ekosistem","jenis":"poi","nama":"Warkop","sumber":"OSM","atribut":{"kategori":"Makanan cepat saji"}}},{"type":"Feature","geometry":{"type":"Point","coordinates":[106.795186,-6.289434]},"properties":{"layer_id":"ekosistem","jenis":"poi","nama":"Pempek Pak Raden","sumber":"OSM","atribut":{"kategori":"Kafe"}}},{"type":"Feature","geometry":{"type":"Point","coordinates":[106.834195,-6.366739]},"properties":{"layer_id":"ekosistem","jenis":"poi","nama":"Bakso Boedjangan","sumber":"OSM","atribut":{"kategori":"Restoran"}}},{"type":"Feature","geometry":{"type":"Point","coordinates":[106.754779,-6.307057]},"properties":{"layer_id":"ekosistem","jenis":"poi","nama":"Mie Dahsyat Peudes Ciputat","sumber":"OSM","atribut":{"kategori":"Restoran"}}},{"type":"Feature","geometry":{"type":"Point","coordinates":[106.800604,-6.291635]},"properties":{"layer_id":"ekosistem","jenis":"poi","nama":"The Duck King","sumber":"OSM","atribut":{"kategori":"Restoran"}}},{"type":"Feature","geometry":{"type":"Point","coordinates":[106.818744,-6.406542]},"properties":{"layer_id":"ekosistem","jenis":"poi","nama":"PizzaHut Delivery","sumber":"OSM","atribut":{"kategori":"Makanan cepat saji"}}},{"type":"Feature","geometry":{"type":"Point","coordinates":[106.819358,-6.404688]},"properties":{"layer_id":"ekosistem","jenis":"poi","nama":"Foodcourt Kartini","sumber":"OSM","atribut":{"kategori":"Makanan cepat saji"}}},{"type":"Feature","geometry":{"type":"Point","coordinates":[106.795716,-6.287179]},"properties":{"layer_id":"ekosistem","jenis":"poi","nama":"Dunkin'","sumber":"OSM","atribut":{"kategori":"Makanan cepat saji"}}},{"type":"Feature","geometry":{"type":"Point","coordinates":[106.79638,-6.281894]},"properties":{"layer_id":"ekosistem","jenis":"poi","nama":"Rempah Wangi","sumber":"OSM","atribut":{"kategori":"Restoran"}}},{"type":"Feature","geometry":{"type":"Point","coordinates":[106.795632,-6.289259]},"properties":{"layer_id":"ekosistem","jenis":"poi","nama":"Domino's","sumber":"OSM","atribut":{"kategori":"Makanan cepat saji"}}},{"type":"Feature","geometry":{"type":"Point","coordinates":[106.796108,-6.280964]},"properties":{"layer_id":"ekosistem","jenis":"poi","nama":"Little Osaka Food Town","sumber":"OSM","atribut":{"kategori":"Restoran"}}},{"type":"Feature","geometry":{"type":"Point","coordinates":[106.832625,-6.33964]},"properties":{"layer_id":"ekosistem","jenis":"poi","nama":"Food Court","sumber":"OSM","atribut":{"kategori":"Makanan cepat saji"}}},{"type":"Feature","geometry":{"type":"Point","coordinates":[106.83312,-6.338571]},"properties":{"layer_id":"ekosistem","jenis":"poi","nama":"Food Court","sumber":"OSM","atribut":{"kategori":"Makanan cepat saji"}}},{"type":"Feature","geometry":{"type":"Point","coordinates":[106.793751,-6.30584]},"properties":{"layer_id":"ekosistem","jenis":"poi","nama":"Bakso Mantap","sumber":"OSM","atribut":{"kategori":"Kafe"}}},{"type":"Feature","geometry":{"type":"Point","coordinates":[106.78059,-6.284507]},"properties":{"layer_id":"ekosistem","jenis":"poi","nama":"Pizza Domino","sumber":"OSM","atribut":{"kategori":"Makanan cepat saji"}}},{"type":"Feature","geometry":{"type":"Point","coordinates":[106.817907,-6.482312]},"properties":{"layer_id":"ekosistem","jenis":"poi","nama":"Richeese Factory","sumber":"OSM","atribut":{"kategori":"Makanan cepat saji"}}},{"type":"Feature","geometry":{"type":"Point","coordinates":[106.835144,-6.487513]},"properties":{"layer_id":"ekosistem","jenis":"poi","nama":"RUMAH MAKAN BUMI AKI","sumber":"OSM","atribut":{"kategori":"Restoran"}}},{"type":"Feature","geometry":{"type":"Point","coordinates":[106.749102,-6.331817]},"properties":{"layer_id":"ekosistem","jenis":"poi","nama":"Broaster Chicken","sumber":"OSM","atribut":{"kategori":"Restoran"}}},{"type":"Feature","geometry":{"type":"Point","coordinates":[106.749219,-6.331633]},"properties":{"layer_id":"ekosistem","jenis":"poi","nama":"Bakso Atom","sumber":"OSM","atribut":{"kategori":"Restoran"}}},{"type":"Feature","geometry":{"type":"Point","coordinates":[106.74668,-6.326716]},"properties":{"layer_id":"ekosistem","jenis":"poi","nama":"Cafe Ruang Tengah","sumber":"OSM","atribut":{"kategori":"Kafe"}}},{"type":"Feature","geometry":{"type":"Point","coordinates":[106.895476,-6.318444]},"properties":{"layer_id":"ekosistem","jenis":"poi","nama":"koVi","sumber":"OSM","atribut":{"kategori":"Kafe"}}},{"type":"Feature","geometry":{"type":"Point","coordinates":[106.885245,-6.30304]},"properties":{"layer_id":"ekosistem","jenis":"poi","nama":"Rice Bowl","sumber":"OSM","atribut":{"kategori":"Restoran"}}},{"type":"Feature","geometry":{"type":"Point","coordinates":[106.886737,-6.304031]},"properties":{"layer_id":"ekosistem","jenis":"poi","nama":"Starbucks","sumber":"OSM","atribut":{"kategori":"Kafe"}}},{"type":"Feature","geometry":{"type":"Point","coordinates":[106.881118,-6.290682]},"properties":{"layer_id":"ekosistem","jenis":"poi","nama":"Bread Talk","sumber":"OSM","atribut":{"kategori":"Restoran"}}},{"type":"Feature","geometry":{"type":"Point","coordinates":[106.880917,-6.289854]},"properties":{"layer_id":"ekosistem","jenis":"poi","nama":"Bubur Ayam","sumber":"OSM","atribut":{"kategori":"Restoran"}}},{"type":"Feature","geometry":{"type":"Point","coordinates":[106.88506,-6.302904]},"properties":{"layer_id":"ekosistem","jenis":"poi","nama":"Pizza Hut","sumber":"OSM","atribut":{"kategori":"Restoran"}}},{"type":"Feature","geometry":{"type":"Point","coordinates":[106.885156,-6.302974]},"properties":{"layer_id":"ekosistem","jenis":"poi","nama":"Solaria","sumber":"OSM","atribut":{"kategori":"Restoran"}}},{"type":"Feature","geometry":{"type":"Point","coordinates":[106.885286,-6.303072]},"properties":{"layer_id":"ekosistem","jenis":"poi","nama":"Cuppa Coffee","sumber":"OSM","atribut":{"kategori":"Kafe"}}},{"type":"Feature","geometry":{"type":"Point","coordinates":[106.881152,-6.290876]},"properties":{"layer_id":"ekosistem","jenis":"poi","nama":"J Co.","sumber":"OSM","atribut":{"kategori":"Kafe"}}},{"type":"Feature","geometry":{"type":"Point","coordinates":[106.801672,-6.289901]},"properties":{"layer_id":"ekosistem","jenis":"poi","nama":"Three Folks","sumber":"OSM","atribut":{"kategori":"Kafe"}}},{"type":"Feature","geometry":{"type":"Point","coordinates":[106.813019,-6.478132]},"properties":{"layer_id":"ekosistem","jenis":"poi","nama":"Bakmi Restorja","sumber":"OSM","atribut":{"kategori":"Restoran"}}},{"type":"Feature","geometry":{"type":"Point","coordinates":[106.800877,-6.482079]},"properties":{"layer_id":"ekosistem","jenis":"poi","nama":"d'Besto Chicken & Burger","sumber":"OSM","atribut":{"kategori":"Makanan cepat saji"}}},{"type":"Feature","geometry":{"type":"Point","coordinates":[106.80081,-6.482124]},"properties":{"layer_id":"ekosistem","jenis":"poi","nama":"RM Rizky","sumber":"OSM","atribut":{"kategori":"Restoran"}}},{"type":"Feature","geometry":{"type":"Point","coordinates":[106.744403,-6.376341]},"properties":{"layer_id":"ekosistem","jenis":"poi","nama":"The Park Sawangan","sumber":"OSM","atribut":{"kategori":"Mal"}}},{"type":"Feature","geometry":{"type":"Point","coordinates":[106.799988,-6.291601]},"properties":{"layer_id":"ekosistem","jenis":"poi","nama":"AW","sumber":"OSM","atribut":{"kategori":"Makanan cepat saji"}}},{"type":"Feature","geometry":{"type":"Point","coordinates":[106.800369,-6.291542]},"properties":{"layer_id":"ekosistem","jenis":"poi","nama":"Social Affair","sumber":"OSM","atribut":{"kategori":"Restoran"}}},{"type":"Feature","geometry":{"type":"Point","coordinates":[106.800447,-6.291666]},"properties":{"layer_id":"ekosistem","jenis":"poi","nama":"Genki Sushi","sumber":"OSM","atribut":{"kategori":"Restoran"}}},{"type":"Feature","geometry":{"type":"Point","coordinates":[106.800712,-6.291519]},"properties":{"layer_id":"ekosistem","jenis":"poi","nama":"Holy Cow!","sumber":"OSM","atribut":{"kategori":"Restoran"}}},{"type":"Feature","geometry":{"type":"Point","coordinates":[106.735115,-6.551654]},"properties":{"layer_id":"ekosistem","jenis":"poi","nama":null,"sumber":"OSM","atribut":{"kategori":"Kafe"}}},{"type":"Feature","geometry":{"type":"Point","coordinates":[106.734588,-6.551652]},"properties":{"layer_id":"ekosistem","jenis":"poi","nama":null,"sumber":"OSM","atribut":{"kategori":"Kafe"}}},{"type":"Feature","geometry":{"type":"Point","coordinates":[106.800356,-6.291736]},"properties":{"layer_id":"ekosistem","jenis":"poi","nama":"Shisha Cafe Citos","sumber":"OSM","atribut":{"kategori":"Kafe"}}},{"type":"Feature","geometry":{"type":"Point","coordinates":[106.727032,-6.290323]},"properties":{"layer_id":"ekosistem","jenis":"poi","nama":"Rummah Go'a","sumber":"OSM","atribut":{"kategori":"Kafe"}}},{"type":"Feature","geometry":{"type":"Point","coordinates":[106.714569,-6.294909]},"properties":{"layer_id":"ekosistem","jenis":"poi","nama":"Simpang Raya","sumber":"OSM","atribut":{"kategori":"Restoran"}}},{"type":"Feature","geometry":{"type":"Point","coordinates":[106.906395,-6.37607]},"properties":{"layer_id":"ekosistem","jenis":"poi","nama":null,"sumber":"OSM","atribut":{"kategori":"Restoran"}}},{"type":"Feature","geometry":{"type":"Point","coordinates":[106.775466,-6.556647]},"properties":{"layer_id":"ekosistem","jenis":"poi","nama":"Transmart Yasmin - Pintu Masuk","sumber":"OSM","atribut":{"kategori":"Mal"}}},{"type":"Feature","geometry":{"type":"Point","coordinates":[106.776408,-6.556482]},"properties":{"layer_id":"ekosistem","jenis":"poi","nama":"Transmart Yasmin - Pintu Keluar","sumber":"OSM","atribut":{"kategori":"Mal"}}},{"type":"Feature","geometry":{"type":"Point","coordinates":[106.723334,-6.294597]},"properties":{"layer_id":"ekosistem","jenis":"poi","nama":"Jesse & Chaz Cafe","sumber":"OSM","atribut":{"kategori":"Kafe"}}},{"type":"Feature","geometry":{"type":"Point","coordinates":[106.833693,-6.512587]},"properties":{"layer_id":"ekosistem","jenis":"poi","nama":"Tiga Dara","sumber":"OSM","atribut":{"kategori":"Makanan cepat saji"}}},{"type":"Feature","geometry":{"type":"Point","coordinates":[106.738929,-6.418661]},"properties":{"layer_id":"ekosistem","jenis":"poi","nama":"Masakan Padang Mama Rani","sumber":"OSM","atribut":{"kategori":"Restoran"}}},{"type":"Feature","geometry":{"type":"Point","coordinates":[106.831233,-6.286304]},"properties":{"layer_id":"ekosistem","jenis":"poi","nama":"McDonald's","sumber":"OSM","atribut":{"kategori":"Makanan cepat saji"}}},{"type":"Feature","geometry":{"type":"Point","coordinates":[106.815164,-6.298738]},"properties":{"layer_id":"ekosistem","jenis":"poi","nama":"Burger King","sumber":"OSM","atribut":{"kategori":"Makanan cepat saji"}}},{"type":"Feature","geometry":{"type":"Point","coordinates":[106.737805,-6.341445]},"properties":{"layer_id":"ekosistem","jenis":"poi","nama":"Kopi Darat Pamulang","sumber":"OSM","atribut":{"kategori":"Kafe"}}},{"type":"Feature","geometry":{"type":"Point","coordinates":[106.769304,-6.284169]},"properties":{"layer_id":"ekosistem","jenis":"poi","nama":"Meraki","sumber":"OSM","atribut":{"kategori":"Kafe"}}},{"type":"Feature","geometry":{"type":"Point","coordinates":[106.825471,-6.425061]},"properties":{"layer_id":"ekosistem","jenis":"poi","nama":"Rey's Cafe","sumber":"OSM","atribut":{"kategori":"Kafe"}}},{"type":"Feature","geometry":{"type":"Point","coordinates":[106.813856,-6.41913]},"properties":{"layer_id":"ekosistem","jenis":"poi","nama":"Wajan Sewu Bu Ris","sumber":"OSM","atribut":{"kategori":"Restoran"}}},{"type":"Feature","geometry":{"type":"Point","coordinates":[106.8338,-6.344525]},"properties":{"layer_id":"ekosistem","jenis":"poi","nama":"SIXTY NINE BISTRO & LOUNGE","sumber":"OSM","atribut":{"kategori":"Restoran"}}},{"type":"Feature","geometry":{"type":"Point","coordinates":[106.833945,-6.344587]},"properties":{"layer_id":"ekosistem","jenis":"poi","nama":"Chatime","sumber":"OSM","atribut":{"kategori":"Kafe"}}},{"type":"Feature","geometry":{"type":"Point","coordinates":[106.788581,-6.28431]},"properties":{"layer_id":"ekosistem","jenis":"poi","nama":"Lovester Shack","sumber":"OSM","atribut":{"kategori":"Restoran"}}},{"type":"Feature","geometry":{"type":"Point","coordinates":[106.810453,-6.48153]},"properties":{"layer_id":"ekosistem","jenis":"poi","nama":"Nasi Goreng 99 Bojong Baru","sumber":"OSM","atribut":{"kategori":"Restoran"}}},{"type":"Feature","geometry":{"type":"Point","coordinates":[106.733518,-6.551679]},"properties":{"layer_id":"ekosistem","jenis":"poi","nama":"Serba Sembal","sumber":"OSM","atribut":{"kategori":"Restoran"}}},{"type":"Feature","geometry":{"type":"Point","coordinates":[106.73369,-6.551977]},"properties":{"layer_id":"ekosistem","jenis":"poi","nama":"Kopi Baru","sumber":"OSM","atribut":{"kategori":"Kafe"}}},{"type":"Feature","geometry":{"type":"Point","coordinates":[106.725037,-6.55968]},"properties":{"layer_id":"ekosistem","jenis":"poi","nama":"Botani Kopi Nusantara","sumber":"OSM","atribut":{"kategori":"Kafe"}}},{"type":"Feature","geometry":{"type":"Point","coordinates":[106.732346,-6.551585]},"properties":{"layer_id":"ekosistem","jenis":"poi","nama":"Rumah Kopi Ranin","sumber":"OSM","atribut":{"kategori":"Kafe"}}},{"type":"Feature","geometry":{"type":"Point","coordinates":[106.736558,-6.5512]},"properties":{"layer_id":"ekosistem","jenis":"poi","nama":"D'Sawah","sumber":"OSM","atribut":{"kategori":"Restoran"}}},{"type":"Feature","geometry":{"type":"Point","coordinates":[106.795734,-6.495857]},"properties":{"layer_id":"ekosistem","jenis":"poi","nama":"Bakmi Setia Bojong Gede","sumber":"OSM","atribut":{"kategori":"Restoran"}}},{"type":"Feature","geometry":{"type":"Point","coordinates":[106.794812,-6.494338]},"properties":{"layer_id":"ekosistem","jenis":"poi","nama":"Warung Sate Stasiun Bojong Gede","sumber":"OSM","atribut":{"kategori":"Restoran"}}},{"type":"Feature","geometry":{"type":"Point","coordinates":[106.800502,-6.52986]},"properties":{"layer_id":"ekosistem","jenis":"poi","nama":"Warung Corndog - Cilebut Timur","sumber":"OSM","atribut":{"kategori":"Restoran"}}},{"type":"Feature","geometry":{"type":"Point","coordinates":[106.873527,-6.485506]},"properties":{"layer_id":"ekosistem","jenis":"poi","nama":"Restaurant Rasa Sayang","sumber":"OSM","atribut":{"kategori":"Restoran"}}},{"type":"Feature","geometry":{"type":"Point","coordinates":[106.735231,-6.368927]},"properties":{"layer_id":"ekosistem","jenis":"poi","nama":"Madame Dimsum - Serua","sumber":"OSM","atribut":{"kategori":"Restoran"}}},{"type":"Feature","geometry":{"type":"Point","coordinates":[106.823282,-6.393728]},"properties":{"layer_id":"ekosistem","jenis":"poi","nama":"Pochajjang ITC Depok Margonda","sumber":"OSM","atribut":{"kategori":"Restoran"}}},{"type":"Feature","geometry":{"type":"Point","coordinates":[106.82053,-6.396963]},"properties":{"layer_id":"ekosistem","jenis":"poi","nama":"Kopi Nako - Depok","sumber":"OSM","atribut":{"kategori":"Kafe"}}},{"type":"Feature","geometry":{"type":"Point","coordinates":[106.843963,-6.380648]},"properties":{"layer_id":"ekosistem","jenis":"poi","nama":"GrabBike Shelter Mall Pesona Square Depok","sumber":"OSM","atribut":{"kategori":"Mal"}}},{"type":"Feature","geometry":{"type":"Point","coordinates":[106.833692,-6.361759]},"properties":{"layer_id":"ekosistem","jenis":"poi","nama":"Kopi Kotak Margonda Depok - Pondok Cina","sumber":"OSM","atribut":{"kategori":"Kafe"}}},{"type":"Feature","geometry":{"type":"Point","coordinates":[106.836724,-6.354218]},"properties":{"layer_id":"ekosistem","jenis":"poi","nama":"Oi Coffee Eatery - Tugu","sumber":"OSM","atribut":{"kategori":"Kafe"}}},{"type":"Feature","geometry":{"type":"Point","coordinates":[106.834829,-6.371252]},"properties":{"layer_id":"ekosistem","jenis":"poi","nama":"Burger King","sumber":"OSM","atribut":{"kategori":"Makanan cepat saji"}}},{"type":"Feature","geometry":{"type":"Point","coordinates":[106.713263,-6.297635]},"properties":{"layer_id":"ekosistem","jenis":"poi","nama":"Teguk - Sudimara","sumber":"OSM","atribut":{"kategori":"Kafe"}}},{"type":"Feature","geometry":{"type":"Point","coordinates":[106.773603,-6.288968]},"properties":{"layer_id":"ekosistem","jenis":"poi","nama":"Kafe Pedjuang!","sumber":"OSM","atribut":{"kategori":"Kafe"}}},{"type":"Feature","geometry":{"type":"Point","coordinates":[106.783586,-6.292501]},"properties":{"layer_id":"ekosistem","jenis":"poi","nama":"Starbucks","sumber":"OSM","atribut":{"kategori":"Kafe"}}},{"type":"Feature","geometry":{"type":"Point","coordinates":[106.788257,-6.486104]},"properties":{"layer_id":"ekosistem","jenis":"poi","nama":"Pelangi cafe shop","sumber":"OSM","atribut":{"kategori":"Kafe"}}},{"type":"Feature","geometry":{"type":"Point","coordinates":[106.861899,-6.311859]},"properties":{"layer_id":"ekosistem","jenis":"poi","nama":"McDonald's","sumber":"OSM","atribut":{"kategori":"Makanan cepat saji"}}},{"type":"Feature","geometry":{"type":"Point","coordinates":[106.855279,-6.280486]},"properties":{"layer_id":"ekosistem","jenis":"poi","nama":"Bakso Son Haji Sony","sumber":"OSM","atribut":{"kategori":"Restoran"}}},{"type":"Feature","geometry":{"type":"Point","coordinates":[106.7431,-6.310469]},"properties":{"layer_id":"ekosistem","jenis":"poi","nama":"Nasi Goreng Padang Birugo","sumber":"OSM","atribut":{"kategori":"Restoran"}}},{"type":"Feature","geometry":{"type":"Point","coordinates":[106.775342,-6.289421]},"properties":{"layer_id":"ekosistem","jenis":"poi","nama":"Shihlin - MRT Lebak Bulus","sumber":"OSM","atribut":{"kategori":"Restoran"}}},{"type":"Feature","geometry":{"type":"Point","coordinates":[106.731447,-6.349938]},"properties":{"layer_id":"ekosistem","jenis":"poi","nama":"Dapur Ihsan","sumber":"OSM","atribut":{"kategori":"Restoran"}}},{"type":"Feature","geometry":{"type":"Point","coordinates":[106.886809,-6.304177]},"properties":{"layer_id":"ekosistem","jenis":"poi","nama":"Burger King","sumber":"OSM","atribut":{"kategori":"Makanan cepat saji"}}},{"type":"Feature","geometry":{"type":"Point","coordinates":[106.886893,-6.304256]},"properties":{"layer_id":"ekosistem","jenis":"poi","nama":"Chatime","sumber":"OSM","atribut":{"kategori":"Kafe"}}},{"type":"Feature","geometry":{"type":"Point","coordinates":[106.767024,-6.494629]},"properties":{"layer_id":"ekosistem","jenis":"poi","nama":null,"sumber":"OSM","atribut":{"kategori":"Restoran"}}},{"type":"Feature","geometry":{"type":"Point","coordinates":[106.761057,-6.302657]},"properties":{"layer_id":"ekosistem","jenis":"poi","nama":"Dunkin'","sumber":"OSM","atribut":{"kategori":"Makanan cepat saji"}}},{"type":"Feature","geometry":{"type":"Point","coordinates":[106.800192,-6.291591]},"properties":{"layer_id":"ekosistem","jenis":"poi","nama":"Kafe Betawi","sumber":"OSM","atribut":{"kategori":"Restoran"}}},{"type":"Feature","geometry":{"type":"Point","coordinates":[106.836929,-6.519405]},"properties":{"layer_id":"ekosistem","jenis":"poi","nama":"Sederhana","sumber":"OSM","atribut":{"kategori":"Restoran"}}},{"type":"Feature","geometry":{"type":"Point","coordinates":[106.881221,-6.357581]},"properties":{"layer_id":"ekosistem","jenis":"poi","nama":"Startup UFO Burger Cibubur","sumber":"OSM","atribut":{"kategori":"Restoran"}}},{"type":"Feature","geometry":{"type":"Point","coordinates":[106.863285,-6.286181]},"properties":{"layer_id":"ekosistem","jenis":"poi","nama":"Shawarma Altayib","sumber":"OSM","atribut":{"kategori":"Restoran"}}},{"type":"Feature","geometry":{"type":"Point","coordinates":[106.829488,-6.382513]},"properties":{"layer_id":"ekosistem","jenis":"poi","nama":"McDonald's","sumber":"OSM","atribut":{"kategori":"Makanan cepat saji"}}},{"type":"Feature","geometry":{"type":"Point","coordinates":[106.778745,-6.291244]},"properties":{"layer_id":"ekosistem","jenis":"poi","nama":"RM Padang Mandiri","sumber":"OSM","atribut":{"kategori":"Restoran"}}},{"type":"Feature","geometry":{"type":"Point","coordinates":[106.797571,-6.397826]},"properties":{"layer_id":"ekosistem","jenis":"poi","nama":"Warung Nasi Rizky","sumber":"OSM","atribut":{"kategori":"Restoran"}}},{"type":"Feature","geometry":{"type":"Point","coordinates":[106.792115,-6.433255]},"properties":{"layer_id":"ekosistem","jenis":"poi","nama":"Warkop TIO","sumber":"OSM","atribut":{"kategori":"Kafe"}}},{"type":"Feature","geometry":{"type":"Point","coordinates":[106.797378,-6.402614]},"properties":{"layer_id":"ekosistem","jenis":"poi","nama":"Warung Makan Madam","sumber":"OSM","atribut":{"kategori":"Kafe"}}},{"type":"Feature","geometry":{"type":"Point","coordinates":[106.791873,-6.442255]},"properties":{"layer_id":"ekosistem","jenis":"poi","nama":"Gado-gado Portal Mbak Sri","sumber":"OSM","atribut":{"kategori":"Restoran"}}},{"type":"Feature","geometry":{"type":"Point","coordinates":[106.797978,-6.441554]},"properties":{"layer_id":"ekosistem","jenis":"poi","nama":"RM Padang MAIMBAU","sumber":"OSM","atribut":{"kategori":"Restoran"}}},{"type":"Feature","geometry":{"type":"Point","coordinates":[106.79139,-6.440839]},"properties":{"layer_id":"ekosistem","jenis":"poi","nama":"WARKOP Seblak","sumber":"OSM","atribut":{"kategori":"Kafe"}}},{"type":"Feature","geometry":{"type":"Point","coordinates":[106.80315,-6.471887]},"properties":{"layer_id":"ekosistem","jenis":"poi","nama":"Toko Berkah Abadi Makmur Sentosa","sumber":"OSM","atribut":{"kategori":"Kafe"}}},{"type":"Feature","geometry":{"type":"Point","coordinates":[106.770248,-6.378043]},"properties":{"layer_id":"ekosistem","jenis":"poi","nama":"Kedai Kopi Limo","sumber":"OSM","atribut":{"kategori":"Kafe"}}},{"type":"Feature","geometry":{"type":"Point","coordinates":[106.802813,-6.463401]},"properties":{"layer_id":"ekosistem","jenis":"poi","nama":"Warkop Berkah","sumber":"OSM","atribut":{"kategori":"Kafe"}}},{"type":"Feature","geometry":{"type":"Point","coordinates":[106.800709,-6.410204]},"properties":{"layer_id":"ekosistem","jenis":"poi","nama":"Warkop TAJA","sumber":"OSM","atribut":{"kategori":"Kafe"}}},{"type":"Feature","geometry":{"type":"Point","coordinates":[106.799205,-6.448236]},"properties":{"layer_id":"ekosistem","jenis":"poi","nama":"Warmindo Reza","sumber":"OSM","atribut":{"kategori":"Restoran"}}},{"type":"Feature","geometry":{"type":"Point","coordinates":[106.791659,-6.299736]},"properties":{"layer_id":"ekosistem","jenis":"poi","nama":"Dapoer One Home Stay","sumber":"OSM","atribut":{"kategori":"Kafe"}}},{"type":"Feature","geometry":{"type":"Point","coordinates":[106.798051,-6.414276]},"properties":{"layer_id":"ekosistem","jenis":"poi","nama":"Angkringan","sumber":"OSM","atribut":{"kategori":"Kafe"}}},{"type":"Feature","geometry":{"type":"Point","coordinates":[106.738296,-6.339847]},"properties":{"layer_id":"ekosistem","jenis":"poi","nama":"McDonald's","sumber":"OSM","atribut":{"kategori":"Makanan cepat saji"}}},{"type":"Feature","geometry":{"type":"Point","coordinates":[106.770332,-6.376877]},"properties":{"layer_id":"ekosistem","jenis":"poi","nama":"Warkop Barokah","sumber":"OSM","atribut":{"kategori":"Kafe"}}},{"type":"Feature","geometry":{"type":"Point","coordinates":[106.785888,-6.403456]},"properties":{"layer_id":"ekosistem","jenis":"poi","nama":"Warkop Malik","sumber":"OSM","atribut":{"kategori":"Kafe"}}},{"type":"Feature","geometry":{"type":"Point","coordinates":[106.713088,-6.353349]},"properties":{"layer_id":"ekosistem","jenis":"poi","nama":"Meating Steak House","sumber":"OSM","atribut":{"kategori":"Restoran"}}},{"type":"Feature","geometry":{"type":"Point","coordinates":[106.776843,-6.373983]},"properties":{"layer_id":"ekosistem","jenis":"poi","nama":"raquella kitchen","sumber":"OSM","atribut":{"kategori":"Restoran"}}},{"type":"Feature","geometry":{"type":"Point","coordinates":[106.771714,-6.363257]},"properties":{"layer_id":"ekosistem","jenis":"poi","nama":"Raquella Kitchen 2","sumber":"OSM","atribut":{"kategori":"Restoran"}}},{"type":"Feature","geometry":{"type":"Point","coordinates":[106.835299,-6.368436]},"properties":{"layer_id":"ekosistem","jenis":"poi","nama":"Roomy Kitchen","sumber":"OSM","atribut":{"kategori":"Kafe"}}},{"type":"Feature","geometry":{"type":"Point","coordinates":[106.835895,-6.360659]},"properties":{"layer_id":"ekosistem","jenis":"poi","nama":"Warung Kemuning","sumber":"OSM","atribut":{"kategori":"Restoran"}}},{"type":"Feature","geometry":{"type":"Point","coordinates":[106.834949,-6.36085]},"properties":{"layer_id":"ekosistem","jenis":"poi","nama":"Kantin Kirani","sumber":"OSM","atribut":{"kategori":"Restoran"}}},{"type":"Feature","geometry":{"type":"Point","coordinates":[106.834897,-6.360857]},"properties":{"layer_id":"ekosistem","jenis":"poi","nama":"Warung Kuy","sumber":"OSM","atribut":{"kategori":"Restoran"}}},{"type":"Feature","geometry":{"type":"Point","coordinates":[106.836652,-6.360389]},"properties":{"layer_id":"ekosistem","jenis":"poi","nama":"Djamal Caffe","sumber":"OSM","atribut":{"kategori":"Restoran"}}},{"type":"Feature","geometry":{"type":"Point","coordinates":[106.836458,-6.360281]},"properties":{"layer_id":"ekosistem","jenis":"poi","nama":"Warkop Jois Barokah","sumber":"OSM","atribut":{"kategori":"Restoran"}}},{"type":"Feature","geometry":{"type":"Point","coordinates":[106.797154,-6.439024]},"properties":{"layer_id":"ekosistem","jenis":"poi","nama":"Warkop Nero","sumber":"OSM","atribut":{"kategori":"Kafe"}}},{"type":"Feature","geometry":{"type":"Point","coordinates":[106.704075,-6.343555]},"properties":{"layer_id":"ekosistem","jenis":"poi","nama":"Warung Nasi Tumpang Pecel Kertosono Jawa Timur","sumber":"OSM","atribut":{"kategori":"Restoran"}}},{"type":"Feature","geometry":{"type":"Point","coordinates":[106.706636,-6.346893]},"properties":{"layer_id":"ekosistem","jenis":"poi","nama":"Mie Gacoan","sumber":"OSM","atribut":{"kategori":"Restoran"}}},{"type":"Feature","geometry":{"type":"Point","coordinates":[106.700988,-6.337691]},"properties":{"layer_id":"ekosistem","jenis":"poi","nama":"Ayam Penyet Mang'Kal","sumber":"OSM","atribut":{"kategori":"Restoran"}}},{"type":"Feature","geometry":{"type":"Point","coordinates":[106.702274,-6.34279]},"properties":{"layer_id":"ekosistem","jenis":"poi","nama":"Gado Gado Soto Betawi","sumber":"OSM","atribut":{"kategori":"Restoran"}}},{"type":"Feature","geometry":{"type":"Point","coordinates":[106.704214,-6.344211]},"properties":{"layer_id":"ekosistem","jenis":"poi","nama":"Tanakawan Angkringan","sumber":"OSM","atribut":{"kategori":"Restoran"}}},{"type":"Feature","geometry":{"type":"Point","coordinates":[106.799125,-6.452387]},"properties":{"layer_id":"ekosistem","jenis":"poi","nama":"Rumah Makan Ibu Titin","sumber":"OSM","atribut":{"kategori":"Restoran"}}},{"type":"Feature","geometry":{"type":"Point","coordinates":[106.796311,-6.426678]},"properties":{"layer_id":"ekosistem","jenis":"poi","nama":"Warkop BERKAH \"76\"","sumber":"OSM","atribut":{"kategori":"Kafe"}}},{"type":"Feature","geometry":{"type":"Point","coordinates":[106.881111,-6.290729]},"properties":{"layer_id":"ekosistem","jenis":"poi","nama":"McDonald's","sumber":"OSM","atribut":{"kategori":"Makanan cepat saji"}}},{"type":"Feature","geometry":{"type":"Point","coordinates":[106.799129,-6.451638]},"properties":{"layer_id":"ekosistem","jenis":"poi","nama":"Warung Kopi Gondrong","sumber":"OSM","atribut":{"kategori":"Kafe"}}},{"type":"Feature","geometry":{"type":"Point","coordinates":[106.753278,-6.496238]},"properties":{"layer_id":"ekosistem","jenis":"poi","nama":"Warkopmindo BANGJAY","sumber":"OSM","atribut":{"kategori":"Kafe"}}},{"type":"Feature","geometry":{"type":"Point","coordinates":[106.734251,-6.314167]},"properties":{"layer_id":"ekosistem","jenis":"poi","nama":"INDORAMA","sumber":"OSM","atribut":{"kategori":"Kafe"}}},{"type":"Feature","geometry":{"type":"Point","coordinates":[106.729067,-6.312881]},"properties":{"layer_id":"ekosistem","jenis":"poi","nama":"Warteg Kharisma","sumber":"OSM","atribut":{"kategori":"Restoran"}}},{"type":"Feature","geometry":{"type":"Point","coordinates":[106.808407,-6.435402]},"properties":{"layer_id":"ekosistem","jenis":"poi","nama":"Warkop Gira","sumber":"OSM","atribut":{"kategori":"Kafe"}}},{"type":"Feature","geometry":{"type":"Point","coordinates":[106.796993,-6.4378]},"properties":{"layer_id":"ekosistem","jenis":"poi","nama":"Warkop Neng Sari","sumber":"OSM","atribut":{"kategori":"Kafe"}}},{"type":"Feature","geometry":{"type":"Point","coordinates":[106.809735,-6.398329]},"properties":{"layer_id":"ekosistem","jenis":"poi","nama":"Pecel Lele Pakde Bude","sumber":"OSM","atribut":{"kategori":"Restoran"}}},{"type":"Feature","geometry":{"type":"Point","coordinates":[106.785938,-6.450231]},"properties":{"layer_id":"ekosistem","jenis":"poi","nama":"Warung Teh Ida Dinata","sumber":"OSM","atribut":{"kategori":"Kafe"}}},{"type":"Feature","geometry":{"type":"Point","coordinates":[106.802298,-6.429297]},"properties":{"layer_id":"ekosistem","jenis":"poi","nama":"Warkop Gifary","sumber":"OSM","atribut":{"kategori":"Kafe"}}},{"type":"Feature","geometry":{"type":"Point","coordinates":[106.775934,-6.354488]},"properties":{"layer_id":"ekosistem","jenis":"poi","nama":"Warteg Mba Nur","sumber":"OSM","atribut":{"kategori":"Restoran"}}},{"type":"Feature","geometry":{"type":"Point","coordinates":[106.796138,-6.419992]},"properties":{"layer_id":"ekosistem","jenis":"poi","nama":"Warteg Dapur Ipah","sumber":"OSM","atribut":{"kategori":"Restoran"}}},{"type":"Feature","geometry":{"type":"Point","coordinates":[106.799081,-6.453304]},"properties":{"layer_id":"ekosistem","jenis":"poi","nama":"Warteg Berkah Jaya","sumber":"OSM","atribut":{"kategori":"Restoran"}}},{"type":"Feature","geometry":{"type":"Point","coordinates":[106.792131,-6.441443]},"properties":{"layer_id":"ekosistem","jenis":"poi","nama":"WARTEG Ganda Mulya","sumber":"OSM","atribut":{"kategori":"Restoran"}}},{"type":"Feature","geometry":{"type":"Point","coordinates":[106.773967,-6.534843]},"properties":{"layer_id":"ekosistem","jenis":"poi","nama":"Kopi d'Pule","sumber":"OSM","atribut":{"kategori":"Kafe"}}},{"type":"Feature","geometry":{"type":"Point","coordinates":[106.793096,-6.414245]},"properties":{"layer_id":"ekosistem","jenis":"poi","nama":"Warkop PANGHEGAR","sumber":"OSM","atribut":{"kategori":"Kafe"}}},{"type":"Feature","geometry":{"type":"Point","coordinates":[106.798253,-6.455386]},"properties":{"layer_id":"ekosistem","jenis":"poi","nama":"Warteg Kharisma Bahari","sumber":"OSM","atribut":{"kategori":"Restoran"}}},{"type":"Feature","geometry":{"type":"Point","coordinates":[106.802906,-6.448222]},"properties":{"layer_id":"ekosistem","jenis":"poi","nama":"W. Nasi Lembur Kuring","sumber":"OSM","atribut":{"kategori":"Restoran"}}},{"type":"Feature","geometry":{"type":"Point","coordinates":[106.739274,-6.535876]},"properties":{"layer_id":"ekosistem","jenis":"poi","nama":"DK PALACE","sumber":"OSM","atribut":{"kategori":"Kafe"}}},{"type":"Feature","geometry":{"type":"Point","coordinates":[106.733328,-6.343447]},"properties":{"layer_id":"ekosistem","jenis":"poi","nama":"Nasi Kapau Tanjung Baru Masakan Padang","sumber":"OSM","atribut":{"kategori":"Restoran"}}},{"type":"Feature","geometry":{"type":"Point","coordinates":[106.799887,-6.411321]},"properties":{"layer_id":"ekosistem","jenis":"poi","nama":"Cafe Steam","sumber":"OSM","atribut":{"kategori":"Kafe"}}},{"type":"Feature","geometry":{"type":"Point","coordinates":[106.855809,-6.482412]},"properties":{"layer_id":"ekosistem","jenis":"poi","nama":"Alya Qulinery","sumber":"OSM","atribut":{"kategori":"Restoran"}}},{"type":"Feature","geometry":{"type":"Point","coordinates":[106.814082,-6.413373]},"properties":{"layer_id":"ekosistem","jenis":"poi","nama":"Warung Dipo","sumber":"OSM","atribut":{"kategori":"Kafe"}}},{"type":"Feature","geometry":{"type":"Point","coordinates":[106.796885,-6.43733]},"properties":{"layer_id":"ekosistem","jenis":"poi","nama":"Warteg Aliya","sumber":"OSM","atribut":{"kategori":"Restoran"}}},{"type":"Feature","geometry":{"type":"Point","coordinates":[106.798139,-6.455983]},"properties":{"layer_id":"ekosistem","jenis":"poi","nama":"Warteg Nurkhalis","sumber":"OSM","atribut":{"kategori":"Restoran"}}},{"type":"Feature","geometry":{"type":"Point","coordinates":[106.715113,-6.316551]},"properties":{"layer_id":"ekosistem","jenis":"poi","nama":"Warkop D SAS","sumber":"OSM","atribut":{"kategori":"Kafe"}}},{"type":"Feature","geometry":{"type":"Point","coordinates":[106.72129,-6.31713]},"properties":{"layer_id":"ekosistem","jenis":"poi","nama":"Warung Kopi Bukit Serua","sumber":"OSM","atribut":{"kategori":"Kafe"}}},{"type":"Feature","geometry":{"type":"Point","coordinates":[106.815263,-6.415601]},"properties":{"layer_id":"ekosistem","jenis":"poi","nama":"Warteg Cipta Rasa Intan Jaya","sumber":"OSM","atribut":{"kategori":"Restoran"}}},{"type":"Feature","geometry":{"type":"Point","coordinates":[106.830269,-6.51972]},"properties":{"layer_id":"ekosistem","jenis":"poi","nama":"Muliaraso","sumber":"OSM","atribut":{"kategori":"Restoran"}}},{"type":"Feature","geometry":{"type":"Point","coordinates":[106.795991,-6.291362]},"properties":{"layer_id":"ekosistem","jenis":"poi","nama":"Mum Thai","sumber":"OSM","atribut":{"kategori":"Restoran"}}},{"type":"Feature","geometry":{"type":"Point","coordinates":[106.796022,-6.291304]},"properties":{"layer_id":"ekosistem","jenis":"poi","nama":"Layàna","sumber":"OSM","atribut":{"kategori":"Kafe"}}},{"type":"Feature","geometry":{"type":"Point","coordinates":[106.802451,-6.293678]},"properties":{"layer_id":"ekosistem","jenis":"poi","nama":"Layàna Cilandak","sumber":"OSM","atribut":{"kategori":"Restoran"}}},{"type":"Feature","geometry":{"type":"Point","coordinates":[106.885829,-6.340674]},"properties":{"layer_id":"ekosistem","jenis":"poi","nama":"Meneer's Koffie","sumber":"OSM","atribut":{"kategori":"Kafe"}}},{"type":"Feature","geometry":{"type":"Point","coordinates":[106.798981,-6.291424]},"properties":{"layer_id":"ekosistem","jenis":"poi","nama":"Bebek Tepi Sawah","sumber":"OSM","atribut":{"kategori":"Restoran"}}},{"type":"Feature","geometry":{"type":"Point","coordinates":[106.802223,-6.293651]},"properties":{"layer_id":"ekosistem","jenis":"poi","nama":"Rumangsa","sumber":"OSM","atribut":{"kategori":"Kafe"}}},{"type":"Feature","geometry":{"type":"Point","coordinates":[106.796208,-6.282846]},"properties":{"layer_id":"ekosistem","jenis":"poi","nama":"Pizza Hut Delivery","sumber":"OSM","atribut":{"kategori":"Makanan cepat saji"}}},{"type":"Feature","geometry":{"type":"Point","coordinates":[106.878318,-6.317759]},"properties":{"layer_id":"ekosistem","jenis":"poi","nama":null,"sumber":"OSM","atribut":{"kategori":"Kafe"}}},{"type":"Feature","geometry":{"type":"Point","coordinates":[106.878281,-6.317816]},"properties":{"layer_id":"ekosistem","jenis":"poi","nama":"Nasi Uduk Semur Jengkol Betawi","sumber":"OSM","atribut":{"kategori":"Restoran"}}},{"type":"Feature","geometry":{"type":"Point","coordinates":[106.877856,-6.318449]},"properties":{"layer_id":"ekosistem","jenis":"poi","nama":"Nasi Goreng Mas Budi","sumber":"OSM","atribut":{"kategori":"Restoran"}}},{"type":"Feature","geometry":{"type":"Point","coordinates":[106.877772,-6.318558]},"properties":{"layer_id":"ekosistem","jenis":"poi","nama":"Nasi Padang","sumber":"OSM","atribut":{"kategori":"Restoran"}}},{"type":"Feature","geometry":{"type":"Point","coordinates":[106.878846,-6.317145]},"properties":{"layer_id":"ekosistem","jenis":"poi","nama":"Bakmi & Seafood 99 Jawara","sumber":"OSM","atribut":{"kategori":"Restoran"}}},{"type":"Feature","geometry":{"type":"Point","coordinates":[106.877855,-6.318914]},"properties":{"layer_id":"ekosistem","jenis":"poi","nama":"Bakso Prabu Ciracas","sumber":"OSM","atribut":{"kategori":"Restoran"}}},{"type":"Feature","geometry":{"type":"Point","coordinates":[106.878134,-6.318227]},"properties":{"layer_id":"ekosistem","jenis":"poi","nama":"RM Kembar Jaya","sumber":"OSM","atribut":{"kategori":"Restoran"}}},{"type":"Feature","geometry":{"type":"Point","coordinates":[106.878887,-6.317219]},"properties":{"layer_id":"ekosistem","jenis":"poi","nama":"D'BRO Chicken & Burger - Ciracas","sumber":"OSM","atribut":{"kategori":"Makanan cepat saji"}}},{"type":"Feature","geometry":{"type":"Point","coordinates":[106.879057,-6.317026]},"properties":{"layer_id":"ekosistem","jenis":"poi","nama":"Warteg Selera","sumber":"OSM","atribut":{"kategori":"Restoran"}}},{"type":"Feature","geometry":{"type":"Point","coordinates":[106.879159,-6.316952]},"properties":{"layer_id":"ekosistem","jenis":"poi","nama":"Pecel Lele Pak Kumis","sumber":"OSM","atribut":{"kategori":"Restoran"}}},{"type":"Feature","geometry":{"type":"Point","coordinates":[106.879196,-6.316921]},"properties":{"layer_id":"ekosistem","jenis":"poi","nama":"Nasi Goreng Syila","sumber":"OSM","atribut":{"kategori":"Restoran"}}},{"type":"Feature","geometry":{"type":"Point","coordinates":[106.887696,-6.401732]},"properties":{"layer_id":"ekosistem","jenis":"poi","nama":"Ceng's Cafe","sumber":"OSM","atribut":{"kategori":"Kafe"}}},{"type":"Feature","geometry":{"type":"Point","coordinates":[106.803144,-6.447939]},"properties":{"layer_id":"ekosistem","jenis":"poi","nama":"Saji Resto & Cafe, Depok","sumber":"OSM","atribut":{"kategori":"Restoran"}}},{"type":"Feature","geometry":{"type":"Point","coordinates":[106.728627,-6.285498]},"properties":{"layer_id":"ekosistem","jenis":"poi","nama":"Monsieur Spoon","sumber":"OSM","atribut":{"kategori":"Restoran"}}},{"type":"Feature","geometry":{"type":"Point","coordinates":[106.728264,-6.285996]},"properties":{"layer_id":"ekosistem","jenis":"poi","nama":"Excelso","sumber":"OSM","atribut":{"kategori":"Kafe"}}},{"type":"Feature","geometry":{"type":"Point","coordinates":[106.72827,-6.285732]},"properties":{"layer_id":"ekosistem","jenis":"poi","nama":"Djournal Coffee","sumber":"OSM","atribut":{"kategori":"Kafe"}}},{"type":"Feature","geometry":{"type":"Point","coordinates":[106.728211,-6.285042]},"properties":{"layer_id":"ekosistem","jenis":"poi","nama":"Krispy Kreme","sumber":"OSM","atribut":{"kategori":"Restoran"}}},{"type":"Feature","geometry":{"type":"Point","coordinates":[106.728254,-6.284866]},"properties":{"layer_id":"ekosistem","jenis":"poi","nama":"Sate Khas Senayan","sumber":"OSM","atribut":{"kategori":"Restoran"}}},{"type":"Feature","geometry":{"type":"Point","coordinates":[106.729222,-6.285306]},"properties":{"layer_id":"ekosistem","jenis":"poi","nama":"Pizza Marzano","sumber":"OSM","atribut":{"kategori":"Restoran"}}},{"type":"Feature","geometry":{"type":"Point","coordinates":[106.728211,-6.285243]},"properties":{"layer_id":"ekosistem","jenis":"poi","nama":"Fore","sumber":"OSM","atribut":{"kategori":"Kafe"}}},{"type":"Feature","geometry":{"type":"Point","coordinates":[106.728223,-6.285419]},"properties":{"layer_id":"ekosistem","jenis":"poi","nama":"Starbucks","sumber":"OSM","atribut":{"kategori":"Kafe"}}},{"type":"Feature","geometry":{"type":"Point","coordinates":[106.7849,-6.293864]},"properties":{"layer_id":"ekosistem","jenis":"poi","nama":"Starbucks","sumber":"OSM","atribut":{"kategori":"Kafe"}}},{"type":"Feature","geometry":{"type":"Point","coordinates":[106.785077,-6.294691]},"properties":{"layer_id":"ekosistem","jenis":"poi","nama":"Sate Khas Senayan","sumber":"OSM","atribut":{"kategori":"Restoran"}}},{"type":"Feature","geometry":{"type":"Point","coordinates":[106.784849,-6.294163]},"properties":{"layer_id":"ekosistem","jenis":"poi","nama":"Subway","sumber":"OSM","atribut":{"kategori":"Makanan cepat saji"}}},{"type":"Feature","geometry":{"type":"Point","coordinates":[106.78462,-6.294395]},"properties":{"layer_id":"ekosistem","jenis":"poi","nama":"Wingstop","sumber":"OSM","atribut":{"kategori":"Makanan cepat saji"}}},{"type":"Feature","geometry":{"type":"Point","coordinates":[106.891179,-6.542439]},"properties":{"layer_id":"ekosistem","jenis":"poi","nama":"Warung H. Sule","sumber":"OSM","atribut":{"kategori":"Restoran"}}},{"type":"Feature","geometry":{"type":"Point","coordinates":[106.736219,-6.29291]},"properties":{"layer_id":"ekosistem","jenis":"poi","nama":"Kayu Menjangan","sumber":"OSM","atribut":{"kategori":"Restoran"}}},{"type":"Feature","geometry":{"type":"Point","coordinates":[106.774264,-6.443919]},"properties":{"layer_id":"ekosistem","jenis":"poi","nama":"Warkop Sainoni","sumber":"OSM","atribut":{"kategori":"Kafe"}}},{"type":"Feature","geometry":{"type":"Point","coordinates":[106.723236,-6.310753]},"properties":{"layer_id":"ekosistem","jenis":"poi","nama":"Wuffy Space","sumber":"OSM","atribut":{"kategori":"Restoran"}}},{"type":"Feature","geometry":{"type":"Point","coordinates":[106.854483,-6.368796]},"properties":{"layer_id":"ekosistem","jenis":"poi","nama":"Doyan Ayam Cimanggis, Depok","sumber":"OSM","atribut":{"kategori":"Restoran"}}},{"type":"Feature","geometry":{"type":"Point","coordinates":[106.747997,-6.325648]},"properties":{"layer_id":"ekosistem","jenis":"poi","nama":"Warung Kondre","sumber":"OSM","atribut":{"kategori":"Restoran"}}},{"type":"Feature","geometry":{"type":"Point","coordinates":[106.785338,-6.327319]},"properties":{"layer_id":"ekosistem","jenis":"poi","nama":"TAMANI CINERE","sumber":"OSM","atribut":{"kategori":"Kafe"}}},{"type":"Feature","geometry":{"type":"Point","coordinates":[106.85256,-6.326552]},"properties":{"layer_id":"ekosistem","jenis":"poi","nama":"Pempek Tekwan Rizky","sumber":"OSM","atribut":{"kategori":"Restoran"}}},{"type":"Feature","geometry":{"type":"Point","coordinates":[106.855726,-6.326419]},"properties":{"layer_id":"ekosistem","jenis":"poi","nama":"Zesht Potato","sumber":"OSM","atribut":{"kategori":"Makanan cepat saji"}}},{"type":"Feature","geometry":{"type":"Point","coordinates":[106.857923,-6.321214]},"properties":{"layer_id":"ekosistem","jenis":"poi","nama":"Warkop Selera Kita","sumber":"OSM","atribut":{"kategori":"Kafe"}}},{"type":"Feature","geometry":{"type":"Point","coordinates":[106.857906,-6.321847]},"properties":{"layer_id":"ekosistem","jenis":"poi","nama":"Mie Ayam Mukbang","sumber":"OSM","atribut":{"kategori":"Restoran"}}},{"type":"Feature","geometry":{"type":"Point","coordinates":[106.856156,-6.324646]},"properties":{"layer_id":"ekosistem","jenis":"poi","nama":"Kopi Nongkrong","sumber":"OSM","atribut":{"kategori":"Kafe"}}},{"type":"Feature","geometry":{"type":"Point","coordinates":[106.865653,-6.289012]},"properties":{"layer_id":"ekosistem","jenis":"poi","nama":"Felice Cookies","sumber":"OSM","atribut":{"kategori":"Restoran"}}},{"type":"Feature","geometry":{"type":"Point","coordinates":[106.83295,-6.526612]},"properties":{"layer_id":"ekosistem","jenis":"poi","nama":"Q Square Lifestyle Bogor","sumber":"OSM","atribut":{"kategori":"Mal"}}},{"type":"Feature","geometry":{"type":"Point","coordinates":[106.734879,-6.343701]},"properties":{"layer_id":"ekosistem","jenis":"poi","nama":"Bakso Malang Enggal","sumber":"OSM","atribut":{"kategori":"Restoran"}}},{"type":"Feature","geometry":{"type":"Point","coordinates":[106.775795,-6.540474]},"properties":{"layer_id":"ekosistem","jenis":"poi","nama":"Ayam ungkeb Pak Mamid","sumber":"OSM","atribut":{"kategori":"Makanan cepat saji"}}},{"type":"Feature","geometry":{"type":"Point","coordinates":[106.836039,-6.320929]},"properties":{"layer_id":"ekosistem","jenis":"poi","nama":"Toko Kopi TUKU - SPBU bp Lenteng Agung","sumber":"OSM","atribut":{"kategori":"Kafe"}}},{"type":"Feature","geometry":{"type":"Point","coordinates":[106.734924,-6.559751]},"properties":{"layer_id":"ekosistem","jenis":"poi","nama":"Kafe Sigma","sumber":"OSM","atribut":{"kategori":"Kafe"}}},{"type":"Feature","geometry":{"type":"Point","coordinates":[106.761902,-6.555764]},"properties":{"layer_id":"ekosistem","jenis":"poi","nama":"Bean Spot","sumber":"OSM","atribut":{"kategori":"Kafe"}}},{"type":"Feature","geometry":{"type":"Point","coordinates":[106.761435,-6.555208]},"properties":{"layer_id":"ekosistem","jenis":"poi","nama":"Teguk","sumber":"OSM","atribut":{"kategori":"Kafe"}}},{"type":"Feature","geometry":{"type":"Point","coordinates":[106.761276,-6.554412]},"properties":{"layer_id":"ekosistem","jenis":"poi","nama":"Steak Moen Moen","sumber":"OSM","atribut":{"kategori":"Restoran"}}},{"type":"Feature","geometry":{"type":"Point","coordinates":[106.760993,-6.552643]},"properties":{"layer_id":"ekosistem","jenis":"poi","nama":"Bean Spot","sumber":"OSM","atribut":{"kategori":"Kafe"}}},{"type":"Feature","geometry":{"type":"Point","coordinates":[106.71538,-6.541252]},"properties":{"layer_id":"ekosistem","jenis":"poi","nama":"D'Kriuk Fried Chicken","sumber":"OSM","atribut":{"kategori":"Makanan cepat saji"}}},{"type":"Feature","geometry":{"type":"Point","coordinates":[106.715439,-6.541247]},"properties":{"layer_id":"ekosistem","jenis":"poi","nama":"Dapur Aladzievie","sumber":"OSM","atribut":{"kategori":"Restoran"}}},{"type":"Feature","geometry":{"type":"Point","coordinates":[106.775843,-6.556142]},"properties":{"layer_id":"ekosistem","jenis":"poi","nama":"Chatime","sumber":"OSM","atribut":{"kategori":"Kafe"}}},{"type":"Feature","geometry":{"type":"Point","coordinates":[106.775745,-6.556105]},"properties":{"layer_id":"ekosistem","jenis":"poi","nama":"Raa Cha","sumber":"OSM","atribut":{"kategori":"Restoran"}}},{"type":"Feature","geometry":{"type":"Point","coordinates":[106.775856,-6.556301]},"properties":{"layer_id":"ekosistem","jenis":"poi","nama":"Wendy's","sumber":"OSM","atribut":{"kategori":"Makanan cepat saji"}}},{"type":"Feature","geometry":{"type":"Point","coordinates":[106.771176,-6.55811]},"properties":{"layer_id":"ekosistem","jenis":"poi","nama":"A & W","sumber":"OSM","atribut":{"kategori":"Restoran"}}},{"type":"Feature","geometry":{"type":"Point","coordinates":[106.775797,-6.556322]},"properties":{"layer_id":"ekosistem","jenis":"poi","nama":"Recheese Factory","sumber":"OSM","atribut":{"kategori":"Makanan cepat saji"}}},{"type":"Feature","geometry":{"type":"Point","coordinates":[106.775786,-6.556163]},"properties":{"layer_id":"ekosistem","jenis":"poi","nama":"Cobek Penyet","sumber":"OSM","atribut":{"kategori":"Restoran"}}},{"type":"Feature","geometry":{"type":"Point","coordinates":[106.775679,-6.556085]},"properties":{"layer_id":"ekosistem","jenis":"poi","nama":"Waffelicious","sumber":"OSM","atribut":{"kategori":"Kafe"}}},{"type":"Feature","geometry":{"type":"Point","coordinates":[106.775572,-6.556177]},"properties":{"layer_id":"ekosistem","jenis":"poi","nama":"Yoshinoya","sumber":"OSM","atribut":{"kategori":"Restoran"}}},{"type":"Feature","geometry":{"type":"Point","coordinates":[106.775506,-6.556174]},"properties":{"layer_id":"ekosistem","jenis":"poi","nama":"Kedai Soto Ibu Rahayu","sumber":"OSM","atribut":{"kategori":"Restoran"}}},{"type":"Feature","geometry":{"type":"Point","coordinates":[106.77585,-6.556039]},"properties":{"layer_id":"ekosistem","jenis":"poi","nama":"Bebek Dower","sumber":"OSM","atribut":{"kategori":"Restoran"}}},{"type":"Feature","geometry":{"type":"Point","coordinates":[106.775656,-6.556279]},"properties":{"layer_id":"ekosistem","jenis":"poi","nama":"Tomoro Coffee","sumber":"OSM","atribut":{"kategori":"Kafe"}}},{"type":"Feature","geometry":{"type":"Point","coordinates":[106.77564,-6.556243]},"properties":{"layer_id":"ekosistem","jenis":"poi","nama":"Mujigae Korean","sumber":"OSM","atribut":{"kategori":"Restoran"}}},{"type":"Feature","geometry":{"type":"Point","coordinates":[106.775697,-6.556021]},"properties":{"layer_id":"ekosistem","jenis":"poi","nama":"Solaria","sumber":"OSM","atribut":{"kategori":"Restoran"}}},{"type":"Feature","geometry":{"type":"Point","coordinates":[106.779481,-6.556594]},"properties":{"layer_id":"ekosistem","jenis":"poi","nama":"Toko Kopi TUKU - SPBU bp Sholeh Iskandar","sumber":"OSM","atribut":{"kategori":"Kafe"}}},{"type":"Feature","geometry":{"type":"Point","coordinates":[106.782424,-6.556632]},"properties":{"layer_id":"ekosistem","jenis":"poi","nama":"Ruang Tengah","sumber":"OSM","atribut":{"kategori":"Kafe"}}},{"type":"Feature","geometry":{"type":"Point","coordinates":[106.781626,-6.556497]},"properties":{"layer_id":"ekosistem","jenis":"poi","nama":"Pochajjang Korean BBQ","sumber":"OSM","atribut":{"kategori":"Restoran"}}},{"type":"Feature","geometry":{"type":"Point","coordinates":[106.785143,-6.558516]},"properties":{"layer_id":"ekosistem","jenis":"poi","nama":"CFC","sumber":"OSM","atribut":{"kategori":"Restoran"}}},{"type":"Feature","geometry":{"type":"Point","coordinates":[106.785202,-6.558546]},"properties":{"layer_id":"ekosistem","jenis":"poi","nama":"JCo","sumber":"OSM","atribut":{"kategori":"Kafe"}}},{"type":"Feature","geometry":{"type":"Point","coordinates":[106.784112,-6.558969]},"properties":{"layer_id":"ekosistem","jenis":"poi","nama":"Warung Nasi Ampera","sumber":"OSM","atribut":{"kategori":"Restoran"}}},{"type":"Feature","geometry":{"type":"Point","coordinates":[106.771188,-6.558198]},"properties":{"layer_id":"ekosistem","jenis":"poi","nama":"Pandan Kuning","sumber":"OSM","atribut":{"kategori":"Restoran"}}},{"type":"Feature","geometry":{"type":"Point","coordinates":[106.766116,-6.553084]},"properties":{"layer_id":"ekosistem","jenis":"poi","nama":"Baso Terminal","sumber":"OSM","atribut":{"kategori":"Restoran"}}},{"type":"Feature","geometry":{"type":"Point","coordinates":[106.772668,-6.55763]},"properties":{"layer_id":"ekosistem","jenis":"poi","nama":"Harmony Juice and Salad Bar","sumber":"OSM","atribut":{"kategori":"Kafe"}}},{"type":"Feature","geometry":{"type":"Point","coordinates":[106.771532,-6.557096]},"properties":{"layer_id":"ekosistem","jenis":"poi","nama":"Chatime","sumber":"OSM","atribut":{"kategori":"Kafe"}}},{"type":"Feature","geometry":{"type":"Point","coordinates":[106.772729,-6.557657]},"properties":{"layer_id":"ekosistem","jenis":"poi","nama":"Chigo X Flip","sumber":"OSM","atribut":{"kategori":"Kafe"}}},{"type":"Feature","geometry":{"type":"Point","coordinates":[106.77893,-6.559274]},"properties":{"layer_id":"ekosistem","jenis":"poi","nama":"Sop Bang Jago","sumber":"OSM","atribut":{"kategori":"Restoran"}}},{"type":"Feature","geometry":{"type":"Point","coordinates":[106.778037,-6.557634]},"properties":{"layer_id":"ekosistem","jenis":"poi","nama":"Sari Rasa Johar","sumber":"OSM","atribut":{"kategori":"Kafe"}}},{"type":"Feature","geometry":{"type":"Point","coordinates":[106.777673,-6.557669]},"properties":{"layer_id":"ekosistem","jenis":"poi","nama":"Seuhah Abah","sumber":"OSM","atribut":{"kategori":"Restoran"}}},{"type":"Feature","geometry":{"type":"Point","coordinates":[106.779018,-6.559336]},"properties":{"layer_id":"ekosistem","jenis":"poi","nama":"Cafe Therapy","sumber":"OSM","atribut":{"kategori":"Kafe"}}},{"type":"Feature","geometry":{"type":"Point","coordinates":[106.78447,-6.55938]},"properties":{"layer_id":"ekosistem","jenis":"poi","nama":"Soto Tegal Laka Laka","sumber":"OSM","atribut":{"kategori":"Restoran"}}},{"type":"Feature","geometry":{"type":"Point","coordinates":[106.784444,-6.559173]},"properties":{"layer_id":"ekosistem","jenis":"poi","nama":"Soto Lamongan Sea Food Cak Herry","sumber":"OSM","atribut":{"kategori":"Restoran"}}},{"type":"Feature","geometry":{"type":"Point","coordinates":[106.880758,-6.292888]},"properties":{"layer_id":"ekosistem","jenis":"poi","nama":"Travoy Hub","sumber":"OSM","atribut":{"kategori":"Mal"}}},{"type":"Feature","geometry":{"type":"Point","coordinates":[106.731262,-6.558692]},"properties":{"layer_id":"ekosistem","jenis":"poi","nama":"Kopicentrum","sumber":"OSM","atribut":{"kategori":"Kafe"}}},{"type":"Feature","geometry":{"type":"Point","coordinates":[106.745274,-6.55259]},"properties":{"layer_id":"ekosistem","jenis":"poi","nama":"RM Murah Masakan Padang","sumber":"OSM","atribut":{"kategori":"Restoran"}}},{"type":"Feature","geometry":{"type":"Point","coordinates":[106.749512,-6.559476]},"properties":{"layer_id":"ekosistem","jenis":"poi","nama":"Serasa Coffee","sumber":"OSM","atribut":{"kategori":"Kafe"}}},{"type":"Feature","geometry":{"type":"Point","coordinates":[106.745229,-6.55273]},"properties":{"layer_id":"ekosistem","jenis":"poi","nama":"Ayam Gepuk Pak Gembus","sumber":"OSM","atribut":{"kategori":"Restoran"}}},{"type":"Feature","geometry":{"type":"Point","coordinates":[106.749516,-6.559606]},"properties":{"layer_id":"ekosistem","jenis":"poi","nama":"Ciforu","sumber":"OSM","atribut":{"kategori":"Kafe"}}},{"type":"Feature","geometry":{"type":"Point","coordinates":[106.732685,-6.558708]},"properties":{"layer_id":"ekosistem","jenis":"poi","nama":"Chick n Tea","sumber":"OSM","atribut":{"kategori":"Makanan cepat saji"}}},{"type":"Feature","geometry":{"type":"Point","coordinates":[106.731806,-6.558836]},"properties":{"layer_id":"ekosistem","jenis":"poi","nama":"Hakkan","sumber":"OSM","atribut":{"kategori":"Makanan cepat saji"}}},{"type":"Feature","geometry":{"type":"Point","coordinates":[106.731558,-6.559117]},"properties":{"layer_id":"ekosistem","jenis":"poi","nama":"Bunga Cempaka Nasi Padang","sumber":"OSM","atribut":{"kategori":"Restoran"}}},{"type":"Feature","geometry":{"type":"Point","coordinates":[106.732932,-6.558639]},"properties":{"layer_id":"ekosistem","jenis":"poi","nama":"Es Teh Indonesia","sumber":"OSM","atribut":{"kategori":"Kafe"}}},{"type":"Feature","geometry":{"type":"Point","coordinates":[106.733075,-6.558654]},"properties":{"layer_id":"ekosistem","jenis":"poi","nama":"Sahajo Bundo Masakan Padang","sumber":"OSM","atribut":{"kategori":"Restoran"}}},{"type":"Feature","geometry":{"type":"Point","coordinates":[106.731739,-6.558841]},"properties":{"layer_id":"ekosistem","jenis":"poi","nama":"D'Besto","sumber":"OSM","atribut":{"kategori":"Makanan cepat saji"}}},{"type":"Feature","geometry":{"type":"Point","coordinates":[106.732935,-6.558748]},"properties":{"layer_id":"ekosistem","jenis":"poi","nama":"Ayam Gepuk Pak Gembus","sumber":"OSM","atribut":{"kategori":"Restoran"}}},{"type":"Feature","geometry":{"type":"Point","coordinates":[106.732342,-6.558632]},"properties":{"layer_id":"ekosistem","jenis":"poi","nama":"Warteg Nasional Bahari","sumber":"OSM","atribut":{"kategori":"Restoran"}}},{"type":"Feature","geometry":{"type":"Point","coordinates":[106.733076,-6.558757]},"properties":{"layer_id":"ekosistem","jenis":"poi","nama":"Ayam Geprek Pejuang","sumber":"OSM","atribut":{"kategori":"Makanan cepat saji"}}},{"type":"Feature","geometry":{"type":"Point","coordinates":[106.733358,-6.558805]},"properties":{"layer_id":"ekosistem","jenis":"poi","nama":"Hotta Hoops","sumber":"OSM","atribut":{"kategori":"Makanan cepat saji"}}},{"type":"Feature","geometry":{"type":"Point","coordinates":[106.734285,-6.558969]},"properties":{"layer_id":"ekosistem","jenis":"poi","nama":"Crisbar","sumber":"OSM","atribut":{"kategori":"Makanan cepat saji"}}},{"type":"Feature","geometry":{"type":"Point","coordinates":[106.73498,-6.559039]},"properties":{"layer_id":"ekosistem","jenis":"poi","nama":"Ayam Mrothol","sumber":"OSM","atribut":{"kategori":"Makanan cepat saji"}}},{"type":"Feature","geometry":{"type":"Point","coordinates":[106.733641,-6.558839]},"properties":{"layer_id":"ekosistem","jenis":"poi","nama":"Warteg Alvin Jaya","sumber":"OSM","atribut":{"kategori":"Restoran"}}},{"type":"Feature","geometry":{"type":"Point","coordinates":[106.734975,-6.558946]},"properties":{"layer_id":"ekosistem","jenis":"poi","nama":"Warkop Bintang","sumber":"OSM","atribut":{"kategori":"Kafe"}}},{"type":"Feature","geometry":{"type":"Point","coordinates":[106.734397,-6.558959]},"properties":{"layer_id":"ekosistem","jenis":"poi","nama":"Bakso Malang Arema Mas Yon","sumber":"OSM","atribut":{"kategori":"Restoran"}}},{"type":"Feature","geometry":{"type":"Point","coordinates":[106.733569,-6.558841]},"properties":{"layer_id":"ekosistem","jenis":"poi","nama":"Kebab Monster","sumber":"OSM","atribut":{"kategori":"Makanan cepat saji"}}},{"type":"Feature","geometry":{"type":"Point","coordinates":[106.734948,-6.559036]},"properties":{"layer_id":"ekosistem","jenis":"poi","nama":"Savanah Indah Masakan Padang","sumber":"OSM","atribut":{"kategori":"Restoran"}}},{"type":"Feature","geometry":{"type":"Point","coordinates":[106.734589,-6.558868]},"properties":{"layer_id":"ekosistem","jenis":"poi","nama":"D'Sruput","sumber":"OSM","atribut":{"kategori":"Kafe"}}},{"type":"Feature","geometry":{"type":"Point","coordinates":[106.735163,-6.559076]},"properties":{"layer_id":"ekosistem","jenis":"poi","nama":"Your Tea","sumber":"OSM","atribut":{"kategori":"Kafe"}}},{"type":"Feature","geometry":{"type":"Point","coordinates":[106.84033,-6.306184]},"properties":{"layer_id":"ekosistem","jenis":"poi","nama":"Hop Hop","sumber":"OSM","atribut":{"kategori":"Kafe"}}},{"type":"Feature","geometry":{"type":"Point","coordinates":[106.840619,-6.305922]},"properties":{"layer_id":"ekosistem","jenis":"poi","nama":"Wing Stop","sumber":"OSM","atribut":{"kategori":"Makanan cepat saji"}}},{"type":"Feature","geometry":{"type":"Point","coordinates":[106.840091,-6.306482]},"properties":{"layer_id":"ekosistem","jenis":"poi","nama":"Tomoro Coffee","sumber":"OSM","atribut":{"kategori":"Kafe"}}},{"type":"Feature","geometry":{"type":"Point","coordinates":[106.840131,-6.306397]},"properties":{"layer_id":"ekosistem","jenis":"poi","nama":"Fore Coffee","sumber":"OSM","atribut":{"kategori":"Kafe"}}},{"type":"Feature","geometry":{"type":"Point","coordinates":[106.84019,-6.305989]},"properties":{"layer_id":"ekosistem","jenis":"poi","nama":"Kopi Restu","sumber":"OSM","atribut":{"kategori":"Kafe"}}},{"type":"Feature","geometry":{"type":"Point","coordinates":[106.840748,-6.305488]},"properties":{"layer_id":"ekosistem","jenis":"poi","nama":"Nasgor Rendang One","sumber":"OSM","atribut":{"kategori":"Restoran"}}},{"type":"Feature","geometry":{"type":"Point","coordinates":[106.840233,-6.305901]},"properties":{"layer_id":"ekosistem","jenis":"poi","nama":"Bar.B.Q Plaza","sumber":"OSM","atribut":{"kategori":"Restoran"}}},{"type":"Feature","geometry":{"type":"Point","coordinates":[106.840255,-6.306085]},"properties":{"layer_id":"ekosistem","jenis":"poi","nama":"Dapur Solo","sumber":"OSM","atribut":{"kategori":"Restoran"}}},{"type":"Feature","geometry":{"type":"Point","coordinates":[106.840418,-6.305606]},"properties":{"layer_id":"ekosistem","jenis":"poi","nama":"Penyetan Cok","sumber":"OSM","atribut":{"kategori":"Restoran"}}},{"type":"Feature","geometry":{"type":"Point","coordinates":[106.840249,-6.305617]},"properties":{"layer_id":"ekosistem","jenis":"poi","nama":"Puyo","sumber":"OSM","atribut":{"kategori":"Kafe"}}},{"type":"Feature","geometry":{"type":"Point","coordinates":[106.840703,-6.305734]},"properties":{"layer_id":"ekosistem","jenis":"poi","nama":"Raa Cha Suki & BBQ","sumber":"OSM","atribut":{"kategori":"Restoran"}}},{"type":"Feature","geometry":{"type":"Point","coordinates":[106.840501,-6.305717]},"properties":{"layer_id":"ekosistem","jenis":"poi","nama":"Chadol Gujeolpan","sumber":"OSM","atribut":{"kategori":"Restoran"}}},{"type":"Feature","geometry":{"type":"Point","coordinates":[106.840469,-6.30596]},"properties":{"layer_id":"ekosistem","jenis":"poi","nama":"Havaianas","sumber":"OSM","atribut":{"kategori":"Restoran"}}},{"type":"Feature","geometry":{"type":"Point","coordinates":[106.840043,-6.306631]},"properties":{"layer_id":"ekosistem","jenis":"poi","nama":"Gion The Sushi Bar","sumber":"OSM","atribut":{"kategori":"Restoran"}}},{"type":"Feature","geometry":{"type":"Point","coordinates":[106.839973,-6.306786]},"properties":{"layer_id":"ekosistem","jenis":"poi","nama":"Meuramin","sumber":"OSM","atribut":{"kategori":"Restoran"}}},{"type":"Feature","geometry":{"type":"Point","coordinates":[106.840383,-6.305934]},"properties":{"layer_id":"ekosistem","jenis":"poi","nama":"The People's Cafe","sumber":"OSM","atribut":{"kategori":"Kafe"}}},{"type":"Feature","geometry":{"type":"Point","coordinates":[106.840113,-6.30604]},"properties":{"layer_id":"ekosistem","jenis":"poi","nama":"Gamchi","sumber":"OSM","atribut":{"kategori":"Restoran"}}},{"type":"Feature","geometry":{"type":"Point","coordinates":[106.840729,-6.305555]},"properties":{"layer_id":"ekosistem","jenis":"poi","nama":"Susu Mbok Darmi","sumber":"OSM","atribut":{"kategori":"Kafe"}}},{"type":"Feature","geometry":{"type":"Point","coordinates":[106.84072,-6.306088]},"properties":{"layer_id":"ekosistem","jenis":"poi","nama":"Waroeng Bakudapa","sumber":"OSM","atribut":{"kategori":"Restoran"}}},{"type":"Feature","geometry":{"type":"Point","coordinates":[106.840083,-6.305976]},"properties":{"layer_id":"ekosistem","jenis":"poi","nama":"Yoshinoya","sumber":"OSM","atribut":{"kategori":"Restoran"}}},{"type":"Feature","geometry":{"type":"Point","coordinates":[106.840627,-6.3055]},"properties":{"layer_id":"ekosistem","jenis":"poi","nama":"Nasi uduk Kebon Kacang","sumber":"OSM","atribut":{"kategori":"Restoran"}}},{"type":"Feature","geometry":{"type":"Point","coordinates":[106.840249,-6.306807]},"properties":{"layer_id":"ekosistem","jenis":"poi","nama":"Yamin Qu","sumber":"OSM","atribut":{"kategori":"Restoran"}}},{"type":"Feature","geometry":{"type":"Point","coordinates":[106.840632,-6.305686]},"properties":{"layer_id":"ekosistem","jenis":"poi","nama":"Shake-Shake in A Tub","sumber":"OSM","atribut":{"kategori":"Kafe"}}},{"type":"Feature","geometry":{"type":"Point","coordinates":[106.840413,-6.305866]},"properties":{"layer_id":"ekosistem","jenis":"poi","nama":"Nanny's Pavillon","sumber":"OSM","atribut":{"kategori":"Restoran"}}},{"type":"Feature","geometry":{"type":"Point","coordinates":[106.840358,-6.30613]},"properties":{"layer_id":"ekosistem","jenis":"poi","nama":"Solaria","sumber":"OSM","atribut":{"kategori":"Restoran"}}},{"type":"Feature","geometry":{"type":"Point","coordinates":[106.840298,-6.306358]},"properties":{"layer_id":"ekosistem","jenis":"poi","nama":"Kwetiaw 28 Aho","sumber":"OSM","atribut":{"kategori":"Restoran"}}},{"type":"Feature","geometry":{"type":"Point","coordinates":[106.840337,-6.306252]},"properties":{"layer_id":"ekosistem","jenis":"poi","nama":"Soto Betawi by Warung Betawi","sumber":"OSM","atribut":{"kategori":"Restoran"}}},{"type":"Feature","geometry":{"type":"Point","coordinates":[106.840681,-6.305864]},"properties":{"layer_id":"ekosistem","jenis":"poi","nama":"Boost Juice","sumber":"OSM","atribut":{"kategori":"Kafe"}}},{"type":"Feature","geometry":{"type":"Point","coordinates":[106.840316,-6.305984]},"properties":{"layer_id":"ekosistem","jenis":"poi","nama":"Go Steak","sumber":"OSM","atribut":{"kategori":"Restoran"}}},{"type":"Feature","geometry":{"type":"Point","coordinates":[106.840853,-6.305906]},"properties":{"layer_id":"ekosistem","jenis":"poi","nama":"Marugame Udon","sumber":"OSM","atribut":{"kategori":"Restoran"}}},{"type":"Feature","geometry":{"type":"Point","coordinates":[106.84078,-6.305632]},"properties":{"layer_id":"ekosistem","jenis":"poi","nama":"Golden Lamian","sumber":"OSM","atribut":{"kategori":"Restoran"}}},{"type":"Feature","geometry":{"type":"Point","coordinates":[106.840174,-6.306094]},"properties":{"layer_id":"ekosistem","jenis":"poi","nama":"Sour Sally","sumber":"OSM","atribut":{"kategori":"Kafe"}}},{"type":"Feature","geometry":{"type":"Point","coordinates":[106.840244,-6.306156]},"properties":{"layer_id":"ekosistem","jenis":"poi","nama":"Tous Les Jours","sumber":"OSM","atribut":{"kategori":"Kafe"}}},{"type":"Feature","geometry":{"type":"Point","coordinates":[106.840503,-6.306156]},"properties":{"layer_id":"ekosistem","jenis":"poi","nama":"Umaqita","sumber":"OSM","atribut":{"kategori":"Restoran"}}},{"type":"Feature","geometry":{"type":"Point","coordinates":[106.840292,-6.305682]},"properties":{"layer_id":"ekosistem","jenis":"poi","nama":"Karnivor","sumber":"OSM","atribut":{"kategori":"Restoran"}}},{"type":"Feature","geometry":{"type":"Point","coordinates":[106.840523,-6.306042]},"properties":{"layer_id":"ekosistem","jenis":"poi","nama":"Legend of Noodle","sumber":"OSM","atribut":{"kategori":"Restoran"}}},{"type":"Feature","geometry":{"type":"Point","coordinates":[106.840137,-6.305948]},"properties":{"layer_id":"ekosistem","jenis":"poi","nama":"Shihlin","sumber":"OSM","atribut":{"kategori":"Makanan cepat saji"}}},{"type":"Feature","geometry":{"type":"Point","coordinates":[106.840134,-6.30629]},"properties":{"layer_id":"ekosistem","jenis":"poi","nama":"Gokana Ramen & Teppan","sumber":"OSM","atribut":{"kategori":"Restoran"}}},{"type":"Feature","geometry":{"type":"Point","coordinates":[106.840627,-6.305801]},"properties":{"layer_id":"ekosistem","jenis":"poi","nama":"Sate Dombud","sumber":"OSM","atribut":{"kategori":"Restoran"}}},{"type":"Feature","geometry":{"type":"Point","coordinates":[106.840177,-6.30576]},"properties":{"layer_id":"ekosistem","jenis":"poi","nama":"Djournal Coffee","sumber":"OSM","atribut":{"kategori":"Kafe"}}},{"type":"Feature","geometry":{"type":"Point","coordinates":[106.840072,-6.306229]},"properties":{"layer_id":"ekosistem","jenis":"poi","nama":"Lee Ong's Tea x Waspffle","sumber":"OSM","atribut":{"kategori":"Makanan cepat saji"}}},{"type":"Feature","geometry":{"type":"Point","coordinates":[106.840569,-6.305994]},"properties":{"layer_id":"ekosistem","jenis":"poi","nama":"Cireng Keraton","sumber":"OSM","atribut":{"kategori":"Makanan cepat saji"}}},{"type":"Feature","geometry":{"type":"Point","coordinates":[106.840796,-6.305989]},"properties":{"layer_id":"ekosistem","jenis":"poi","nama":"Croco By Monsieur","sumber":"OSM","atribut":{"kategori":"Restoran"}}},{"type":"Feature","geometry":{"type":"Point","coordinates":[106.840257,-6.306285]},"properties":{"layer_id":"ekosistem","jenis":"poi","nama":"Acaraki","sumber":"OSM","atribut":{"kategori":"Restoran"}}},{"type":"Feature","geometry":{"type":"Point","coordinates":[106.840417,-6.30609]},"properties":{"layer_id":"ekosistem","jenis":"poi","nama":"Bakso Malang Cak Rosso","sumber":"OSM","atribut":{"kategori":"Restoran"}}},{"type":"Feature","geometry":{"type":"Point","coordinates":[106.840169,-6.306722]},"properties":{"layer_id":"ekosistem","jenis":"poi","nama":"Hong Tang","sumber":"OSM","atribut":{"kategori":"Makanan cepat saji"}}},{"type":"Feature","geometry":{"type":"Point","coordinates":[106.840834,-6.305765]},"properties":{"layer_id":"ekosistem","jenis":"poi","nama":"Imperial Kitchen & Dimsum","sumber":"OSM","atribut":{"kategori":"Restoran"}}},{"type":"Feature","geometry":{"type":"Point","coordinates":[106.840185,-6.305718]},"properties":{"layer_id":"ekosistem","jenis":"poi","nama":"Sai Ramen","sumber":"OSM","atribut":{"kategori":"Restoran"}}},{"type":"Feature","geometry":{"type":"Point","coordinates":[106.840715,-6.306008]},"properties":{"layer_id":"ekosistem","jenis":"poi","nama":"Steak 21","sumber":"OSM","atribut":{"kategori":"Restoran"}}},{"type":"Feature","geometry":{"type":"Point","coordinates":[106.840139,-6.306504]},"properties":{"layer_id":"ekosistem","jenis":"poi","nama":"Gyukaku","sumber":"OSM","atribut":{"kategori":"Restoran"}}},{"type":"Feature","geometry":{"type":"Point","coordinates":[106.840287,-6.306466]},"properties":{"layer_id":"ekosistem","jenis":"poi","nama":"Hokben","sumber":"OSM","atribut":{"kategori":"Makanan cepat saji"}}},{"type":"Feature","geometry":{"type":"Point","coordinates":[106.840488,-6.305527]},"properties":{"layer_id":"ekosistem","jenis":"poi","nama":"Pepper Lunch","sumber":"OSM","atribut":{"kategori":"Restoran"}}},{"type":"Feature","geometry":{"type":"Point","coordinates":[106.840123,-6.306821]},"properties":{"layer_id":"ekosistem","jenis":"poi","nama":"Masti Urban indian","sumber":"OSM","atribut":{"kategori":"Restoran"}}},{"type":"Feature","geometry":{"type":"Point","coordinates":[106.840402,-6.305672]},"properties":{"layer_id":"ekosistem","jenis":"poi","nama":"Ichiban Crepes","sumber":"OSM","atribut":{"kategori":"Makanan cepat saji"}}},{"type":"Feature","geometry":{"type":"Point","coordinates":[106.840102,-6.305816]},"properties":{"layer_id":"ekosistem","jenis":"poi","nama":"Kimukatsu","sumber":"OSM","atribut":{"kategori":"Restoran"}}},{"type":"Feature","geometry":{"type":"Point","coordinates":[106.840299,-6.305829]},"properties":{"layer_id":"ekosistem","jenis":"poi","nama":"Social Affair","sumber":"OSM","atribut":{"kategori":"Kafe"}}},{"type":"Feature","geometry":{"type":"Point","coordinates":[106.840184,-6.306354]},"properties":{"layer_id":"ekosistem","jenis":"poi","nama":"Zenbu","sumber":"OSM","atribut":{"kategori":"Restoran"}}},{"type":"Feature","geometry":{"type":"Point","coordinates":[106.840425,-6.30603]},"properties":{"layer_id":"ekosistem","jenis":"poi","nama":"Sop Ikan Batam","sumber":"OSM","atribut":{"kategori":"Restoran"}}},{"type":"Feature","geometry":{"type":"Point","coordinates":[106.840697,-6.305926]},"properties":{"layer_id":"ekosistem","jenis":"poi","nama":"Sop Konro Cendana","sumber":"OSM","atribut":{"kategori":"Restoran"}}},{"type":"Feature","geometry":{"type":"Point","coordinates":[106.717629,-6.280269]},"properties":{"layer_id":"ekosistem","jenis":"poi","nama":"TOMORO Coffee","sumber":"OSM","atribut":{"kategori":"Kafe"}}},{"type":"Feature","geometry":{"type":"Point","coordinates":[106.79476,-6.301885]},"properties":{"layer_id":"ekosistem","jenis":"poi","nama":"RM Ganto Minang","sumber":"OSM","atribut":{"kategori":"Restoran"}}},{"type":"Feature","geometry":{"type":"Point","coordinates":[106.794718,-6.304433]},"properties":{"layer_id":"ekosistem","jenis":"poi","nama":"Yoshinoya","sumber":"OSM","atribut":{"kategori":"Makanan cepat saji"}}},{"type":"Feature","geometry":{"type":"Point","coordinates":[106.794673,-6.304519]},"properties":{"layer_id":"ekosistem","jenis":"poi","nama":"J.Co","sumber":"OSM","atribut":{"kategori":"Makanan cepat saji"}}},{"type":"Feature","geometry":{"type":"Point","coordinates":[106.90377,-6.375619]},"properties":{"layer_id":"ekosistem","jenis":"poi","nama":"Pizza Hut Delivery","sumber":"OSM","atribut":{"kategori":"Makanan cepat saji"}}},{"type":"Feature","geometry":{"type":"Point","coordinates":[106.904061,-6.376311]},"properties":{"layer_id":"ekosistem","jenis":"poi","nama":"YOSHINOYA","sumber":"OSM","atribut":{"kategori":"Restoran"}}},{"type":"Feature","geometry":{"type":"Point","coordinates":[106.798777,-6.292776]},"properties":{"layer_id":"ekosistem","jenis":"poi","nama":"Warung Nasi Ria","sumber":"OSM","atribut":{"kategori":"Restoran"}}},{"type":"Feature","geometry":{"type":"Point","coordinates":[106.798772,-6.292814]},"properties":{"layer_id":"ekosistem","jenis":"poi","nama":"Warung Sunda Kuningan","sumber":"OSM","atribut":{"kategori":"Restoran"}}},{"type":"Feature","geometry":{"type":"Point","coordinates":[106.798904,-6.292953]},"properties":{"layer_id":"ekosistem","jenis":"poi","nama":"Warung Mak","sumber":"OSM","atribut":{"kategori":"Restoran"}}},{"type":"Feature","geometry":{"type":"Point","coordinates":[106.88416,-6.290634]},"properties":{"layer_id":"ekosistem","jenis":"poi","nama":"Domino's","sumber":"OSM","atribut":{"kategori":"Makanan cepat saji"}}},{"type":"Feature","geometry":{"type":"Point","coordinates":[106.793557,-6.339546]},"properties":{"layer_id":"ekosistem","jenis":"poi","nama":"Hot In Resto","sumber":"OSM","atribut":{"kategori":"Restoran"}}},{"type":"Feature","geometry":{"type":"Point","coordinates":[106.897126,-6.297605]},"properties":{"layer_id":"ekosistem","jenis":"poi","nama":"Warkop Manunggal 17","sumber":"OSM","atribut":{"kategori":"Kafe"}}},{"type":"Feature","geometry":{"type":"Point","coordinates":[106.897046,-6.297471]},"properties":{"layer_id":"ekosistem","jenis":"poi","nama":"Bakso & Mie Ayam Rizqi Barokah","sumber":"OSM","atribut":{"kategori":"Makanan cepat saji"}}},{"type":"Feature","geometry":{"type":"Point","coordinates":[106.897191,-6.297033]},"properties":{"layer_id":"ekosistem","jenis":"poi","nama":"Soto Ceker & Ayam Bakar Betawi","sumber":"OSM","atribut":{"kategori":"Makanan cepat saji"}}},{"type":"Feature","geometry":{"type":"Point","coordinates":[106.864716,-6.411547]},"properties":{"layer_id":"ekosistem","jenis":"poi","nama":"Mie Ayam Alim","sumber":"OSM","atribut":{"kategori":"Restoran"}}},{"type":"Feature","geometry":{"type":"Point","coordinates":[106.79318,-6.292533]},"properties":{"layer_id":"ekosistem","jenis":"poi","nama":null,"sumber":"OSM","atribut":{"kategori":"Kafe"}}},{"type":"Feature","geometry":{"type":"Point","coordinates":[106.796115,-6.280918]},"properties":{"layer_id":"ekosistem","jenis":"poi","nama":"Tori_Bro","sumber":"OSM","atribut":{"kategori":"Restoran"}}},{"type":"Feature","geometry":{"type":"Point","coordinates":[106.826077,-6.432056]},"properties":{"layer_id":"ekosistem","jenis":"poi","nama":"Sederhana","sumber":"OSM","atribut":{"kategori":"Restoran"}}},{"type":"Feature","geometry":{"type":"Point","coordinates":[106.721682,-6.354859]},"properties":{"layer_id":"ekosistem","jenis":"poi","nama":"Pempek Dan Dimsum Adindas","sumber":"OSM","atribut":{"kategori":"Restoran"}}},{"type":"Feature","geometry":{"type":"Point","coordinates":[106.786823,-6.298884]},"properties":{"layer_id":"ekosistem","jenis":"poi","nama":"Kopi Kenangan","sumber":"OSM","atribut":{"kategori":"Kafe"}}},{"type":"Feature","geometry":{"type":"Point","coordinates":[106.749707,-6.389136]},"properties":{"layer_id":"ekosistem","jenis":"poi","nama":"Balai Peni Bisnis dan Pariwisata","sumber":"OSM","atribut":{"kategori":"Restoran"}}},{"type":"Feature","geometry":{"type":"Point","coordinates":[106.828394,-6.364379]},"properties":{"layer_id":"ekosistem","jenis":"poi","nama":null,"sumber":"OSM","atribut":{"kategori":"Restoran"}}},{"type":"Feature","geometry":{"type":"Point","coordinates":[106.858909,-6.326338]},"properties":{"layer_id":"ekosistem","jenis":"poi","nama":"Warung Sate Khas Solo Pak Sri","sumber":"OSM","atribut":{"kategori":"Restoran"}}},{"type":"Feature","geometry":{"type":"Point","coordinates":[106.830659,-6.490796]},"properties":{"layer_id":"ekosistem","jenis":"poi","nama":"tiga makna coffee","sumber":"OSM","atribut":{"kategori":"Kafe"}}},{"type":"Feature","geometry":{"type":"Point","coordinates":[106.748018,-6.358082]},"properties":{"layer_id":"ekosistem","jenis":"poi","nama":"Spesial Soto Boyolali","sumber":"OSM","atribut":{"kategori":"Restoran"}}},{"type":"Feature","geometry":{"type":"Point","coordinates":[106.857284,-6.326538]},"properties":{"layer_id":"ekosistem","jenis":"poi","nama":"Madre","sumber":"OSM","atribut":{"kategori":"Kafe"}}},{"type":"Feature","geometry":{"type":"Point","coordinates":[106.708301,-6.39917]},"properties":{"layer_id":"ekosistem","jenis":"poi","nama":"Gayyakuh Store & Warkop Gayyakuy","sumber":"OSM","atribut":{"kategori":"Kafe"}}},{"type":"Feature","geometry":{"type":"Point","coordinates":[106.788824,-6.521145]},"properties":{"layer_id":"ekosistem","jenis":"poi","nama":"Soto Ayam Madura Cak Athar","sumber":"OSM","atribut":{"kategori":"Restoran"}}},{"type":"Feature","geometry":{"type":"Point","coordinates":[106.851088,-6.328384]},"properties":{"layer_id":"ekosistem","jenis":"poi","nama":"Janji Jiwa","sumber":"OSM","atribut":{"kategori":"Kafe"}}},{"type":"Feature","geometry":{"type":"Point","coordinates":[106.765738,-6.492253]},"properties":{"layer_id":"ekosistem","jenis":"poi","nama":"Get Pizza & Lago Coffe","sumber":"OSM","atribut":{"kategori":"Makanan cepat saji"}}},{"type":"Feature","geometry":{"type":"Point","coordinates":[106.753644,-6.496928]},"properties":{"layer_id":"ekosistem","jenis":"poi","nama":"Bakmi Japos","sumber":"OSM","atribut":{"kategori":"Restoran"}}},{"type":"Feature","geometry":{"type":"Point","coordinates":[106.753951,-6.497181]},"properties":{"layer_id":"ekosistem","jenis":"poi","nama":"Temujumpa","sumber":"OSM","atribut":{"kategori":"Kafe"}}},{"type":"Feature","geometry":{"type":"Point","coordinates":[106.772976,-6.556803]},"properties":{"layer_id":"ekosistem","jenis":"poi","nama":"Kopi Nako Yasmin","sumber":"OSM","atribut":{"kategori":"Kafe"}}},{"type":"Feature","geometry":{"type":"Point","coordinates":[106.761874,-6.524446]},"properties":{"layer_id":"ekosistem","jenis":"poi","nama":"TOMORO Coffee","sumber":"OSM","atribut":{"kategori":"Kafe"}}},{"type":"Feature","geometry":{"type":"Point","coordinates":[106.761984,-6.524442]},"properties":{"layer_id":"ekosistem","jenis":"poi","nama":"HokBen","sumber":"OSM","atribut":{"kategori":"Makanan cepat saji"}}},{"type":"Feature","geometry":{"type":"Point","coordinates":[106.7279,-6.285461]},"properties":{"layer_id":"ekosistem","jenis":"poi","nama":"Marugame Udon","sumber":"OSM","atribut":{"kategori":"Restoran"}}},{"type":"Feature","geometry":{"type":"Point","coordinates":[106.733606,-6.419074]},"properties":{"layer_id":"ekosistem","jenis":"poi","nama":"J.Co","sumber":"OSM","atribut":{"kategori":"Makanan cepat saji"}}},{"type":"Feature","geometry":{"type":"Point","coordinates":[106.733214,-6.420474]},"properties":{"layer_id":"ekosistem","jenis":"poi","nama":"Kopi Kenangan","sumber":"OSM","atribut":{"kategori":"Kafe"}}},{"type":"Feature","geometry":{"type":"Point","coordinates":[106.770461,-6.484525]},"properties":{"layer_id":"ekosistem","jenis":"poi","nama":"Lengkah Coffee Kebon Jati","sumber":"OSM","atribut":{"kategori":"Kafe"}}},{"type":"Feature","geometry":{"type":"Point","coordinates":[106.854621,-6.338673]},"properties":{"layer_id":"ekosistem","jenis":"poi","nama":"Ayam Ull-Ull","sumber":"OSM","atribut":{"kategori":"Makanan cepat saji"}}},{"type":"Feature","geometry":{"type":"Point","coordinates":[106.837806,-6.389128]},"properties":{"layer_id":"ekosistem","jenis":"poi","nama":"KOPITIAM Sinar Pagi","sumber":"OSM","atribut":{"kategori":"Kafe"}}},{"type":"Feature","geometry":{"type":"Point","coordinates":[106.794138,-6.534421]},"properties":{"layer_id":"ekosistem","jenis":"poi","nama":"Kebab Turki","sumber":"OSM","atribut":{"kategori":"Makanan cepat saji"}}},{"type":"Feature","geometry":{"type":"Point","coordinates":[106.794118,-6.534415]},"properties":{"layer_id":"ekosistem","jenis":"poi","nama":"Martabak Manis Telor Pa'De","sumber":"OSM","atribut":{"kategori":"Makanan cepat saji"}}},{"type":"Feature","geometry":{"type":"Point","coordinates":[106.746215,-6.364844]},"properties":{"layer_id":"ekosistem","jenis":"poi","nama":"Warteg Jaya","sumber":"OSM","atribut":{"kategori":"Makanan cepat saji"}}},{"type":"Feature","geometry":{"type":"Point","coordinates":[106.746438,-6.364756]},"properties":{"layer_id":"ekosistem","jenis":"poi","nama":"Pondok Bakso Arseto","sumber":"OSM","atribut":{"kategori":"Makanan cepat saji"}}},{"type":"Feature","geometry":{"type":"Point","coordinates":[106.766769,-6.49303]},"properties":{"layer_id":"ekosistem","jenis":"poi","nama":"Kedai Kopi RImaji","sumber":"OSM","atribut":{"kategori":"Kafe"}}},{"type":"Feature","geometry":{"type":"Point","coordinates":[106.78522,-6.432838]},"properties":{"layer_id":"ekosistem","jenis":"poi","nama":"WARKOP","sumber":"OSM","atribut":{"kategori":"Kafe"}}},{"type":"Feature","geometry":{"type":"Point","coordinates":[106.777667,-6.444989]},"properties":{"layer_id":"ekosistem","jenis":"poi","nama":"Warkop ANUGERAH","sumber":"OSM","atribut":{"kategori":"Kafe"}}},{"type":"Feature","geometry":{"type":"Point","coordinates":[106.796085,-6.425974]},"properties":{"layer_id":"ekosistem","jenis":"poi","nama":"Warkop PAK DIDI","sumber":"OSM","atribut":{"kategori":"Kafe"}}},{"type":"Feature","geometry":{"type":"Point","coordinates":[106.782046,-6.418604]},"properties":{"layer_id":"ekosistem","jenis":"poi","nama":"Warkop Paijo","sumber":"OSM","atribut":{"kategori":"Kafe"}}},{"type":"Feature","geometry":{"type":"Point","coordinates":[106.782333,-6.421496]},"properties":{"layer_id":"ekosistem","jenis":"poi","nama":"WarkoP OPPUNG","sumber":"OSM","atribut":{"kategori":"Kafe"}}},{"type":"Feature","geometry":{"type":"Point","coordinates":[106.778757,-6.447266]},"properties":{"layer_id":"ekosistem","jenis":"poi","nama":"Warkop BUNDA","sumber":"OSM","atribut":{"kategori":"Kafe"}}},{"type":"Feature","geometry":{"type":"Point","coordinates":[106.782706,-6.433768]},"properties":{"layer_id":"ekosistem","jenis":"poi","nama":"Kopi Ayem","sumber":"OSM","atribut":{"kategori":"Kafe"}}},{"type":"Feature","geometry":{"type":"Point","coordinates":[106.777244,-6.444964]},"properties":{"layer_id":"ekosistem","jenis":"poi","nama":"Warkop LBH Khutanari","sumber":"OSM","atribut":{"kategori":"Kafe"}}},{"type":"Feature","geometry":{"type":"Point","coordinates":[106.791973,-6.442097]},"properties":{"layer_id":"ekosistem","jenis":"poi","nama":"Dapur Miea","sumber":"OSM","atribut":{"kategori":"Kafe"}}},{"type":"Feature","geometry":{"type":"Point","coordinates":[106.789059,-6.433314]},"properties":{"layer_id":"ekosistem","jenis":"poi","nama":"Warung Nasi Wiwik","sumber":"OSM","atribut":{"kategori":"Restoran"}}},{"type":"Feature","geometry":{"type":"Point","coordinates":[106.771953,-6.406057]},"properties":{"layer_id":"ekosistem","jenis":"poi","nama":"Warkop \"87\"","sumber":"OSM","atribut":{"kategori":"Kafe"}}},{"type":"Feature","geometry":{"type":"Point","coordinates":[106.790073,-6.433216]},"properties":{"layer_id":"ekosistem","jenis":"poi","nama":"Kedai GARUDA","sumber":"OSM","atribut":{"kategori":"Kafe"}}},{"type":"Feature","geometry":{"type":"Point","coordinates":[106.79703,-6.416722]},"properties":{"layer_id":"ekosistem","jenis":"poi","nama":"Warkop Bravo WILUJEUNG","sumber":"OSM","atribut":{"kategori":"Kafe"}}},{"type":"Feature","geometry":{"type":"Point","coordinates":[106.724085,-6.317136]},"properties":{"layer_id":"ekosistem","jenis":"poi","nama":"Warkop ANIME","sumber":"OSM","atribut":{"kategori":"Kafe"}}},{"type":"Feature","geometry":{"type":"Point","coordinates":[106.718578,-6.309038]},"properties":{"layer_id":"ekosistem","jenis":"poi","nama":"Warkop  AHMAD","sumber":"OSM","atribut":{"kategori":"Kafe"}}},{"type":"Feature","geometry":{"type":"Point","coordinates":[106.709972,-6.316581]},"properties":{"layer_id":"ekosistem","jenis":"poi","nama":"Warkop DUA PUTRI","sumber":"OSM","atribut":{"kategori":"Kafe"}}},{"type":"Feature","geometry":{"type":"Point","coordinates":[106.716928,-6.31657]},"properties":{"layer_id":"ekosistem","jenis":"poi","nama":"Warteg IIS Bahari","sumber":"OSM","atribut":{"kategori":"Restoran"}}},{"type":"Feature","geometry":{"type":"Point","coordinates":[106.717096,-6.309191]},"properties":{"layer_id":"ekosistem","jenis":"poi","nama":"Cafe Kopi WO","sumber":"OSM","atribut":{"kategori":"Kafe"}}},{"type":"Feature","geometry":{"type":"Point","coordinates":[106.867244,-6.413433]},"properties":{"layer_id":"ekosistem","jenis":"poi","nama":"Gubuk Frozen","sumber":"OSM","atribut":{"kategori":"Restoran"}}},{"type":"Feature","geometry":{"type":"Point","coordinates":[106.707859,-6.314308]},"properties":{"layer_id":"ekosistem","jenis":"poi","nama":"KICKSTART","sumber":"OSM","atribut":{"kategori":"Kafe"}}},{"type":"Feature","geometry":{"type":"Point","coordinates":[106.709934,-6.316841]},"properties":{"layer_id":"ekosistem","jenis":"poi","nama":"Warkop PJR","sumber":"OSM","atribut":{"kategori":"Kafe"}}},{"type":"Feature","geometry":{"type":"Point","coordinates":[106.72647,-6.304072]},"properties":{"layer_id":"ekosistem","jenis":"poi","nama":"Kedai Mie 99","sumber":"OSM","atribut":{"kategori":"Kafe"}}},{"type":"Feature","geometry":{"type":"Point","coordinates":[106.738551,-6.340395]},"properties":{"layer_id":"ekosistem","jenis":"poi","nama":"Soekaria","sumber":"OSM","atribut":{"kategori":"Kafe"}}},{"type":"Feature","geometry":{"type":"Point","coordinates":[106.716245,-6.316594]},"properties":{"layer_id":"ekosistem","jenis":"poi","nama":"Abadi Kuningan","sumber":"OSM","atribut":{"kategori":"Kafe"}}},{"type":"Feature","geometry":{"type":"Point","coordinates":[106.721853,-6.314203]},"properties":{"layer_id":"ekosistem","jenis":"poi","nama":"Warkop SAGAYA \"15\"","sumber":"OSM","atribut":{"kategori":"Kafe"}}},{"type":"Feature","geometry":{"type":"Point","coordinates":[106.714931,-6.30096]},"properties":{"layer_id":"ekosistem","jenis":"poi","nama":"Warkop GAUL","sumber":"OSM","atribut":{"kategori":"Kafe"}}},{"type":"Feature","geometry":{"type":"Point","coordinates":[106.708327,-6.309889]},"properties":{"layer_id":"ekosistem","jenis":"poi","nama":"Warkop Pancong \"2F\"","sumber":"OSM","atribut":{"kategori":"Kafe"}}},{"type":"Feature","geometry":{"type":"Point","coordinates":[106.735185,-6.316063]},"properties":{"layer_id":"ekosistem","jenis":"poi","nama":"AURA","sumber":"OSM","atribut":{"kategori":"Restoran"}}},{"type":"Feature","geometry":{"type":"Point","coordinates":[106.794901,-6.293804]},"properties":{"layer_id":"ekosistem","jenis":"poi","nama":"Bebek Goreng Kepahiang","sumber":"OSM","atribut":{"kategori":"Restoran"}}},{"type":"Feature","geometry":{"type":"Point","coordinates":[106.794848,-6.294905]},"properties":{"layer_id":"ekosistem","jenis":"poi","nama":"Auntie Anne's","sumber":"OSM","atribut":{"kategori":"Makanan cepat saji"}}},{"type":"Feature","geometry":{"type":"Point","coordinates":[106.794819,-6.296443]},"properties":{"layer_id":"ekosistem","jenis":"poi","nama":"Point Coffee","sumber":"OSM","atribut":{"kategori":"Kafe"}}},{"type":"Feature","geometry":{"type":"Point","coordinates":[106.727906,-6.336775]},"properties":{"layer_id":"ekosistem","jenis":"poi","nama":"WARKOP \"24\"","sumber":"OSM","atribut":{"kategori":"Kafe"}}},{"type":"Feature","geometry":{"type":"Point","coordinates":[106.717273,-6.309164]},"properties":{"layer_id":"ekosistem","jenis":"poi","nama":"Pion Sruntul & Warkop","sumber":"OSM","atribut":{"kategori":"Kafe"}}},{"type":"Feature","geometry":{"type":"Point","coordinates":[106.745184,-6.323633]},"properties":{"layer_id":"ekosistem","jenis":"poi","nama":"Warung Nasi","sumber":"OSM","atribut":{"kategori":"Restoran"}}},{"type":"Feature","geometry":{"type":"Point","coordinates":[106.703296,-6.369323]},"properties":{"layer_id":"ekosistem","jenis":"poi","nama":"Warkop TAMPOMAS","sumber":"OSM","atribut":{"kategori":"Kafe"}}},{"type":"Feature","geometry":{"type":"Point","coordinates":[106.783303,-6.433247]},"properties":{"layer_id":"ekosistem","jenis":"poi","nama":"Kopi ALMER","sumber":"OSM","atribut":{"kategori":"Kafe"}}},{"type":"Feature","geometry":{"type":"Point","coordinates":[106.734188,-6.43668]},"properties":{"layer_id":"ekosistem","jenis":"poi","nama":"SELERA","sumber":"OSM","atribut":{"kategori":"Kafe"}}},{"type":"Feature","geometry":{"type":"Point","coordinates":[106.731673,-6.426356]},"properties":{"layer_id":"ekosistem","jenis":"poi","nama":"Warkop","sumber":"OSM","atribut":{"kategori":"Kafe"}}},{"type":"Feature","geometry":{"type":"Point","coordinates":[106.778938,-6.434016]},"properties":{"layer_id":"ekosistem","jenis":"poi","nama":"Warteg BAHARI","sumber":"OSM","atribut":{"kategori":"Restoran"}}},{"type":"Feature","geometry":{"type":"Point","coordinates":[106.782308,-6.420302]},"properties":{"layer_id":"ekosistem","jenis":"poi","nama":"Warkop BERKAH RACING","sumber":"OSM","atribut":{"kategori":"Kafe"}}},{"type":"Feature","geometry":{"type":"Point","coordinates":[106.757328,-6.430686]},"properties":{"layer_id":"ekosistem","jenis":"poi","nama":"Warkop BRAVO","sumber":"OSM","atribut":{"kategori":"Kafe"}}},{"type":"Feature","geometry":{"type":"Point","coordinates":[106.778031,-6.445043]},"properties":{"layer_id":"ekosistem","jenis":"poi","nama":"Warteg BAHARI","sumber":"OSM","atribut":{"kategori":"Restoran"}}},{"type":"Feature","geometry":{"type":"Point","coordinates":[106.863298,-6.4802]},"properties":{"layer_id":"ekosistem","jenis":"poi","nama":"J.Co","sumber":"OSM","atribut":{"kategori":"Makanan cepat saji"}}},{"type":"Feature","geometry":{"type":"Point","coordinates":[106.783634,-6.502776]},"properties":{"layer_id":"ekosistem","jenis":"poi","nama":"Mixue","sumber":"OSM","atribut":{"kategori":"Kafe"}}},{"type":"Feature","geometry":{"type":"Point","coordinates":[106.794884,-6.497287]},"properties":{"layer_id":"ekosistem","jenis":"poi","nama":"Mixue","sumber":"OSM","atribut":{"kategori":"Kafe"}}},{"type":"Feature","geometry":{"type":"Point","coordinates":[106.79599,-6.487268]},"properties":{"layer_id":"ekosistem","jenis":"poi","nama":"Pizza Hut Delivery","sumber":"OSM","atribut":{"kategori":"Makanan cepat saji"}}},{"type":"Feature","geometry":{"type":"Point","coordinates":[106.795133,-6.488851]},"properties":{"layer_id":"ekosistem","jenis":"poi","nama":"Domino's","sumber":"OSM","atribut":{"kategori":"Makanan cepat saji"}}},{"type":"Feature","geometry":{"type":"Point","coordinates":[106.796903,-6.401247]},"properties":{"layer_id":"ekosistem","jenis":"poi","nama":"Warkop SEHATI","sumber":"OSM","atribut":{"kategori":"Kafe"}}},{"type":"Feature","geometry":{"type":"Point","coordinates":[106.782968,-6.424085]},"properties":{"layer_id":"ekosistem","jenis":"poi","nama":"a&a Warkop","sumber":"OSM","atribut":{"kategori":"Kafe"}}},{"type":"Feature","geometry":{"type":"Point","coordinates":[106.700996,-6.315098]},"properties":{"layer_id":"ekosistem","jenis":"poi","nama":"Warkop\" 家族\" KAZOKU","sumber":"OSM","atribut":{"kategori":"Kafe"}}},{"type":"Feature","geometry":{"type":"Point","coordinates":[106.714077,-6.316709]},"properties":{"layer_id":"ekosistem","jenis":"poi","nama":"Warmindo di.Emih.an","sumber":"OSM","atribut":{"kategori":"Kafe"}}},{"type":"Feature","geometry":{"type":"Point","coordinates":[106.723769,-6.342149]},"properties":{"layer_id":"ekosistem","jenis":"poi","nama":"WARKOP","sumber":"OSM","atribut":{"kategori":"Kafe"}}},{"type":"Feature","geometry":{"type":"Point","coordinates":[106.713493,-6.298311]},"properties":{"layer_id":"ekosistem","jenis":"poi","nama":"Warkop","sumber":"OSM","atribut":{"kategori":"Kafe"}}},{"type":"Feature","geometry":{"type":"Point","coordinates":[106.705743,-6.374108]},"properties":{"layer_id":"ekosistem","jenis":"poi","nama":"TATA Berkah","sumber":"OSM","atribut":{"kategori":"Kafe"}}},{"type":"Feature","geometry":{"type":"Point","coordinates":[106.798075,-6.402645]},"properties":{"layer_id":"ekosistem","jenis":"poi","nama":"Warkop Bang Eza","sumber":"OSM","atribut":{"kategori":"Kafe"}}},{"type":"Feature","geometry":{"type":"Point","coordinates":[106.726462,-6.335004]},"properties":{"layer_id":"ekosistem","jenis":"poi","nama":"Sedjagatemu","sumber":"OSM","atribut":{"kategori":"Kafe"}}},{"type":"Feature","geometry":{"type":"Point","coordinates":[106.736294,-6.292967]},"properties":{"layer_id":"ekosistem","jenis":"poi","nama":"Kayu Menjangan","sumber":"OSM","atribut":{"kategori":"Restoran"}}},{"type":"Feature","geometry":{"type":"Point","coordinates":[106.716294,-6.30302]},"properties":{"layer_id":"ekosistem","jenis":"poi","nama":"Warkop VJB","sumber":"OSM","atribut":{"kategori":"Kafe"}}},{"type":"Feature","geometry":{"type":"Point","coordinates":[106.724879,-6.321235]},"properties":{"layer_id":"ekosistem","jenis":"poi","nama":"Seblak Prasmanan & Kopi SUTARA","sumber":"OSM","atribut":{"kategori":"Kafe"}}},{"type":"Feature","geometry":{"type":"Point","coordinates":[106.71121,-6.341993]},"properties":{"layer_id":"ekosistem","jenis":"poi","nama":"Warkop BOS","sumber":"OSM","atribut":{"kategori":"Kafe"}}},{"type":"Feature","geometry":{"type":"Point","coordinates":[106.712392,-6.382632]},"properties":{"layer_id":"ekosistem","jenis":"poi","nama":"Warkop Ronggolawe Tuban","sumber":"OSM","atribut":{"kategori":"Kafe"}}},{"type":"Feature","geometry":{"type":"Point","coordinates":[106.78417,-6.43075]},"properties":{"layer_id":"ekosistem","jenis":"poi","nama":"Warkop & Pancong MARINDO","sumber":"OSM","atribut":{"kategori":"Kafe"}}},{"type":"Feature","geometry":{"type":"Point","coordinates":[106.774743,-6.438808]},"properties":{"layer_id":"ekosistem","jenis":"poi","nama":"Warkop BRAVO","sumber":"OSM","atribut":{"kategori":"Kafe"}}},{"type":"Feature","geometry":{"type":"Point","coordinates":[106.782326,-6.421371]},"properties":{"layer_id":"ekosistem","jenis":"poi","nama":"Aneka Jus","sumber":"OSM","atribut":{"kategori":"Kafe"}}},{"type":"Feature","geometry":{"type":"Point","coordinates":[106.797082,-6.416436]},"properties":{"layer_id":"ekosistem","jenis":"poi","nama":"Mami BUYA","sumber":"OSM","atribut":{"kategori":"Kafe"}}},{"type":"Feature","geometry":{"type":"Point","coordinates":[106.776793,-6.444253]},"properties":{"layer_id":"ekosistem","jenis":"poi","nama":"Warkop Doa Ibu","sumber":"OSM","atribut":{"kategori":"Kafe"}}},{"type":"Feature","geometry":{"type":"Point","coordinates":[106.774668,-6.440673]},"properties":{"layer_id":"ekosistem","jenis":"poi","nama":"Warmindo Mamah RAY","sumber":"OSM","atribut":{"kategori":"Kafe"}}},{"type":"Feature","geometry":{"type":"Point","coordinates":[106.752973,-6.419456]},"properties":{"layer_id":"ekosistem","jenis":"poi","nama":"Berkah Big'S Family","sumber":"OSM","atribut":{"kategori":"Kafe"}}},{"type":"Feature","geometry":{"type":"Point","coordinates":[106.723865,-6.31702]},"properties":{"layer_id":"ekosistem","jenis":"poi","nama":"DGLO","sumber":"OSM","atribut":{"kategori":"Kafe"}}},{"type":"Feature","geometry":{"type":"Point","coordinates":[106.749962,-6.344822]},"properties":{"layer_id":"ekosistem","jenis":"poi","nama":"Warkop MBA MAY","sumber":"OSM","atribut":{"kategori":"Kafe"}}},{"type":"Feature","geometry":{"type":"Point","coordinates":[106.725437,-6.329288]},"properties":{"layer_id":"ekosistem","jenis":"poi","nama":"Warung Kopi PAK GEMBUL","sumber":"OSM","atribut":{"kategori":"Kafe"}}},{"type":"Feature","geometry":{"type":"Point","coordinates":[106.742088,-6.325361]},"properties":{"layer_id":"ekosistem","jenis":"poi","nama":"KELAWAI.WARKOP","sumber":"OSM","atribut":{"kategori":"Kafe"}}},{"type":"Feature","geometry":{"type":"Point","coordinates":[106.730842,-6.416615]},"properties":{"layer_id":"ekosistem","jenis":"poi","nama":"Warkop","sumber":"OSM","atribut":{"kategori":"Kafe"}}},{"type":"Feature","geometry":{"type":"Point","coordinates":[106.722212,-6.311523]},"properties":{"layer_id":"ekosistem","jenis":"poi","nama":"WARMINDO","sumber":"OSM","atribut":{"kategori":"Kafe"}}},{"type":"Feature","geometry":{"type":"Point","coordinates":[106.714972,-6.299899]},"properties":{"layer_id":"ekosistem","jenis":"poi","nama":"Mandiri Jaya","sumber":"OSM","atribut":{"kategori":"Restoran"}}},{"type":"Feature","geometry":{"type":"Point","coordinates":[106.727922,-6.341969]},"properties":{"layer_id":"ekosistem","jenis":"poi","nama":"MERONA","sumber":"OSM","atribut":{"kategori":"Kafe"}}},{"type":"Feature","geometry":{"type":"Point","coordinates":[106.707783,-6.314996]},"properties":{"layer_id":"ekosistem","jenis":"poi","nama":"Warkop SIGEKO","sumber":"OSM","atribut":{"kategori":"Kafe"}}},{"type":"Feature","geometry":{"type":"Point","coordinates":[106.725943,-6.332091]},"properties":{"layer_id":"ekosistem","jenis":"poi","nama":"Warkop SEJAGAT","sumber":"OSM","atribut":{"kategori":"Kafe"}}},{"type":"Feature","geometry":{"type":"Point","coordinates":[106.700234,-6.362722]},"properties":{"layer_id":"ekosistem","jenis":"poi","nama":"Warkop GASTRI","sumber":"OSM","atribut":{"kategori":"Kafe"}}},{"type":"Feature","geometry":{"type":"Point","coordinates":[106.786087,-6.432894]},"properties":{"layer_id":"ekosistem","jenis":"poi","nama":"Warkop Sumber Rejeki","sumber":"OSM","atribut":{"kategori":"Kafe"}}},{"type":"Feature","geometry":{"type":"Point","coordinates":[106.811887,-6.398479]},"properties":{"layer_id":"ekosistem","jenis":"poi","nama":"WARMINDO Pancoran Mas","sumber":"OSM","atribut":{"kategori":"Kafe"}}},{"type":"Feature","geometry":{"type":"Point","coordinates":[106.778966,-6.433865]},"properties":{"layer_id":"ekosistem","jenis":"poi","nama":"Warkop TITIK KUMPUL","sumber":"OSM","atribut":{"kategori":"Kafe"}}},{"type":"Feature","geometry":{"type":"Point","coordinates":[106.786796,-6.470384]},"properties":{"layer_id":"ekosistem","jenis":"poi","nama":"Warkop PONCOL","sumber":"OSM","atribut":{"kategori":"Kafe"}}},{"type":"Feature","geometry":{"type":"Point","coordinates":[106.784339,-6.432478]},"properties":{"layer_id":"ekosistem","jenis":"poi","nama":"Warkop BAROKAH","sumber":"OSM","atribut":{"kategori":"Kafe"}}},{"type":"Feature","geometry":{"type":"Point","coordinates":[106.796143,-6.431665]},"properties":{"layer_id":"ekosistem","jenis":"poi","nama":"Warkop \"APS24\"","sumber":"OSM","atribut":{"kategori":"Kafe"}}},{"type":"Feature","geometry":{"type":"Point","coordinates":[106.78099,-6.415608]},"properties":{"layer_id":"ekosistem","jenis":"poi","nama":"Warkop Mie LENIAL","sumber":"OSM","atribut":{"kategori":"Kafe"}}},{"type":"Feature","geometry":{"type":"Point","coordinates":[106.79533,-6.433003]},"properties":{"layer_id":"ekosistem","jenis":"poi","nama":"Warkop Teh EVI","sumber":"OSM","atribut":{"kategori":"Kafe"}}},{"type":"Feature","geometry":{"type":"Point","coordinates":[106.786108,-6.449076]},"properties":{"layer_id":"ekosistem","jenis":"poi","nama":"Warkop \"ЕGY\"","sumber":"OSM","atribut":{"kategori":"Kafe"}}},{"type":"Feature","geometry":{"type":"Point","coordinates":[106.783887,-6.427266]},"properties":{"layer_id":"ekosistem","jenis":"poi","nama":"Warkop JUARA","sumber":"OSM","atribut":{"kategori":"Kafe"}}},{"type":"Feature","geometry":{"type":"Point","coordinates":[106.791967,-6.442034]},"properties":{"layer_id":"ekosistem","jenis":"poi","nama":"the real DIMSUM","sumber":"OSM","atribut":{"kategori":"Makanan cepat saji"}}},{"type":"Feature","geometry":{"type":"Point","coordinates":[106.774384,-6.406468]},"properties":{"layer_id":"ekosistem","jenis":"poi","nama":"Warkop BERKAH Big's Family","sumber":"OSM","atribut":{"kategori":"Kafe"}}},{"type":"Feature","geometry":{"type":"Point","coordinates":[106.759261,-6.431247]},"properties":{"layer_id":"ekosistem","jenis":"poi","nama":"Warmindo TAMPOMAS","sumber":"OSM","atribut":{"kategori":"Kafe"}}},{"type":"Feature","geometry":{"type":"Point","coordinates":[106.75978,-6.475686]},"properties":{"layer_id":"ekosistem","jenis":"poi","nama":"SUMBER ALAM Warkop Suka-Suka","sumber":"OSM","atribut":{"kategori":"Kafe"}}},{"type":"Feature","geometry":{"type":"Point","coordinates":[106.791075,-6.44056]},"properties":{"layer_id":"ekosistem","jenis":"poi","nama":"KHYG!!!","sumber":"OSM","atribut":{"kategori":"Kafe"}}},{"type":"Feature","geometry":{"type":"Point","coordinates":[106.771159,-6.405855]},"properties":{"layer_id":"ekosistem","jenis":"poi","nama":"Warkop \"BOY\"","sumber":"OSM","atribut":{"kategori":"Kafe"}}},{"type":"Feature","geometry":{"type":"Point","coordinates":[106.774074,-6.438345]},"properties":{"layer_id":"ekosistem","jenis":"poi","nama":"Warkop Bang MUMUH","sumber":"OSM","atribut":{"kategori":"Kafe"}}},{"type":"Feature","geometry":{"type":"Point","coordinates":[106.786646,-6.311078]},"properties":{"layer_id":"ekosistem","jenis":"poi","nama":"Warteg","sumber":"OSM","atribut":{"kategori":"Restoran"}}},{"type":"Feature","geometry":{"type":"Point","coordinates":[106.71019,-6.340782]},"properties":{"layer_id":"ekosistem","jenis":"poi","nama":"Warkop Chi-Ci","sumber":"OSM","atribut":{"kategori":"Kafe"}}},{"type":"Feature","geometry":{"type":"Point","coordinates":[106.731018,-6.33453]},"properties":{"layer_id":"ekosistem","jenis":"poi","nama":"Warkop RAMBUTAN","sumber":"OSM","atribut":{"kategori":"Kafe"}}},{"type":"Feature","geometry":{"type":"Point","coordinates":[106.745249,-6.292119]},"properties":{"layer_id":"ekosistem","jenis":"poi","nama":"Warkop DOELL's","sumber":"OSM","atribut":{"kategori":"Kafe"}}},{"type":"Feature","geometry":{"type":"Point","coordinates":[106.725334,-6.323211]},"properties":{"layer_id":"ekosistem","jenis":"poi","nama":"Warkop SUTARA","sumber":"OSM","atribut":{"kategori":"Kafe"}}},{"type":"Feature","geometry":{"type":"Point","coordinates":[106.776022,-6.406655]},"properties":{"layer_id":"ekosistem","jenis":"poi","nama":"Tempat NGOPI","sumber":"OSM","atribut":{"kategori":"Kafe"}}},{"type":"Feature","geometry":{"type":"Point","coordinates":[106.782242,-6.419719]},"properties":{"layer_id":"ekosistem","jenis":"poi","nama":"Warteg \"IZZA\"","sumber":"OSM","atribut":{"kategori":"Restoran"}}},{"type":"Feature","geometry":{"type":"Point","coordinates":[106.700856,-6.363618]},"properties":{"layer_id":"ekosistem","jenis":"poi","nama":"Warkop SAGAYA Bkt. Dago","sumber":"OSM","atribut":{"kategori":"Kafe"}}},{"type":"Feature","geometry":{"type":"Point","coordinates":[106.739002,-6.406097]},"properties":{"layer_id":"ekosistem","jenis":"poi","nama":"Warkop MANJAW","sumber":"OSM","atribut":{"kategori":"Kafe"}}},{"type":"Feature","geometry":{"type":"Point","coordinates":[106.783127,-6.42466]},"properties":{"layer_id":"ekosistem","jenis":"poi","nama":"WARKOP & Ketan Susu","sumber":"OSM","atribut":{"kategori":"Kafe"}}},{"type":"Feature","geometry":{"type":"Point","coordinates":[106.877603,-6.521098]},"properties":{"layer_id":"ekosistem","jenis":"poi","nama":null,"sumber":"OSM","atribut":{"kategori":"Kafe"}}},{"type":"Feature","geometry":{"type":"Point","coordinates":[106.811791,-6.284131]},"properties":{"layer_id":"ekosistem","jenis":"poi","nama":"Gordi hq kopi","sumber":"OSM","atribut":{"kategori":"Kafe"}}},{"type":"Feature","geometry":{"type":"Point","coordinates":[106.877695,-6.521361]},"properties":{"layer_id":"ekosistem","jenis":"poi","nama":null,"sumber":"OSM","atribut":{"kategori":"Makanan cepat saji"}}},{"type":"Feature","geometry":{"type":"Point","coordinates":[106.876592,-6.495142]},"properties":{"layer_id":"ekosistem","jenis":"poi","nama":"Warung Sunda Bu Acih","sumber":"OSM","atribut":{"kategori":"Restoran"}}},{"type":"Feature","geometry":{"type":"Point","coordinates":[106.792829,-6.432955]},"properties":{"layer_id":"ekosistem","jenis":"poi","nama":"WARKOP","sumber":"OSM","atribut":{"kategori":"Kafe"}}},{"type":"Feature","geometry":{"type":"Point","coordinates":[106.743838,-6.348051]},"properties":{"layer_id":"ekosistem","jenis":"poi","nama":"Warkop BOEMI","sumber":"OSM","atribut":{"kategori":"Kafe"}}},{"type":"Feature","geometry":{"type":"Point","coordinates":[106.707672,-6.315249]},"properties":{"layer_id":"ekosistem","jenis":"poi","nama":"Warung APIP","sumber":"OSM","atribut":{"kategori":"Restoran"}}},{"type":"Feature","geometry":{"type":"Point","coordinates":[106.729275,-6.33606]},"properties":{"layer_id":"ekosistem","jenis":"poi","nama":"Warkop BETA","sumber":"OSM","atribut":{"kategori":"Kafe"}}},{"type":"Feature","geometry":{"type":"Point","coordinates":[106.858939,-6.288163]},"properties":{"layer_id":"ekosistem","jenis":"poi","nama":"Sushi Stop","sumber":"OSM","atribut":{"kategori":"Restoran"}}},{"type":"Feature","geometry":{"type":"Point","coordinates":[106.858955,-6.288104]},"properties":{"layer_id":"ekosistem","jenis":"poi","nama":"Calf Coffee","sumber":"OSM","atribut":{"kategori":"Kafe"}}},{"type":"Feature","geometry":{"type":"Point","coordinates":[106.765625,-6.44521]},"properties":{"layer_id":"ekosistem","jenis":"poi","nama":"Warmindo \"427\"","sumber":"OSM","atribut":{"kategori":"Kafe"}}},{"type":"Feature","geometry":{"type":"Point","coordinates":[106.788606,-6.475575]},"properties":{"layer_id":"ekosistem","jenis":"poi","nama":"KENANGAN KITA","sumber":"OSM","atribut":{"kategori":"Kafe"}}},{"type":"Feature","geometry":{"type":"Point","coordinates":[106.739204,-6.44385]},"properties":{"layer_id":"ekosistem","jenis":"poi","nama":"Warkop KATNISS","sumber":"OSM","atribut":{"kategori":"Kafe"}}},{"type":"Feature","geometry":{"type":"Point","coordinates":[106.770255,-6.405556]},"properties":{"layer_id":"ekosistem","jenis":"poi","nama":"Warung Panca Barokah","sumber":"OSM","atribut":{"kategori":"Restoran"}}},{"type":"Feature","geometry":{"type":"Point","coordinates":[106.81067,-6.421841]},"properties":{"layer_id":"ekosistem","jenis":"poi","nama":"Warkop SAHABAT 26","sumber":"OSM","atribut":{"kategori":"Kafe"}}},{"type":"Feature","geometry":{"type":"Point","coordinates":[106.715513,-6.345425]},"properties":{"layer_id":"ekosistem","jenis":"poi","nama":"Warteg Langgeng Jaya","sumber":"OSM","atribut":{"kategori":"Restoran"}}},{"type":"Feature","geometry":{"type":"Point","coordinates":[106.715524,-6.345478]},"properties":{"layer_id":"ekosistem","jenis":"poi","nama":"Sari Minang Jaya","sumber":"OSM","atribut":{"kategori":"Restoran"}}},{"type":"Feature","geometry":{"type":"Point","coordinates":[106.715594,-6.345574]},"properties":{"layer_id":"ekosistem","jenis":"poi","nama":"Warteg Jayabahari","sumber":"OSM","atribut":{"kategori":"Restoran"}}},{"type":"Feature","geometry":{"type":"Point","coordinates":[106.7163,-6.345407]},"properties":{"layer_id":"ekosistem","jenis":"poi","nama":"Bebek dan Ayam Kampung Mas Budi","sumber":"OSM","atribut":{"kategori":"Restoran"}}},{"type":"Feature","geometry":{"type":"Point","coordinates":[106.716155,-6.345449]},"properties":{"layer_id":"ekosistem","jenis":"poi","nama":"Warteg Kharisma","sumber":"OSM","atribut":{"kategori":"Restoran"}}},{"type":"Feature","geometry":{"type":"Point","coordinates":[106.716006,-6.345411]},"properties":{"layer_id":"ekosistem","jenis":"poi","nama":"Kangen Cafe Stop","sumber":"OSM","atribut":{"kategori":"Kafe"}}},{"type":"Feature","geometry":{"type":"Point","coordinates":[106.715972,-6.345416]},"properties":{"layer_id":"ekosistem","jenis":"poi","nama":"Pusako Miang","sumber":"OSM","atribut":{"kategori":"Restoran"}}},{"type":"Feature","geometry":{"type":"Point","coordinates":[106.751421,-6.429499]},"properties":{"layer_id":"ekosistem","jenis":"poi","nama":"Warkop ZOE","sumber":"OSM","atribut":{"kategori":"Kafe"}}},{"type":"Feature","geometry":{"type":"Point","coordinates":[106.81259,-6.481674]},"properties":{"layer_id":"ekosistem","jenis":"poi","nama":"Barokah GEWART","sumber":"OSM","atribut":{"kategori":"Restoran"}}},{"type":"Feature","geometry":{"type":"Point","coordinates":[106.780229,-6.43447]},"properties":{"layer_id":"ekosistem","jenis":"poi","nama":"Warkop CITA RASA 2","sumber":"OSM","atribut":{"kategori":"Kafe"}}},{"type":"Feature","geometry":{"type":"Point","coordinates":[106.752817,-6.420344]},"properties":{"layer_id":"ekosistem","jenis":"poi","nama":"Selamat Sejahtera","sumber":"OSM","atribut":{"kategori":"Kafe"}}},{"type":"Feature","geometry":{"type":"Point","coordinates":[106.781267,-6.311003]},"properties":{"layer_id":"ekosistem","jenis":"poi","nama":"Toko Kopi TUKU - Karang Tengah","sumber":"OSM","atribut":{"kategori":"Kafe"}}},{"type":"Feature","geometry":{"type":"Point","coordinates":[106.776022,-6.349456]},"properties":{"layer_id":"ekosistem","jenis":"poi","nama":"Toko Kopi TUKU - Cinere","sumber":"OSM","atribut":{"kategori":"Kafe"}}},{"type":"Feature","geometry":{"type":"Point","coordinates":[106.785912,-6.433318]},"properties":{"layer_id":"ekosistem","jenis":"poi","nama":"Warkop DRAGON","sumber":"OSM","atribut":{"kategori":"Kafe"}}},{"type":"Feature","geometry":{"type":"Point","coordinates":[106.737221,-6.340948]},"properties":{"layer_id":"ekosistem","jenis":"poi","nama":"Toko Kopi TUKU - Pamulang","sumber":"OSM","atribut":{"kategori":"Kafe"}}},{"type":"Feature","geometry":{"type":"Point","coordinates":[106.750765,-6.430848]},"properties":{"layer_id":"ekosistem","jenis":"poi","nama":"Warung Makan APA BAE","sumber":"OSM","atribut":{"kategori":"Kafe"}}},{"type":"Feature","geometry":{"type":"Point","coordinates":[106.760642,-6.467466]},"properties":{"layer_id":"ekosistem","jenis":"poi","nama":"HW Coffee","sumber":"OSM","atribut":{"kategori":"Kafe"}}},{"type":"Feature","geometry":{"type":"Point","coordinates":[106.900776,-6.309317]},"properties":{"layer_id":"ekosistem","jenis":"poi","nama":"Katsu Zen","sumber":"OSM","atribut":{"kategori":"Restoran"}}},{"type":"Feature","geometry":{"type":"Point","coordinates":[106.901079,-6.309509]},"properties":{"layer_id":"ekosistem","jenis":"poi","nama":"First Crack","sumber":"OSM","atribut":{"kategori":"Kafe"}}},{"type":"Feature","geometry":{"type":"Point","coordinates":[106.900693,-6.309487]},"properties":{"layer_id":"ekosistem","jenis":"poi","nama":"Croco","sumber":"OSM","atribut":{"kategori":"Restoran"}}},{"type":"Feature","geometry":{"type":"Point","coordinates":[106.762415,-6.432598]},"properties":{"layer_id":"ekosistem","jenis":"poi","nama":"Warteg PUTRA PUTRI JAYA","sumber":"OSM","atribut":{"kategori":"Restoran"}}},{"type":"Feature","geometry":{"type":"Point","coordinates":[106.734763,-6.449249]},"properties":{"layer_id":"ekosistem","jenis":"poi","nama":"Cafe LAUTE","sumber":"OSM","atribut":{"kategori":"Kafe"}}},{"type":"Feature","geometry":{"type":"Point","coordinates":[106.779683,-6.411513]},"properties":{"layer_id":"ekosistem","jenis":"poi","nama":"Warkop BURDAH KUNING","sumber":"OSM","atribut":{"kategori":"Kafe"}}},{"type":"Feature","geometry":{"type":"Point","coordinates":[106.770583,-6.432193]},"properties":{"layer_id":"ekosistem","jenis":"poi","nama":"Warkop \"SS\" drink & food","sumber":"OSM","atribut":{"kategori":"Kafe"}}},{"type":"Feature","geometry":{"type":"Point","coordinates":[106.764357,-6.476145]},"properties":{"layer_id":"ekosistem","jenis":"poi","nama":"Warkop 1001CC Coffee Bakery","sumber":"OSM","atribut":{"kategori":"Kafe"}}},{"type":"Feature","geometry":{"type":"Point","coordinates":[106.786701,-6.534117]},"properties":{"layer_id":"ekosistem","jenis":"poi","nama":"Kedai Jus Kencana","sumber":"OSM","atribut":{"kategori":"Makanan cepat saji"}}},{"type":"Feature","geometry":{"type":"Point","coordinates":[106.787934,-6.518178]},"properties":{"layer_id":"ekosistem","jenis":"poi","nama":"Mandiri Bakso & Mie Ayam GJDW","sumber":"OSM","atribut":{"kategori":"Restoran"}}},{"type":"Feature","geometry":{"type":"Point","coordinates":[106.757037,-6.515732]},"properties":{"layer_id":"ekosistem","jenis":"poi","nama":"Berkah Warmindo","sumber":"OSM","atribut":{"kategori":"Kafe"}}},{"type":"Feature","geometry":{"type":"Point","coordinates":[106.789626,-6.475579]},"properties":{"layer_id":"ekosistem","jenis":"poi","nama":"Warkop TEDUH","sumber":"OSM","atribut":{"kategori":"Kafe"}}},{"type":"Feature","geometry":{"type":"Point","coordinates":[106.724007,-6.302261]},"properties":{"layer_id":"ekosistem","jenis":"poi","nama":"Creme Kopi Paling Creamy di Tangsel (U-Town Bintaro)","sumber":"OSM","atribut":{"kategori":"Kafe"}}},{"type":"Feature","geometry":{"type":"Point","coordinates":[106.714016,-6.309562]},"properties":{"layer_id":"ekosistem","jenis":"poi","nama":"Creme Kopi Paling Creamy di Tangsel (Bukit Nusa Indah)","sumber":"OSM","atribut":{"kategori":"Kafe"}}},{"type":"Feature","geometry":{"type":"Point","coordinates":[106.759307,-6.44659]},"properties":{"layer_id":"ekosistem","jenis":"poi","nama":"Warkop ANUGERAH","sumber":"OSM","atribut":{"kategori":"Kafe"}}},{"type":"Feature","geometry":{"type":"Point","coordinates":[106.768557,-6.444463]},"properties":{"layer_id":"ekosistem","jenis":"poi","nama":"Warkop Indomie ANUGRAH","sumber":"OSM","atribut":{"kategori":"Kafe"}}},{"type":"Feature","geometry":{"type":"Point","coordinates":[106.732192,-6.314893]},"properties":{"layer_id":"ekosistem","jenis":"poi","nama":"Restoran Kampung Kecil","sumber":"OSM","atribut":{"kategori":"Restoran"}}},{"type":"Feature","geometry":{"type":"Point","coordinates":[106.781283,-6.41579]},"properties":{"layer_id":"ekosistem","jenis":"poi","nama":"Warteg BAHARI","sumber":"OSM","atribut":{"kategori":"Restoran"}}},{"type":"Feature","geometry":{"type":"Point","coordinates":[106.817439,-6.289778]},"properties":{"layer_id":"ekosistem","jenis":"poi","nama":"Berkala Coffee","sumber":"OSM","atribut":{"kategori":"Kafe"}}},{"type":"Feature","geometry":{"type":"Point","coordinates":[106.823916,-6.327389]},"properties":{"layer_id":"ekosistem","jenis":"poi","nama":"WARJON","sumber":"OSM","atribut":{"kategori":"Kafe"}}},{"type":"Feature","geometry":{"type":"Point","coordinates":[106.829279,-6.284702]},"properties":{"layer_id":"ekosistem","jenis":"poi","nama":"Poly Board Games Cafe","sumber":"OSM","atribut":{"kategori":"Kafe"}}},{"type":"Feature","geometry":{"type":"Point","coordinates":[106.775656,-6.434146]},"properties":{"layer_id":"ekosistem","jenis":"poi","nama":"Warung Nasi TAMPOMAS","sumber":"OSM","atribut":{"kategori":"Restoran"}}},{"type":"Feature","geometry":{"type":"Point","coordinates":[106.770096,-6.406395]},"properties":{"layer_id":"ekosistem","jenis":"poi","nama":"Warkop ANUGRAH","sumber":"OSM","atribut":{"kategori":"Kafe"}}},{"type":"Feature","geometry":{"type":"Point","coordinates":[106.776172,-6.433734]},"properties":{"layer_id":"ekosistem","jenis":"poi","nama":"Warung Pondok Zidane","sumber":"OSM","atribut":{"kategori":"Kafe"}}},{"type":"Feature","geometry":{"type":"Point","coordinates":[106.752357,-6.421652]},"properties":{"layer_id":"ekosistem","jenis":"poi","nama":"WARKOP","sumber":"OSM","atribut":{"kategori":"Kafe"}}},{"type":"Feature","geometry":{"type":"Point","coordinates":[106.757061,-6.481091]},"properties":{"layer_id":"ekosistem","jenis":"poi","nama":"Mie Ayam Bakso Gede Rasa","sumber":"OSM","atribut":{"kategori":"Restoran"}}},{"type":"Feature","geometry":{"type":"Point","coordinates":[106.78174,-6.556518]},"properties":{"layer_id":"ekosistem","jenis":"poi","nama":"Pempek Terang Bulan","sumber":"OSM","atribut":{"kategori":"Restoran"}}},{"type":"Feature","geometry":{"type":"Point","coordinates":[106.769349,-6.419385]},"properties":{"layer_id":"ekosistem","jenis":"poi","nama":"Warkop ⭐BERKAH 99⭐","sumber":"OSM","atribut":{"kategori":"Kafe"}}},{"type":"Feature","geometry":{"type":"Point","coordinates":[106.7727,-6.436861]},"properties":{"layer_id":"ekosistem","jenis":"poi","nama":"Warmindo ZONA WIFI","sumber":"OSM","atribut":{"kategori":"Kafe"}}},{"type":"Feature","geometry":{"type":"Point","coordinates":[106.801445,-6.409046]},"properties":{"layer_id":"ekosistem","jenis":"poi","nama":"Warteg HENDRO Pancoran Mas","sumber":"OSM","atribut":{"kategori":"Restoran"}}},{"type":"Feature","geometry":{"type":"Point","coordinates":[106.766388,-6.422363]},"properties":{"layer_id":"ekosistem","jenis":"poi","nama":"Warkop Big Family BERKAH","sumber":"OSM","atribut":{"kategori":"Kafe"}}},{"type":"Feature","geometry":{"type":"Point","coordinates":[106.838147,-6.284236]},"properties":{"layer_id":"ekosistem","jenis":"poi","nama":"kopi tuku","sumber":"OSM","atribut":{"kategori":"Kafe"}}},{"type":"Feature","geometry":{"type":"Point","coordinates":[106.838085,-6.28309]},"properties":{"layer_id":"ekosistem","jenis":"poi","nama":"warkop","sumber":"OSM","atribut":{"kategori":"Kafe"}}},{"type":"Feature","geometry":{"type":"Point","coordinates":[106.770234,-6.409738]},"properties":{"layer_id":"ekosistem","jenis":"poi","nama":"Warteg SalamaH Sawangan","sumber":"OSM","atribut":{"kategori":"Restoran"}}},{"type":"Feature","geometry":{"type":"Point","coordinates":[106.816175,-6.343262]},"properties":{"layer_id":"ekosistem","jenis":"poi","nama":"Burger Bangor","sumber":"OSM","atribut":{"kategori":"Makanan cepat saji"}}},{"type":"Feature","geometry":{"type":"Point","coordinates":[106.796525,-6.323676]},"properties":{"layer_id":"ekosistem","jenis":"poi","nama":"Bakmie Sutet","sumber":"OSM","atribut":{"kategori":"Restoran"}}},{"type":"Feature","geometry":{"type":"Point","coordinates":[106.902158,-6.352186]},"properties":{"layer_id":"ekosistem","jenis":"poi","nama":"RAJOR CHILL&CORNER","sumber":"OSM","atribut":{"kategori":"Kafe"}}},{"type":"Feature","geometry":{"type":"Point","coordinates":[106.888994,-6.386283]},"properties":{"layer_id":"ekosistem","jenis":"poi","nama":"Warung Jus Buah","sumber":"OSM","atribut":{"kategori":"Kafe"}}},{"type":"Feature","geometry":{"type":"Point","coordinates":[106.864606,-6.365456]},"properties":{"layer_id":"ekosistem","jenis":"poi","nama":"Kopi Mandja","sumber":"OSM","atribut":{"kategori":"Kafe"}}},{"type":"Feature","geometry":{"type":"Point","coordinates":[106.864442,-6.365448]},"properties":{"layer_id":"ekosistem","jenis":"poi","nama":"Haus!","sumber":"OSM","atribut":{"kategori":"Kafe"}}},{"type":"Feature","geometry":{"type":"Point","coordinates":[106.86493,-6.365347]},"properties":{"layer_id":"ekosistem","jenis":"poi","nama":"Kopi Kenangan","sumber":"OSM","atribut":{"kategori":"Kafe"}}},{"type":"Feature","geometry":{"type":"Point","coordinates":[106.808388,-6.462443]},"properties":{"layer_id":"ekosistem","jenis":"poi","nama":"Warung Oma","sumber":"OSM","atribut":{"kategori":"Kafe"}}},{"type":"Feature","geometry":{"type":"Point","coordinates":[106.807457,-6.463605]},"properties":{"layer_id":"ekosistem","jenis":"poi","nama":"Young Warkop","sumber":"OSM","atribut":{"kategori":"Kafe"}}},{"type":"Feature","geometry":{"type":"Point","coordinates":[106.80782,-6.463638]},"properties":{"layer_id":"ekosistem","jenis":"poi","nama":"Ayam Penyet Oma","sumber":"OSM","atribut":{"kategori":"Makanan cepat saji"}}},{"type":"Feature","geometry":{"type":"Point","coordinates":[106.881661,-6.388149]},"properties":{"layer_id":"ekosistem","jenis":"poi","nama":"Rumah makan Carano","sumber":"OSM","atribut":{"kategori":"Restoran"}}},{"type":"Feature","geometry":{"type":"Point","coordinates":[106.817125,-6.388648]},"properties":{"layer_id":"ekosistem","jenis":"poi","nama":"Nasi Goreng Pakde Bejo","sumber":"OSM","atribut":{"kategori":"Restoran"}}},{"type":"Feature","geometry":{"type":"Point","coordinates":[106.816988,-6.388405]},"properties":{"layer_id":"ekosistem","jenis":"poi","nama":"Ketoprak Mas Jawir Kembang Beji","sumber":"OSM","atribut":{"kategori":"Restoran"}}},{"type":"Feature","geometry":{"type":"Point","coordinates":[106.836886,-6.32094]},"properties":{"layer_id":"ekosistem","jenis":"poi","nama":"Kopi Kenangan Drive Thrue","sumber":"OSM","atribut":{"kategori":"Kafe"}}},{"type":"Feature","geometry":{"type":"Point","coordinates":[106.828464,-6.292735]},"properties":{"layer_id":"ekosistem","jenis":"poi","nama":"UKM pasming","sumber":"OSM","atribut":{"kategori":"Restoran"}}},{"type":"Feature","geometry":{"type":"Point","coordinates":[106.828881,-6.292572]},"properties":{"layer_id":"ekosistem","jenis":"poi","nama":"Warteg pak ecep","sumber":"OSM","atribut":{"kategori":"Restoran"}}},{"type":"Feature","geometry":{"type":"Point","coordinates":[106.733267,-6.313662]},"properties":{"layer_id":"ekosistem","jenis":"poi","nama":"Warkop","sumber":"OSM","atribut":{"kategori":"Kafe"}}},{"type":"Feature","geometry":{"type":"Point","coordinates":[106.836216,-6.306105]},"properties":{"layer_id":"ekosistem","jenis":"poi","nama":"Janji Jiwa","sumber":"OSM","atribut":{"kategori":"Kafe"}}},{"type":"Feature","geometry":{"type":"Point","coordinates":[106.797898,-6.530553]},"properties":{"layer_id":"ekosistem","jenis":"poi","nama":"Kopi Kenangan","sumber":"OSM","atribut":{"kategori":"Kafe"}}},{"type":"Feature","geometry":{"type":"Point","coordinates":[106.721759,-6.30313]},"properties":{"layer_id":"ekosistem","jenis":"poi","nama":"Angkringan 5 Watt","sumber":"OSM","atribut":{"kategori":"Kafe"}}},{"type":"Feature","geometry":{"type":"Point","coordinates":[106.70876,-6.309371]},"properties":{"layer_id":"ekosistem","jenis":"poi","nama":"Warkop VOKAL","sumber":"OSM","atribut":{"kategori":"Kafe"}}},{"type":"Feature","geometry":{"type":"Point","coordinates":[106.709717,-6.33263]},"properties":{"layer_id":"ekosistem","jenis":"poi","nama":"Warkop \"94\"","sumber":"OSM","atribut":{"kategori":"Kafe"}}},{"type":"Feature","geometry":{"type":"Point","coordinates":[106.743354,-6.492121]},"properties":{"layer_id":"ekosistem","jenis":"poi","nama":"Warkop OMA","sumber":"OSM","atribut":{"kategori":"Kafe"}}},{"type":"Feature","geometry":{"type":"Point","coordinates":[106.774536,-6.440293]},"properties":{"layer_id":"ekosistem","jenis":"poi","nama":"Warkop JADUL","sumber":"OSM","atribut":{"kategori":"Kafe"}}},{"type":"Feature","geometry":{"type":"Point","coordinates":[106.784015,-6.431776]},"properties":{"layer_id":"ekosistem","jenis":"poi","nama":"Warkop TJINTA","sumber":"OSM","atribut":{"kategori":"Kafe"}}},{"type":"Feature","geometry":{"type":"Point","coordinates":[106.75194,-6.424314]},"properties":{"layer_id":"ekosistem","jenis":"poi","nama":"\"BRAVO\" Warkop","sumber":"OSM","atribut":{"kategori":"Kafe"}}},{"type":"Feature","geometry":{"type":"Point","coordinates":[106.728827,-6.47341]},"properties":{"layer_id":"ekosistem","jenis":"poi","nama":"Zona MADINA Dompet DHUAFA","sumber":"OSM","atribut":{"kategori":"Makanan cepat saji"}}},{"type":"Feature","geometry":{"type":"Point","coordinates":[106.774576,-6.439014]},"properties":{"layer_id":"ekosistem","jenis":"poi","nama":"RM Padang GUCI Family","sumber":"OSM","atribut":{"kategori":"Restoran"}}},{"type":"Feature","geometry":{"type":"Point","coordinates":[106.770189,-6.411395]},"properties":{"layer_id":"ekosistem","jenis":"poi","nama":"Warkop SUPERSTAR","sumber":"OSM","atribut":{"kategori":"Kafe"}}},{"type":"Feature","geometry":{"type":"Point","coordinates":[106.71486,-6.337232]},"properties":{"layer_id":"ekosistem","jenis":"poi","nama":"Salero Basamo","sumber":"OSM","atribut":{"kategori":"Makanan cepat saji"}}},{"type":"Feature","geometry":{"type":"Point","coordinates":[106.71482,-6.336874]},"properties":{"layer_id":"ekosistem","jenis":"poi","nama":"Warteg Bahari Mugi Mulya","sumber":"OSM","atribut":{"kategori":"Makanan cepat saji"}}},{"type":"Feature","geometry":{"type":"Point","coordinates":[106.714827,-6.336952]},"properties":{"layer_id":"ekosistem","jenis":"poi","nama":"Nasi Goreng Sudi Moro","sumber":"OSM","atribut":{"kategori":"Makanan cepat saji"}}},{"type":"Feature","geometry":{"type":"Point","coordinates":[106.714899,-6.336743]},"properties":{"layer_id":"ekosistem","jenis":"poi","nama":"Bubur Ayam","sumber":"OSM","atribut":{"kategori":"Makanan cepat saji"}}},{"type":"Feature","geometry":{"type":"Point","coordinates":[106.714977,-6.336194]},"properties":{"layer_id":"ekosistem","jenis":"poi","nama":"Rawon","sumber":"OSM","atribut":{"kategori":"Makanan cepat saji"}}},{"type":"Feature","geometry":{"type":"Point","coordinates":[106.714973,-6.336136]},"properties":{"layer_id":"ekosistem","jenis":"poi","nama":"Bakso","sumber":"OSM","atribut":{"kategori":"Makanan cepat saji"}}},{"type":"Feature","geometry":{"type":"Point","coordinates":[106.714974,-6.336087]},"properties":{"layer_id":"ekosistem","jenis":"poi","nama":"Pitaruahamak","sumber":"OSM","atribut":{"kategori":"Restoran"}}},{"type":"Feature","geometry":{"type":"Point","coordinates":[106.714576,-6.335846]},"properties":{"layer_id":"ekosistem","jenis":"poi","nama":"Nasi Goreng Ojo Lali","sumber":"OSM","atribut":{"kategori":"Makanan cepat saji"}}},{"type":"Feature","geometry":{"type":"Point","coordinates":[106.713994,-6.335959]},"properties":{"layer_id":"ekosistem","jenis":"poi","nama":null,"sumber":"OSM","atribut":{"kategori":"Makanan cepat saji"}}},{"type":"Feature","geometry":{"type":"Point","coordinates":[106.713354,-6.336003]},"properties":{"layer_id":"ekosistem","jenis":"poi","nama":null,"sumber":"OSM","atribut":{"kategori":"Makanan cepat saji"}}},{"type":"Feature","geometry":{"type":"Point","coordinates":[106.711637,-6.336275]},"properties":{"layer_id":"ekosistem","jenis":"poi","nama":"Mie Ayam","sumber":"OSM","atribut":{"kategori":"Makanan cepat saji"}}},{"type":"Feature","geometry":{"type":"Point","coordinates":[106.711051,-6.336467]},"properties":{"layer_id":"ekosistem","jenis":"poi","nama":"Andaleh Raya","sumber":"OSM","atribut":{"kategori":"Restoran"}}},{"type":"Feature","geometry":{"type":"Point","coordinates":[106.710597,-6.336462]},"properties":{"layer_id":"ekosistem","jenis":"poi","nama":"Warteg Cahaya Bahari","sumber":"OSM","atribut":{"kategori":"Makanan cepat saji"}}},{"type":"Feature","geometry":{"type":"Point","coordinates":[106.786374,-6.534176]},"properties":{"layer_id":"ekosistem","jenis":"poi","nama":"Mixue","sumber":"OSM","atribut":{"kategori":"Kafe"}}},{"type":"Feature","geometry":{"type":"Point","coordinates":[106.788433,-6.450062]},"properties":{"layer_id":"ekosistem","jenis":"poi","nama":"Warkop Kuy \"WARKUY\"","sumber":"OSM","atribut":{"kategori":"Kafe"}}},{"type":"Feature","geometry":{"type":"Point","coordinates":[106.757595,-6.505154]},"properties":{"layer_id":"ekosistem","jenis":"poi","nama":"Warmindo \"RINDU\"","sumber":"OSM","atribut":{"kategori":"Restoran"}}},{"type":"Feature","geometry":{"type":"Point","coordinates":[106.857161,-6.381178]},"properties":{"layer_id":"ekosistem","jenis":"poi","nama":"Padelago x Luna Coffee Eatery Depok","sumber":"OSM","atribut":{"kategori":"Restoran"}}},{"type":"Feature","geometry":{"type":"Point","coordinates":[106.869991,-6.413194]},"properties":{"layer_id":"ekosistem","jenis":"poi","nama":"Warkop & Tembakau \"NICOTIANA\"","sumber":"OSM","atribut":{"kategori":"Kafe"}}},{"type":"Feature","geometry":{"type":"Point","coordinates":[106.863858,-6.421232]},"properties":{"layer_id":"ekosistem","jenis":"poi","nama":"Cafe JURAGAN Warkop \"67\"","sumber":"OSM","atribut":{"kategori":"Makanan cepat saji"}}},{"type":"Feature","geometry":{"type":"Point","coordinates":[106.866429,-6.434267]},"properties":{"layer_id":"ekosistem","jenis":"poi","nama":"Warkop & Baso HAWARI","sumber":"OSM","atribut":{"kategori":"Kafe"}}},{"type":"Feature","geometry":{"type":"Point","coordinates":[106.866017,-6.412441]},"properties":{"layer_id":"ekosistem","jenis":"poi","nama":"Warkop \"BERKAH\" Jatijajar 2","sumber":"OSM","atribut":{"kategori":"Kafe"}}},{"type":"Feature","geometry":{"type":"Point","coordinates":[106.863718,-6.421844]},"properties":{"layer_id":"ekosistem","jenis":"poi","nama":"Steam & Warkop Coffee GEMILANG","sumber":"OSM","atribut":{"kategori":"Kafe"}}},{"type":"Feature","geometry":{"type":"Point","coordinates":[106.849047,-6.405291]},"properties":{"layer_id":"ekosistem","jenis":"poi","nama":"WR Warmindo BERKAH","sumber":"OSM","atribut":{"kategori":"Kafe"}}},{"type":"Feature","geometry":{"type":"Point","coordinates":[106.813846,-6.481966]},"properties":{"layer_id":"ekosistem","jenis":"poi","nama":"Warkop BAH EHAN","sumber":"OSM","atribut":{"kategori":"Kafe"}}},{"type":"Feature","geometry":{"type":"Point","coordinates":[106.766719,-6.42998]},"properties":{"layer_id":"ekosistem","jenis":"poi","nama":"\"RAYI RAKA\" Warkop","sumber":"OSM","atribut":{"kategori":"Kafe"}}},{"type":"Feature","geometry":{"type":"Point","coordinates":[106.752319,-6.426717]},"properties":{"layer_id":"ekosistem","jenis":"poi","nama":"Warkop \"45\"","sumber":"OSM","atribut":{"kategori":"Kafe"}}},{"type":"Feature","geometry":{"type":"Point","coordinates":[106.797267,-6.530648]},"properties":{"layer_id":"ekosistem","jenis":"poi","nama":"Kebuli Yaman","sumber":"OSM","atribut":{"kategori":"Restoran"}}},{"type":"Feature","geometry":{"type":"Point","coordinates":[106.769509,-6.436947]},"properties":{"layer_id":"ekosistem","jenis":"poi","nama":"SENGKELAT Coffee","sumber":"OSM","atribut":{"kategori":"Kafe"}}},{"type":"Feature","geometry":{"type":"Point","coordinates":[106.731759,-6.44827]},"properties":{"layer_id":"ekosistem","jenis":"poi","nama":"Warung Kopi LEBAKWANGI","sumber":"OSM","atribut":{"kategori":"Kafe"}}},{"type":"Feature","geometry":{"type":"Point","coordinates":[106.757147,-6.514203]},"properties":{"layer_id":"ekosistem","jenis":"poi","nama":"Warmindo & Seblak TEH NDEZ","sumber":"OSM","atribut":{"kategori":"Kafe"}}},{"type":"Feature","geometry":{"type":"Point","coordinates":[106.840114,-6.303924]},"properties":{"layer_id":"ekosistem","jenis":"poi","nama":"Dunkin' Donuts","sumber":"OSM","atribut":{"kategori":"Makanan cepat saji"}}},{"type":"Feature","geometry":{"type":"Point","coordinates":[106.796381,-6.431976]},"properties":{"layer_id":"ekosistem","jenis":"poi","nama":"Warkop \"23\"","sumber":"OSM","atribut":{"kategori":"Kafe"}}},{"type":"Feature","geometry":{"type":"Point","coordinates":[106.779139,-6.446971]},"properties":{"layer_id":"ekosistem","jenis":"poi","nama":"Kedai UNI AYI","sumber":"OSM","atribut":{"kategori":"Restoran"}}},{"type":"Feature","geometry":{"type":"Point","coordinates":[106.847294,-6.304677]},"properties":{"layer_id":"ekosistem","jenis":"poi","nama":"Chatime","sumber":"OSM","atribut":{"kategori":"Kafe"}}},{"type":"Feature","geometry":{"type":"Point","coordinates":[106.777417,-6.445029]},"properties":{"layer_id":"ekosistem","jenis":"poi","nama":"RM Sembilan DUO","sumber":"OSM","atribut":{"kategori":"Restoran"}}},{"type":"Feature","geometry":{"type":"Point","coordinates":[106.785229,-6.453348]},"properties":{"layer_id":"ekosistem","jenis":"poi","nama":"JOHN's Warkop","sumber":"OSM","atribut":{"kategori":"Kafe"}}},{"type":"Feature","geometry":{"type":"Point","coordinates":[106.863795,-6.410926]},"properties":{"layer_id":"ekosistem","jenis":"poi","nama":"Warkop Steam","sumber":"OSM","atribut":{"kategori":"Kafe"}}},{"type":"Feature","geometry":{"type":"Point","coordinates":[106.859625,-6.414703]},"properties":{"layer_id":"ekosistem","jenis":"poi","nama":"Angkringan LEZATDA","sumber":"OSM","atribut":{"kategori":"Kafe"}}},{"type":"Feature","geometry":{"type":"Point","coordinates":[106.864724,-6.3938]},"properties":{"layer_id":"ekosistem","jenis":"poi","nama":"Warkop Nongkrongan Abah PI'I","sumber":"OSM","atribut":{"kategori":"Kafe"}}},{"type":"Feature","geometry":{"type":"Point","coordinates":[106.843052,-6.404852]},"properties":{"layer_id":"ekosistem","jenis":"poi","nama":"Warkop Pancong & Nasi CANDO","sumber":"OSM","atribut":{"kategori":"Kafe"}}},{"type":"Feature","geometry":{"type":"Point","coordinates":[106.874694,-6.415626]},"properties":{"layer_id":"ekosistem","jenis":"poi","nama":"Warkop \"GEMILANG\"","sumber":"OSM","atribut":{"kategori":"Kafe"}}},{"type":"Feature","geometry":{"type":"Point","coordinates":[106.863727,-6.411091]},"properties":{"layer_id":"ekosistem","jenis":"poi","nama":"Warkop \"HW\"","sumber":"OSM","atribut":{"kategori":"Kafe"}}},{"type":"Feature","geometry":{"type":"Point","coordinates":[106.816288,-6.413595]},"properties":{"layer_id":"ekosistem","jenis":"poi","nama":"Kedai QUEEN \"99\"","sumber":"OSM","atribut":{"kategori":"Kafe"}}},{"type":"Feature","geometry":{"type":"Point","coordinates":[106.732068,-6.500814]},"properties":{"layer_id":"ekosistem","jenis":"poi","nama":"Warkop ASKUN","sumber":"OSM","atribut":{"kategori":"Kafe"}}},{"type":"Feature","geometry":{"type":"Point","coordinates":[106.775532,-6.47227]},"properties":{"layer_id":"ekosistem","jenis":"poi","nama":"Warkop RAMBUTAN","sumber":"OSM","atribut":{"kategori":"Kafe"}}},{"type":"Feature","geometry":{"type":"Point","coordinates":[106.842314,-6.404333]},"properties":{"layer_id":"ekosistem","jenis":"poi","nama":"\"MTX\" Cafe","sumber":"OSM","atribut":{"kategori":"Kafe"}}},{"type":"Feature","geometry":{"type":"Point","coordinates":[106.859656,-6.414635]},"properties":{"layer_id":"ekosistem","jenis":"poi","nama":"Warkop Warung Makan \"KK\"","sumber":"OSM","atribut":{"kategori":"Kafe"}}},{"type":"Feature","geometry":{"type":"Point","coordinates":[106.86672,-6.41255]},"properties":{"layer_id":"ekosistem","jenis":"poi","nama":"Warkop & Bubur \"BERKAH\"","sumber":"OSM","atribut":{"kategori":"Kafe"}}},{"type":"Feature","geometry":{"type":"Point","coordinates":[106.852074,-6.406742]},"properties":{"layer_id":"ekosistem","jenis":"poi","nama":"Warkop Alfa","sumber":"OSM","atribut":{"kategori":"Kafe"}}},{"type":"Feature","geometry":{"type":"Point","coordinates":[106.877114,-6.408791]},"properties":{"layer_id":"ekosistem","jenis":"poi","nama":"\"BAKTI ABRI\" Warkop & Pancong","sumber":"OSM","atribut":{"kategori":"Kafe"}}},{"type":"Feature","geometry":{"type":"Point","coordinates":[106.843401,-6.415522]},"properties":{"layer_id":"ekosistem","jenis":"poi","nama":"Warkop Berkah BU YAYAH","sumber":"OSM","atribut":{"kategori":"Kafe"}}},{"type":"Feature","geometry":{"type":"Point","coordinates":[106.85351,-6.408242]},"properties":{"layer_id":"ekosistem","jenis":"poi","nama":"Warkop Warmindo METEORA","sumber":"OSM","atribut":{"kategori":"Kafe"}}},{"type":"Feature","geometry":{"type":"Point","coordinates":[106.859946,-6.414047]},"properties":{"layer_id":"ekosistem","jenis":"poi","nama":"Warkop Mbah KAKUNG NABILA Putra Kuningan","sumber":"OSM","atribut":{"kategori":"Kafe"}}},{"type":"Feature","geometry":{"type":"Point","coordinates":[106.860309,-6.427551]},"properties":{"layer_id":"ekosistem","jenis":"poi","nama":"Warung MAS TOLE","sumber":"OSM","atribut":{"kategori":"Kafe"}}},{"type":"Feature","geometry":{"type":"Point","coordinates":[106.803027,-6.447286]},"properties":{"layer_id":"ekosistem","jenis":"poi","nama":"Warkop Cafe JAGONYA NGOPI","sumber":"OSM","atribut":{"kategori":"Kafe"}}},{"type":"Feature","geometry":{"type":"Point","coordinates":[106.755894,-6.476374]},"properties":{"layer_id":"ekosistem","jenis":"poi","nama":"Kopi & Tansu JENDELA WAKTU","sumber":"OSM","atribut":{"kategori":"Kafe"}}},{"type":"Feature","geometry":{"type":"Point","coordinates":[106.731529,-6.430236]},"properties":{"layer_id":"ekosistem","jenis":"poi","nama":"Warkop TIKUNGAN Aatmik","sumber":"OSM","atribut":{"kategori":"Kafe"}}},{"type":"Feature","geometry":{"type":"Point","coordinates":[106.856913,-6.426607]},"properties":{"layer_id":"ekosistem","jenis":"poi","nama":"Warkop","sumber":"OSM","atribut":{"kategori":"Kafe"}}},{"type":"Feature","geometry":{"type":"Point","coordinates":[106.865368,-6.418194]},"properties":{"layer_id":"ekosistem","jenis":"poi","nama":"Warkop 76 BALONG JAYA","sumber":"OSM","atribut":{"kategori":"Kafe"}}},{"type":"Feature","geometry":{"type":"Point","coordinates":[106.854404,-6.434647]},"properties":{"layer_id":"ekosistem","jenis":"poi","nama":"Warteg MAS PUR","sumber":"OSM","atribut":{"kategori":"Restoran"}}},{"type":"Feature","geometry":{"type":"Point","coordinates":[106.848275,-6.434132]},"properties":{"layer_id":"ekosistem","jenis":"poi","nama":"Warkop BERKAH \"1899\" M. Nasir","sumber":"OSM","atribut":{"kategori":"Kafe"}}},{"type":"Feature","geometry":{"type":"Point","coordinates":[106.856537,-6.461822]},"properties":{"layer_id":"ekosistem","jenis":"poi","nama":"LIVE MUSIC Warkop \"Tepikali\"","sumber":"OSM","atribut":{"kategori":"Kafe"}}},{"type":"Feature","geometry":{"type":"Point","coordinates":[106.83783,-6.388997]},"properties":{"layer_id":"ekosistem","jenis":"poi","nama":"Warkop Om WARJO Om","sumber":"OSM","atribut":{"kategori":"Kafe"}}},{"type":"Feature","geometry":{"type":"Point","coordinates":[106.859526,-6.414954]},"properties":{"layer_id":"ekosistem","jenis":"poi","nama":"Warkop KISNAYA","sumber":"OSM","atribut":{"kategori":"Kafe"}}},{"type":"Feature","geometry":{"type":"Point","coordinates":[106.824829,-6.399893]},"properties":{"layer_id":"ekosistem","jenis":"poi","nama":"Warmindo 24 Jam \"ALHAFIZH\"","sumber":"OSM","atribut":{"kategori":"Kafe"}}},{"type":"Feature","geometry":{"type":"Point","coordinates":[106.822422,-6.390069]},"properties":{"layer_id":"ekosistem","jenis":"poi","nama":"Warkop \"ANUGERAH\"","sumber":"OSM","atribut":{"kategori":"Kafe"}}},{"type":"Feature","geometry":{"type":"Point","coordinates":[106.85466,-6.453941]},"properties":{"layer_id":"ekosistem","jenis":"poi","nama":"Warkop PERSAUDARAAN Racing","sumber":"OSM","atribut":{"kategori":"Kafe"}}},{"type":"Feature","geometry":{"type":"Point","coordinates":[106.829523,-6.473486]},"properties":{"layer_id":"ekosistem","jenis":"poi","nama":"Warkop \"PEMUDA\"","sumber":"OSM","atribut":{"kategori":"Kafe"}}},{"type":"Feature","geometry":{"type":"Point","coordinates":[106.830447,-6.472636]},"properties":{"layer_id":"ekosistem","jenis":"poi","nama":"Warkop MARINDO Cibinong","sumber":"OSM","atribut":{"kategori":"Kafe"}}},{"type":"Feature","geometry":{"type":"Point","coordinates":[106.839331,-6.385177]},"properties":{"layer_id":"ekosistem","jenis":"poi","nama":"Warkop AR-RAYAN","sumber":"OSM","atribut":{"kategori":"Kafe"}}},{"type":"Feature","geometry":{"type":"Point","coordinates":[106.844011,-6.483744]},"properties":{"layer_id":"ekosistem","jenis":"poi","nama":"KAMPOENG SAWAH Cibinong","sumber":"OSM","atribut":{"kategori":"Makanan cepat saji"}}},{"type":"Feature","geometry":{"type":"Point","coordinates":[106.845818,-6.404739]},"properties":{"layer_id":"ekosistem","jenis":"poi","nama":"WARSUN Warung Sunda Sederhana","sumber":"OSM","atribut":{"kategori":"Restoran"}}},{"type":"Feature","geometry":{"type":"Point","coordinates":[106.873697,-6.401549]},"properties":{"layer_id":"ekosistem","jenis":"poi","nama":"Warmindo BERKAH Jl. Nangka","sumber":"OSM","atribut":{"kategori":"Kafe"}}},{"type":"Feature","geometry":{"type":"Point","coordinates":[106.859438,-6.415363]},"properties":{"layer_id":"ekosistem","jenis":"poi","nama":"Warung Sunda DIKI","sumber":"OSM","atribut":{"kategori":"Restoran"}}},{"type":"Feature","geometry":{"type":"Point","coordinates":[106.862175,-6.400356]},"properties":{"layer_id":"ekosistem","jenis":"poi","nama":"Warkop BONTOT","sumber":"OSM","atribut":{"kategori":"Kafe"}}},{"type":"Feature","geometry":{"type":"Point","coordinates":[106.858682,-6.416818]},"properties":{"layer_id":"ekosistem","jenis":"poi","nama":"LOPO SABA BOLAK","sumber":"OSM","atribut":{"kategori":"Kafe"}}},{"type":"Feature","geometry":{"type":"Point","coordinates":[106.773635,-6.43833]},"properties":{"layer_id":"ekosistem","jenis":"poi","nama":"Warkop KOPI 8K","sumber":"OSM","atribut":{"kategori":"Kafe"}}},{"type":"Feature","geometry":{"type":"Point","coordinates":[106.774671,-6.450503]},"properties":{"layer_id":"ekosistem","jenis":"poi","nama":"Warkop \"SEHATI\"","sumber":"OSM","atribut":{"kategori":"Kafe"}}},{"type":"Feature","geometry":{"type":"Point","coordinates":[106.860376,-6.427571]},"properties":{"layer_id":"ekosistem","jenis":"poi","nama":"Warkop JOJO","sumber":"OSM","atribut":{"kategori":"Kafe"}}},{"type":"Feature","geometry":{"type":"Point","coordinates":[106.844547,-6.436934]},"properties":{"layer_id":"ekosistem","jenis":"poi","nama":"Tentang Kopi KITCHENETTE","sumber":"OSM","atribut":{"kategori":"Kafe"}}},{"type":"Feature","geometry":{"type":"Point","coordinates":[106.74415,-6.370626]},"properties":{"layer_id":"ekosistem","jenis":"poi","nama":"The Waterfall by Godongijo","sumber":"OSM","atribut":{"kategori":"Restoran"}}},{"type":"Feature","geometry":{"type":"Point","coordinates":[106.74486,-6.370658]},"properties":{"layer_id":"ekosistem","jenis":"poi","nama":"The Waterfall by Godongijo","sumber":"OSM","atribut":{"kategori":"Restoran"}}},{"type":"Feature","geometry":{"type":"Point","coordinates":[106.844917,-6.404961]},"properties":{"layer_id":"ekosistem","jenis":"poi","nama":"Warkop TOLE 316","sumber":"OSM","atribut":{"kategori":"Kafe"}}},{"type":"Feature","geometry":{"type":"Point","coordinates":[106.856097,-6.429645]},"properties":{"layer_id":"ekosistem","jenis":"poi","nama":"LAPO KRIS","sumber":"OSM","atribut":{"kategori":"Kafe"}}},{"type":"Feature","geometry":{"type":"Point","coordinates":[106.802671,-6.462284]},"properties":{"layer_id":"ekosistem","jenis":"poi","nama":"Warkop \"RISKI\" Barokah","sumber":"OSM","atribut":{"kategori":"Kafe"}}},{"type":"Feature","geometry":{"type":"Point","coordinates":[106.796324,-6.461436]},"properties":{"layer_id":"ekosistem","jenis":"poi","nama":"Warkop \"HERMAN\"","sumber":"OSM","atribut":{"kategori":"Kafe"}}},{"type":"Feature","geometry":{"type":"Point","coordinates":[106.786788,-6.448699]},"properties":{"layer_id":"ekosistem","jenis":"poi","nama":"Kafe Coco Bandidos","sumber":"OSM","atribut":{"kategori":"Kafe"}}},{"type":"Feature","geometry":{"type":"Point","coordinates":[106.833782,-6.506322]},"properties":{"layer_id":"ekosistem","jenis":"poi","nama":"Sunshine Cafe & Resto","sumber":"OSM","atribut":{"kategori":"Restoran"}}},{"type":"Feature","geometry":{"type":"Point","coordinates":[106.827725,-6.400971]},"properties":{"layer_id":"ekosistem","jenis":"poi","nama":"Kafe WARKOPIN","sumber":"OSM","atribut":{"kategori":"Kafe"}}},{"type":"Feature","geometry":{"type":"Point","coordinates":[106.816261,-6.488517]},"properties":{"layer_id":"ekosistem","jenis":"poi","nama":"Warkop TERAS KOPI","sumber":"OSM","atribut":{"kategori":"Kafe"}}},{"type":"Feature","geometry":{"type":"Point","coordinates":[106.751828,-6.495154]},"properties":{"layer_id":"ekosistem","jenis":"poi","nama":"Angkringan \"TITIK KUMPUL\"","sumber":"OSM","atribut":{"kategori":"Kafe"}}},{"type":"Feature","geometry":{"type":"Point","coordinates":[106.842201,-6.404043]},"properties":{"layer_id":"ekosistem","jenis":"poi","nama":"Kedai SALUH 99","sumber":"OSM","atribut":{"kategori":"Kafe"}}},{"type":"Feature","geometry":{"type":"Point","coordinates":[106.86166,-6.404745]},"properties":{"layer_id":"ekosistem","jenis":"poi","nama":"Warkop","sumber":"OSM","atribut":{"kategori":"Kafe"}}},{"type":"Feature","geometry":{"type":"Point","coordinates":[106.772177,-6.403367]},"properties":{"layer_id":"ekosistem","jenis":"poi","nama":"Warkop \"JUSTIN\"","sumber":"OSM","atribut":{"kategori":"Kafe"}}},{"type":"Feature","geometry":{"type":"Point","coordinates":[106.823415,-6.481948]},"properties":{"layer_id":"ekosistem","jenis":"poi","nama":"Warkop RAMA","sumber":"OSM","atribut":{"kategori":"Kafe"}}},{"type":"Feature","geometry":{"type":"Point","coordinates":[106.747702,-6.438458]},"properties":{"layer_id":"ekosistem","jenis":"poi","nama":"Warkop SHINTA","sumber":"OSM","atribut":{"kategori":"Kafe"}}},{"type":"Feature","geometry":{"type":"Point","coordinates":[106.798969,-6.449938]},"properties":{"layer_id":"ekosistem","jenis":"poi","nama":"Warkop RICH SAVOUR","sumber":"OSM","atribut":{"kategori":"Kafe"}}},{"type":"Feature","geometry":{"type":"Point","coordinates":[106.875674,-6.413957]},"properties":{"layer_id":"ekosistem","jenis":"poi","nama":"Warkop WARDOYO","sumber":"OSM","atribut":{"kategori":"Kafe"}}},{"type":"Feature","geometry":{"type":"Point","coordinates":[106.829939,-6.473459]},"properties":{"layer_id":"ekosistem","jenis":"poi","nama":"Kafe SERE NAULI","sumber":"OSM","atribut":{"kategori":"Kafe"}}},{"type":"Feature","geometry":{"type":"Point","coordinates":[106.853753,-6.451986]},"properties":{"layer_id":"ekosistem","jenis":"poi","nama":"Warkop MM GUN 993","sumber":"OSM","atribut":{"kategori":"Kafe"}}},{"type":"Feature","geometry":{"type":"Point","coordinates":[106.859592,-6.414779]},"properties":{"layer_id":"ekosistem","jenis":"poi","nama":"Warung ATRI","sumber":"OSM","atribut":{"kategori":"Kafe"}}},{"type":"Feature","geometry":{"type":"Point","coordinates":[106.836623,-6.39541]},"properties":{"layer_id":"ekosistem","jenis":"poi","nama":"Warkop SENTOSA","sumber":"OSM","atribut":{"kategori":"Kafe"}}},{"type":"Feature","geometry":{"type":"Point","coordinates":[106.875355,-6.415783]},"properties":{"layer_id":"ekosistem","jenis":"poi","nama":"Warkop GEMILANG Jaya","sumber":"OSM","atribut":{"kategori":"Kafe"}}},{"type":"Feature","geometry":{"type":"Point","coordinates":[106.871786,-6.444083]},"properties":{"layer_id":"ekosistem","jenis":"poi","nama":"Toko Warkop DEA","sumber":"OSM","atribut":{"kategori":"Kafe"}}},{"type":"Feature","geometry":{"type":"Point","coordinates":[106.817613,-6.481596]},"properties":{"layer_id":"ekosistem","jenis":"poi","nama":"URBAN Coffee & Barber","sumber":"OSM","atribut":{"kategori":"Kafe"}}},{"type":"Feature","geometry":{"type":"Point","coordinates":[106.854609,-6.446976]},"properties":{"layer_id":"ekosistem","jenis":"poi","nama":"Warkop Cilangkap - Tapos","sumber":"OSM","atribut":{"kategori":"Kafe"}}},{"type":"Feature","geometry":{"type":"Point","coordinates":[106.728758,-6.473407]},"properties":{"layer_id":"ekosistem","jenis":"poi","nama":"Warkop","sumber":"OSM","atribut":{"kategori":"Kafe"}}},{"type":"Feature","geometry":{"type":"Point","coordinates":[106.78967,-6.450165]},"properties":{"layer_id":"ekosistem","jenis":"poi","nama":"Warkop TITIK KOPI","sumber":"OSM","atribut":{"kategori":"Kafe"}}},{"type":"Feature","geometry":{"type":"Point","coordinates":[106.862762,-6.472157]},"properties":{"layer_id":"ekosistem","jenis":"poi","nama":"Warkop \"AA\"","sumber":"OSM","atribut":{"kategori":"Kafe"}}},{"type":"Feature","geometry":{"type":"Point","coordinates":[106.78967,-6.450165]},"properties":{"layer_id":"ekosistem","jenis":"poi","nama":"Warkop TITIK KOPI","sumber":"OSM","atribut":{"kategori":"Kafe"}}},{"type":"Feature","geometry":{"type":"Point","coordinates":[106.874078,-6.382978]},"properties":{"layer_id":"ekosistem","jenis":"poi","nama":"Warung Kopi NADIA","sumber":"OSM","atribut":{"kategori":"Kafe"}}},{"type":"Feature","geometry":{"type":"Point","coordinates":[106.82781,-6.370289]},"properties":{"layer_id":"ekosistem","jenis":"poi","nama":"Kantin Lembar (daLEM gedung BARu)","sumber":"OSM","atribut":{"kategori":"Restoran"}}},{"type":"Feature","geometry":{"type":"Point","coordinates":[106.799622,-6.442836]},"properties":{"layer_id":"ekosistem","jenis":"poi","nama":"Warkop RAYANA","sumber":"OSM","atribut":{"kategori":"Kafe"}}},{"type":"Feature","geometry":{"type":"Point","coordinates":[106.807728,-6.402619]},"properties":{"layer_id":"ekosistem","jenis":"poi","nama":"Warkop & Kedai Es Kelapa JAMILAH","sumber":"OSM","atribut":{"kategori":"Kafe"}}},{"type":"Feature","geometry":{"type":"Point","coordinates":[106.794177,-6.304807]},"properties":{"layer_id":"ekosistem","jenis":"poi","nama":"SAJIO","sumber":"OSM","atribut":{"kategori":"Restoran"}}},{"type":"Feature","geometry":{"type":"Point","coordinates":[106.869966,-6.415952]},"properties":{"layer_id":"ekosistem","jenis":"poi","nama":"Warkop MOSKOW","sumber":"OSM","atribut":{"kategori":"Kafe"}}},{"type":"Feature","geometry":{"type":"Point","coordinates":[106.836298,-6.400787]},"properties":{"layer_id":"ekosistem","jenis":"poi","nama":"Warkop PUTRA JIRAD","sumber":"OSM","atribut":{"kategori":"Kafe"}}},{"type":"Feature","geometry":{"type":"Point","coordinates":[106.817975,-6.411334]},"properties":{"layer_id":"ekosistem","jenis":"poi","nama":"GREEN COFFEE Cafe","sumber":"OSM","atribut":{"kategori":"Makanan cepat saji"}}},{"type":"Feature","geometry":{"type":"Point","coordinates":[106.717827,-6.303066]},"properties":{"layer_id":"ekosistem","jenis":"poi","nama":"Mie Gacoan","sumber":"OSM","atribut":{"kategori":"Restoran"}}},{"type":"Feature","geometry":{"type":"Point","coordinates":[106.860683,-6.411982]},"properties":{"layer_id":"ekosistem","jenis":"poi","nama":"Warkop","sumber":"OSM","atribut":{"kategori":"Kafe"}}},{"type":"Feature","geometry":{"type":"Point","coordinates":[106.853247,-6.443969]},"properties":{"layer_id":"ekosistem","jenis":"poi","nama":"Warkop WAHYU","sumber":"OSM","atribut":{"kategori":"Kafe"}}},{"type":"Feature","geometry":{"type":"Point","coordinates":[106.730973,-6.454856]},"properties":{"layer_id":"ekosistem","jenis":"poi","nama":"Warkop UCI","sumber":"OSM","atribut":{"kategori":"Kafe"}}},{"type":"Feature","geometry":{"type":"Point","coordinates":[106.729855,-6.343167]},"properties":{"layer_id":"ekosistem","jenis":"poi","nama":"Starbucks","sumber":"OSM","atribut":{"kategori":"Kafe"}}},{"type":"Feature","geometry":{"type":"Point","coordinates":[106.730095,-6.343258]},"properties":{"layer_id":"ekosistem","jenis":"poi","nama":"Restoran Se'indonesia","sumber":"OSM","atribut":{"kategori":"Restoran"}}},{"type":"Feature","geometry":{"type":"Point","coordinates":[106.730219,-6.343343]},"properties":{"layer_id":"ekosistem","jenis":"poi","nama":"Kopi Nako","sumber":"OSM","atribut":{"kategori":"Kafe"}}},{"type":"Feature","geometry":{"type":"Point","coordinates":[106.731484,-6.343521]},"properties":{"layer_id":"ekosistem","jenis":"poi","nama":"Subway","sumber":"OSM","atribut":{"kategori":"Makanan cepat saji"}}},{"type":"Feature","geometry":{"type":"Point","coordinates":[106.860026,-6.41407]},"properties":{"layer_id":"ekosistem","jenis":"poi","nama":"Warkop RIDHO","sumber":"OSM","atribut":{"kategori":"Kafe"}}},{"type":"Feature","geometry":{"type":"Point","coordinates":[106.830873,-6.473904]},"properties":{"layer_id":"ekosistem","jenis":"poi","nama":"Cafetaria KP RS Cibinong","sumber":"OSM","atribut":{"kategori":"Makanan cepat saji"}}},{"type":"Feature","geometry":{"type":"Point","coordinates":[106.829843,-6.473582]},"properties":{"layer_id":"ekosistem","jenis":"poi","nama":"Jus & Ayam Geprek","sumber":"OSM","atribut":{"kategori":"Makanan cepat saji"}}},{"type":"Feature","geometry":{"type":"Point","coordinates":[106.825817,-6.435313]},"properties":{"layer_id":"ekosistem","jenis":"poi","nama":"Toko Barokallah","sumber":"OSM","atribut":{"kategori":"Kafe"}}},{"type":"Feature","geometry":{"type":"Point","coordinates":[106.859557,-6.414873]},"properties":{"layer_id":"ekosistem","jenis":"poi","nama":"Toko Teh MAYA","sumber":"OSM","atribut":{"kategori":"Kafe"}}},{"type":"Feature","geometry":{"type":"Point","coordinates":[106.854016,-6.452581]},"properties":{"layer_id":"ekosistem","jenis":"poi","nama":"Warkop & Depot Wahana","sumber":"OSM","atribut":{"kategori":"Kafe"}}},{"type":"Feature","geometry":{"type":"Point","coordinates":[106.914554,-6.284889]},"properties":{"layer_id":"ekosistem","jenis":"poi","nama":"Yoshinoya","sumber":"OSM","atribut":{"kategori":"Restoran"}}},{"type":"Feature","geometry":{"type":"Point","coordinates":[106.914892,-6.284942]},"properties":{"layer_id":"ekosistem","jenis":"poi","nama":"Solaria","sumber":"OSM","atribut":{"kategori":"Restoran"}}},{"type":"Feature","geometry":{"type":"Point","coordinates":[106.857015,-6.426994]},"properties":{"layer_id":"ekosistem","jenis":"poi","nama":"Warkop UUS","sumber":"OSM","atribut":{"kategori":"Kafe"}}},{"type":"Feature","geometry":{"type":"Point","coordinates":[106.833356,-6.377781]},"properties":{"layer_id":"ekosistem","jenis":"poi","nama":"Warkop BUNDA","sumber":"OSM","atribut":{"kategori":"Kafe"}}},{"type":"Feature","geometry":{"type":"Point","coordinates":[106.844221,-6.436395]},"properties":{"layer_id":"ekosistem","jenis":"poi","nama":"Kafe DONGHAI","sumber":"OSM","atribut":{"kategori":"Kafe"}}},{"type":"Feature","geometry":{"type":"Point","coordinates":[106.860205,-6.427869]},"properties":{"layer_id":"ekosistem","jenis":"poi","nama":"Warkop RORAI","sumber":"OSM","atribut":{"kategori":"Kafe"}}},{"type":"Feature","geometry":{"type":"Point","coordinates":[106.868281,-6.445887]},"properties":{"layer_id":"ekosistem","jenis":"poi","nama":"Warkop CAPTAIN","sumber":"OSM","atribut":{"kategori":"Kafe"}}},{"type":"Feature","geometry":{"type":"Point","coordinates":[106.853585,-6.449516]},"properties":{"layer_id":"ekosistem","jenis":"poi","nama":"Kedai SRVPVT Cafe","sumber":"OSM","atribut":{"kategori":"Kafe"}}},{"type":"Feature","geometry":{"type":"Point","coordinates":[106.819419,-6.396072]},"properties":{"layer_id":"ekosistem","jenis":"poi","nama":"Warkop","sumber":"OSM","atribut":{"kategori":"Kafe"}}},{"type":"Feature","geometry":{"type":"Point","coordinates":[106.712511,-6.297329]},"properties":{"layer_id":"ekosistem","jenis":"poi","nama":"Warkop Bunda Ilham","sumber":"OSM","atribut":{"kategori":"Kafe"}}},{"type":"Feature","geometry":{"type":"Point","coordinates":[106.795455,-6.450226]},"properties":{"layer_id":"ekosistem","jenis":"poi","nama":"Warko AZZASI","sumber":"OSM","atribut":{"kategori":"Kafe"}}},{"type":"Feature","geometry":{"type":"Point","coordinates":[106.852,-6.381977]},"properties":{"layer_id":"ekosistem","jenis":"poi","nama":"Warkop MAJA Depok","sumber":"OSM","atribut":{"kategori":"Kafe"}}},{"type":"Feature","geometry":{"type":"Point","coordinates":[106.858582,-6.430627]},"properties":{"layer_id":"ekosistem","jenis":"poi","nama":"Warung SUDUT RINDANG","sumber":"OSM","atribut":{"kategori":"Kafe"}}},{"type":"Feature","geometry":{"type":"Point","coordinates":[106.876902,-6.40589]},"properties":{"layer_id":"ekosistem","jenis":"poi","nama":"Warkop Warmindo RUM - RAM","sumber":"OSM","atribut":{"kategori":"Kafe"}}},{"type":"Feature","geometry":{"type":"Point","coordinates":[106.721456,-6.447656]},"properties":{"layer_id":"ekosistem","jenis":"poi","nama":"Warkop Boy","sumber":"OSM","atribut":{"kategori":"Kafe"}}},{"type":"Feature","geometry":{"type":"Point","coordinates":[106.72133,-6.447512]},"properties":{"layer_id":"ekosistem","jenis":"poi","nama":"Saung Kampung Sawah","sumber":"OSM","atribut":{"kategori":"Restoran"}}},{"type":"Feature","geometry":{"type":"Point","coordinates":[106.729068,-6.285673]},"properties":{"layer_id":"ekosistem","jenis":"poi","nama":"Kitchenette","sumber":"OSM","atribut":{"kategori":"Restoran"}}},{"type":"Feature","geometry":{"type":"Point","coordinates":[106.712145,-6.343362]},"properties":{"layer_id":"ekosistem","jenis":"poi","nama":"Warkop KOPI JOS","sumber":"OSM","atribut":{"kategori":"Kafe"}}},{"type":"Feature","geometry":{"type":"Point","coordinates":[106.72621,-6.309242]},"properties":{"layer_id":"ekosistem","jenis":"poi","nama":"Warung Kopi \"12\"","sumber":"OSM","atribut":{"kategori":"Kafe"}}},{"type":"Feature","geometry":{"type":"Point","coordinates":[106.709237,-6.309717]},"properties":{"layer_id":"ekosistem","jenis":"poi","nama":"SERDADU Motor Wash & Warkop","sumber":"OSM","atribut":{"kategori":"Kafe"}}},{"type":"Feature","geometry":{"type":"Point","coordinates":[106.746221,-6.316004]},"properties":{"layer_id":"ekosistem","jenis":"poi","nama":"Warkop RAHAYU","sumber":"OSM","atribut":{"kategori":"Kafe"}}},{"type":"Feature","geometry":{"type":"Point","coordinates":[106.731459,-6.333074]},"properties":{"layer_id":"ekosistem","jenis":"poi","nama":"WARKOPAT Pamulang","sumber":"OSM","atribut":{"kategori":"Kafe"}}},{"type":"Feature","geometry":{"type":"Point","coordinates":[106.843605,-6.406438]},"properties":{"layer_id":"ekosistem","jenis":"poi","nama":"Warkop PAK WAS","sumber":"OSM","atribut":{"kategori":"Kafe"}}},{"type":"Feature","geometry":{"type":"Point","coordinates":[106.860944,-6.410101]},"properties":{"layer_id":"ekosistem","jenis":"poi","nama":"Warkop DAFFA","sumber":"OSM","atribut":{"kategori":"Kafe"}}},{"type":"Feature","geometry":{"type":"Point","coordinates":[106.843201,-6.405277]},"properties":{"layer_id":"ekosistem","jenis":"poi","nama":"Warkop ASO","sumber":"OSM","atribut":{"kategori":"Kafe"}}},{"type":"Feature","geometry":{"type":"Point","coordinates":[106.851367,-6.394739]},"properties":{"layer_id":"ekosistem","jenis":"poi","nama":"Warkop GEDE","sumber":"OSM","atribut":{"kategori":"Kafe"}}},{"type":"Feature","geometry":{"type":"Point","coordinates":[106.821502,-6.399694]},"properties":{"layer_id":"ekosistem","jenis":"poi","nama":"Warkop MELATI","sumber":"OSM","atribut":{"kategori":"Kafe"}}},{"type":"Feature","geometry":{"type":"Point","coordinates":[106.709824,-6.335115]},"properties":{"layer_id":"ekosistem","jenis":"poi","nama":"Warteg Dian Jaya","sumber":"OSM","atribut":{"kategori":"Makanan cepat saji"}}},{"type":"Feature","geometry":{"type":"Point","coordinates":[106.709893,-6.334525]},"properties":{"layer_id":"ekosistem","jenis":"poi","nama":"Nasi Pecel Nganjuk \"Bu Anita 4\"","sumber":"OSM","atribut":{"kategori":"Restoran"}}},{"type":"Feature","geometry":{"type":"Point","coordinates":[106.709892,-6.334566]},"properties":{"layer_id":"ekosistem","jenis":"poi","nama":"Ramdji Coffee","sumber":"OSM","atribut":{"kategori":"Kafe"}}},{"type":"Feature","geometry":{"type":"Point","coordinates":[106.709885,-6.334001]},"properties":{"layer_id":"ekosistem","jenis":"poi","nama":"Sambel Jontor","sumber":"OSM","atribut":{"kategori":"Restoran"}}},{"type":"Feature","geometry":{"type":"Point","coordinates":[106.709643,-6.334721]},"properties":{"layer_id":"ekosistem","jenis":"poi","nama":"Warkop Yamsu","sumber":"OSM","atribut":{"kategori":"Kafe"}}},{"type":"Feature","geometry":{"type":"Point","coordinates":[106.709699,-6.333923]},"properties":{"layer_id":"ekosistem","jenis":"poi","nama":"Jeju Dimsum","sumber":"OSM","atribut":{"kategori":"Makanan cepat saji"}}},{"type":"Feature","geometry":{"type":"Point","coordinates":[106.709654,-6.333951]},"properties":{"layer_id":"ekosistem","jenis":"poi","nama":"Sate Padang Mananti Keluarga","sumber":"OSM","atribut":{"kategori":"Restoran"}}},{"type":"Feature","geometry":{"type":"Point","coordinates":[106.709704,-6.335783]},"properties":{"layer_id":"ekosistem","jenis":"poi","nama":"Hisana Fried Chicken","sumber":"OSM","atribut":{"kategori":"Makanan cepat saji"}}},{"type":"Feature","geometry":{"type":"Point","coordinates":[106.710697,-6.336529]},"properties":{"layer_id":"ekosistem","jenis":"poi","nama":"Reno Fried Chicken","sumber":"OSM","atribut":{"kategori":"Makanan cepat saji"}}},{"type":"Feature","geometry":{"type":"Point","coordinates":[106.712068,-6.336339]},"properties":{"layer_id":"ekosistem","jenis":"poi","nama":"Sabana","sumber":"OSM","atribut":{"kategori":"Makanan cepat saji"}}},{"type":"Feature","geometry":{"type":"Point","coordinates":[106.853806,-6.383391]},"properties":{"layer_id":"ekosistem","jenis":"poi","nama":"Warkop KENANGAN","sumber":"OSM","atribut":{"kategori":"Kafe"}}},{"type":"Feature","geometry":{"type":"Point","coordinates":[106.706142,-6.326361]},"properties":{"layer_id":"ekosistem","jenis":"poi","nama":"Lesehan Pamulang","sumber":"OSM","atribut":{"kategori":"Makanan cepat saji"}}},{"type":"Feature","geometry":{"type":"Point","coordinates":[106.709966,-6.333591]},"properties":{"layer_id":"ekosistem","jenis":"poi","nama":"Bakso Keling Mas Min Solo","sumber":"OSM","atribut":{"kategori":"Restoran"}}},{"type":"Feature","geometry":{"type":"Point","coordinates":[106.709964,-6.333264]},"properties":{"layer_id":"ekosistem","jenis":"poi","nama":"Bubur Ayam & Warkop","sumber":"OSM","atribut":{"kategori":"Kafe"}}},{"type":"Feature","geometry":{"type":"Point","coordinates":[106.709725,-6.333218]},"properties":{"layer_id":"ekosistem","jenis":"poi","nama":"Arya Mas Seafood","sumber":"OSM","atribut":{"kategori":"Restoran"}}},{"type":"Feature","geometry":{"type":"Point","coordinates":[106.709671,-6.33327]},"properties":{"layer_id":"ekosistem","jenis":"poi","nama":"Ayam Bang Jarwo","sumber":"OSM","atribut":{"kategori":"Restoran"}}},{"type":"Feature","geometry":{"type":"Point","coordinates":[106.709175,-6.333379]},"properties":{"layer_id":"ekosistem","jenis":"poi","nama":"Bakso Solo Mas Heri","sumber":"OSM","atribut":{"kategori":"Restoran"}}},{"type":"Feature","geometry":{"type":"Point","coordinates":[106.709646,-6.332082]},"properties":{"layer_id":"ekosistem","jenis":"poi","nama":"Geprek Gold Chick","sumber":"OSM","atribut":{"kategori":"Makanan cepat saji"}}},{"type":"Feature","geometry":{"type":"Point","coordinates":[106.709626,-6.331948]},"properties":{"layer_id":"ekosistem","jenis":"poi","nama":"Martabak Pizza Orins","sumber":"OSM","atribut":{"kategori":"Makanan cepat saji"}}},{"type":"Feature","geometry":{"type":"Point","coordinates":[106.709586,-6.331741]},"properties":{"layer_id":"ekosistem","jenis":"poi","nama":"Soto Ayam Surabaya Cak No","sumber":"OSM","atribut":{"kategori":"Restoran"}}},{"type":"Feature","geometry":{"type":"Point","coordinates":[106.709882,-6.332281]},"properties":{"layer_id":"ekosistem","jenis":"poi","nama":"d'Besto","sumber":"OSM","atribut":{"kategori":"Makanan cepat saji"}}},{"type":"Feature","geometry":{"type":"Point","coordinates":[106.709565,-6.33135]},"properties":{"layer_id":"ekosistem","jenis":"poi","nama":"Warteg Kharisma","sumber":"OSM","atribut":{"kategori":"Makanan cepat saji"}}},{"type":"Feature","geometry":{"type":"Point","coordinates":[106.709475,-6.330781]},"properties":{"layer_id":"ekosistem","jenis":"poi","nama":"dKrispy","sumber":"OSM","atribut":{"kategori":"Makanan cepat saji"}}},{"type":"Feature","geometry":{"type":"Point","coordinates":[106.7097,-6.330709]},"properties":{"layer_id":"ekosistem","jenis":"poi","nama":"Lumpia Semarang","sumber":"OSM","atribut":{"kategori":"Makanan cepat saji"}}},{"type":"Feature","geometry":{"type":"Point","coordinates":[106.711,-6.325991]},"properties":{"layer_id":"ekosistem","jenis":"poi","nama":"RM Karya Minang Baru","sumber":"OSM","atribut":{"kategori":"Restoran"}}},{"type":"Feature","geometry":{"type":"Point","coordinates":[106.710948,-6.325623]},"properties":{"layer_id":"ekosistem","jenis":"poi","nama":"Soto Ayam Gombong","sumber":"OSM","atribut":{"kategori":"Restoran"}}},{"type":"Feature","geometry":{"type":"Point","coordinates":[106.710588,-6.325219]},"properties":{"layer_id":"ekosistem","jenis":"poi","nama":"Kentaki","sumber":"OSM","atribut":{"kategori":"Makanan cepat saji"}}},{"type":"Feature","geometry":{"type":"Point","coordinates":[106.709874,-6.3253]},"properties":{"layer_id":"ekosistem","jenis":"poi","nama":null,"sumber":"OSM","atribut":{"kategori":"Makanan cepat saji"}}},{"type":"Feature","geometry":{"type":"Point","coordinates":[106.709336,-6.325502]},"properties":{"layer_id":"ekosistem","jenis":"poi","nama":"Nasi Goreng","sumber":"OSM","atribut":{"kategori":"Restoran"}}},{"type":"Feature","geometry":{"type":"Point","coordinates":[106.70942,-6.33047]},"properties":{"layer_id":"ekosistem","jenis":"poi","nama":"Pondok Sate Tegal Bu Erna","sumber":"OSM","atribut":{"kategori":"Restoran"}}},{"type":"Feature","geometry":{"type":"Point","coordinates":[106.70941,-6.330332]},"properties":{"layer_id":"ekosistem","jenis":"poi","nama":"Hoz Pasta","sumber":"OSM","atribut":{"kategori":"Restoran"}}},{"type":"Feature","geometry":{"type":"Point","coordinates":[106.70965,-6.330024]},"properties":{"layer_id":"ekosistem","jenis":"poi","nama":"Warteg Bumi Bahari","sumber":"OSM","atribut":{"kategori":"Makanan cepat saji"}}},{"type":"Feature","geometry":{"type":"Point","coordinates":[106.709348,-6.329946]},"properties":{"layer_id":"ekosistem","jenis":"poi","nama":"Burger Bangor","sumber":"OSM","atribut":{"kategori":"Makanan cepat saji"}}},{"type":"Feature","geometry":{"type":"Point","coordinates":[106.709716,-6.330393]},"properties":{"layer_id":"ekosistem","jenis":"poi","nama":"Warung Sumeleh","sumber":"OSM","atribut":{"kategori":"Restoran"}}},{"type":"Feature","geometry":{"type":"Point","coordinates":[106.709541,-6.329383]},"properties":{"layer_id":"ekosistem","jenis":"poi","nama":"Mie Ayam DS Wonogiri","sumber":"OSM","atribut":{"kategori":"Restoran"}}},{"type":"Feature","geometry":{"type":"Point","coordinates":[106.709536,-6.32934]},"properties":{"layer_id":"ekosistem","jenis":"poi","nama":"Soto Ayam Lamongan","sumber":"OSM","atribut":{"kategori":"Restoran"}}},{"type":"Feature","geometry":{"type":"Point","coordinates":[106.709241,-6.32931]},"properties":{"layer_id":"ekosistem","jenis":"poi","nama":"Sate Ponorogo \"Darno\"","sumber":"OSM","atribut":{"kategori":"Restoran"}}},{"type":"Feature","geometry":{"type":"Point","coordinates":[106.709278,-6.329466]},"properties":{"layer_id":"ekosistem","jenis":"poi","nama":"Bakmie & Kwetiau Sapi A'un 88","sumber":"OSM","atribut":{"kategori":"Restoran"}}},{"type":"Feature","geometry":{"type":"Point","coordinates":[106.709235,-6.32922]},"properties":{"layer_id":"ekosistem","jenis":"poi","nama":"Gun Burger","sumber":"OSM","atribut":{"kategori":"Makanan cepat saji"}}},{"type":"Feature","geometry":{"type":"Point","coordinates":[106.831913,-6.372476]},"properties":{"layer_id":"ekosistem","jenis":"poi","nama":"Depok Town Square","sumber":"OSM","atribut":{"kategori":"Mal"}}},{"type":"Feature","geometry":{"type":"Point","coordinates":[106.861822,-6.312505]},"properties":{"layer_id":"ekosistem","jenis":"poi","nama":"Mall Graha Cijantung","sumber":"OSM","atribut":{"kategori":"Mal"}}},{"type":"Feature","geometry":{"type":"Point","coordinates":[106.881756,-6.291051]},"properties":{"layer_id":"ekosistem","jenis":"poi","nama":"Tamini Square","sumber":"OSM","atribut":{"kategori":"Mal"}}},{"type":"Feature","geometry":{"type":"Point","coordinates":[106.858658,-6.36503]},"properties":{"layer_id":"ekosistem","jenis":"poi","nama":"Grand Cimanggis Mall","sumber":"OSM","atribut":{"kategori":"Mal"}}},{"type":"Feature","geometry":{"type":"Point","coordinates":[106.799916,-6.291465]},"properties":{"layer_id":"ekosistem","jenis":"poi","nama":"Citos / Cilandak Town Square","sumber":"OSM","atribut":{"kategori":"Mal"}}},{"type":"Feature","geometry":{"type":"Point","coordinates":[106.778052,-6.28993]},"properties":{"layer_id":"ekosistem","jenis":"poi","nama":"Poins Square","sumber":"OSM","atribut":{"kategori":"Mal"}}},{"type":"Feature","geometry":{"type":"Point","coordinates":[106.824635,-6.393543]},"properties":{"layer_id":"ekosistem","jenis":"poi","nama":"Saladin Squares","sumber":"OSM","atribut":{"kategori":"Mal"}}},{"type":"Feature","geometry":{"type":"Point","coordinates":[106.82477,-6.393317]},"properties":{"layer_id":"ekosistem","jenis":"poi","nama":"Saladin Squares","sumber":"OSM","atribut":{"kategori":"Mal"}}},{"type":"Feature","geometry":{"type":"Point","coordinates":[106.792813,-6.395454]},"properties":{"layer_id":"ekosistem","jenis":"poi","nama":"Depok Town Center","sumber":"OSM","atribut":{"kategori":"Mal"}}},{"type":"Feature","geometry":{"type":"Point","coordinates":[106.829029,-6.280467]},"properties":{"layer_id":"ekosistem","jenis":"poi","nama":"The Park","sumber":"OSM","atribut":{"kategori":"Mal"}}},{"type":"Feature","geometry":{"type":"Point","coordinates":[106.911517,-6.284147]},"properties":{"layer_id":"ekosistem","jenis":"poi","nama":"Pondok Gede Plaza","sumber":"OSM","atribut":{"kategori":"Mal"}}},{"type":"Feature","geometry":{"type":"Point","coordinates":[106.91151,-6.284674]},"properties":{"layer_id":"ekosistem","jenis":"poi","nama":"Plaza Pondok Gede","sumber":"OSM","atribut":{"kategori":"Mal"}}},{"type":"Feature","geometry":{"type":"Point","coordinates":[106.91235,-6.284504]},"properties":{"layer_id":"ekosistem","jenis":"poi","nama":"Ramayana Department Store","sumber":"OSM","atribut":{"kategori":"Mal"}}},{"type":"Feature","geometry":{"type":"Point","coordinates":[106.860212,-6.357293]},"properties":{"layer_id":"ekosistem","jenis":"poi","nama":"Lippo Mall Cimanggis Square","sumber":"OSM","atribut":{"kategori":"Mal"}}},{"type":"Feature","geometry":{"type":"Point","coordinates":[106.82687,-6.386909]},"properties":{"layer_id":"ekosistem","jenis":"poi","nama":"D Mall","sumber":"OSM","atribut":{"kategori":"Mal"}}},{"type":"Feature","geometry":{"type":"Point","coordinates":[106.748946,-6.406217]},"properties":{"layer_id":"ekosistem","jenis":"poi","nama":"Ruko Citra Lestari","sumber":"OSM","atribut":{"kategori":"Mal"}}},{"type":"Feature","geometry":{"type":"Point","coordinates":[106.733947,-6.419243]},"properties":{"layer_id":"ekosistem","jenis":"poi","nama":"Ramayana Mall Parung","sumber":"OSM","atribut":{"kategori":"Mal"}}},{"type":"Feature","geometry":{"type":"Point","coordinates":[106.814027,-6.301695]},"properties":{"layer_id":"ekosistem","jenis":"poi","nama":"Transmart Carrefour","sumber":"OSM","atribut":{"kategori":"Mal"}}},{"type":"Feature","geometry":{"type":"Point","coordinates":[106.842381,-6.484107]},"properties":{"layer_id":"ekosistem","jenis":"poi","nama":"Cibinong City Mall 1","sumber":"OSM","atribut":{"kategori":"Mal"}}},{"type":"Feature","geometry":{"type":"Point","coordinates":[106.91524,-6.376439]},"properties":{"layer_id":"ekosistem","jenis":"poi","nama":"Plaza Cibubur","sumber":"OSM","atribut":{"kategori":"Mal"}}},{"type":"Feature","geometry":{"type":"Point","coordinates":[106.834939,-6.373102]},"properties":{"layer_id":"ekosistem","jenis":"poi","nama":"Margo City","sumber":"OSM","atribut":{"kategori":"Mal"}}},{"type":"Feature","geometry":{"type":"Point","coordinates":[106.854773,-6.46757]},"properties":{"layer_id":"ekosistem","jenis":"poi","nama":"Ramayana Cibinong","sumber":"OSM","atribut":{"kategori":"Mal"}}},{"type":"Feature","geometry":{"type":"Point","coordinates":[106.804173,-6.396596]},"properties":{"layer_id":"ekosistem","jenis":"poi","nama":"Pusat Perbelanjaan Pasadena","sumber":"OSM","atribut":{"kategori":"Mal"}}},{"type":"Feature","geometry":{"type":"Point","coordinates":[106.804228,-6.396758]},"properties":{"layer_id":"ekosistem","jenis":"poi","nama":null,"sumber":"OSM","atribut":{"kategori":"Mal"}}},{"type":"Feature","geometry":{"type":"Point","coordinates":[106.728035,-6.285666]},"properties":{"layer_id":"ekosistem","jenis":"poi","nama":"Bintaro Xchange Mall 1","sumber":"OSM","atribut":{"kategori":"Mal"}}},{"type":"Feature","geometry":{"type":"Point","coordinates":[106.782409,-6.317438]},"properties":{"layer_id":"ekosistem","jenis":"poi","nama":"Cinere Bellevue Mall","sumber":"OSM","atribut":{"kategori":"Mal"}}},{"type":"Feature","geometry":{"type":"Point","coordinates":[106.890224,-6.340294]},"properties":{"layer_id":"ekosistem","jenis":"poi","nama":"Cibubur Square","sumber":"OSM","atribut":{"kategori":"Mal"}}},{"type":"Feature","geometry":{"type":"Point","coordinates":[106.919834,-6.378757]},"properties":{"layer_id":"ekosistem","jenis":"poi","nama":"Cibubur Times Square","sumber":"OSM","atribut":{"kategori":"Mal"}}},{"type":"Feature","geometry":{"type":"Point","coordinates":[106.795058,-6.304632]},"properties":{"layer_id":"ekosistem","jenis":"poi","nama":"One Belpark Mall","sumber":"OSM","atribut":{"kategori":"Mal"}}},{"type":"Feature","geometry":{"type":"Point","coordinates":[106.785437,-6.558485]},"properties":{"layer_id":"ekosistem","jenis":"poi","nama":"Bogor Square","sumber":"OSM","atribut":{"kategori":"Mal"}}},{"type":"Feature","geometry":{"type":"Point","coordinates":[106.911494,-6.283492]},"properties":{"layer_id":"ekosistem","jenis":"poi","nama":"Plaza Pondok Gede 2","sumber":"OSM","atribut":{"kategori":"Mal"}}},{"type":"Feature","geometry":{"type":"Point","coordinates":[106.894184,-6.369601]},"properties":{"layer_id":"ekosistem","jenis":"poi","nama":"Cibubur Junction","sumber":"OSM","atribut":{"kategori":"Mal"}}},{"type":"Feature","geometry":{"type":"Point","coordinates":[106.900906,-6.309467]},"properties":{"layer_id":"ekosistem","jenis":"poi","nama":"The Amboja","sumber":"OSM","atribut":{"kategori":"Mal"}}},{"type":"Feature","geometry":{"type":"Point","coordinates":[106.867366,-6.309645]},"properties":{"layer_id":"ekosistem","jenis":"poi","nama":"Lotte Mart","sumber":"OSM","atribut":{"kategori":"Mal"}}},{"type":"Feature","geometry":{"type":"Point","coordinates":[106.751702,-6.31168]},"properties":{"layer_id":"ekosistem","jenis":"poi","nama":"Mega Mall Ciputat","sumber":"OSM","atribut":{"kategori":"Mal"}}},{"type":"Feature","geometry":{"type":"Point","coordinates":[106.843923,-6.479313]},"properties":{"layer_id":"ekosistem","jenis":"poi","nama":"Mall Cibinong Square","sumber":"OSM","atribut":{"kategori":"Mal"}}},{"type":"Feature","geometry":{"type":"Point","coordinates":[106.725181,-6.342761]},"properties":{"layer_id":"ekosistem","jenis":"poi","nama":"Pamulang Square","sumber":"OSM","atribut":{"kategori":"Mal"}}},{"type":"Feature","geometry":{"type":"Point","coordinates":[106.840467,-6.306146]},"properties":{"layer_id":"ekosistem","jenis":"poi","nama":"ÆON Mall","sumber":"OSM","atribut":{"kategori":"Mal"}}},{"type":"Feature","geometry":{"type":"Point","coordinates":[106.729179,-6.285676]},"properties":{"layer_id":"ekosistem","jenis":"poi","nama":"Bintaro Xchange Mall 2","sumber":"OSM","atribut":{"kategori":"Mal"}}},{"type":"Feature","geometry":{"type":"Point","coordinates":[106.902237,-6.374754]},"properties":{"layer_id":"ekosistem","jenis":"poi","nama":"Trans Studio Mall Cibubur","sumber":"OSM","atribut":{"kategori":"Mal"}}},{"type":"Feature","geometry":{"type":"Point","coordinates":[106.862645,-6.480377]},"properties":{"layer_id":"ekosistem","jenis":"poi","nama":"ITC Cibinong Mall","sumber":"OSM","atribut":{"kategori":"Mal"}}},{"type":"Feature","geometry":{"type":"Point","coordinates":[106.840991,-6.484113]},"properties":{"layer_id":"ekosistem","jenis":"poi","nama":"Cibinong City Mall 2","sumber":"OSM","atribut":{"kategori":"Mal"}}},{"type":"Feature","geometry":{"type":"Point","coordinates":[106.844353,-6.380353]},"properties":{"layer_id":"ekosistem","jenis":"poi","nama":"Mall Pesona Square Depok","sumber":"OSM","atribut":{"kategori":"Mal"}}},{"type":"Feature","geometry":{"type":"Point","coordinates":[106.747362,-6.314846]},"properties":{"layer_id":"ekosistem","jenis":"poi","nama":null,"sumber":"OSM","atribut":{"kategori":"Mal"}}},{"type":"Feature","geometry":{"type":"Point","coordinates":[106.746734,-6.312186]},"properties":{"layer_id":"ekosistem","jenis":"poi","nama":"Plaza Ciputat","sumber":"OSM","atribut":{"kategori":"Mal"}}},{"type":"Feature","geometry":{"type":"Point","coordinates":[106.853448,-6.468465]},"properties":{"layer_id":"ekosistem","jenis":"poi","nama":"Robinson City Point","sumber":"OSM","atribut":{"kategori":"Mal"}}}]}