{"type":"FeatureCollection","features":[{"type":"Feature","geometry":{"type":"Polygon","coordinates":[[[106.747163,-6.559454],[106.747163,-6.559863],[106.74785,-6.559863],[106.747713,-6.559317],[106.747163,-6.559454]]]},"properties":{"layer_id":"historis_risiko","jenis":"banjir","nama":"Bahaya banjir rendah","sumber":"InaRISK (BNPB)","atribut":{"kelas":"rendah"}}},{"type":"Feature","geometry":{"type":"Polygon","coordinates":[[[106.7,-6.536775],[106.7,-6.543879],[106.700412,-6.544153],[106.700412,-6.545519],[106.7,-6.545792],[106.7,-6.548388],[106.700412,-6.548661],[106.700412,-6.550983],[106.7,-6.55112],[106.7,-6.559863],[106.703025,-6.559863],[106.703163,-6.557268],[106.703713,-6.557268],[106.703987,-6.557541],[106.703987,-6.558087],[106.704675,-6.558224],[106.70495,-6.558497],[106.70495,-6.559044],[106.7055,-6.55918],[106.705775,-6.559454],[106.705775,-6.559863],[106.707425,-6.559863],[106.707425,-6.558497],[106.706875,-6.558361],[106.7066,-6.558087],[106.7066,-6.557541],[106.705912,-6.557404],[106.705638,-6.557131],[106.705638,-6.556721],[106.704813,-6.556311],[106.704813,-6.554945],[106.704125,-6.554809],[106.70385,-6.554535],[106.70385,-6.551257],[106.703025,-6.550847],[106.703025,-6.548661],[106.702337,-6.548524],[106.702062,-6.548251],[106.702062,-6.546748],[106.701238,-6.546338],[106.701238,-6.545929],[106.702062,-6.545519],[106.702062,-6.543196],[106.701238,-6.542786],[106.701238,-6.540464],[106.70055,-6.540327],[106.700275,-6.540054],[106.700275,-6.538688],[106.70055,-6.538414],[106.7011,-6.538414],[106.701375,-6.538688],[106.701513,-6.539371],[106.703713,-6.539371],[106.703987,-6.539644],[106.703987,-6.540054],[106.704675,-6.540191],[106.70495,-6.540464],[106.70495,-6.54101],[106.705775,-6.54142],[106.705912,-6.542103],[106.707288,-6.542103],[106.707563,-6.542376],[106.7077,-6.543879],[106.711,-6.543879],[106.711275,-6.544153],[106.711275,-6.545519],[106.711825,-6.545655],[106.712238,-6.546475],[106.713612,-6.546475],[106.713887,-6.546748],[106.713887,-6.549071],[106.713063,-6.549481],[106.713063,-6.552623],[106.713887,-6.553033],[106.714025,-6.553716],[106.714575,-6.553716],[106.71485,-6.553989],[106.71485,-6.555355],[106.715675,-6.555765],[106.715812,-6.55918],[106.717188,-6.55918],[106.717325,-6.558497],[106.7176,-6.558224],[106.718288,-6.558224],[106.718425,-6.559863],[106.721863,-6.559863],[106.721725,-6.559317],[106.721175,-6.559317],[106.7209,-6.559044],[106.720763,-6.558361],[106.718425,-6.558361],[106.71815,-6.557404],[106.716775,-6.557404],[106.7165,-6.557131],[106.7165,-6.555765],[106.716775,-6.555492],[106.717188,-6.555492],[106.717325,-6.554945],[106.715812,-6.554809],[106.715537,-6.554535],[106.715537,-6.553033],[106.714988,-6.552896],[106.714575,-6.552076],[106.714025,-6.552076],[106.71375,-6.551803],[106.71375,-6.550437],[106.714025,-6.550164],[106.7154,-6.550164],[106.715537,-6.548661],[106.715812,-6.548388],[106.7165,-6.548251],[106.7165,-6.547705],[106.715812,-6.547568],[106.715537,-6.547295],[106.715537,-6.546748],[106.715812,-6.546475],[106.717325,-6.546475],[106.717462,-6.547295],[106.71815,-6.547431],[106.718425,-6.547705],[106.718425,-6.548251],[106.718975,-6.548388],[106.719387,-6.549207],[106.720763,-6.549207],[106.721038,-6.549481],[106.721175,-6.550164],[106.723512,-6.550164],[106.723788,-6.550437],[106.723788,-6.550847],[106.724613,-6.551257],[106.72475,-6.55194],[106.726263,-6.55194],[106.726675,-6.552759],[106.729838,-6.552759],[106.730113,-6.553033],[106.73025,-6.553716],[106.733413,-6.553716],[106.733688,-6.553989],[106.733825,-6.554672],[106.736025,-6.554672],[106.736438,-6.555492],[106.739738,-6.555492],[106.740013,-6.555765],[106.740013,-6.558087],[106.739738,-6.558361],[106.73905,-6.558497],[106.73905,-6.559863],[106.746063,-6.559863],[106.7462,-6.557268],[106.747713,-6.557268],[106.747988,-6.557541],[106.748125,-6.558224],[106.748675,-6.558224],[106.748812,-6.557541],[106.749088,-6.557268],[106.749638,-6.557268],[106.749775,-6.559044],[106.751425,-6.559044],[106.751425,-6.558497],[106.7506,-6.558087],[106.750462,-6.557404],[106.749775,-6.557404],[106.7495,-6.556585],[106.7473,-6.556585],[106.747025,-6.556311],[106.746887,-6.555628],[106.74455,-6.555628],[106.744275,-6.555355],[106.744275,-6.554945],[106.74345,-6.554535],[106.743313,-6.552896],[106.74015,-6.552896],[106.739738,-6.552076],[106.738225,-6.552076],[106.737813,-6.552896],[106.736438,-6.552896],[106.736025,-6.552076],[106.733825,-6.552076],[106.73355,-6.551803],[106.733413,-6.55112],[106.732038,-6.55112],[106.731625,-6.5503],[106.731075,-6.5503],[106.730663,-6.55112],[106.729287,-6.55112],[106.728875,-6.5503],[106.7275,-6.5503],[106.727225,-6.550027],[106.727087,-6.549344],[106.722963,-6.549344],[106.722688,-6.549071],[106.72255,-6.547568],[106.72035,-6.547568],[106.720075,-6.547295],[106.720075,-6.545929],[106.7209,-6.545519],[106.7209,-6.544972],[106.721175,-6.544699],[106.72255,-6.544699],[106.722963,-6.543879],[106.72365,-6.543743],[106.72365,-6.542376],[106.724475,-6.541967],[106.724475,-6.54142],[106.72475,-6.541147],[106.72805,-6.541147],[106.728188,-6.540464],[106.728463,-6.540191],[106.729838,-6.540191],[106.730113,-6.540464],[106.73025,-6.542103],[106.7352,-6.542103],[106.735613,-6.542923],[106.737813,-6.542923],[106.738225,-6.542103],[106.738912,-6.541967],[106.738912,-6.54142],[106.739187,-6.541147],[106.739738,-6.541147],[106.740013,-6.54142],[106.740013,-6.542786],[106.740562,-6.542923],[106.740837,-6.543196],[106.740837,-6.543743],[106.741525,-6.543879],[106.741938,-6.544699],[106.745925,-6.544699],[106.7462,-6.544972],[106.7462,-6.546338],[106.746887,-6.546475],[106.747163,-6.546748],[106.747163,-6.548251],[106.747713,-6.548388],[106.748125,-6.549207],[106.7495,-6.549207],[106.749775,-6.549481],[106.749913,-6.550164],[106.750462,-6.550164],[106.750875,-6.550983],[106.75225,-6.550983],[106.752525,-6.551257],[106.752662,-6.55194],[106.753213,-6.55194],[106.75335,-6.551257],[106.753625,-6.550983],[106.755,-6.550983],[106.755275,-6.551257],[106.755275,-6.551803],[106.755825,-6.55194],[106.7561,-6.552213],[106.7561,-6.552623],[106.756788,-6.552759],[106.757063,-6.553033],[106.757063,-6.553579],[106.757888,-6.553989],[106.757888,-6.554535],[106.758575,-6.554672],[106.75885,-6.554945],[106.75885,-6.556311],[106.758575,-6.556585],[106.758025,-6.556585],[106.757613,-6.557404],[106.7561,-6.557541],[106.7561,-6.559863],[106.758713,-6.559863],[106.758713,-6.558497],[106.758988,-6.558224],[106.7605,-6.558087],[106.7605,-6.554945],[106.759813,-6.554809],[106.759538,-6.554535],[106.759538,-6.553033],[106.758988,-6.552896],[106.758575,-6.552076],[106.758025,-6.552076],[106.75775,-6.551803],[106.75775,-6.550437],[106.756925,-6.550027],[106.756925,-6.549344],[106.757613,-6.549207],[106.75775,-6.548661],[106.7572,-6.548524],[106.756925,-6.549344],[106.756237,-6.549344],[106.755825,-6.548524],[106.752662,-6.548524],[106.75225,-6.549344],[106.7517,-6.549344],[106.751425,-6.549071],[106.751425,-6.548661],[106.7506,-6.548251],[106.7506,-6.546748],[106.749088,-6.546612],[106.748675,-6.545792],[106.748125,-6.545792],[106.74785,-6.545519],[106.747713,-6.544016],[106.746337,-6.544016],[106.746063,-6.543743],[106.745925,-6.54306],[106.74455,-6.54306],[106.744275,-6.542786],[106.744275,-6.542376],[106.74345,-6.541967],[106.74345,-6.54142],[106.742762,-6.541284],[106.742487,-6.54101],[106.74235,-6.539507],[106.7374,-6.539507],[106.737262,-6.54101],[106.736987,-6.541284],[106.736438,-6.541284],[106.736163,-6.54101],[106.736025,-6.540327],[106.733825,-6.540327],[106.733413,-6.539507],[106.731075,-6.539507],[106.7308,-6.539234],[106.730663,-6.538551],[106.7275,-6.538551],[106.727362,-6.539234],[106.727087,-6.539507],[106.723925,-6.539507],[106.723512,-6.540327],[106.722825,-6.540464],[106.722825,-6.541967],[106.72255,-6.54224],[106.722138,-6.54224],[106.721725,-6.54306],[106.719387,-6.54306],[106.71925,-6.543743],[106.718975,-6.544016],[106.7132,-6.544016],[106.712925,-6.543743],[106.712788,-6.54224],[106.709488,-6.54224],[106.709213,-6.541967],[106.709075,-6.541284],[106.7077,-6.541284],[106.707425,-6.54101],[106.707425,-6.540464],[106.7066,-6.540054],[106.706463,-6.538551],[106.7033,-6.538551],[106.702888,-6.537731],[106.70055,-6.537731],[106.700275,-6.537458],[106.700275,-6.536912],[106.7,-6.536775]],[[106.745513,-6.556448],[106.745925,-6.556448],[106.7462,-6.556721],[106.746063,-6.557404],[106.745513,-6.557404],[106.745238,-6.557131],[106.745238,-6.556721],[106.745513,-6.556448]],[[106.702062,-6.556721],[106.702337,-6.556448],[106.702888,-6.556448],[106.703163,-6.556721],[106.703163,-6.557268],[106.702337,-6.557404],[106.702062,-6.557131],[106.702062,-6.556721]],[[106.700275,-6.55112],[106.701925,-6.550983],[106.7022,-6.551257],[106.7022,-6.551803],[106.701925,-6.552076],[106.70055,-6.552076],[106.700275,-6.551803],[106.700275,-6.55112]],[[106.7176,-6.545655],[106.71815,-6.545655],[106.718425,-6.545929],[106.718425,-6.546338],[106.71815,-6.546612],[106.717325,-6.546475],[106.717325,-6.545929],[106.7176,-6.545655]]]},"properties":{"layer_id":"historis_risiko","jenis":"banjir","nama":"Bahaya banjir rendah","sumber":"InaRISK (BNPB)","atribut":{"kelas":"rendah"}}},{"type":"Feature","geometry":{"type":"Polygon","coordinates":[[[106.7,-6.521473],[106.7,-6.523113],[106.700412,-6.523386],[106.70055,-6.524069],[106.7011,-6.524069],[106.701238,-6.523386],[106.701513,-6.523113],[106.701925,-6.523113],[106.7022,-6.523386],[106.702337,-6.524069],[106.702888,-6.524069],[106.703025,-6.523386],[106.7033,-6.523113],[106.704675,-6.523113],[106.70495,-6.523386],[106.70495,-6.526665],[106.7055,-6.526802],[106.705912,-6.527621],[106.708388,-6.527485],[106.708388,-6.526119],[106.7077,-6.525982],[106.707425,-6.525709],[106.707425,-6.525299],[106.7066,-6.524889],[106.7066,-6.524342],[106.705912,-6.524206],[106.705638,-6.523933],[106.705638,-6.523386],[106.705912,-6.523113],[106.706463,-6.523113],[106.7066,-6.522566],[106.7033,-6.52243],[106.703025,-6.522156],[106.703025,-6.52161],[106.70385,-6.5212],[106.703713,-6.519697],[106.702337,-6.519697],[106.7022,-6.5212],[106.701925,-6.521473],[106.7,-6.521473]]]},"properties":{"layer_id":"historis_risiko","jenis":"banjir","nama":"Bahaya banjir rendah","sumber":"InaRISK (BNPB)","atribut":{"kelas":"rendah"}}},{"type":"Feature","geometry":{"type":"Polygon","coordinates":[[[106.70495,-6.519834],[106.705088,-6.521337],[106.707288,-6.521337],[106.707563,-6.519561],[106.711,-6.519561],[106.711275,-6.519834],[106.711413,-6.520517],[106.712925,-6.520517],[106.713063,-6.5212],[106.713887,-6.521473],[106.714025,-6.522293],[106.714713,-6.522156],[106.714575,-6.521473],[106.713887,-6.521473],[106.71375,-6.52079],[106.712925,-6.520517],[106.712788,-6.518877],[106.7077,-6.518877],[106.707563,-6.519561],[106.706875,-6.519697],[106.706738,-6.52038],[106.706463,-6.520654],[106.705912,-6.520654],[106.705638,-6.52038],[106.7055,-6.519697],[106.70495,-6.519834]]]},"properties":{"layer_id":"historis_risiko","jenis":"banjir","nama":"Bahaya banjir rendah","sumber":"InaRISK (BNPB)","atribut":{"kelas":"rendah"}}},{"type":"Feature","geometry":{"type":"Polygon","coordinates":[[[106.7011,-6.508904],[106.70055,-6.508904],[106.700412,-6.509587],[106.7,-6.50986],[106.7,-6.5115],[106.700275,-6.511363],[106.700275,-6.510816],[106.70055,-6.510543],[106.701238,-6.510407],[106.7011,-6.508904]]]},"properties":{"layer_id":"historis_risiko","jenis":"banjir","nama":"Bahaya banjir rendah","sumber":"InaRISK (BNPB)","atribut":{"kelas":"rendah"}}},{"type":"Feature","geometry":{"type":"Polygon","coordinates":[[[106.7,-6.48554],[106.7,-6.494421],[106.7011,-6.494421],[106.701375,-6.494694],[106.701375,-6.495377],[106.70055,-6.495514],[106.700412,-6.49606],[106.7011,-6.496197],[106.701238,-6.495514],[106.701925,-6.495377],[106.702337,-6.496197],[106.702888,-6.496197],[106.703163,-6.49647],[106.7033,-6.497973],[106.703713,-6.497973],[106.704125,-6.497154],[106.7055,-6.497154],[106.705775,-6.497427],[106.705775,-6.502345],[106.706463,-6.502482],[106.706875,-6.501662],[106.707288,-6.501662],[106.707563,-6.501936],[106.707563,-6.504122],[106.707288,-6.504395],[106.705912,-6.504395],[106.705775,-6.505078],[106.70495,-6.505488],[106.705088,-6.506171],[106.712788,-6.506171],[106.712925,-6.505488],[106.7132,-6.505215],[106.714575,-6.505215],[106.71485,-6.505488],[106.71485,-6.506034],[106.714575,-6.506308],[106.714025,-6.506308],[106.713887,-6.506854],[106.713063,-6.507264],[106.713063,-6.507811],[106.713612,-6.507947],[106.714025,-6.508767],[106.7154,-6.508767],[106.715675,-6.50904],[106.715675,-6.509587],[106.716363,-6.509723],[106.7165,-6.50904],[106.716775,-6.508767],[106.717188,-6.508767],[106.7176,-6.507947],[106.718288,-6.507811],[106.718288,-6.506444],[106.719113,-6.506034],[106.719113,-6.504532],[106.718563,-6.504395],[106.71815,-6.503575],[106.716775,-6.503575],[106.7165,-6.503302],[106.716363,-6.502619],[106.715537,-6.502482],[106.715537,-6.501936],[106.715812,-6.501662],[106.71815,-6.501662],[106.718288,-6.500979],[106.718563,-6.500706],[106.719113,-6.500706],[106.71925,-6.501526],[106.720075,-6.501662],[106.72035,-6.502482],[106.721725,-6.502482],[106.721863,-6.501936],[106.722688,-6.501526],[106.72255,-6.500843],[106.721175,-6.500843],[106.721038,-6.501526],[106.720763,-6.501799],[106.720213,-6.501799],[106.720075,-6.500979],[106.71925,-6.500843],[106.719113,-6.500159],[106.719387,-6.499886],[106.721725,-6.499886],[106.721863,-6.499203],[106.722138,-6.49893],[106.7253,-6.49893],[106.725437,-6.498247],[106.725713,-6.497973],[106.726263,-6.497973],[106.726538,-6.498247],[106.726538,-6.49975],[106.726263,-6.500023],[106.725575,-6.500159],[106.725713,-6.501662],[106.726263,-6.501662],[106.7264,-6.500979],[106.726675,-6.500706],[106.728875,-6.500706],[106.72915,-6.500979],[106.729287,-6.501662],[106.731625,-6.501662],[106.7319,-6.501936],[106.7319,-6.502345],[106.731625,-6.502619],[106.731075,-6.502619],[106.730937,-6.503302],[106.73245,-6.503439],[106.732862,-6.504258],[106.73355,-6.504122],[106.73355,-6.502755],[106.733825,-6.502482],[106.734238,-6.502482],[106.734513,-6.502755],[106.73465,-6.503439],[106.736987,-6.503439],[106.737262,-6.503712],[106.737262,-6.504122],[106.736987,-6.504395],[106.736438,-6.504395],[106.7363,-6.505078],[106.735475,-6.505488],[106.735475,-6.506034],[106.7352,-6.506308],[106.734513,-6.506444],[106.73465,-6.506991],[106.736025,-6.506991],[106.736438,-6.506171],[106.737813,-6.506171],[106.73795,-6.504532],[106.738225,-6.504258],[106.738775,-6.504258],[106.739187,-6.503439],[106.739738,-6.503439],[106.74015,-6.504258],[106.74235,-6.504258],[106.742625,-6.504532],[106.742762,-6.505215],[106.744138,-6.505215],[106.744412,-6.505488],[106.744412,-6.506854],[106.7451,-6.506991],[106.745375,-6.507264],[106.745513,-6.507947],[106.746063,-6.507811],[106.746063,-6.507264],[106.746337,-6.506991],[106.746887,-6.506991],[106.747163,-6.507264],[106.747163,-6.50863],[106.748675,-6.508767],[106.74895,-6.50904],[106.74895,-6.511363],[106.749775,-6.511773],[106.749913,-6.512456],[106.751288,-6.512456],[106.751563,-6.512729],[106.751563,-6.514915],[106.75225,-6.515052],[106.752525,-6.515325],[106.752525,-6.516008],[106.751563,-6.516282],[106.751563,-6.517648],[106.750737,-6.518058],[106.750737,-6.518741],[106.74895,-6.519014],[106.74895,-6.519424],[106.749775,-6.519834],[106.749775,-6.5212],[106.7506,-6.5212],[106.7506,-6.518877],[106.752387,-6.518604],[106.752387,-6.516145],[106.755,-6.516008],[106.755275,-6.516282],[106.755275,-6.517648],[106.7561,-6.517921],[106.7561,-6.522156],[106.756925,-6.522156],[106.756925,-6.518058],[106.755963,-6.517784],[106.755963,-6.515325],[106.75445,-6.515189],[106.754175,-6.514915],[106.754175,-6.514505],[106.75335,-6.514096],[106.75335,-6.511773],[106.7517,-6.511636],[106.751425,-6.511363],[106.751425,-6.510816],[106.7506,-6.510407],[106.7506,-6.50986],[106.751425,-6.509587],[106.751288,-6.508904],[106.750737,-6.50904],[106.7506,-6.50986],[106.749913,-6.50986],[106.749638,-6.509587],[106.749638,-6.508221],[106.748812,-6.507811],[106.748675,-6.507128],[106.748125,-6.507128],[106.74785,-6.506854],[106.747713,-6.505351],[106.747163,-6.505488],[106.747163,-6.506034],[106.746887,-6.506308],[106.746337,-6.506308],[106.746063,-6.506034],[106.746063,-6.505488],[106.745238,-6.505078],[106.745238,-6.503712],[106.74455,-6.503575],[106.744275,-6.503302],[106.744275,-6.502755],[106.743725,-6.502619],[106.743313,-6.501799],[106.740975,-6.501799],[106.7407,-6.501526],[106.740562,-6.500843],[106.738225,-6.500843],[106.737813,-6.500023],[106.736438,-6.500023],[106.736163,-6.49975],[106.736025,-6.499066],[106.73465,-6.499066],[106.734513,-6.49975],[106.734238,-6.500023],[106.733825,-6.500023],[106.73355,-6.49975],[106.73355,-6.499203],[106.732862,-6.499066],[106.732588,-6.498793],[106.73245,-6.49811],[106.73025,-6.49811],[106.729975,-6.497837],[106.729975,-6.497427],[106.73025,-6.497154],[106.73355,-6.497154],[106.733825,-6.497973],[106.7352,-6.497973],[106.7352,-6.496334],[106.73465,-6.496334],[106.734513,-6.497017],[106.734238,-6.49729],[106.733688,-6.49729],[106.733413,-6.496334],[106.731075,-6.496334],[106.730663,-6.495514],[106.729287,-6.495514],[106.728875,-6.496334],[106.728463,-6.496334],[106.72805,-6.495514],[106.725713,-6.495514],[106.7253,-6.496334],[106.723925,-6.496334],[106.723788,-6.497017],[106.723512,-6.49729],[106.718563,-6.49729],[106.718425,-6.498793],[106.71815,-6.499066],[106.716775,-6.499066],[106.7165,-6.498793],[106.716363,-6.49811],[106.714988,-6.49811],[106.71485,-6.49975],[106.714575,-6.500023],[106.714025,-6.500023],[106.71375,-6.49975],[106.71375,-6.499203],[106.712925,-6.498793],[106.712788,-6.49729],[106.712238,-6.49729],[106.711825,-6.49811],[106.71045,-6.49811],[106.710175,-6.497837],[106.710175,-6.497427],[106.709488,-6.49729],[106.709213,-6.497017],[106.709213,-6.49647],[106.708388,-6.49606],[106.708388,-6.495651],[106.708663,-6.495377],[106.714575,-6.495377],[106.71485,-6.495651],[106.71485,-6.49606],[106.7154,-6.496197],[106.715537,-6.494694],[106.708663,-6.494558],[106.708388,-6.494284],[106.70825,-6.493601],[106.705088,-6.493601],[106.704675,-6.492781],[106.7033,-6.492781],[106.703025,-6.492508],[106.703025,-6.491962],[106.7033,-6.491688],[106.704675,-6.491688],[106.70495,-6.490868],[106.705638,-6.490868],[106.705912,-6.491688],[106.710037,-6.491688],[106.710175,-6.491142],[106.705775,-6.491005],[106.705638,-6.490185],[106.70495,-6.490049],[106.704675,-6.489229],[106.7033,-6.489229],[106.703025,-6.488956],[106.703025,-6.488409],[106.70385,-6.487999],[106.70385,-6.486633],[106.704125,-6.48636],[106.704813,-6.486223],[106.704675,-6.48554],[106.7,-6.48554]],[[106.71375,-6.502755],[106.714025,-6.502482],[106.715537,-6.502482],[106.715675,-6.503302],[106.7154,-6.503575],[106.714025,-6.503575],[106.71375,-6.503302],[106.71375,-6.502755]],[[106.703025,-6.490185],[106.7033,-6.489912],[106.704813,-6.489912],[106.70495,-6.490868],[106.7033,-6.491005],[106.703025,-6.490732],[106.703025,-6.490185]]]},"properties":{"layer_id":"historis_risiko","jenis":"banjir","nama":"Bahaya banjir rendah","sumber":"InaRISK (BNPB)","atribut":{"kelas":"rendah"}}},{"type":"Feature","geometry":{"type":"Polygon","coordinates":[[[106.7,-6.480211],[106.7,-6.480894],[106.700412,-6.481031],[106.700412,-6.481714],[106.7,-6.481987],[106.7,-6.483627],[106.7011,-6.483627],[106.701238,-6.481167],[106.700412,-6.481031],[106.700275,-6.480348],[106.7,-6.480211]]]},"properties":{"layer_id":"historis_risiko","jenis":"banjir","nama":"Bahaya banjir rendah","sumber":"InaRISK (BNPB)","atribut":{"kelas":"rendah"}}},{"type":"Feature","geometry":{"type":"Polygon","coordinates":[[[106.7066,-6.46682],[106.704125,-6.466684],[106.70385,-6.46764],[106.7,-6.46764],[106.7,-6.46928],[106.700412,-6.469553],[106.70055,-6.4701],[106.7011,-6.4701],[106.701238,-6.468597],[106.701513,-6.468323],[106.703713,-6.468323],[106.703987,-6.467504],[106.706463,-6.467504],[106.7066,-6.46682]]]},"properties":{"layer_id":"historis_risiko","jenis":"banjir","nama":"Bahaya banjir rendah","sumber":"InaRISK (BNPB)","atribut":{"kelas":"rendah"}}},{"type":"Feature","geometry":{"type":"Polygon","coordinates":[[[106.918487,-6.455069],[106.911613,-6.455069],[106.911475,-6.456572],[106.9112,-6.456846],[106.909825,-6.456846],[106.90955,-6.456572],[106.909413,-6.455889],[106.908038,-6.455889],[106.9079,-6.456572],[106.907625,-6.456846],[106.907212,-6.456846],[106.9068,-6.457666],[106.905288,-6.457802],[106.905288,-6.459305],[106.905012,-6.459579],[106.904463,-6.459579],[106.90405,-6.460398],[106.900887,-6.460398],[106.90075,-6.461082],[106.900475,-6.461355],[106.899925,-6.461355],[106.899788,-6.461901],[106.898962,-6.462311],[106.898962,-6.462858],[106.898688,-6.463131],[106.897312,-6.463131],[106.8969,-6.463951],[106.895525,-6.463951],[106.895387,-6.464634],[106.895112,-6.464907],[106.893738,-6.464907],[106.8936,-6.465591],[106.893325,-6.465864],[106.892775,-6.465864],[106.892638,-6.466411],[106.891813,-6.46682],[106.891813,-6.468187],[106.892638,-6.468597],[106.892638,-6.469963],[106.893325,-6.4701],[106.8936,-6.470373],[106.893738,-6.471056],[106.895112,-6.471056],[106.895387,-6.47133],[106.895387,-6.471876],[106.895938,-6.472013],[106.89635,-6.472833],[106.8969,-6.472833],[106.897175,-6.473106],[106.897175,-6.474472],[106.898,-6.474882],[106.898,-6.475429],[106.898688,-6.475565],[106.898962,-6.475839],[106.8991,-6.476522],[106.89965,-6.476385],[106.89965,-6.475839],[106.899925,-6.475565],[106.900475,-6.475565],[106.90075,-6.475839],[106.90075,-6.478161],[106.901575,-6.478571],[106.901575,-6.478981],[106.90075,-6.479391],[106.90075,-6.481714],[106.900475,-6.481987],[106.899925,-6.481987],[106.899788,-6.48267],[106.899513,-6.482944],[106.898138,-6.482944],[106.897863,-6.48267],[106.897863,-6.481167],[106.895525,-6.481031],[106.89525,-6.480757],[106.89525,-6.479391],[106.894563,-6.479255],[106.894425,-6.479938],[106.89415,-6.480211],[106.892638,-6.480348],[106.892638,-6.481714],[106.891813,-6.482124],[106.891813,-6.48267],[106.892638,-6.48308],[106.892638,-6.484447],[106.892363,-6.48472],[106.890988,-6.48472],[106.890713,-6.484447],[106.890575,-6.483763],[106.887412,-6.483763],[106.887138,-6.48349],[106.887,-6.481987],[106.883837,-6.481987],[106.8837,-6.485266],[106.884525,-6.485676],[106.884663,-6.48636],[106.887825,-6.48636],[106.8881,-6.486633],[106.8881,-6.487043],[106.887825,-6.487316],[106.884663,-6.487316],[106.884525,-6.489775],[106.88425,-6.490049],[106.883837,-6.490049],[106.8837,-6.490732],[106.883425,-6.491005],[106.882875,-6.491005],[106.882463,-6.491825],[106.881912,-6.491962],[106.881912,-6.495241],[106.881637,-6.495514],[106.881088,-6.495514],[106.880675,-6.496334],[106.8793,-6.496334],[106.879163,-6.497837],[106.878888,-6.49811],[106.877513,-6.49811],[106.8771,-6.49729],[106.87655,-6.49729],[106.876413,-6.498793],[106.876137,-6.499066],[106.875725,-6.499066],[106.875588,-6.49975],[106.875313,-6.500023],[106.874763,-6.500023],[106.87435,-6.500843],[106.8738,-6.500979],[106.8738,-6.502345],[106.873525,-6.502619],[106.872975,-6.502619],[106.872838,-6.503302],[106.872563,-6.503575],[106.87215,-6.503575],[106.871738,-6.504395],[106.870225,-6.504532],[106.870225,-6.506034],[106.87105,-6.506444],[106.87105,-6.50863],[106.870225,-6.50904],[106.870225,-6.512319],[106.86995,-6.512593],[106.869263,-6.512729],[106.869263,-6.514096],[106.868437,-6.514505],[106.868437,-6.516691],[106.868162,-6.516965],[106.865,-6.516965],[106.864863,-6.517648],[106.864587,-6.517921],[106.863213,-6.517921],[106.863075,-6.518604],[106.8628,-6.518877],[106.86225,-6.518877],[106.862112,-6.519424],[106.861838,-6.519697],[106.861288,-6.519697],[106.86115,-6.52038],[106.860325,-6.52079],[106.860325,-6.522976],[106.86005,-6.523249],[106.859363,-6.523386],[106.859363,-6.524889],[106.858537,-6.525299],[106.858537,-6.526665],[106.858262,-6.526938],[106.857575,-6.527075],[106.857575,-6.530217],[106.85675,-6.530627],[106.85675,-6.531174],[106.856475,-6.531447],[106.854962,-6.531583],[106.854962,-6.534726],[106.855513,-6.534862],[106.855788,-6.535136],[106.855788,-6.535682],[106.856475,-6.535819],[106.85675,-6.536092],[106.85675,-6.536502],[106.857575,-6.536912],[106.857575,-6.537458],[106.85675,-6.537868],[106.85675,-6.539234],[106.857575,-6.539644],[106.857575,-6.540054],[106.85675,-6.540464],[106.85675,-6.541967],[106.858262,-6.542103],[106.858537,-6.542376],[106.858537,-6.546338],[106.859363,-6.546748],[106.859363,-6.548251],[106.86005,-6.548388],[106.860187,-6.547705],[106.860462,-6.547431],[106.860875,-6.547431],[106.86115,-6.547705],[106.861288,-6.548388],[106.8628,-6.548388],[106.863075,-6.548661],[106.863075,-6.550027],[106.863625,-6.550164],[106.864037,-6.550983],[106.864587,-6.550983],[106.864863,-6.551257],[106.864863,-6.552623],[106.865688,-6.553033],[106.865688,-6.554535],[106.864863,-6.554945],[106.864863,-6.557131],[106.865688,-6.557541],[106.865825,-6.55918],[106.866375,-6.55918],[106.866512,-6.558497],[106.866788,-6.558224],[106.8672,-6.558224],[106.867475,-6.558497],[106.867475,-6.559863],[106.871875,-6.559863],[106.871875,-6.559454],[106.871188,-6.559317],[106.870913,-6.559044],[106.870913,-6.558497],[106.870087,-6.558087],[106.870087,-6.556721],[106.8694,-6.556585],[106.869125,-6.556311],[106.869125,-6.553033],[106.868575,-6.552896],[106.868162,-6.552076],[106.867613,-6.552076],[106.867338,-6.551803],[106.867338,-6.550437],[106.866788,-6.5503],[106.866512,-6.550027],[106.866512,-6.549481],[106.865825,-6.549344],[106.86555,-6.549071],[106.86555,-6.548661],[106.864725,-6.548251],[106.864725,-6.546748],[106.864037,-6.546612],[106.863763,-6.546338],[106.863763,-6.543196],[106.863213,-6.54306],[106.8628,-6.54224],[106.86225,-6.54224],[106.861975,-6.541967],[106.861838,-6.541284],[106.861288,-6.541284],[106.861013,-6.54101],[106.861013,-6.537868],[106.860187,-6.537458],[106.860187,-6.536092],[106.8595,-6.535955],[106.859225,-6.535682],[106.859225,-6.535136],[106.8595,-6.534862],[106.860187,-6.534726],[106.860187,-6.53336],[106.861013,-6.53295],[106.861013,-6.531583],[106.861288,-6.53131],[106.861975,-6.531174],[106.861975,-6.530627],[106.861288,-6.53049],[106.861013,-6.530217],[106.861013,-6.529807],[106.861288,-6.529534],[106.861975,-6.529397],[106.861975,-6.527075],[106.86225,-6.526802],[106.862938,-6.526665],[106.862938,-6.523386],[106.863763,-6.522976],[106.863763,-6.52161],[106.864037,-6.521337],[106.86555,-6.5212],[106.86555,-6.52079],[106.864725,-6.52038],[106.864725,-6.519014],[106.865,-6.518741],[106.866375,-6.518741],[106.86665,-6.519014],[106.86665,-6.519424],[106.8672,-6.519561],[106.867613,-6.518741],[106.870775,-6.518741],[106.870913,-6.516282],[106.871188,-6.516008],[106.871738,-6.516008],[106.871875,-6.515325],[106.87215,-6.515052],[106.873525,-6.515052],[106.873663,-6.513549],[106.873937,-6.513276],[106.87435,-6.513276],[106.874763,-6.512456],[106.878062,-6.512456],[106.8782,-6.510816],[106.878475,-6.510543],[106.879163,-6.51068],[106.8793,-6.5115],[106.880675,-6.5115],[106.880813,-6.510816],[106.881088,-6.510543],[106.887,-6.510543],[106.887275,-6.510816],[106.887412,-6.5115],[106.889612,-6.5115],[106.889888,-6.511773],[106.889888,-6.512319],[106.890575,-6.512456],[106.89085,-6.512729],[106.890988,-6.514232],[106.893325,-6.514232],[106.8936,-6.514505],[106.8936,-6.514915],[106.894425,-6.515325],[106.894425,-6.516691],[106.895112,-6.516828],[106.895387,-6.517101],[106.895387,-6.517648],[106.896213,-6.518058],[106.89635,-6.519561],[106.898688,-6.519561],[106.898962,-6.519834],[106.898962,-6.52038],[106.899513,-6.520517],[106.899925,-6.521337],[106.9013,-6.521337],[106.901575,-6.52161],[106.901575,-6.523933],[106.902263,-6.524069],[106.902538,-6.524342],[106.902538,-6.524889],[106.902263,-6.525162],[106.901713,-6.525162],[106.901575,-6.525709],[106.903087,-6.525845],[106.903363,-6.526119],[106.9035,-6.527621],[106.905012,-6.527621],[106.905288,-6.527895],[106.905288,-6.528441],[106.906113,-6.528851],[106.906113,-6.529397],[106.9068,-6.529534],[106.907075,-6.529807],[106.907075,-6.531174],[106.9079,-6.531583],[106.9079,-6.53295],[106.907075,-6.53336],[106.907212,-6.534862],[106.908587,-6.534862],[106.908725,-6.53336],[106.909,-6.533086],[106.910375,-6.533086],[106.910512,-6.532403],[106.910787,-6.53213],[106.9112,-6.53213],[106.911613,-6.53131],[106.912163,-6.53131],[106.9123,-6.530627],[106.912575,-6.530354],[106.913263,-6.53049],[106.9134,-6.53131],[106.914088,-6.531174],[106.914088,-6.530627],[106.913263,-6.53049],[106.912987,-6.529671],[106.911613,-6.529671],[106.911338,-6.529397],[106.9112,-6.527758],[106.909,-6.527758],[106.908587,-6.526938],[106.908038,-6.526938],[106.907763,-6.526665],[106.907625,-6.525162],[106.904463,-6.525162],[106.904188,-6.524889],[106.904188,-6.523386],[106.9035,-6.523249],[106.903225,-6.522976],[106.903225,-6.519834],[106.901713,-6.519697],[106.9013,-6.518877],[106.900887,-6.518877],[106.900475,-6.519697],[106.899925,-6.519697],[106.89965,-6.519424],[106.89965,-6.518058],[106.898138,-6.517921],[106.897863,-6.517648],[106.897863,-6.517101],[106.897312,-6.516965],[106.8969,-6.516145],[106.89635,-6.516145],[106.896075,-6.515872],[106.896075,-6.515325],[106.89635,-6.515052],[106.8969,-6.515052],[106.897037,-6.514505],[106.89635,-6.514369],[106.896075,-6.514096],[106.895938,-6.513412],[106.893738,-6.513412],[106.893462,-6.513139],[106.893462,-6.510816],[106.892775,-6.51068],[106.892363,-6.50986],[106.890988,-6.50986],[106.890713,-6.509587],[106.890575,-6.508904],[106.8892,-6.508904],[106.888925,-6.50863],[106.888925,-6.507264],[106.888238,-6.507128],[106.887963,-6.506854],[106.887963,-6.506444],[106.887138,-6.506034],[106.887,-6.505351],[106.885625,-6.505351],[106.88535,-6.505078],[106.88535,-6.504532],[106.886175,-6.504122],[106.886175,-6.502755],[106.88645,-6.502482],[106.887138,-6.502345],[106.887138,-6.49647],[106.88645,-6.496334],[106.886175,-6.49606],[106.886175,-6.494694],[106.88645,-6.494421],[106.887,-6.494421],[106.887275,-6.494694],[106.887275,-6.495241],[106.8881,-6.495651],[106.888238,-6.497154],[106.890713,-6.497154],[106.890988,-6.497973],[106.892363,-6.497973],[106.8925,-6.49647],[106.892775,-6.496197],[106.893325,-6.496197],[106.8936,-6.49647],[106.8936,-6.497017],[106.894288,-6.497154],[106.894563,-6.497973],[106.895112,-6.497973],[106.89525,-6.497427],[106.894288,-6.497154],[106.894288,-6.494694],[106.894563,-6.494421],[106.89525,-6.494284],[106.89525,-6.491962],[106.896075,-6.491552],[106.896075,-6.490185],[106.89525,-6.489775],[106.89525,-6.486633],[106.895525,-6.48636],[106.897725,-6.48636],[106.897863,-6.485676],[106.898138,-6.485403],[106.9013,-6.485403],[106.901438,-6.484857],[106.901713,-6.484583],[106.902263,-6.484583],[106.9024,-6.4839],[106.902675,-6.483627],[106.903087,-6.483627],[106.903363,-6.4839],[106.9035,-6.484583],[106.90405,-6.484583],[106.904463,-6.485403],[106.905012,-6.485403],[106.905288,-6.485676],[106.905288,-6.487043],[106.906113,-6.487453],[106.906113,-6.487999],[106.905288,-6.488409],[106.905288,-6.490732],[106.906113,-6.491142],[106.906113,-6.49606],[106.9068,-6.496197],[106.907075,-6.49647],[106.907075,-6.497837],[106.9079,-6.498247],[106.9079,-6.498793],[106.907625,-6.499066],[106.906113,-6.499203],[106.906113,-6.504122],[106.9068,-6.504258],[106.907075,-6.504532],[106.907075,-6.505078],[106.9068,-6.505351],[106.906113,-6.505488],[106.906113,-6.506854],[106.905288,-6.507264],[106.905288,-6.507811],[106.905012,-6.508084],[106.904325,-6.508221],[106.904325,-6.511363],[106.905838,-6.5115],[106.906113,-6.511773],[106.90625,-6.512456],[106.907625,-6.512456],[106.908038,-6.513276],[106.909413,-6.513276],[106.909688,-6.513549],[106.909825,-6.515052],[106.912163,-6.515052],[106.912437,-6.515325],[106.912575,-6.516008],[106.913125,-6.515872],[106.913125,-6.515325],[106.9134,-6.515052],[106.91395,-6.515052],[106.914225,-6.515325],[106.914362,-6.517784],[106.914775,-6.517784],[106.914912,-6.517101],[106.915188,-6.516828],[106.915738,-6.516828],[106.915875,-6.516282],[106.9167,-6.515872],[106.916562,-6.514369],[106.91615,-6.514369],[106.915738,-6.515189],[106.915188,-6.515189],[106.914912,-6.514915],[106.914912,-6.513549],[106.914362,-6.513412],[106.91395,-6.512593],[106.912575,-6.512593],[106.9123,-6.512319],[106.9123,-6.510816],[106.913125,-6.510407],[106.912987,-6.50986],[106.909825,-6.50986],[106.909413,-6.51068],[106.909,-6.51068],[106.908725,-6.510407],[106.908725,-6.507264],[106.909,-6.506991],[106.909413,-6.506991],[106.909825,-6.506171],[106.910375,-6.506171],[106.910512,-6.505488],[106.910787,-6.505215],[106.911338,-6.505078],[106.911338,-6.502755],[106.910512,-6.502345],[106.910512,-6.500159],[106.911338,-6.49975],[106.911338,-6.498247],[106.911613,-6.497973],[106.9123,-6.497837],[106.9123,-6.495651],[106.911613,-6.495514],[106.911338,-6.495241],[106.911338,-6.494694],[106.910512,-6.494284],[106.910512,-6.492918],[106.909825,-6.492781],[106.90955,-6.492508],[106.90955,-6.491142],[106.908725,-6.490732],[106.908725,-6.490185],[106.90955,-6.489775],[106.90955,-6.487453],[106.908038,-6.487316],[106.907763,-6.487043],[106.907763,-6.485676],[106.908038,-6.485403],[106.908587,-6.485403],[106.909,-6.484583],[106.910375,-6.484583],[106.910512,-6.48308],[106.910787,-6.482807],[106.9112,-6.482807],[106.911613,-6.483627],[106.91395,-6.483627],[106.914225,-6.4839],[106.914225,-6.485403],[106.9134,-6.48554],[106.913263,-6.486223],[106.91395,-6.48636],[106.914088,-6.48554],[106.914775,-6.485403],[106.915188,-6.484583],[106.915738,-6.484583],[106.91615,-6.485403],[106.917525,-6.485403],[106.9178,-6.485676],[106.9178,-6.487043],[106.918487,-6.487179],[106.918762,-6.487453],[106.918762,-6.489775],[106.919313,-6.489912],[106.919588,-6.490185],[106.919588,-6.490732],[106.919863,-6.490868],[106.919863,-6.48472],[106.916975,-6.48472],[106.9167,-6.484447],[106.9167,-6.4839],[106.91615,-6.483763],[106.915875,-6.48349],[106.915875,-6.48308],[106.9167,-6.48267],[106.916837,-6.481851],[106.917663,-6.481714],[106.917663,-6.481167],[106.916975,-6.481031],[106.9167,-6.481987],[106.914362,-6.481987],[106.914088,-6.481714],[106.914088,-6.481167],[106.9134,-6.481031],[106.913125,-6.480757],[106.913125,-6.480348],[106.9134,-6.480074],[106.914088,-6.479938],[106.914088,-6.479391],[106.9134,-6.479255],[106.912987,-6.478435],[106.912575,-6.478435],[106.912163,-6.479255],[106.909825,-6.479255],[106.909688,-6.479938],[106.909413,-6.480211],[106.908038,-6.480211],[106.907763,-6.479938],[106.907763,-6.479391],[106.906937,-6.478981],[106.906937,-6.476795],[106.90625,-6.476658],[106.905975,-6.476385],[106.905975,-6.474882],[106.9035,-6.474745],[106.903225,-6.474472],[106.903225,-6.474062],[106.9035,-6.473789],[106.904188,-6.473652],[106.904188,-6.47133],[106.9035,-6.471193],[106.903225,-6.47092],[106.903087,-6.469417],[106.902675,-6.469417],[106.902263,-6.470236],[106.900887,-6.470236],[106.90075,-6.47092],[106.900475,-6.471193],[106.8991,-6.471193],[106.898825,-6.47092],[106.898688,-6.470236],[106.897312,-6.470236],[106.8969,-6.469417],[106.894563,-6.469417],[106.894288,-6.469143],[106.894288,-6.468597],[106.894563,-6.468323],[106.89525,-6.468187],[106.89525,-6.46682],[106.895525,-6.466547],[106.8969,-6.466547],[106.897175,-6.46682],[106.897175,-6.467367],[106.897725,-6.467504],[106.897863,-6.46682],[106.898138,-6.466547],[106.898688,-6.466547],[106.898825,-6.466001],[106.89965,-6.465591],[106.89965,-6.465044],[106.899925,-6.464771],[106.9013,-6.464771],[106.901438,-6.464088],[106.901713,-6.463814],[106.905838,-6.463814],[106.905975,-6.463268],[106.90625,-6.462995],[106.9068,-6.462995],[106.906937,-6.462311],[106.907763,-6.461901],[106.907763,-6.457802],[106.908038,-6.457529],[106.908587,-6.457529],[106.908862,-6.457802],[106.909,-6.462995],[106.9112,-6.462995],[106.911338,-6.461491],[106.911613,-6.461218],[106.915738,-6.461218],[106.915875,-6.460535],[106.91615,-6.460262],[106.916562,-6.460262],[106.916837,-6.460535],[106.916837,-6.461901],[106.917525,-6.462038],[106.9178,-6.462311],[106.9178,-6.463678],[106.918487,-6.463814],[106.918762,-6.464088],[106.918762,-6.464634],[106.919313,-6.464771],[106.919588,-6.465044],[106.919588,-6.465591],[106.919863,-6.465727],[106.919863,-6.455889],[106.9189,-6.455889],[106.918487,-6.455069]],[[106.860462,-6.543879],[106.860875,-6.543879],[106.86115,-6.544153],[106.86115,-6.544562],[106.860875,-6.544836],[106.860462,-6.544836],[106.860187,-6.544562],[106.860187,-6.544153],[106.860462,-6.543879]],[[106.8793,-6.508767],[106.880125,-6.508904],[106.880125,-6.510407],[106.87985,-6.51068],[106.879025,-6.510543],[106.879025,-6.50904],[106.8793,-6.508767]],[[106.880263,-6.503439],[106.88095,-6.503575],[106.88095,-6.50863],[106.880675,-6.508904],[106.879987,-6.508767],[106.879987,-6.507264],[106.8793,-6.507128],[106.879025,-6.506854],[106.879025,-6.505488],[106.8782,-6.505078],[106.8782,-6.504532],[106.878475,-6.504258],[106.87985,-6.504258],[106.880263,-6.503439]],[[106.881088,-6.502482],[106.881912,-6.502619],[106.881912,-6.503302],[106.881637,-6.503575],[106.880813,-6.503439],[106.880813,-6.502755],[106.881088,-6.502482]],[[106.88205,-6.501662],[106.882463,-6.501662],[106.882738,-6.501936],[106.882738,-6.502345],[106.882463,-6.502619],[106.881775,-6.502482],[106.881775,-6.501936],[106.88205,-6.501662]],[[106.890988,-6.495377],[106.891537,-6.495377],[106.891813,-6.495651],[106.891813,-6.497017],[106.891537,-6.49729],[106.890713,-6.497154],[106.890713,-6.495651],[106.890988,-6.495377]]]},"properties":{"layer_id":"historis_risiko","jenis":"banjir","nama":"Bahaya banjir rendah","sumber":"InaRISK (BNPB)","atribut":{"kelas":"rendah"}}},{"type":"Feature","geometry":{"type":"Polygon","coordinates":[[[106.919863,-6.423641],[106.919588,-6.423777],[106.919588,-6.424187],[106.919313,-6.42446],[106.918762,-6.424597],[106.918762,-6.425964],[106.918487,-6.426237],[106.916837,-6.426374],[106.916837,-6.42774],[106.916562,-6.428013],[106.913263,-6.42815],[106.913263,-6.42979],[106.912575,-6.429926],[106.9123,-6.430746],[106.911475,-6.430883],[106.911475,-6.432249],[106.91065,-6.432659],[106.910787,-6.433343],[106.9123,-6.433206],[106.9123,-6.430746],[106.912987,-6.43061],[106.913263,-6.42979],[106.914775,-6.42979],[106.914912,-6.429107],[106.915188,-6.428833],[106.916562,-6.428833],[106.916837,-6.429107],[106.916837,-6.430473],[106.917525,-6.43061],[106.917663,-6.429107],[106.917938,-6.428833],[106.918487,-6.428833],[106.918625,-6.42815],[106.9189,-6.427877],[106.919313,-6.427877],[106.919588,-6.42815],[106.919588,-6.428697],[106.919863,-6.428833],[106.919863,-6.427193],[106.91945,-6.42692],[106.91945,-6.425554],[106.919863,-6.42528],[106.919863,-6.423641]]]},"properties":{"layer_id":"historis_risiko","jenis":"banjir","nama":"Bahaya banjir rendah","sumber":"InaRISK (BNPB)","atribut":{"kelas":"rendah"}}},{"type":"Feature","geometry":{"type":"Polygon","coordinates":[[[106.7,-6.410932],[106.7,-6.418994],[106.700412,-6.419268],[106.700412,-6.420634],[106.7011,-6.420771],[106.701375,-6.421044],[106.701375,-6.422547],[106.700412,-6.422821],[106.700412,-6.42692],[106.7,-6.427193],[106.7,-6.431566],[106.7011,-6.431566],[106.701375,-6.43184],[106.701513,-6.433343],[106.703025,-6.433206],[106.703025,-6.432659],[106.702337,-6.432523],[106.702062,-6.432249],[106.702062,-6.430063],[106.701238,-6.429653],[106.701238,-6.422684],[106.702062,-6.422411],[106.702062,-6.419268],[106.702337,-6.418994],[106.702888,-6.418994],[106.703163,-6.419268],[106.703163,-6.420634],[106.703987,-6.421044],[106.703987,-6.423367],[106.703163,-6.423777],[106.703163,-6.424187],[106.703987,-6.424597],[106.703987,-6.42774],[106.703163,-6.42815],[106.703163,-6.430473],[106.704675,-6.43061],[106.704813,-6.430063],[106.705638,-6.429653],[106.705638,-6.429107],[106.705912,-6.428833],[106.707288,-6.428833],[106.707563,-6.429107],[106.707563,-6.433206],[106.706738,-6.433616],[106.706738,-6.435939],[106.707425,-6.436076],[106.7077,-6.436896],[106.708388,-6.436759],[106.70825,-6.436212],[106.707425,-6.436076],[106.707425,-6.434436],[106.7077,-6.434163],[106.708388,-6.434026],[106.708388,-6.43184],[106.709213,-6.43143],[106.709213,-6.429107],[106.708388,-6.428697],[106.708388,-6.426374],[106.708663,-6.4261],[106.709075,-6.4261],[106.709488,-6.42528],[106.711,-6.42528],[106.711275,-6.425554],[106.711275,-6.425964],[106.7121,-6.426374],[106.7121,-6.42692],[106.712788,-6.427057],[106.713063,-6.42733],[106.713063,-6.429653],[106.712788,-6.429926],[106.7121,-6.430063],[106.712238,-6.43061],[106.712788,-6.43061],[106.713063,-6.430883],[106.713063,-6.432249],[106.712788,-6.432523],[106.712238,-6.432523],[106.7121,-6.433206],[106.712788,-6.433343],[106.713063,-6.433616],[106.713063,-6.438535],[106.714575,-6.438672],[106.71485,-6.438945],[106.71485,-6.439492],[106.715675,-6.439902],[106.715675,-6.440312],[106.7154,-6.440585],[106.713887,-6.440722],[106.714025,-6.441405],[106.7154,-6.441405],[106.715675,-6.441678],[106.715675,-6.445778],[106.7165,-6.445778],[106.7165,-6.443455],[106.716775,-6.443181],[106.717188,-6.443181],[106.7176,-6.442361],[106.71815,-6.442361],[106.718563,-6.443181],[106.71925,-6.443318],[106.71925,-6.444821],[106.719938,-6.444958],[106.720213,-6.445231],[106.720213,-6.445778],[106.720763,-6.445914],[106.7209,-6.444411],[106.720075,-6.444001],[106.719938,-6.443318],[106.719113,-6.443181],[106.719113,-6.442635],[106.719387,-6.442361],[106.720075,-6.442225],[106.720075,-6.439902],[106.7209,-6.439492],[106.7209,-6.438945],[106.72035,-6.438809],[106.719938,-6.437989],[106.719387,-6.437989],[106.719113,-6.437715],[106.719113,-6.435392],[106.719387,-6.435119],[106.720075,-6.434982],[106.720075,-6.434436],[106.719387,-6.434299],[106.719113,-6.434026],[106.719113,-6.433479],[106.721725,-6.433343],[106.721863,-6.43184],[106.722138,-6.431566],[106.723512,-6.431566],[106.72365,-6.430883],[106.723925,-6.43061],[106.728188,-6.43061],[106.728325,-6.432249],[106.72915,-6.432523],[106.729287,-6.433343],[106.7308,-6.433343],[106.731075,-6.434163],[106.731625,-6.434163],[106.731763,-6.433616],[106.730937,-6.433479],[106.730663,-6.432523],[106.72915,-6.432523],[106.729012,-6.430883],[106.728325,-6.430746],[106.72805,-6.429926],[106.722138,-6.429926],[106.721725,-6.430746],[106.720213,-6.430746],[106.720075,-6.429107],[106.719387,-6.42897],[106.719113,-6.428697],[106.718975,-6.428013],[106.715812,-6.428013],[106.715537,-6.42774],[106.715537,-6.425554],[106.714988,-6.425417],[106.714713,-6.425144],[106.714713,-6.424597],[106.714025,-6.42446],[106.71375,-6.424187],[106.71375,-6.423777],[106.712925,-6.423367],[106.712788,-6.422684],[106.71045,-6.422684],[106.710313,-6.423367],[106.710037,-6.423641],[106.708663,-6.423641],[106.708388,-6.423367],[106.708388,-6.422821],[106.7077,-6.422684],[106.707563,-6.424187],[106.707288,-6.42446],[106.706875,-6.42446],[106.7066,-6.424187],[106.7066,-6.422821],[106.705912,-6.422684],[106.705638,-6.422411],[106.705638,-6.420088],[106.704813,-6.419678],[106.704813,-6.418311],[106.704125,-6.418174],[106.70385,-6.417901],[106.70385,-6.416535],[106.704125,-6.416261],[106.7055,-6.416261],[106.705638,-6.415578],[106.705088,-6.415441],[106.704675,-6.414621],[106.7033,-6.414621],[106.703025,-6.414348],[106.702888,-6.413665],[106.701513,-6.413665],[106.701238,-6.413392],[106.701238,-6.412025],[106.70055,-6.411888],[106.700275,-6.411615],[106.700275,-6.411068],[106.7,-6.410932]],[[106.720075,-6.43061],[106.720213,-6.432249],[106.719938,-6.432523],[106.71925,-6.432659],[106.719113,-6.433479],[106.718563,-6.433479],[106.718288,-6.433206],[106.718288,-6.43184],[106.719113,-6.43143],[106.719113,-6.430883],[106.719387,-6.43061],[106.720075,-6.43061]]]},"properties":{"layer_id":"historis_risiko","jenis":"banjir","nama":"Bahaya banjir rendah","sumber":"InaRISK (BNPB)","atribut":{"kelas":"rendah"}}},{"type":"Feature","geometry":{"type":"Polygon","coordinates":[[[106.919863,-6.394806],[106.919588,-6.394943],[106.919588,-6.39549],[106.919313,-6.395763],[106.917938,-6.395763],[106.9178,-6.397266],[106.917525,-6.397539],[106.916975,-6.397539],[106.916837,-6.398086],[106.916013,-6.398496],[106.916013,-6.404372],[106.915738,-6.404646],[106.91505,-6.404782],[106.91505,-6.406286],[106.914225,-6.406695],[106.914225,-6.407105],[106.91505,-6.407515],[106.91505,-6.408882],[106.915738,-6.409019],[106.916013,-6.409292],[106.916013,-6.410658],[106.915738,-6.410932],[106.915188,-6.410932],[106.91505,-6.411615],[106.914775,-6.411888],[106.911613,-6.411888],[106.911338,-6.411615],[106.9112,-6.410932],[106.909825,-6.410932],[106.909688,-6.411615],[106.909413,-6.411888],[106.905425,-6.411888],[106.905288,-6.414348],[106.905012,-6.414621],[106.904325,-6.414758],[106.904463,-6.415305],[106.905012,-6.415305],[106.905288,-6.415578],[106.905288,-6.417081],[106.905012,-6.417355],[106.901713,-6.417355],[106.9013,-6.418174],[106.899925,-6.418174],[106.899788,-6.418858],[106.899513,-6.419131],[106.8991,-6.419131],[106.898688,-6.419951],[106.898138,-6.419951],[106.898,-6.420634],[106.897725,-6.420907],[106.897175,-6.421044],[106.897175,-6.424187],[106.898,-6.424597],[106.898,-6.425144],[106.897725,-6.425417],[106.895525,-6.425417],[106.89525,-6.425144],[106.89525,-6.424597],[106.894563,-6.42446],[106.894425,-6.425144],[106.89415,-6.425417],[106.892775,-6.425417],[106.892638,-6.42692],[106.892363,-6.427193],[106.89195,-6.427193],[106.891537,-6.428013],[106.89085,-6.42815],[106.89085,-6.430473],[106.890575,-6.430746],[106.889888,-6.430883],[106.889888,-6.432249],[106.889063,-6.432659],[106.889063,-6.433206],[106.888788,-6.433479],[106.886313,-6.433616],[106.88645,-6.434163],[106.887,-6.434163],[106.887275,-6.434436],[106.887275,-6.436759],[106.887,-6.437032],[106.885625,-6.437032],[106.885487,-6.437715],[106.885213,-6.437989],[106.884525,-6.438125],[106.884663,-6.438672],[106.885213,-6.438672],[106.885487,-6.438945],[106.885487,-6.441268],[106.885213,-6.441542],[106.884663,-6.441542],[106.884525,-6.442225],[106.88425,-6.442498],[106.882875,-6.442498],[106.882738,-6.444001],[106.882463,-6.444274],[106.880263,-6.444274],[106.880125,-6.445778],[106.87985,-6.446051],[106.879163,-6.446187],[106.879163,-6.447554],[106.880125,-6.447827],[106.880125,-6.44933],[106.881637,-6.449467],[106.881912,-6.44974],[106.881912,-6.450287],[106.881637,-6.45056],[106.881088,-6.45056],[106.88095,-6.451107],[106.880125,-6.451517],[106.880125,-6.45302],[106.87985,-6.453293],[106.8793,-6.453293],[106.879163,-6.45384],[106.878338,-6.454249],[106.878338,-6.454796],[106.879163,-6.455206],[106.879163,-6.456572],[106.878888,-6.456846],[106.877513,-6.456846],[106.8771,-6.457666],[106.874625,-6.457802],[106.874625,-6.460125],[106.8738,-6.460535],[106.8738,-6.462858],[106.874625,-6.463268],[106.874625,-6.463678],[106.8738,-6.464088],[106.8738,-6.468187],[106.873525,-6.46846],[106.87105,-6.468597],[106.87105,-6.469963],[106.870225,-6.470373],[106.870225,-6.472696],[106.86995,-6.472969],[106.8694,-6.472969],[106.869263,-6.473652],[106.868437,-6.474062],[106.868437,-6.478161],[106.868162,-6.478435],[106.867613,-6.478435],[106.867475,-6.478981],[106.86665,-6.479391],[106.86665,-6.479938],[106.866375,-6.480211],[106.865688,-6.480348],[106.865688,-6.481714],[106.865413,-6.481987],[106.862112,-6.482124],[106.862112,-6.48349],[106.861838,-6.483763],[106.86115,-6.4839],[106.86115,-6.486223],[106.860325,-6.486633],[106.860325,-6.488956],[106.86005,-6.489229],[106.859363,-6.489365],[106.859363,-6.491552],[106.859088,-6.491825],[106.858675,-6.491825],[106.858537,-6.492508],[106.858262,-6.492781],[106.857713,-6.492781],[106.8573,-6.493601],[106.85675,-6.493738],[106.85675,-6.494284],[106.857575,-6.494694],[106.857575,-6.49606],[106.858262,-6.496197],[106.858537,-6.49647],[106.858537,-6.49975],[106.858262,-6.500023],[106.856887,-6.500023],[106.856475,-6.500843],[106.8551,-6.500843],[106.854962,-6.502345],[106.854687,-6.502619],[106.85235,-6.502619],[106.852213,-6.503302],[106.851938,-6.503575],[106.851525,-6.503575],[106.85125,-6.503302],[106.851112,-6.502619],[106.849738,-6.502619],[106.8496,-6.506034],[106.849325,-6.506308],[106.847813,-6.506308],[106.847675,-6.507811],[106.8474,-6.508084],[106.846987,-6.508084],[106.846575,-6.508904],[106.845062,-6.50904],[106.845062,-6.510407],[106.844787,-6.51068],[106.8441,-6.510816],[106.8441,-6.513139],[106.843275,-6.513549],[106.843275,-6.514096],[106.843,-6.514369],[106.841625,-6.514369],[106.841212,-6.515189],[106.840525,-6.515325],[106.840525,-6.516691],[106.8397,-6.517101],[106.8397,-6.517648],[106.840525,-6.518058],[106.840525,-6.5212],[106.8397,-6.52161],[106.839562,-6.52243],[106.838738,-6.522566],[106.838738,-6.524069],[106.837913,-6.524342],[106.837913,-6.525709],[106.8386,-6.525709],[106.8386,-6.524206],[106.839562,-6.523933],[106.839562,-6.52243],[106.84135,-6.522156],[106.84135,-6.52079],[106.841625,-6.520517],[106.843,-6.520517],[106.843275,-6.52079],[106.843275,-6.522156],[106.8441,-6.522566],[106.8441,-6.523933],[106.843275,-6.524342],[106.843275,-6.524889],[106.843,-6.525162],[106.842313,-6.525299],[106.842313,-6.528441],[106.843825,-6.528578],[106.8441,-6.528851],[106.8441,-6.533769],[106.843275,-6.534179],[106.843275,-6.534726],[106.8441,-6.535136],[106.8441,-6.535682],[106.843275,-6.536092],[106.843275,-6.538278],[106.844787,-6.538414],[106.845062,-6.538688],[106.845062,-6.539234],[106.844787,-6.539507],[106.843275,-6.539644],[106.843275,-6.54101],[106.8441,-6.54142],[106.8441,-6.543743],[106.843275,-6.544153],[106.843275,-6.547295],[106.843,-6.547568],[106.842313,-6.547705],[106.842313,-6.548251],[106.843,-6.548388],[106.843275,-6.548661],[106.843275,-6.550847],[106.843,-6.55112],[106.842313,-6.551257],[106.842313,-6.552623],[106.841487,-6.553033],[106.841487,-6.554535],[106.841212,-6.554809],[106.839838,-6.554809],[106.839425,-6.555628],[106.838738,-6.555765],[106.838738,-6.557131],[106.84025,-6.557268],[106.840525,-6.557541],[106.840525,-6.559863],[106.84135,-6.559863],[106.84135,-6.559454],[106.842175,-6.559044],[106.842175,-6.557541],[106.84135,-6.557131],[106.84135,-6.555765],[106.841625,-6.555492],[106.843,-6.555492],[106.843137,-6.553989],[106.843963,-6.553579],[106.843963,-6.547705],[106.844238,-6.547431],[106.844925,-6.547295],[106.844925,-6.545929],[106.8452,-6.545655],[106.846712,-6.545519],[106.846712,-6.544972],[106.846025,-6.544836],[106.84575,-6.544562],[106.84575,-6.54142],[106.846025,-6.541147],[106.8474,-6.541147],[106.847538,-6.540464],[106.847813,-6.540191],[106.8485,-6.540054],[106.848363,-6.539507],[106.846987,-6.539507],[106.846712,-6.539234],[106.846712,-6.538688],[106.847538,-6.538278],[106.847538,-6.535136],[106.846712,-6.534726],[106.846575,-6.534043],[106.846025,-6.534043],[106.84575,-6.533769],[106.84575,-6.531583],[106.846025,-6.53131],[106.846712,-6.531174],[106.846712,-6.530627],[106.846025,-6.53049],[106.84575,-6.530217],[106.84575,-6.527895],[106.846025,-6.527621],[106.846575,-6.527621],[106.846712,-6.527075],[106.8452,-6.526938],[106.844925,-6.526665],[106.844925,-6.524342],[106.8452,-6.524069],[106.845613,-6.524069],[106.84575,-6.523386],[106.846025,-6.523113],[106.846575,-6.523113],[106.846712,-6.522566],[106.8452,-6.52243],[106.844925,-6.522156],[106.844925,-6.519834],[106.844238,-6.519697],[106.843963,-6.519424],[106.843963,-6.518058],[106.844238,-6.517784],[106.844787,-6.517784],[106.844925,-6.517101],[106.844238,-6.516965],[106.843963,-6.516691],[106.843963,-6.516282],[106.844238,-6.516008],[106.845613,-6.516008],[106.84575,-6.515325],[106.846025,-6.515052],[106.846712,-6.514915],[106.846712,-6.511773],[106.847538,-6.511363],[106.847538,-6.510816],[106.847813,-6.510543],[106.8485,-6.510407],[106.8485,-6.508221],[106.848775,-6.507947],[106.85015,-6.507947],[106.850288,-6.507264],[106.850562,-6.506991],[106.85125,-6.506854],[106.85125,-6.505488],[106.851525,-6.505215],[106.853725,-6.505215],[106.854,-6.505488],[106.854138,-6.506171],[106.855513,-6.506171],[106.85565,-6.504532],[106.855925,-6.504258],[106.856475,-6.504258],[106.856612,-6.503712],[106.857438,-6.503302],[106.857438,-6.501936],[106.857713,-6.501662],[106.860187,-6.501526],[106.860187,-6.499203],[106.861013,-6.498793],[106.861013,-6.49647],[106.860462,-6.496334],[106.86005,-6.495514],[106.8595,-6.495514],[106.859225,-6.495241],[106.859225,-6.493738],[106.8595,-6.493464],[106.861013,-6.493328],[106.861013,-6.490185],[106.861288,-6.489912],[106.861975,-6.489775],[106.861975,-6.488409],[106.86225,-6.488136],[106.862938,-6.487999],[106.862938,-6.485676],[106.863213,-6.485403],[106.863625,-6.485403],[106.864037,-6.484583],[106.864725,-6.484447],[106.864725,-6.483763],[106.865413,-6.483627],[106.865688,-6.4839],[106.865688,-6.484447],[106.866375,-6.484583],[106.866512,-6.4839],[106.866788,-6.483627],[106.869125,-6.48349],[106.869125,-6.479391],[106.8694,-6.479118],[106.870913,-6.478981],[106.870913,-6.474882],[106.871188,-6.474609],[106.871875,-6.474472],[106.871875,-6.472286],[106.87215,-6.472013],[106.873525,-6.472013],[106.873663,-6.47133],[106.874488,-6.47092],[106.874488,-6.469553],[106.874763,-6.46928],[106.87545,-6.469143],[106.87545,-6.467777],[106.874763,-6.46764],[106.874488,-6.467367],[106.874488,-6.46682],[106.874763,-6.466547],[106.876275,-6.466411],[106.876275,-6.465044],[106.87545,-6.464634],[106.87545,-6.463268],[106.876275,-6.462858],[106.876275,-6.459715],[106.87655,-6.459442],[106.878062,-6.459442],[106.878338,-6.459715],[106.878338,-6.460125],[106.878888,-6.460262],[106.8793,-6.459442],[106.879987,-6.459305],[106.879987,-6.457802],[106.880263,-6.457529],[106.881637,-6.457529],[106.881775,-6.456982],[106.8826,-6.456572],[106.882463,-6.455889],[106.881088,-6.455889],[106.880813,-6.455616],[106.880813,-6.455206],[106.881088,-6.454933],[106.8826,-6.454796],[106.8826,-6.454249],[106.88205,-6.454113],[106.881775,-6.45384],[106.881775,-6.45343],[106.8826,-6.45302],[106.8826,-6.44974],[106.882875,-6.449467],[106.883562,-6.44933],[106.883562,-6.447144],[106.884388,-6.446734],[106.884388,-6.446187],[106.884663,-6.445914],[106.88535,-6.445778],[106.88535,-6.444411],[106.885625,-6.444138],[106.887138,-6.444001],[106.887138,-6.442635],[106.887963,-6.442225],[106.887963,-6.441678],[106.887138,-6.441268],[106.887138,-6.438945],[106.887412,-6.438672],[106.887825,-6.438672],[106.888238,-6.437852],[106.888925,-6.437715],[106.888925,-6.436349],[106.8892,-6.436076],[106.890575,-6.436076],[106.890713,-6.435392],[106.890988,-6.435119],[106.8925,-6.434982],[106.8925,-6.430883],[106.892775,-6.43061],[106.893462,-6.430473],[106.893462,-6.429107],[106.893738,-6.428833],[106.895112,-6.428833],[106.89525,-6.42815],[106.895525,-6.427877],[106.895938,-6.427877],[106.89635,-6.427057],[106.897725,-6.427057],[106.898,-6.42733],[106.898,-6.428697],[106.898688,-6.428833],[106.898962,-6.429107],[106.898962,-6.430473],[106.89965,-6.430473],[106.89965,-6.42815],[106.898825,-6.42774],[106.898825,-6.426374],[106.89965,-6.425964],[106.89965,-6.423777],[106.899925,-6.423504],[106.900613,-6.423367],[106.900613,-6.421044],[106.900887,-6.420771],[106.9013,-6.420771],[106.901438,-6.420088],[106.901713,-6.419814],[106.902263,-6.419814],[106.902675,-6.418994],[106.903087,-6.418994],[106.903363,-6.419268],[106.9035,-6.421591],[106.90405,-6.421591],[106.904463,-6.420771],[106.90515,-6.420634],[106.90515,-6.419268],[106.905975,-6.418858],[106.905975,-6.415578],[106.90625,-6.415305],[106.908587,-6.415305],[106.909,-6.414485],[106.912163,-6.414485],[106.9123,-6.413802],[106.912575,-6.413528],[106.912987,-6.413528],[106.913263,-6.413802],[106.913263,-6.414348],[106.91395,-6.414485],[106.914225,-6.414758],[106.914225,-6.415305],[106.9134,-6.415441],[106.913263,-6.416261],[106.912437,-6.416535],[106.912437,-6.417081],[106.912987,-6.417218],[106.913125,-6.416398],[106.91395,-6.416261],[106.914088,-6.415441],[106.914775,-6.415305],[106.914912,-6.414758],[106.915188,-6.414485],[106.915738,-6.414485],[106.915875,-6.413802],[106.9167,-6.413392],[106.9167,-6.412025],[106.916975,-6.411752],[106.918487,-6.411752],[106.918762,-6.412025],[106.9189,-6.412708],[106.91945,-6.412572],[106.91945,-6.411068],[106.918625,-6.410658],[106.918625,-6.409292],[106.917938,-6.409155],[106.917525,-6.408335],[106.916975,-6.408335],[106.9167,-6.408062],[106.9167,-6.406695],[106.916975,-6.406422],[106.917663,-6.406286],[106.917663,-6.402186],[106.917938,-6.401913],[106.918625,-6.401776],[106.918625,-6.399453],[106.9189,-6.399179],[106.919313,-6.399179],[106.91945,-6.398496],[106.919863,-6.398223],[106.919863,-6.394806]],[[106.863763,-6.48308],[106.864037,-6.482807],[106.864587,-6.482807],[106.864863,-6.48308],[106.864863,-6.483627],[106.864037,-6.483763],[106.863763,-6.48349],[106.863763,-6.48308]],[[106.879987,-6.447144],[106.880263,-6.446871],[106.882463,-6.446871],[106.882738,-6.447144],[106.882738,-6.447554],[106.882463,-6.447827],[106.880125,-6.447827],[106.879987,-6.447144]]]},"properties":{"layer_id":"historis_risiko","jenis":"banjir","nama":"Bahaya banjir rendah","sumber":"InaRISK (BNPB)","atribut":{"kelas":"rendah"}}},{"type":"Feature","geometry":{"type":"Polygon","coordinates":[[[106.7,-6.384967],[106.7,-6.38975],[106.70055,-6.391526],[106.7,-6.3918],[106.7,-6.409019],[106.701238,-6.409019],[106.701375,-6.410658],[106.7022,-6.411068],[106.702337,-6.411752],[106.702888,-6.411752],[106.703025,-6.411068],[106.70385,-6.410658],[106.70385,-6.410249],[106.703025,-6.409839],[106.703025,-6.408472],[106.702337,-6.408335],[106.701925,-6.409155],[106.701375,-6.409155],[106.701238,-6.408472],[106.70055,-6.408335],[106.700275,-6.408062],[106.700275,-6.406695],[106.70055,-6.406422],[106.7011,-6.406422],[106.701238,-6.405739],[106.702062,-6.405329],[106.702062,-6.404782],[106.701513,-6.404646],[106.701238,-6.404372],[106.701238,-6.403962],[106.701513,-6.403689],[106.703713,-6.403689],[106.703987,-6.403962],[106.703987,-6.404372],[106.704675,-6.404509],[106.70495,-6.404782],[106.70495,-6.405329],[106.705775,-6.405739],[106.705912,-6.406422],[106.7066,-6.406286],[106.7066,-6.404782],[106.705912,-6.404646],[106.705638,-6.404372],[106.705638,-6.403962],[106.704813,-6.403552],[106.704675,-6.402869],[106.7033,-6.402869],[106.703025,-6.402596],[106.703025,-6.402186],[106.70385,-6.401776],[106.70385,-6.401229],[106.704125,-6.400956],[106.7055,-6.400956],[106.705775,-6.401229],[106.705775,-6.401776],[106.7066,-6.401913],[106.706738,-6.402596],[106.707563,-6.403006],[106.7077,-6.403689],[106.708388,-6.403552],[106.70825,-6.402049],[106.7066,-6.401913],[106.7066,-6.400409],[106.705912,-6.400273],[106.705638,-6.399999],[106.705638,-6.398496],[106.704125,-6.398359],[106.70385,-6.398086],[106.70385,-6.397676],[106.704125,-6.397403],[106.704675,-6.397403],[106.704813,-6.39672],[106.705088,-6.396446],[106.7055,-6.396446],[106.705775,-6.39672],[106.705912,-6.397403],[106.707288,-6.397403],[106.7077,-6.398223],[106.709213,-6.398223],[106.70935,-6.399043],[106.710175,-6.399179],[106.71045,-6.400136],[106.711,-6.400136],[106.711138,-6.399453],[106.710313,-6.399316],[106.710175,-6.398496],[106.70935,-6.398359],[106.709213,-6.397676],[106.708663,-6.397539],[106.708388,-6.397266],[106.708388,-6.39672],[106.7077,-6.396583],[106.707288,-6.395763],[106.705088,-6.395763],[106.704813,-6.39549],[106.704813,-6.394943],[106.704125,-6.394806],[106.70385,-6.394533],[106.70385,-6.394123],[106.703025,-6.393713],[106.703025,-6.393166],[106.702337,-6.39303],[106.702062,-6.392756],[106.702062,-6.39139],[106.702337,-6.391116],[106.703025,-6.39098],[106.703025,-6.390433],[106.702337,-6.390297],[106.702062,-6.390023],[106.702062,-6.389613],[106.702337,-6.38934],[106.703713,-6.38934],[106.70385,-6.388657],[106.702337,-6.38852],[106.702062,-6.388247],[106.701925,-6.384967],[106.7,-6.384967]]]},"properties":{"layer_id":"historis_risiko","jenis":"banjir","nama":"Bahaya banjir rendah","sumber":"InaRISK (BNPB)","atribut":{"kelas":"rendah"}}},{"type":"Feature","geometry":{"type":"Polygon","coordinates":[[[106.748125,-6.367884],[106.747988,-6.370344],[106.747713,-6.370617],[106.7473,-6.370617],[106.747163,-6.371164],[106.747988,-6.371574],[106.748125,-6.372257],[106.748675,-6.372257],[106.74895,-6.37253],[106.74895,-6.375674],[106.749775,-6.376084],[106.749913,-6.376767],[106.750462,-6.376767],[106.750737,-6.37704],[106.750737,-6.379227],[106.751563,-6.379637],[106.751563,-6.381004],[106.75225,-6.38114],[106.752525,-6.381414],[106.752525,-6.382917],[106.753213,-6.383053],[106.753488,-6.383327],[106.753488,-6.383737],[106.754037,-6.383873],[106.754175,-6.381414],[106.75335,-6.381004],[106.75335,-6.379637],[106.752662,-6.3795],[106.75225,-6.37868],[106.7517,-6.37868],[106.751425,-6.378407],[106.751425,-6.375127],[106.7506,-6.374717],[106.7506,-6.371574],[106.749913,-6.371437],[106.749638,-6.371164],[106.749638,-6.369797],[106.749913,-6.369524],[106.751425,-6.369524],[106.751563,-6.370344],[106.752387,-6.37048],[106.752525,-6.371164],[106.75335,-6.3713],[106.753488,-6.37212],[106.754312,-6.372394],[106.75445,-6.374034],[106.755825,-6.374034],[106.755963,-6.37335],[106.755413,-6.373214],[106.755,-6.372394],[106.754312,-6.372394],[106.754175,-6.371574],[106.753488,-6.371437],[106.753213,-6.370617],[106.752525,-6.370617],[106.752387,-6.369797],[106.751563,-6.36966],[106.751425,-6.36884],[106.750875,-6.368704],[106.750462,-6.367884],[106.748125,-6.367884]]]},"properties":{"layer_id":"historis_risiko","jenis":"banjir","nama":"Bahaya banjir rendah","sumber":"InaRISK (BNPB)","atribut":{"kelas":"rendah"}}},{"type":"Feature","geometry":{"type":"Polygon","coordinates":[[[106.79845,-6.352577],[106.798313,-6.356814],[106.799,-6.35695],[106.799138,-6.352714],[106.79845,-6.352577]]]},"properties":{"layer_id":"historis_risiko","jenis":"banjir","nama":"Bahaya banjir rendah","sumber":"InaRISK (BNPB)","atribut":{"kelas":"rendah"}}},{"type":"Feature","geometry":{"type":"Polygon","coordinates":[[[106.825125,-6.341097],[106.824575,-6.34096],[106.8243,-6.34178],[106.822788,-6.34178],[106.82265,-6.342463],[106.822375,-6.342737],[106.821687,-6.342873],[106.821687,-6.34424],[106.821413,-6.344513],[106.820037,-6.344513],[106.8199,-6.34506],[106.8232,-6.345197],[106.823338,-6.343693],[106.823612,-6.34342],[106.8243,-6.343283],[106.8243,-6.34178],[106.824988,-6.341643],[106.825125,-6.341097]]]},"properties":{"layer_id":"historis_risiko","jenis":"banjir","nama":"Bahaya banjir rendah","sumber":"InaRISK (BNPB)","atribut":{"kelas":"rendah"}}},{"type":"Feature","geometry":{"type":"Polygon","coordinates":[[[106.744138,-6.331939],[106.743725,-6.331939],[106.743313,-6.332759],[106.742762,-6.332759],[106.74235,-6.331939],[106.7418,-6.332076],[106.7418,-6.333443],[106.741525,-6.333716],[106.740975,-6.333716],[106.740837,-6.3344],[106.74235,-6.334536],[106.742625,-6.33481],[106.742625,-6.336996],[106.74235,-6.33727],[106.740975,-6.33727],[106.740837,-6.337953],[106.740013,-6.338363],[106.740013,-6.33973],[106.739738,-6.340003],[106.73905,-6.34014],[106.73905,-6.341507],[106.738775,-6.34178],[106.738088,-6.341917],[106.738088,-6.343283],[106.737262,-6.343693],[106.737262,-6.34424],[106.738088,-6.34465],[106.738088,-6.346017],[106.737262,-6.346427],[106.737262,-6.347793],[106.738088,-6.348203],[106.738088,-6.34875],[106.737262,-6.34916],[106.737262,-6.350527],[106.736987,-6.3508],[106.7363,-6.350937],[106.7363,-6.35326],[106.735475,-6.35367],[106.735475,-6.35859],[106.7352,-6.358864],[106.734513,-6.359],[106.734513,-6.360367],[106.7352,-6.360504],[106.735475,-6.360777],[106.735475,-6.362144],[106.7352,-6.362417],[106.734513,-6.362554],[106.734513,-6.364057],[106.733688,-6.364467],[106.733825,-6.365014],[106.7352,-6.365014],[106.735475,-6.365287],[106.735475,-6.36843],[106.7363,-6.36884],[106.736438,-6.37048],[106.737125,-6.370344],[106.737125,-6.357224],[106.736438,-6.357087],[106.736163,-6.356814],[106.736163,-6.355447],[106.736438,-6.355174],[106.737125,-6.355037],[106.737125,-6.352714],[106.73795,-6.352304],[106.73795,-6.351757],[106.738225,-6.351484],[106.740013,-6.35162],[106.740013,-6.35326],[106.741525,-6.353397],[106.7418,-6.35367],[106.7418,-6.355037],[106.741525,-6.35531],[106.740837,-6.355447],[106.740837,-6.356814],[106.741525,-6.35695],[106.7418,-6.357224],[106.7418,-6.357634],[106.742625,-6.358044],[106.742762,-6.358727],[106.744138,-6.358727],[106.744412,-6.359],[106.74455,-6.360504],[106.745238,-6.360367],[106.745238,-6.359],[106.746063,-6.35859],[106.746063,-6.358044],[106.74455,-6.357907],[106.744275,-6.357634],[106.744275,-6.356267],[106.74455,-6.355994],[106.745238,-6.355857],[106.745238,-6.35449],[106.74455,-6.354354],[106.744275,-6.35408],[106.744275,-6.35367],[106.74455,-6.353397],[106.745925,-6.353397],[106.746063,-6.352714],[106.746337,-6.35244],[106.746887,-6.35244],[106.747163,-6.352714],[106.747163,-6.355037],[106.74785,-6.355037],[106.74785,-6.351757],[106.747025,-6.351347],[106.747025,-6.34998],[106.746337,-6.349844],[106.746063,-6.34957],[106.746063,-6.348203],[106.745238,-6.347793],[106.745238,-6.341917],[106.745513,-6.341643],[106.745925,-6.341643],[106.7462,-6.341917],[106.7462,-6.34424],[106.746887,-6.344377],[106.747163,-6.34465],[106.747163,-6.346017],[106.747713,-6.346153],[106.74785,-6.34547],[106.748125,-6.345197],[106.748812,-6.34506],[106.748812,-6.34014],[106.748125,-6.340003],[106.74785,-6.33973],[106.74785,-6.339183],[106.747025,-6.338773],[106.747025,-6.338363],[106.74785,-6.337953],[106.74785,-6.336586],[106.747025,-6.336176],[106.747025,-6.33481],[106.746337,-6.334673],[106.746063,-6.3344],[106.746063,-6.333853],[106.745513,-6.333716],[106.745238,-6.333443],[106.745238,-6.332896],[106.74455,-6.332759],[106.744138,-6.331939]],[[106.74015,-6.350664],[106.740562,-6.350664],[106.740837,-6.350937],[106.740837,-6.351347],[106.740562,-6.35162],[106.739875,-6.351484],[106.739875,-6.350937],[106.74015,-6.350664]]]},"properties":{"layer_id":"historis_risiko","jenis":"banjir","nama":"Bahaya banjir rendah","sumber":"InaRISK (BNPB)","atribut":{"kelas":"rendah"}}},{"type":"Feature","geometry":{"type":"Polygon","coordinates":[[[106.802988,-6.328249],[106.80285,-6.328932],[106.802575,-6.329206],[106.801063,-6.329343],[106.801063,-6.329889],[106.801613,-6.330026],[106.801888,-6.330299],[106.801888,-6.330709],[106.801613,-6.330983],[106.8012,-6.330983],[106.801063,-6.331666],[106.800787,-6.331939],[106.800238,-6.331939],[106.799825,-6.332759],[106.799275,-6.332896],[106.799275,-6.333443],[106.799,-6.333716],[106.798313,-6.333853],[106.798313,-6.341507],[106.798038,-6.34178],[106.796525,-6.341917],[106.796525,-6.34424],[106.79625,-6.344513],[106.795838,-6.344513],[106.795425,-6.345333],[106.79405,-6.345333],[106.793913,-6.346017],[106.793638,-6.34629],[106.792125,-6.34629],[106.791988,-6.34875],[106.791713,-6.349024],[106.7913,-6.349024],[106.791025,-6.34875],[106.791025,-6.347383],[106.7902,-6.347383],[106.7902,-6.350527],[106.789375,-6.350937],[106.789375,-6.35408],[106.7902,-6.354354],[106.7902,-6.357634],[106.790887,-6.35777],[106.791162,-6.358044],[106.791162,-6.359547],[106.791713,-6.359684],[106.792125,-6.360504],[106.792675,-6.360504],[106.79295,-6.360777],[106.79295,-6.361324],[106.792675,-6.361597],[106.791988,-6.361734],[106.791988,-6.364057],[106.792675,-6.364194],[106.79295,-6.364467],[106.79295,-6.366654],[106.793638,-6.36679],[106.793913,-6.367064],[106.793913,-6.369524],[106.793087,-6.36966],[106.79295,-6.37048],[106.792125,-6.370617],[106.791988,-6.3713],[106.791162,-6.371574],[106.791162,-6.37212],[106.791713,-6.372257],[106.79185,-6.371437],[106.792675,-6.3713],[106.79295,-6.37048],[106.793913,-6.370617],[106.793913,-6.37294],[106.794737,-6.37335],[106.794875,-6.374034],[106.795425,-6.374034],[106.7957,-6.374307],[106.7957,-6.379227],[106.796525,-6.379637],[106.796525,-6.382097],[106.795838,-6.382234],[106.7957,-6.382917],[106.79625,-6.383053],[106.796525,-6.382097],[106.798038,-6.382097],[106.798313,-6.38237],[106.798313,-6.383737],[106.799,-6.383873],[106.799275,-6.384147],[106.799275,-6.38647],[106.799,-6.386743],[106.798313,-6.38688],[106.798175,-6.3877],[106.796525,-6.387837],[106.796525,-6.390023],[106.797213,-6.39016],[106.79735,-6.389613],[106.798175,-6.389203],[106.798313,-6.387563],[106.800787,-6.387563],[106.801063,-6.387837],[106.801063,-6.389203],[106.801888,-6.389613],[106.801888,-6.392756],[106.801063,-6.393166],[106.801063,-6.394533],[106.801888,-6.394943],[106.801888,-6.39549],[106.801063,-6.3959],[106.801063,-6.399999],[106.801613,-6.400136],[106.80175,-6.399453],[106.802025,-6.399179],[106.8034,-6.399179],[106.803675,-6.399453],[106.803675,-6.399999],[106.804362,-6.400136],[106.804637,-6.400409],[106.804637,-6.400819],[106.805463,-6.401229],[106.8056,-6.401913],[106.806425,-6.402049],[106.806425,-6.403552],[106.80725,-6.403962],[106.80725,-6.405329],[106.807938,-6.405466],[106.808075,-6.403006],[106.807388,-6.402869],[106.806975,-6.402049],[106.806287,-6.401913],[106.806287,-6.400409],[106.8056,-6.400273],[106.805325,-6.399999],[106.805325,-6.399453],[106.8045,-6.399043],[106.8045,-6.398496],[106.803813,-6.398359],[106.803538,-6.398086],[106.803538,-6.397676],[106.802712,-6.397266],[106.802712,-6.39139],[106.803538,-6.39098],[106.803538,-6.388657],[106.802988,-6.38852],[106.802575,-6.3877],[106.802025,-6.3877],[106.80175,-6.387427],[106.80175,-6.385923],[106.802025,-6.38565],[106.802575,-6.38565],[106.802712,-6.385103],[106.803538,-6.384693],[106.803538,-6.384147],[106.802025,-6.38401],[106.80175,-6.383737],[106.80175,-6.381414],[106.8012,-6.381277],[106.800787,-6.380457],[106.800238,-6.380457],[106.799963,-6.380184],[106.799825,-6.3795],[106.79845,-6.3795],[106.798175,-6.379227],[106.798175,-6.37704],[106.79735,-6.37663],[106.79735,-6.376084],[106.798175,-6.375674],[106.798175,-6.371574],[106.79735,-6.371164],[106.79735,-6.36884],[106.796662,-6.368704],[106.796388,-6.36843],[106.796388,-6.362554],[106.794875,-6.362417],[106.7946,-6.362144],[106.7946,-6.361734],[106.794875,-6.36146],[106.795425,-6.36146],[106.795563,-6.360777],[106.79405,-6.36064],[106.793775,-6.360367],[106.793775,-6.359957],[106.7946,-6.359547],[106.7946,-6.359],[106.793775,-6.35859],[106.793775,-6.357087],[106.7946,-6.356814],[106.7946,-6.356267],[106.793775,-6.355994],[106.793775,-6.35449],[106.79405,-6.354217],[106.795425,-6.354217],[106.795563,-6.35367],[106.796388,-6.35326],[106.796388,-6.352714],[106.795563,-6.352304],[106.795563,-6.348203],[106.795838,-6.34793],[106.79625,-6.34793],[106.796662,-6.34711],[106.797213,-6.34711],[106.797488,-6.347383],[106.797488,-6.34875],[106.798175,-6.348887],[106.798313,-6.34957],[106.798038,-6.349844],[106.796662,-6.349844],[106.796525,-6.350527],[106.798038,-6.350664],[106.79845,-6.351484],[106.799,-6.351484],[106.799138,-6.350937],[106.799963,-6.350527],[106.799963,-6.34998],[106.799413,-6.349844],[106.799,-6.349024],[106.798175,-6.348887],[106.798175,-6.346427],[106.79845,-6.346153],[106.799825,-6.346153],[106.799963,-6.34465],[106.800238,-6.344377],[106.800925,-6.34424],[106.800925,-6.339183],[106.800238,-6.339046],[106.799963,-6.338773],[106.799963,-6.338363],[106.799138,-6.337953],[106.799138,-6.337406],[106.799413,-6.337133],[106.800925,-6.336996],[106.800925,-6.33563],[106.799413,-6.335493],[106.799138,-6.33522],[106.799138,-6.33481],[106.799413,-6.334536],[106.802575,-6.334536],[106.802988,-6.335356],[106.803538,-6.33522],[106.803538,-6.333853],[106.802712,-6.333443],[106.802712,-6.332076],[106.802988,-6.331803],[106.8045,-6.331666],[106.8045,-6.328386],[106.802988,-6.328249]],[[106.793775,-6.36966],[106.794463,-6.369524],[106.794737,-6.369797],[106.794737,-6.370344],[106.794463,-6.370617],[106.793913,-6.370617],[106.793775,-6.36966]],[[106.793087,-6.355994],[106.793913,-6.35613],[106.793775,-6.357087],[106.793087,-6.357087],[106.792812,-6.356814],[106.792812,-6.356267],[106.793087,-6.355994]],[[106.790338,-6.35244],[106.790887,-6.35244],[106.791162,-6.352714],[106.791162,-6.35408],[106.790887,-6.354354],[106.790063,-6.354217],[106.790063,-6.352714],[106.790338,-6.35244]],[[106.802988,-6.330026],[106.8034,-6.330026],[106.803675,-6.330299],[106.803675,-6.330709],[106.8034,-6.330983],[106.802988,-6.330983],[106.802712,-6.330709],[106.802712,-6.330299],[106.802988,-6.330026]]]},"properties":{"layer_id":"historis_risiko","jenis":"banjir","nama":"Bahaya banjir rendah","sumber":"InaRISK (BNPB)","atribut":{"kelas":"rendah"}}},{"type":"Feature","geometry":{"type":"Polygon","coordinates":[[[106.741938,-6.328249],[106.7418,-6.329889],[106.74235,-6.330026],[106.742487,-6.328386],[106.741938,-6.328249]]]},"properties":{"layer_id":"historis_risiko","jenis":"banjir","nama":"Bahaya banjir rendah","sumber":"InaRISK (BNPB)","atribut":{"kelas":"rendah"}}},{"type":"Feature","geometry":{"type":"Polygon","coordinates":[[[106.919863,-6.323875],[106.917938,-6.323875],[106.9178,-6.326199],[106.917525,-6.326472],[106.916837,-6.326609],[106.916837,-6.330709],[106.917525,-6.330846],[106.9178,-6.331119],[106.9178,-6.336996],[106.917525,-6.33727],[106.916837,-6.337406],[106.916837,-6.338773],[106.917525,-6.33891],[106.9178,-6.339183],[106.9178,-6.341507],[106.917525,-6.34178],[106.916975,-6.34178],[106.916837,-6.342463],[106.916013,-6.342873],[106.916013,-6.343283],[106.916837,-6.343693],[106.916837,-6.34424],[106.916562,-6.344513],[106.91505,-6.34465],[106.91505,-6.34875],[106.915738,-6.348887],[106.916013,-6.34916],[106.916013,-6.351347],[106.915738,-6.35162],[106.91505,-6.351757],[106.91505,-6.355857],[106.914775,-6.35613],[106.914362,-6.35613],[106.914225,-6.356814],[106.91395,-6.357087],[106.9134,-6.357087],[106.912987,-6.357907],[106.912437,-6.358044],[106.912437,-6.360367],[106.912163,-6.36064],[106.911475,-6.360777],[106.911475,-6.361324],[106.912163,-6.36146],[106.912437,-6.361734],[106.912437,-6.362144],[106.913263,-6.362554],[106.913263,-6.3631],[106.912987,-6.363374],[106.912575,-6.363374],[106.912437,-6.364057],[106.912163,-6.36433],[106.911613,-6.36433],[106.9112,-6.36515],[106.909825,-6.36515],[106.909688,-6.365834],[106.909413,-6.366107],[106.907212,-6.366107],[106.9068,-6.366927],[106.906113,-6.367064],[106.906113,-6.36761],[106.905838,-6.367884],[106.904325,-6.36802],[106.904325,-6.37212],[106.90405,-6.372394],[106.903363,-6.37253],[106.903363,-6.373897],[106.902538,-6.374307],[106.902538,-6.375674],[106.902263,-6.375947],[106.901575,-6.376084],[106.901438,-6.376904],[106.899925,-6.376904],[106.899513,-6.377724],[106.898138,-6.377724],[106.898,-6.379364],[106.897175,-6.379637],[106.897175,-6.38032],[106.895387,-6.380594],[106.895387,-6.382097],[106.894425,-6.38237],[106.894425,-6.383737],[106.89415,-6.38401],[106.892775,-6.38401],[106.892638,-6.384693],[106.892363,-6.384967],[106.89195,-6.384967],[106.891537,-6.385787],[106.89085,-6.385923],[106.890988,-6.386607],[106.893325,-6.386607],[106.893462,-6.385923],[106.893738,-6.38565],[106.895112,-6.38565],[106.89525,-6.382234],[106.895938,-6.382097],[106.896075,-6.381414],[106.89635,-6.38114],[106.8969,-6.38114],[106.897175,-6.38032],[106.897863,-6.380184],[106.898,-6.379364],[106.899513,-6.379364],[106.899788,-6.379637],[106.899788,-6.380184],[106.900475,-6.38032],[106.90075,-6.380594],[106.90075,-6.382097],[106.899788,-6.38237],[106.899925,-6.383873],[106.900613,-6.383737],[106.90075,-6.382097],[106.902263,-6.382097],[106.902538,-6.38237],[106.902675,-6.383873],[106.903225,-6.383737],[106.903225,-6.38237],[106.9035,-6.382097],[106.90405,-6.382097],[106.904325,-6.38237],[106.904325,-6.38647],[106.90405,-6.386743],[106.903363,-6.38688],[106.903363,-6.388247],[106.902538,-6.388657],[106.902538,-6.389203],[106.903087,-6.38934],[106.903363,-6.389613],[106.903363,-6.390023],[106.902538,-6.390433],[106.902538,-6.3918],[106.902263,-6.392073],[106.901713,-6.392073],[106.901575,-6.392756],[106.9013,-6.39303],[106.898138,-6.39303],[106.897863,-6.392756],[106.897725,-6.392073],[106.89635,-6.392073],[106.896213,-6.392756],[106.8969,-6.392893],[106.897175,-6.393166],[106.897175,-6.393713],[106.8969,-6.393986],[106.895525,-6.393986],[106.895387,-6.39549],[106.895112,-6.395763],[106.894563,-6.395763],[106.894425,-6.39631],[106.89415,-6.396583],[106.893738,-6.396583],[106.8936,-6.397266],[106.893325,-6.397539],[106.892775,-6.397539],[106.892363,-6.398359],[106.889888,-6.398496],[106.889888,-6.399999],[106.890575,-6.400136],[106.89085,-6.400409],[106.89085,-6.401776],[106.890575,-6.402049],[106.889888,-6.402186],[106.889888,-6.403552],[106.889612,-6.403826],[106.884663,-6.403826],[106.88425,-6.404646],[106.882875,-6.404646],[106.882738,-6.405329],[106.881912,-6.405739],[106.881912,-6.407105],[106.881637,-6.407379],[106.88095,-6.407515],[106.88095,-6.410795],[106.880263,-6.410932],[106.880125,-6.411752],[106.8793,-6.411888],[106.879163,-6.412572],[106.87985,-6.412708],[106.879987,-6.411888],[106.880813,-6.411615],[106.880813,-6.410932],[106.881775,-6.410658],[106.881775,-6.409292],[106.8826,-6.408882],[106.8826,-6.406695],[106.882875,-6.406422],[106.883425,-6.406422],[106.883562,-6.405739],[106.883837,-6.405466],[106.885213,-6.405466],[106.885487,-6.405739],[106.885487,-6.408062],[106.886313,-6.408472],[106.886313,-6.408882],[106.885487,-6.409292],[106.885487,-6.410658],[106.886313,-6.411068],[106.886313,-6.411615],[106.886038,-6.411888],[106.885625,-6.411888],[106.885487,-6.412572],[106.885213,-6.412845],[106.884663,-6.412845],[106.88425,-6.413665],[106.8837,-6.413802],[106.883562,-6.414621],[106.882875,-6.414621],[106.882738,-6.415168],[106.881912,-6.415578],[106.881912,-6.420771],[106.88095,-6.421044],[106.881088,-6.422547],[106.881775,-6.422411],[106.881775,-6.420907],[106.8826,-6.420634],[106.8826,-6.416535],[106.882875,-6.416261],[106.883562,-6.416125],[106.883562,-6.414621],[106.886175,-6.414348],[106.886175,-6.412982],[106.88645,-6.412708],[106.887138,-6.412572],[106.887138,-6.411068],[106.887963,-6.410658],[106.887963,-6.408472],[106.888238,-6.408199],[106.888925,-6.408062],[106.888925,-6.406695],[106.8892,-6.406422],[106.891675,-6.406286],[106.891675,-6.403962],[106.8925,-6.403552],[106.8925,-6.401229],[106.892775,-6.400956],[106.893325,-6.400956],[106.893462,-6.400409],[106.894288,-6.399999],[106.894288,-6.399453],[106.894563,-6.399179],[106.895112,-6.399179],[106.895387,-6.399453],[106.895387,-6.400819],[106.896213,-6.401229],[106.896213,-6.403689],[106.895387,-6.403962],[106.895387,-6.405466],[106.893738,-6.405602],[106.8936,-6.406286],[106.895112,-6.406422],[106.89525,-6.405602],[106.896075,-6.405329],[106.896075,-6.403826],[106.897037,-6.403552],[106.897037,-6.402186],[106.897863,-6.401776],[106.897863,-6.401229],[106.897037,-6.400819],[106.897037,-6.399453],[106.897312,-6.399179],[106.898688,-6.399179],[106.898962,-6.399453],[106.898962,-6.404372],[106.899788,-6.404782],[106.899788,-6.405329],[106.898962,-6.405739],[106.898962,-6.406286],[106.899788,-6.406695],[106.899788,-6.407105],[106.898962,-6.407515],[106.898962,-6.408062],[106.899513,-6.408199],[106.899925,-6.409019],[106.900613,-6.408882],[106.900613,-6.406695],[106.901438,-6.406286],[106.901438,-6.404782],[106.900613,-6.404372],[106.900613,-6.401229],[106.899925,-6.401093],[106.89965,-6.400819],[106.89965,-6.400409],[106.899925,-6.400136],[106.900613,-6.399999],[106.900613,-6.397676],[106.901438,-6.397266],[106.901438,-6.39672],[106.901713,-6.396446],[106.902263,-6.396446],[106.902538,-6.39672],[106.902538,-6.397266],[106.903363,-6.397676],[106.903363,-6.398086],[106.902538,-6.398496],[106.902538,-6.399999],[106.90405,-6.400136],[106.904188,-6.397676],[106.904463,-6.397403],[106.906937,-6.397266],[106.906937,-6.3959],[106.905425,-6.395763],[106.90515,-6.39549],[106.90515,-6.394123],[106.905975,-6.393713],[106.905975,-6.39221],[106.90515,-6.3918],[106.90515,-6.390433],[106.905975,-6.390023],[106.905975,-6.387837],[106.90515,-6.387427],[106.90515,-6.38688],[106.905975,-6.38647],[106.905975,-6.385923],[106.90625,-6.38565],[106.9068,-6.38565],[106.907075,-6.385923],[106.907075,-6.387427],[106.907625,-6.387563],[106.907763,-6.385103],[106.90625,-6.384967],[106.905975,-6.384693],[106.905975,-6.38237],[106.90515,-6.38196],[106.90515,-6.381414],[106.905425,-6.38114],[106.905838,-6.38114],[106.90625,-6.38032],[106.907625,-6.38032],[106.9079,-6.380594],[106.9079,-6.38196],[106.908587,-6.382097],[106.908725,-6.381414],[106.90955,-6.381004],[106.90955,-6.37786],[106.908725,-6.37745],[106.908725,-6.37704],[106.909,-6.376767],[106.910375,-6.376767],[106.91065,-6.37704],[106.91065,-6.379227],[106.912163,-6.379364],[106.912437,-6.379637],[106.912575,-6.38032],[106.913125,-6.380184],[106.913125,-6.379637],[106.9134,-6.379364],[106.914088,-6.379227],[106.914088,-6.37786],[106.9134,-6.377724],[106.913125,-6.37745],[106.913125,-6.37704],[106.9134,-6.376767],[106.914088,-6.37663],[106.914088,-6.376084],[106.9134,-6.375947],[106.913125,-6.375674],[106.913125,-6.374307],[106.9123,-6.373897],[106.9123,-6.369797],[106.912575,-6.369524],[106.912987,-6.369524],[106.913125,-6.36884],[106.9134,-6.368567],[106.91395,-6.368567],[106.914362,-6.367747],[106.914912,-6.36761],[106.914912,-6.366244],[106.915188,-6.36597],[106.915875,-6.365834],[106.915875,-6.364467],[106.9167,-6.364057],[106.9167,-6.362554],[106.915875,-6.362144],[106.915875,-6.360777],[106.915188,-6.36064],[106.914912,-6.360367],[106.914912,-6.358044],[106.915188,-6.35777],[106.915738,-6.35777],[106.916013,-6.358044],[106.916013,-6.35859],[106.916837,-6.359],[106.916975,-6.359684],[106.917663,-6.359547],[106.917663,-6.34998],[106.917938,-6.349707],[106.918625,-6.34957],[106.918625,-6.347383],[106.917938,-6.347247],[106.917663,-6.346973],[106.917663,-6.34547],[106.917938,-6.345197],[106.919313,-6.345197],[106.91945,-6.34465],[106.919863,-6.344377],[106.919863,-6.343557],[106.91945,-6.343283],[106.91945,-6.336586],[106.919863,-6.336313],[106.919863,-6.323875]],[[106.901438,-6.376904],[106.902263,-6.376767],[106.902538,-6.37704],[106.902538,-6.37745],[106.902263,-6.377724],[106.901713,-6.377724],[106.901438,-6.37745],[106.901438,-6.376904]]]},"properties":{"layer_id":"historis_risiko","jenis":"banjir","nama":"Bahaya banjir rendah","sumber":"InaRISK (BNPB)","atribut":{"kelas":"rendah"}}},{"type":"Feature","geometry":{"type":"Polygon","coordinates":[[[106.7,-6.284237],[106.7,-6.310207],[106.700275,-6.310071],[106.700275,-6.308704],[106.70055,-6.308431],[106.7011,-6.308431],[106.701513,-6.309251],[106.702888,-6.309251],[106.703163,-6.309524],[106.703163,-6.310071],[106.703987,-6.310481],[106.703987,-6.313624],[106.704675,-6.313761],[106.70495,-6.314035],[106.70495,-6.315401],[106.704675,-6.315675],[106.703987,-6.315811],[106.703987,-6.316358],[106.704675,-6.316495],[106.70495,-6.316768],[106.70495,-6.318135],[106.704675,-6.318408],[106.704125,-6.318408],[106.703987,-6.319092],[106.703713,-6.319365],[106.702337,-6.319365],[106.7022,-6.319912],[106.701375,-6.320322],[106.701375,-6.326199],[106.7011,-6.326472],[106.700412,-6.326609],[106.700412,-6.327976],[106.7,-6.328249],[106.7,-6.335356],[106.700412,-6.33563],[106.70055,-6.336313],[106.7011,-6.336313],[106.701375,-6.336586],[106.701375,-6.337953],[106.7022,-6.338363],[106.7022,-6.33973],[106.702888,-6.339866],[106.703163,-6.34014],[106.703163,-6.341507],[106.704675,-6.341643],[106.70495,-6.341917],[106.705088,-6.3426],[106.706463,-6.3426],[106.706875,-6.34342],[106.70825,-6.34342],[106.708525,-6.343693],[106.708525,-6.34424],[106.70935,-6.34465],[106.70935,-6.346973],[106.710037,-6.34711],[106.710313,-6.347383],[106.710313,-6.34875],[106.710037,-6.349024],[106.70935,-6.34916],[106.70935,-6.351347],[106.710037,-6.351484],[106.710313,-6.351757],[106.710313,-6.355037],[106.710037,-6.35531],[106.70935,-6.355447],[106.70935,-6.35859],[106.710037,-6.358727],[106.710175,-6.358044],[106.71045,-6.35777],[106.711962,-6.357634],[106.711962,-6.357224],[106.711138,-6.356814],[106.711138,-6.35449],[106.711962,-6.35408],[106.711962,-6.35367],[106.711138,-6.35326],[106.711138,-6.352714],[106.711962,-6.352304],[106.711962,-6.351757],[106.712238,-6.351484],[106.713612,-6.351484],[106.713887,-6.351757],[106.713887,-6.352304],[106.714575,-6.35244],[106.71485,-6.352714],[106.71485,-6.35326],[106.715675,-6.35367],[106.715675,-6.355037],[106.717188,-6.355174],[106.717462,-6.355447],[106.717462,-6.357634],[106.71815,-6.35777],[106.718425,-6.358044],[106.718425,-6.359547],[106.71815,-6.35982],[106.717462,-6.359957],[106.717462,-6.362144],[106.718975,-6.36228],[106.71925,-6.362554],[106.71925,-6.3631],[106.719938,-6.363237],[106.720213,-6.36351],[106.720213,-6.364057],[106.719938,-6.36433],[106.7176,-6.36433],[106.717462,-6.364877],[106.716638,-6.365287],[106.716638,-6.366654],[106.717462,-6.367064],[106.717462,-6.36843],[106.716638,-6.36884],[106.716638,-6.371164],[106.717188,-6.3713],[106.717462,-6.371574],[106.717462,-6.37212],[106.71815,-6.372257],[106.718425,-6.37253],[106.718425,-6.37294],[106.71925,-6.37335],[106.719387,-6.374034],[106.719938,-6.374034],[106.720213,-6.374307],[106.720213,-6.374717],[106.721038,-6.375127],[106.721038,-6.375674],[106.720213,-6.376084],[106.720213,-6.37663],[106.721038,-6.37704],[106.721038,-6.379227],[106.720213,-6.379637],[106.720213,-6.38196],[106.721725,-6.382097],[106.722,-6.38237],[106.722,-6.384693],[106.721725,-6.384967],[106.721038,-6.385103],[106.721038,-6.38647],[106.721725,-6.386607],[106.722,-6.38688],[106.722,-6.387427],[106.72255,-6.387563],[106.722963,-6.388383],[106.723512,-6.388383],[106.723925,-6.387563],[106.7253,-6.387563],[106.725575,-6.387837],[106.725575,-6.389203],[106.726263,-6.38934],[106.726538,-6.389613],[106.726538,-6.393713],[106.726263,-6.393986],[106.725575,-6.394123],[106.725575,-6.397266],[106.726263,-6.397403],[106.726538,-6.397676],[106.726538,-6.398086],[106.727362,-6.398496],[106.727362,-6.399043],[106.72805,-6.399179],[106.728325,-6.399453],[106.728325,-6.399999],[106.72915,-6.400409],[106.72915,-6.401776],[106.728875,-6.402049],[106.728463,-6.402049],[106.728325,-6.402596],[106.728875,-6.402732],[106.72915,-6.403006],[106.72915,-6.403552],[106.729838,-6.403689],[106.730113,-6.403962],[106.730113,-6.404372],[106.730937,-6.404782],[106.730937,-6.408062],[106.730663,-6.408335],[106.73025,-6.408335],[106.729838,-6.409155],[106.72915,-6.409292],[106.72915,-6.415168],[106.731625,-6.415305],[106.7319,-6.415578],[106.7319,-6.416125],[106.731625,-6.416398],[106.731075,-6.416398],[106.730937,-6.417081],[106.73245,-6.417218],[106.732862,-6.418038],[106.733413,-6.418038],[106.733688,-6.418311],[106.733688,-6.419678],[106.734513,-6.420088],[106.734513,-6.420634],[106.733688,-6.421044],[106.733688,-6.423367],[106.734513,-6.423777],[106.734513,-6.425144],[106.734238,-6.425417],[106.733825,-6.425417],[106.733413,-6.426237],[106.732038,-6.426237],[106.7319,-6.42692],[106.731625,-6.427193],[106.730937,-6.42733],[106.730937,-6.430473],[106.731625,-6.43061],[106.731763,-6.430063],[106.732038,-6.42979],[106.73245,-6.42979],[106.732725,-6.430063],[106.732725,-6.430473],[106.733413,-6.43061],[106.733688,-6.430883],[106.733688,-6.43143],[106.734513,-6.43184],[106.734513,-6.435939],[106.7352,-6.436076],[106.735475,-6.436349],[106.735475,-6.436759],[106.7363,-6.437169],[106.7363,-6.438535],[106.736987,-6.438672],[106.737262,-6.438945],[106.737262,-6.440312],[106.736987,-6.440585],[106.7363,-6.440722],[106.7363,-6.443045],[106.735475,-6.443455],[106.735475,-6.444821],[106.7352,-6.445094],[106.732862,-6.445094],[106.732725,-6.445778],[106.733413,-6.445914],[106.733688,-6.446187],[106.733688,-6.446734],[106.733413,-6.447007],[106.732862,-6.447007],[106.732725,-6.447554],[106.7319,-6.447964],[106.7319,-6.454796],[106.732588,-6.454796],[106.732588,-6.452473],[106.732862,-6.4522],[106.733413,-6.4522],[106.733688,-6.452473],[106.733688,-6.45384],[106.734513,-6.454249],[106.734513,-6.456572],[106.7352,-6.456709],[106.735475,-6.456982],[106.735475,-6.457392],[106.7352,-6.457666],[106.73465,-6.457666],[106.734513,-6.458349],[106.733688,-6.458759],[106.733688,-6.461901],[106.733413,-6.462175],[106.732725,-6.462311],[106.732725,-6.463678],[106.73245,-6.463951],[106.731075,-6.463951],[106.730937,-6.464634],[106.730113,-6.465044],[106.730113,-6.465591],[106.729838,-6.465864],[106.72915,-6.466001],[106.72915,-6.467367],[106.729838,-6.467504],[106.730113,-6.467777],[106.730113,-6.47092],[106.730937,-6.47133],[106.730937,-6.472696],[106.730113,-6.473106],[106.730113,-6.473652],[106.729838,-6.473926],[106.72915,-6.474062],[106.72915,-6.475429],[106.729838,-6.475565],[106.730113,-6.475839],[106.73025,-6.476522],[106.731625,-6.476522],[106.7319,-6.476795],[106.7319,-6.477205],[106.732725,-6.477615],[106.732725,-6.478981],[106.7319,-6.479391],[106.7319,-6.479938],[106.732725,-6.480348],[106.732862,-6.482807],[106.734238,-6.482807],[106.734375,-6.482124],[106.73465,-6.481851],[106.7352,-6.481851],[106.735337,-6.481167],[106.735613,-6.480894],[106.736025,-6.480894],[106.736438,-6.480074],[106.736987,-6.480074],[106.737262,-6.480348],[106.737262,-6.481714],[106.736987,-6.481987],[106.7363,-6.482124],[106.7363,-6.485266],[106.736987,-6.485403],[106.737262,-6.485676],[106.737262,-6.486223],[106.737813,-6.48636],[106.73795,-6.484857],[106.738225,-6.484583],[106.738775,-6.484583],[106.73905,-6.484857],[106.73905,-6.488956],[106.739738,-6.489092],[106.74015,-6.489912],[106.741525,-6.489912],[106.7418,-6.490185],[106.741938,-6.490868],[106.743313,-6.490868],[106.743588,-6.491142],[106.743588,-6.491552],[106.744412,-6.491962],[106.74455,-6.492645],[106.746887,-6.492645],[106.747163,-6.492918],[106.747163,-6.493328],[106.747988,-6.493738],[106.748125,-6.494421],[106.748675,-6.494421],[106.748812,-6.493738],[106.749088,-6.493464],[106.750462,-6.493464],[106.750737,-6.493738],[106.750875,-6.494421],[106.75225,-6.494421],[106.752525,-6.494694],[106.752662,-6.495377],[106.755,-6.495377],[106.755275,-6.495651],[106.755413,-6.497154],[106.755963,-6.497017],[106.755963,-6.49647],[106.756237,-6.496197],[106.756925,-6.496197],[106.757063,-6.497017],[106.757613,-6.497154],[106.758025,-6.497973],[106.758575,-6.497973],[106.75885,-6.498247],[106.75885,-6.498793],[106.758575,-6.499066],[106.757888,-6.499203],[106.757888,-6.500569],[106.758575,-6.500706],[106.75885,-6.500979],[106.75885,-6.506854],[106.759675,-6.507264],[106.759675,-6.507811],[106.75885,-6.508221],[106.75885,-6.512319],[106.759675,-6.512729],[106.759675,-6.514232],[106.75885,-6.514505],[106.75885,-6.516691],[106.760362,-6.516828],[106.760638,-6.517101],[106.760638,-6.517648],[106.761188,-6.517784],[106.761325,-6.517101],[106.7616,-6.516828],[106.76215,-6.516828],[106.762287,-6.516282],[106.762563,-6.516008],[106.762975,-6.516008],[106.76325,-6.516282],[106.76325,-6.516691],[106.763937,-6.516828],[106.764212,-6.517101],[106.764212,-6.517648],[106.765038,-6.518058],[106.765038,-6.52038],[106.764212,-6.52079],[106.764212,-6.522156],[106.763937,-6.52243],[106.76325,-6.522566],[106.76325,-6.523933],[106.763937,-6.524069],[106.764212,-6.524342],[106.764212,-6.528441],[106.763937,-6.528714],[106.76325,-6.528851],[106.76325,-6.530217],[106.763937,-6.530354],[106.764212,-6.530627],[106.764212,-6.531174],[106.763937,-6.531447],[106.763388,-6.531447],[106.76325,-6.531993],[106.762425,-6.532403],[106.762425,-6.53295],[106.76215,-6.533223],[106.761463,-6.53336],[106.761463,-6.533769],[106.76215,-6.533906],[106.762425,-6.534179],[106.762563,-6.534862],[106.763113,-6.534726],[106.763113,-6.534179],[106.763388,-6.533906],[106.763937,-6.533906],[106.764212,-6.534179],[106.764212,-6.534726],[106.765038,-6.535136],[106.765038,-6.535682],[106.764212,-6.536092],[106.764212,-6.542786],[106.765038,-6.543196],[106.765038,-6.545519],[106.766688,-6.545655],[106.766825,-6.543196],[106.766137,-6.54306],[106.765725,-6.54224],[106.765175,-6.54224],[106.7649,-6.541967],[106.7649,-6.54142],[106.765175,-6.541147],[106.766825,-6.54101],[106.766688,-6.540327],[106.766137,-6.540327],[106.765725,-6.539507],[106.765175,-6.539507],[106.7649,-6.539234],[106.7649,-6.538688],[106.765175,-6.538414],[106.765862,-6.538278],[106.765862,-6.536912],[106.766137,-6.536638],[106.766825,-6.536502],[106.766688,-6.535955],[106.766137,-6.535955],[106.765862,-6.535682],[106.765862,-6.534179],[106.765175,-6.534043],[106.7649,-6.533769],[106.7649,-6.529807],[106.765175,-6.529534],[106.765725,-6.529534],[106.766137,-6.530354],[106.766825,-6.530217],[106.766825,-6.528851],[106.766137,-6.528714],[106.765862,-6.528441],[106.765862,-6.527895],[106.766137,-6.527621],[106.766688,-6.527621],[106.766825,-6.527075],[106.766137,-6.526938],[106.765862,-6.526665],[106.765862,-6.525299],[106.765175,-6.525162],[106.7649,-6.524889],[106.7649,-6.522566],[106.765175,-6.522293],[106.765725,-6.522293],[106.766137,-6.523113],[106.766688,-6.523113],[106.766963,-6.523386],[106.7671,-6.524069],[106.767787,-6.524206],[106.767925,-6.526802],[106.768613,-6.526665],[106.768613,-6.524342],[106.76765,-6.524069],[106.76765,-6.519834],[106.766825,-6.519424],[106.766825,-6.518058],[106.766137,-6.517921],[106.765862,-6.517648],[106.765862,-6.516282],[106.765175,-6.516145],[106.7649,-6.515872],[106.7649,-6.515325],[106.765175,-6.515052],[106.765862,-6.514915],[106.765862,-6.511773],[106.766137,-6.5115],[106.767513,-6.5115],[106.767787,-6.511773],[106.767787,-6.514096],[106.768475,-6.514232],[106.76875,-6.514505],[106.76875,-6.514915],[106.769575,-6.515325],[106.769712,-6.516008],[106.771225,-6.515872],[106.771225,-6.515325],[106.7704,-6.514915],[106.7704,-6.514369],[106.771088,-6.514232],[106.771225,-6.513549],[106.770538,-6.513412],[106.7704,-6.512729],[106.769712,-6.512593],[106.769438,-6.512319],[106.769438,-6.511773],[106.768613,-6.511363],[106.768475,-6.50986],[106.7671,-6.50986],[106.766688,-6.51068],[106.766137,-6.51068],[106.765862,-6.510407],[106.765862,-6.507264],[106.765175,-6.507128],[106.7649,-6.506854],[106.7649,-6.506444],[106.765175,-6.506171],[106.765862,-6.506034],[106.765862,-6.505488],[106.76435,-6.505351],[106.764075,-6.505078],[106.764075,-6.504532],[106.7649,-6.504122],[106.7649,-6.500979],[106.764075,-6.500569],[106.764075,-6.499203],[106.763388,-6.499066],[106.763113,-6.498793],[106.763113,-6.498247],[106.762563,-6.49811],[106.76215,-6.49729],[106.760775,-6.49729],[106.7605,-6.497017],[106.7605,-6.495651],[106.759813,-6.495514],[106.759538,-6.495241],[106.759538,-6.491962],[106.756237,-6.491825],[106.755963,-6.491552],[106.755825,-6.490049],[106.755413,-6.490049],[106.755275,-6.490732],[106.755,-6.491005],[106.75445,-6.491005],[106.754037,-6.491825],[106.753625,-6.491825],[106.753213,-6.491005],[106.752662,-6.491005],[106.752387,-6.490732],[106.75225,-6.490049],[106.750875,-6.490049],[106.750737,-6.490732],[106.750462,-6.491005],[106.749913,-6.491005],[106.749638,-6.490732],[106.749638,-6.490185],[106.749088,-6.490049],[106.748675,-6.489229],[106.747988,-6.489365],[106.747988,-6.491552],[106.747713,-6.491825],[106.7473,-6.491825],[106.746887,-6.491005],[106.746337,-6.491005],[106.746063,-6.490732],[106.746063,-6.490049],[106.747025,-6.489775],[106.746887,-6.489229],[106.746337,-6.489229],[106.7462,-6.489912],[106.745513,-6.490049],[106.745238,-6.489775],[106.7451,-6.488272],[106.741938,-6.488272],[106.741663,-6.487999],[106.741663,-6.487453],[106.741938,-6.487179],[106.74235,-6.487179],[106.742762,-6.48636],[106.74345,-6.486223],[106.74345,-6.485676],[106.742762,-6.48554],[106.742487,-6.485266],[106.742487,-6.48472],[106.744275,-6.484583],[106.74455,-6.485403],[106.7451,-6.485403],[106.745238,-6.484857],[106.744412,-6.48472],[106.744138,-6.483763],[106.742625,-6.483763],[106.74235,-6.482944],[106.740975,-6.482944],[106.7407,-6.48267],[106.7407,-6.481167],[106.74015,-6.481031],[106.739738,-6.480211],[106.739187,-6.480211],[106.738912,-6.479938],[106.738775,-6.479255],[106.735613,-6.479255],[106.735337,-6.478981],[106.735337,-6.476795],[106.73465,-6.476658],[106.734375,-6.476385],[106.734375,-6.475839],[106.73355,-6.475429],[106.73355,-6.474062],[106.732588,-6.473789],[106.732588,-6.47133],[106.731763,-6.47092],[106.731763,-6.469553],[106.732038,-6.46928],[106.73355,-6.469143],[106.733413,-6.46846],[106.732038,-6.46846],[106.731763,-6.468187],[106.731763,-6.467777],[106.732038,-6.467504],[106.733413,-6.467504],[106.73355,-6.46682],[106.734375,-6.466411],[106.734375,-6.464088],[106.73465,-6.463814],[106.736025,-6.463814],[106.7363,-6.464088],[106.7363,-6.469963],[106.737813,-6.4701],[106.738088,-6.470373],[106.738225,-6.471056],[106.73905,-6.471193],[106.739187,-6.473789],[106.739738,-6.473789],[106.74015,-6.474609],[106.741663,-6.474609],[106.7418,-6.475429],[106.742487,-6.475429],[106.742487,-6.474882],[106.7418,-6.474745],[106.741663,-6.474062],[106.740975,-6.473926],[106.7407,-6.473652],[106.7407,-6.472286],[106.739875,-6.471876],[106.739738,-6.471193],[106.738912,-6.471056],[106.738912,-6.468597],[106.738225,-6.46846],[106.73795,-6.468187],[106.73795,-6.464088],[106.737125,-6.463678],[106.737125,-6.459715],[106.73795,-6.459305],[106.73795,-6.456026],[106.737125,-6.455616],[106.737125,-6.45343],[106.736438,-6.453293],[106.736163,-6.45302],[106.736163,-6.451517],[106.735613,-6.45138],[106.7352,-6.45056],[106.73465,-6.45056],[106.734375,-6.450287],[106.734375,-6.44974],[106.73465,-6.449467],[106.736025,-6.449467],[106.736163,-6.447964],[106.736438,-6.447691],[106.737125,-6.447554],[106.737125,-6.444411],[106.7374,-6.444138],[106.738775,-6.444138],[106.738912,-6.443455],[106.739187,-6.443181],[106.739875,-6.443045],[106.739875,-6.438945],[106.738225,-6.438809],[106.73795,-6.438535],[106.73795,-6.437169],[106.737125,-6.436759],[106.737125,-6.430883],[106.736438,-6.430746],[106.736025,-6.429926],[106.73465,-6.429926],[106.734375,-6.429653],[106.734375,-6.42815],[106.73465,-6.427877],[106.736025,-6.427877],[106.736163,-6.426374],[106.736438,-6.4261],[106.736987,-6.4261],[106.737262,-6.426374],[106.737262,-6.42692],[106.737813,-6.427057],[106.73795,-6.426374],[106.738225,-6.4261],[106.738912,-6.425964],[106.738912,-6.423777],[106.738225,-6.423641],[106.73795,-6.423367],[106.73795,-6.421044],[106.738225,-6.420771],[106.739875,-6.420771],[106.740013,-6.421454],[106.740562,-6.421591],[106.7407,-6.421044],[106.739875,-6.420771],[106.739875,-6.420088],[106.74015,-6.419814],[106.741663,-6.419678],[106.741663,-6.417491],[106.74015,-6.417355],[106.739875,-6.417081],[106.739738,-6.416398],[106.736438,-6.416398],[106.736163,-6.416125],[106.736163,-6.415578],[106.735613,-6.415441],[106.7352,-6.414621],[106.73465,-6.414621],[106.734375,-6.414348],[106.734238,-6.413665],[106.732862,-6.413665],[106.732588,-6.413392],[106.732588,-6.412982],[106.731763,-6.412572],[106.731763,-6.412025],[106.732588,-6.411615],[106.732588,-6.410249],[106.732862,-6.409975],[106.733413,-6.409975],[106.73355,-6.409292],[106.734375,-6.408882],[106.734375,-6.408472],[106.73355,-6.408062],[106.73355,-6.406695],[106.734375,-6.406286],[106.734375,-6.404782],[106.733825,-6.404646],[106.733413,-6.403826],[106.732862,-6.403826],[106.732588,-6.403552],[106.732588,-6.402186],[106.731763,-6.401776],[106.731625,-6.401093],[106.731075,-6.401093],[106.7308,-6.400819],[106.7308,-6.398496],[106.729975,-6.398086],[106.729975,-6.3959],[106.729287,-6.395763],[106.729012,-6.39549],[106.729012,-6.394123],[106.729287,-6.39385],[106.729838,-6.39385],[106.729975,-6.393166],[106.7308,-6.392756],[106.7308,-6.39221],[106.73025,-6.392073],[106.729838,-6.391253],[106.729287,-6.391253],[106.729012,-6.39098],[106.729012,-6.385923],[106.726675,-6.385787],[106.726263,-6.384967],[106.72475,-6.384967],[106.724613,-6.385513],[106.724338,-6.385787],[106.723925,-6.385787],[106.723512,-6.384967],[106.722963,-6.384967],[106.722688,-6.384693],[106.722688,-6.384147],[106.722963,-6.383873],[106.72365,-6.383737],[106.72365,-6.380594],[106.722963,-6.380457],[106.722688,-6.380184],[106.722688,-6.379637],[106.722963,-6.379364],[106.72365,-6.379227],[106.72365,-6.37704],[106.722963,-6.376904],[106.722688,-6.37663],[106.722688,-6.374307],[106.721863,-6.373897],[106.721725,-6.373214],[106.721175,-6.373214],[106.7209,-6.37294],[106.7209,-6.371574],[106.719387,-6.371437],[106.719113,-6.371164],[106.719113,-6.370754],[106.718288,-6.370344],[106.718288,-6.369797],[106.719113,-6.369387],[106.719113,-6.366244],[106.719387,-6.36597],[106.719938,-6.36597],[106.720075,-6.365287],[106.72035,-6.365014],[106.721863,-6.364877],[106.721863,-6.360777],[106.721175,-6.36064],[106.7209,-6.360367],[106.7209,-6.359957],[106.721175,-6.359684],[106.721863,-6.359547],[106.721863,-6.359],[106.721175,-6.358864],[106.7209,-6.35859],[106.7209,-6.355447],[106.720075,-6.355037],[106.719938,-6.354354],[106.718563,-6.354354],[106.71815,-6.353534],[106.7176,-6.353534],[106.717325,-6.35326],[106.717325,-6.350937],[106.7165,-6.350527],[106.716363,-6.349844],[106.714025,-6.349844],[106.713612,-6.349024],[106.712238,-6.349024],[106.711962,-6.34875],[106.711962,-6.34465],[106.711138,-6.34424],[106.711138,-6.342873],[106.71045,-6.342737],[106.710175,-6.342463],[106.710175,-6.341917],[106.709488,-6.34178],[106.709075,-6.34096],[106.7077,-6.34096],[106.707425,-6.340687],[106.707288,-6.340003],[106.705912,-6.340003],[106.705638,-6.33973],[106.7055,-6.339046],[106.704125,-6.339046],[106.70385,-6.338773],[106.70385,-6.336586],[106.703025,-6.336176],[106.702888,-6.335493],[106.702337,-6.335493],[106.702062,-6.33522],[106.702062,-6.332896],[106.701238,-6.332486],[106.701238,-6.331119],[106.702062,-6.330709],[106.702062,-6.328386],[106.702337,-6.328112],[106.703713,-6.328112],[106.704125,-6.327292],[106.704813,-6.327156],[106.704813,-6.324012],[106.704125,-6.323875],[106.70385,-6.323602],[106.70385,-6.321279],[106.704125,-6.321005],[106.704675,-6.321005],[106.704813,-6.320322],[106.705088,-6.320048],[106.7055,-6.320048],[106.705912,-6.319228],[106.706463,-6.319228],[106.7066,-6.318545],[106.706875,-6.318272],[106.707288,-6.318272],[106.7077,-6.317452],[106.70825,-6.317452],[106.708525,-6.317725],[106.708663,-6.320048],[106.711,-6.320048],[106.711275,-6.320322],[106.711275,-6.322645],[106.711,-6.322919],[106.710313,-6.323055],[106.710313,-6.324422],[106.713063,-6.324695],[106.713063,-6.326336],[106.712238,-6.326472],[106.7121,-6.327156],[106.712788,-6.327292],[106.712925,-6.326472],[106.71375,-6.326199],[106.71375,-6.324832],[106.713063,-6.324695],[106.712925,-6.324012],[106.712238,-6.323875],[106.711962,-6.323602],[106.711962,-6.322099],[106.712238,-6.321825],[106.712925,-6.321689],[106.712925,-6.320322],[106.712238,-6.320185],[106.711962,-6.319912],[106.711962,-6.319502],[106.711138,-6.319092],[106.711,-6.318408],[106.709488,-6.318408],[106.709213,-6.318135],[106.709213,-6.317725],[106.709488,-6.317452],[106.710175,-6.317315],[106.710175,-6.314035],[106.71045,-6.313761],[106.711138,-6.313624],[106.711138,-6.312258],[106.711413,-6.311984],[106.712788,-6.311984],[106.713063,-6.312258],[106.713063,-6.313624],[106.712788,-6.313898],[106.7121,-6.314035],[106.712238,-6.315538],[106.713612,-6.315538],[106.713887,-6.315811],[106.714025,-6.316495],[106.7154,-6.316495],[106.715675,-6.316768],[106.715812,-6.317452],[106.716363,-6.317452],[106.7165,-6.316768],[106.716775,-6.316495],[106.719938,-6.316495],[106.720213,-6.316768],[106.720213,-6.318135],[106.721038,-6.318545],[106.721175,-6.319228],[106.721725,-6.319228],[106.722,-6.319502],[106.722,-6.320869],[106.722825,-6.321279],[106.722825,-6.321689],[106.722,-6.322099],[106.722,-6.323602],[106.72255,-6.323739],[106.722963,-6.324559],[106.723512,-6.324559],[106.723788,-6.324832],[106.723788,-6.325379],[106.723512,-6.325652],[106.722963,-6.325652],[106.72255,-6.326472],[106.722,-6.326472],[106.721725,-6.325652],[106.72035,-6.325652],[106.720213,-6.327156],[106.720763,-6.327292],[106.7209,-6.326609],[106.721175,-6.326336],[106.721863,-6.326336],[106.722,-6.327156],[106.72255,-6.327292],[106.722963,-6.328112],[106.723512,-6.328112],[106.723788,-6.328386],[106.723788,-6.328932],[106.723512,-6.329206],[106.722825,-6.329343],[106.722825,-6.331666],[106.723788,-6.331939],[106.723788,-6.3344],[106.724613,-6.334673],[106.724613,-6.335356],[106.723788,-6.33563],[106.723925,-6.33891],[106.724475,-6.338773],[106.724475,-6.335493],[106.7253,-6.335356],[106.725437,-6.33481],[106.724475,-6.334536],[106.724475,-6.332076],[106.72365,-6.331803],[106.72365,-6.330299],[106.724475,-6.329889],[106.724475,-6.328386],[106.72475,-6.328112],[106.7253,-6.328112],[106.725437,-6.327566],[106.72475,-6.327429],[106.724475,-6.327156],[106.724475,-6.324012],[106.72365,-6.323602],[106.72365,-6.319502],[106.724475,-6.319092],[106.724475,-6.318545],[106.723925,-6.318408],[106.723512,-6.317588],[106.722138,-6.317588],[106.721863,-6.317315],[106.721863,-6.316768],[106.722688,-6.316358],[106.722688,-6.315811],[106.721863,-6.315401],[106.721863,-6.314035],[106.721175,-6.313898],[106.7209,-6.313624],[106.7209,-6.313214],[106.720075,-6.312804],[106.720075,-6.312258],[106.719387,-6.312121],[106.719113,-6.311848],[106.718975,-6.311301],[106.718425,-6.311438],[106.718425,-6.312804],[106.71815,-6.313078],[106.7176,-6.313078],[106.717188,-6.313898],[106.716775,-6.313898],[106.7165,-6.313624],[106.7165,-6.312258],[106.715812,-6.312121],[106.715537,-6.311848],[106.715537,-6.311438],[106.715812,-6.311164],[106.7165,-6.311028],[106.7165,-6.308704],[106.715812,-6.308567],[106.715537,-6.308294],[106.715537,-6.30515],[106.714713,-6.30474],[106.714575,-6.3031],[106.7132,-6.3031],[106.712788,-6.30228],[106.712238,-6.30228],[106.711962,-6.302007],[106.711962,-6.30146],[106.712238,-6.301186],[106.71375,-6.30105],[106.71375,-6.299683],[106.7132,-6.299546],[106.712925,-6.299273],[106.712925,-6.298726],[106.712238,-6.298589],[106.711962,-6.298316],[106.711962,-6.297906],[106.711138,-6.297496],[106.711,-6.296813],[106.71045,-6.296813],[106.710175,-6.296539],[106.710175,-6.295992],[106.711,-6.295856],[106.711138,-6.295172],[106.71045,-6.295036],[106.710175,-6.295992],[106.708663,-6.295992],[106.70825,-6.296813],[106.705088,-6.296813],[106.704813,-6.296539],[106.704813,-6.295172],[106.704125,-6.295036],[106.70385,-6.294762],[106.70385,-6.292439],[106.7033,-6.292302],[106.702888,-6.291482],[106.702337,-6.291482],[106.702062,-6.291208],[106.702062,-6.288885],[106.702337,-6.288611],[106.703025,-6.288475],[106.703025,-6.287108],[106.702337,-6.286971],[106.702062,-6.286698],[106.702062,-6.286151],[106.701238,-6.285741],[106.7011,-6.284237],[106.7,-6.284237]],[[106.759538,-6.514369],[106.760362,-6.514232],[106.760638,-6.514505],[106.760638,-6.514915],[106.760362,-6.515189],[106.759813,-6.515189],[106.759538,-6.514915],[106.759538,-6.514369]],[[106.769712,-6.513276],[106.770538,-6.513412],[106.7704,-6.514369],[106.769712,-6.514369],[106.769438,-6.514096],[106.769438,-6.513549],[106.769712,-6.513276]],[[106.7572,-6.495377],[106.757613,-6.495377],[106.757888,-6.495651],[106.757888,-6.49606],[106.757613,-6.496334],[106.756925,-6.496197],[106.756925,-6.495651],[106.7572,-6.495377]],[[106.741938,-6.483627],[106.742625,-6.483763],[106.742487,-6.48472],[106.741938,-6.48472],[106.741663,-6.484447],[106.741663,-6.4839],[106.741938,-6.483627]],[[106.732038,-6.473789],[106.732725,-6.473926],[106.732725,-6.474472],[106.73245,-6.474745],[106.732038,-6.474745],[106.731763,-6.474472],[106.731763,-6.474062],[106.732038,-6.473789]],[[106.718563,-6.313761],[106.718975,-6.313761],[106.71925,-6.314035],[106.71925,-6.315401],[106.718975,-6.315675],[106.718563,-6.315675],[106.718288,-6.315401],[106.718288,-6.314035],[106.718563,-6.313761]]]},"properties":{"layer_id":"historis_risiko","jenis":"banjir","nama":"Bahaya banjir rendah","sumber":"InaRISK (BNPB)","atribut":{"kelas":"rendah"}}},{"type":"Feature","geometry":{"type":"Polygon","coordinates":[[[106.911338,-6.28],[106.905288,-6.28],[106.905288,-6.283144],[106.905012,-6.283417],[106.904463,-6.283417],[106.90405,-6.284237],[106.901575,-6.284237],[106.901438,-6.283554],[106.900887,-6.283417],[106.90075,-6.283964],[106.901575,-6.284237],[106.901575,-6.284921],[106.90075,-6.285331],[106.90075,-6.287655],[106.901575,-6.288065],[106.901575,-6.289431],[106.9013,-6.289705],[106.900887,-6.289705],[106.900475,-6.290525],[106.898138,-6.290525],[106.898,-6.291208],[106.897725,-6.291482],[106.897312,-6.291482],[106.8969,-6.292302],[106.89635,-6.292302],[106.896213,-6.292985],[106.895938,-6.293259],[106.895387,-6.293395],[106.895387,-6.294899],[106.894563,-6.295036],[106.894425,-6.295856],[106.8936,-6.296129],[106.8936,-6.298316],[106.89415,-6.298453],[106.894288,-6.295992],[106.895112,-6.295856],[106.89525,-6.295036],[106.895938,-6.294899],[106.89635,-6.294079],[106.8969,-6.294079],[106.897037,-6.293395],[106.897312,-6.293122],[106.899513,-6.293122],[106.89965,-6.291618],[106.899925,-6.291345],[106.900475,-6.291345],[106.90075,-6.291618],[106.90075,-6.292029],[106.901575,-6.292439],[106.901713,-6.293122],[106.90405,-6.293122],[106.904188,-6.292439],[106.904463,-6.292165],[106.90515,-6.292029],[106.90515,-6.290662],[106.905425,-6.290388],[106.908587,-6.290388],[106.908862,-6.290662],[106.908862,-6.291208],[106.908587,-6.291482],[106.908038,-6.291482],[106.9079,-6.292029],[106.907075,-6.292439],[106.907075,-6.295856],[106.90625,-6.295992],[106.906113,-6.296676],[106.905425,-6.296813],[106.905288,-6.297496],[106.905012,-6.297769],[106.9035,-6.297769],[106.903363,-6.298453],[106.902538,-6.298726],[106.902538,-6.299273],[106.903087,-6.29941],[106.903363,-6.298453],[106.905838,-6.298453],[106.906113,-6.296676],[106.9068,-6.296676],[106.907075,-6.295856],[106.908587,-6.295856],[106.908862,-6.296129],[106.908862,-6.298316],[106.909688,-6.298726],[106.909688,-6.30023],[106.910512,-6.300366],[106.91065,-6.30105],[106.910375,-6.301323],[106.909,-6.301323],[106.908862,-6.302007],[106.908587,-6.30228],[106.90625,-6.30228],[106.906113,-6.302827],[106.905288,-6.303237],[106.905288,-6.303783],[106.905012,-6.304057],[106.9035,-6.304057],[106.903363,-6.30474],[106.903087,-6.305014],[106.902675,-6.305014],[106.902263,-6.305834],[106.901575,-6.30597],[106.901575,-6.308294],[106.90075,-6.308704],[106.90075,-6.310071],[106.900475,-6.310344],[106.899788,-6.310481],[106.899925,-6.311984],[106.9013,-6.311984],[106.901713,-6.311164],[106.903087,-6.311164],[106.903225,-6.310481],[106.9035,-6.310207],[106.90405,-6.310207],[106.904188,-6.309524],[106.904463,-6.309251],[106.90515,-6.309114],[106.905012,-6.308567],[106.904463,-6.308567],[106.904188,-6.308294],[106.904188,-6.307747],[106.904463,-6.307474],[106.90515,-6.307337],[106.90515,-6.30597],[106.905425,-6.305697],[106.906937,-6.30556],[106.906937,-6.304193],[106.907212,-6.30392],[106.907625,-6.30392],[106.9079,-6.304193],[106.9079,-6.30556],[106.908587,-6.305697],[106.908725,-6.30515],[106.90955,-6.30474],[106.90955,-6.304193],[106.909825,-6.30392],[106.9112,-6.30392],[106.911338,-6.303237],[106.911613,-6.302963],[106.913263,-6.3031],[106.913263,-6.306517],[106.912987,-6.30679],[106.909825,-6.30679],[106.909688,-6.307337],[106.908862,-6.307747],[106.908862,-6.308294],[106.908587,-6.308567],[106.9079,-6.308704],[106.9079,-6.310071],[106.907075,-6.310481],[106.907075,-6.311984],[106.905425,-6.312121],[106.905288,-6.313624],[106.905012,-6.313898],[106.904463,-6.313898],[106.904325,-6.314581],[106.90405,-6.314855],[106.9035,-6.314855],[106.903087,-6.315675],[106.899788,-6.315811],[106.899925,-6.318272],[106.900613,-6.318135],[106.900613,-6.316768],[106.900887,-6.316495],[106.9013,-6.316495],[106.901575,-6.316768],[106.901713,-6.317452],[106.902263,-6.317452],[106.9024,-6.316768],[106.902675,-6.316495],[106.90405,-6.316495],[106.904188,-6.315811],[106.904463,-6.315538],[106.905012,-6.315538],[106.905288,-6.315811],[106.905425,-6.316495],[106.9068,-6.316495],[106.906937,-6.314991],[106.90625,-6.314855],[106.905975,-6.314581],[106.905975,-6.314035],[106.90625,-6.313761],[106.906937,-6.313624],[106.906937,-6.312121],[106.907625,-6.311984],[106.908038,-6.311164],[106.908725,-6.311028],[106.908725,-6.309524],[106.909,-6.309251],[106.909413,-6.309251],[106.909825,-6.308431],[106.912987,-6.308431],[106.913125,-6.307747],[106.9134,-6.307474],[106.91395,-6.307474],[106.914362,-6.306654],[106.91505,-6.30679],[106.91505,-6.308294],[106.914225,-6.308704],[106.914225,-6.311028],[106.91395,-6.311301],[106.9134,-6.311301],[106.913125,-6.311028],[106.912987,-6.310344],[106.911613,-6.310344],[106.911475,-6.311028],[106.9112,-6.311301],[106.909688,-6.311438],[106.909688,-6.312804],[106.908862,-6.313214],[106.909,-6.315538],[106.909413,-6.315538],[106.909825,-6.314718],[106.9112,-6.314718],[106.911338,-6.314035],[106.911613,-6.313761],[106.912987,-6.313761],[106.913263,-6.314035],[106.913263,-6.314581],[106.912437,-6.314991],[106.9123,-6.315675],[106.911475,-6.315811],[106.911475,-6.317315],[106.9112,-6.317588],[106.909825,-6.317588],[106.909688,-6.318135],[106.908862,-6.318545],[106.908862,-6.319092],[106.908587,-6.319365],[106.9079,-6.319502],[106.9079,-6.321689],[106.907075,-6.322099],[106.907075,-6.323602],[106.9068,-6.323875],[106.906113,-6.324012],[106.906113,-6.325379],[106.905838,-6.325652],[106.905425,-6.325652],[106.905012,-6.326472],[106.904463,-6.326472],[106.904325,-6.327156],[106.90405,-6.327429],[106.902675,-6.327429],[106.902538,-6.329069],[106.901575,-6.329343],[106.901575,-6.330709],[106.90075,-6.331119],[106.90075,-6.331666],[106.900475,-6.331939],[106.899925,-6.331939],[106.899788,-6.332486],[106.898962,-6.332896],[106.898962,-6.333443],[106.898688,-6.333716],[106.89635,-6.333716],[106.896213,-6.33522],[106.895387,-6.33563],[106.895387,-6.336176],[106.895112,-6.33645],[106.893738,-6.33645],[106.8936,-6.337953],[106.893325,-6.338226],[106.892638,-6.338363],[106.892638,-6.33973],[106.893325,-6.339866],[106.893462,-6.339183],[106.893738,-6.33891],[106.895112,-6.33891],[106.89525,-6.338363],[106.896075,-6.337953],[106.896075,-6.336586],[106.89635,-6.336313],[106.8969,-6.336313],[106.897037,-6.33563],[106.897312,-6.335356],[106.897725,-6.335356],[106.898,-6.33563],[106.898138,-6.336313],[106.899513,-6.336313],[106.89965,-6.33481],[106.899925,-6.334536],[106.900613,-6.334536],[106.90075,-6.337953],[106.900475,-6.338226],[106.899788,-6.338363],[106.899788,-6.340687],[106.898962,-6.341097],[106.898962,-6.342463],[106.898688,-6.342737],[106.898138,-6.342737],[106.898,-6.343283],[106.897175,-6.343693],[106.897175,-6.34424],[106.900613,-6.344377],[106.900887,-6.346153],[106.901438,-6.346017],[106.901438,-6.34465],[106.900613,-6.344377],[106.900613,-6.341917],[106.900887,-6.341643],[106.902263,-6.341643],[106.9024,-6.341097],[106.903225,-6.340687],[106.903225,-6.336586],[106.9035,-6.336313],[106.905838,-6.336313],[106.906113,-6.336586],[106.906113,-6.337953],[106.9068,-6.33809],[106.907075,-6.338363],[106.907075,-6.338773],[106.9079,-6.339183],[106.908038,-6.339866],[106.908725,-6.33973],[106.908725,-6.338363],[106.90955,-6.337953],[106.90955,-6.337406],[106.909825,-6.337133],[106.910512,-6.336996],[106.910512,-6.331939],[106.9112,-6.331803],[106.911613,-6.332623],[106.9123,-6.332486],[106.9123,-6.331119],[106.911613,-6.330983],[106.911338,-6.330709],[106.911338,-6.329343],[106.911613,-6.329069],[106.9123,-6.328932],[106.9123,-6.327566],[106.909825,-6.327429],[106.90955,-6.327156],[106.90955,-6.325789],[106.908725,-6.325379],[106.908725,-6.324832],[106.909,-6.324559],[106.910512,-6.324422],[106.910375,-6.323875],[106.909825,-6.323875],[106.90955,-6.323602],[106.90955,-6.321279],[106.909825,-6.321005],[106.912163,-6.321005],[106.912437,-6.321279],[106.912437,-6.322645],[106.912987,-6.322782],[106.913125,-6.322099],[106.9134,-6.321825],[106.91395,-6.321825],[106.914088,-6.321279],[106.914912,-6.320869],[106.914912,-6.320322],[106.915188,-6.320048],[106.917663,-6.319912],[106.917525,-6.319365],[106.916975,-6.319365],[106.9167,-6.319092],[106.9167,-6.315811],[106.916975,-6.315538],[106.917663,-6.315401],[106.917663,-6.309524],[106.917938,-6.309251],[106.918487,-6.309251],[106.918762,-6.309524],[106.918762,-6.313624],[106.919588,-6.314035],[106.919588,-6.316358],[106.918762,-6.316768],[106.918762,-6.319092],[106.919588,-6.319502],[106.919588,-6.320869],[106.919863,-6.321005],[106.919863,-6.297769],[106.9189,-6.297769],[106.918625,-6.297496],[106.918625,-6.296949],[106.917938,-6.296813],[106.917525,-6.295992],[106.914362,-6.295992],[106.914088,-6.295719],[106.914088,-6.293395],[106.914912,-6.292985],[106.914912,-6.288065],[106.9134,-6.287928],[106.913125,-6.287655],[106.913125,-6.286151],[106.912575,-6.286014],[106.912163,-6.285194],[106.911613,-6.285194],[106.911338,-6.284921],[106.911338,-6.284237],[106.9123,-6.283964],[106.9123,-6.282597],[106.911613,-6.28246],[106.911338,-6.282187],[106.911338,-6.28]],[[106.900887,-6.333579],[106.901575,-6.333716],[106.901575,-6.3344],[106.9013,-6.334673],[106.900613,-6.334536],[106.900613,-6.333853],[106.900887,-6.333579]],[[106.909825,-6.330846],[106.910375,-6.330846],[106.91065,-6.331119],[106.910512,-6.331939],[106.909825,-6.331939],[106.90955,-6.331666],[106.90955,-6.331119],[106.909825,-6.330846]],[[106.901438,-6.333579],[106.901438,-6.332076],[106.901713,-6.331803],[106.902263,-6.331803],[106.9024,-6.331119],[106.902675,-6.330846],[106.903087,-6.330846],[106.903363,-6.331119],[106.9035,-6.331803],[106.905838,-6.331803],[106.905975,-6.331119],[106.90625,-6.330846],[106.9068,-6.330846],[106.907075,-6.331119],[106.907075,-6.332486],[106.9068,-6.332759],[106.9035,-6.332759],[106.903363,-6.333443],[106.903087,-6.333716],[106.901438,-6.333579]],[[106.9024,-6.329206],[106.90405,-6.329069],[106.904325,-6.329343],[106.904325,-6.329889],[106.90405,-6.330163],[106.902675,-6.330163],[106.9024,-6.329889],[106.9024,-6.329206]],[[106.9123,-6.315675],[106.912987,-6.315538],[106.913263,-6.315811],[106.913263,-6.316358],[106.912987,-6.316631],[106.912575,-6.316631],[106.9123,-6.316358],[106.9123,-6.315675]],[[106.9134,-6.302143],[106.91395,-6.302143],[106.914225,-6.302417],[106.914225,-6.302827],[106.91395,-6.3031],[106.913125,-6.302963],[106.913125,-6.302417],[106.9134,-6.302143]],[[106.917525,-6.301186],[106.9178,-6.30146],[106.9178,-6.303783],[106.917525,-6.304057],[106.916975,-6.304057],[106.916837,-6.30474],[106.917525,-6.304877],[106.9178,-6.30515],[106.9178,-6.30556],[106.917525,-6.305834],[106.91615,-6.305834],[106.916013,-6.306517],[106.915738,-6.30679],[106.91505,-6.30679],[106.914912,-6.303237],[106.915188,-6.302963],[106.915738,-6.302963],[106.915875,-6.302417],[106.9167,-6.302007],[106.9167,-6.30146],[106.916975,-6.301186],[106.917525,-6.301186]],[[106.910787,-6.29941],[106.9112,-6.29941],[106.911475,-6.299683],[106.911475,-6.30023],[106.9112,-6.300503],[106.910512,-6.300366],[106.910512,-6.299683],[106.910787,-6.29941]],[[106.910787,-6.283281],[106.9112,-6.283281],[106.911475,-6.283554],[106.911338,-6.284237],[106.910787,-6.284237],[106.910512,-6.283964],[106.910512,-6.283554],[106.910787,-6.283281]]]},"properties":{"layer_id":"historis_risiko","jenis":"banjir","nama":"Bahaya banjir rendah","sumber":"InaRISK (BNPB)","atribut":{"kelas":"rendah"}}},{"type":"Feature","geometry":{"type":"Polygon","coordinates":[[[106.886313,-6.28],[106.88645,-6.280547],[106.887,-6.280547],[106.887275,-6.28082],[106.887412,-6.281504],[106.888925,-6.281367],[106.888925,-6.28],[106.886313,-6.28]]]},"properties":{"layer_id":"historis_risiko","jenis":"banjir","nama":"Bahaya banjir rendah","sumber":"InaRISK (BNPB)","atribut":{"kelas":"rendah"}}},{"type":"Feature","geometry":{"type":"Polygon","coordinates":[[[106.838738,-6.28],[106.838738,-6.280547],[106.837913,-6.28082],[106.837913,-6.283144],[106.838463,-6.283281],[106.838875,-6.284101],[106.839425,-6.284101],[106.8397,-6.284374],[106.839838,-6.285057],[106.84025,-6.285057],[106.840388,-6.284374],[106.840663,-6.284101],[106.841212,-6.284101],[106.84135,-6.283554],[106.839838,-6.283417],[106.839562,-6.283144],[106.839562,-6.281777],[106.838875,-6.28164],[106.8386,-6.281367],[106.8386,-6.280683],[106.839425,-6.280547],[106.839562,-6.28],[106.838738,-6.28]]]},"properties":{"layer_id":"historis_risiko","jenis":"banjir","nama":"Bahaya banjir rendah","sumber":"InaRISK (BNPB)","atribut":{"kelas":"rendah"}}},{"type":"Feature","geometry":{"type":"Polygon","coordinates":[[[106.884388,-6.28],[106.872838,-6.28],[106.872838,-6.281367],[106.872563,-6.28164],[106.87215,-6.28164],[106.871738,-6.28246],[106.871188,-6.28246],[106.870913,-6.282187],[106.870913,-6.28082],[106.870362,-6.280683],[106.870087,-6.28041],[106.870087,-6.28],[106.859363,-6.28],[106.859363,-6.282187],[106.858537,-6.282597],[106.858537,-6.283144],[106.858262,-6.283417],[106.854,-6.283554],[106.854,-6.284921],[106.853725,-6.285194],[106.853313,-6.285194],[106.853175,-6.285741],[106.854,-6.286151],[106.854138,-6.286834],[106.855788,-6.286971],[106.855788,-6.287655],[106.854962,-6.288065],[106.854962,-6.289431],[106.854687,-6.289705],[106.853313,-6.289705],[106.853037,-6.289431],[106.853037,-6.288885],[106.85235,-6.288748],[106.851938,-6.287928],[106.850562,-6.287928],[106.850288,-6.287655],[106.850288,-6.286151],[106.849463,-6.285741],[106.849463,-6.281777],[106.849738,-6.281504],[106.851112,-6.281504],[106.85125,-6.28],[106.84685,-6.28],[106.84685,-6.28041],[106.847675,-6.28082],[106.847675,-6.281367],[106.84685,-6.281777],[106.84685,-6.283144],[106.846575,-6.283417],[106.846025,-6.283417],[106.845888,-6.283964],[106.845062,-6.284374],[106.845062,-6.284921],[106.845613,-6.285057],[106.846025,-6.285878],[106.846575,-6.285878],[106.84685,-6.286151],[106.84685,-6.288475],[106.848363,-6.288611],[106.848637,-6.288885],[106.848637,-6.292029],[106.849325,-6.292165],[106.8496,-6.292439],[106.8496,-6.293942],[106.849325,-6.294215],[106.848637,-6.294352],[106.848637,-6.295719],[106.8496,-6.295992],[106.8496,-6.30105],[106.851112,-6.301186],[106.851388,-6.30146],[106.851388,-6.302007],[106.851938,-6.302143],[106.85235,-6.302963],[106.8529,-6.302963],[106.853175,-6.303237],[106.853313,-6.30392],[106.854687,-6.30392],[106.854962,-6.304193],[106.854962,-6.30556],[106.855788,-6.30597],[106.855788,-6.311848],[106.855513,-6.312121],[106.8551,-6.312121],[106.854687,-6.311301],[106.854138,-6.311301],[106.853863,-6.311028],[106.853725,-6.310344],[106.85235,-6.310344],[106.852213,-6.311028],[106.851388,-6.311438],[106.851388,-6.312804],[106.851112,-6.313078],[106.850425,-6.313214],[106.850425,-6.315401],[106.85015,-6.315675],[106.849738,-6.315675],[106.849325,-6.314855],[106.846987,-6.314855],[106.846575,-6.315675],[106.845888,-6.315811],[106.845888,-6.316358],[106.845613,-6.316631],[106.843412,-6.316631],[106.843275,-6.317315],[106.843,-6.317588],[106.840663,-6.317588],[106.84025,-6.318408],[106.838875,-6.318408],[106.838738,-6.319092],[106.837913,-6.319502],[106.837913,-6.322645],[106.838463,-6.322782],[106.838738,-6.323055],[106.838738,-6.323602],[106.839425,-6.323739],[106.8397,-6.324012],[106.8397,-6.324422],[106.840525,-6.324832],[106.840525,-6.325379],[106.84025,-6.325652],[106.837087,-6.325652],[106.836813,-6.325379],[106.836675,-6.324695],[106.8353,-6.324695],[106.835025,-6.324422],[106.835025,-6.323875],[106.83585,-6.323739],[106.835988,-6.322919],[106.836675,-6.322782],[106.836813,-6.322099],[106.836263,-6.321962],[106.835988,-6.322919],[106.835162,-6.322919],[106.835025,-6.321279],[106.834338,-6.321142],[106.834063,-6.320869],[106.834063,-6.318545],[106.83255,-6.318408],[106.832275,-6.318135],[106.832275,-6.317725],[106.83145,-6.317315],[106.83145,-6.315811],[106.831725,-6.315538],[106.832138,-6.315538],[106.83255,-6.314718],[106.835025,-6.314581],[106.835025,-6.314035],[106.834338,-6.313898],[106.834063,-6.313624],[106.834063,-6.313214],[106.834338,-6.312941],[106.835025,-6.312804],[106.835025,-6.308704],[106.8353,-6.308431],[106.835988,-6.308294],[106.83585,-6.30679],[106.834338,-6.30679],[106.834063,-6.306517],[106.833925,-6.305834],[106.83255,-6.305834],[106.832275,-6.30556],[106.832275,-6.30515],[106.83145,-6.30474],[106.83145,-6.304193],[106.830763,-6.304057],[106.830488,-6.303783],[106.830488,-6.302417],[106.830763,-6.302143],[106.83145,-6.302007],[106.83145,-6.30064],[106.831725,-6.300366],[106.832275,-6.300366],[106.832413,-6.30105],[106.8331,-6.301186],[106.833375,-6.30146],[106.833375,-6.302007],[106.8331,-6.30228],[106.83255,-6.30228],[106.832413,-6.302827],[106.8342,-6.3031],[106.834338,-6.304877],[106.835988,-6.30474],[106.835988,-6.304193],[106.8353,-6.304057],[106.835025,-6.303783],[106.834888,-6.3031],[106.834063,-6.302963],[106.834063,-6.30146],[106.834338,-6.301186],[106.835025,-6.30105],[106.835025,-6.296129],[106.833512,-6.295992],[106.833237,-6.295719],[106.833237,-6.294352],[106.834063,-6.293942],[106.834063,-6.293395],[106.83255,-6.293259],[106.832275,-6.292985],[106.832275,-6.292439],[106.83255,-6.292165],[106.8331,-6.292165],[106.833512,-6.291345],[106.834888,-6.291345],[106.835162,-6.291618],[106.8353,-6.293122],[106.836675,-6.293122],[106.836813,-6.292439],[106.837087,-6.292165],[106.837637,-6.292165],[106.837913,-6.292439],[106.837913,-6.293942],[106.838463,-6.294079],[106.8386,-6.293395],[106.838875,-6.293122],[106.839562,-6.292985],[106.839562,-6.291618],[106.838875,-6.291482],[106.8386,-6.291208],[106.8386,-6.289842],[106.837775,-6.289431],[106.837775,-6.288885],[106.83805,-6.288611],[106.838463,-6.288611],[106.8386,-6.288065],[106.837087,-6.287928],[106.836813,-6.287655],[106.836813,-6.286151],[106.835988,-6.285741],[106.835988,-6.285331],[106.836813,-6.284921],[106.836813,-6.281777],[106.8353,-6.28164],[106.835025,-6.281367],[106.835025,-6.28082],[106.8353,-6.280547],[106.836675,-6.280547],[106.836813,-6.28],[106.82705,-6.28],[106.82705,-6.28041],[106.826225,-6.28082],[106.826225,-6.281367],[106.82595,-6.28164],[106.8254,-6.28164],[106.825125,-6.281367],[106.825125,-6.28082],[106.824575,-6.280683],[106.824438,-6.281367],[106.824162,-6.28164],[106.823612,-6.28164],[106.823475,-6.282187],[106.8232,-6.28246],[106.822788,-6.28246],[106.82265,-6.283144],[106.822375,-6.283417],[106.821825,-6.283417],[106.821413,-6.284237],[106.8199,-6.284374],[106.8199,-6.289431],[106.819625,-6.289705],[106.818938,-6.289842],[106.818938,-6.291208],[106.818663,-6.291482],[106.81715,-6.291618],[106.817288,-6.292165],[106.817837,-6.292165],[106.818112,-6.292439],[106.818112,-6.294762],[106.817837,-6.295036],[106.81715,-6.295172],[106.81715,-6.30105],[106.816325,-6.30146],[106.816325,-6.302007],[106.818663,-6.302143],[106.8188,-6.30146],[106.819075,-6.301186],[106.820588,-6.30105],[106.820588,-6.298726],[106.820037,-6.298589],[106.819625,-6.297769],[106.819075,-6.297769],[106.8188,-6.297496],[106.8188,-6.294352],[106.819075,-6.294079],[106.819762,-6.293942],[106.819762,-6.292439],[106.820037,-6.292165],[106.82045,-6.292165],[106.820863,-6.291345],[106.82155,-6.291208],[106.82155,-6.289842],[106.821825,-6.289568],[106.822375,-6.289568],[106.822513,-6.288885],[106.822788,-6.288611],[106.824162,-6.288611],[106.8243,-6.288065],[106.825125,-6.287655],[106.825125,-6.287108],[106.8254,-6.286834],[106.82595,-6.286834],[106.826225,-6.287108],[106.826225,-6.289431],[106.82595,-6.289705],[106.825263,-6.289842],[106.825263,-6.293942],[106.824438,-6.294352],[106.824438,-6.299273],[106.824988,-6.29941],[106.825125,-6.296129],[106.8254,-6.295856],[106.826087,-6.295719],[106.826087,-6.292439],[106.826913,-6.292029],[106.826913,-6.290662],[106.827188,-6.290388],[106.827875,-6.290252],[106.827875,-6.286151],[106.8287,-6.285741],[106.8287,-6.285331],[106.827875,-6.284921],[106.827875,-6.284374],[106.8287,-6.283964],[106.8287,-6.282597],[106.828975,-6.282324],[106.831312,-6.282324],[106.831587,-6.282597],[106.831587,-6.284921],[106.831312,-6.285194],[106.830625,-6.285331],[106.830625,-6.288475],[106.8298,-6.288885],[106.8298,-6.290252],[106.829525,-6.290525],[106.828838,-6.290662],[106.828838,-6.292029],[106.828012,-6.292439],[106.828012,-6.293942],[106.828563,-6.294079],[106.828838,-6.294352],[106.828838,-6.294762],[106.828012,-6.295172],[106.828012,-6.295719],[106.827737,-6.295992],[106.82705,-6.296129],[106.82705,-6.302827],[106.827737,-6.302963],[106.828012,-6.303237],[106.828012,-6.303783],[106.828838,-6.304193],[106.828838,-6.30556],[106.829525,-6.305697],[106.8298,-6.30597],[106.8298,-6.306517],[106.829525,-6.30679],[106.828838,-6.306927],[106.828838,-6.310071],[106.828012,-6.310481],[106.82815,-6.312941],[106.8287,-6.312804],[106.8287,-6.312258],[106.828975,-6.311984],[106.829662,-6.311848],[106.829662,-6.309524],[106.830488,-6.309114],[106.830488,-6.306927],[106.830763,-6.306654],[106.8331,-6.306654],[106.833375,-6.306927],[106.833375,-6.309114],[106.8331,-6.309387],[106.832413,-6.309524],[106.832413,-6.311848],[106.831587,-6.312258],[106.831587,-6.313624],[106.831312,-6.313898],[106.830625,-6.314035],[106.830625,-6.315401],[106.8298,-6.315811],[106.8298,-6.317315],[106.830625,-6.317725],[106.830625,-6.319092],[106.831312,-6.319228],[106.831587,-6.319502],[106.831587,-6.319912],[106.832413,-6.320322],[106.832413,-6.322645],[106.831587,-6.323055],[106.831587,-6.324422],[106.831312,-6.324695],[106.830625,-6.324832],[106.830625,-6.327156],[106.83035,-6.327429],[106.829937,-6.327429],[106.829525,-6.328249],[106.828838,-6.328386],[106.828838,-6.329889],[106.829662,-6.330026],[106.829937,-6.330846],[106.831312,-6.330846],[106.831587,-6.331119],[106.831587,-6.333443],[106.831312,-6.333716],[106.828975,-6.333716],[106.828838,-6.33522],[106.828563,-6.335493],[106.82815,-6.335493],[106.828012,-6.336176],[106.827737,-6.33645],[106.827188,-6.33645],[106.826775,-6.33727],[106.825263,-6.33727],[106.824988,-6.33645],[106.824575,-6.33645],[106.824438,-6.336996],[106.825263,-6.33727],[106.8254,-6.33891],[106.82595,-6.33891],[106.826363,-6.33809],[106.827737,-6.33809],[106.827875,-6.337406],[106.82815,-6.337133],[106.828563,-6.337133],[106.828838,-6.337406],[106.828975,-6.33809],[106.829525,-6.33809],[106.829662,-6.336586],[106.830488,-6.336176],[106.830488,-6.33563],[106.830763,-6.335356],[106.832138,-6.335356],[106.832413,-6.33563],[106.832413,-6.336996],[106.833925,-6.337133],[106.834063,-6.333853],[106.833237,-6.333443],[106.833237,-6.332896],[106.834063,-6.332486],[106.834063,-6.330163],[106.834888,-6.330026],[106.835162,-6.329069],[106.83585,-6.329069],[106.836125,-6.329343],[106.836125,-6.330846],[106.835162,-6.331119],[106.8353,-6.331803],[106.835988,-6.331666],[106.836125,-6.330846],[106.839425,-6.330846],[106.8397,-6.331119],[106.8397,-6.331666],[106.839425,-6.331939],[106.838738,-6.332076],[106.838738,-6.336176],[106.839425,-6.336313],[106.8397,-6.336586],[106.8397,-6.338773],[106.839425,-6.339046],[106.838738,-6.339183],[106.838738,-6.340687],[106.838463,-6.34096],[106.837087,-6.34096],[106.83695,-6.341507],[106.836125,-6.341917],[106.836125,-6.343283],[106.83585,-6.343557],[106.835162,-6.343693],[106.835162,-6.34424],[106.83585,-6.344377],[106.836125,-6.34465],[106.836125,-6.346017],[106.83585,-6.34629],[106.834338,-6.34629],[106.834063,-6.346017],[106.834063,-6.34547],[106.833512,-6.345333],[106.833375,-6.346973],[106.8331,-6.347247],[106.830763,-6.347247],[106.830625,-6.349707],[106.829937,-6.349844],[106.8298,-6.350527],[106.829525,-6.3508],[106.828012,-6.350937],[106.828012,-6.351347],[106.828838,-6.351757],[106.828838,-6.35244],[106.82815,-6.352577],[106.828012,-6.35326],[106.828563,-6.353397],[106.8287,-6.352577],[106.829525,-6.35244],[106.829662,-6.351757],[106.830488,-6.351347],[106.830625,-6.349707],[106.832138,-6.349707],[106.83255,-6.348887],[106.83585,-6.348887],[106.836125,-6.34916],[106.836125,-6.34957],[106.83695,-6.34998],[106.83695,-6.351347],[106.836675,-6.35162],[106.8353,-6.35162],[106.835162,-6.352304],[106.834888,-6.352577],[106.8342,-6.352714],[106.8342,-6.35859],[106.834888,-6.358727],[106.835162,-6.359],[106.8353,-6.359684],[106.836675,-6.359684],[106.83695,-6.359957],[106.83695,-6.361324],[106.836125,-6.361734],[106.836125,-6.364057],[106.838463,-6.364194],[106.838738,-6.364467],[106.838738,-6.366654],[106.837913,-6.367064],[106.837913,-6.36843],[106.837637,-6.368704],[106.8353,-6.368704],[106.835162,-6.369387],[106.834888,-6.36966],[106.8342,-6.369797],[106.8342,-6.371164],[106.834888,-6.3713],[106.835162,-6.371574],[106.8353,-6.372257],[106.836675,-6.372257],[106.836813,-6.371574],[106.837087,-6.3713],[106.837637,-6.3713],[106.837913,-6.371574],[106.837913,-6.37212],[106.838463,-6.372257],[106.838875,-6.373077],[106.839425,-6.373077],[106.8397,-6.37335],[106.8397,-6.373897],[106.84025,-6.374034],[106.840525,-6.374307],[106.840525,-6.374717],[106.84025,-6.37499],[106.838875,-6.37499],[106.838738,-6.375674],[106.838463,-6.375947],[106.83695,-6.376084],[106.83695,-6.37745],[106.836125,-6.37786],[106.836125,-6.379227],[106.83585,-6.3795],[106.8353,-6.3795],[106.835162,-6.380184],[106.834888,-6.380457],[106.834338,-6.380457],[106.8342,-6.381004],[106.833375,-6.381414],[106.833375,-6.38196],[106.8331,-6.382234],[106.830625,-6.38237],[106.830625,-6.383737],[106.831312,-6.383873],[106.831587,-6.384147],[106.831587,-6.389203],[106.831312,-6.389477],[106.829937,-6.389477],[106.829525,-6.390297],[106.828012,-6.390433],[106.828012,-6.393713],[106.828838,-6.394123],[106.828838,-6.39549],[106.828012,-6.3959],[106.828012,-6.397266],[106.828838,-6.397676],[106.828838,-6.398086],[106.828012,-6.398496],[106.828012,-6.399999],[106.828838,-6.400409],[106.828838,-6.401776],[106.828563,-6.402049],[106.827188,-6.402049],[106.82705,-6.402596],[106.826775,-6.402869],[106.826363,-6.402869],[106.826225,-6.403552],[106.82595,-6.403826],[106.8254,-6.403826],[106.824988,-6.404646],[106.822788,-6.404646],[106.82265,-6.405329],[106.822375,-6.405602],[106.820037,-6.405602],[106.8199,-6.406286],[106.819625,-6.406559],[106.819075,-6.406559],[106.818663,-6.407379],[106.817288,-6.407379],[106.81715,-6.409019],[106.816325,-6.409292],[106.816325,-6.411615],[106.81715,-6.412025],[106.81715,-6.413392],[106.816325,-6.413802],[106.816325,-6.414348],[106.816875,-6.414485],[106.81715,-6.414758],[106.81715,-6.415168],[106.817837,-6.415305],[106.818112,-6.415578],[106.818112,-6.416125],[106.818938,-6.416535],[106.818938,-6.417901],[106.818112,-6.418311],[106.818112,-6.418858],[106.817837,-6.419131],[106.81715,-6.419268],[106.81715,-6.420634],[106.817837,-6.420771],[106.818112,-6.421044],[106.818112,-6.421454],[106.818938,-6.421864],[106.818938,-6.422411],[106.818112,-6.422821],[106.818112,-6.423367],[106.817837,-6.423641],[106.81715,-6.423777],[106.81715,-6.425964],[106.816875,-6.426237],[106.814675,-6.426237],[106.814538,-6.42692],[106.814262,-6.427193],[106.813575,-6.42733],[106.813575,-6.432249],[106.81275,-6.432659],[106.81275,-6.433206],[106.812475,-6.433479],[106.811788,-6.433616],[106.811788,-6.435939],[106.812475,-6.436076],[106.81275,-6.436349],[106.81275,-6.438535],[106.812475,-6.438809],[106.811788,-6.438945],[106.811788,-6.442225],[106.811513,-6.442498],[106.8111,-6.442498],[106.810688,-6.443318],[106.81,-6.443455],[106.81,-6.444001],[106.810688,-6.444138],[106.810963,-6.444411],[106.810963,-6.444821],[106.811788,-6.445231],[106.811788,-6.446734],[106.812475,-6.446871],[106.81275,-6.447144],[106.81275,-6.447554],[106.813575,-6.447964],[106.813575,-6.45384],[106.81275,-6.454249],[106.81275,-6.454796],[106.813575,-6.455206],[106.813575,-6.457392],[106.814262,-6.457529],[106.814538,-6.457802],[106.814538,-6.459305],[106.814262,-6.459579],[106.813575,-6.459715],[106.813575,-6.461082],[106.814262,-6.461218],[106.814538,-6.461491],[106.814538,-6.465591],[106.814262,-6.465864],[106.813575,-6.466001],[106.813575,-6.467367],[106.814262,-6.467504],[106.814538,-6.467777],[106.814538,-6.472696],[106.815363,-6.473106],[106.815363,-6.476385],[106.814538,-6.476795],[106.814538,-6.478161],[106.814262,-6.478435],[106.813575,-6.478571],[106.813575,-6.48349],[106.8133,-6.483763],[106.812888,-6.483763],[106.812475,-6.482944],[106.811788,-6.48308],[106.811788,-6.486223],[106.812475,-6.48636],[106.81275,-6.486633],[106.81275,-6.487043],[106.813575,-6.487453],[106.813575,-6.488956],[106.8133,-6.489229],[106.811925,-6.489229],[106.81165,-6.488956],[106.811513,-6.488272],[106.810137,-6.488272],[106.809863,-6.487999],[106.809725,-6.487316],[106.80835,-6.487316],[106.808212,-6.487999],[106.807938,-6.488272],[106.80725,-6.488409],[106.80725,-6.489775],[106.806425,-6.490185],[106.806425,-6.495241],[106.80615,-6.495514],[106.803813,-6.495514],[106.8034,-6.496334],[106.802025,-6.496334],[106.801888,-6.49975],[106.801613,-6.500023],[106.79845,-6.500023],[106.798313,-6.500569],[106.797488,-6.500979],[106.797488,-6.502345],[106.797213,-6.502619],[106.796525,-6.502755],[106.796525,-6.505078],[106.797213,-6.505215],[106.797488,-6.505488],[106.797488,-6.507811],[106.797213,-6.508084],[106.796662,-6.508084],[106.796525,-6.50863],[106.797213,-6.508767],[106.797488,-6.50904],[106.797488,-6.509587],[106.798313,-6.509997],[106.798313,-6.511363],[106.797488,-6.511773],[106.797488,-6.512319],[106.797213,-6.512593],[106.796525,-6.512729],[106.796525,-6.514915],[106.797213,-6.515052],[106.797488,-6.515325],[106.797625,-6.516008],[106.799,-6.516008],[106.799275,-6.516282],[106.799275,-6.516691],[106.8001,-6.517101],[106.8001,-6.517648],[106.800787,-6.517784],[106.801063,-6.518058],[106.801063,-6.519424],[106.801888,-6.519834],[106.802025,-6.520517],[106.802575,-6.520517],[106.80285,-6.52079],[106.80285,-6.524889],[106.803675,-6.525299],[106.803675,-6.526665],[106.805188,-6.526802],[106.805463,-6.527075],[106.805463,-6.527485],[106.805188,-6.527758],[106.803813,-6.527758],[106.803675,-6.528441],[106.80285,-6.528851],[106.80285,-6.529397],[106.802575,-6.529671],[106.801888,-6.529807],[106.802025,-6.530354],[106.802575,-6.530354],[106.80285,-6.530627],[106.80285,-6.53295],[106.802575,-6.533223],[106.8012,-6.533223],[106.801063,-6.533769],[106.801888,-6.534179],[106.801888,-6.535682],[106.802575,-6.535819],[106.80285,-6.536092],[106.80285,-6.537458],[106.802575,-6.537731],[106.802025,-6.537731],[106.801888,-6.538278],[106.801063,-6.538688],[106.801063,-6.540054],[106.800787,-6.540327],[106.8001,-6.540464],[106.8001,-6.541967],[106.799275,-6.542376],[106.799275,-6.542786],[106.8001,-6.543196],[106.8001,-6.547295],[106.800787,-6.547431],[106.801063,-6.547705],[106.801063,-6.552623],[106.804362,-6.552759],[106.804637,-6.553033],[106.804637,-6.553579],[106.805463,-6.553989],[106.805463,-6.555355],[106.80615,-6.555492],[106.806425,-6.555765],[106.806425,-6.557131],[106.80725,-6.557541],[106.80725,-6.559863],[106.81165,-6.559863],[106.81165,-6.557541],[106.810137,-6.557404],[106.809863,-6.557131],[106.809863,-6.555765],[106.809313,-6.555628],[106.8089,-6.554809],[106.807388,-6.554809],[106.807113,-6.554535],[106.807113,-6.553989],[106.806287,-6.553579],[106.806287,-6.552213],[106.8056,-6.552076],[106.805325,-6.551803],[106.805188,-6.55112],[106.803813,-6.55112],[106.803538,-6.550847],[106.803538,-6.548661],[106.803813,-6.548388],[106.804362,-6.548388],[106.8045,-6.547705],[106.803813,-6.547568],[106.803538,-6.547295],[106.803538,-6.546748],[106.802712,-6.546338],[106.802712,-6.542376],[106.803538,-6.541967],[106.803538,-6.54142],[106.803813,-6.541147],[106.8045,-6.54101],[106.8045,-6.540464],[106.803813,-6.540327],[106.803538,-6.540054],[106.803538,-6.538688],[106.803813,-6.538414],[106.805188,-6.538414],[106.805325,-6.536912],[106.8056,-6.536638],[106.806287,-6.536502],[106.80615,-6.535955],[106.8056,-6.535955],[106.805325,-6.535682],[106.805325,-6.53336],[106.8056,-6.533086],[106.806287,-6.53295],[106.806287,-6.531583],[106.8056,-6.531447],[106.805325,-6.531174],[106.805325,-6.529807],[106.8056,-6.529534],[106.80615,-6.529534],[106.806287,-6.528851],[106.806562,-6.528578],[106.807938,-6.528578],[106.808075,-6.527075],[106.807388,-6.526938],[106.807113,-6.526665],[106.807113,-6.526119],[106.806562,-6.525982],[106.80615,-6.525162],[106.8056,-6.525162],[106.805325,-6.524889],[106.805325,-6.52079],[106.8045,-6.52038],[106.8045,-6.519014],[106.805325,-6.518604],[106.805325,-6.516282],[106.8045,-6.515872],[106.804362,-6.515189],[106.802988,-6.515189],[106.80285,-6.515872],[106.802575,-6.516145],[106.802025,-6.516145],[106.80175,-6.515872],[106.80175,-6.513549],[106.800925,-6.513139],[106.800925,-6.508221],[106.800238,-6.508084],[106.799963,-6.507811],[106.799963,-6.507264],[106.799138,-6.506854],[106.799138,-6.505488],[106.799413,-6.505215],[106.800925,-6.505078],[106.800925,-6.501936],[106.80175,-6.501526],[106.80175,-6.500979],[106.802025,-6.500706],[106.803538,-6.500569],[106.803538,-6.499203],[106.803813,-6.49893],[106.804362,-6.49893],[106.8045,-6.498247],[106.804775,-6.497973],[106.806975,-6.497973],[106.807388,-6.497154],[106.808075,-6.497017],[106.808075,-6.495651],[106.80835,-6.495377],[106.809038,-6.495241],[106.809038,-6.492918],[106.809313,-6.492645],[106.809725,-6.492645],[106.809863,-6.491962],[106.810137,-6.491688],[106.810688,-6.491688],[106.8111,-6.490868],[106.81165,-6.490732],[106.81165,-6.490185],[106.811925,-6.489912],[106.812475,-6.489912],[106.81275,-6.490185],[106.812888,-6.490868],[106.815225,-6.490732],[106.815225,-6.485676],[106.814675,-6.48554],[106.8144,-6.485266],[106.8144,-6.484857],[106.815225,-6.484447],[106.815225,-6.4839],[106.8155,-6.483627],[106.816187,-6.48349],[106.816187,-6.482124],[106.8155,-6.481987],[106.815225,-6.481714],[106.815225,-6.479391],[106.8155,-6.479118],[106.816187,-6.478981],[106.816187,-6.474062],[106.816463,-6.473789],[106.816875,-6.473789],[106.81715,-6.474062],[106.81715,-6.476385],[106.817837,-6.476522],[106.818112,-6.476795],[106.818112,-6.477205],[106.818938,-6.477615],[106.818938,-6.48349],[106.818112,-6.4839],[106.818112,-6.488956],[106.818663,-6.489092],[106.8188,-6.488409],[106.819075,-6.488136],[106.82045,-6.488136],[106.820725,-6.488409],[106.820725,-6.489775],[106.8199,-6.490185],[106.8199,-6.49606],[106.819625,-6.496334],[106.818938,-6.49647],[106.818938,-6.497837],[106.818112,-6.498247],[106.818112,-6.498793],[106.817837,-6.499066],[106.81715,-6.499203],[106.81715,-6.49975],[106.816875,-6.500023],[106.816325,-6.500159],[106.816325,-6.510407],[106.81605,-6.51068],[106.814675,-6.51068],[106.814538,-6.511363],[106.815363,-6.511773],[106.815363,-6.512456],[106.813713,-6.512593],[106.813575,-6.513139],[106.814262,-6.513276],[106.814538,-6.513549],[106.814675,-6.515052],[106.81605,-6.515052],[106.816187,-6.514505],[106.8155,-6.514369],[106.815225,-6.514096],[106.815225,-6.512593],[106.816875,-6.512456],[106.81715,-6.512729],[106.81715,-6.515872],[106.817837,-6.516008],[106.818112,-6.516282],[106.818112,-6.518604],[106.819625,-6.518741],[106.8199,-6.519014],[106.8199,-6.519424],[106.819625,-6.519697],[106.818938,-6.519834],[106.818938,-6.523933],[106.818112,-6.524342],[106.818112,-6.524889],[106.818663,-6.525026],[106.818938,-6.525299],[106.818938,-6.525709],[106.818112,-6.526119],[106.818112,-6.527485],[106.818938,-6.527895],[106.819075,-6.528578],[106.819762,-6.528441],[106.819762,-6.523386],[106.820588,-6.522976],[106.820588,-6.519834],[106.820863,-6.519561],[106.821413,-6.519561],[106.821687,-6.519834],[106.821687,-6.522156],[106.8232,-6.522293],[106.823475,-6.522566],[106.823475,-6.524889],[106.8232,-6.525162],[106.821825,-6.525162],[106.821687,-6.526665],[106.822375,-6.526802],[106.822788,-6.527621],[106.824162,-6.527621],[106.824438,-6.527895],[106.824438,-6.528441],[106.824162,-6.528714],[106.823475,-6.528851],[106.823475,-6.530217],[106.82265,-6.530627],[106.82265,-6.531174],[106.823475,-6.531583],[106.823475,-6.533769],[106.82265,-6.534179],[106.82265,-6.534726],[106.822375,-6.534999],[106.821687,-6.535136],[106.821687,-6.535682],[106.821413,-6.535955],[106.820725,-6.536092],[106.820725,-6.540054],[106.8199,-6.540464],[106.8199,-6.541967],[106.821413,-6.542103],[106.821687,-6.542376],[106.821687,-6.544562],[106.822375,-6.544699],[106.82265,-6.544972],[106.82265,-6.548251],[106.822375,-6.548524],[106.821687,-6.548661],[106.821687,-6.551803],[106.822375,-6.55194],[106.82265,-6.552213],[106.82265,-6.552623],[106.822375,-6.552896],[106.821687,-6.553033],[106.821687,-6.554535],[106.821413,-6.554809],[106.820725,-6.554945],[106.820725,-6.557131],[106.821413,-6.557268],[106.821687,-6.557541],[106.821687,-6.558224],[106.820725,-6.558497],[106.820725,-6.559863],[106.822513,-6.559863],[106.822375,-6.559317],[106.821825,-6.559317],[106.82155,-6.559044],[106.82155,-6.558361],[106.822513,-6.558087],[106.822513,-6.555765],[106.822788,-6.555492],[106.8232,-6.555492],[106.823475,-6.555765],[106.823612,-6.557268],[106.824988,-6.557268],[106.825263,-6.557541],[106.825263,-6.558087],[106.824988,-6.558361],[106.823475,-6.558497],[106.823475,-6.559863],[106.825125,-6.559863],[106.825125,-6.559454],[106.8254,-6.55918],[106.82595,-6.55918],[106.826225,-6.559454],[106.826225,-6.559863],[106.826913,-6.559863],[106.826913,-6.558497],[106.826087,-6.558087],[106.826087,-6.555765],[106.826913,-6.555355],[106.826913,-6.553989],[106.827188,-6.553716],[106.827737,-6.553716],[106.828012,-6.553989],[106.82815,-6.554672],[106.829662,-6.554535],[106.829662,-6.553033],[106.828975,-6.552896],[106.8287,-6.552623],[106.8287,-6.552213],[106.828975,-6.55194],[106.829662,-6.551803],[106.829662,-6.550437],[106.828975,-6.5503],[106.8287,-6.550027],[106.828563,-6.549344],[106.826363,-6.549344],[106.826087,-6.549071],[106.826087,-6.547705],[106.8254,-6.547568],[106.825125,-6.547295],[106.825125,-6.546748],[106.8243,-6.546338],[106.8243,-6.545929],[106.825125,-6.545519],[106.825125,-6.543196],[106.824575,-6.54306],[106.824162,-6.54224],[106.822788,-6.54224],[106.822513,-6.541967],[106.822513,-6.539644],[106.823338,-6.539234],[106.823338,-6.537868],[106.823612,-6.537595],[106.8243,-6.537458],[106.8243,-6.536912],[106.823612,-6.536775],[106.823338,-6.536502],[106.823338,-6.536092],[106.823612,-6.535819],[106.825125,-6.535682],[106.825125,-6.530627],[106.8254,-6.530354],[106.826913,-6.530217],[106.826913,-6.524342],[106.826087,-6.523933],[106.826087,-6.522566],[106.8254,-6.52243],[106.825125,-6.522156],[106.825125,-6.519834],[106.823612,-6.519697],[106.823338,-6.519424],[106.823338,-6.517101],[106.823612,-6.516828],[106.8243,-6.516691],[106.8243,-6.515325],[106.822788,-6.515189],[106.822513,-6.514915],[106.822375,-6.513412],[106.820863,-6.513412],[106.820725,-6.514096],[106.82045,-6.514369],[106.819075,-6.514369],[106.8188,-6.514096],[106.8188,-6.513549],[106.819075,-6.513276],[106.819625,-6.513276],[106.819762,-6.512729],[106.819075,-6.512593],[106.8188,-6.512319],[106.8188,-6.511773],[106.817975,-6.511363],[106.817975,-6.510816],[106.8188,-6.510407],[106.8188,-6.509997],[106.817975,-6.509587],[106.817975,-6.508221],[106.8188,-6.507811],[106.8188,-6.504532],[106.817975,-6.504122],[106.817975,-6.501936],[106.8188,-6.501526],[106.8188,-6.500979],[106.819075,-6.500706],[106.819762,-6.500569],[106.819762,-6.499203],[106.820588,-6.498793],[106.820588,-6.498247],[106.820863,-6.497973],[106.82155,-6.497837],[106.82155,-6.491962],[106.821825,-6.491688],[106.822375,-6.491688],[106.822513,-6.491142],[106.823338,-6.490732],[106.823338,-6.487453],[106.822513,-6.487043],[106.822513,-6.485676],[106.823338,-6.485266],[106.823338,-6.482124],[106.822513,-6.481714],[106.822513,-6.480348],[106.821825,-6.480211],[106.82155,-6.479938],[106.82155,-6.478571],[106.821825,-6.478298],[106.822513,-6.478161],[106.822513,-6.475839],[106.823338,-6.475429],[106.823338,-6.474062],[106.821825,-6.473926],[106.82155,-6.473652],[106.821413,-6.472969],[106.819075,-6.472969],[106.818663,-6.472149],[106.817288,-6.472149],[106.817013,-6.471876],[106.817013,-6.47133],[106.816187,-6.47092],[106.816187,-6.469553],[106.817013,-6.469143],[106.817013,-6.468597],[106.817288,-6.468323],[106.818663,-6.468323],[106.818938,-6.468597],[106.818938,-6.469963],[106.819625,-6.4701],[106.819762,-6.467777],[106.819075,-6.46764],[106.8188,-6.467367],[106.8188,-6.46682],[106.817975,-6.466411],[106.817975,-6.464088],[106.816463,-6.463951],[106.816187,-6.463678],[106.816187,-6.456982],[106.8155,-6.456846],[106.815225,-6.456572],[106.815225,-6.456026],[106.8144,-6.455616],[106.8144,-6.45343],[106.815225,-6.45302],[106.815225,-6.452473],[106.8155,-6.4522],[106.816187,-6.452063],[106.816187,-6.44892],[106.8155,-6.448784],[106.815225,-6.44851],[106.815225,-6.447144],[106.8144,-6.446734],[106.814262,-6.446051],[106.813713,-6.446051],[106.813438,-6.445778],[106.813438,-6.444411],[106.813713,-6.444138],[106.8144,-6.444001],[106.8144,-6.441678],[106.813713,-6.441542],[106.813438,-6.441268],[106.813438,-6.440722],[106.813713,-6.440448],[106.8144,-6.440312],[106.8144,-6.434436],[106.814675,-6.434163],[106.815088,-6.434163],[106.8155,-6.433343],[106.81605,-6.433343],[106.816187,-6.432659],[106.816463,-6.432386],[106.816875,-6.432386],[106.817288,-6.431566],[106.817975,-6.43143],[106.817837,-6.430746],[106.8155,-6.430746],[106.815225,-6.430473],[106.815225,-6.429107],[106.8155,-6.428833],[106.81605,-6.428833],[106.816325,-6.429107],[106.816463,-6.42979],[106.817837,-6.42979],[106.817975,-6.429107],[106.8188,-6.428697],[106.8188,-6.42733],[106.819075,-6.427057],[106.819762,-6.42692],[106.819762,-6.426374],[106.819075,-6.426237],[106.8188,-6.425964],[106.8188,-6.424597],[106.819075,-6.424324],[106.819625,-6.424324],[106.820037,-6.423504],[106.821413,-6.423504],[106.82155,-6.422821],[106.821825,-6.422547],[106.822513,-6.422411],[106.822513,-6.421864],[106.821825,-6.421727],[106.82155,-6.421454],[106.82155,-6.421044],[106.820863,-6.420907],[106.820588,-6.420634],[106.820588,-6.420088],[106.819762,-6.419678],[106.819762,-6.419268],[106.820588,-6.418858],[106.820588,-6.415578],[106.819762,-6.415168],[106.819762,-6.412025],[106.820588,-6.411615],[106.820588,-6.410249],[106.820863,-6.409975],[106.82155,-6.409839],[106.82155,-6.407515],[106.821825,-6.407242],[106.824162,-6.407242],[106.824575,-6.406422],[106.824988,-6.406422],[106.8254,-6.407242],[106.82595,-6.407242],[106.826225,-6.407515],[106.826363,-6.408199],[106.826913,-6.408062],[106.826913,-6.407515],[106.827188,-6.407242],[106.829525,-6.407242],[106.829662,-6.403962],[106.829937,-6.403689],[106.83035,-6.403689],[106.830763,-6.404509],[106.831312,-6.404509],[106.831587,-6.404782],[106.831587,-6.407105],[106.832413,-6.407515],[106.832413,-6.408062],[106.832138,-6.408335],[106.831725,-6.408335],[106.831587,-6.408882],[106.832413,-6.409292],[106.83255,-6.409975],[106.8331,-6.409975],[106.833375,-6.410249],[106.833375,-6.412572],[106.8331,-6.412845],[106.83255,-6.412845],[106.832275,-6.412572],[106.832275,-6.412025],[106.831725,-6.411888],[106.831587,-6.414348],[106.831312,-6.414621],[106.829937,-6.414621],[106.829525,-6.415441],[106.828975,-6.415441],[106.828838,-6.416125],[106.828012,-6.416535],[106.828012,-6.418858],[106.827737,-6.419131],[106.826225,-6.419268],[106.826225,-6.419678],[106.82705,-6.420088],[106.82705,-6.425144],[106.827737,-6.42528],[106.828012,-6.425554],[106.828012,-6.425964],[106.827737,-6.426237],[106.827188,-6.426237],[106.82705,-6.42692],[106.826775,-6.427193],[106.826363,-6.427193],[106.826225,-6.42774],[106.82705,-6.42815],[106.827188,-6.428833],[106.827737,-6.428833],[106.828012,-6.429107],[106.828012,-6.432249],[106.827737,-6.432523],[106.826363,-6.432523],[106.826225,-6.433206],[106.82595,-6.433479],[106.8254,-6.433479],[106.825263,-6.434026],[106.824438,-6.434436],[106.824438,-6.438535],[106.824162,-6.438809],[106.823475,-6.438945],[106.823475,-6.441405],[106.82265,-6.441678],[106.82265,-6.444821],[106.823338,-6.444821],[106.823338,-6.441542],[106.8243,-6.441268],[106.8243,-6.439902],[106.824575,-6.439628],[106.824988,-6.439628],[106.825263,-6.439902],[106.8254,-6.441405],[106.826775,-6.441405],[106.82705,-6.441678],[106.82705,-6.442225],[106.826775,-6.442498],[106.826363,-6.442498],[106.82595,-6.443318],[106.825263,-6.443455],[106.8254,-6.444958],[106.82595,-6.444958],[106.826087,-6.444411],[106.826363,-6.444138],[106.826775,-6.444138],[106.826913,-6.443455],[106.827188,-6.443181],[106.827737,-6.443181],[106.82815,-6.442361],[106.831312,-6.442361],[106.831587,-6.442635],[106.831587,-6.444001],[106.832413,-6.444411],[106.832413,-6.444821],[106.832138,-6.445094],[106.830625,-6.445231],[106.830625,-6.445778],[106.831312,-6.445914],[106.831587,-6.446187],[106.831587,-6.446734],[106.831312,-6.447007],[106.830625,-6.447144],[106.830625,-6.44851],[106.83035,-6.448784],[106.828012,-6.44892],[106.828012,-6.44933],[106.828838,-6.44974],[106.828838,-6.450287],[106.829525,-6.450423],[106.8298,-6.450697],[106.829937,-6.4522],[106.830488,-6.452063],[106.830488,-6.451517],[106.830763,-6.451243],[106.832138,-6.451243],[106.832413,-6.451517],[106.832413,-6.452063],[106.832138,-6.452336],[106.831725,-6.452336],[106.831587,-6.45302],[106.831312,-6.453293],[106.830763,-6.453293],[106.83035,-6.454113],[106.828975,-6.454113],[106.828838,-6.454796],[106.828012,-6.455206],[106.828012,-6.455616],[106.828838,-6.456026],[106.828975,-6.456709],[106.83035,-6.456709],[106.830625,-6.456982],[106.830625,-6.457392],[106.831312,-6.457529],[106.831587,-6.457802],[106.831587,-6.458349],[106.832413,-6.458759],[106.832413,-6.459305],[106.831587,-6.459715],[106.831587,-6.461082],[106.832413,-6.461491],[106.832413,-6.461901],[106.831587,-6.462311],[106.831587,-6.464634],[106.831312,-6.464907],[106.830763,-6.464907],[106.830625,-6.465591],[106.83035,-6.465864],[106.829937,-6.465864],[106.829525,-6.466684],[106.828838,-6.46682],[106.828838,-6.467367],[106.832138,-6.467504],[106.83255,-6.468323],[106.8331,-6.468323],[106.833375,-6.468597],[106.833512,-6.46928],[106.833925,-6.46928],[106.834063,-6.468597],[106.834338,-6.468323],[106.834888,-6.468323],[106.8353,-6.467504],[106.835988,-6.467504],[106.836263,-6.468323],[106.837913,-6.46846],[106.837913,-6.469143],[106.837637,-6.469417],[106.836125,-6.469553],[106.836125,-6.47092],[106.83585,-6.471193],[106.834338,-6.471193],[106.8342,-6.471876],[106.833925,-6.472149],[106.833237,-6.472013],[106.833237,-6.470373],[106.832413,-6.470373],[106.832413,-6.472013],[106.831587,-6.472286],[106.831587,-6.475429],[106.831312,-6.475702],[106.830625,-6.475839],[106.830625,-6.476385],[106.831312,-6.476522],[106.831587,-6.476795],[106.831587,-6.478161],[106.8331,-6.478298],[106.833375,-6.478571],[106.833375,-6.479938],[106.8331,-6.480211],[106.83255,-6.480211],[106.832275,-6.479938],[106.832275,-6.479391],[106.831725,-6.479255],[106.831587,-6.479938],[106.831312,-6.480211],[106.830625,-6.480348],[106.830763,-6.480894],[106.832138,-6.480894],[106.832413,-6.481167],[106.832413,-6.486223],[106.833237,-6.486223],[106.833237,-6.484857],[106.834063,-6.484447],[106.834063,-6.4839],[106.833237,-6.48349],[106.833237,-6.481167],[106.833512,-6.480894],[106.833925,-6.480894],[106.834338,-6.480074],[106.83585,-6.480074],[106.836125,-6.480348],[106.836125,-6.480757],[106.83585,-6.481031],[106.835162,-6.481167],[106.8353,-6.482807],[106.83585,-6.482807],[106.836263,-6.483627],[106.838463,-6.483627],[106.838738,-6.4839],[106.838738,-6.485266],[106.837913,-6.485676],[106.837913,-6.487043],[106.837637,-6.487316],[106.83695,-6.487453],[106.83695,-6.490868],[106.836125,-6.491142],[106.836263,-6.497154],[106.836813,-6.497017],[106.836813,-6.491005],[106.837775,-6.490732],[106.837775,-6.488409],[106.83805,-6.488136],[106.838463,-6.488136],[106.838738,-6.488409],[106.838875,-6.489092],[106.840388,-6.488956],[106.840388,-6.488409],[106.839562,-6.487999],[106.839562,-6.487453],[106.838875,-6.487316],[106.8386,-6.487043],[106.8386,-6.486633],[106.838875,-6.48636],[106.839425,-6.48636],[106.839562,-6.485676],[106.840388,-6.485266],[106.840388,-6.4839],[106.839838,-6.483763],[106.839425,-6.482944],[106.838875,-6.482944],[106.8386,-6.48267],[106.838463,-6.481031],[106.837087,-6.481031],[106.836813,-6.480757],[106.836813,-6.478571],[106.836263,-6.478435],[106.835988,-6.478161],[106.835988,-6.477615],[106.8353,-6.477478],[106.834888,-6.476658],[106.834338,-6.476658],[106.834063,-6.476385],[106.834063,-6.475839],[106.834338,-6.475565],[106.837637,-6.475565],[106.837775,-6.474062],[106.836263,-6.473926],[106.835988,-6.473652],[106.835988,-6.472286],[106.836263,-6.472013],[106.837637,-6.472013],[106.837775,-6.47133],[106.83805,-6.471056],[106.839425,-6.471056],[106.8397,-6.47133],[106.8397,-6.471876],[106.84025,-6.472013],[106.840388,-6.47133],[106.840663,-6.471056],[106.84135,-6.47092],[106.84135,-6.469553],[106.840525,-6.469417],[106.84025,-6.46846],[106.837913,-6.46846],[106.837637,-6.46764],[106.836125,-6.46764],[106.83585,-6.466684],[106.833512,-6.466684],[106.833237,-6.466411],[106.833237,-6.466001],[106.833512,-6.465727],[106.834888,-6.465727],[106.835025,-6.464088],[106.8353,-6.463814],[106.835988,-6.463678],[106.83585,-6.463131],[106.8353,-6.463131],[106.835025,-6.462858],[106.834888,-6.462175],[106.834338,-6.462175],[106.834063,-6.461901],[106.834063,-6.457802],[106.834338,-6.457529],[106.835025,-6.457392],[106.835025,-6.456026],[106.8353,-6.455753],[106.83585,-6.455753],[106.835988,-6.455206],[106.836813,-6.454796],[106.836813,-6.454249],[106.835988,-6.45384],[106.835988,-6.452473],[106.834338,-6.452336],[106.834063,-6.452063],[106.834063,-6.451517],[106.834338,-6.451243],[106.835025,-6.451107],[106.834888,-6.45056],[106.834338,-6.45056],[106.834063,-6.450287],[106.834063,-6.44974],[106.834338,-6.449467],[106.837775,-6.449467],[106.837913,-6.450287],[106.838463,-6.450423],[106.838875,-6.451243],[106.839562,-6.451107],[106.839562,-6.44974],[106.837913,-6.449604],[106.837775,-6.447964],[106.835988,-6.447691],[106.835988,-6.447144],[106.836813,-6.446734],[106.836813,-6.446187],[106.835988,-6.445778],[106.835988,-6.443455],[106.834338,-6.443318],[106.834063,-6.443045],[106.834063,-6.441678],[106.833237,-6.441268],[106.8331,-6.439765],[106.829937,-6.439765],[106.829662,-6.439492],[106.829525,-6.438809],[106.82815,-6.438809],[106.827875,-6.438535],[106.827875,-6.436349],[106.827188,-6.436212],[106.826913,-6.435939],[106.826913,-6.434436],[106.827188,-6.434163],[106.8287,-6.434026],[106.8287,-6.432659],[106.828975,-6.432386],[106.829662,-6.432249],[106.829662,-6.430883],[106.830488,-6.430473],[106.830488,-6.430063],[106.829662,-6.429653],[106.829662,-6.423777],[106.829937,-6.423504],[106.831312,-6.423504],[106.831587,-6.422547],[106.833237,-6.422411],[106.833237,-6.421044],[106.83255,-6.420907],[106.832275,-6.420634],[106.832275,-6.420088],[106.83255,-6.419814],[106.8331,-6.419814],[106.833237,-6.419268],[106.834063,-6.418858],[106.834063,-6.417491],[106.834338,-6.417218],[106.835988,-6.417081],[106.835988,-6.415578],[106.836813,-6.415168],[106.836813,-6.412982],[106.835988,-6.412572],[106.835988,-6.412025],[106.836813,-6.411615],[106.836813,-6.410249],[106.836263,-6.410112],[106.835988,-6.409839],[106.835988,-6.409292],[106.8353,-6.409155],[106.834888,-6.408335],[106.834338,-6.408335],[106.834063,-6.408062],[106.834063,-6.406695],[106.834338,-6.406422],[106.834888,-6.406422],[106.835025,-6.405739],[106.833512,-6.405602],[106.833237,-6.405329],[106.833237,-6.403962],[106.831725,-6.403826],[106.83145,-6.403552],[106.83145,-6.402186],[106.832275,-6.401776],[106.832275,-6.399453],[106.83145,-6.399043],[106.831312,-6.398359],[106.830763,-6.398359],[106.830488,-6.398086],[106.830488,-6.39672],[106.830763,-6.396446],[106.832275,-6.39631],[106.832275,-6.394123],[106.830763,-6.393986],[106.830488,-6.393713],[106.830488,-6.393166],[106.830763,-6.392893],[106.832138,-6.392893],[106.832275,-6.39221],[106.83255,-6.391936],[106.833237,-6.3918],[106.833237,-6.390433],[106.834063,-6.390023],[106.834063,-6.387837],[106.833237,-6.387427],[106.833237,-6.384147],[106.833512,-6.383873],[106.833925,-6.383873],[106.834338,-6.383053],[106.83585,-6.383053],[106.835988,-6.38237],[106.836263,-6.382097],[106.837637,-6.382097],[106.837775,-6.381414],[106.83805,-6.38114],[106.839425,-6.38114],[106.839562,-6.379637],[106.839838,-6.379364],[106.840525,-6.3795],[106.840663,-6.38114],[106.841212,-6.38114],[106.841625,-6.38032],[106.842038,-6.38032],[106.842313,-6.380594],[106.842313,-6.38196],[106.841487,-6.38237],[106.841487,-6.383737],[106.841212,-6.38401],[106.840525,-6.384147],[106.840388,-6.384967],[106.8397,-6.385103],[106.8397,-6.385513],[106.84025,-6.38565],[106.840525,-6.38483],[106.841212,-6.38483],[106.841487,-6.385103],[106.841487,-6.385513],[106.842313,-6.385923],[106.842313,-6.388247],[106.842038,-6.38852],[106.840663,-6.38852],[106.840525,-6.390023],[106.84025,-6.390297],[106.83805,-6.390297],[106.837913,-6.39098],[106.839425,-6.391116],[106.8397,-6.39139],[106.8397,-6.393713],[106.839425,-6.393986],[106.838738,-6.394123],[106.838738,-6.39549],[106.839425,-6.395626],[106.839562,-6.394943],[106.839838,-6.39467],[106.84025,-6.39467],[106.840525,-6.394943],[106.840525,-6.397266],[106.8397,-6.397676],[106.8397,-6.399043],[106.84025,-6.399179],[106.840525,-6.399453],[106.840525,-6.399999],[106.841212,-6.400136],[106.841487,-6.400409],[106.841487,-6.400819],[106.842313,-6.401229],[106.84245,-6.401913],[106.843,-6.401913],[106.843275,-6.402186],[106.843275,-6.403552],[106.843,-6.403826],[106.84245,-6.403826],[106.842313,-6.404372],[106.843,-6.404509],[106.843275,-6.404782],[106.843412,-6.406422],[106.843963,-6.406286],[106.843963,-6.402186],[106.844238,-6.401913],[106.844787,-6.401913],[106.844925,-6.401229],[106.844238,-6.401093],[106.843963,-6.400819],[106.843963,-6.400409],[106.843137,-6.399999],[106.843137,-6.399453],[106.84245,-6.399316],[106.842175,-6.399043],[106.842175,-6.39672],[106.84245,-6.396446],[106.843,-6.396446],[106.843275,-6.39672],[106.843275,-6.397266],[106.843825,-6.397403],[106.843963,-6.39672],[106.844238,-6.396446],[106.844925,-6.39631],[106.844787,-6.395763],[106.843412,-6.395763],[106.843137,-6.39549],[106.843137,-6.394123],[106.843963,-6.393713],[106.8441,-6.392893],[106.844925,-6.392756],[106.844925,-6.388657],[106.8452,-6.388383],[106.846575,-6.388383],[106.846712,-6.387837],[106.847538,-6.387427],[106.847538,-6.38688],[106.847813,-6.386607],[106.8485,-6.38647],[106.8485,-6.385923],[106.847813,-6.385787],[106.847538,-6.385513],[106.847538,-6.385103],[106.846712,-6.384693],[106.846575,-6.38401],[106.844238,-6.38401],[106.843963,-6.383737],[106.843963,-6.38237],[106.844238,-6.382097],[106.84575,-6.38196],[106.84575,-6.381414],[106.8452,-6.381277],[106.844925,-6.381004],[106.844925,-6.380594],[106.84575,-6.380184],[106.84575,-6.379637],[106.846025,-6.379364],[106.846712,-6.379227],[106.846712,-6.37786],[106.846025,-6.377724],[106.845613,-6.376904],[106.844238,-6.376904],[106.843963,-6.37663],[106.843825,-6.375947],[106.84245,-6.375947],[106.842175,-6.375674],[106.842175,-6.37335],[106.841625,-6.373214],[106.84135,-6.37294],[106.84135,-6.37253],[106.840663,-6.372394],[106.840388,-6.37212],[106.840388,-6.371574],[106.839562,-6.371164],[106.839562,-6.369797],[106.839838,-6.369524],[106.84135,-6.369387],[106.84135,-6.36351],[106.840663,-6.363374],[106.840388,-6.3631],[106.840388,-6.362554],[106.839562,-6.362144],[106.839562,-6.358044],[106.83805,-6.357907],[106.837775,-6.357634],[106.837775,-6.356267],[106.83805,-6.355994],[106.838463,-6.355994],[106.8386,-6.355447],[106.837775,-6.355037],[106.837637,-6.354354],[106.837087,-6.354354],[106.836813,-6.35408],[106.836813,-6.35367],[106.837087,-6.353397],[106.837775,-6.35326],[106.837775,-6.352714],[106.83805,-6.35244],[106.839562,-6.352304],[106.839562,-6.34916],[106.838875,-6.349024],[106.8386,-6.34875],[106.8386,-6.347383],[106.838875,-6.34711],[106.839425,-6.34711],[106.839562,-6.346427],[106.840388,-6.346017],[106.840388,-6.343693],[106.840663,-6.34342],[106.84135,-6.343283],[106.84135,-6.341097],[106.840663,-6.34096],[106.840388,-6.340687],[106.840388,-6.34014],[106.840663,-6.339866],[106.84135,-6.33973],[106.84135,-6.338363],[106.841625,-6.33809],[106.843137,-6.337953],[106.843137,-6.336586],[106.84245,-6.33645],[106.842175,-6.336176],[106.842175,-6.33563],[106.84135,-6.33522],[106.84135,-6.333853],[106.841625,-6.333579],[106.842038,-6.333579],[106.842175,-6.332896],[106.84245,-6.332623],[106.843,-6.332623],[106.843412,-6.331803],[106.843963,-6.331666],[106.843963,-6.331119],[106.84245,-6.330983],[106.842175,-6.330709],[106.842175,-6.330299],[106.84135,-6.329889],[106.84135,-6.328386],[106.841625,-6.328112],[106.843,-6.328112],[106.843137,-6.327566],[106.843963,-6.327156],[106.843963,-6.326609],[106.843137,-6.326199],[106.843137,-6.324012],[106.84245,-6.323875],[106.842175,-6.323602],[106.842175,-6.323055],[106.84135,-6.322645],[106.84135,-6.320322],[106.841625,-6.320048],[106.842038,-6.320048],[106.84245,-6.319228],[106.8474,-6.319228],[106.847813,-6.320048],[106.849325,-6.320048],[106.849463,-6.319502],[106.850288,-6.319092],[106.850288,-6.318545],[106.850562,-6.318272],[106.851112,-6.318272],[106.85125,-6.317725],[106.852075,-6.317315],[106.852075,-6.314991],[106.85235,-6.314718],[106.8529,-6.314718],[106.853037,-6.314035],[106.853313,-6.313761],[106.853725,-6.313761],[106.854,-6.314035],[106.854138,-6.314718],[106.856475,-6.314718],[106.85675,-6.314991],[106.85675,-6.316358],[106.856475,-6.316631],[106.8551,-6.316631],[106.854962,-6.317315],[106.854687,-6.317588],[106.853313,-6.317588],[106.8529,-6.318408],[106.852213,-6.318545],[106.852213,-6.319912],[106.851938,-6.320185],[106.850425,-6.320322],[106.850425,-6.321689],[106.85015,-6.321962],[106.848775,-6.321962],[106.848637,-6.322645],[106.848363,-6.322919],[106.847675,-6.323055],[106.847675,-6.324422],[106.84685,-6.324832],[106.84685,-6.325379],[106.846575,-6.325652],[106.845888,-6.325789],[106.845888,-6.327156],[106.845613,-6.327429],[106.8452,-6.327429],[106.844787,-6.328249],[106.8441,-6.328386],[106.8441,-6.329889],[106.845613,-6.330026],[106.845888,-6.330299],[106.845888,-6.332486],[106.845062,-6.332896],[106.845062,-6.333443],[106.846575,-6.333579],[106.84685,-6.333853],[106.84685,-6.3344],[106.847675,-6.33481],[106.847675,-6.336176],[106.848363,-6.336313],[106.848637,-6.336586],[106.848637,-6.336996],[106.848363,-6.33727],[106.84685,-6.337406],[106.84685,-6.33891],[106.845888,-6.339183],[106.845888,-6.340687],[106.846712,-6.340687],[106.84685,-6.33891],[106.849463,-6.33891],[106.8496,-6.340687],[106.85015,-6.340823],[106.850562,-6.341643],[106.851112,-6.341643],[106.851388,-6.341917],[106.851388,-6.343283],[106.852213,-6.343693],[106.85235,-6.344377],[106.853725,-6.344377],[106.854,-6.34465],[106.854,-6.34506],[106.853725,-6.345333],[106.852213,-6.34547],[106.852213,-6.346017],[106.8529,-6.346153],[106.853175,-6.346427],[106.853175,-6.346973],[106.8529,-6.347247],[106.852213,-6.347383],[106.852213,-6.34957],[106.851388,-6.34998],[106.851388,-6.350527],[106.854687,-6.350664],[106.854962,-6.350937],[106.854962,-6.351347],[106.854687,-6.35162],[106.853175,-6.351757],[106.853175,-6.352304],[106.854,-6.352714],[106.854,-6.35408],[106.853725,-6.354354],[106.852213,-6.35449],[106.852213,-6.355857],[106.851388,-6.356267],[106.851388,-6.35859],[106.851112,-6.358864],[106.8496,-6.359],[106.8496,-6.362144],[106.8529,-6.36228],[106.853175,-6.362554],[106.853175,-6.3631],[106.8529,-6.363374],[106.852213,-6.36351],[106.852213,-6.364877],[106.8529,-6.365014],[106.853175,-6.365287],[106.853175,-6.36761],[106.854,-6.36802],[106.854,-6.369387],[106.853175,-6.369797],[106.853175,-6.370344],[106.8529,-6.370617],[106.851525,-6.370617],[106.851388,-6.371164],[106.8529,-6.3713],[106.853175,-6.371574],[106.853175,-6.37294],[106.854687,-6.373077],[106.854962,-6.37335],[106.854962,-6.373897],[106.854687,-6.37417],[106.854138,-6.37417],[106.854,-6.374717],[106.855513,-6.374854],[106.855788,-6.375127],[106.855788,-6.37663],[106.856475,-6.376767],[106.85675,-6.37704],[106.85675,-6.379227],[106.856475,-6.3795],[106.855788,-6.379637],[106.855788,-6.381004],[106.856475,-6.38114],[106.85675,-6.381414],[106.85675,-6.382917],[106.856475,-6.38319],[106.855925,-6.38319],[106.855788,-6.383737],[106.856475,-6.383873],[106.85675,-6.384147],[106.85675,-6.385513],[106.857575,-6.385923],[106.857575,-6.387427],[106.85675,-6.387837],[106.85675,-6.389203],[106.856475,-6.389477],[106.855788,-6.389613],[106.855788,-6.392756],[106.854962,-6.393166],[106.854962,-6.393713],[106.854687,-6.393986],[106.854,-6.394123],[106.854,-6.39631],[106.854687,-6.396446],[106.854825,-6.394943],[106.8551,-6.39467],[106.855513,-6.39467],[106.855925,-6.39385],[106.856475,-6.39385],[106.85675,-6.394123],[106.85675,-6.397266],[106.8573,-6.397403],[106.857713,-6.398223],[106.859225,-6.398223],[106.859363,-6.399999],[106.86005,-6.400136],[106.860187,-6.398496],[106.859363,-6.398359],[106.859225,-6.397676],[106.8584,-6.397266],[106.8584,-6.393166],[106.857713,-6.39303],[106.857438,-6.392756],[106.857438,-6.39139],[106.857713,-6.391116],[106.8584,-6.39098],[106.8584,-6.388657],[106.858675,-6.388383],[106.859088,-6.388383],[106.8595,-6.387563],[106.861838,-6.387563],[106.861975,-6.385923],[106.860462,-6.385787],[106.860187,-6.385513],[106.860187,-6.383327],[106.859363,-6.38319],[106.859088,-6.382234],[106.858537,-6.38237],[106.8584,-6.38319],[106.857713,-6.38319],[106.857438,-6.382917],[106.857438,-6.381414],[106.857713,-6.38114],[106.8584,-6.381004],[106.858262,-6.380457],[106.857713,-6.380457],[106.857438,-6.380184],[106.857438,-6.379637],[106.857713,-6.379364],[106.859225,-6.379364],[106.859363,-6.380184],[106.86005,-6.38032],[106.860325,-6.380594],[106.860325,-6.381004],[106.86115,-6.381414],[106.861288,-6.382097],[106.861975,-6.382097],[106.86225,-6.383053],[106.8628,-6.383053],[106.862938,-6.38237],[106.862112,-6.382234],[106.861975,-6.381414],[106.86225,-6.38114],[106.863625,-6.38114],[106.863763,-6.380594],[106.861288,-6.380457],[106.861013,-6.380184],[106.861013,-6.379637],[106.861288,-6.379364],[106.861975,-6.379227],[106.861975,-6.37786],[106.861288,-6.377724],[106.861013,-6.37745],[106.861013,-6.376084],[106.860187,-6.375674],[106.860187,-6.375127],[106.861013,-6.374717],[106.861013,-6.374307],[106.860187,-6.373897],[106.860187,-6.371574],[106.858675,-6.371437],[106.8584,-6.371164],[106.8584,-6.370754],[106.857713,-6.370617],[106.857438,-6.370344],[106.857438,-6.369797],[106.856612,-6.369387],[106.856612,-6.36884],[106.855925,-6.368704],[106.85565,-6.36843],[106.85565,-6.364467],[106.855925,-6.364194],[106.8573,-6.364194],[106.857438,-6.36351],[106.856612,-6.3631],[106.856612,-6.360777],[106.855925,-6.36064],[106.85565,-6.360367],[106.85565,-6.358044],[106.8551,-6.357907],[106.854825,-6.357634],[106.854825,-6.357224],[106.8551,-6.35695],[106.857438,-6.356814],[106.857438,-6.355447],[106.856612,-6.355037],[106.856612,-6.35449],[106.856887,-6.354217],[106.8584,-6.35408],[106.8584,-6.347383],[106.857575,-6.347383],[106.857575,-6.350527],[106.8573,-6.3508],[106.85675,-6.3508],[106.856612,-6.34916],[106.855925,-6.349024],[106.85565,-6.34875],[106.85565,-6.348203],[106.855925,-6.34793],[106.856475,-6.34793],[106.856612,-6.347383],[106.855925,-6.347247],[106.85565,-6.346973],[106.85565,-6.343693],[106.854825,-6.343283],[106.854825,-6.342873],[106.8551,-6.3426],[106.856475,-6.3426],[106.856612,-6.341917],[106.855925,-6.34178],[106.855513,-6.34096],[106.854138,-6.34096],[106.853863,-6.340687],[106.853725,-6.340003],[106.853175,-6.34014],[106.853175,-6.341507],[106.8529,-6.34178],[106.85235,-6.34178],[106.852075,-6.341507],[106.852075,-6.341097],[106.85125,-6.340687],[106.85125,-6.339183],[106.852075,-6.338773],[106.852075,-6.336586],[106.850562,-6.33645],[106.850288,-6.336176],[106.85015,-6.332759],[106.847813,-6.332759],[106.847538,-6.332486],[106.847538,-6.329343],[106.847813,-6.329069],[106.8485,-6.328932],[106.8485,-6.328386],[106.847813,-6.328249],[106.847538,-6.327976],[106.847538,-6.327566],[106.847813,-6.327292],[106.8485,-6.327156],[106.8485,-6.325789],[106.848775,-6.325516],[106.849325,-6.325516],[106.849463,-6.324832],[106.850288,-6.324422],[106.850288,-6.323055],[106.850562,-6.322782],[106.851112,-6.322782],[106.851388,-6.323055],[106.851388,-6.324422],[106.851938,-6.324559],[106.852075,-6.323055],[106.85235,-6.322782],[106.856475,-6.322782],[106.856612,-6.322099],[106.857438,-6.321689],[106.857438,-6.319502],[106.857713,-6.319228],[106.858262,-6.319228],[106.858537,-6.319502],[106.858537,-6.324422],[106.859363,-6.324832],[106.859363,-6.327976],[106.86005,-6.328112],[106.860325,-6.328386],[106.860462,-6.330026],[106.861975,-6.329889],[106.861975,-6.329343],[106.861288,-6.329206],[106.861013,-6.328932],[106.861013,-6.325789],[106.860187,-6.325379],[106.860187,-6.322099],[106.860462,-6.321825],[106.861975,-6.321689],[106.861975,-6.320322],[106.86225,-6.320048],[106.862938,-6.319912],[106.862938,-6.318545],[106.861288,-6.318408],[106.861013,-6.318135],[106.861013,-6.317725],[106.860187,-6.317315],[106.860187,-6.314991],[106.8584,-6.314718],[106.8584,-6.314035],[106.859225,-6.313624],[106.859225,-6.312258],[106.8584,-6.311848],[106.8584,-6.306927],[106.858675,-6.306654],[106.859088,-6.306654],[106.859225,-6.30597],[106.8595,-6.305697],[106.86005,-6.305697],[106.860187,-6.30515],[106.858675,-6.305014],[106.8584,-6.30474],[106.858262,-6.304057],[106.856887,-6.304057],[106.856612,-6.303783],[106.856612,-6.303237],[106.855925,-6.3031],[106.85565,-6.302827],[106.85565,-6.302417],[106.855925,-6.302143],[106.856612,-6.302007],[106.856612,-6.30064],[106.855925,-6.300503],[106.85565,-6.30023],[106.85565,-6.298726],[106.854825,-6.298316],[106.854825,-6.295172],[106.85565,-6.294762],[106.85565,-6.294352],[106.854825,-6.293942],[106.854825,-6.292439],[106.8551,-6.292165],[106.855513,-6.292165],[106.855788,-6.292439],[106.855788,-6.292985],[106.856475,-6.293122],[106.85675,-6.293395],[106.85675,-6.296539],[106.857575,-6.296813],[106.857713,-6.297633],[106.858262,-6.297633],[106.8584,-6.296949],[106.857438,-6.296676],[106.857438,-6.295172],[106.857713,-6.294899],[106.8584,-6.294762],[106.858262,-6.294215],[106.857713,-6.294215],[106.857438,-6.293942],[106.857438,-6.292439],[106.857713,-6.292165],[106.8584,-6.292029],[106.8584,-6.290662],[106.858675,-6.290388],[106.859088,-6.290388],[106.8595,-6.289568],[106.86005,-6.289568],[106.860325,-6.289842],[106.860325,-6.290252],[106.86115,-6.290662],[106.86115,-6.292029],[106.860875,-6.292302],[106.8595,-6.292302],[106.859363,-6.292985],[106.860875,-6.293122],[106.86115,-6.293395],[106.86115,-6.294762],[106.861838,-6.294899],[106.862112,-6.295172],[106.862112,-6.299273],[106.861838,-6.299546],[106.86115,-6.299683],[106.861288,-6.302963],[106.863763,-6.302827],[106.863763,-6.298726],[106.862938,-6.298316],[106.862938,-6.296949],[106.863763,-6.296539],[106.863763,-6.296129],[106.862938,-6.295719],[106.862938,-6.292439],[106.863213,-6.292165],[106.863625,-6.292165],[106.8639,-6.292439],[106.8639,-6.293942],[106.864587,-6.294079],[106.864863,-6.294352],[106.864863,-6.294762],[106.865688,-6.295172],[106.865688,-6.295719],[106.866375,-6.295856],[106.86665,-6.296129],[106.86665,-6.296539],[106.866375,-6.296813],[106.865688,-6.296949],[106.865825,-6.301186],[106.866375,-6.301186],[106.866512,-6.30064],[106.867338,-6.30023],[106.867338,-6.298726],[106.867613,-6.298453],[106.868988,-6.298453],[106.8694,-6.297633],[106.870087,-6.297496],[106.86995,-6.296813],[106.868575,-6.296813],[106.8683,-6.296539],[106.8683,-6.296129],[106.868575,-6.295856],[106.871738,-6.295856],[106.871875,-6.295172],[106.87215,-6.294899],[106.872563,-6.294899],[106.872838,-6.295172],[106.872838,-6.297496],[106.872563,-6.297769],[106.87215,-6.297769],[106.871738,-6.298589],[106.87105,-6.298726],[106.87105,-6.299273],[106.871738,-6.29941],[106.872012,-6.299683],[106.872012,-6.30105],[106.871738,-6.301323],[106.870362,-6.301323],[106.870225,-6.302007],[106.86995,-6.30228],[106.869263,-6.302417],[106.869263,-6.303783],[106.870775,-6.30392],[106.87105,-6.304193],[106.87105,-6.30474],[106.870775,-6.305014],[106.868575,-6.305014],[106.8683,-6.30474],[106.8683,-6.304193],[106.867613,-6.304057],[106.867475,-6.30474],[106.86665,-6.30515],[106.86665,-6.306517],[106.866375,-6.30679],[106.865688,-6.306927],[106.865688,-6.309114],[106.864863,-6.309524],[106.864863,-6.311028],[106.864587,-6.311301],[106.8639,-6.311438],[106.8639,-6.313624],[106.864587,-6.313761],[106.864863,-6.314035],[106.864863,-6.314581],[106.865413,-6.314718],[106.865825,-6.315538],[106.866375,-6.315538],[106.866512,-6.314035],[106.867338,-6.313624],[106.867338,-6.312258],[106.867613,-6.311984],[106.868162,-6.311984],[106.8683,-6.311438],[106.869125,-6.311028],[106.869125,-6.309524],[106.8694,-6.309251],[106.870087,-6.309114],[106.870087,-6.307747],[106.870362,-6.307474],[106.872012,-6.307611],[106.872012,-6.308294],[106.871738,-6.308567],[106.87105,-6.308704],[106.871188,-6.309251],[106.8727,-6.309114],[106.8727,-6.307747],[106.871875,-6.307474],[106.871875,-6.306927],[106.87215,-6.306654],[106.873525,-6.306654],[106.8738,-6.306927],[106.8738,-6.308294],[106.875313,-6.308431],[106.875588,-6.308704],[106.875588,-6.311028],[106.875313,-6.311301],[106.874763,-6.311301],[106.87435,-6.312121],[106.872838,-6.312258],[106.872838,-6.313624],[106.872012,-6.314035],[106.872012,-6.314581],[106.872563,-6.314718],[106.872838,-6.314991],[106.872838,-6.315401],[106.872012,-6.315811],[106.872012,-6.316358],[106.871738,-6.316631],[106.87105,-6.316768],[106.871188,-6.318272],[106.871738,-6.318272],[106.871875,-6.317725],[106.8727,-6.317315],[106.8727,-6.316768],[106.872975,-6.316495],[106.873525,-6.316495],[106.8738,-6.316768],[106.8738,-6.321689],[106.873525,-6.321962],[106.872838,-6.322099],[106.872838,-6.323602],[106.872012,-6.324012],[106.872012,-6.324559],[106.87105,-6.324832],[106.871188,-6.326336],[106.871875,-6.326199],[106.872012,-6.324559],[106.873525,-6.324559],[106.8738,-6.324832],[106.873937,-6.325516],[106.87545,-6.325379],[106.87545,-6.324012],[106.876275,-6.323602],[106.876275,-6.317725],[106.87655,-6.317452],[106.878062,-6.317452],[106.8782,-6.316768],[106.879025,-6.316358],[106.879025,-6.314991],[106.8782,-6.314581],[106.8782,-6.314035],[106.879025,-6.313624],[106.879025,-6.312258],[106.8782,-6.311848],[106.8782,-6.311438],[106.879025,-6.311028],[106.879025,-6.310344],[106.87985,-6.310207],[106.880125,-6.310481],[106.880125,-6.311028],[106.880675,-6.311164],[106.881088,-6.311984],[106.881637,-6.311984],[106.881912,-6.312258],[106.881912,-6.312804],[106.881637,-6.313078],[106.88095,-6.313214],[106.88095,-6.315401],[106.880125,-6.315811],[106.880125,-6.317315],[106.87985,-6.317588],[106.8793,-6.317588],[106.879163,-6.318135],[106.878338,-6.318545],[106.878338,-6.319912],[106.878062,-6.320185],[106.877375,-6.320322],[106.877375,-6.324422],[106.878062,-6.324559],[106.878338,-6.324832],[106.878338,-6.326199],[106.879163,-6.326609],[106.879163,-6.327156],[106.878338,-6.327566],[106.878338,-6.330709],[106.878062,-6.330983],[106.877513,-6.330983],[106.8771,-6.330163],[106.875725,-6.330163],[106.875588,-6.332486],[106.875313,-6.332759],[106.874625,-6.332896],[106.874625,-6.333443],[106.8738,-6.333853],[106.8738,-6.3344],[106.873525,-6.334673],[106.872838,-6.33481],[106.872838,-6.336996],[106.872012,-6.337406],[106.872012,-6.338773],[106.871738,-6.339046],[106.871188,-6.339046],[106.87105,-6.33973],[106.870225,-6.34014],[106.870225,-6.340687],[106.87105,-6.341097],[106.87105,-6.342463],[106.870225,-6.342873],[106.870225,-6.34424],[106.86995,-6.344513],[106.869263,-6.34465],[106.869263,-6.346017],[106.868437,-6.346427],[106.868437,-6.35326],[106.868162,-6.353534],[106.865688,-6.35367],[106.865825,-6.354217],[106.8672,-6.354217],[106.867475,-6.35449],[106.867475,-6.355037],[106.8672,-6.35531],[106.865688,-6.355447],[106.865688,-6.356814],[106.866375,-6.35695],[106.86665,-6.357224],[106.86665,-6.357634],[106.866375,-6.357907],[106.864863,-6.358044],[106.864863,-6.359547],[106.864587,-6.35982],[106.863075,-6.359957],[106.863075,-6.360367],[106.8639,-6.360777],[106.864037,-6.36146],[106.866375,-6.36146],[106.866512,-6.360777],[106.865825,-6.36064],[106.86555,-6.360367],[106.86555,-6.359957],[106.865825,-6.359684],[106.866512,-6.359547],[106.866512,-6.359],[106.867338,-6.35859],[106.867338,-6.358044],[106.867613,-6.35777],[106.870087,-6.35777],[106.870225,-6.359547],[106.86995,-6.35982],[106.869263,-6.359957],[106.869263,-6.362144],[106.868437,-6.362554],[106.868437,-6.364877],[106.868162,-6.36515],[106.867613,-6.36515],[106.867475,-6.365834],[106.869125,-6.365834],[106.869125,-6.36351],[106.8694,-6.363237],[106.870775,-6.363237],[106.87105,-6.36351],[106.871188,-6.364194],[106.872563,-6.364194],[106.872838,-6.364467],[106.872975,-6.36597],[106.873525,-6.36597],[106.873663,-6.365287],[106.873937,-6.365014],[106.87435,-6.365014],[106.874625,-6.365287],[106.874625,-6.365834],[106.875313,-6.36597],[106.875588,-6.366244],[106.875588,-6.366654],[106.876413,-6.367064],[106.876413,-6.36761],[106.875588,-6.36802],[106.875725,-6.37048],[106.878062,-6.37048],[106.8782,-6.36802],[106.878475,-6.367747],[106.880675,-6.367747],[106.880813,-6.367064],[106.881088,-6.36679],[106.881637,-6.36679],[106.881912,-6.367064],[106.881912,-6.371164],[106.881637,-6.371437],[106.88095,-6.371574],[106.88095,-6.37294],[106.880125,-6.37335],[106.880125,-6.373897],[106.880675,-6.374034],[106.881088,-6.374854],[106.881637,-6.374854],[106.881912,-6.375127],[106.881912,-6.375674],[106.881637,-6.375947],[106.880263,-6.375947],[106.880125,-6.37745],[106.87985,-6.377724],[106.878338,-6.37786],[106.878338,-6.378407],[106.879163,-6.378817],[106.879163,-6.379227],[106.878888,-6.3795],[106.877513,-6.3795],[106.877375,-6.380184],[106.8771,-6.380457],[106.876413,-6.380457],[106.876137,-6.3795],[106.874763,-6.3795],[106.874625,-6.38114],[106.873937,-6.381277],[106.8738,-6.38196],[106.873525,-6.382234],[106.872838,-6.38237],[106.872838,-6.383053],[106.872012,-6.383327],[106.872012,-6.383737],[106.872563,-6.383873],[106.872838,-6.383053],[106.87435,-6.383053],[106.874625,-6.383327],[106.874763,-6.38483],[106.877238,-6.38483],[106.877375,-6.385513],[106.8771,-6.385787],[106.87655,-6.385787],[106.876413,-6.38647],[106.875588,-6.38688],[106.875588,-6.389203],[106.875313,-6.389477],[106.874763,-6.389477],[106.874625,-6.390023],[106.8738,-6.390433],[106.8738,-6.3918],[106.873525,-6.392073],[106.872838,-6.39221],[106.872838,-6.392756],[106.872012,-6.393166],[106.872012,-6.393713],[106.871738,-6.393986],[106.87105,-6.394123],[106.87105,-6.397266],[106.871738,-6.397403],[106.871875,-6.394943],[106.87215,-6.39467],[106.872563,-6.39467],[106.872975,-6.39385],[106.873525,-6.39385],[106.873663,-6.393166],[106.873937,-6.392893],[106.87545,-6.392756],[106.87545,-6.39221],[106.876275,-6.3918],[106.876275,-6.389613],[106.87655,-6.38934],[106.877238,-6.389203],[106.877238,-6.387837],[106.877513,-6.387563],[106.878062,-6.387563],[106.8782,-6.38688],[106.878475,-6.386607],[106.879987,-6.38647],[106.879987,-6.385103],[106.880813,-6.384693],[106.880813,-6.38237],[106.881088,-6.382097],[106.881775,-6.38196],[106.881775,-6.380594],[106.8826,-6.380184],[106.8826,-6.379637],[106.881775,-6.379227],[106.881775,-6.37786],[106.88205,-6.377587],[106.882463,-6.377587],[106.882875,-6.376767],[106.88535,-6.376767],[106.885625,-6.379364],[106.886038,-6.379364],[106.88645,-6.378544],[106.887138,-6.378407],[106.887,-6.377724],[106.88645,-6.377724],[106.886038,-6.376904],[106.88535,-6.376767],[106.88535,-6.375127],[106.884663,-6.37499],[106.884388,-6.374717],[106.884388,-6.37335],[106.883562,-6.37294],[106.883562,-6.37253],[106.884388,-6.37212],[106.884388,-6.36884],[106.884663,-6.368567],[106.885213,-6.368567],[106.88535,-6.36802],[106.886175,-6.36761],[106.886175,-6.366244],[106.884663,-6.366107],[106.884388,-6.365834],[106.884388,-6.364467],[106.882875,-6.36433],[106.8826,-6.364057],[106.882463,-6.363374],[106.881912,-6.36351],[106.881912,-6.364877],[106.881637,-6.36515],[106.881088,-6.36515],[106.880675,-6.36433],[106.8793,-6.36433],[106.879025,-6.364057],[106.879025,-6.36351],[106.8793,-6.363237],[106.879987,-6.3631],[106.879987,-6.360777],[106.8793,-6.36064],[106.879025,-6.360367],[106.879025,-6.359957],[106.8782,-6.359547],[106.878062,-6.358864],[106.87655,-6.358864],[106.876413,-6.360367],[106.876137,-6.36064],[106.873937,-6.36064],[106.873525,-6.35982],[106.872975,-6.35982],[106.8727,-6.359547],[106.8727,-6.359],[106.872975,-6.358727],[106.874488,-6.358727],[106.874763,-6.359684],[106.87545,-6.359547],[106.875313,-6.358864],[106.874488,-6.358727],[106.874488,-6.355447],[106.874763,-6.355174],[106.875313,-6.355174],[106.875588,-6.355447],[106.875588,-6.356814],[106.876275,-6.356814],[106.876275,-6.352714],[106.87545,-6.352304],[106.87545,-6.350937],[106.874763,-6.3508],[106.874488,-6.350527],[106.874488,-6.34998],[106.873937,-6.349844],[106.873525,-6.349024],[106.87215,-6.349024],[106.871875,-6.34875],[106.871875,-6.348203],[106.8727,-6.347793],[106.8727,-6.34547],[106.872975,-6.345197],[106.873663,-6.34506],[106.873663,-6.343693],[106.873937,-6.34342],[106.87435,-6.34342],[106.874625,-6.343693],[106.874625,-6.34424],[106.875313,-6.344377],[106.87545,-6.341917],[106.875725,-6.341643],[106.8771,-6.341643],[106.877513,-6.340823],[106.8782,-6.340687],[106.8782,-6.34014],[106.877513,-6.340003],[106.877238,-6.33973],[106.877238,-6.339183],[106.87655,-6.339046],[106.876275,-6.338773],[106.876275,-6.338363],[106.87655,-6.33809],[106.877238,-6.337953],[106.877238,-6.33563],[106.877513,-6.335356],[106.878062,-6.335356],[106.878475,-6.334536],[106.87985,-6.334536],[106.880125,-6.33481],[106.880125,-6.33522],[106.88095,-6.33563],[106.881088,-6.33809],[106.881775,-6.337953],[106.881775,-6.336586],[106.88205,-6.336313],[106.8826,-6.336313],[106.882875,-6.337133],[106.884388,-6.336996],[106.88425,-6.33645],[106.882738,-6.33645],[106.8826,-6.33563],[106.88205,-6.335493],[106.881637,-6.334673],[106.881088,-6.334673],[106.880813,-6.3344],[106.880813,-6.333853],[106.881088,-6.333579],[106.881775,-6.333443],[106.881775,-6.330299],[106.88205,-6.330026],[106.883425,-6.330026],[106.883562,-6.329343],[106.884388,-6.328932],[106.884525,-6.328112],[106.886175,-6.327976],[106.886175,-6.325789],[106.88645,-6.325516],[106.887138,-6.325379],[106.887138,-6.324012],[106.887963,-6.323602],[106.887963,-6.323055],[106.887138,-6.322645],[106.887,-6.321962],[106.88205,-6.321962],[106.881775,-6.321689],[106.881775,-6.321279],[106.8826,-6.320869],[106.8826,-6.320322],[106.882875,-6.320048],[106.883562,-6.319912],[106.883425,-6.319365],[106.882875,-6.319365],[106.8826,-6.319092],[106.8826,-6.318545],[106.882875,-6.318272],[106.884388,-6.318135],[106.884388,-6.316768],[106.884663,-6.316495],[106.88535,-6.316358],[106.88535,-6.314991],[106.885625,-6.314718],[106.886038,-6.314718],[106.886313,-6.314991],[106.886313,-6.316358],[106.887825,-6.316495],[106.8881,-6.316768],[106.888238,-6.317452],[106.888788,-6.317452],[106.888925,-6.316768],[106.88975,-6.316358],[106.88975,-6.315811],[106.888925,-6.315401],[106.888925,-6.314035],[106.888238,-6.313898],[106.887963,-6.313624],[106.887963,-6.312258],[106.88645,-6.312121],[106.886175,-6.311848],[106.886175,-6.310481],[106.88535,-6.310071],[106.885487,-6.308431],[106.886038,-6.308431],[106.88645,-6.309251],[106.887963,-6.309114],[106.887963,-6.306927],[106.885625,-6.30679],[106.88535,-6.308567],[106.884663,-6.308567],[106.884388,-6.308294],[106.88425,-6.307611],[106.8837,-6.307747],[106.8837,-6.308294],[106.883425,-6.308567],[106.882875,-6.308567],[106.8826,-6.308294],[106.8826,-6.306927],[106.881775,-6.306517],[106.881637,-6.305834],[106.881088,-6.305834],[106.880813,-6.30556],[106.880813,-6.30515],[106.881088,-6.304877],[106.881775,-6.30474],[106.881775,-6.302417],[106.8793,-6.30228],[106.879025,-6.302007],[106.879025,-6.30146],[106.8782,-6.30105],[106.8782,-6.296129],[106.877513,-6.295992],[106.877238,-6.295719],[106.877238,-6.295172],[106.877513,-6.294899],[106.878888,-6.294899],[106.879163,-6.295172],[106.8793,-6.295856],[106.880675,-6.295856],[106.88095,-6.296129],[106.88095,-6.297496],[106.881637,-6.297633],[106.88205,-6.298453],[106.882463,-6.298453],[106.882875,-6.297633],[106.883562,-6.297496],[106.883562,-6.296129],[106.882875,-6.295992],[106.8826,-6.295719],[106.8826,-6.295172],[106.882875,-6.294899],[106.883425,-6.294899],[106.883562,-6.294352],[106.884388,-6.293942],[106.884388,-6.293395],[106.882875,-6.293259],[106.8826,-6.292985],[106.8826,-6.292439],[106.88205,-6.292302],[106.881637,-6.291482],[106.881088,-6.291482],[106.880813,-6.291208],[106.880813,-6.290662],[106.881088,-6.290388],[106.882463,-6.290388],[106.882875,-6.289568],[106.883562,-6.289431],[106.883562,-6.288885],[106.883837,-6.288611],[106.88425,-6.288611],[106.884525,-6.288885],[106.884525,-6.290252],[106.885213,-6.290388],[106.885487,-6.290662],[106.885487,-6.292029],[106.886313,-6.292439],[106.886313,-6.292985],[106.885487,-6.293395],[106.885487,-6.293942],[106.886313,-6.294352],[106.886313,-6.294762],[106.885487,-6.295172],[106.885487,-6.295719],[106.886038,-6.295856],[106.88645,-6.296676],[106.887138,-6.296539],[106.887138,-6.295172],[106.887412,-6.294899],[106.887825,-6.294899],[106.8881,-6.295172],[106.888238,-6.295856],[106.890575,-6.295856],[106.890713,-6.295172],[106.890025,-6.295036],[106.88975,-6.294762],[106.88975,-6.294352],[106.890025,-6.294079],[106.890575,-6.294079],[106.890713,-6.293395],[106.890988,-6.293122],[106.8925,-6.292985],[106.8925,-6.291618],[106.89195,-6.291482],[106.891675,-6.291208],[106.891675,-6.290662],[106.890988,-6.290525],[106.890575,-6.289705],[106.889888,-6.289842],[106.889888,-6.292029],[106.889612,-6.292302],[106.8892,-6.292302],[106.888925,-6.292029],[106.888925,-6.290662],[106.888238,-6.290525],[106.887963,-6.290252],[106.887963,-6.289842],[106.887138,-6.289431],[106.887138,-6.288065],[106.88645,-6.287928],[106.886175,-6.287655],[106.886175,-6.284374],[106.88645,-6.284101],[106.887138,-6.284101],[106.887412,-6.285057],[106.887963,-6.284921],[106.887963,-6.284374],[106.887275,-6.284237],[106.887138,-6.283554],[106.88645,-6.283417],[106.886175,-6.283144],[106.886175,-6.282597],[106.885625,-6.28246],[106.885213,-6.28164],[106.884663,-6.28164],[106.884388,-6.281367],[106.884388,-6.28]],[[106.832275,-6.472149],[106.833237,-6.472013],[106.833375,-6.472696],[106.8331,-6.472969],[106.83255,-6.472969],[106.832275,-6.472696],[106.832275,-6.472149]],[[106.839838,-6.46928],[106.840525,-6.469417],[106.840525,-6.469963],[106.84025,-6.470236],[106.839838,-6.470236],[106.839562,-6.469963],[106.839562,-6.469553],[106.839838,-6.46928]],[[106.8353,-6.447691],[106.836125,-6.447827],[106.836125,-6.44851],[106.83585,-6.448784],[106.8353,-6.448784],[106.835025,-6.44851],[106.835025,-6.447964],[106.8353,-6.447691]],[[106.830763,-6.421591],[106.831312,-6.421591],[106.831587,-6.421864],[106.83145,-6.422684],[106.830763,-6.422684],[106.830488,-6.422411],[106.830488,-6.421864],[106.830763,-6.421591]],[[106.817013,-6.409155],[106.817837,-6.409019],[106.818112,-6.409292],[106.818112,-6.409839],[106.817837,-6.410112],[106.817288,-6.410112],[106.817013,-6.409839],[106.817013,-6.409155]],[[106.843412,-6.391936],[106.843825,-6.391936],[106.8441,-6.39221],[106.843963,-6.39303],[106.843412,-6.39303],[106.843137,-6.392756],[106.843137,-6.39221],[106.843412,-6.391936]],[[106.877513,-6.383053],[106.878062,-6.383053],[106.878338,-6.383327],[106.878338,-6.384693],[106.878062,-6.384967],[106.877238,-6.38483],[106.877238,-6.383327],[106.877513,-6.383053]],[[106.8584,-6.38319],[106.859225,-6.383053],[106.859363,-6.383737],[106.859088,-6.38401],[106.858675,-6.38401],[106.8584,-6.383737],[106.8584,-6.38319]],[[106.876275,-6.38032],[106.876413,-6.38196],[106.876137,-6.382234],[106.874763,-6.382234],[106.874488,-6.38196],[106.874488,-6.381277],[106.875313,-6.38114],[106.875725,-6.38032],[106.876275,-6.38032]],[[106.8595,-6.378544],[106.86005,-6.378544],[106.860325,-6.378817],[106.860325,-6.379227],[106.86005,-6.3795],[106.859225,-6.379364],[106.859225,-6.378817],[106.8595,-6.378544]],[[106.840663,-6.376767],[106.841212,-6.376767],[106.841487,-6.37704],[106.841487,-6.379227],[106.841212,-6.3795],[106.840388,-6.379364],[106.840388,-6.37704],[106.840663,-6.376767]],[[106.8694,-6.353397],[106.86995,-6.353397],[106.870225,-6.35367],[106.870225,-6.355037],[106.870775,-6.355174],[106.871188,-6.355994],[106.871738,-6.355994],[106.872012,-6.356267],[106.872012,-6.356814],[106.871738,-6.357087],[106.871188,-6.357087],[106.870775,-6.357907],[106.870087,-6.35777],[106.86995,-6.35613],[106.868575,-6.35613],[106.8683,-6.355857],[106.8683,-6.355447],[106.869125,-6.355037],[106.869125,-6.35367],[106.8694,-6.353397]],[[106.855925,-6.350664],[106.85675,-6.3508],[106.85675,-6.351347],[106.856475,-6.35162],[106.855925,-6.35162],[106.85565,-6.351347],[106.85565,-6.350937],[106.855925,-6.350664]],[[106.849738,-6.33809],[106.85015,-6.33809],[106.850425,-6.338363],[106.850425,-6.338773],[106.85015,-6.339046],[106.849463,-6.33891],[106.849463,-6.338363],[106.849738,-6.33809]],[[106.829937,-6.329069],[106.83035,-6.329069],[106.830625,-6.329343],[106.830625,-6.329889],[106.83035,-6.330163],[106.829662,-6.330026],[106.829662,-6.329343],[106.829937,-6.329069]],[[106.882875,-6.326336],[106.88425,-6.326336],[106.884525,-6.326609],[106.884388,-6.328249],[106.883837,-6.328249],[106.883425,-6.327429],[106.882875,-6.327429],[106.8826,-6.327156],[106.8826,-6.326609],[106.882875,-6.326336]],[[106.881088,-6.324559],[106.881637,-6.324559],[106.881912,-6.324832],[106.881912,-6.325379],[106.881637,-6.325652],[106.881088,-6.325652],[106.880813,-6.325379],[106.880813,-6.324832],[106.881088,-6.324559]],[[106.880813,-6.322919],[106.881637,-6.322782],[106.881912,-6.323055],[106.881912,-6.323602],[106.881637,-6.323875],[106.881088,-6.323875],[106.880813,-6.323602],[106.880813,-6.322919]],[[106.835025,-6.322782],[106.835162,-6.323739],[106.8342,-6.324012],[106.8342,-6.327976],[106.834888,-6.328112],[106.835162,-6.328386],[106.835162,-6.329069],[106.834338,-6.329206],[106.8342,-6.330026],[106.833512,-6.330163],[106.833237,-6.329889],[106.833237,-6.329343],[106.83255,-6.329206],[106.832275,-6.328932],[106.832275,-6.326609],[106.831725,-6.326472],[106.83145,-6.326199],[106.83145,-6.325789],[106.832275,-6.325379],[106.832275,-6.324832],[106.83255,-6.324559],[106.833237,-6.324422],[106.833237,-6.323055],[106.833512,-6.322782],[106.835025,-6.322782]],[[106.880263,-6.321825],[106.880675,-6.321825],[106.88095,-6.322099],[106.880813,-6.322919],[106.880263,-6.322919],[106.879987,-6.322645],[106.879987,-6.322099],[106.880263,-6.321825]],[[106.857713,-6.314718],[106.858537,-6.314855],[106.858537,-6.315401],[106.858262,-6.315675],[106.857713,-6.315675],[106.857438,-6.315401],[106.857438,-6.314991],[106.857713,-6.314718]],[[106.878475,-6.308431],[106.878888,-6.308431],[106.879163,-6.308704],[106.879025,-6.310344],[106.878475,-6.310344],[106.8782,-6.310071],[106.8782,-6.308704],[106.878475,-6.308431]],[[106.832413,-6.296676],[106.8331,-6.296676],[106.833375,-6.296949],[106.833375,-6.297496],[106.8342,-6.297906],[106.8342,-6.299273],[106.833375,-6.299683],[106.833375,-6.30023],[106.8331,-6.300503],[106.832413,-6.300503],[106.832275,-6.299683],[106.83145,-6.299273],[106.83145,-6.298726],[106.832275,-6.298316],[106.832413,-6.296676]],[[106.831725,-6.295856],[106.832138,-6.295856],[106.832413,-6.296129],[106.832275,-6.296813],[106.831725,-6.296813],[106.83145,-6.296539],[106.83145,-6.296129],[106.831725,-6.295856]],[[106.849738,-6.294899],[106.85015,-6.294899],[106.850425,-6.295172],[106.850425,-6.295719],[106.85015,-6.295992],[106.849463,-6.295856],[106.849463,-6.295172],[106.849738,-6.294899]],[[106.855925,-6.285878],[106.856475,-6.285878],[106.85675,-6.286151],[106.85675,-6.286698],[106.856475,-6.286971],[106.85565,-6.286834],[106.85565,-6.286151],[106.855925,-6.285878]]]},"properties":{"layer_id":"historis_risiko","jenis":"banjir","nama":"Bahaya banjir rendah","sumber":"InaRISK (BNPB)","atribut":{"kelas":"rendah"}}},{"type":"Feature","geometry":{"type":"Polygon","coordinates":[[[106.815225,-6.28],[106.81,-6.28],[106.81,-6.28041],[106.809725,-6.280683],[106.807388,-6.280683],[106.80725,-6.281367],[106.806425,-6.281777],[106.806425,-6.284921],[106.80725,-6.285331],[106.80725,-6.288475],[106.806975,-6.288748],[106.806562,-6.288748],[106.806425,-6.289431],[106.80615,-6.289705],[106.8056,-6.289705],[106.805188,-6.290525],[106.804637,-6.290662],[106.804637,-6.292029],[106.804362,-6.292302],[106.803675,-6.292439],[106.803675,-6.292985],[106.804362,-6.293122],[106.804637,-6.293395],[106.804637,-6.294762],[106.805463,-6.295172],[106.805463,-6.296539],[106.804637,-6.296949],[106.804637,-6.297496],[106.804362,-6.297769],[106.803675,-6.297906],[106.803675,-6.302007],[106.80285,-6.302417],[106.80285,-6.303783],[106.802575,-6.304057],[106.801888,-6.304193],[106.801888,-6.30474],[106.802575,-6.304877],[106.80285,-6.30515],[106.802712,-6.305834],[106.801888,-6.30597],[106.801888,-6.307337],[106.802575,-6.307474],[106.802712,-6.305834],[106.803538,-6.30556],[106.803538,-6.303237],[106.803813,-6.302963],[106.8045,-6.302827],[106.8045,-6.30064],[106.804775,-6.300366],[106.805188,-6.300366],[106.805463,-6.30064],[106.805463,-6.302827],[106.80615,-6.302963],[106.806425,-6.303237],[106.806425,-6.30474],[106.80725,-6.30515],[106.80725,-6.30556],[106.806425,-6.30597],[106.806425,-6.308294],[106.80615,-6.308567],[106.805463,-6.308704],[106.805463,-6.310071],[106.80615,-6.310207],[106.806425,-6.310481],[106.806425,-6.314581],[106.80725,-6.314991],[106.80725,-6.317315],[106.806425,-6.317725],[106.806425,-6.320869],[106.80615,-6.321142],[106.8056,-6.321142],[106.805463,-6.321689],[106.804637,-6.322099],[106.804637,-6.323602],[106.804362,-6.323875],[106.803813,-6.323875],[106.803675,-6.324422],[106.80285,-6.324832],[106.80285,-6.327156],[106.804362,-6.327292],[106.8045,-6.325789],[106.804775,-6.325516],[106.805188,-6.325516],[106.805325,-6.324832],[106.8056,-6.324559],[106.80615,-6.324559],[106.806562,-6.323739],[106.806975,-6.323739],[106.80725,-6.324012],[106.80725,-6.326199],[106.808075,-6.326336],[106.808212,-6.327156],[106.809038,-6.327292],[106.809175,-6.327976],[106.81,-6.328249],[106.81,-6.329889],[106.810688,-6.330026],[106.8111,-6.330846],[106.81165,-6.330709],[106.81165,-6.329343],[106.810825,-6.328932],[106.810688,-6.328249],[106.81,-6.328249],[106.809725,-6.327429],[106.809038,-6.327292],[106.8089,-6.326472],[106.808075,-6.326336],[106.808075,-6.324832],[106.80835,-6.324559],[106.809038,-6.324422],[106.809038,-6.322099],[106.80835,-6.321962],[106.808075,-6.321689],[106.808075,-6.320322],[106.80835,-6.320048],[106.809038,-6.319912],[106.809038,-6.316768],[106.809863,-6.316358],[106.809863,-6.314991],[106.810137,-6.314718],[106.810825,-6.314581],[106.810825,-6.313214],[106.810137,-6.313078],[106.809863,-6.312804],[106.809863,-6.309387],[106.810825,-6.309114],[106.810825,-6.30597],[106.810137,-6.305834],[106.809863,-6.30556],[106.809863,-6.304193],[106.809038,-6.303783],[106.809038,-6.302417],[106.80835,-6.30228],[106.808075,-6.302007],[106.808075,-6.298726],[106.807388,-6.298589],[106.807113,-6.298316],[106.807113,-6.297906],[106.807388,-6.297633],[106.808075,-6.297496],[106.808075,-6.296129],[106.80835,-6.295856],[106.809038,-6.295719],[106.809038,-6.294352],[106.80835,-6.294215],[106.808075,-6.293942],[106.808075,-6.292439],[106.80835,-6.292165],[106.8089,-6.292165],[106.809175,-6.292439],[106.809175,-6.292985],[106.809725,-6.293122],[106.809863,-6.292439],[106.810137,-6.292165],[106.810825,-6.292029],[106.810688,-6.291482],[106.809313,-6.291482],[106.809038,-6.291208],[106.809038,-6.289842],[106.809863,-6.289431],[106.809863,-6.288885],[106.810137,-6.288611],[106.810825,-6.288475],[106.810825,-6.282597],[106.8111,-6.282324],[106.812475,-6.282324],[106.812613,-6.281777],[106.813438,-6.281367],[106.813438,-6.28082],[106.813713,-6.280547],[106.815088,-6.280547],[106.815225,-6.28]],[[106.809313,-6.308431],[106.809725,-6.308431],[106.81,-6.308704],[106.809863,-6.309387],[106.809313,-6.309387],[106.809038,-6.309114],[106.809038,-6.308704],[106.809313,-6.308431]]]},"properties":{"layer_id":"historis_risiko","jenis":"banjir","nama":"Bahaya banjir rendah","sumber":"InaRISK (BNPB)","atribut":{"kelas":"rendah"}}},{"type":"Feature","geometry":{"type":"Polygon","coordinates":[[[106.7957,-6.28],[106.795838,-6.280547],[106.797213,-6.280547],[106.797488,-6.28082],[106.797488,-6.282187],[106.797213,-6.28246],[106.796525,-6.282597],[106.796525,-6.283144],[106.797213,-6.283281],[106.797488,-6.283554],[106.797488,-6.287655],[106.798038,-6.287791],[106.79845,-6.288611],[106.799,-6.288611],[106.799275,-6.288885],[106.799275,-6.289431],[106.799825,-6.289568],[106.800238,-6.290388],[106.800787,-6.290388],[106.800925,-6.288065],[106.800238,-6.287928],[106.799963,-6.287655],[106.799963,-6.287108],[106.799138,-6.286698],[106.799138,-6.286151],[106.79845,-6.286014],[106.798175,-6.285741],[106.798175,-6.284374],[106.79845,-6.284101],[106.799138,-6.283964],[106.799138,-6.28082],[106.79845,-6.280683],[106.798175,-6.28041],[106.798175,-6.28],[106.7957,-6.28]]]},"properties":{"layer_id":"historis_risiko","jenis":"banjir","nama":"Bahaya banjir rendah","sumber":"InaRISK (BNPB)","atribut":{"kelas":"rendah"}}},{"type":"Feature","geometry":{"type":"Polygon","coordinates":[[[106.793913,-6.28],[106.793913,-6.281367],[106.794463,-6.281504],[106.7946,-6.28],[106.793913,-6.28]]]},"properties":{"layer_id":"historis_risiko","jenis":"banjir","nama":"Bahaya banjir rendah","sumber":"InaRISK (BNPB)","atribut":{"kelas":"rendah"}}},{"type":"Feature","geometry":{"type":"Polygon","coordinates":[[[106.791025,-6.28],[106.787588,-6.28],[106.787588,-6.28041],[106.788413,-6.28082],[106.788413,-6.281367],[106.788138,-6.28164],[106.787725,-6.28164],[106.787312,-6.28246],[106.785938,-6.28246],[106.7858,-6.283144],[106.785525,-6.283417],[106.784838,-6.283554],[106.784838,-6.284921],[106.784563,-6.285194],[106.783187,-6.285194],[106.78305,-6.285741],[106.782225,-6.286151],[106.782225,-6.290252],[106.78195,-6.290525],[106.781262,-6.290662],[106.781262,-6.291208],[106.78195,-6.291345],[106.782225,-6.291618],[106.782225,-6.294762],[106.783738,-6.294899],[106.784013,-6.295172],[106.784013,-6.295719],[106.783738,-6.295992],[106.78305,-6.296129],[106.78305,-6.30023],[106.782775,-6.300503],[106.782363,-6.300503],[106.782225,-6.30105],[106.783738,-6.301186],[106.784013,-6.30146],[106.784013,-6.302007],[106.784838,-6.302417],[106.784838,-6.303783],[106.784013,-6.304193],[106.784013,-6.30474],[106.783738,-6.305014],[106.78305,-6.30515],[106.78305,-6.307474],[106.7814,-6.307611],[106.781262,-6.309114],[106.782775,-6.309251],[106.78305,-6.307474],[106.78635,-6.307474],[106.786625,-6.307747],[106.786625,-6.308294],[106.787312,-6.308431],[106.787588,-6.308704],[106.787588,-6.310071],[106.787312,-6.310344],[106.7858,-6.310481],[106.7858,-6.312804],[106.785525,-6.313078],[106.784975,-6.313078],[106.784838,-6.313624],[106.784013,-6.314035],[106.783875,-6.314855],[106.782363,-6.314855],[106.782225,-6.315401],[106.78305,-6.315811],[106.78305,-6.317315],[106.783738,-6.317452],[106.784013,-6.317725],[106.784013,-6.318135],[106.784838,-6.318545],[106.784838,-6.319912],[106.78635,-6.320048],[106.786625,-6.320322],[106.786625,-6.320869],[106.787312,-6.321005],[106.787588,-6.321279],[106.787588,-6.325379],[106.788413,-6.325789],[106.788413,-6.327976],[106.7891,-6.328112],[106.789375,-6.328386],[106.789375,-6.329889],[106.7891,-6.330163],[106.788413,-6.330299],[106.788413,-6.332486],[106.787588,-6.332896],[106.787588,-6.3344],[106.787312,-6.334673],[106.786763,-6.334673],[106.786625,-6.33522],[106.7858,-6.33563],[106.7858,-6.336176],[106.785525,-6.33645],[106.784838,-6.336586],[106.784838,-6.337953],[106.784013,-6.338363],[106.784013,-6.33973],[106.783738,-6.340003],[106.78305,-6.34014],[106.78305,-6.342463],[106.782775,-6.342737],[106.779475,-6.342873],[106.779475,-6.34424],[106.780163,-6.344377],[106.780438,-6.34465],[106.780438,-6.346017],[106.780988,-6.346153],[106.781262,-6.346427],[106.781262,-6.346973],[106.78195,-6.34711],[106.782225,-6.347383],[106.782225,-6.347793],[106.78195,-6.348067],[106.7814,-6.348067],[106.781262,-6.34875],[106.780988,-6.349024],[106.780575,-6.349024],[106.780163,-6.349844],[106.77865,-6.349844],[106.778513,-6.351347],[106.778238,-6.35162],[106.776725,-6.351757],[106.776725,-6.352304],[106.777412,-6.35244],[106.777687,-6.352714],[106.777687,-6.35408],[106.777412,-6.354354],[106.776725,-6.35449],[106.776725,-6.355037],[106.777412,-6.355174],[106.777687,-6.355447],[106.777687,-6.364057],[106.778238,-6.364194],[106.77865,-6.365014],[106.7792,-6.365014],[106.779475,-6.365287],[106.779475,-6.36761],[106.7792,-6.367884],[106.777825,-6.367884],[106.77755,-6.36761],[106.777412,-6.366927],[106.7759,-6.367064],[106.776038,-6.368567],[106.778238,-6.368567],[106.778513,-6.36884],[106.778513,-6.370344],[106.778238,-6.370617],[106.777825,-6.370617],[106.777412,-6.371437],[106.775075,-6.371437],[106.774938,-6.37212],[106.774663,-6.372394],[106.773288,-6.372394],[106.77315,-6.373897],[106.772325,-6.374307],[106.772325,-6.374717],[106.77315,-6.375127],[106.77315,-6.375674],[106.772875,-6.375947],[106.772463,-6.375947],[106.772325,-6.37663],[106.77205,-6.376904],[106.7715,-6.376904],[106.771088,-6.377724],[106.770538,-6.37786],[106.770675,-6.379364],[106.771088,-6.379364],[106.7715,-6.378544],[106.77205,-6.378544],[106.772325,-6.378817],[106.772325,-6.381004],[106.77205,-6.381277],[106.7715,-6.381277],[106.771363,-6.38196],[106.772875,-6.382097],[106.77315,-6.38237],[106.77315,-6.382917],[106.772875,-6.38319],[106.7715,-6.38319],[106.771363,-6.383737],[106.77205,-6.383873],[106.772325,-6.384147],[106.772325,-6.384693],[106.772875,-6.38483],[106.773288,-6.38565],[106.773837,-6.38565],[106.774113,-6.385923],[106.774113,-6.387427],[106.773837,-6.3877],[106.773288,-6.3877],[106.77315,-6.388247],[106.773837,-6.388383],[106.774113,-6.388657],[106.77425,-6.38934],[106.775625,-6.38934],[106.775762,-6.388657],[106.776038,-6.388383],[106.777412,-6.388383],[106.777687,-6.388657],[106.777825,-6.38934],[106.779337,-6.389203],[106.779337,-6.387837],[106.77865,-6.3877],[106.778375,-6.387427],[106.778375,-6.38688],[106.77755,-6.38647],[106.77755,-6.385103],[106.776863,-6.384967],[106.776588,-6.384693],[106.776588,-6.384147],[106.776863,-6.383873],[106.77755,-6.383737],[106.777687,-6.382097],[106.779337,-6.382097],[106.779475,-6.383737],[106.780163,-6.383873],[106.780438,-6.384147],[106.780575,-6.38483],[106.782913,-6.384693],[106.782775,-6.38401],[106.7814,-6.38401],[106.781125,-6.383737],[106.781125,-6.383327],[106.7803,-6.382917],[106.780163,-6.382234],[106.779337,-6.382097],[106.779337,-6.379637],[106.777825,-6.3795],[106.77755,-6.379227],[106.77755,-6.378817],[106.776863,-6.37868],[106.776588,-6.378407],[106.776588,-6.37786],[106.775762,-6.37745],[106.775625,-6.376904],[106.775075,-6.376904],[106.7748,-6.37663],[106.7748,-6.375127],[106.773975,-6.374717],[106.773975,-6.374307],[106.77425,-6.374034],[106.775625,-6.374034],[106.776038,-6.374854],[106.778238,-6.374854],[106.778513,-6.375127],[106.778513,-6.375674],[106.7792,-6.37581],[106.779475,-6.376084],[106.779612,-6.376767],[106.780438,-6.376904],[106.780438,-6.379227],[106.78195,-6.379364],[106.782225,-6.379637],[106.782225,-6.38196],[106.783738,-6.382097],[106.784013,-6.38237],[106.784013,-6.382917],[106.784838,-6.383327],[106.784838,-6.384693],[106.785525,-6.38483],[106.7858,-6.385103],[106.7858,-6.385513],[106.786625,-6.385923],[106.786625,-6.387427],[106.787312,-6.387563],[106.787588,-6.387837],[106.787588,-6.389203],[106.789237,-6.389203],[106.789237,-6.387837],[106.78855,-6.3877],[106.788275,-6.387427],[106.788275,-6.385923],[106.78745,-6.385513],[106.78745,-6.384147],[106.786763,-6.38401],[106.786488,-6.383737],[106.786488,-6.383327],[106.785663,-6.382917],[106.785663,-6.38237],[106.784975,-6.382234],[106.7847,-6.38196],[106.7847,-6.380594],[106.783875,-6.380184],[106.783738,-6.3795],[106.783187,-6.3795],[106.782913,-6.379227],[106.782913,-6.37786],[106.782363,-6.377724],[106.78195,-6.376904],[106.7803,-6.376767],[106.7803,-6.374307],[106.77865,-6.37417],[106.778375,-6.373897],[106.778375,-6.371574],[106.77865,-6.3713],[106.7803,-6.371164],[106.7803,-6.36884],[106.781125,-6.36843],[106.781125,-6.367064],[106.7814,-6.36679],[106.782088,-6.366654],[106.782088,-6.366244],[106.7814,-6.366107],[106.781125,-6.365834],[106.781125,-6.365287],[106.780575,-6.36515],[106.780163,-6.36433],[106.779612,-6.36433],[106.779337,-6.364057],[106.779337,-6.36351],[106.779612,-6.363237],[106.783738,-6.363237],[106.783875,-6.361734],[106.783187,-6.361597],[106.782913,-6.361324],[106.782913,-6.360777],[106.783187,-6.360504],[106.783738,-6.360504],[106.783875,-6.359957],[106.7847,-6.359547],[106.784563,-6.358864],[106.782363,-6.358864],[106.782088,-6.35859],[106.78195,-6.357907],[106.780575,-6.357907],[106.7803,-6.357634],[106.7803,-6.357224],[106.781125,-6.356814],[106.781125,-6.35367],[106.7814,-6.353397],[106.7847,-6.35326],[106.7847,-6.352714],[106.783875,-6.352304],[106.783875,-6.347383],[106.7847,-6.346973],[106.7847,-6.346427],[106.783875,-6.346017],[106.783875,-6.34547],[106.7847,-6.34506],[106.7847,-6.341917],[106.784975,-6.341643],[106.785663,-6.341507],[106.785663,-6.339183],[106.785938,-6.33891],[106.78635,-6.33891],[106.786763,-6.33809],[106.78745,-6.337953],[106.78745,-6.336586],[106.787725,-6.336313],[106.789237,-6.336176],[106.789237,-6.333853],[106.790063,-6.333443],[106.790063,-6.332896],[106.790338,-6.332623],[106.790887,-6.332623],[106.791162,-6.332896],[106.791162,-6.336996],[106.790887,-6.33727],[106.790338,-6.33727],[106.7902,-6.337953],[106.790887,-6.33809],[106.791162,-6.338363],[106.791162,-6.33973],[106.790887,-6.340003],[106.7902,-6.34014],[106.7902,-6.341507],[106.789375,-6.341917],[106.789375,-6.343283],[106.7902,-6.343693],[106.790338,-6.344377],[106.790887,-6.344377],[106.791025,-6.341097],[106.79185,-6.340687],[106.79185,-6.338363],[106.792125,-6.33809],[106.792812,-6.337953],[106.792812,-6.337406],[106.792125,-6.33727],[106.79185,-6.336996],[106.79185,-6.333853],[106.792125,-6.333579],[106.792675,-6.333579],[106.792812,-6.332896],[106.792125,-6.332759],[106.79185,-6.332486],[106.79185,-6.332076],[106.791025,-6.331666],[106.791025,-6.331119],[106.79185,-6.330709],[106.79185,-6.325789],[106.791025,-6.325379],[106.790887,-6.324695],[106.790338,-6.324695],[106.790063,-6.324422],[106.790063,-6.324012],[106.790338,-6.323739],[106.791025,-6.323602],[106.791025,-6.323055],[106.790338,-6.322919],[106.790063,-6.322645],[106.790063,-6.322099],[106.790338,-6.321825],[106.790887,-6.321825],[106.791025,-6.321279],[106.79185,-6.320869],[106.79185,-6.319502],[106.791025,-6.319092],[106.791025,-6.317725],[106.790338,-6.317588],[106.790063,-6.317315],[106.790063,-6.315811],[106.790338,-6.315538],[106.790887,-6.315538],[106.791025,-6.314991],[106.790338,-6.314855],[106.790063,-6.314581],[106.789925,-6.313898],[106.789375,-6.314035],[106.789375,-6.314581],[106.7891,-6.314855],[106.78855,-6.314855],[106.788275,-6.314581],[106.788275,-6.313214],[106.78855,-6.312941],[106.7891,-6.312941],[106.789237,-6.312258],[106.789513,-6.311984],[106.7902,-6.312121],[106.790338,-6.312941],[106.791025,-6.312804],[106.791025,-6.312258],[106.7902,-6.312121],[106.790063,-6.311438],[106.789237,-6.311028],[106.789237,-6.310481],[106.790063,-6.310071],[106.790063,-6.309524],[106.790338,-6.309251],[106.791025,-6.309251],[106.791162,-6.311028],[106.791713,-6.311164],[106.79185,-6.309524],[106.791025,-6.309251],[106.791025,-6.307747],[106.7913,-6.307474],[106.792675,-6.307474],[106.792812,-6.306927],[106.792125,-6.30679],[106.79185,-6.306517],[106.79185,-6.30597],[106.791025,-6.30556],[106.791025,-6.304193],[106.79185,-6.303783],[106.79185,-6.303237],[106.791025,-6.302827],[106.791025,-6.30064],[106.790338,-6.300503],[106.790063,-6.30023],[106.790063,-6.299683],[106.789237,-6.299273],[106.7891,-6.298589],[106.787725,-6.298589],[106.787312,-6.297769],[106.786763,-6.297769],[106.786488,-6.297496],[106.786488,-6.296949],[106.786763,-6.296676],[106.78745,-6.296539],[106.78745,-6.294352],[106.788275,-6.293942],[106.788275,-6.291618],[106.78855,-6.291345],[106.7891,-6.291345],[106.789237,-6.290662],[106.790063,-6.290252],[106.790063,-6.288885],[106.790338,-6.288611],[106.790887,-6.288611],[106.791162,-6.288885],[106.791162,-6.292029],[106.790887,-6.292302],[106.7902,-6.292439],[106.7902,-6.293942],[106.791713,-6.294079],[106.791988,-6.294352],[106.792125,-6.295856],[106.792675,-6.295856],[106.792812,-6.295172],[106.793087,-6.294899],[106.793638,-6.294899],[106.793913,-6.295172],[106.793913,-6.295719],[106.794463,-6.295856],[106.7946,-6.294352],[106.794875,-6.294079],[106.795563,-6.293942],[106.795563,-6.293395],[106.794875,-6.293259],[106.7946,-6.292985],[106.794463,-6.292302],[106.792125,-6.292302],[106.79185,-6.292029],[106.79185,-6.290662],[106.792125,-6.290388],[106.792812,-6.290252],[106.792812,-6.286151],[106.792125,-6.286014],[106.79185,-6.285741],[106.79185,-6.283554],[106.791025,-6.283144],[106.791025,-6.281777],[106.79185,-6.281367],[106.79185,-6.28082],[106.7913,-6.280683],[106.791025,-6.28041],[106.791025,-6.28]],[[106.77425,-6.379364],[106.774663,-6.379364],[106.774938,-6.379637],[106.775075,-6.38032],[106.777412,-6.38032],[106.777687,-6.380594],[106.777687,-6.382097],[106.776863,-6.382234],[106.776725,-6.382917],[106.77645,-6.38319],[106.776038,-6.38319],[106.775762,-6.382917],[106.775625,-6.381277],[106.773288,-6.381277],[106.773013,-6.381004],[106.773013,-6.380594],[106.773288,-6.38032],[106.773975,-6.380184],[106.773975,-6.379637],[106.77425,-6.379364]],[[106.78855,-6.323739],[106.7891,-6.323739],[106.789375,-6.324012],[106.789375,-6.324422],[106.7891,-6.324695],[106.78855,-6.324695],[106.788275,-6.324422],[106.788275,-6.324012],[106.78855,-6.323739]],[[106.783875,-6.314855],[106.784563,-6.314718],[106.784838,-6.314991],[106.784838,-6.315401],[106.784563,-6.315675],[106.78415,-6.315675],[106.783875,-6.315401],[106.783875,-6.314855]]]},"properties":{"layer_id":"historis_risiko","jenis":"banjir","nama":"Bahaya banjir rendah","sumber":"InaRISK (BNPB)","atribut":{"kelas":"rendah"}}},{"type":"Feature","geometry":{"type":"Polygon","coordinates":[[[106.784013,-6.28],[106.78415,-6.280547],[106.785663,-6.28041],[106.785663,-6.28],[106.784013,-6.28]]]},"properties":{"layer_id":"historis_risiko","jenis":"banjir","nama":"Bahaya banjir rendah","sumber":"InaRISK (BNPB)","atribut":{"kelas":"rendah"}}},{"type":"Feature","geometry":{"type":"Polygon","coordinates":[[[106.766963,-6.28],[106.766963,-6.281367],[106.766688,-6.28164],[106.766137,-6.28164],[106.765725,-6.28246],[106.765038,-6.282597],[106.765038,-6.290252],[106.765725,-6.290388],[106.766,-6.290662],[106.766,-6.293942],[106.765725,-6.294215],[106.765175,-6.294215],[106.765038,-6.294762],[106.765725,-6.294899],[106.766,-6.295172],[106.766,-6.295719],[106.766688,-6.295856],[106.766963,-6.296129],[106.766963,-6.296539],[106.766688,-6.296813],[106.766,-6.296949],[106.766,-6.299273],[106.765725,-6.299546],[106.765038,-6.299683],[106.7649,-6.300503],[106.763388,-6.300503],[106.76325,-6.30105],[106.764763,-6.301186],[106.765038,-6.300366],[106.766688,-6.300366],[106.766825,-6.298726],[106.7671,-6.298453],[106.768475,-6.298453],[106.76875,-6.298726],[106.76875,-6.299273],[106.769575,-6.299683],[106.769575,-6.30023],[106.770263,-6.300366],[106.770538,-6.30064],[106.770538,-6.303783],[106.771088,-6.30392],[106.771363,-6.304193],[106.771363,-6.30474],[106.77205,-6.304877],[106.772463,-6.305697],[106.773837,-6.305697],[106.774113,-6.30597],[106.774113,-6.306517],[106.773837,-6.30679],[106.77315,-6.306927],[106.77315,-6.311028],[106.773837,-6.311164],[106.774113,-6.311438],[106.774113,-6.317452],[106.773288,-6.317588],[106.77315,-6.318135],[106.773837,-6.318272],[106.773975,-6.317588],[106.7748,-6.317315],[106.7748,-6.315811],[106.775075,-6.315538],[106.775625,-6.315538],[106.7759,-6.315811],[106.776038,-6.316495],[106.777412,-6.316495],[106.777687,-6.316768],[106.777687,-6.322645],[106.777412,-6.322919],[106.776725,-6.323055],[106.776725,-6.326199],[106.7759,-6.326609],[106.7759,-6.327976],[106.776725,-6.328386],[106.776725,-6.329889],[106.7759,-6.330299],[106.7759,-6.332486],[106.775625,-6.332759],[106.774938,-6.332896],[106.774938,-6.33522],[106.774113,-6.33563],[106.774113,-6.336996],[106.773837,-6.33727],[106.773288,-6.33727],[106.77315,-6.337953],[106.772325,-6.338363],[106.772325,-6.340687],[106.77205,-6.34096],[106.771363,-6.341097],[106.771363,-6.342463],[106.77205,-6.3426],[106.772325,-6.342873],[106.772325,-6.347793],[106.77315,-6.348203],[106.77315,-6.34875],[106.772875,-6.349024],[106.772463,-6.349024],[106.77205,-6.349844],[106.771363,-6.34998],[106.771363,-6.351347],[106.771088,-6.35162],[106.769575,-6.351757],[106.769575,-6.355037],[106.770263,-6.355174],[106.770538,-6.355447],[106.770538,-6.357634],[106.770263,-6.357907],[106.769712,-6.357907],[106.769575,-6.35859],[106.76875,-6.359],[106.76875,-6.364877],[106.768475,-6.36515],[106.7671,-6.36515],[106.766963,-6.366654],[106.766688,-6.366927],[106.766,-6.367064],[106.766,-6.36761],[106.766688,-6.367747],[106.766963,-6.36802],[106.766963,-6.369387],[106.766688,-6.36966],[106.766137,-6.36966],[106.765862,-6.369387],[106.765862,-6.36884],[106.765175,-6.368704],[106.765038,-6.369387],[106.764212,-6.369797],[106.764212,-6.371164],[106.763937,-6.371437],[106.763388,-6.371437],[106.76325,-6.37212],[106.762975,-6.372394],[106.762563,-6.372394],[106.76215,-6.373214],[106.761463,-6.37335],[106.761463,-6.375674],[106.76215,-6.37581],[106.762425,-6.376084],[106.762425,-6.379227],[106.76215,-6.3795],[106.761463,-6.379637],[106.761463,-6.385513],[106.76215,-6.38565],[106.762425,-6.385923],[106.762563,-6.387563],[106.764763,-6.387563],[106.765038,-6.387837],[106.765038,-6.390023],[106.764212,-6.390433],[106.764212,-6.392756],[106.763937,-6.39303],[106.763388,-6.39303],[106.76325,-6.393713],[106.763937,-6.39385],[106.76435,-6.39467],[106.765725,-6.39467],[106.766,-6.394943],[106.766,-6.39631],[106.766688,-6.396446],[106.766963,-6.39672],[106.766963,-6.397266],[106.767513,-6.397403],[106.767925,-6.398223],[106.768475,-6.398223],[106.76875,-6.398496],[106.76875,-6.401776],[106.768475,-6.402049],[106.767925,-6.402049],[106.767787,-6.402596],[106.767513,-6.402869],[106.7671,-6.402869],[106.766963,-6.403552],[106.766688,-6.403826],[106.766137,-6.403826],[106.765725,-6.404646],[106.765175,-6.404646],[106.765038,-6.405329],[106.764763,-6.405602],[106.763388,-6.405602],[106.76325,-6.406286],[106.762975,-6.406559],[106.760775,-6.406559],[106.760362,-6.407379],[106.758988,-6.407379],[106.75885,-6.408062],[106.758575,-6.408335],[106.757888,-6.408472],[106.757888,-6.411615],[106.757063,-6.412025],[106.757063,-6.412572],[106.757888,-6.412982],[106.757888,-6.415168],[106.757613,-6.415441],[106.7561,-6.415578],[106.7561,-6.417901],[106.755825,-6.418174],[106.753488,-6.418311],[106.753488,-6.424187],[106.754312,-6.424597],[106.754312,-6.425964],[106.755,-6.4261],[106.755275,-6.426374],[106.755275,-6.42774],[106.755,-6.428013],[106.754312,-6.42815],[106.754312,-6.429653],[106.754037,-6.429926],[106.753625,-6.429926],[106.753213,-6.430746],[106.750737,-6.430883],[106.750737,-6.43143],[106.751563,-6.43184],[106.751563,-6.433206],[106.750737,-6.433616],[106.750737,-6.436759],[106.750462,-6.437032],[106.749088,-6.437032],[106.74895,-6.437715],[106.748675,-6.437989],[106.748125,-6.437989],[106.747713,-6.438809],[106.7462,-6.438945],[106.746337,-6.439628],[106.747713,-6.439628],[106.747988,-6.439902],[106.747988,-6.440312],[106.747163,-6.440722],[106.747163,-6.442225],[106.746887,-6.442498],[106.745375,-6.442635],[106.745375,-6.443045],[106.7462,-6.443455],[106.7462,-6.444001],[106.745925,-6.444274],[106.74455,-6.444274],[106.744138,-6.445094],[106.742762,-6.445094],[106.742625,-6.445914],[106.7418,-6.446187],[106.7418,-6.446734],[106.74235,-6.446871],[106.742487,-6.446051],[106.743313,-6.445914],[106.743588,-6.446187],[106.743588,-6.446734],[106.744138,-6.446871],[106.744275,-6.446187],[106.74455,-6.445914],[106.7451,-6.445914],[106.745375,-6.446187],[106.745375,-6.446734],[106.7462,-6.447144],[106.7462,-6.44933],[106.745925,-6.449604],[106.739187,-6.449604],[106.73905,-6.452063],[106.739738,-6.4522],[106.740013,-6.452473],[106.740013,-6.45302],[106.740837,-6.45343],[106.740837,-6.457392],[106.741525,-6.457529],[106.741663,-6.454249],[106.741938,-6.453976],[106.74235,-6.453976],[106.742762,-6.453156],[106.744138,-6.453156],[106.744275,-6.452473],[106.74455,-6.4522],[106.745925,-6.4522],[106.746063,-6.450697],[106.746337,-6.450423],[106.747713,-6.450423],[106.747988,-6.450697],[106.747988,-6.451243],[106.747163,-6.451517],[106.747163,-6.452063],[106.747713,-6.4522],[106.747988,-6.451243],[106.7495,-6.451243],[106.749638,-6.44974],[106.749913,-6.449467],[106.750462,-6.449467],[106.7506,-6.44892],[106.750875,-6.448647],[106.751288,-6.448647],[106.7517,-6.449467],[106.75225,-6.449467],[106.752525,-6.44974],[106.752525,-6.452063],[106.753213,-6.4522],[106.753488,-6.452473],[106.753488,-6.45384],[106.754312,-6.454113],[106.75445,-6.454933],[106.755138,-6.454796],[106.755,-6.454113],[106.754175,-6.453976],[106.754175,-6.451517],[106.75445,-6.451243],[106.755138,-6.451107],[106.755138,-6.44892],[106.755963,-6.44851],[106.755963,-6.444411],[106.755138,-6.444001],[106.755138,-6.442635],[106.755963,-6.442225],[106.755963,-6.439902],[106.755413,-6.439765],[106.755,-6.440585],[106.75445,-6.440585],[106.754175,-6.440312],[106.754175,-6.438945],[106.75445,-6.438672],[106.755138,-6.438535],[106.755138,-6.437169],[106.755413,-6.436896],[106.755825,-6.436896],[106.756237,-6.436076],[106.756925,-6.435939],[106.756925,-6.433616],[106.756237,-6.433479],[106.7561,-6.434026],[106.755825,-6.434299],[106.755413,-6.434299],[106.755,-6.433479],[106.75445,-6.433479],[106.754175,-6.433206],[106.754175,-6.432659],[106.75445,-6.432386],[106.755138,-6.432249],[106.755138,-6.430883],[106.755413,-6.43061],[106.755825,-6.43061],[106.7561,-6.430883],[106.756237,-6.431566],[106.756925,-6.43143],[106.756925,-6.429107],[106.7572,-6.428833],[106.757613,-6.428833],[106.757888,-6.429107],[106.758025,-6.42979],[106.758713,-6.429653],[106.758713,-6.42815],[106.758025,-6.428013],[106.757613,-6.427193],[106.756237,-6.427193],[106.755963,-6.42692],[106.755963,-6.420088],[106.756237,-6.419814],[106.756788,-6.419814],[106.757063,-6.420088],[106.757063,-6.420634],[106.757888,-6.421044],[106.757888,-6.423367],[106.758575,-6.423504],[106.75885,-6.423777],[106.75885,-6.425964],[106.759675,-6.426374],[106.759813,-6.427057],[106.760362,-6.427057],[106.760638,-6.42733],[106.760638,-6.430473],[106.760362,-6.430746],[106.759675,-6.430883],[106.759675,-6.434163],[106.75885,-6.434436],[106.75885,-6.436076],[106.757888,-6.436349],[106.757888,-6.437852],[106.756237,-6.437989],[106.7561,-6.438535],[106.757613,-6.438672],[106.757888,-6.437852],[106.758713,-6.437715],[106.758713,-6.436212],[106.759538,-6.435939],[106.759538,-6.434299],[106.760362,-6.434163],[106.760638,-6.434436],[106.760638,-6.434982],[106.761463,-6.435392],[106.761463,-6.435939],[106.761188,-6.436212],[106.760775,-6.436212],[106.760362,-6.437032],[106.759813,-6.437032],[106.759675,-6.437715],[106.76215,-6.437852],[106.762425,-6.438125],[106.762425,-6.438535],[106.76325,-6.438945],[106.76325,-6.440312],[106.763937,-6.440448],[106.764212,-6.440722],[106.764212,-6.441268],[106.765038,-6.441678],[106.765175,-6.443181],[106.765862,-6.443045],[106.765862,-6.440722],[106.766137,-6.440448],[106.767513,-6.440448],[106.767787,-6.440722],[106.767925,-6.441405],[106.7693,-6.441405],[106.769575,-6.441678],[106.769575,-6.442225],[106.76875,-6.442635],[106.76875,-6.443045],[106.769575,-6.443455],[106.769575,-6.444001],[106.771088,-6.444138],[106.771363,-6.444411],[106.771363,-6.444821],[106.770538,-6.445231],[106.770538,-6.445778],[106.771363,-6.446187],[106.771363,-6.446734],[106.773837,-6.446871],[106.774113,-6.447144],[106.774113,-6.449467],[106.77315,-6.44974],[106.773288,-6.450423],[106.774113,-6.45056],[106.774113,-6.45302],[106.774938,-6.45343],[106.774938,-6.453976],[106.77425,-6.454113],[106.774113,-6.454796],[106.774663,-6.454933],[106.7748,-6.454113],[106.775762,-6.45384],[106.775762,-6.450697],[106.776038,-6.450423],[106.777412,-6.450423],[106.777687,-6.450697],[106.777687,-6.45302],[106.778513,-6.45343],[106.778513,-6.455616],[106.779337,-6.455616],[106.779337,-6.454249],[106.779612,-6.453976],[106.780988,-6.453976],[106.781262,-6.454249],[106.781262,-6.454796],[106.78195,-6.454933],[106.782225,-6.455206],[106.782225,-6.456572],[106.78195,-6.456846],[106.781262,-6.456982],[106.781262,-6.458349],[106.78195,-6.458485],[106.782225,-6.458759],[106.782225,-6.459305],[106.782775,-6.459442],[106.783187,-6.460262],[106.783738,-6.460262],[106.784013,-6.460535],[106.784013,-6.461901],[106.783738,-6.462175],[106.78305,-6.462311],[106.78305,-6.464634],[106.782775,-6.464907],[106.780575,-6.464907],[106.7803,-6.464634],[106.7803,-6.464088],[106.781125,-6.463678],[106.780988,-6.463131],[106.778513,-6.463268],[106.778513,-6.464634],[106.7792,-6.464771],[106.779475,-6.465044],[106.779475,-6.465591],[106.7792,-6.465864],[106.77865,-6.465864],[106.778513,-6.466411],[106.777687,-6.46682],[106.777687,-6.467367],[106.777412,-6.46764],[106.776725,-6.467777],[106.776725,-6.469963],[106.777412,-6.4701],[106.777687,-6.470373],[106.777687,-6.47092],[106.777412,-6.471193],[106.776725,-6.47133],[106.776725,-6.472833],[106.7759,-6.473106],[106.7759,-6.474472],[106.775625,-6.474745],[106.775075,-6.474745],[106.774938,-6.475429],[106.774113,-6.475839],[106.774113,-6.477205],[106.774938,-6.477615],[106.774938,-6.478161],[106.774663,-6.478435],[106.77425,-6.478435],[106.773837,-6.479255],[106.773288,-6.479255],[106.77315,-6.479938],[106.774663,-6.480074],[106.7748,-6.479391],[106.775075,-6.479118],[106.775762,-6.478981],[106.775762,-6.477615],[106.776038,-6.477342],[106.77645,-6.477342],[106.776725,-6.477615],[106.776863,-6.478298],[106.778375,-6.478161],[106.778375,-6.476795],[106.776863,-6.476658],[106.776588,-6.476385],[106.776588,-6.475839],[106.776863,-6.475565],[106.77755,-6.475429],[106.77755,-6.474882],[106.776863,-6.474745],[106.776588,-6.474472],[106.776588,-6.472969],[106.777412,-6.472833],[106.777687,-6.473106],[106.777687,-6.473652],[106.778375,-6.473789],[106.778513,-6.474472],[106.7792,-6.474609],[106.779475,-6.474882],[106.779475,-6.481714],[106.782088,-6.481714],[106.782088,-6.481167],[106.7814,-6.481031],[106.781125,-6.480757],[106.781125,-6.480348],[106.7803,-6.479938],[106.7803,-6.478571],[106.780575,-6.478298],[106.781125,-6.478298],[106.7814,-6.479118],[106.782088,-6.479118],[106.782363,-6.480074],[106.782913,-6.479938],[106.782913,-6.479391],[106.782225,-6.479255],[106.782088,-6.478571],[106.781262,-6.478435],[106.781125,-6.477615],[106.7803,-6.477205],[106.7803,-6.476795],[106.781125,-6.476385],[106.781125,-6.475839],[106.7803,-6.475429],[106.7803,-6.474882],[106.781125,-6.474472],[106.781125,-6.47133],[106.779612,-6.471193],[106.779337,-6.47092],[106.779337,-6.469553],[106.779612,-6.46928],[106.780163,-6.46928],[106.7803,-6.468597],[106.780575,-6.468323],[106.780988,-6.468323],[106.7814,-6.467504],[106.782775,-6.467504],[106.782913,-6.46682],[106.783187,-6.466547],[106.783738,-6.466547],[106.78415,-6.465727],[106.785663,-6.465591],[106.785663,-6.463268],[106.785938,-6.462995],[106.78745,-6.462858],[106.78745,-6.462311],[106.788275,-6.461901],[106.788275,-6.460535],[106.78855,-6.460262],[106.789925,-6.460262],[106.790338,-6.459442],[106.790887,-6.459442],[106.791162,-6.459715],[106.791162,-6.461901],[106.790887,-6.462175],[106.7902,-6.462311],[106.790338,-6.465727],[106.791025,-6.465591],[106.791025,-6.464088],[106.7913,-6.463814],[106.793775,-6.463814],[106.793913,-6.464634],[106.794737,-6.465044],[106.794875,-6.465727],[106.797213,-6.465727],[106.797488,-6.466001],[106.797488,-6.467367],[106.797213,-6.46764],[106.795838,-6.46764],[106.795425,-6.46846],[106.794737,-6.468597],[106.794737,-6.469963],[106.794463,-6.470236],[106.79295,-6.470373],[106.79295,-6.472833],[106.791988,-6.473106],[106.791988,-6.474472],[106.792675,-6.474609],[106.792812,-6.472969],[106.793775,-6.472696],[106.793775,-6.47133],[106.79405,-6.471056],[106.7957,-6.471193],[106.7957,-6.472696],[106.796525,-6.473106],[106.796525,-6.473652],[106.7957,-6.474062],[106.7957,-6.477205],[106.795425,-6.477478],[106.794737,-6.477615],[106.794737,-6.478981],[106.794463,-6.479255],[106.79405,-6.479255],[106.793913,-6.479938],[106.793638,-6.480211],[106.793087,-6.480211],[106.792675,-6.481031],[106.792125,-6.481031],[106.791988,-6.481714],[106.791713,-6.481987],[106.789513,-6.481987],[106.789375,-6.48349],[106.7891,-6.483763],[106.788413,-6.4839],[106.788413,-6.484447],[106.7891,-6.484583],[106.789375,-6.484857],[106.789375,-6.485266],[106.7902,-6.485676],[106.7902,-6.489775],[106.789925,-6.490049],[106.789513,-6.490049],[106.789375,-6.490868],[106.78855,-6.491005],[106.788413,-6.491552],[106.7891,-6.491688],[106.789375,-6.490868],[106.792675,-6.490868],[106.793087,-6.491688],[106.793638,-6.491688],[106.793775,-6.490185],[106.792125,-6.490049],[106.79185,-6.489775],[106.79185,-6.487453],[106.791025,-6.487043],[106.791025,-6.485676],[106.79185,-6.485266],[106.79185,-6.4839],[106.792125,-6.483627],[106.792675,-6.483627],[106.79295,-6.4839],[106.793087,-6.484583],[106.794463,-6.484583],[106.7946,-6.48308],[106.794875,-6.482807],[106.795425,-6.482807],[106.7957,-6.48308],[106.7957,-6.48349],[106.79625,-6.483627],[106.796388,-6.480348],[106.796662,-6.480074],[106.797213,-6.480074],[106.79735,-6.479391],[106.797625,-6.479118],[106.799138,-6.478981],[106.799275,-6.477342],[106.799825,-6.477342],[106.8001,-6.477615],[106.8001,-6.478161],[106.800787,-6.478298],[106.800925,-6.477615],[106.80175,-6.477205],[106.80175,-6.475839],[106.800925,-6.475429],[106.800925,-6.474062],[106.800238,-6.473926],[106.8001,-6.475429],[106.799275,-6.475839],[106.799275,-6.477342],[106.79845,-6.477478],[106.798175,-6.477205],[106.798175,-6.472286],[106.79845,-6.472013],[106.799138,-6.472013],[106.799413,-6.472833],[106.799963,-6.472696],[106.799825,-6.472149],[106.799138,-6.472013],[106.799138,-6.47133],[106.799963,-6.47092],[106.799963,-6.470373],[106.799138,-6.469963],[106.799138,-6.468597],[106.79845,-6.46846],[106.798175,-6.468187],[106.798175,-6.467777],[106.79845,-6.467504],[106.799138,-6.467367],[106.799138,-6.466001],[106.79845,-6.465864],[106.798175,-6.465591],[106.798175,-6.464907],[106.799,-6.464771],[106.799138,-6.464088],[106.79845,-6.463951],[106.798175,-6.464907],[106.796662,-6.464907],[106.796388,-6.464634],[106.79625,-6.463951],[106.793775,-6.463814],[106.793775,-6.459715],[106.793087,-6.459579],[106.792812,-6.459305],[106.792812,-6.458759],[106.792125,-6.458622],[106.79185,-6.458349],[106.79185,-6.457802],[106.7913,-6.457666],[106.791025,-6.457392],[106.791025,-6.456982],[106.790338,-6.456846],[106.790063,-6.456572],[106.790063,-6.456026],[106.789237,-6.455616],[106.789237,-6.455206],[106.790063,-6.454796],[106.790063,-6.454249],[106.789513,-6.454113],[106.7891,-6.453293],[106.78855,-6.453293],[106.788275,-6.45302],[106.788275,-6.450697],[106.78855,-6.450423],[106.789237,-6.450287],[106.789237,-6.447144],[106.790063,-6.446734],[106.790063,-6.442635],[106.789237,-6.442225],[106.789237,-6.437169],[106.789513,-6.436896],[106.789925,-6.436896],[106.7902,-6.437169],[106.790338,-6.437852],[106.791025,-6.437715],[106.791025,-6.429107],[106.789513,-6.42897],[106.789237,-6.428697],[106.789237,-6.42815],[106.790063,-6.42774],[106.790063,-6.424597],[106.789513,-6.42446],[106.7891,-6.423641],[106.787725,-6.423641],[106.78745,-6.423367],[106.78745,-6.417491],[106.786763,-6.417355],[106.786488,-6.417081],[106.786488,-6.416535],[106.786763,-6.416261],[106.787312,-6.416261],[106.78745,-6.415578],[106.786763,-6.415441],[106.786488,-6.415168],[106.78635,-6.412845],[106.78415,-6.412845],[106.783875,-6.412572],[106.783875,-6.412025],[106.7847,-6.411615],[106.7847,-6.409292],[106.78415,-6.409155],[106.783738,-6.408335],[106.783187,-6.408335],[106.782913,-6.408062],[106.782775,-6.407379],[106.7814,-6.407379],[106.781125,-6.407105],[106.781125,-6.405739],[106.780575,-6.405602],[106.7803,-6.405329],[106.7803,-6.404782],[106.779612,-6.404646],[106.7792,-6.403826],[106.77865,-6.403826],[106.778375,-6.403552],[106.778375,-6.402186],[106.77755,-6.401776],[106.777412,-6.401093],[106.776863,-6.401093],[106.776588,-6.400819],[106.776588,-6.399453],[106.775762,-6.399043],[106.775762,-6.398496],[106.77425,-6.398359],[106.773975,-6.398086],[106.773975,-6.397676],[106.773288,-6.397539],[106.773013,-6.397266],[106.773013,-6.39672],[106.772463,-6.396583],[106.77205,-6.395763],[106.7715,-6.395763],[106.771225,-6.39549],[106.771225,-6.394943],[106.770675,-6.394806],[106.7704,-6.394533],[106.7704,-6.394123],[106.769712,-6.393986],[106.769438,-6.393713],[106.769438,-6.393166],[106.768613,-6.392756],[106.768613,-6.39139],[106.7671,-6.391253],[106.766825,-6.39098],[106.766825,-6.390433],[106.76765,-6.390023],[106.76765,-6.385103],[106.765175,-6.384967],[106.7649,-6.384693],[106.7649,-6.38237],[106.764075,-6.38196],[106.764075,-6.381414],[106.76435,-6.38114],[106.764763,-6.38114],[106.765175,-6.38032],[106.765725,-6.38032],[106.765862,-6.379637],[106.766137,-6.379364],[106.76765,-6.379227],[106.76765,-6.376084],[106.766825,-6.375674],[106.766825,-6.37253],[106.7671,-6.372257],[106.767513,-6.372257],[106.76765,-6.371574],[106.767925,-6.3713],[106.768475,-6.3713],[106.768888,-6.37048],[106.769438,-6.370344],[106.769438,-6.367064],[106.769712,-6.36679],[106.770263,-6.36679],[106.7704,-6.366244],[106.771225,-6.365834],[106.771225,-6.365287],[106.7704,-6.364877],[106.7704,-6.364467],[106.771225,-6.364057],[106.771225,-6.36351],[106.7704,-6.3631],[106.7704,-6.361734],[106.771225,-6.361324],[106.771225,-6.359957],[106.7704,-6.359547],[106.7704,-6.359],[106.771225,-6.35859],[106.771225,-6.35367],[106.7715,-6.353397],[106.77205,-6.353397],[106.772325,-6.35367],[106.772325,-6.35408],[106.772875,-6.354217],[106.773013,-6.352714],[106.773288,-6.35244],[106.773975,-6.352304],[106.773975,-6.347383],[106.7748,-6.346973],[106.7748,-6.34465],[106.773975,-6.34424],[106.773975,-6.339183],[106.77425,-6.33891],[106.774663,-6.33891],[106.775075,-6.33809],[106.776588,-6.337953],[106.776588,-6.332076],[106.776863,-6.331803],[106.777412,-6.331803],[106.77755,-6.331119],[106.778375,-6.330709],[106.778375,-6.328386],[106.77865,-6.328112],[106.779337,-6.327976],[106.779337,-6.322099],[106.779612,-6.321825],[106.780163,-6.321825],[106.780575,-6.321005],[106.780988,-6.321005],[106.7814,-6.321825],[106.782088,-6.321689],[106.782088,-6.317725],[106.780575,-6.317588],[106.7803,-6.317315],[106.780163,-6.314855],[106.777825,-6.314855],[106.77755,-6.314581],[106.77755,-6.313214],[106.776863,-6.313078],[106.776588,-6.312804],[106.776588,-6.311438],[106.775762,-6.311028],[106.775762,-6.307747],[106.776588,-6.307337],[106.776588,-6.304193],[106.776863,-6.30392],[106.777412,-6.30392],[106.77755,-6.303237],[106.77425,-6.3031],[106.773975,-6.302827],[106.773975,-6.298726],[106.772463,-6.298589],[106.772188,-6.298316],[106.772188,-6.296949],[106.7715,-6.296813],[106.771225,-6.296539],[106.771225,-6.296129],[106.7704,-6.295719],[106.7704,-6.295172],[106.769712,-6.295036],[106.769438,-6.294762],[106.769438,-6.294352],[106.768613,-6.293942],[106.768613,-6.293395],[106.769438,-6.292985],[106.769438,-6.292439],[106.769712,-6.292165],[106.7704,-6.292029],[106.7704,-6.290662],[106.769712,-6.290525],[106.769438,-6.290252],[106.769438,-6.289842],[106.768613,-6.289431],[106.768613,-6.285331],[106.767925,-6.285194],[106.76765,-6.284921],[106.76765,-6.283554],[106.767925,-6.283281],[106.768475,-6.283281],[106.768613,-6.282597],[106.768888,-6.282324],[106.770263,-6.282324],[106.7704,-6.28164],[106.771225,-6.281367],[106.771225,-6.28082],[106.770675,-6.280683],[106.770538,-6.281504],[106.769712,-6.28164],[106.769438,-6.281367],[106.769438,-6.28],[106.766963,-6.28]],[[106.77865,-6.472013],[106.7792,-6.472013],[106.779475,-6.472286],[106.779475,-6.473652],[106.7792,-6.473926],[106.778375,-6.473789],[106.778375,-6.472286],[106.77865,-6.472013]],[[106.797213,-6.46928],[106.797488,-6.469553],[106.797488,-6.469963],[106.797213,-6.470236],[106.796662,-6.470236],[106.796525,-6.47092],[106.79625,-6.471193],[106.7957,-6.471193],[106.795563,-6.469553],[106.795838,-6.46928],[106.797213,-6.46928]],[[106.782363,-6.4522],[106.78305,-6.452336],[106.78305,-6.45302],[106.782775,-6.453293],[106.782363,-6.453293],[106.782088,-6.45302],[106.782088,-6.452473],[106.782363,-6.4522]],[[106.773975,-6.449604],[106.774663,-6.449467],[106.774938,-6.44974],[106.774938,-6.450287],[106.774663,-6.45056],[106.774113,-6.45056],[106.773975,-6.449604]],[[106.7715,-6.400956],[106.77205,-6.400956],[106.772325,-6.401229],[106.772325,-6.406286],[106.77315,-6.406695],[106.773288,-6.408199],[106.773837,-6.408199],[106.773975,-6.407515],[106.7748,-6.407105],[106.7748,-6.406695],[106.773975,-6.406286],[106.773975,-6.401093],[106.774663,-6.400956],[106.774938,-6.401229],[106.774938,-6.401776],[106.775625,-6.401913],[106.7759,-6.402186],[106.7759,-6.402596],[106.776725,-6.403006],[106.776725,-6.404372],[106.777412,-6.404509],[106.777687,-6.404782],[106.777687,-6.406286],[106.778513,-6.406695],[106.778513,-6.408062],[106.7792,-6.408199],[106.779612,-6.409019],[106.782775,-6.409019],[106.78305,-6.409292],[106.78305,-6.410658],[106.782225,-6.411068],[106.782225,-6.413392],[106.78305,-6.413802],[106.78305,-6.417081],[106.784563,-6.417218],[106.784838,-6.417491],[106.784838,-6.419678],[106.785525,-6.419814],[106.7858,-6.420088],[106.7858,-6.424187],[106.78635,-6.424324],[106.786625,-6.424597],[106.786625,-6.425144],[106.787312,-6.42528],[106.787588,-6.425554],[106.787588,-6.425964],[106.788413,-6.426374],[106.788413,-6.42692],[106.787588,-6.42733],[106.787588,-6.429653],[106.787312,-6.429926],[106.7858,-6.430063],[106.7858,-6.43143],[106.787312,-6.431566],[106.787588,-6.43184],[106.787588,-6.432249],[106.788413,-6.432659],[106.788413,-6.434982],[106.787588,-6.435392],[106.787588,-6.436759],[106.787312,-6.437032],[106.7858,-6.437169],[106.785938,-6.437852],[106.787312,-6.437852],[106.787588,-6.438125],[106.787588,-6.441268],[106.788413,-6.441678],[106.788413,-6.444001],[106.787588,-6.444411],[106.787588,-6.445778],[106.788413,-6.446187],[106.788413,-6.446734],[106.787588,-6.447144],[106.787588,-6.450287],[106.787312,-6.45056],[106.786625,-6.450697],[106.786625,-6.45384],[106.787312,-6.453976],[106.787588,-6.454249],[106.787588,-6.457392],[106.788413,-6.457802],[106.788413,-6.458349],[106.787588,-6.458759],[106.787588,-6.459305],[106.787312,-6.459579],[106.786625,-6.459715],[106.786763,-6.460262],[106.787312,-6.460262],[106.787588,-6.460535],[106.787588,-6.461082],[106.787312,-6.461355],[106.786763,-6.461355],[106.78635,-6.462175],[106.785938,-6.462175],[106.785663,-6.461901],[106.785663,-6.460535],[106.784975,-6.460398],[106.7847,-6.460125],[106.7847,-6.458759],[106.783875,-6.458349],[106.783875,-6.455206],[106.7847,-6.454796],[106.7847,-6.454249],[106.783875,-6.45384],[106.783875,-6.452473],[106.782913,-6.4522],[106.782913,-6.450697],[106.782363,-6.45056],[106.78195,-6.45138],[106.7814,-6.45138],[106.780988,-6.45056],[106.779612,-6.45056],[106.779337,-6.450287],[106.779337,-6.44974],[106.77865,-6.449604],[106.778375,-6.44933],[106.778375,-6.447964],[106.77755,-6.447554],[106.77755,-6.445231],[106.775075,-6.445094],[106.7748,-6.444821],[106.7748,-6.444411],[106.773975,-6.444001],[106.773975,-6.442635],[106.772463,-6.442498],[106.772188,-6.442225],[106.772188,-6.440722],[106.773013,-6.440312],[106.773013,-6.439902],[106.772188,-6.439492],[106.772188,-6.438945],[106.769712,-6.438809],[106.7693,-6.437989],[106.768888,-6.437989],[106.768475,-6.438809],[106.767925,-6.438809],[106.76765,-6.438535],[106.76765,-6.438125],[106.766825,-6.437715],[106.766825,-6.436349],[106.766137,-6.436212],[106.765862,-6.435939],[106.765862,-6.435392],[106.765175,-6.435256],[106.7649,-6.434982],[106.7649,-6.434436],[106.764075,-6.434026],[106.764075,-6.430883],[106.7649,-6.430473],[106.7649,-6.42815],[106.764075,-6.42774],[106.764075,-6.426374],[106.763388,-6.426237],[106.763113,-6.425964],[106.763113,-6.425554],[106.762287,-6.425144],[106.762287,-6.424597],[106.7616,-6.42446],[106.761325,-6.424187],[106.761325,-6.423777],[106.7605,-6.423367],[106.7605,-6.419268],[106.759813,-6.419131],[106.759538,-6.418858],[106.759538,-6.418311],[106.758713,-6.417901],[106.758713,-6.417491],[106.759538,-6.417081],[106.759538,-6.416535],[106.759813,-6.416261],[106.760362,-6.416261],[106.7605,-6.415578],[106.761325,-6.415168],[106.761325,-6.414758],[106.7605,-6.414348],[106.7605,-6.410249],[106.761325,-6.409839],[106.761325,-6.409292],[106.7616,-6.409019],[106.763937,-6.409019],[106.76435,-6.408199],[106.764763,-6.408199],[106.765175,-6.409019],[106.765725,-6.409019],[106.766137,-6.408199],[106.766825,-6.408062],[106.766825,-6.406695],[106.7671,-6.406422],[106.767513,-6.406422],[106.767925,-6.407242],[106.768475,-6.407242],[106.76875,-6.407515],[106.76875,-6.408882],[106.7693,-6.409019],[106.769438,-6.403962],[106.769712,-6.403689],[106.7704,-6.403552],[106.7704,-6.402186],[106.771225,-6.401776],[106.771225,-6.401229],[106.7715,-6.400956]],[[106.773013,-6.400409],[106.773288,-6.400136],[106.773837,-6.400136],[106.774113,-6.400409],[106.774113,-6.400956],[106.773288,-6.401093],[106.773013,-6.400819],[106.773013,-6.400409]],[[106.77865,-6.317452],[106.7792,-6.317452],[106.779475,-6.317725],[106.779475,-6.318135],[106.7792,-6.318408],[106.77865,-6.318408],[106.778375,-6.318135],[106.778375,-6.317725],[106.77865,-6.317452]]]},"properties":{"layer_id":"historis_risiko","jenis":"banjir","nama":"Bahaya banjir rendah","sumber":"InaRISK (BNPB)","atribut":{"kelas":"rendah"}}},{"type":"Feature","geometry":{"type":"Polygon","coordinates":[[[106.703987,-6.28],[106.703987,-6.283144],[106.703163,-6.283554],[106.703163,-6.284921],[106.703987,-6.285331],[106.703987,-6.286698],[106.70495,-6.286971],[106.70495,-6.287655],[106.704675,-6.287928],[106.703987,-6.288065],[106.704125,-6.288611],[106.704675,-6.288611],[106.70495,-6.288885],[106.70495,-6.289431],[106.704675,-6.289705],[106.703987,-6.289842],[106.703987,-6.291208],[106.704675,-6.291345],[106.70495,-6.291618],[106.70495,-6.292029],[106.705775,-6.292439],[106.705912,-6.293122],[106.707425,-6.293122],[106.707563,-6.293942],[106.70825,-6.294079],[106.708388,-6.293395],[106.707425,-6.293122],[106.707425,-6.291618],[106.7077,-6.291345],[106.710175,-6.291208],[106.710175,-6.290662],[106.709488,-6.290525],[106.709213,-6.290252],[106.709213,-6.288885],[106.708388,-6.288475],[106.708388,-6.288065],[106.709213,-6.287655],[106.709213,-6.287108],[106.708388,-6.286698],[106.70825,-6.286014],[106.7077,-6.286014],[106.707425,-6.285741],[106.707425,-6.285331],[106.7077,-6.285057],[106.708388,-6.284921],[106.708388,-6.283554],[106.708663,-6.283281],[106.711275,-6.283417],[106.711275,-6.285741],[106.7121,-6.286151],[106.7121,-6.286698],[106.711275,-6.287108],[106.711275,-6.287655],[106.711825,-6.287791],[106.712238,-6.288611],[106.713612,-6.288611],[106.713887,-6.288885],[106.713887,-6.289431],[106.713063,-6.289842],[106.7132,-6.293122],[106.714575,-6.293122],[106.71485,-6.293395],[106.714988,-6.294079],[106.715537,-6.293942],[106.715537,-6.293395],[106.715812,-6.293122],[106.716363,-6.293122],[106.716638,-6.293395],[106.716638,-6.294762],[106.717325,-6.294762],[106.717325,-6.292439],[106.714988,-6.292302],[106.714713,-6.292029],[106.714713,-6.289842],[106.714988,-6.289568],[106.7154,-6.289568],[106.715812,-6.290388],[106.716363,-6.290388],[106.7165,-6.288885],[106.716775,-6.288611],[106.717462,-6.288748],[106.717462,-6.290252],[106.71815,-6.290388],[106.718425,-6.290662],[106.718425,-6.292029],[106.71925,-6.292439],[106.71925,-6.292985],[106.718425,-6.293395],[106.718563,-6.294899],[106.719938,-6.294899],[106.72035,-6.294079],[106.721725,-6.294079],[106.721863,-6.291618],[106.722138,-6.291345],[106.723512,-6.291345],[106.723788,-6.291618],[106.723788,-6.303783],[106.723512,-6.304057],[106.722825,-6.304193],[106.722825,-6.311848],[106.723512,-6.311984],[106.723788,-6.312258],[106.723788,-6.313624],[106.724338,-6.313761],[106.724613,-6.314035],[106.724613,-6.314581],[106.7253,-6.314718],[106.725713,-6.315538],[106.726263,-6.315538],[106.726538,-6.315811],[106.726675,-6.316495],[106.72805,-6.316495],[106.728325,-6.316768],[106.728325,-6.318135],[106.72915,-6.318545],[106.729287,-6.319228],[106.730663,-6.319228],[106.730937,-6.319502],[106.730937,-6.321005],[106.730113,-6.321279],[106.730113,-6.326199],[106.729838,-6.326472],[106.72915,-6.326609],[106.729287,-6.327292],[106.730663,-6.327292],[106.7308,-6.325789],[106.731075,-6.325516],[106.731763,-6.325379],[106.731763,-6.324832],[106.731075,-6.324695],[106.7308,-6.324422],[106.7308,-6.321142],[106.731625,-6.321005],[106.731763,-6.320322],[106.732038,-6.320048],[106.73245,-6.320048],[106.732588,-6.319502],[106.732038,-6.319365],[106.731763,-6.319092],[106.731763,-6.318545],[106.731075,-6.318408],[106.7308,-6.318135],[106.7308,-6.317725],[106.731075,-6.317452],[106.733413,-6.317452],[106.733688,-6.317725],[106.733688,-6.318135],[106.734513,-6.318545],[106.734513,-6.323602],[106.7352,-6.323739],[106.735475,-6.324012],[106.735475,-6.324422],[106.7352,-6.324695],[106.733688,-6.324832],[106.733688,-6.327976],[106.734513,-6.328249],[106.73465,-6.330026],[106.736025,-6.330026],[106.7363,-6.330299],[106.7363,-6.331666],[106.737125,-6.331803],[106.7374,-6.332623],[106.737813,-6.332623],[106.73795,-6.332076],[106.737125,-6.331803],[106.737262,-6.329069],[106.737813,-6.329069],[106.738088,-6.329343],[106.738225,-6.330846],[106.7407,-6.330709],[106.7407,-6.329343],[106.739875,-6.328932],[106.739875,-6.328386],[106.7407,-6.327976],[106.7407,-6.325789],[106.739875,-6.325379],[106.739738,-6.324695],[106.736438,-6.324695],[106.736163,-6.324422],[106.736163,-6.323055],[106.735337,-6.322645],[106.735337,-6.320322],[106.736163,-6.319912],[106.736163,-6.318545],[106.735613,-6.318408],[106.7352,-6.317588],[106.73465,-6.317588],[106.734375,-6.317315],[106.734238,-6.314855],[106.732038,-6.314855],[106.731763,-6.314581],[106.731625,-6.313898],[106.728463,-6.313898],[106.72805,-6.313078],[106.726675,-6.313078],[106.7264,-6.312804],[106.7264,-6.312258],[106.725713,-6.312121],[106.725437,-6.311848],[106.725437,-6.310481],[106.72475,-6.310344],[106.724475,-6.310071],[106.724475,-6.308704],[106.72475,-6.308431],[106.725437,-6.308294],[106.725437,-6.304193],[106.725713,-6.30392],[106.7264,-6.303783],[106.726538,-6.302963],[106.727087,-6.302963],[106.727362,-6.303237],[106.727362,-6.303783],[106.72805,-6.30392],[106.728325,-6.304193],[106.728325,-6.30474],[106.72915,-6.30515],[106.72915,-6.30556],[106.728325,-6.30597],[106.728463,-6.306654],[106.729838,-6.306654],[106.729975,-6.30597],[106.73025,-6.305697],[106.730663,-6.305697],[106.731075,-6.304877],[106.731763,-6.30474],[106.731625,-6.304057],[106.729287,-6.304057],[106.729012,-6.303783],[106.729012,-6.303237],[106.728188,-6.302827],[106.728188,-6.30146],[106.7275,-6.301323],[106.727225,-6.30105],[106.727225,-6.30064],[106.7275,-6.300366],[106.72805,-6.300366],[106.728188,-6.299683],[106.729012,-6.299273],[106.729012,-6.298726],[106.728188,-6.298316],[106.728188,-6.297906],[106.729012,-6.297496],[106.729012,-6.296129],[106.728188,-6.295719],[106.728325,-6.294899],[106.731625,-6.294899],[106.7319,-6.295172],[106.7319,-6.295719],[106.731625,-6.295992],[106.730937,-6.296129],[106.730937,-6.297496],[106.730663,-6.297769],[106.73025,-6.297769],[106.730113,-6.298316],[106.730937,-6.298726],[106.731075,-6.29941],[106.731625,-6.29941],[106.731763,-6.298726],[106.732588,-6.298316],[106.732588,-6.294352],[106.731763,-6.293942],[106.731625,-6.293259],[106.731075,-6.293259],[106.7308,-6.292985],[106.7308,-6.292439],[106.73025,-6.292302],[106.729975,-6.292029],[106.729975,-6.291618],[106.73025,-6.291345],[106.731625,-6.291345],[106.7319,-6.291618],[106.7319,-6.292029],[106.732725,-6.292439],[106.732725,-6.292985],[106.733413,-6.293122],[106.733688,-6.293395],[106.733688,-6.293942],[106.734513,-6.294352],[106.734513,-6.295719],[106.7352,-6.295856],[106.735475,-6.296129],[106.735475,-6.299273],[106.7363,-6.299683],[106.736438,-6.300366],[106.73795,-6.30023],[106.73795,-6.298726],[106.736438,-6.298589],[106.736163,-6.298316],[106.736163,-6.296949],[106.736438,-6.296676],[106.738775,-6.296676],[106.73905,-6.296949],[106.739187,-6.297633],[106.740562,-6.297633],[106.740837,-6.297906],[106.740837,-6.299273],[106.7418,-6.299546],[106.7418,-6.30105],[106.742625,-6.30146],[106.742625,-6.30474],[106.7418,-6.30515],[106.7418,-6.307337],[106.741525,-6.307611],[106.740837,-6.307747],[106.740837,-6.311848],[106.740013,-6.312258],[106.740013,-6.312804],[106.740562,-6.312941],[106.740975,-6.313761],[106.741663,-6.313624],[106.741663,-6.312258],[106.742487,-6.311848],[106.742487,-6.310481],[106.741663,-6.310071],[106.741663,-6.308704],[106.741938,-6.308431],[106.7451,-6.308431],[106.745238,-6.30597],[106.745513,-6.305697],[106.746887,-6.305697],[106.7473,-6.304877],[106.747713,-6.304877],[106.747988,-6.30515],[106.747988,-6.306517],[106.748675,-6.306654],[106.74895,-6.306927],[106.74895,-6.309114],[106.748675,-6.309387],[106.747988,-6.309524],[106.747988,-6.310071],[106.747163,-6.310481],[106.747163,-6.311028],[106.746887,-6.311301],[106.7462,-6.311438],[106.746337,-6.311984],[106.746887,-6.311984],[106.747163,-6.312258],[106.747163,-6.319092],[106.746887,-6.319365],[106.746337,-6.319365],[106.7462,-6.319912],[106.745375,-6.320322],[106.745375,-6.321689],[106.7462,-6.322099],[106.746337,-6.322782],[106.746887,-6.322782],[106.747025,-6.322099],[106.7473,-6.321825],[106.748675,-6.321825],[106.74895,-6.322099],[106.74895,-6.322645],[106.749775,-6.323055],[106.749775,-6.324422],[106.74895,-6.324832],[106.74895,-6.325379],[106.750462,-6.325516],[106.750737,-6.325789],[106.750875,-6.330846],[106.752387,-6.330709],[106.752387,-6.328386],[106.752662,-6.328112],[106.756788,-6.328112],[106.757063,-6.328386],[106.757063,-6.330709],[106.756788,-6.330983],[106.7561,-6.331119],[106.7561,-6.336176],[106.756788,-6.336313],[106.756925,-6.33563],[106.7572,-6.335356],[106.757613,-6.335356],[106.757888,-6.33563],[106.757888,-6.340687],[106.758575,-6.340823],[106.75885,-6.341097],[106.75885,-6.34424],[106.758575,-6.344513],[106.757888,-6.34465],[106.757888,-6.346973],[106.758575,-6.34711],[106.75885,-6.347383],[106.75885,-6.352304],[106.758575,-6.352577],[106.757063,-6.352714],[106.757063,-6.35326],[106.757888,-6.35367],[106.757888,-6.355037],[106.758575,-6.355174],[106.75885,-6.355447],[106.75885,-6.35859],[106.758575,-6.358864],[106.757888,-6.359],[106.757888,-6.359547],[106.758575,-6.359684],[106.75885,-6.359957],[106.75885,-6.361324],[106.758575,-6.361597],[106.756237,-6.361597],[106.755825,-6.362417],[106.75445,-6.362417],[106.754175,-6.362144],[106.754175,-6.361734],[106.753625,-6.361597],[106.753488,-6.3631],[106.753213,-6.363374],[106.751563,-6.36351],[106.751563,-6.364877],[106.750737,-6.365287],[106.750737,-6.366654],[106.751288,-6.36679],[106.751563,-6.367064],[106.751563,-6.36761],[106.75225,-6.367747],[106.752662,-6.368567],[106.753213,-6.368567],[106.75335,-6.366244],[106.754175,-6.365834],[106.754175,-6.364467],[106.75445,-6.364194],[106.755,-6.364194],[106.755138,-6.36351],[106.755413,-6.363237],[106.7605,-6.3631],[106.7605,-6.360777],[106.761325,-6.360367],[106.761325,-6.359],[106.7605,-6.35859],[106.7605,-6.357907],[106.761188,-6.35777],[106.7616,-6.35695],[106.762287,-6.356814],[106.762287,-6.35449],[106.7616,-6.354354],[106.761325,-6.35408],[106.761325,-6.35367],[106.7616,-6.353397],[106.762287,-6.35326],[106.762287,-6.351757],[106.762563,-6.351484],[106.764075,-6.351347],[106.764075,-6.350937],[106.763388,-6.3508],[106.763113,-6.350527],[106.763113,-6.34998],[106.762287,-6.34957],[106.762287,-6.347383],[106.7616,-6.347247],[106.761325,-6.346973],[106.761325,-6.343693],[106.7616,-6.34342],[106.762287,-6.343283],[106.762287,-6.341917],[106.7616,-6.34178],[106.761325,-6.341507],[106.761325,-6.339183],[106.7605,-6.338773],[106.7605,-6.336586],[106.759813,-6.33645],[106.759538,-6.336176],[106.759538,-6.33563],[106.759813,-6.335356],[106.760362,-6.335356],[106.7605,-6.33481],[106.759813,-6.334673],[106.759538,-6.3344],[106.759538,-6.332896],[106.758988,-6.332759],[106.758713,-6.332486],[106.758713,-6.332076],[106.758988,-6.331803],[106.7605,-6.331666],[106.7605,-6.330299],[106.759813,-6.330163],[106.759538,-6.329889],[106.759538,-6.327566],[106.759813,-6.327292],[106.76215,-6.327292],[106.762425,-6.327566],[106.762425,-6.327976],[106.76325,-6.328386],[106.763388,-6.329069],[106.764763,-6.329069],[106.7649,-6.325789],[106.764075,-6.325379],[106.763937,-6.324695],[106.763388,-6.324695],[106.76325,-6.325379],[106.762975,-6.325652],[106.7616,-6.325652],[106.761325,-6.325379],[106.761325,-6.324832],[106.760775,-6.324695],[106.760638,-6.325379],[106.760362,-6.325652],[106.759813,-6.325652],[106.7594,-6.326472],[106.758988,-6.326472],[106.758575,-6.325652],[106.758025,-6.325652],[106.75775,-6.325379],[106.757613,-6.324695],[106.757063,-6.324832],[106.757063,-6.325379],[106.756788,-6.325652],[106.756237,-6.325652],[106.755963,-6.325379],[106.755825,-6.324695],[106.75445,-6.324695],[106.754312,-6.325379],[106.754037,-6.325652],[106.753625,-6.325652],[106.75335,-6.325379],[106.75335,-6.323055],[106.754175,-6.322645],[106.754175,-6.320322],[106.75335,-6.319912],[106.75335,-6.318545],[106.753625,-6.318272],[106.754037,-6.318272],[106.754312,-6.318545],[106.754312,-6.319092],[106.755,-6.319228],[106.755413,-6.320048],[106.757613,-6.320048],[106.757888,-6.320322],[106.758025,-6.322782],[106.7594,-6.322782],[106.759538,-6.322099],[106.759813,-6.321825],[106.7605,-6.321689],[106.760362,-6.321142],[106.759813,-6.321142],[106.759538,-6.320869],[106.759538,-6.320322],[106.759813,-6.320048],[106.7605,-6.319912],[106.760362,-6.317588],[106.759813,-6.317588],[106.7594,-6.318408],[106.758025,-6.318408],[106.757613,-6.317588],[106.756237,-6.317588],[106.755963,-6.317315],[106.755963,-6.314991],[106.756237,-6.314718],[106.75775,-6.314581],[106.75775,-6.310481],[106.7572,-6.310344],[106.757063,-6.311028],[106.756788,-6.311301],[106.756237,-6.311301],[106.755963,-6.311028],[106.755963,-6.307747],[106.755413,-6.307611],[106.755,-6.30679],[106.753625,-6.30679],[106.75335,-6.306517],[106.75335,-6.30597],[106.752662,-6.305834],[106.752387,-6.30556],[106.752387,-6.304193],[106.7517,-6.304057],[106.751425,-6.303783],[106.751425,-6.30146],[106.749913,-6.301323],[106.749638,-6.30105],[106.749638,-6.299683],[106.748812,-6.299273],[106.748812,-6.298726],[106.7473,-6.298589],[106.747025,-6.298316],[106.747025,-6.297906],[106.74785,-6.297496],[106.74785,-6.296129],[106.746337,-6.295992],[106.746063,-6.295719],[106.745925,-6.294215],[106.743725,-6.294215],[106.74345,-6.293942],[106.743313,-6.293259],[106.738225,-6.293259],[106.73795,-6.292985],[106.737813,-6.292302],[106.736438,-6.292302],[106.736163,-6.292029],[106.736163,-6.290662],[106.735613,-6.290525],[106.7352,-6.289705],[106.73465,-6.289705],[106.734375,-6.289431],[106.734375,-6.288885],[106.733825,-6.288748],[106.733413,-6.287928],[106.732038,-6.287928],[106.731763,-6.287655],[106.731763,-6.285331],[106.732588,-6.284921],[106.732588,-6.28082],[106.732038,-6.280683],[106.731763,-6.28041],[106.731763,-6.28],[106.726538,-6.28],[106.726538,-6.281367],[106.726263,-6.28164],[106.725575,-6.281777],[106.725713,-6.282324],[106.726263,-6.282324],[106.726538,-6.282597],[106.7264,-6.285194],[106.72475,-6.285194],[106.724475,-6.284921],[106.724475,-6.284374],[106.72365,-6.283964],[106.72365,-6.282597],[106.722963,-6.28246],[106.72255,-6.28164],[106.722138,-6.28164],[106.721725,-6.28246],[106.72035,-6.28246],[106.720213,-6.283144],[106.719938,-6.283417],[106.719387,-6.283417],[106.719113,-6.283144],[106.719113,-6.282597],[106.718288,-6.282187],[106.718288,-6.28164],[106.718975,-6.281504],[106.719113,-6.28082],[106.719387,-6.280547],[106.719938,-6.280547],[106.720075,-6.28],[106.703987,-6.28]],[[106.759538,-6.357224],[106.759813,-6.35695],[106.760362,-6.35695],[106.760638,-6.357224],[106.760638,-6.35777],[106.759813,-6.357907],[106.759538,-6.357634],[106.759538,-6.357224]],[[106.760775,-6.351484],[106.761188,-6.351484],[106.761463,-6.351757],[106.761463,-6.352304],[106.761188,-6.352577],[106.760775,-6.352577],[106.7605,-6.352304],[106.7605,-6.351757],[106.760775,-6.351484]],[[106.735613,-6.326336],[106.736025,-6.326336],[106.7363,-6.326609],[106.7363,-6.327976],[106.736987,-6.328112],[106.737262,-6.328386],[106.737125,-6.329206],[106.735613,-6.329206],[106.735337,-6.328932],[106.7352,-6.328249],[106.734375,-6.328112],[106.734375,-6.327566],[106.73465,-6.327292],[106.7352,-6.327292],[106.735337,-6.326609],[106.735613,-6.326336]],[[106.725713,-6.301186],[106.726263,-6.301186],[106.726538,-6.30146],[106.7264,-6.3031],[106.725713,-6.3031],[106.725437,-6.302827],[106.725437,-6.30146],[106.725713,-6.301186]],[[106.741938,-6.296676],[106.74235,-6.296676],[106.742625,-6.296949],[106.742625,-6.299273],[106.74235,-6.299546],[106.741663,-6.29941],[106.741663,-6.296949],[106.741938,-6.296676]],[[106.727225,-6.294352],[106.7275,-6.294079],[106.72805,-6.294079],[106.728325,-6.294352],[106.728325,-6.294899],[106.7275,-6.295036],[106.727225,-6.294762],[106.727225,-6.294352]],[[106.727225,-6.287928],[106.72805,-6.287791],[106.728325,-6.288065],[106.728325,-6.288475],[106.72805,-6.288748],[106.7275,-6.288748],[106.727225,-6.288475],[106.727225,-6.287928]],[[106.7176,-6.287791],[106.71815,-6.287791],[106.718425,-6.288065],[106.718425,-6.288475],[106.71815,-6.288748],[106.717325,-6.288611],[106.717325,-6.288065],[106.7176,-6.287791]],[[106.705088,-6.285878],[106.7055,-6.285878],[106.705775,-6.286151],[106.705775,-6.286698],[106.7055,-6.286971],[106.704813,-6.286834],[106.704813,-6.286151],[106.705088,-6.285878]],[[106.726538,-6.285057],[106.727087,-6.285057],[106.727362,-6.285331],[106.727225,-6.287928],[106.726675,-6.287928],[106.7264,-6.287655],[106.726538,-6.285057]],[[106.711413,-6.282324],[106.711825,-6.282324],[106.7121,-6.282597],[106.7121,-6.283144],[106.711825,-6.283417],[106.711138,-6.283281],[106.711138,-6.282597],[106.711413,-6.282324]],[[106.7176,-6.280547],[106.71815,-6.280547],[106.718425,-6.28082],[106.718288,-6.28164],[106.7176,-6.28164],[106.717325,-6.281367],[106.717325,-6.28082],[106.7176,-6.280547]]]},"properties":{"layer_id":"historis_risiko","jenis":"banjir","nama":"Bahaya banjir rendah","sumber":"InaRISK (BNPB)","atribut":{"kelas":"rendah"}}},{"type":"Feature","geometry":{"type":"Polygon","coordinates":[[[106.821,-6.558634],[106.820863,-6.559863],[106.822375,-6.559863],[106.822375,-6.559454],[106.821687,-6.559454],[106.821275,-6.558634],[106.821,-6.558634]]]},"properties":{"layer_id":"historis_risiko","jenis":"banjir","nama":"Bahaya banjir sedang","sumber":"InaRISK (BNPB)","atribut":{"kelas":"sedang"}}},{"type":"Feature","geometry":{"type":"Polygon","coordinates":[[[106.718563,-6.558497],[106.7187,-6.559863],[106.721587,-6.559863],[106.720763,-6.55918],[106.720763,-6.558497],[106.718563,-6.558497]]]},"properties":{"layer_id":"historis_risiko","jenis":"banjir","nama":"Bahaya banjir sedang","sumber":"InaRISK (BNPB)","atribut":{"kelas":"sedang"}}},{"type":"Feature","geometry":{"type":"Polygon","coordinates":[[[106.705912,-6.558087],[106.705638,-6.558907],[106.705912,-6.559454],[106.705775,-6.559863],[106.707425,-6.559863],[106.707288,-6.558497],[106.706738,-6.558497],[106.706325,-6.557951],[106.705912,-6.558087]]]},"properties":{"layer_id":"historis_risiko","jenis":"banjir","nama":"Bahaya banjir sedang","sumber":"InaRISK (BNPB)","atribut":{"kelas":"sedang"}}},{"type":"Feature","geometry":{"type":"Polygon","coordinates":[[[106.715125,-6.554126],[106.71485,-6.555218],[106.715812,-6.555765],[106.715812,-6.557814],[106.716913,-6.558224],[106.718013,-6.557951],[106.718013,-6.557678],[106.7165,-6.557404],[106.716363,-6.555628],[106.716775,-6.555082],[106.715537,-6.554809],[106.7154,-6.554262],[106.715125,-6.554126]]]},"properties":{"layer_id":"historis_risiko","jenis":"banjir","nama":"Bahaya banjir sedang","sumber":"InaRISK (BNPB)","atribut":{"kelas":"sedang"}}},{"type":"Feature","geometry":{"type":"Polygon","coordinates":[[[106.702337,-6.538005],[106.702337,-6.539098],[106.70385,-6.539371],[106.703987,-6.540054],[106.704813,-6.540191],[106.705088,-6.54101],[106.705775,-6.541284],[106.705912,-6.542103],[106.707563,-6.54224],[106.7077,-6.543743],[106.710863,-6.543743],[106.711413,-6.544153],[106.711413,-6.545382],[106.7121,-6.545519],[106.712375,-6.546338],[106.713612,-6.546338],[106.714025,-6.546748],[106.714025,-6.549071],[106.71375,-6.549344],[106.713063,-6.549481],[106.7132,-6.552623],[106.71375,-6.552623],[106.714025,-6.552896],[106.714163,-6.553579],[106.714438,-6.553442],[106.714575,-6.55235],[106.713887,-6.552213],[106.713612,-6.551803],[106.71375,-6.5503],[106.714163,-6.550027],[106.715263,-6.54989],[106.714988,-6.548114],[106.7154,-6.547705],[106.715537,-6.546612],[106.717188,-6.546338],[106.717462,-6.545655],[106.718288,-6.545655],[106.718563,-6.546338],[106.718288,-6.546748],[106.7176,-6.546748],[106.7176,-6.547158],[106.718288,-6.547295],[106.718563,-6.547568],[106.718563,-6.548114],[106.719113,-6.548251],[106.719525,-6.549071],[106.7209,-6.549207],[106.721175,-6.550164],[106.723512,-6.550027],[106.723925,-6.550437],[106.723925,-6.550847],[106.724475,-6.550847],[106.72475,-6.55112],[106.72475,-6.551803],[106.7264,-6.551803],[106.726813,-6.552486],[106.729975,-6.552759],[106.73025,-6.553716],[106.733413,-6.553716],[106.733688,-6.553989],[106.733825,-6.554672],[106.736163,-6.554672],[106.736438,-6.555492],[106.739875,-6.555492],[106.74015,-6.558224],[106.73905,-6.558497],[106.73905,-6.559863],[106.740837,-6.559863],[106.740562,-6.558087],[106.742075,-6.556994],[106.743037,-6.557404],[106.74345,-6.557814],[106.743863,-6.558634],[106.743863,-6.559863],[106.745925,-6.559863],[106.746063,-6.557678],[106.7451,-6.557131],[106.7451,-6.556585],[106.74565,-6.556311],[106.745925,-6.555902],[106.74455,-6.555765],[106.744138,-6.555355],[106.744138,-6.554945],[106.743588,-6.554945],[106.742625,-6.554126],[106.742213,-6.553033],[106.740013,-6.552896],[106.739738,-6.552213],[106.739325,-6.552076],[106.738225,-6.552076],[106.73795,-6.552896],[106.736438,-6.553033],[106.735475,-6.552213],[106.733688,-6.552076],[106.733413,-6.55112],[106.72915,-6.55112],[106.728875,-6.5503],[106.727362,-6.5503],[106.727087,-6.550027],[106.727087,-6.549481],[106.722825,-6.549344],[106.722413,-6.547841],[106.72035,-6.547705],[106.719938,-6.547295],[106.720075,-6.545792],[106.7209,-6.545519],[106.721038,-6.544699],[106.72255,-6.544562],[106.72255,-6.544016],[106.722825,-6.543743],[106.723512,-6.543743],[106.72365,-6.54224],[106.724338,-6.541967],[106.724338,-6.541557],[106.72475,-6.54101],[106.72805,-6.54101],[106.72805,-6.540464],[106.728463,-6.540054],[106.729838,-6.540191],[106.730113,-6.540464],[106.73025,-6.542103],[106.735337,-6.542103],[106.735613,-6.542923],[106.737538,-6.542923],[106.737813,-6.542786],[106.738225,-6.541967],[106.738775,-6.54183],[106.738775,-6.54142],[106.73905,-6.541147],[106.739875,-6.541147],[106.740013,-6.542786],[106.7407,-6.542923],[106.740975,-6.543743],[106.741525,-6.543743],[106.741938,-6.544153],[106.741938,-6.544562],[106.745925,-6.544562],[106.746337,-6.544972],[106.746337,-6.546338],[106.746887,-6.546338],[106.7473,-6.546748],[106.7473,-6.548251],[106.747713,-6.548251],[106.748125,-6.548661],[106.748125,-6.549071],[106.749638,-6.549207],[106.749913,-6.550164],[106.7506,-6.550164],[106.750875,-6.550437],[106.750875,-6.550847],[106.75225,-6.550847],[106.7528,-6.55194],[106.75335,-6.551666],[106.753488,-6.550983],[106.755138,-6.550983],[106.755275,-6.551803],[106.755963,-6.55194],[106.7561,-6.552623],[106.756925,-6.552759],[106.757063,-6.553579],[106.757888,-6.553852],[106.757888,-6.554535],[106.75885,-6.554809],[106.75885,-6.556448],[106.758025,-6.556585],[106.757613,-6.557404],[106.756375,-6.557404],[106.7561,-6.557678],[106.756237,-6.559863],[106.758575,-6.559863],[106.758713,-6.558361],[106.760362,-6.558087],[106.7605,-6.554945],[106.759538,-6.554672],[106.759538,-6.553033],[106.758988,-6.552896],[106.758575,-6.552076],[106.75775,-6.55194],[106.75775,-6.55071],[106.757613,-6.550437],[106.756925,-6.550164],[106.756925,-6.549617],[106.75665,-6.549344],[106.7561,-6.549344],[106.755825,-6.548524],[106.752662,-6.548524],[106.752525,-6.549207],[106.75225,-6.549481],[106.7517,-6.549481],[106.751425,-6.549207],[106.751425,-6.548661],[106.7506,-6.548388],[106.7506,-6.546748],[106.74895,-6.546612],[106.748675,-6.546338],[106.748675,-6.545929],[106.748125,-6.545929],[106.747713,-6.545519],[106.74785,-6.544289],[106.747575,-6.544016],[106.746337,-6.544153],[106.745925,-6.543606],[106.745925,-6.543196],[106.744412,-6.543196],[106.744138,-6.542923],[106.744138,-6.542376],[106.743588,-6.542376],[106.74235,-6.541147],[106.74235,-6.539507],[106.737538,-6.539507],[106.737262,-6.539781],[106.737262,-6.541147],[106.7363,-6.541284],[106.736025,-6.540464],[106.73575,-6.540327],[106.733688,-6.540327],[106.733413,-6.540054],[106.733413,-6.539644],[106.731075,-6.539507],[106.7308,-6.539234],[106.730663,-6.538551],[106.7275,-6.538551],[106.727225,-6.539644],[106.723925,-6.539644],[106.72365,-6.540327],[106.722963,-6.540327],[106.722825,-6.542103],[106.722138,-6.54224],[106.722,-6.542923],[106.721725,-6.543196],[106.719387,-6.54306],[106.719113,-6.544016],[106.714163,-6.544153],[106.712925,-6.543879],[106.712788,-6.54224],[106.70935,-6.54224],[106.709075,-6.541284],[106.707563,-6.541284],[106.707425,-6.540464],[106.7066,-6.540191],[106.706463,-6.538551],[106.703025,-6.538551],[106.70275,-6.537868],[106.702337,-6.538005]]]},"properties":{"layer_id":"historis_risiko","jenis":"banjir","nama":"Bahaya banjir sedang","sumber":"InaRISK (BNPB)","atribut":{"kelas":"sedang"}}},{"type":"Feature","geometry":{"type":"Polygon","coordinates":[[[106.7,-6.536775],[106.7,-6.543879],[106.700412,-6.544016],[106.700412,-6.545655],[106.7,-6.545792],[106.7,-6.548388],[106.700412,-6.548524],[106.70055,-6.550847],[106.7022,-6.550847],[106.70275,-6.551393],[106.70275,-6.552623],[106.703025,-6.553442],[106.702613,-6.553716],[106.702337,-6.553306],[106.702337,-6.552213],[106.700412,-6.552076],[106.700275,-6.551257],[106.7,-6.55112],[106.7,-6.559863],[106.70055,-6.559863],[106.700825,-6.559317],[106.702888,-6.558497],[106.702888,-6.557541],[106.702062,-6.557131],[106.702062,-6.556721],[106.702337,-6.556448],[106.703025,-6.556448],[106.7033,-6.556721],[106.7033,-6.557131],[106.703713,-6.557131],[106.704125,-6.557541],[106.704262,-6.558087],[106.7055,-6.557814],[106.705775,-6.557541],[106.7055,-6.557268],[106.7055,-6.556721],[106.705088,-6.556721],[106.704675,-6.556311],[106.704675,-6.555082],[106.703987,-6.554945],[106.703713,-6.554672],[106.703713,-6.551257],[106.703163,-6.551257],[106.702888,-6.550983],[106.702888,-6.548661],[106.702475,-6.548661],[106.701925,-6.548251],[106.702062,-6.546748],[106.701375,-6.546612],[106.7011,-6.546202],[106.701375,-6.545655],[106.702062,-6.545519],[106.702062,-6.543196],[106.701238,-6.542923],[106.7011,-6.540464],[106.70055,-6.540464],[106.700137,-6.540054],[106.700275,-6.538551],[106.700688,-6.538278],[106.700688,-6.537868],[106.700275,-6.537595],[106.700275,-6.536912],[106.7,-6.536775]]]},"properties":{"layer_id":"historis_risiko","jenis":"banjir","nama":"Bahaya banjir sedang","sumber":"InaRISK (BNPB)","atribut":{"kelas":"sedang"}}},{"type":"Feature","geometry":{"type":"Polygon","coordinates":[[[106.838188,-6.524752],[106.83805,-6.525709],[106.838463,-6.525709],[106.838463,-6.525026],[106.838188,-6.524752]]]},"properties":{"layer_id":"historis_risiko","jenis":"banjir","nama":"Bahaya banjir sedang","sumber":"InaRISK (BNPB)","atribut":{"kelas":"sedang"}}},{"type":"Feature","geometry":{"type":"Polygon","coordinates":[[[106.767925,-6.524206],[106.767787,-6.526665],[106.768475,-6.526802],[106.768613,-6.524342],[106.767925,-6.524206]]]},"properties":{"layer_id":"historis_risiko","jenis":"banjir","nama":"Bahaya banjir sedang","sumber":"InaRISK (BNPB)","atribut":{"kelas":"sedang"}}},{"type":"Feature","geometry":{"type":"Polygon","coordinates":[[[106.7,-6.52161],[106.7,-6.522976],[106.700412,-6.523113],[106.70055,-6.524069],[106.701238,-6.523933],[106.701238,-6.523249],[106.701513,-6.522976],[106.701925,-6.522976],[106.7022,-6.523249],[106.7022,-6.523796],[106.702475,-6.524069],[106.703025,-6.523796],[106.703163,-6.523113],[106.704675,-6.522976],[106.70495,-6.523249],[106.70495,-6.526665],[106.705638,-6.526802],[106.705912,-6.527621],[106.70825,-6.527485],[106.70825,-6.526119],[106.707425,-6.525845],[106.707425,-6.525299],[106.7066,-6.524889],[106.706463,-6.524206],[106.705638,-6.524069],[106.705638,-6.523249],[106.705912,-6.522976],[106.706463,-6.522976],[106.706463,-6.522566],[106.703987,-6.522566],[106.703025,-6.522293],[106.702888,-6.521473],[106.703163,-6.5212],[106.703713,-6.5212],[106.703575,-6.519834],[106.7033,-6.51997],[106.702888,-6.520927],[106.702475,-6.521063],[106.7022,-6.521473],[106.7,-6.52161]]]},"properties":{"layer_id":"historis_risiko","jenis":"banjir","nama":"Bahaya banjir sedang","sumber":"InaRISK (BNPB)","atribut":{"kelas":"sedang"}}},{"type":"Feature","geometry":{"type":"Polygon","coordinates":[[[106.70495,-6.519834],[106.705088,-6.521337],[106.707288,-6.521337],[106.707563,-6.519561],[106.711,-6.519561],[106.711275,-6.519834],[106.711413,-6.520517],[106.712925,-6.520517],[106.713063,-6.5212],[106.713887,-6.521473],[106.714025,-6.522293],[106.714713,-6.522156],[106.714575,-6.521473],[106.713887,-6.521473],[106.71375,-6.52079],[106.712925,-6.520517],[106.712788,-6.518877],[106.7077,-6.518877],[106.707563,-6.519561],[106.706875,-6.519697],[106.706738,-6.52038],[106.706463,-6.520654],[106.705912,-6.520654],[106.705638,-6.52038],[106.7055,-6.519697],[106.70495,-6.519834]]]},"properties":{"layer_id":"historis_risiko","jenis":"banjir","nama":"Bahaya banjir sedang","sumber":"InaRISK (BNPB)","atribut":{"kelas":"sedang"}}},{"type":"Feature","geometry":{"type":"Polygon","coordinates":[[[106.752387,-6.516145],[106.751563,-6.516282],[106.751563,-6.517648],[106.750737,-6.518058],[106.7506,-6.518877],[106.74895,-6.519014],[106.74895,-6.519424],[106.749775,-6.519834],[106.749913,-6.521337],[106.7506,-6.5212],[106.7506,-6.518877],[106.752387,-6.518604],[106.752387,-6.516145]]]},"properties":{"layer_id":"historis_risiko","jenis":"banjir","nama":"Bahaya banjir sedang","sumber":"InaRISK (BNPB)","atribut":{"kelas":"sedang"}}},{"type":"Feature","geometry":{"type":"Polygon","coordinates":[[[106.9079,-6.510407],[106.907625,-6.510816],[106.907488,-6.512183],[106.908038,-6.512593],[106.908038,-6.513139],[106.909688,-6.513139],[106.909963,-6.512866],[106.910925,-6.513139],[106.911613,-6.513822],[106.911888,-6.514642],[106.912575,-6.515189],[106.912712,-6.515872],[106.912987,-6.515735],[106.912987,-6.515189],[106.913263,-6.514915],[106.914225,-6.514779],[106.914362,-6.513686],[106.91395,-6.513412],[106.91395,-6.512866],[106.9123,-6.512456],[106.9123,-6.510133],[106.911338,-6.510133],[106.910375,-6.510816],[106.908862,-6.510816],[106.90845,-6.51027],[106.9079,-6.510407]]]},"properties":{"layer_id":"historis_risiko","jenis":"banjir","nama":"Bahaya banjir sedang","sumber":"InaRISK (BNPB)","atribut":{"kelas":"sedang"}}},{"type":"Feature","geometry":{"type":"Polygon","coordinates":[[[106.700963,-6.50945],[106.700688,-6.50945],[106.700412,-6.50986],[106.7,-6.50986],[106.7,-6.5115],[106.700275,-6.511363],[106.700275,-6.51068],[106.7011,-6.510407],[106.700963,-6.50945]]]},"properties":{"layer_id":"historis_risiko","jenis":"banjir","nama":"Bahaya banjir sedang","sumber":"InaRISK (BNPB)","atribut":{"kelas":"sedang"}}},{"type":"Feature","geometry":{"type":"Polygon","coordinates":[[[106.889612,-6.509177],[106.8903,-6.51027],[106.890163,-6.511636],[106.8914,-6.512183],[106.892088,-6.513003],[106.892775,-6.513276],[106.893187,-6.513686],[106.893187,-6.513959],[106.89415,-6.514505],[106.894563,-6.515052],[106.894563,-6.516691],[106.895112,-6.516691],[106.895525,-6.517101],[106.895525,-6.517648],[106.895938,-6.517648],[106.89635,-6.518058],[106.896213,-6.519287],[106.896488,-6.519561],[106.898688,-6.519424],[106.8991,-6.519834],[106.8991,-6.52038],[106.899513,-6.52038],[106.899925,-6.52079],[106.899925,-6.5212],[106.901438,-6.521337],[106.901713,-6.52161],[106.901713,-6.523796],[106.9024,-6.523933],[106.902675,-6.524206],[106.902675,-6.524889],[106.902125,-6.525572],[106.903363,-6.525982],[106.9035,-6.527485],[106.90515,-6.527621],[106.905288,-6.528441],[106.905975,-6.528578],[106.90625,-6.529397],[106.906937,-6.529397],[106.908038,-6.529944],[106.907212,-6.5309],[106.9079,-6.531447],[106.9079,-6.533086],[106.907625,-6.53336],[106.907212,-6.53336],[106.907212,-6.534726],[106.908587,-6.534726],[106.908725,-6.533223],[106.910375,-6.533086],[106.910512,-6.532403],[106.910787,-6.53213],[106.9112,-6.53213],[106.911613,-6.53131],[106.912163,-6.53131],[106.9123,-6.530627],[106.912575,-6.530354],[106.913263,-6.53049],[106.9134,-6.53131],[106.914088,-6.531174],[106.914088,-6.530627],[106.913263,-6.53049],[106.912987,-6.529671],[106.911475,-6.529671],[106.911062,-6.528851],[106.910238,-6.529261],[106.908313,-6.529397],[106.908175,-6.528988],[106.908587,-6.528031],[106.908587,-6.527075],[106.907763,-6.526802],[106.907763,-6.525435],[106.907488,-6.525162],[106.904463,-6.525162],[106.904188,-6.524889],[106.90405,-6.523386],[106.9035,-6.523386],[106.903087,-6.522976],[106.903225,-6.51997],[106.90295,-6.519697],[106.901575,-6.519697],[106.9013,-6.518877],[106.90075,-6.519014],[106.90075,-6.519561],[106.900475,-6.519834],[106.899925,-6.519834],[106.899513,-6.519424],[106.899375,-6.518194],[106.898,-6.518058],[106.897725,-6.517784],[106.897725,-6.517238],[106.897037,-6.516965],[106.8969,-6.516282],[106.89635,-6.516282],[106.895938,-6.515872],[106.895938,-6.514915],[106.895112,-6.514642],[106.894425,-6.513549],[106.893325,-6.513412],[106.893325,-6.512046],[106.8925,-6.511636],[106.891675,-6.510816],[106.891262,-6.509997],[106.890575,-6.50986],[106.890438,-6.50904],[106.889612,-6.509177]]]},"properties":{"layer_id":"historis_risiko","jenis":"banjir","nama":"Bahaya banjir sedang","sumber":"InaRISK (BNPB)","atribut":{"kelas":"sedang"}}},{"type":"Feature","geometry":{"type":"Polygon","coordinates":[[[106.750875,-6.508904],[106.750737,-6.509587],[106.751288,-6.509723],[106.751425,-6.50904],[106.750875,-6.508904]]]},"properties":{"layer_id":"historis_risiko","jenis":"banjir","nama":"Bahaya banjir sedang","sumber":"InaRISK (BNPB)","atribut":{"kelas":"sedang"}}},{"type":"Feature","geometry":{"type":"Polygon","coordinates":[[[106.706325,-6.491278],[106.706463,-6.491552],[106.707013,-6.491688],[106.710037,-6.491552],[106.710037,-6.491142],[106.709213,-6.491005],[106.707013,-6.491005],[106.706325,-6.491278]]]},"properties":{"layer_id":"historis_risiko","jenis":"banjir","nama":"Bahaya banjir sedang","sumber":"InaRISK (BNPB)","atribut":{"kelas":"sedang"}}},{"type":"Feature","geometry":{"type":"Polygon","coordinates":[[[106.746337,-6.489365],[106.746337,-6.489775],[106.746887,-6.489775],[106.746887,-6.489365],[106.746337,-6.489365]]]},"properties":{"layer_id":"historis_risiko","jenis":"banjir","nama":"Bahaya banjir sedang","sumber":"InaRISK (BNPB)","atribut":{"kelas":"sedang"}}},{"type":"Feature","geometry":{"type":"Polygon","coordinates":[[[106.7,-6.487316],[106.7,-6.494421],[106.701375,-6.494421],[106.702337,-6.495514],[106.702337,-6.49606],[106.702888,-6.49606],[106.7033,-6.49647],[106.7033,-6.496744],[106.70385,-6.497017],[106.705638,-6.497154],[106.70605,-6.497837],[106.707563,-6.497837],[106.709075,-6.49934],[106.70935,-6.500433],[106.710037,-6.501116],[106.710175,-6.502072],[106.709762,-6.502482],[106.70825,-6.501389],[106.707013,-6.501389],[106.707563,-6.501662],[106.707563,-6.504258],[106.7066,-6.504668],[106.706738,-6.505898],[106.71265,-6.506034],[106.712788,-6.505351],[106.713475,-6.505078],[106.714713,-6.505215],[106.714988,-6.505625],[106.71485,-6.506581],[106.715263,-6.506581],[106.716225,-6.505898],[106.716225,-6.503848],[106.71595,-6.503439],[106.715537,-6.503712],[106.713887,-6.503575],[106.713612,-6.502755],[106.714025,-6.502345],[106.714575,-6.502345],[106.715675,-6.501526],[106.71815,-6.501662],[106.718425,-6.500706],[106.719113,-6.500706],[106.71925,-6.501526],[106.720075,-6.501662],[106.720075,-6.500979],[106.71925,-6.500843],[106.719113,-6.500023],[106.721725,-6.499886],[106.722,-6.49893],[106.7253,-6.49893],[106.725575,-6.497973],[106.7264,-6.497973],[106.726813,-6.498656],[106.72805,-6.49811],[106.728738,-6.49811],[106.729287,-6.498656],[106.729563,-6.500159],[106.729287,-6.501252],[106.729425,-6.501526],[106.731763,-6.501526],[106.733275,-6.502892],[106.733688,-6.502345],[106.734238,-6.502345],[106.734787,-6.502892],[106.736712,-6.502755],[106.737262,-6.503439],[106.7374,-6.504122],[106.736987,-6.504532],[106.736438,-6.504532],[106.736438,-6.505215],[106.737262,-6.505898],[106.737675,-6.505898],[106.73795,-6.504395],[106.738775,-6.504258],[106.73905,-6.503439],[106.739738,-6.503439],[106.74015,-6.504258],[106.742487,-6.504258],[106.742762,-6.504532],[106.742762,-6.505078],[106.744275,-6.505215],[106.74455,-6.506854],[106.745375,-6.507128],[106.745375,-6.507674],[106.74565,-6.507947],[106.746063,-6.507674],[106.7462,-6.506991],[106.747025,-6.506991],[106.7473,-6.507537],[106.7473,-6.50863],[106.748537,-6.50863],[106.74895,-6.508904],[106.74895,-6.511363],[106.749638,-6.5115],[106.749913,-6.511773],[106.749913,-6.512319],[106.751563,-6.512593],[106.751563,-6.514505],[106.7517,-6.514915],[106.752112,-6.514915],[106.752662,-6.515325],[106.752525,-6.515872],[106.755,-6.516008],[106.755275,-6.516282],[106.755275,-6.517648],[106.7561,-6.517921],[106.7561,-6.522156],[106.756925,-6.522156],[106.756925,-6.518058],[106.755963,-6.517784],[106.755963,-6.515325],[106.754312,-6.515189],[106.754175,-6.514505],[106.75335,-6.514232],[106.75335,-6.511773],[106.751563,-6.511636],[106.751425,-6.510816],[106.750737,-6.51068],[106.750462,-6.50986],[106.749638,-6.509723],[106.749638,-6.508221],[106.74895,-6.508084],[106.748675,-6.507811],[106.748675,-6.507264],[106.748125,-6.507264],[106.74785,-6.506991],[106.74785,-6.505488],[106.7473,-6.505351],[106.747025,-6.506308],[106.7462,-6.506308],[106.746063,-6.505488],[106.745238,-6.505215],[106.7451,-6.503712],[106.74455,-6.503712],[106.744138,-6.503302],[106.744138,-6.502755],[106.743588,-6.502755],[106.743175,-6.501936],[106.740837,-6.501799],[106.740425,-6.500979],[106.738088,-6.500843],[106.737813,-6.500023],[106.7363,-6.500023],[106.736025,-6.499203],[106.73465,-6.499203],[106.734513,-6.499886],[106.733963,-6.500159],[106.732588,-6.500023],[106.732175,-6.49975],[106.731488,-6.498247],[106.73025,-6.498247],[106.729838,-6.497837],[106.729975,-6.497154],[106.730525,-6.497017],[106.730663,-6.496607],[106.729563,-6.495651],[106.729287,-6.495787],[106.72915,-6.496334],[106.728325,-6.496334],[106.72805,-6.495514],[106.725713,-6.495514],[106.725437,-6.496334],[106.723925,-6.49647],[106.723925,-6.497017],[106.72365,-6.49729],[106.720213,-6.497427],[106.720075,-6.497973],[106.719662,-6.498383],[106.7187,-6.498383],[106.718288,-6.499066],[106.714988,-6.499203],[106.714988,-6.49975],[106.714713,-6.500023],[106.713887,-6.500023],[106.713612,-6.499203],[106.712238,-6.499066],[106.71155,-6.498793],[106.711,-6.498247],[106.71045,-6.498247],[106.710037,-6.497837],[106.710037,-6.497427],[106.709488,-6.497427],[106.709213,-6.497154],[106.709213,-6.49647],[106.708388,-6.496197],[106.708388,-6.495514],[106.714575,-6.495377],[106.71485,-6.495651],[106.71485,-6.49606],[106.7154,-6.496197],[106.7154,-6.494558],[106.708525,-6.494558],[106.70825,-6.493601],[106.705088,-6.493601],[106.704675,-6.492781],[106.7033,-6.492781],[106.703025,-6.492508],[106.703025,-6.491962],[106.7033,-6.491688],[106.704675,-6.491688],[106.704813,-6.491278],[106.704538,-6.491005],[106.703163,-6.491005],[106.70275,-6.490322],[106.700963,-6.489912],[106.70055,-6.489502],[106.700412,-6.487863],[106.7,-6.487316]]]},"properties":{"layer_id":"historis_risiko","jenis":"banjir","nama":"Bahaya banjir sedang","sumber":"InaRISK (BNPB)","atribut":{"kelas":"sedang"}}},{"type":"Feature","geometry":{"type":"Polygon","coordinates":[[[106.832688,-6.482534],[106.832413,-6.483763],[106.832413,-6.486223],[106.8331,-6.48636],[106.833237,-6.48472],[106.833925,-6.484583],[106.834063,-6.4839],[106.833375,-6.483763],[106.8331,-6.48349],[106.832963,-6.482534],[106.832688,-6.482534]]]},"properties":{"layer_id":"historis_risiko","jenis":"banjir","nama":"Bahaya banjir sedang","sumber":"InaRISK (BNPB)","atribut":{"kelas":"sedang"}}},{"type":"Feature","geometry":{"type":"Polygon","coordinates":[[[106.781262,-6.478435],[106.781262,-6.478981],[106.782088,-6.479118],[106.782225,-6.479938],[106.782775,-6.480074],[106.782913,-6.479391],[106.782225,-6.479255],[106.78195,-6.478435],[106.781262,-6.478435]]]},"properties":{"layer_id":"historis_risiko","jenis":"banjir","nama":"Bahaya banjir sedang","sumber":"InaRISK (BNPB)","atribut":{"kelas":"sedang"}}},{"type":"Feature","geometry":{"type":"Polygon","coordinates":[[[106.77975,-6.477478],[106.779475,-6.478298],[106.779475,-6.481714],[106.78195,-6.481851],[106.782088,-6.481167],[106.7814,-6.481031],[106.781125,-6.480757],[106.781125,-6.480348],[106.7803,-6.479938],[106.7803,-6.478435],[106.780575,-6.478161],[106.780988,-6.478161],[106.780988,-6.477615],[106.77975,-6.477478]]]},"properties":{"layer_id":"historis_risiko","jenis":"banjir","nama":"Bahaya banjir sedang","sumber":"InaRISK (BNPB)","atribut":{"kelas":"sedang"}}},{"type":"Feature","geometry":{"type":"Polygon","coordinates":[[[106.741938,-6.474882],[106.741938,-6.475429],[106.74235,-6.475429],[106.74235,-6.474882],[106.741938,-6.474882]]]},"properties":{"layer_id":"historis_risiko","jenis":"banjir","nama":"Bahaya banjir sedang","sumber":"InaRISK (BNPB)","atribut":{"kelas":"sedang"}}},{"type":"Feature","geometry":{"type":"Polygon","coordinates":[[[106.776588,-6.472969],[106.7759,-6.473106],[106.7759,-6.474472],[106.775625,-6.474745],[106.775075,-6.474745],[106.774938,-6.475429],[106.774113,-6.475839],[106.774113,-6.477205],[106.774938,-6.477615],[106.774938,-6.478161],[106.774113,-6.478571],[106.773975,-6.479255],[106.77315,-6.479391],[106.773288,-6.480074],[106.774525,-6.480074],[106.7748,-6.479801],[106.774938,-6.479118],[106.775625,-6.479118],[106.775762,-6.477615],[106.776038,-6.477342],[106.776588,-6.477342],[106.776863,-6.478161],[106.778238,-6.478161],[106.778238,-6.476795],[106.776863,-6.476658],[106.776588,-6.476385],[106.776588,-6.475839],[106.776863,-6.475565],[106.77755,-6.475429],[106.77755,-6.474882],[106.776863,-6.474745],[106.776588,-6.474472],[106.776588,-6.472969]]]},"properties":{"layer_id":"historis_risiko","jenis":"banjir","nama":"Bahaya banjir sedang","sumber":"InaRISK (BNPB)","atribut":{"kelas":"sedang"}}},{"type":"Feature","geometry":{"type":"Polygon","coordinates":[[[106.739187,-6.471193],[106.739187,-6.473652],[106.739738,-6.473652],[106.74015,-6.474062],[106.74015,-6.474472],[106.741388,-6.474609],[106.741663,-6.474199],[106.740562,-6.473652],[106.740562,-6.472286],[106.739875,-6.472013],[106.739738,-6.471193],[106.739187,-6.471193]]]},"properties":{"layer_id":"historis_risiko","jenis":"banjir","nama":"Bahaya banjir sedang","sumber":"InaRISK (BNPB)","atribut":{"kelas":"sedang"}}},{"type":"Feature","geometry":{"type":"Polygon","coordinates":[[[106.901025,-6.470373],[106.900887,-6.471056],[106.900613,-6.47133],[106.898962,-6.47133],[106.898688,-6.471056],[106.898688,-6.470373],[106.897175,-6.470373],[106.89635,-6.470646],[106.895663,-6.469553],[106.894425,-6.469553],[106.89415,-6.469143],[106.893738,-6.469007],[106.892775,-6.469143],[106.892775,-6.469963],[106.893325,-6.469963],[106.8936,-6.470236],[106.893738,-6.471056],[106.89525,-6.47092],[106.895525,-6.471193],[106.895525,-6.471876],[106.896075,-6.471876],[106.896488,-6.472696],[106.897725,-6.472559],[106.89855,-6.472013],[106.899925,-6.472833],[106.9013,-6.474745],[106.902263,-6.475155],[106.9024,-6.476112],[106.903087,-6.476932],[106.903087,-6.477342],[106.902675,-6.478298],[106.902263,-6.478708],[106.90185,-6.478708],[106.90185,-6.479118],[106.901575,-6.479391],[106.900887,-6.479528],[106.900887,-6.481714],[106.900475,-6.482124],[106.899925,-6.482124],[106.899925,-6.482807],[106.89965,-6.48308],[106.899237,-6.48308],[106.898962,-6.483627],[106.898,-6.484447],[106.897588,-6.48554],[106.8969,-6.48554],[106.8958,-6.484173],[106.894425,-6.484173],[106.893462,-6.484583],[106.892638,-6.485403],[106.8925,-6.486906],[106.892088,-6.487316],[106.891262,-6.487453],[106.889888,-6.48595],[106.888513,-6.484993],[106.8881,-6.4839],[106.887412,-6.483763],[106.887138,-6.48349],[106.887,-6.481987],[106.8837,-6.482124],[106.8837,-6.485266],[106.884525,-6.485676],[106.884525,-6.486223],[106.887825,-6.48636],[106.8881,-6.486633],[106.8881,-6.487043],[106.887825,-6.487316],[106.887,-6.487453],[106.886725,-6.488409],[106.886175,-6.488956],[106.8848,-6.489092],[106.884663,-6.489775],[106.88425,-6.490185],[106.883837,-6.490185],[106.883837,-6.490732],[106.883425,-6.491142],[106.882875,-6.491142],[106.882875,-6.491552],[106.8826,-6.491825],[106.881912,-6.491962],[106.881912,-6.495377],[106.881088,-6.495651],[106.880813,-6.496334],[106.879438,-6.496607],[106.879025,-6.49811],[106.877513,-6.498383],[106.876825,-6.49934],[106.875862,-6.499203],[106.875725,-6.500023],[106.875038,-6.500433],[106.874625,-6.500979],[106.873937,-6.501116],[106.873937,-6.502482],[106.871875,-6.504532],[106.871463,-6.504668],[106.870775,-6.505761],[106.87105,-6.506308],[106.87105,-6.50863],[106.870225,-6.50904],[106.870225,-6.510543],[106.8705,-6.511909],[106.870087,-6.512593],[106.8694,-6.512729],[106.8694,-6.514232],[106.868575,-6.514642],[106.868575,-6.516691],[106.8683,-6.516965],[106.865,-6.517101],[106.865,-6.517648],[106.864725,-6.517921],[106.863213,-6.517921],[106.862938,-6.518877],[106.86225,-6.518877],[106.861975,-6.519697],[106.86115,-6.519834],[106.86115,-6.520654],[106.860462,-6.521747],[106.860325,-6.523113],[106.859363,-6.523386],[106.859363,-6.525026],[106.858675,-6.525435],[106.858812,-6.526528],[106.8584,-6.527075],[106.857713,-6.527212],[106.857713,-6.530217],[106.8573,-6.530627],[106.856887,-6.530627],[106.856887,-6.53131],[106.856612,-6.531583],[106.855238,-6.53172],[106.8551,-6.534589],[106.855788,-6.534726],[106.855925,-6.535545],[106.856612,-6.535682],[106.856887,-6.535955],[106.856887,-6.536365],[106.857713,-6.536912],[106.857713,-6.537595],[106.857438,-6.537868],[106.857438,-6.539234],[106.857713,-6.539781],[106.857438,-6.540327],[106.856887,-6.540464],[106.85675,-6.54183],[106.857025,-6.542103],[106.858537,-6.54224],[106.858537,-6.545519],[106.858675,-6.546338],[106.859225,-6.546338],[106.8595,-6.546612],[106.8595,-6.548251],[106.86005,-6.548251],[106.86005,-6.547568],[106.860325,-6.547295],[106.861013,-6.547295],[106.861288,-6.547568],[106.861425,-6.548251],[106.862938,-6.548251],[106.863213,-6.548524],[106.863213,-6.550027],[106.863625,-6.550027],[106.864037,-6.550437],[106.864037,-6.550847],[106.864863,-6.55112],[106.865,-6.552623],[106.865413,-6.552623],[106.865688,-6.552896],[106.865825,-6.554672],[106.86665,-6.555492],[106.867475,-6.556858],[106.867475,-6.559863],[106.871875,-6.559863],[106.871875,-6.559454],[106.870913,-6.55918],[106.870913,-6.558497],[106.870087,-6.558087],[106.870087,-6.556721],[106.869125,-6.556448],[106.868988,-6.554262],[106.8683,-6.553579],[106.868162,-6.552213],[106.86775,-6.552213],[106.8672,-6.551803],[106.867338,-6.550437],[106.86665,-6.5503],[106.866512,-6.549481],[106.865688,-6.549344],[106.86555,-6.548661],[106.864863,-6.548524],[106.864587,-6.548251],[106.864587,-6.546885],[106.8639,-6.546748],[106.863625,-6.546475],[106.863625,-6.543333],[106.8628,-6.542786],[106.8628,-6.542376],[106.861975,-6.542103],[106.861838,-6.541284],[106.861013,-6.541147],[106.860875,-6.537868],[106.860325,-6.537731],[106.86005,-6.537322],[106.860187,-6.536092],[106.859363,-6.535955],[106.859088,-6.535682],[106.859088,-6.535136],[106.8595,-6.534726],[106.86005,-6.534726],[106.860187,-6.53336],[106.861013,-6.53295],[106.861013,-6.531447],[106.861838,-6.531174],[106.861838,-6.530627],[106.861013,-6.530354],[106.861013,-6.529671],[106.861838,-6.529397],[106.861975,-6.526938],[106.8628,-6.526528],[106.862387,-6.525709],[106.8628,-6.525162],[106.8628,-6.523523],[106.863213,-6.522976],[106.863625,-6.522976],[106.863763,-6.521473],[106.864587,-6.521063],[106.864725,-6.518877],[106.865138,-6.518604],[106.866512,-6.518604],[106.866788,-6.519424],[106.8672,-6.519424],[106.8672,-6.519014],[106.867613,-6.518604],[106.870638,-6.518468],[106.870638,-6.517921],[106.870362,-6.517511],[106.870775,-6.516965],[106.870775,-6.516145],[106.87105,-6.515872],[106.871738,-6.515872],[106.872012,-6.515052],[106.873388,-6.515052],[106.873663,-6.514779],[106.873663,-6.513549],[106.873937,-6.513276],[106.87435,-6.513276],[106.874763,-6.512456],[106.878062,-6.512319],[106.878062,-6.510816],[106.878475,-6.510407],[106.878888,-6.510407],[106.879025,-6.508904],[106.87985,-6.50863],[106.879987,-6.507264],[106.879025,-6.506991],[106.879025,-6.505898],[106.878888,-6.505488],[106.8782,-6.505215],[106.8782,-6.504395],[106.878613,-6.504122],[106.87985,-6.504122],[106.87985,-6.503575],[106.880675,-6.503165],[106.880813,-6.502072],[106.880263,-6.501252],[106.880263,-6.500433],[106.881775,-6.499613],[106.883562,-6.499613],[106.88425,-6.500023],[106.884388,-6.500569],[106.8826,-6.502619],[106.882188,-6.502619],[106.881912,-6.502892],[106.88205,-6.503302],[106.881637,-6.503848],[106.881637,-6.505078],[106.881088,-6.506034],[106.881088,-6.508767],[106.880125,-6.50904],[106.880263,-6.510407],[106.87985,-6.510816],[106.8793,-6.510816],[106.8793,-6.511363],[106.880538,-6.5115],[106.881088,-6.510407],[106.882325,-6.510407],[106.882325,-6.509314],[106.881912,-6.50863],[106.882188,-6.508084],[106.883013,-6.508084],[106.8837,-6.508357],[106.885762,-6.510407],[106.88755,-6.51027],[106.888375,-6.509177],[106.888788,-6.50904],[106.888788,-6.507264],[106.8881,-6.507264],[106.887687,-6.506444],[106.887138,-6.506444],[106.886863,-6.505488],[106.886038,-6.505488],[106.88535,-6.505215],[106.88535,-6.504258],[106.886038,-6.503985],[106.886175,-6.502755],[106.88645,-6.502482],[106.887138,-6.502345],[106.887,-6.497563],[106.8859,-6.496744],[106.886038,-6.494831],[106.88645,-6.494284],[106.886863,-6.494284],[106.887825,-6.493601],[106.888513,-6.493601],[106.889475,-6.494694],[106.8903,-6.494831],[106.890438,-6.494148],[106.88975,-6.493328],[106.890025,-6.491962],[106.892775,-6.490185],[106.89415,-6.490322],[106.894563,-6.491278],[106.894563,-6.491825],[106.894013,-6.492918],[106.894013,-6.493328],[106.894975,-6.494284],[106.895112,-6.491825],[106.895938,-6.491552],[106.895938,-6.490185],[106.895525,-6.490185],[106.895112,-6.489775],[106.895112,-6.486769],[106.895387,-6.48636],[106.895938,-6.486223],[106.897588,-6.486223],[106.897588,-6.48554],[106.897863,-6.485266],[106.899788,-6.485266],[106.899925,-6.484173],[106.9002,-6.4839],[106.902125,-6.4839],[106.902538,-6.48349],[106.903225,-6.483627],[106.9035,-6.484583],[106.904188,-6.484583],[106.904463,-6.485403],[106.905288,-6.48554],[106.905425,-6.487043],[106.90625,-6.487316],[106.906525,-6.489365],[106.905838,-6.490595],[106.90625,-6.491142],[106.90625,-6.495924],[106.906937,-6.49606],[106.908038,-6.497427],[106.908038,-6.49893],[106.90735,-6.500159],[106.907075,-6.500296],[106.907075,-6.501252],[106.908175,-6.502892],[106.908175,-6.503985],[106.90735,-6.504805],[106.907075,-6.505488],[106.90625,-6.505625],[106.90625,-6.506718],[106.906662,-6.507537],[106.907212,-6.507128],[106.907763,-6.507537],[106.907763,-6.508357],[106.908175,-6.508904],[106.90845,-6.508904],[106.908587,-6.50863],[106.90845,-6.506171],[106.909137,-6.504258],[106.908862,-6.502892],[106.909275,-6.502209],[106.910238,-6.501526],[106.910375,-6.500023],[106.9112,-6.499613],[106.9112,-6.49811],[106.911475,-6.497837],[106.912163,-6.4977],[106.911475,-6.496197],[106.909275,-6.494694],[106.90845,-6.493464],[106.908175,-6.492098],[106.908725,-6.491415],[106.908587,-6.490049],[106.909413,-6.489639],[106.909275,-6.488956],[106.909,-6.488819],[106.909275,-6.487589],[106.908038,-6.487453],[106.907763,-6.487179],[106.907625,-6.48554],[106.9079,-6.485266],[106.90845,-6.485266],[106.908862,-6.484447],[106.910375,-6.484447],[106.910375,-6.482944],[106.910925,-6.482534],[106.912025,-6.482807],[106.912712,-6.48349],[106.914088,-6.483627],[106.914362,-6.4839],[106.9145,-6.48513],[106.91505,-6.484447],[106.915738,-6.484447],[106.916287,-6.485403],[106.917113,-6.485266],[106.9178,-6.48554],[106.9178,-6.487043],[106.918762,-6.487316],[106.918762,-6.489502],[106.9189,-6.489775],[106.919588,-6.490049],[106.919863,-6.490732],[106.919863,-6.48472],[106.916837,-6.48472],[106.916562,-6.4839],[106.91615,-6.4839],[106.915738,-6.48349],[106.9156,-6.48226],[106.914362,-6.482124],[106.914088,-6.481851],[106.914088,-6.481167],[106.913263,-6.481031],[106.912987,-6.480757],[106.913125,-6.479801],[106.91285,-6.479528],[106.909825,-6.479391],[106.909825,-6.479938],[106.90955,-6.480211],[106.9079,-6.480211],[106.907625,-6.479938],[106.907625,-6.479391],[106.907075,-6.479391],[106.905425,-6.477888],[106.905288,-6.477068],[106.903775,-6.475155],[106.903087,-6.474609],[106.903087,-6.473789],[106.902675,-6.473379],[106.902675,-6.472286],[106.901438,-6.47133],[106.9013,-6.470646],[106.901025,-6.470373]],[[106.860187,-6.544016],[106.861013,-6.543879],[106.86115,-6.544699],[106.860325,-6.544836],[106.860187,-6.544016]]]},"properties":{"layer_id":"historis_risiko","jenis":"banjir","nama":"Bahaya banjir sedang","sumber":"InaRISK (BNPB)","atribut":{"kelas":"sedang"}}},{"type":"Feature","geometry":{"type":"Polygon","coordinates":[[[106.839838,-6.46846],[106.83805,-6.468597],[106.83805,-6.469143],[106.837637,-6.469553],[106.836263,-6.469417],[106.836125,-6.471056],[106.834338,-6.471193],[106.8342,-6.471876],[106.833925,-6.472149],[106.833237,-6.472013],[106.833237,-6.470373],[106.832413,-6.470373],[106.832413,-6.471876],[106.833237,-6.472013],[106.833375,-6.472696],[106.8331,-6.472969],[106.832413,-6.472969],[106.832138,-6.472696],[106.832138,-6.472286],[106.831725,-6.472286],[106.831725,-6.476248],[106.832138,-6.476795],[106.832138,-6.477068],[106.831725,-6.477478],[106.831725,-6.478161],[106.8331,-6.478298],[106.833375,-6.478571],[106.833375,-6.480074],[106.8331,-6.480348],[106.832413,-6.480211],[106.832275,-6.479391],[106.831725,-6.479255],[106.831587,-6.480074],[106.830625,-6.480348],[106.830763,-6.480894],[106.832413,-6.480894],[106.832688,-6.481304],[106.833375,-6.480757],[106.833787,-6.480757],[106.8342,-6.480074],[106.83585,-6.480074],[106.836125,-6.480348],[106.836125,-6.480757],[106.83585,-6.481031],[106.835162,-6.481167],[106.835162,-6.48267],[106.83585,-6.482807],[106.836263,-6.483627],[106.8386,-6.483627],[106.838875,-6.484037],[106.838875,-6.485266],[106.8386,-6.48554],[106.837913,-6.485676],[106.837913,-6.487043],[106.837637,-6.487316],[106.83695,-6.487453],[106.83695,-6.490868],[106.836125,-6.491142],[106.836263,-6.497154],[106.836813,-6.497017],[106.836813,-6.491005],[106.837775,-6.490732],[106.837775,-6.488409],[106.83805,-6.488136],[106.838463,-6.488136],[106.838738,-6.488409],[106.838875,-6.489092],[106.840388,-6.488956],[106.840388,-6.488409],[106.839562,-6.487999],[106.839562,-6.487453],[106.838875,-6.487316],[106.8386,-6.487043],[106.8386,-6.486633],[106.839425,-6.486223],[106.839425,-6.485403],[106.84025,-6.484583],[106.84025,-6.4839],[106.839838,-6.4839],[106.839425,-6.48349],[106.839425,-6.48308],[106.8386,-6.482807],[106.838463,-6.481167],[106.837087,-6.481031],[106.836813,-6.480757],[106.836813,-6.478571],[106.836125,-6.478435],[106.835988,-6.477615],[106.8353,-6.477478],[106.834888,-6.476658],[106.834063,-6.476522],[106.834063,-6.475702],[106.835162,-6.475292],[106.835162,-6.474336],[106.83585,-6.473379],[106.835988,-6.472149],[106.836263,-6.471876],[106.836675,-6.471876],[106.837913,-6.47092],[106.839562,-6.471056],[106.839975,-6.471739],[106.840663,-6.47092],[106.841212,-6.47092],[106.841212,-6.469553],[106.840663,-6.469553],[106.840663,-6.469963],[106.840388,-6.470236],[106.839562,-6.4701],[106.839425,-6.469553],[106.84025,-6.469143],[106.84025,-6.468597],[106.839838,-6.46846]]]},"properties":{"layer_id":"historis_risiko","jenis":"banjir","nama":"Bahaya banjir sedang","sumber":"InaRISK (BNPB)","atribut":{"kelas":"sedang"}}},{"type":"Feature","geometry":{"type":"Polygon","coordinates":[[[106.836263,-6.467777],[106.836263,-6.468187],[106.837637,-6.468187],[106.837637,-6.467777],[106.836263,-6.467777]]]},"properties":{"layer_id":"historis_risiko","jenis":"banjir","nama":"Bahaya banjir sedang","sumber":"InaRISK (BNPB)","atribut":{"kelas":"sedang"}}},{"type":"Feature","geometry":{"type":"Polygon","coordinates":[[[106.7066,-6.46682],[106.704125,-6.466684],[106.70385,-6.46764],[106.7,-6.46764],[106.7,-6.46928],[106.700412,-6.469553],[106.70055,-6.4701],[106.7011,-6.4701],[106.701238,-6.468597],[106.701513,-6.468323],[106.703713,-6.468323],[106.703987,-6.467504],[106.706463,-6.467504],[106.7066,-6.46682]]]},"properties":{"layer_id":"historis_risiko","jenis":"banjir","nama":"Bahaya banjir sedang","sumber":"InaRISK (BNPB)","atribut":{"kelas":"sedang"}}},{"type":"Feature","geometry":{"type":"Polygon","coordinates":[[[106.79845,-6.464088],[106.79845,-6.464634],[106.799,-6.464634],[106.799,-6.464088],[106.79845,-6.464088]]]},"properties":{"layer_id":"historis_risiko","jenis":"banjir","nama":"Bahaya banjir sedang","sumber":"InaRISK (BNPB)","atribut":{"kelas":"sedang"}}},{"type":"Feature","geometry":{"type":"Polygon","coordinates":[[[106.919863,-6.455889],[106.918762,-6.455889],[106.918487,-6.455069],[106.911613,-6.455206],[106.911613,-6.456436],[106.911338,-6.456846],[106.909688,-6.456846],[106.909413,-6.455889],[106.908038,-6.455889],[106.9079,-6.456709],[106.907212,-6.456846],[106.906937,-6.457666],[106.905563,-6.457666],[106.905288,-6.457939],[106.905425,-6.459305],[106.905012,-6.459715],[106.9046,-6.459715],[106.904188,-6.460535],[106.900887,-6.460398],[106.90075,-6.461218],[106.899925,-6.461491],[106.89965,-6.462175],[106.8991,-6.462175],[106.898825,-6.463131],[106.897312,-6.463268],[106.897312,-6.463678],[106.8969,-6.464088],[106.895525,-6.464088],[106.895525,-6.464634],[106.89525,-6.465044],[106.893738,-6.464907],[106.8936,-6.465864],[106.892775,-6.466137],[106.892913,-6.466684],[106.894838,-6.466137],[106.895663,-6.466137],[106.896625,-6.465454],[106.89855,-6.466001],[106.898962,-6.465591],[106.899513,-6.465591],[106.899513,-6.465044],[106.899925,-6.464634],[106.9013,-6.464634],[106.9013,-6.463951],[106.901575,-6.463678],[106.9057,-6.463678],[106.906113,-6.462858],[106.9068,-6.462858],[106.9068,-6.462311],[106.907625,-6.461901],[106.9079,-6.457529],[106.908725,-6.457529],[106.909,-6.457939],[106.909,-6.462858],[106.9112,-6.462858],[106.9112,-6.461491],[106.911613,-6.461082],[106.915738,-6.461218],[106.915875,-6.460398],[106.91615,-6.460125],[106.9167,-6.460125],[106.916975,-6.460398],[106.916837,-6.461901],[106.9178,-6.462175],[106.917938,-6.463678],[106.918487,-6.463678],[106.918762,-6.463951],[106.918762,-6.464634],[106.91945,-6.464771],[106.919588,-6.465591],[106.919863,-6.465727],[106.919863,-6.455889]],[[106.91725,-6.458485],[106.917525,-6.458895],[106.91725,-6.459852],[106.916975,-6.459579],[106.91725,-6.458485]]]},"properties":{"layer_id":"historis_risiko","jenis":"banjir","nama":"Bahaya banjir sedang","sumber":"InaRISK (BNPB)","atribut":{"kelas":"sedang"}}},{"type":"Feature","geometry":{"type":"Polygon","coordinates":[[[106.75445,-6.454249],[106.75445,-6.454796],[106.755,-6.454796],[106.755,-6.454249],[106.75445,-6.454249]]]},"properties":{"layer_id":"historis_risiko","jenis":"banjir","nama":"Bahaya banjir sedang","sumber":"InaRISK (BNPB)","atribut":{"kelas":"sedang"}}},{"type":"Feature","geometry":{"type":"Polygon","coordinates":[[[106.7473,-6.451517],[106.7473,-6.452063],[106.747713,-6.452063],[106.747713,-6.451517],[106.7473,-6.451517]]]},"properties":{"layer_id":"historis_risiko","jenis":"banjir","nama":"Bahaya banjir sedang","sumber":"InaRISK (BNPB)","atribut":{"kelas":"sedang"}}},{"type":"Feature","geometry":{"type":"Polygon","coordinates":[[[106.773288,-6.44974],[106.773288,-6.450287],[106.773837,-6.450287],[106.773837,-6.44974],[106.773288,-6.44974]]]},"properties":{"layer_id":"historis_risiko","jenis":"banjir","nama":"Bahaya banjir sedang","sumber":"InaRISK (BNPB)","atribut":{"kelas":"sedang"}}},{"type":"Feature","geometry":{"type":"Polygon","coordinates":[[[106.755413,-6.439902],[106.755413,-6.440585],[106.755688,-6.440722],[106.755825,-6.439902],[106.755413,-6.439902]]]},"properties":{"layer_id":"historis_risiko","jenis":"banjir","nama":"Bahaya banjir sedang","sumber":"InaRISK (BNPB)","atribut":{"kelas":"sedang"}}},{"type":"Feature","geometry":{"type":"Polygon","coordinates":[[[106.75225,-6.437305],[106.752112,-6.438125],[106.750737,-6.440312],[106.750325,-6.441815],[106.749775,-6.442225],[106.7484,-6.442498],[106.74785,-6.442908],[106.74785,-6.443728],[106.747025,-6.444684],[106.747025,-6.445641],[106.746337,-6.447007],[106.7462,-6.44933],[106.745925,-6.449604],[106.739187,-6.44974],[106.739187,-6.452063],[106.739875,-6.4522],[106.740013,-6.45302],[106.740837,-6.45343],[106.740837,-6.455889],[106.741112,-6.456709],[106.741525,-6.456572],[106.741663,-6.454249],[106.742487,-6.45384],[106.742625,-6.453156],[106.744138,-6.45302],[106.744138,-6.452473],[106.744412,-6.4522],[106.745925,-6.4522],[106.746063,-6.450697],[106.746337,-6.450423],[106.74785,-6.450287],[106.748262,-6.451107],[106.749363,-6.45097],[106.749363,-6.45015],[106.748812,-6.449877],[106.748262,-6.449194],[106.748262,-6.448237],[106.747988,-6.447691],[106.747988,-6.447281],[106.749225,-6.446324],[106.749913,-6.446324],[106.751563,-6.448237],[106.751838,-6.44892],[106.752662,-6.449604],[106.752525,-6.452063],[106.753213,-6.4522],[106.753488,-6.452473],[106.753488,-6.45384],[106.754175,-6.45384],[106.754175,-6.45138],[106.75445,-6.451107],[106.755,-6.451107],[106.754863,-6.45015],[106.754312,-6.450014],[106.754725,-6.448647],[106.754725,-6.447281],[106.753625,-6.446597],[106.75335,-6.445504],[106.753763,-6.444958],[106.75445,-6.444684],[106.755,-6.444684],[106.755688,-6.445094],[106.755825,-6.444548],[106.755,-6.444274],[106.754863,-6.442498],[106.753763,-6.442498],[106.75335,-6.442088],[106.75335,-6.440312],[106.753763,-6.438672],[106.753625,-6.438262],[106.75335,-6.438535],[106.7528,-6.438535],[106.752387,-6.438125],[106.75225,-6.437305]]]},"properties":{"layer_id":"historis_risiko","jenis":"banjir","nama":"Bahaya banjir sedang","sumber":"InaRISK (BNPB)","atribut":{"kelas":"sedang"}}},{"type":"Feature","geometry":{"type":"Polygon","coordinates":[[[106.7616,-6.436212],[106.760775,-6.436349],[106.760775,-6.436759],[106.760362,-6.437169],[106.759813,-6.437169],[106.759813,-6.437715],[106.761325,-6.437715],[106.7616,-6.436212]]]},"properties":{"layer_id":"historis_risiko","jenis":"banjir","nama":"Bahaya banjir sedang","sumber":"InaRISK (BNPB)","atribut":{"kelas":"sedang"}}},{"type":"Feature","geometry":{"type":"Polygon","coordinates":[[[106.912163,-6.430883],[106.911613,-6.430883],[106.91175,-6.432113],[106.911338,-6.432659],[106.910787,-6.432659],[106.910787,-6.433206],[106.912163,-6.433206],[106.912163,-6.430883]]]},"properties":{"layer_id":"historis_risiko","jenis":"banjir","nama":"Bahaya banjir sedang","sumber":"InaRISK (BNPB)","atribut":{"kelas":"sedang"}}},{"type":"Feature","geometry":{"type":"Polygon","coordinates":[[[106.912575,-6.429926],[106.912437,-6.430473],[106.912987,-6.43061],[106.913125,-6.430063],[106.912575,-6.429926]]]},"properties":{"layer_id":"historis_risiko","jenis":"banjir","nama":"Bahaya banjir sedang","sumber":"InaRISK (BNPB)","atribut":{"kelas":"sedang"}}},{"type":"Feature","geometry":{"type":"Polygon","coordinates":[[[106.708112,-6.428697],[106.7077,-6.429243],[106.707563,-6.433206],[106.706738,-6.433616],[106.706738,-6.435939],[106.707425,-6.436076],[106.7077,-6.436896],[106.70825,-6.436896],[106.708388,-6.436349],[106.707425,-6.436076],[106.707425,-6.434436],[106.7077,-6.434163],[106.708388,-6.434026],[106.708388,-6.431703],[106.709213,-6.43143],[106.709075,-6.429107],[106.708388,-6.429107],[106.708112,-6.428697]]]},"properties":{"layer_id":"historis_risiko","jenis":"banjir","nama":"Bahaya banjir sedang","sumber":"InaRISK (BNPB)","atribut":{"kelas":"sedang"}}},{"type":"Feature","geometry":{"type":"Polygon","coordinates":[[[106.919863,-6.423641],[106.919588,-6.423777],[106.919588,-6.424187],[106.919313,-6.42446],[106.918762,-6.424597],[106.918762,-6.425964],[106.918487,-6.426237],[106.917113,-6.426237],[106.916837,-6.42651],[106.916837,-6.42774],[106.916562,-6.428013],[106.9134,-6.42815],[106.913263,-6.429516],[106.913538,-6.42979],[106.914775,-6.42979],[106.91505,-6.428833],[106.916562,-6.428833],[106.916837,-6.429107],[106.916975,-6.430473],[106.917525,-6.430473],[106.917663,-6.429107],[106.917938,-6.428833],[106.918487,-6.428833],[106.918625,-6.42815],[106.9189,-6.427877],[106.919313,-6.427877],[106.919588,-6.42815],[106.919588,-6.428697],[106.919863,-6.428833],[106.919863,-6.427193],[106.91945,-6.42692],[106.91945,-6.425554],[106.919863,-6.42528],[106.919863,-6.423641]]]},"properties":{"layer_id":"historis_risiko","jenis":"banjir","nama":"Bahaya banjir sedang","sumber":"InaRISK (BNPB)","atribut":{"kelas":"sedang"}}},{"type":"Feature","geometry":{"type":"Polygon","coordinates":[[[106.70055,-6.422821],[106.700412,-6.42692],[106.7,-6.427193],[106.7,-6.431566],[106.7011,-6.431566],[106.701375,-6.43184],[106.701513,-6.433343],[106.702888,-6.433343],[106.703025,-6.432659],[106.702337,-6.432523],[106.702062,-6.432249],[106.702062,-6.430063],[106.701238,-6.429653],[106.701238,-6.423367],[106.7011,-6.422821],[106.70055,-6.422821]]]},"properties":{"layer_id":"historis_risiko","jenis":"banjir","nama":"Bahaya banjir sedang","sumber":"InaRISK (BNPB)","atribut":{"kelas":"sedang"}}},{"type":"Feature","geometry":{"type":"Polygon","coordinates":[[[106.881088,-6.420907],[106.881088,-6.422411],[106.881637,-6.422411],[106.881775,-6.421044],[106.881088,-6.420907]]]},"properties":{"layer_id":"historis_risiko","jenis":"banjir","nama":"Bahaya banjir sedang","sumber":"InaRISK (BNPB)","atribut":{"kelas":"sedang"}}},{"type":"Feature","geometry":{"type":"Polygon","coordinates":[[[106.91395,-6.415441],[106.9134,-6.415441],[106.913263,-6.416261],[106.912437,-6.416535],[106.912575,-6.417218],[106.913125,-6.417081],[106.913263,-6.416261],[106.914088,-6.416125],[106.91395,-6.415441]]]},"properties":{"layer_id":"historis_risiko","jenis":"banjir","nama":"Bahaya banjir sedang","sumber":"InaRISK (BNPB)","atribut":{"kelas":"sedang"}}},{"type":"Feature","geometry":{"type":"Polygon","coordinates":[[[106.8793,-6.412025],[106.8793,-6.412572],[106.87985,-6.412572],[106.87985,-6.412025],[106.8793,-6.412025]]]},"properties":{"layer_id":"historis_risiko","jenis":"banjir","nama":"Bahaya banjir sedang","sumber":"InaRISK (BNPB)","atribut":{"kelas":"sedang"}}},{"type":"Feature","geometry":{"type":"Polygon","coordinates":[[[106.7,-6.410932],[106.7,-6.418994],[106.700412,-6.419268],[106.700412,-6.420634],[106.701238,-6.420771],[106.701513,-6.421181],[106.701513,-6.421727],[106.701788,-6.422001],[106.702062,-6.420907],[106.702062,-6.419268],[106.702337,-6.418994],[106.702888,-6.418994],[106.703163,-6.419268],[106.703163,-6.420634],[106.70385,-6.420771],[106.704125,-6.421181],[106.703987,-6.423504],[106.703163,-6.423914],[106.703438,-6.424324],[106.703987,-6.42446],[106.70385,-6.428423],[106.704538,-6.428833],[106.7055,-6.42897],[106.705775,-6.428697],[106.7066,-6.428697],[106.708112,-6.428287],[106.708388,-6.42733],[106.708388,-6.426237],[106.709075,-6.4261],[106.709213,-6.425417],[106.709488,-6.425144],[106.711,-6.425144],[106.711413,-6.425554],[106.711413,-6.425964],[106.71265,-6.426237],[106.713063,-6.426647],[106.713338,-6.428287],[106.713887,-6.42938],[106.713887,-6.43061],[106.713475,-6.431703],[106.713887,-6.433069],[106.7132,-6.434436],[106.7132,-6.437032],[106.714025,-6.438262],[106.71485,-6.438809],[106.71485,-6.439492],[106.715675,-6.439765],[106.715675,-6.440312],[106.7154,-6.440585],[106.714025,-6.440585],[106.713887,-6.441268],[106.7154,-6.441405],[106.715675,-6.441678],[106.715812,-6.443181],[106.716225,-6.443318],[106.717188,-6.443181],[106.717462,-6.442361],[106.71815,-6.442361],[106.718563,-6.443181],[106.71925,-6.443318],[106.71925,-6.444821],[106.719938,-6.444958],[106.720213,-6.445231],[106.720213,-6.445778],[106.720763,-6.445914],[106.7209,-6.444411],[106.720075,-6.444001],[106.719938,-6.443318],[106.719113,-6.443181],[106.719113,-6.442498],[106.720075,-6.442225],[106.720075,-6.439902],[106.7209,-6.439492],[106.7209,-6.438945],[106.72035,-6.438809],[106.719938,-6.437989],[106.719387,-6.437989],[106.719113,-6.437715],[106.719113,-6.435392],[106.719387,-6.435119],[106.720075,-6.434982],[106.720075,-6.434436],[106.719387,-6.434299],[106.719113,-6.434026],[106.719113,-6.433479],[106.721725,-6.433343],[106.721863,-6.431703],[106.722138,-6.43143],[106.723375,-6.43143],[106.723512,-6.430746],[106.724063,-6.430473],[106.728188,-6.43061],[106.728325,-6.432249],[106.72915,-6.432523],[106.729287,-6.433343],[106.7308,-6.433343],[106.731075,-6.434163],[106.731625,-6.434163],[106.731763,-6.433616],[106.730937,-6.433479],[106.730663,-6.432523],[106.72915,-6.432523],[106.729012,-6.430883],[106.728325,-6.430746],[106.72805,-6.429926],[106.722275,-6.430063],[106.722,-6.430746],[106.720488,-6.430746],[106.720213,-6.43102],[106.720213,-6.432249],[106.719938,-6.432523],[106.71925,-6.432659],[106.719113,-6.433479],[106.718563,-6.433479],[106.718288,-6.433206],[106.71815,-6.432386],[106.716913,-6.432113],[106.716088,-6.431156],[106.716363,-6.429653],[106.716913,-6.428287],[106.715812,-6.428013],[106.715537,-6.42774],[106.715537,-6.425554],[106.71485,-6.425417],[106.714575,-6.424597],[106.71375,-6.424324],[106.713612,-6.423641],[106.712375,-6.423367],[106.711825,-6.422821],[106.71045,-6.422821],[106.71045,-6.423504],[106.710175,-6.423777],[106.707837,-6.423641],[106.707425,-6.42446],[106.7066,-6.424324],[106.706463,-6.423367],[106.705638,-6.422684],[106.705638,-6.420088],[106.704813,-6.419814],[106.704813,-6.418311],[106.704125,-6.418174],[106.70385,-6.417901],[106.703713,-6.415305],[106.702062,-6.413802],[106.701238,-6.413528],[106.701238,-6.412025],[106.70055,-6.411888],[106.700275,-6.411615],[106.700275,-6.411068],[106.7,-6.410932]]]},"properties":{"layer_id":"historis_risiko","jenis":"banjir","nama":"Bahaya banjir sedang","sumber":"InaRISK (BNPB)","atribut":{"kelas":"sedang"}}},{"type":"Feature","geometry":{"type":"Polygon","coordinates":[[[106.893738,-6.405739],[106.893738,-6.406286],[106.895112,-6.406286],[106.895112,-6.405739],[106.893738,-6.405739]]]},"properties":{"layer_id":"historis_risiko","jenis":"banjir","nama":"Bahaya banjir sedang","sumber":"InaRISK (BNPB)","atribut":{"kelas":"sedang"}}},{"type":"Feature","geometry":{"type":"Polygon","coordinates":[[[106.895525,-6.403826],[106.895525,-6.405329],[106.895938,-6.405329],[106.896075,-6.403962],[106.895525,-6.403826]]]},"properties":{"layer_id":"historis_risiko","jenis":"banjir","nama":"Bahaya banjir sedang","sumber":"InaRISK (BNPB)","atribut":{"kelas":"sedang"}}},{"type":"Feature","geometry":{"type":"Polygon","coordinates":[[[106.772463,-6.403826],[106.772325,-6.406286],[106.77315,-6.406695],[106.77315,-6.408062],[106.773837,-6.408199],[106.773975,-6.407515],[106.77425,-6.407242],[106.774663,-6.407242],[106.7748,-6.406695],[106.773975,-6.406286],[106.773837,-6.403826],[106.772463,-6.403826]]]},"properties":{"layer_id":"historis_risiko","jenis":"banjir","nama":"Bahaya banjir sedang","sumber":"InaRISK (BNPB)","atribut":{"kelas":"sedang"}}},{"type":"Feature","geometry":{"type":"Polygon","coordinates":[[[106.919863,-6.394943],[106.91945,-6.395763],[106.917938,-6.395763],[106.9178,-6.397266],[106.917525,-6.397539],[106.916975,-6.397539],[106.9167,-6.398359],[106.916013,-6.398496],[106.916013,-6.404509],[106.91505,-6.404782],[106.91505,-6.406422],[106.914225,-6.406695],[106.914362,-6.407242],[106.91505,-6.407379],[106.915188,-6.408882],[106.916013,-6.409155],[106.916013,-6.410795],[106.915188,-6.410932],[106.91505,-6.411752],[106.914637,-6.412025],[106.911613,-6.411888],[106.911338,-6.411615],[106.9112,-6.410932],[106.909825,-6.410932],[106.909688,-6.411615],[106.909413,-6.411888],[106.905425,-6.412025],[106.905288,-6.414485],[106.904325,-6.414758],[106.904463,-6.415305],[106.905288,-6.415441],[106.905288,-6.417218],[106.904737,-6.417491],[106.901713,-6.417355],[106.901438,-6.418174],[106.899925,-6.418174],[106.899788,-6.418994],[106.8991,-6.419131],[106.898688,-6.419951],[106.898,-6.420088],[106.898,-6.420771],[106.897175,-6.421044],[106.897175,-6.424187],[106.898,-6.42446],[106.898,-6.42528],[106.895525,-6.425417],[106.89525,-6.425144],[106.89525,-6.424597],[106.894563,-6.42446],[106.894288,-6.425417],[106.892913,-6.425417],[106.892638,-6.42569],[106.892638,-6.42692],[106.892363,-6.427193],[106.89195,-6.427193],[106.891537,-6.428013],[106.89085,-6.42815],[106.89085,-6.430473],[106.890575,-6.430746],[106.889888,-6.430883],[106.889888,-6.432386],[106.8892,-6.432796],[106.8892,-6.433206],[106.888925,-6.433479],[106.887138,-6.433616],[106.887275,-6.436896],[106.885625,-6.437032],[106.885487,-6.437715],[106.885213,-6.437989],[106.884525,-6.438125],[106.884663,-6.438672],[106.885213,-6.438672],[106.885487,-6.438945],[106.885487,-6.441268],[106.885213,-6.441542],[106.884663,-6.441542],[106.884525,-6.442225],[106.88425,-6.442498],[106.883013,-6.442498],[106.882738,-6.442771],[106.8826,-6.444274],[106.880263,-6.444274],[106.880125,-6.445914],[106.879163,-6.446187],[106.879163,-6.447417],[106.879438,-6.447691],[106.879987,-6.447417],[106.880125,-6.446871],[106.8826,-6.446871],[106.882738,-6.447554],[106.882463,-6.447827],[106.880263,-6.447964],[106.880125,-6.449194],[106.8804,-6.449467],[106.881637,-6.449467],[106.881912,-6.44974],[106.881912,-6.450423],[106.881088,-6.45056],[106.88095,-6.451243],[106.880125,-6.451517],[106.880125,-6.45302],[106.87985,-6.453293],[106.8793,-6.453293],[106.879025,-6.454113],[106.878338,-6.454249],[106.878338,-6.454796],[106.879163,-6.455069],[106.879163,-6.456572],[106.878888,-6.456846],[106.877513,-6.456846],[106.8771,-6.457666],[106.874763,-6.457802],[106.874625,-6.460125],[106.8738,-6.460535],[106.8738,-6.462858],[106.874625,-6.463131],[106.874625,-6.463678],[106.8738,-6.464088],[106.8738,-6.468187],[106.873525,-6.46846],[106.87105,-6.468597],[106.87105,-6.469963],[106.870225,-6.470373],[106.870225,-6.472696],[106.86995,-6.472969],[106.8694,-6.472969],[106.869263,-6.473652],[106.868437,-6.474062],[106.868437,-6.478298],[106.867613,-6.478435],[106.867475,-6.479118],[106.8672,-6.479391],[106.866788,-6.479391],[106.866788,-6.480074],[106.865825,-6.480894],[106.86555,-6.481987],[106.862112,-6.482124],[106.862112,-6.483627],[106.86115,-6.4839],[106.86115,-6.486223],[106.860325,-6.486633],[106.860325,-6.489092],[106.859363,-6.489365],[106.859363,-6.491552],[106.859088,-6.491825],[106.858675,-6.491825],[106.858537,-6.492508],[106.858262,-6.492781],[106.857713,-6.492781],[106.857575,-6.493464],[106.85675,-6.493874],[106.857025,-6.494421],[106.857575,-6.494558],[106.857575,-6.49606],[106.858537,-6.496334],[106.858537,-6.499886],[106.858125,-6.500159],[106.856887,-6.500159],[106.856612,-6.500979],[106.855238,-6.501116],[106.855238,-6.502345],[106.854412,-6.503302],[106.853863,-6.502755],[106.85235,-6.502619],[106.852213,-6.503439],[106.851388,-6.503575],[106.851112,-6.502619],[106.849738,-6.502755],[106.8496,-6.506171],[106.84795,-6.506581],[106.848225,-6.507674],[106.847813,-6.508221],[106.847125,-6.508494],[106.846712,-6.50904],[106.846163,-6.50904],[106.845475,-6.509587],[106.844925,-6.51068],[106.8441,-6.510816],[106.844238,-6.513139],[106.843825,-6.513549],[106.843412,-6.513549],[106.843412,-6.514096],[106.843,-6.514505],[106.842038,-6.514642],[106.842175,-6.515462],[106.841625,-6.516282],[106.84135,-6.517921],[106.840663,-6.519151],[106.840525,-6.5212],[106.84025,-6.521473],[106.839838,-6.521473],[106.8397,-6.522293],[106.838875,-6.52243],[106.838738,-6.52284],[106.838875,-6.523523],[106.839287,-6.523659],[106.8397,-6.522293],[106.841212,-6.522293],[106.841487,-6.520517],[106.843,-6.52038],[106.84355,-6.52079],[106.844238,-6.520927],[106.8441,-6.5212],[106.843412,-6.521473],[106.843412,-6.522156],[106.8441,-6.52243],[106.8441,-6.523933],[106.843825,-6.524206],[106.843412,-6.524206],[106.843275,-6.525026],[106.84245,-6.525299],[106.842313,-6.525572],[106.842313,-6.528305],[106.842588,-6.528578],[106.843825,-6.528578],[106.8441,-6.528851],[106.844238,-6.533769],[106.84355,-6.534316],[106.84355,-6.534589],[106.8441,-6.534999],[106.8441,-6.535819],[106.843275,-6.536092],[106.843412,-6.538278],[106.844787,-6.538278],[106.845062,-6.538551],[106.845062,-6.539371],[106.844513,-6.539644],[106.84355,-6.539507],[106.843275,-6.539781],[106.843275,-6.54101],[106.8441,-6.541284],[106.844238,-6.544016],[106.843412,-6.544289],[106.843275,-6.547431],[106.842313,-6.547705],[106.842313,-6.548251],[106.843,-6.548388],[106.843275,-6.548661],[106.843275,-6.550847],[106.843,-6.55112],[106.842313,-6.551257],[106.842313,-6.552759],[106.841625,-6.553033],[106.841487,-6.554672],[106.841212,-6.554945],[106.839838,-6.554945],[106.839838,-6.555355],[106.839562,-6.555628],[106.839012,-6.555628],[106.838738,-6.555902],[106.838875,-6.557268],[106.840388,-6.557131],[106.840663,-6.557404],[106.840525,-6.559863],[106.84135,-6.559863],[106.84135,-6.55918],[106.842038,-6.558907],[106.8419,-6.558497],[106.84135,-6.558087],[106.841212,-6.555628],[106.841487,-6.555355],[106.843,-6.555355],[106.843,-6.554126],[106.843963,-6.553306],[106.843963,-6.547568],[106.844925,-6.547295],[106.844787,-6.545792],[106.8452,-6.545382],[106.845062,-6.544562],[106.845613,-6.544153],[106.84575,-6.54142],[106.846025,-6.541147],[106.8474,-6.541147],[106.847538,-6.540327],[106.8485,-6.540054],[106.848363,-6.539507],[106.846712,-6.539371],[106.846712,-6.538688],[106.847538,-6.538278],[106.847538,-6.535136],[106.846712,-6.534726],[106.846575,-6.534043],[106.845888,-6.534043],[106.845613,-6.533633],[106.84575,-6.531583],[106.846025,-6.53131],[106.846712,-6.531174],[106.846712,-6.530627],[106.846025,-6.53049],[106.84575,-6.530217],[106.84575,-6.527895],[106.846025,-6.527621],[106.846575,-6.527621],[106.846712,-6.527075],[106.8452,-6.526938],[106.844925,-6.526665],[106.844925,-6.524342],[106.8452,-6.524069],[106.845613,-6.524069],[106.84575,-6.523386],[106.846025,-6.523113],[106.846575,-6.523113],[106.846712,-6.522566],[106.8452,-6.52243],[106.844925,-6.522156],[106.84465,-6.521063],[106.844787,-6.519834],[106.843963,-6.519561],[106.843963,-6.517921],[106.844513,-6.517648],[106.84465,-6.517238],[106.843963,-6.516965],[106.843825,-6.516145],[106.8441,-6.515872],[106.845475,-6.515872],[106.845888,-6.515052],[106.846712,-6.514915],[106.846712,-6.511773],[106.847538,-6.511363],[106.847538,-6.510816],[106.847813,-6.510543],[106.8485,-6.510407],[106.8485,-6.507811],[106.85015,-6.507947],[106.850288,-6.507264],[106.850562,-6.506991],[106.85125,-6.506854],[106.85125,-6.505488],[106.851525,-6.505215],[106.853588,-6.505078],[106.854,-6.505351],[106.854138,-6.506171],[106.855513,-6.506171],[106.85565,-6.504395],[106.856475,-6.504258],[106.856612,-6.503712],[106.857438,-6.503302],[106.857438,-6.501799],[106.85785,-6.501526],[106.860187,-6.501526],[106.860187,-6.499066],[106.861013,-6.498793],[106.861013,-6.49647],[106.860462,-6.496334],[106.86005,-6.495514],[106.8595,-6.495514],[106.859225,-6.495241],[106.859225,-6.493738],[106.8595,-6.493464],[106.861013,-6.493328],[106.861013,-6.490049],[106.861975,-6.489775],[106.861975,-6.488409],[106.86225,-6.488136],[106.862938,-6.487999],[106.862938,-6.48554],[106.863625,-6.485403],[106.864037,-6.484583],[106.864587,-6.484583],[106.864863,-6.483627],[106.865413,-6.483627],[106.865688,-6.4839],[106.865688,-6.484447],[106.866375,-6.484583],[106.866512,-6.4839],[106.866788,-6.483627],[106.869125,-6.48349],[106.869125,-6.479255],[106.8694,-6.478981],[106.86995,-6.478981],[106.870362,-6.478025],[106.870775,-6.477615],[106.870913,-6.474882],[106.871188,-6.474609],[106.871875,-6.474472],[106.871875,-6.472149],[106.873525,-6.472013],[106.873663,-6.47133],[106.874488,-6.47092],[106.874488,-6.469553],[106.874763,-6.46928],[106.87545,-6.469143],[106.87545,-6.467777],[106.874763,-6.46764],[106.874488,-6.467367],[106.874488,-6.46682],[106.874763,-6.466547],[106.876275,-6.466411],[106.876275,-6.465044],[106.87545,-6.464634],[106.87545,-6.463268],[106.876275,-6.462858],[106.876275,-6.459579],[106.8782,-6.459442],[106.878475,-6.460125],[106.878888,-6.460125],[106.879163,-6.459442],[106.879987,-6.459305],[106.879987,-6.457802],[106.880263,-6.457529],[106.881637,-6.457529],[106.881775,-6.456846],[106.8826,-6.456572],[106.882463,-6.455889],[106.881088,-6.455889],[106.880813,-6.455616],[106.880813,-6.455206],[106.881088,-6.454933],[106.8826,-6.454796],[106.8826,-6.454249],[106.88205,-6.454113],[106.881775,-6.45384],[106.881775,-6.45343],[106.8826,-6.45302],[106.8826,-6.44974],[106.882875,-6.449467],[106.883562,-6.44933],[106.883562,-6.447007],[106.88425,-6.446597],[106.88425,-6.446051],[106.884525,-6.445778],[106.885213,-6.445778],[106.885213,-6.444958],[106.885625,-6.444138],[106.887138,-6.444001],[106.887138,-6.442635],[106.887963,-6.442225],[106.887963,-6.441678],[106.887138,-6.441268],[106.887138,-6.438809],[106.887687,-6.438535],[106.888238,-6.437715],[106.888788,-6.437715],[106.888925,-6.436212],[106.890575,-6.435939],[106.890575,-6.435392],[106.890988,-6.434982],[106.892225,-6.435119],[106.8925,-6.434846],[106.8925,-6.430883],[106.892775,-6.43061],[106.893462,-6.430473],[106.893462,-6.429107],[106.893738,-6.428833],[106.895112,-6.428833],[106.89525,-6.42815],[106.895525,-6.427877],[106.895938,-6.427877],[106.89635,-6.427057],[106.897863,-6.427057],[106.898,-6.428697],[106.898962,-6.42897],[106.898962,-6.430473],[106.89965,-6.430473],[106.89965,-6.42815],[106.898825,-6.427877],[106.898825,-6.426374],[106.89965,-6.425964],[106.89965,-6.423641],[106.900475,-6.423231],[106.900613,-6.421044],[106.901438,-6.420634],[106.901575,-6.419814],[106.9024,-6.419678],[106.902538,-6.418994],[106.903363,-6.419131],[106.9035,-6.421591],[106.90405,-6.421591],[106.904463,-6.420771],[106.90515,-6.420634],[106.90515,-6.419131],[106.905975,-6.418858],[106.906113,-6.415305],[106.908313,-6.415305],[106.908587,-6.415168],[106.908862,-6.414485],[106.912163,-6.414348],[106.912163,-6.413802],[106.912437,-6.413392],[106.913125,-6.413392],[106.913263,-6.414348],[106.914088,-6.414485],[106.914362,-6.415168],[106.914775,-6.415168],[106.914775,-6.414758],[106.91505,-6.414485],[106.9156,-6.414485],[106.915875,-6.414211],[106.915875,-6.413665],[106.9167,-6.413255],[106.916837,-6.411752],[106.918487,-6.411615],[106.9189,-6.412025],[106.9189,-6.412572],[106.919313,-6.412572],[106.91945,-6.411205],[106.918625,-6.410795],[106.918625,-6.409292],[106.917938,-6.409155],[106.917525,-6.408335],[106.9167,-6.408199],[106.9167,-6.406559],[106.917525,-6.406286],[106.917663,-6.405876],[106.917663,-6.402186],[106.917938,-6.401913],[106.918625,-6.401776],[106.918625,-6.399316],[106.919313,-6.399043],[106.91945,-6.398359],[106.919863,-6.398223],[106.919863,-6.394943]],[[106.863763,-6.48308],[106.864037,-6.482807],[106.864587,-6.482807],[106.864863,-6.48308],[106.864863,-6.483627],[106.864037,-6.483763],[106.863763,-6.48349],[106.863763,-6.48308]]]},"properties":{"layer_id":"historis_risiko","jenis":"banjir","nama":"Bahaya banjir sedang","sumber":"InaRISK (BNPB)","atribut":{"kelas":"sedang"}}},{"type":"Feature","geometry":{"type":"Polygon","coordinates":[[[106.7,-6.39344],[106.7,-6.408882],[106.700412,-6.408882],[106.70055,-6.408609],[106.700275,-6.408335],[106.700275,-6.406559],[106.70055,-6.406286],[106.700963,-6.406286],[106.7011,-6.405602],[106.701788,-6.405192],[106.701788,-6.404919],[106.701238,-6.404646],[106.701238,-6.403962],[106.701513,-6.403689],[106.70385,-6.403689],[106.703987,-6.404372],[106.704813,-6.404509],[106.705088,-6.404782],[106.705088,-6.405329],[106.705638,-6.405329],[106.70605,-6.405876],[106.706463,-6.405602],[106.706463,-6.404782],[106.705912,-6.404782],[106.7055,-6.404372],[106.7055,-6.403962],[106.704813,-6.403689],[106.704675,-6.402869],[106.703163,-6.402869],[106.702888,-6.402596],[106.702888,-6.402049],[106.703575,-6.401503],[106.703713,-6.401093],[106.704813,-6.400683],[106.704813,-6.398633],[106.704125,-6.398496],[106.703713,-6.398086],[106.703575,-6.397539],[106.702475,-6.397403],[106.701513,-6.396173],[106.70165,-6.394396],[106.7,-6.39344]]]},"properties":{"layer_id":"historis_risiko","jenis":"banjir","nama":"Bahaya banjir sedang","sumber":"InaRISK (BNPB)","atribut":{"kelas":"sedang"}}},{"type":"Feature","geometry":{"type":"Polygon","coordinates":[[[106.702337,-6.393303],[106.701925,-6.394396],[106.702337,-6.394396],[106.702888,-6.394806],[106.704125,-6.397266],[106.704675,-6.397266],[106.704813,-6.396583],[106.7055,-6.396446],[106.705775,-6.39672],[106.705912,-6.397403],[106.707288,-6.397403],[106.7077,-6.398223],[106.709213,-6.398223],[106.70935,-6.399043],[106.710175,-6.399179],[106.71045,-6.400136],[106.711138,-6.399999],[106.711138,-6.399453],[106.710313,-6.399316],[106.710175,-6.398496],[106.70935,-6.398359],[106.709213,-6.397676],[106.708663,-6.397539],[106.708388,-6.397266],[106.708388,-6.39672],[106.7077,-6.396583],[106.707288,-6.395763],[106.70495,-6.395763],[106.704675,-6.394806],[106.703987,-6.394806],[106.703713,-6.393986],[106.703025,-6.393986],[106.702888,-6.393303],[106.702337,-6.393303]]]},"properties":{"layer_id":"historis_risiko","jenis":"banjir","nama":"Bahaya banjir sedang","sumber":"InaRISK (BNPB)","atribut":{"kelas":"sedang"}}},{"type":"Feature","geometry":{"type":"Polygon","coordinates":[[[106.7,-6.384967],[106.7,-6.388247],[106.70055,-6.388657],[106.702062,-6.39098],[106.702888,-6.391116],[106.703025,-6.390433],[106.7022,-6.390297],[106.701925,-6.390023],[106.702337,-6.38934],[106.703713,-6.38934],[106.70385,-6.388657],[106.702337,-6.38852],[106.702062,-6.388247],[106.701925,-6.384967],[106.7,-6.384967]]]},"properties":{"layer_id":"historis_risiko","jenis":"banjir","nama":"Bahaya banjir sedang","sumber":"InaRISK (BNPB)","atribut":{"kelas":"sedang"}}},{"type":"Feature","geometry":{"type":"Polygon","coordinates":[[[106.876137,-6.379637],[106.874763,-6.379637],[106.874625,-6.381004],[106.875175,-6.38114],[106.87545,-6.380867],[106.875313,-6.380594],[106.875725,-6.380184],[106.876137,-6.380184],[106.876137,-6.379637]]]},"properties":{"layer_id":"historis_risiko","jenis":"banjir","nama":"Bahaya banjir sedang","sumber":"InaRISK (BNPB)","atribut":{"kelas":"sedang"}}},{"type":"Feature","geometry":{"type":"Polygon","coordinates":[[[106.859363,-6.379637],[106.8595,-6.380184],[106.860187,-6.380184],[106.860462,-6.380457],[106.860462,-6.381004],[106.861013,-6.381004],[106.861288,-6.381277],[106.861288,-6.38196],[106.861838,-6.38196],[106.861838,-6.38114],[106.86225,-6.380867],[106.863625,-6.381004],[106.863625,-6.380594],[106.86115,-6.380594],[106.860325,-6.379637],[106.859363,-6.379637]]]},"properties":{"layer_id":"historis_risiko","jenis":"banjir","nama":"Bahaya banjir sedang","sumber":"InaRISK (BNPB)","atribut":{"kelas":"sedang"}}},{"type":"Feature","geometry":{"type":"Polygon","coordinates":[[[106.776175,-6.37786],[106.776175,-6.379364],[106.7759,-6.380047],[106.77645,-6.380184],[106.776725,-6.380047],[106.776725,-6.379364],[106.77645,-6.378817],[106.77645,-6.377997],[106.776175,-6.37786]]]},"properties":{"layer_id":"historis_risiko","jenis":"banjir","nama":"Bahaya banjir sedang","sumber":"InaRISK (BNPB)","atribut":{"kelas":"sedang"}}},{"type":"Feature","geometry":{"type":"Polygon","coordinates":[[[106.903087,-6.37827],[106.902675,-6.37786],[106.901575,-6.377724],[106.9013,-6.37704],[106.901025,-6.376904],[106.899925,-6.376904],[106.89965,-6.377724],[106.898275,-6.377724],[106.898,-6.377997],[106.898,-6.379364],[106.897175,-6.379637],[106.897175,-6.38032],[106.895387,-6.380594],[106.895387,-6.382097],[106.894425,-6.38237],[106.894425,-6.383737],[106.89415,-6.38401],[106.892775,-6.38401],[106.892638,-6.384693],[106.892363,-6.384967],[106.89195,-6.384967],[106.891537,-6.385787],[106.89085,-6.385923],[106.89085,-6.38647],[106.893325,-6.386607],[106.893462,-6.385923],[106.893738,-6.38565],[106.895112,-6.38565],[106.89525,-6.382234],[106.895938,-6.382097],[106.896075,-6.381414],[106.89635,-6.38114],[106.8969,-6.38114],[106.897175,-6.38032],[106.897863,-6.380184],[106.898,-6.379364],[106.89965,-6.379364],[106.899925,-6.379637],[106.900613,-6.379774],[106.901025,-6.380184],[106.903363,-6.379774],[106.903363,-6.378954],[106.903087,-6.37827]]]},"properties":{"layer_id":"historis_risiko","jenis":"banjir","nama":"Bahaya banjir sedang","sumber":"InaRISK (BNPB)","atribut":{"kelas":"sedang"}}},{"type":"Feature","geometry":{"type":"Polygon","coordinates":[[[106.775075,-6.371574],[106.775075,-6.37212],[106.774663,-6.37253],[106.773288,-6.372394],[106.77315,-6.374034],[106.772325,-6.374307],[106.772463,-6.374854],[106.77315,-6.37499],[106.77315,-6.37581],[106.772875,-6.376084],[106.772463,-6.376084],[106.772463,-6.376767],[106.771637,-6.377724],[106.771637,-6.37827],[106.772325,-6.37868],[106.772325,-6.38114],[106.7715,-6.381277],[106.771363,-6.38196],[106.773013,-6.382097],[106.77315,-6.382917],[106.772875,-6.38319],[106.7715,-6.38319],[106.771363,-6.383737],[106.77205,-6.383873],[106.772325,-6.384147],[106.772325,-6.384693],[106.772875,-6.38483],[106.773288,-6.38565],[106.773837,-6.38565],[106.774113,-6.385923],[106.774113,-6.387427],[106.773837,-6.3877],[106.773288,-6.3877],[106.77315,-6.388247],[106.773837,-6.388383],[106.774113,-6.388657],[106.77425,-6.38934],[106.775625,-6.38934],[106.775762,-6.388657],[106.776038,-6.388383],[106.77755,-6.388383],[106.777825,-6.38934],[106.7792,-6.38934],[106.779337,-6.387837],[106.77865,-6.3877],[106.778375,-6.387427],[106.778375,-6.38688],[106.77755,-6.38647],[106.77755,-6.385103],[106.776863,-6.384967],[106.776588,-6.384693],[106.776588,-6.38401],[106.777275,-6.3836],[106.776863,-6.38319],[106.776038,-6.38319],[106.775762,-6.382917],[106.775762,-6.381414],[106.773013,-6.38114],[106.773013,-6.380457],[106.773975,-6.380184],[106.773975,-6.379364],[106.77425,-6.379227],[106.77425,-6.377997],[106.775075,-6.377177],[106.774663,-6.376767],[106.7748,-6.375127],[106.773975,-6.374854],[106.774113,-6.374034],[106.7748,-6.374034],[106.77535,-6.37376],[106.77535,-6.37294],[106.776175,-6.371847],[106.776038,-6.371574],[106.775075,-6.371574]]]},"properties":{"layer_id":"historis_risiko","jenis":"banjir","nama":"Bahaya banjir sedang","sumber":"InaRISK (BNPB)","atribut":{"kelas":"sedang"}}},{"type":"Feature","geometry":{"type":"Polygon","coordinates":[[[106.7528,-6.370617],[106.752525,-6.371164],[106.75335,-6.3713],[106.753488,-6.37212],[106.754312,-6.372394],[106.754312,-6.373897],[106.755825,-6.374034],[106.755963,-6.37335],[106.755413,-6.373214],[106.755,-6.372394],[106.754312,-6.372394],[106.754175,-6.371574],[106.753488,-6.371437],[106.75335,-6.370754],[106.7528,-6.370617]]]},"properties":{"layer_id":"historis_risiko","jenis":"banjir","nama":"Bahaya banjir sedang","sumber":"InaRISK (BNPB)","atribut":{"kelas":"sedang"}}},{"type":"Feature","geometry":{"type":"Polygon","coordinates":[[[106.748125,-6.367884],[106.747988,-6.370344],[106.747713,-6.370617],[106.7473,-6.370617],[106.747163,-6.371164],[106.747988,-6.371437],[106.748125,-6.372257],[106.748812,-6.372257],[106.749088,-6.37253],[106.74895,-6.375674],[106.749638,-6.37581],[106.749775,-6.37663],[106.750462,-6.376767],[106.750737,-6.37704],[106.750737,-6.379227],[106.751563,-6.3795],[106.751563,-6.381004],[106.75225,-6.38114],[106.752525,-6.381414],[106.752525,-6.382917],[106.753213,-6.383053],[106.753488,-6.383327],[106.753488,-6.383737],[106.754037,-6.383873],[106.754175,-6.381414],[106.75335,-6.381004],[106.75335,-6.379637],[106.752662,-6.3795],[106.75225,-6.37868],[106.751425,-6.378544],[106.751425,-6.375127],[106.7506,-6.374854],[106.750462,-6.371574],[106.749638,-6.3713],[106.749638,-6.369797],[106.749913,-6.369524],[106.75115,-6.369524],[106.751425,-6.36925],[106.751425,-6.36884],[106.750737,-6.368704],[106.750462,-6.367884],[106.748125,-6.367884]]]},"properties":{"layer_id":"historis_risiko","jenis":"banjir","nama":"Bahaya banjir sedang","sumber":"InaRISK (BNPB)","atribut":{"kelas":"sedang"}}},{"type":"Feature","geometry":{"type":"Polygon","coordinates":[[[106.782363,-6.360094],[106.7814,-6.360094],[106.781262,-6.360914],[106.781675,-6.361187],[106.7825,-6.36023],[106.782363,-6.360094]]]},"properties":{"layer_id":"historis_risiko","jenis":"banjir","nama":"Bahaya banjir sedang","sumber":"InaRISK (BNPB)","atribut":{"kelas":"sedang"}}},{"type":"Feature","geometry":{"type":"Polygon","coordinates":[[[106.875862,-6.35572],[106.875725,-6.356814],[106.876137,-6.356814],[106.876137,-6.355857],[106.875862,-6.35572]]]},"properties":{"layer_id":"historis_risiko","jenis":"banjir","nama":"Bahaya banjir sedang","sumber":"InaRISK (BNPB)","atribut":{"kelas":"sedang"}}},{"type":"Feature","geometry":{"type":"Polygon","coordinates":[[[106.79845,-6.352577],[106.798313,-6.356814],[106.799,-6.35695],[106.799138,-6.352714],[106.79845,-6.352577]]]},"properties":{"layer_id":"historis_risiko","jenis":"banjir","nama":"Bahaya banjir sedang","sumber":"InaRISK (BNPB)","atribut":{"kelas":"sedang"}}},{"type":"Feature","geometry":{"type":"Polygon","coordinates":[[[106.79845,-6.349024],[106.79845,-6.349707],[106.798038,-6.350254],[106.798862,-6.350527],[106.799825,-6.350527],[106.799825,-6.34998],[106.799275,-6.34998],[106.799,-6.34916],[106.79845,-6.349024]]]},"properties":{"layer_id":"historis_risiko","jenis":"banjir","nama":"Bahaya banjir sedang","sumber":"InaRISK (BNPB)","atribut":{"kelas":"sedang"}}},{"type":"Feature","geometry":{"type":"Polygon","coordinates":[[[106.825125,-6.341097],[106.824575,-6.34096],[106.8243,-6.34178],[106.822788,-6.34178],[106.82265,-6.342463],[106.822375,-6.342737],[106.821687,-6.342873],[106.821687,-6.34424],[106.821413,-6.344513],[106.820037,-6.344513],[106.8199,-6.34506],[106.8232,-6.345197],[106.823338,-6.343693],[106.823612,-6.34342],[106.8243,-6.343283],[106.8243,-6.34178],[106.824988,-6.341643],[106.825125,-6.341097]]]},"properties":{"layer_id":"historis_risiko","jenis":"banjir","nama":"Bahaya banjir sedang","sumber":"InaRISK (BNPB)","atribut":{"kelas":"sedang"}}},{"type":"Feature","geometry":{"type":"Polygon","coordinates":[[[106.882738,-6.336586],[106.882875,-6.337133],[106.88425,-6.336996],[106.88425,-6.336586],[106.882738,-6.336586]]]},"properties":{"layer_id":"historis_risiko","jenis":"banjir","nama":"Bahaya banjir sedang","sumber":"InaRISK (BNPB)","atribut":{"kelas":"sedang"}}},{"type":"Feature","geometry":{"type":"Polygon","coordinates":[[[106.880813,-6.334946],[106.881225,-6.33604],[106.882463,-6.336176],[106.882463,-6.33563],[106.881912,-6.33563],[106.881637,-6.335356],[106.881637,-6.33481],[106.880813,-6.334946]]]},"properties":{"layer_id":"historis_risiko","jenis":"banjir","nama":"Bahaya banjir sedang","sumber":"InaRISK (BNPB)","atribut":{"kelas":"sedang"}}},{"type":"Feature","geometry":{"type":"Polygon","coordinates":[[[106.744138,-6.332076],[106.743725,-6.332076],[106.743725,-6.332486],[106.743313,-6.332896],[106.742625,-6.332896],[106.74235,-6.332486],[106.742487,-6.332213],[106.742213,-6.331939],[106.7418,-6.332213],[106.741938,-6.333033],[106.742762,-6.333853],[106.742762,-6.33522],[106.743175,-6.335903],[106.743313,-6.33686],[106.742213,-6.337953],[106.740288,-6.339046],[106.74015,-6.339866],[106.739187,-6.340823],[106.739187,-6.344103],[106.738775,-6.345743],[106.738775,-6.3467],[106.738225,-6.347657],[106.738088,-6.348887],[106.7374,-6.34916],[106.737262,-6.349434],[106.737262,-6.350664],[106.7363,-6.350937],[106.7363,-6.353397],[106.735475,-6.35367],[106.735475,-6.358727],[106.734513,-6.359],[106.734513,-6.360367],[106.735475,-6.36064],[106.735475,-6.36228],[106.734513,-6.362554],[106.734513,-6.364194],[106.734238,-6.364467],[106.733825,-6.364467],[106.733825,-6.364877],[106.735337,-6.365014],[106.735613,-6.365287],[106.735475,-6.36843],[106.7363,-6.36884],[106.736438,-6.37048],[106.737125,-6.370344],[106.737125,-6.357224],[106.736163,-6.35695],[106.736163,-6.355447],[106.736438,-6.355174],[106.737125,-6.355037],[106.737125,-6.352577],[106.73795,-6.352304],[106.738088,-6.351484],[106.739738,-6.35121],[106.739738,-6.3508],[106.740425,-6.350117],[106.740975,-6.34793],[106.741388,-6.34752],[106.743175,-6.350117],[106.743313,-6.351347],[106.742762,-6.351894],[106.742075,-6.35203],[106.741525,-6.35285],[106.741525,-6.35326],[106.7418,-6.353397],[106.741938,-6.3549],[106.741525,-6.355447],[106.740975,-6.355447],[106.740975,-6.356677],[106.741663,-6.356814],[106.742075,-6.357634],[106.743175,-6.35736],[106.744,-6.356404],[106.743863,-6.354764],[106.744138,-6.354354],[106.744138,-6.35367],[106.7451,-6.352714],[106.745925,-6.352304],[106.746337,-6.35121],[106.746887,-6.3508],[106.746887,-6.34998],[106.746063,-6.349707],[106.746063,-6.348203],[106.745238,-6.347793],[106.745238,-6.343283],[106.7451,-6.342737],[106.744,-6.34219],[106.743313,-6.341233],[106.743725,-6.340413],[106.744687,-6.340003],[106.745788,-6.34014],[106.746063,-6.341507],[106.746337,-6.341643],[106.746475,-6.342737],[106.747163,-6.343147],[106.747713,-6.34465],[106.7484,-6.34506],[106.748675,-6.344923],[106.748675,-6.340276],[106.747988,-6.34014],[106.747713,-6.339866],[106.747713,-6.33932],[106.746887,-6.33891],[106.746887,-6.334946],[106.746063,-6.334536],[106.746063,-6.333853],[106.745375,-6.333716],[106.745238,-6.332896],[106.744412,-6.332759],[106.744138,-6.332486],[106.744138,-6.332076]]]},"properties":{"layer_id":"historis_risiko","jenis":"banjir","nama":"Bahaya banjir sedang","sumber":"InaRISK (BNPB)","atribut":{"kelas":"sedang"}}},{"type":"Feature","geometry":{"type":"Polygon","coordinates":[[[106.802988,-6.328249],[106.802712,-6.329206],[106.801338,-6.329206],[106.801063,-6.329479],[106.801338,-6.330026],[106.801888,-6.330163],[106.801888,-6.330846],[106.8012,-6.330983],[106.801063,-6.331803],[106.800238,-6.331939],[106.8001,-6.332623],[106.799413,-6.333033],[106.799413,-6.333443],[106.799,-6.333853],[106.798587,-6.333716],[106.798313,-6.333989],[106.798313,-6.34178],[106.797625,-6.3426],[106.796662,-6.34301],[106.796525,-6.34424],[106.79625,-6.344513],[106.795838,-6.344513],[106.795425,-6.345333],[106.79405,-6.34547],[106.79405,-6.346017],[106.793775,-6.34629],[106.791988,-6.346427],[106.79185,-6.349024],[106.791162,-6.349024],[106.790887,-6.34793],[106.790338,-6.34793],[106.7902,-6.350664],[106.789375,-6.350937],[106.789375,-6.35408],[106.789788,-6.354217],[106.790063,-6.353944],[106.7902,-6.35244],[106.7913,-6.352304],[106.791575,-6.35203],[106.7913,-6.351484],[106.791438,-6.350937],[106.792538,-6.350664],[106.79295,-6.351074],[106.792125,-6.352714],[106.7924,-6.354764],[106.791575,-6.355584],[106.7913,-6.35941],[106.791988,-6.359684],[106.792125,-6.360504],[106.79295,-6.36064],[106.79295,-6.36146],[106.791988,-6.361734],[106.792125,-6.364057],[106.792675,-6.364057],[106.793087,-6.364467],[106.793087,-6.366654],[106.793913,-6.366927],[106.79405,-6.368567],[106.7946,-6.368977],[106.794875,-6.36966],[106.794875,-6.37048],[106.7946,-6.37089],[106.794875,-6.373897],[106.7957,-6.37417],[106.795838,-6.379227],[106.79625,-6.379227],[106.796525,-6.3795],[106.7968,-6.381004],[106.7979,-6.380867],[106.799,-6.381687],[106.799413,-6.384693],[106.800238,-6.38606],[106.800238,-6.387427],[106.800787,-6.387427],[106.8012,-6.387837],[106.801063,-6.389203],[106.80175,-6.38934],[106.802025,-6.38975],[106.801888,-6.392893],[106.801063,-6.393166],[106.801063,-6.394533],[106.801888,-6.394943],[106.801888,-6.39549],[106.801063,-6.3959],[106.801063,-6.399999],[106.801613,-6.400136],[106.801888,-6.399179],[106.8034,-6.399179],[106.803675,-6.399453],[106.803675,-6.399999],[106.804362,-6.400136],[106.804637,-6.400409],[106.804637,-6.400819],[106.805463,-6.401229],[106.8056,-6.401913],[106.806425,-6.402049],[106.806425,-6.403552],[106.80725,-6.403962],[106.80725,-6.405329],[106.807938,-6.405466],[106.808075,-6.403006],[106.80725,-6.402869],[106.807113,-6.402186],[106.806287,-6.401913],[106.806287,-6.400409],[106.8056,-6.400273],[106.805325,-6.399999],[106.805325,-6.399453],[106.8045,-6.399043],[106.8045,-6.398496],[106.803813,-6.398359],[106.803538,-6.398086],[106.803538,-6.397676],[106.802712,-6.397266],[106.802712,-6.391253],[106.803538,-6.39098],[106.8034,-6.388793],[106.802712,-6.38852],[106.802575,-6.387837],[106.802025,-6.387837],[106.801613,-6.387427],[106.80175,-6.385787],[106.802712,-6.385513],[106.802712,-6.384967],[106.803125,-6.384693],[106.803125,-6.384283],[106.80175,-6.383873],[106.801613,-6.381414],[106.801063,-6.381414],[106.80065,-6.380594],[106.799963,-6.380594],[106.799275,-6.379637],[106.798175,-6.379364],[106.798175,-6.37704],[106.79735,-6.376767],[106.79735,-6.375947],[106.798175,-6.375674],[106.798175,-6.371984],[106.7979,-6.371437],[106.79735,-6.3713],[106.797213,-6.36884],[106.796525,-6.36884],[106.79625,-6.368567],[106.79625,-6.36679],[106.795838,-6.366244],[106.795838,-6.365424],[106.795012,-6.364194],[106.7946,-6.361597],[106.79515,-6.361187],[106.794875,-6.360777],[106.793775,-6.360504],[106.793638,-6.359957],[106.793913,-6.359547],[106.794325,-6.35941],[106.794325,-6.359137],[106.793638,-6.358727],[106.793638,-6.357224],[106.79295,-6.357087],[106.792675,-6.356814],[106.792675,-6.356267],[106.79295,-6.355994],[106.793638,-6.355857],[106.793775,-6.355584],[106.793638,-6.354354],[106.794188,-6.353944],[106.794325,-6.353397],[106.794325,-6.351347],[106.793363,-6.35039],[106.79405,-6.349434],[106.794325,-6.34834],[106.79515,-6.347657],[106.796113,-6.34752],[106.796525,-6.34711],[106.797213,-6.34711],[106.797488,-6.347383],[106.797488,-6.34875],[106.798175,-6.348887],[106.798175,-6.346427],[106.79845,-6.346153],[106.799825,-6.346017],[106.799963,-6.344513],[106.800787,-6.34424],[106.800925,-6.343967],[106.800925,-6.339593],[106.800787,-6.339183],[106.799963,-6.33891],[106.799825,-6.338226],[106.799138,-6.33809],[106.799138,-6.33727],[106.800238,-6.33686],[106.8001,-6.33563],[106.799275,-6.335493],[106.799138,-6.334673],[106.79955,-6.3344],[106.802025,-6.334536],[106.803263,-6.334126],[106.802712,-6.333579],[106.802712,-6.332076],[106.802988,-6.331803],[106.804362,-6.331666],[106.8045,-6.328386],[106.802988,-6.328249]],[[106.802712,-6.330163],[106.803538,-6.330026],[106.803813,-6.330436],[106.803675,-6.330846],[106.80285,-6.330983],[106.802712,-6.330163]]]},"properties":{"layer_id":"historis_risiko","jenis":"banjir","nama":"Bahaya banjir sedang","sumber":"InaRISK (BNPB)","atribut":{"kelas":"sedang"}}},{"type":"Feature","geometry":{"type":"Polygon","coordinates":[[[106.741938,-6.328249],[106.7418,-6.329889],[106.74235,-6.330026],[106.742487,-6.328386],[106.741938,-6.328249]]]},"properties":{"layer_id":"historis_risiko","jenis":"banjir","nama":"Bahaya banjir sedang","sumber":"InaRISK (BNPB)","atribut":{"kelas":"sedang"}}},{"type":"Feature","geometry":{"type":"Polygon","coordinates":[[[106.809175,-6.327429],[106.809175,-6.327976],[106.81,-6.328249],[106.81,-6.329889],[106.810688,-6.330026],[106.810963,-6.330299],[106.810963,-6.330709],[106.811513,-6.330846],[106.81165,-6.329343],[106.810825,-6.328932],[106.810688,-6.328249],[106.81,-6.328249],[106.809725,-6.327429],[106.809175,-6.327429]]]},"properties":{"layer_id":"historis_risiko","jenis":"banjir","nama":"Bahaya banjir sedang","sumber":"InaRISK (BNPB)","atribut":{"kelas":"sedang"}}},{"type":"Feature","geometry":{"type":"Polygon","coordinates":[[[106.80835,-6.326609],[106.80835,-6.327156],[106.8089,-6.327156],[106.8089,-6.326609],[106.80835,-6.326609]]]},"properties":{"layer_id":"historis_risiko","jenis":"banjir","nama":"Bahaya banjir sedang","sumber":"InaRISK (BNPB)","atribut":{"kelas":"sedang"}}},{"type":"Feature","geometry":{"type":"Polygon","coordinates":[[[106.7132,-6.325516],[106.7132,-6.326199],[106.713612,-6.326199],[106.713612,-6.325516],[106.7132,-6.325516]]]},"properties":{"layer_id":"historis_risiko","jenis":"banjir","nama":"Bahaya banjir sedang","sumber":"InaRISK (BNPB)","atribut":{"kelas":"sedang"}}},{"type":"Feature","geometry":{"type":"Polygon","coordinates":[[[106.763388,-6.324695],[106.763113,-6.325652],[106.761875,-6.325926],[106.761875,-6.327019],[106.762425,-6.327429],[106.762563,-6.328112],[106.763113,-6.328112],[106.763388,-6.328386],[106.763388,-6.328932],[106.764625,-6.329069],[106.7649,-6.328796],[106.7649,-6.325789],[106.764075,-6.325516],[106.763937,-6.324695],[106.763388,-6.324695]]]},"properties":{"layer_id":"historis_risiko","jenis":"banjir","nama":"Bahaya banjir sedang","sumber":"InaRISK (BNPB)","atribut":{"kelas":"sedang"}}},{"type":"Feature","geometry":{"type":"Polygon","coordinates":[[[106.919863,-6.324012],[106.919313,-6.324012],[106.917938,-6.325379],[106.917938,-6.326199],[106.917525,-6.326746],[106.917525,-6.328249],[106.9178,-6.328796],[106.9178,-6.329616],[106.918075,-6.329889],[106.9178,-6.331529],[106.9178,-6.336996],[106.917525,-6.33727],[106.916837,-6.337406],[106.916837,-6.338773],[106.917525,-6.33891],[106.9178,-6.339183],[106.9178,-6.341643],[106.916975,-6.34178],[106.916837,-6.342737],[106.916287,-6.34301],[106.916837,-6.34342],[106.916975,-6.34424],[106.915188,-6.345743],[106.91505,-6.34875],[106.916013,-6.349024],[106.916013,-6.351484],[106.91505,-6.351757],[106.91505,-6.355857],[106.914225,-6.356267],[106.914225,-6.35695],[106.9134,-6.357224],[106.913125,-6.358044],[106.912575,-6.35818],[106.912575,-6.359274],[106.913125,-6.359957],[106.91395,-6.36187],[106.91395,-6.362964],[106.913538,-6.36351],[106.913538,-6.36392],[106.91285,-6.365424],[106.910512,-6.36679],[106.908175,-6.368704],[106.907488,-6.368977],[106.905975,-6.3713],[106.905838,-6.37294],[106.9068,-6.37376],[106.907212,-6.374717],[106.9068,-6.376357],[106.90515,-6.37868],[106.903775,-6.37991],[106.903775,-6.38196],[106.90405,-6.38196],[106.904463,-6.38237],[106.904463,-6.385513],[106.904325,-6.386607],[106.903363,-6.38688],[106.903363,-6.388383],[106.903087,-6.388657],[106.902675,-6.388657],[106.902675,-6.389203],[106.903087,-6.389203],[106.9035,-6.389887],[106.903087,-6.39057],[106.903087,-6.39139],[106.902812,-6.391936],[106.901438,-6.39303],[106.89965,-6.393166],[106.898413,-6.39467],[106.895938,-6.395626],[106.894425,-6.396583],[106.893738,-6.396583],[106.8936,-6.397403],[106.892775,-6.397539],[106.8925,-6.398359],[106.891262,-6.398496],[106.89085,-6.399863],[106.890988,-6.401913],[106.890713,-6.402186],[106.890025,-6.402186],[106.88975,-6.403826],[106.884663,-6.403826],[106.884388,-6.404646],[106.883013,-6.404646],[106.882738,-6.404919],[106.882738,-6.405466],[106.881912,-6.405876],[106.881912,-6.407242],[106.88095,-6.407515],[106.88095,-6.410795],[106.880125,-6.411068],[106.880263,-6.411752],[106.880813,-6.411615],[106.88095,-6.410795],[106.881775,-6.410658],[106.881775,-6.409155],[106.8826,-6.408882],[106.8826,-6.406559],[106.883425,-6.406422],[106.8837,-6.405466],[106.885075,-6.405329],[106.885487,-6.405602],[106.885487,-6.408062],[106.886313,-6.408472],[106.886313,-6.409019],[106.885487,-6.409292],[106.885487,-6.410658],[106.886313,-6.410932],[106.886313,-6.411615],[106.885487,-6.412025],[106.88535,-6.412845],[106.884525,-6.412982],[106.884388,-6.413665],[106.8837,-6.413802],[106.883562,-6.414621],[106.882875,-6.414621],[106.882738,-6.415168],[106.881912,-6.415578],[106.881912,-6.420771],[106.8826,-6.420634],[106.8826,-6.416535],[106.882875,-6.416261],[106.883562,-6.416125],[106.883562,-6.414621],[106.884663,-6.414348],[106.8859,-6.414348],[106.886175,-6.412845],[106.887138,-6.412572],[106.887138,-6.411068],[106.887963,-6.410658],[106.887963,-6.408335],[106.888788,-6.408062],[106.888788,-6.407515],[106.888238,-6.407105],[106.888513,-6.406012],[106.889063,-6.405602],[106.889475,-6.405602],[106.889888,-6.405876],[106.890025,-6.406286],[106.891675,-6.406286],[106.891675,-6.403826],[106.8925,-6.403552],[106.8925,-6.401093],[106.893325,-6.400956],[106.893462,-6.400409],[106.894288,-6.399999],[106.894288,-6.399453],[106.894563,-6.399179],[106.895387,-6.399316],[106.895387,-6.400819],[106.896213,-6.401093],[106.896213,-6.403689],[106.897037,-6.403552],[106.897037,-6.402049],[106.897863,-6.401776],[106.897863,-6.401229],[106.897037,-6.400956],[106.8969,-6.399453],[106.897175,-6.399179],[106.898962,-6.399316],[106.898962,-6.404372],[106.899788,-6.404782],[106.899788,-6.405466],[106.8991,-6.405602],[106.898962,-6.406286],[106.89965,-6.406422],[106.900063,-6.406969],[106.900338,-6.406969],[106.90075,-6.406422],[106.901438,-6.406286],[106.901438,-6.404782],[106.900613,-6.404372],[106.900613,-6.401229],[106.899925,-6.401093],[106.89965,-6.400819],[106.89965,-6.400409],[106.899925,-6.400136],[106.900613,-6.399999],[106.900613,-6.398633],[106.900475,-6.398086],[106.899925,-6.397539],[106.899925,-6.396993],[106.9013,-6.396856],[106.901713,-6.39631],[106.9024,-6.39631],[106.90405,-6.394533],[106.904737,-6.39426],[106.90515,-6.393576],[106.905288,-6.392346],[106.905012,-6.391936],[106.90515,-6.390297],[106.905838,-6.390023],[106.905838,-6.387837],[106.905425,-6.387837],[106.905012,-6.387427],[106.905012,-6.387017],[106.905288,-6.386607],[106.905975,-6.38647],[106.905838,-6.385923],[106.90625,-6.385513],[106.90625,-6.38524],[106.905838,-6.38483],[106.905975,-6.38237],[106.90515,-6.382097],[106.90515,-6.381277],[106.905838,-6.38114],[106.905975,-6.380457],[106.906937,-6.380184],[106.906937,-6.37991],[106.908175,-6.37868],[106.909413,-6.378407],[106.909413,-6.37786],[106.909,-6.37786],[106.908725,-6.377587],[106.908725,-6.376904],[106.909,-6.37663],[106.909413,-6.37663],[106.909413,-6.372804],[106.910787,-6.371164],[106.911338,-6.369934],[106.91175,-6.369524],[106.912987,-6.369387],[106.913263,-6.368567],[106.91395,-6.368567],[106.914088,-6.367884],[106.914912,-6.36761],[106.914912,-6.366107],[106.915738,-6.365834],[106.915875,-6.36433],[106.916562,-6.36392],[106.916562,-6.36269],[106.915875,-6.36228],[106.915875,-6.360777],[106.914912,-6.360504],[106.914912,-6.358044],[106.915188,-6.35777],[106.915875,-6.35777],[106.916013,-6.35859],[106.916837,-6.358864],[106.916837,-6.359547],[106.917663,-6.359547],[106.917663,-6.349844],[106.917938,-6.34957],[106.918487,-6.34957],[106.918487,-6.349024],[106.9178,-6.348477],[106.917525,-6.34629],[106.917663,-6.345333],[106.917938,-6.34506],[106.918625,-6.34506],[106.91945,-6.343967],[106.91945,-6.336586],[106.919863,-6.336313],[106.919863,-6.324012]]]},"properties":{"layer_id":"historis_risiko","jenis":"banjir","nama":"Bahaya banjir sedang","sumber":"InaRISK (BNPB)","atribut":{"kelas":"sedang"}}},{"type":"Feature","geometry":{"type":"Polygon","coordinates":[[[106.730663,-6.321142],[106.730113,-6.321279],[106.730113,-6.326336],[106.72915,-6.326609],[106.729287,-6.327292],[106.730663,-6.327292],[106.7308,-6.325652],[106.731763,-6.325379],[106.731625,-6.324695],[106.7308,-6.324559],[106.730663,-6.321142]]]},"properties":{"layer_id":"historis_risiko","jenis":"banjir","nama":"Bahaya banjir sedang","sumber":"InaRISK (BNPB)","atribut":{"kelas":"sedang"}}},{"type":"Feature","geometry":{"type":"Polygon","coordinates":[[[106.73245,-6.319502],[106.731212,-6.319502],[106.731075,-6.320869],[106.731625,-6.320869],[106.731625,-6.320185],[106.7319,-6.319912],[106.73245,-6.319912],[106.73245,-6.319502]]]},"properties":{"layer_id":"historis_risiko","jenis":"banjir","nama":"Bahaya banjir sedang","sumber":"InaRISK (BNPB)","atribut":{"kelas":"sedang"}}},{"type":"Feature","geometry":{"type":"Polygon","coordinates":[[[106.8727,-6.304877],[106.871188,-6.304603],[106.870913,-6.305014],[106.868437,-6.305014],[106.868162,-6.304193],[106.867613,-6.304193],[106.867613,-6.30474],[106.866788,-6.30515],[106.86665,-6.305424],[106.86665,-6.306654],[106.865825,-6.306927],[106.865825,-6.308431],[106.866375,-6.308977],[106.867338,-6.310891],[106.866788,-6.311574],[106.865962,-6.311574],[106.864863,-6.312531],[106.865138,-6.313351],[106.867063,-6.313624],[106.8672,-6.313488],[106.867063,-6.312121],[106.867338,-6.311848],[106.868162,-6.311848],[106.868162,-6.311438],[106.868575,-6.311028],[106.868988,-6.311028],[106.869125,-6.309387],[106.870087,-6.309114],[106.870087,-6.307611],[106.871738,-6.307474],[106.872012,-6.306654],[106.872975,-6.306517],[106.872975,-6.30515],[106.8727,-6.304877]]]},"properties":{"layer_id":"historis_risiko","jenis":"banjir","nama":"Bahaya banjir sedang","sumber":"InaRISK (BNPB)","atribut":{"kelas":"sedang"}}},{"type":"Feature","geometry":{"type":"Polygon","coordinates":[[[106.743313,-6.304057],[106.742762,-6.304057],[106.742762,-6.30474],[106.74235,-6.30515],[106.741938,-6.30515],[106.741938,-6.307337],[106.741663,-6.307611],[106.740837,-6.307747],[106.740837,-6.311848],[106.740013,-6.312258],[106.740013,-6.312804],[106.740562,-6.312941],[106.740975,-6.313761],[106.741663,-6.313624],[106.741663,-6.312258],[106.742487,-6.311848],[106.742487,-6.310481],[106.741663,-6.310071],[106.741663,-6.308567],[106.742487,-6.308294],[106.742487,-6.30679],[106.7429,-6.30638],[106.743863,-6.30638],[106.744275,-6.30679],[106.744275,-6.308157],[106.7451,-6.308294],[106.745238,-6.305424],[106.74455,-6.304603],[106.743313,-6.304057]]]},"properties":{"layer_id":"historis_risiko","jenis":"banjir","nama":"Bahaya banjir sedang","sumber":"InaRISK (BNPB)","atribut":{"kelas":"sedang"}}},{"type":"Feature","geometry":{"type":"Polygon","coordinates":[[[106.902675,-6.298726],[106.902675,-6.299273],[106.903087,-6.299273],[106.903087,-6.298726],[106.902675,-6.298726]]]},"properties":{"layer_id":"historis_risiko","jenis":"banjir","nama":"Bahaya banjir sedang","sumber":"InaRISK (BNPB)","atribut":{"kelas":"sedang"}}},{"type":"Feature","geometry":{"type":"Polygon","coordinates":[[[106.9035,-6.298316],[106.904463,-6.298316],[106.905012,-6.298043],[106.9035,-6.297906],[106.9035,-6.298316]]]},"properties":{"layer_id":"historis_risiko","jenis":"banjir","nama":"Bahaya banjir sedang","sumber":"InaRISK (BNPB)","atribut":{"kelas":"sedang"}}},{"type":"Feature","geometry":{"type":"Polygon","coordinates":[[[106.90625,-6.296129],[106.90625,-6.296539],[106.9068,-6.296539],[106.9068,-6.296129],[106.90625,-6.296129]]]},"properties":{"layer_id":"historis_risiko","jenis":"banjir","nama":"Bahaya banjir sedang","sumber":"InaRISK (BNPB)","atribut":{"kelas":"sedang"}}},{"type":"Feature","geometry":{"type":"Polygon","coordinates":[[[106.886588,-6.294626],[106.886313,-6.295172],[106.885625,-6.295172],[106.885625,-6.295719],[106.886175,-6.295719],[106.88645,-6.295992],[106.88645,-6.296539],[106.887,-6.296539],[106.887,-6.295446],[106.886588,-6.294626]]]},"properties":{"layer_id":"historis_risiko","jenis":"banjir","nama":"Bahaya banjir sedang","sumber":"InaRISK (BNPB)","atribut":{"kelas":"sedang"}}},{"type":"Feature","geometry":{"type":"Polygon","coordinates":[[[106.7187,-6.293395],[106.718563,-6.293805],[106.718838,-6.294626],[106.718975,-6.293532],[106.7187,-6.293395]]]},"properties":{"layer_id":"historis_risiko","jenis":"banjir","nama":"Bahaya banjir sedang","sumber":"InaRISK (BNPB)","atribut":{"kelas":"sedang"}}},{"type":"Feature","geometry":{"type":"Polygon","coordinates":[[[106.714438,-6.292712],[106.714438,-6.292985],[106.71485,-6.293259],[106.714988,-6.294079],[106.715537,-6.293942],[106.715675,-6.293122],[106.716363,-6.293122],[106.716638,-6.293395],[106.716775,-6.294762],[106.717188,-6.294762],[106.717188,-6.292302],[106.715263,-6.292302],[106.714438,-6.292712]]]},"properties":{"layer_id":"historis_risiko","jenis":"banjir","nama":"Bahaya banjir sedang","sumber":"InaRISK (BNPB)","atribut":{"kelas":"sedang"}}},{"type":"Feature","geometry":{"type":"Polygon","coordinates":[[[106.892363,-6.291755],[106.892225,-6.291618],[106.890713,-6.291892],[106.890438,-6.292165],[106.890438,-6.292712],[106.890988,-6.292985],[106.892363,-6.292985],[106.892363,-6.291755]]]},"properties":{"layer_id":"historis_risiko","jenis":"banjir","nama":"Bahaya banjir sedang","sumber":"InaRISK (BNPB)","atribut":{"kelas":"sedang"}}},{"type":"Feature","geometry":{"type":"Polygon","coordinates":[[[106.790338,-6.292439],[106.7902,-6.293805],[106.790475,-6.294079],[106.791713,-6.294079],[106.791988,-6.294352],[106.792125,-6.295856],[106.792675,-6.295856],[106.792812,-6.295172],[106.793087,-6.294899],[106.793775,-6.294899],[106.793913,-6.295719],[106.794463,-6.295856],[106.7946,-6.294215],[106.795563,-6.293942],[106.795425,-6.293259],[106.7946,-6.293122],[106.794463,-6.292302],[106.791988,-6.292302],[106.791438,-6.291618],[106.790887,-6.292439],[106.790338,-6.292439]]]},"properties":{"layer_id":"historis_risiko","jenis":"banjir","nama":"Bahaya banjir sedang","sumber":"InaRISK (BNPB)","atribut":{"kelas":"sedang"}}},{"type":"Feature","geometry":{"type":"Polygon","coordinates":[[[106.7,-6.284374],[106.7,-6.294626],[106.70165,-6.296266],[106.702475,-6.299136],[106.703713,-6.30023],[106.70605,-6.30146],[106.706463,-6.30187],[106.7066,-6.30269],[106.706187,-6.303373],[106.706463,-6.305014],[106.70715,-6.305834],[106.70935,-6.307064],[106.709625,-6.309524],[106.7099,-6.310207],[106.710588,-6.310754],[106.708525,-6.313214],[106.708112,-6.314718],[106.707288,-6.315265],[106.7066,-6.314445],[106.706875,-6.310618],[106.70715,-6.309797],[106.706738,-6.308021],[106.706187,-6.307611],[106.704813,-6.307337],[106.702888,-6.30638],[106.700825,-6.305834],[106.700275,-6.305287],[106.7,-6.30392],[106.7,-6.310207],[106.700275,-6.310071],[106.700275,-6.308704],[106.70055,-6.308431],[106.7011,-6.308431],[106.701513,-6.309251],[106.702888,-6.309251],[106.703163,-6.309524],[106.703163,-6.310071],[106.703987,-6.310481],[106.703987,-6.313624],[106.70495,-6.313898],[106.70495,-6.315538],[106.704262,-6.315675],[106.703987,-6.315948],[106.704262,-6.316495],[106.70495,-6.316631],[106.70495,-6.318272],[106.704125,-6.318408],[106.703987,-6.319092],[106.703713,-6.319365],[106.702337,-6.319365],[106.7022,-6.320048],[106.701375,-6.320322],[106.701375,-6.326336],[106.7011,-6.326609],[106.70055,-6.326609],[106.70055,-6.327839],[106.700275,-6.328249],[106.7,-6.328249],[106.7,-6.335356],[106.700412,-6.33563],[106.70055,-6.336313],[106.7011,-6.336313],[106.701375,-6.336586],[106.701375,-6.337953],[106.702062,-6.33809],[106.702337,-6.338363],[106.702337,-6.33973],[106.703163,-6.340003],[106.7033,-6.341643],[106.704675,-6.341643],[106.70495,-6.341917],[106.705088,-6.3426],[106.7066,-6.342463],[106.707563,-6.343283],[106.70825,-6.343283],[106.708525,-6.343557],[106.708525,-6.34424],[106.70935,-6.344513],[106.709488,-6.346973],[106.710313,-6.347247],[106.710313,-6.348887],[106.7099,-6.349297],[106.7099,-6.350254],[106.709488,-6.350527],[106.709488,-6.351347],[106.710037,-6.351347],[106.71045,-6.351757],[106.710313,-6.355037],[106.710037,-6.35531],[106.70935,-6.355447],[106.70935,-6.35859],[106.710037,-6.358727],[106.710313,-6.35777],[106.711962,-6.357634],[106.711962,-6.357224],[106.711138,-6.356814],[106.711138,-6.35449],[106.711962,-6.35408],[106.711962,-6.35367],[106.711138,-6.35326],[106.711138,-6.35244],[106.711962,-6.351484],[106.713612,-6.351484],[106.713887,-6.351757],[106.713887,-6.352304],[106.714713,-6.35244],[106.714988,-6.35326],[106.715675,-6.353534],[106.715675,-6.3549],[106.71595,-6.355174],[106.71705,-6.355037],[106.717462,-6.35531],[106.717462,-6.357634],[106.71815,-6.35777],[106.718425,-6.358044],[106.718425,-6.359684],[106.7176,-6.359957],[106.7176,-6.362144],[106.719113,-6.36228],[106.71925,-6.3631],[106.720213,-6.363374],[106.720213,-6.364194],[106.7176,-6.36433],[106.717462,-6.365014],[106.716775,-6.365287],[106.716775,-6.366654],[106.717188,-6.366654],[106.717462,-6.366927],[106.717462,-6.368567],[106.716638,-6.36884],[106.716638,-6.371164],[106.717188,-6.3713],[106.717462,-6.371574],[106.717462,-6.37212],[106.71815,-6.372257],[106.718425,-6.37253],[106.718425,-6.37294],[106.71925,-6.37335],[106.719387,-6.374034],[106.719938,-6.374034],[106.720213,-6.374307],[106.720213,-6.374717],[106.721038,-6.375127],[106.721038,-6.375674],[106.720213,-6.376084],[106.720213,-6.37663],[106.721038,-6.37704],[106.721038,-6.379364],[106.720213,-6.379637],[106.720213,-6.38196],[106.722,-6.382234],[106.722,-6.384693],[106.721725,-6.384967],[106.721038,-6.385103],[106.721038,-6.38647],[106.721863,-6.386607],[106.722,-6.387427],[106.722688,-6.387563],[106.7231,-6.388383],[106.72365,-6.38811],[106.723788,-6.387563],[106.72475,-6.387427],[106.726125,-6.387563],[106.726538,-6.387973],[106.7264,-6.389203],[106.726675,-6.389477],[106.726675,-6.393166],[106.726538,-6.39385],[106.725713,-6.394123],[106.725713,-6.397129],[106.726263,-6.397266],[106.726538,-6.397539],[106.726538,-6.398086],[106.727362,-6.398496],[106.727362,-6.399043],[106.72805,-6.399179],[106.728325,-6.399453],[106.728325,-6.399999],[106.72915,-6.400409],[106.729287,-6.401913],[106.729012,-6.402322],[106.729287,-6.402732],[106.729287,-6.403416],[106.729838,-6.403552],[106.73025,-6.403962],[106.73025,-6.404372],[106.730937,-6.404646],[106.730937,-6.408199],[106.730113,-6.408472],[106.729975,-6.409292],[106.730663,-6.411478],[106.729287,-6.412982],[106.729425,-6.414211],[106.729838,-6.415168],[106.731625,-6.415305],[106.7319,-6.415578],[106.732038,-6.416261],[106.732588,-6.416671],[106.733137,-6.417764],[106.733825,-6.418448],[106.733825,-6.419678],[106.734238,-6.419678],[106.734513,-6.419951],[106.734513,-6.420771],[106.734238,-6.421044],[106.733825,-6.421044],[106.733825,-6.423231],[106.734513,-6.423641],[106.734513,-6.42528],[106.733825,-6.425417],[106.73355,-6.426237],[106.732038,-6.42651],[106.732038,-6.427057],[106.731075,-6.428423],[106.731075,-6.42979],[106.731212,-6.430063],[106.731488,-6.430063],[106.7319,-6.429653],[106.73245,-6.429653],[106.732862,-6.430063],[106.732862,-6.430473],[106.73355,-6.430473],[106.733825,-6.430746],[106.733825,-6.431293],[106.73465,-6.431703],[106.73465,-6.434299],[106.735613,-6.435256],[106.73575,-6.436076],[106.736438,-6.436896],[106.736438,-6.438535],[106.736987,-6.438535],[106.737262,-6.438809],[106.737262,-6.440448],[106.7363,-6.440722],[106.7363,-6.443181],[106.735475,-6.443455],[106.735475,-6.444958],[106.734375,-6.445231],[106.733,-6.445094],[106.732725,-6.445641],[106.733,-6.445914],[106.733688,-6.446051],[106.733688,-6.446871],[106.732862,-6.447007],[106.732725,-6.447691],[106.7319,-6.4481],[106.732038,-6.45179],[106.733688,-6.452336],[106.733825,-6.45384],[106.734513,-6.454113],[106.734513,-6.456572],[106.7352,-6.456709],[106.735475,-6.456982],[106.735475,-6.457392],[106.7352,-6.457666],[106.73465,-6.457666],[106.734513,-6.458349],[106.733688,-6.458759],[106.733688,-6.462038],[106.732862,-6.462311],[106.732725,-6.463814],[106.731075,-6.463951],[106.730937,-6.464771],[106.730113,-6.465044],[106.730113,-6.465727],[106.729287,-6.466001],[106.729287,-6.467367],[106.729838,-6.467367],[106.73025,-6.467914],[106.730113,-6.47092],[106.730937,-6.471193],[106.730937,-6.472696],[106.730113,-6.473106],[106.730113,-6.473652],[106.729838,-6.473926],[106.72915,-6.474062],[106.72915,-6.475429],[106.729838,-6.475565],[106.730113,-6.475839],[106.73025,-6.476522],[106.731625,-6.476522],[106.732038,-6.477342],[106.732725,-6.477478],[106.732725,-6.479118],[106.732175,-6.479528],[106.732175,-6.479801],[106.732862,-6.480211],[106.733,-6.480894],[106.7352,-6.481167],[106.735475,-6.480894],[106.736025,-6.480894],[106.7363,-6.480074],[106.737262,-6.480211],[106.7374,-6.481714],[106.736987,-6.482124],[106.73685,-6.483217],[106.73795,-6.484447],[106.738775,-6.484447],[106.739187,-6.484857],[106.73905,-6.488956],[106.739738,-6.489092],[106.74015,-6.489912],[106.741525,-6.489912],[106.7418,-6.490185],[106.741938,-6.490868],[106.74345,-6.490868],[106.744138,-6.491415],[106.744687,-6.491415],[106.745238,-6.491688],[106.745925,-6.492508],[106.747025,-6.492645],[106.7473,-6.493464],[106.748262,-6.493464],[106.749088,-6.492645],[106.749363,-6.492645],[106.750875,-6.493738],[106.750875,-6.494284],[106.752525,-6.494421],[106.7528,-6.494831],[106.755,-6.494694],[106.75555,-6.494967],[106.756375,-6.494558],[106.757063,-6.495241],[106.757888,-6.495514],[106.757888,-6.496197],[106.757475,-6.496607],[106.757475,-6.49688],[106.757888,-6.49729],[106.758025,-6.497837],[106.75885,-6.49811],[106.75885,-6.498793],[106.758575,-6.499066],[106.757888,-6.499203],[106.757888,-6.500569],[106.758575,-6.500706],[106.75885,-6.500979],[106.758988,-6.505488],[106.760087,-6.506581],[106.759813,-6.507128],[106.759813,-6.507811],[106.7594,-6.508221],[106.758988,-6.508221],[106.758988,-6.51027],[106.760087,-6.510407],[106.760913,-6.509314],[106.761325,-6.509587],[106.7616,-6.510953],[106.7627,-6.5115],[106.76325,-6.512046],[106.763937,-6.513549],[106.763388,-6.515735],[106.763388,-6.516691],[106.764075,-6.516828],[106.764212,-6.517648],[106.765038,-6.517921],[106.765038,-6.52038],[106.764212,-6.52079],[106.764212,-6.522293],[106.76325,-6.522566],[106.76325,-6.523933],[106.764212,-6.524206],[106.76435,-6.525435],[106.76435,-6.528578],[106.764075,-6.528851],[106.763388,-6.528851],[106.76325,-6.530217],[106.764212,-6.53049],[106.764212,-6.53131],[106.763388,-6.531447],[106.76325,-6.53213],[106.7627,-6.532403],[106.762563,-6.532813],[106.7627,-6.534589],[106.76325,-6.533769],[106.763663,-6.533769],[106.764212,-6.534043],[106.76435,-6.534862],[106.765038,-6.534999],[106.765038,-6.535819],[106.764763,-6.536092],[106.76435,-6.536092],[106.764212,-6.536912],[106.764212,-6.542786],[106.7649,-6.542923],[106.765175,-6.543196],[106.765038,-6.545382],[106.765313,-6.545655],[106.76655,-6.545655],[106.766825,-6.545382],[106.766688,-6.543333],[106.766,-6.543196],[106.765725,-6.542923],[106.765725,-6.542376],[106.7649,-6.542103],[106.765038,-6.541147],[106.766688,-6.54101],[106.766688,-6.540464],[106.766,-6.540327],[106.765862,-6.539644],[106.765175,-6.539507],[106.7649,-6.539234],[106.7649,-6.538551],[106.765862,-6.538278],[106.765862,-6.536775],[106.76655,-6.536638],[106.766825,-6.536365],[106.76655,-6.535955],[106.765862,-6.535819],[106.765862,-6.534179],[106.765175,-6.534043],[106.7649,-6.533769],[106.7649,-6.529671],[106.765862,-6.529124],[106.765313,-6.528031],[106.765588,-6.528031],[106.765862,-6.527621],[106.766688,-6.527621],[106.766825,-6.527075],[106.765725,-6.526802],[106.765725,-6.525299],[106.7649,-6.525026],[106.7649,-6.52243],[106.765862,-6.522293],[106.766137,-6.522976],[106.766688,-6.522976],[106.766963,-6.523249],[106.766963,-6.523796],[106.767375,-6.524069],[106.76765,-6.523796],[106.76765,-6.519834],[106.766825,-6.519424],[106.766825,-6.518058],[106.765862,-6.517784],[106.765862,-6.516282],[106.7649,-6.516008],[106.7649,-6.515189],[106.765862,-6.514915],[106.765862,-6.511773],[106.766137,-6.5115],[106.767375,-6.511363],[106.767787,-6.511636],[106.767787,-6.514096],[106.768613,-6.514232],[106.76875,-6.514779],[106.769575,-6.515189],[106.769712,-6.516008],[106.771088,-6.516008],[106.771225,-6.515325],[106.770675,-6.515189],[106.770263,-6.514369],[106.769438,-6.514232],[106.7693,-6.513549],[106.76985,-6.513003],[106.7693,-6.512456],[106.7693,-6.511773],[106.76875,-6.511773],[106.768062,-6.510953],[106.768338,-6.510133],[106.7671,-6.509997],[106.766825,-6.51068],[106.766137,-6.51068],[106.765862,-6.510407],[106.765725,-6.508357],[106.765175,-6.507401],[106.764763,-6.507128],[106.76435,-6.505625],[106.763937,-6.505078],[106.763937,-6.504532],[106.764763,-6.503165],[106.764763,-6.501116],[106.763937,-6.500706],[106.763937,-6.499203],[106.76325,-6.499203],[106.7627,-6.500296],[106.762012,-6.500843],[106.761188,-6.500569],[106.760775,-6.500159],[106.760775,-6.499203],[106.761188,-6.49852],[106.761325,-6.497427],[106.7605,-6.497154],[106.7605,-6.495651],[106.759813,-6.495514],[106.759538,-6.495241],[106.7594,-6.491825],[106.75665,-6.491825],[106.75555,-6.492235],[106.754725,-6.491688],[106.753488,-6.491825],[106.753213,-6.491142],[106.752525,-6.491142],[106.751013,-6.490185],[106.7506,-6.491005],[106.749775,-6.491005],[106.7495,-6.490732],[106.7495,-6.490185],[106.748262,-6.490322],[106.747988,-6.491688],[106.747163,-6.491825],[106.747025,-6.491142],[106.7462,-6.491005],[106.745925,-6.490185],[106.745238,-6.489912],[106.745238,-6.488546],[106.744962,-6.488272],[106.741938,-6.488272],[106.741663,-6.487999],[106.7418,-6.487043],[106.7407,-6.485676],[106.739738,-6.483627],[106.739738,-6.480348],[106.739187,-6.480348],[106.738912,-6.480074],[106.738775,-6.479255],[106.735613,-6.479255],[106.735337,-6.478981],[106.735337,-6.476795],[106.73465,-6.476658],[106.734375,-6.476385],[106.734375,-6.475839],[106.73355,-6.475429],[106.73355,-6.474062],[106.732862,-6.473926],[106.732588,-6.474745],[106.732038,-6.474745],[106.731763,-6.474472],[106.731763,-6.474062],[106.732588,-6.473652],[106.732588,-6.47133],[106.731763,-6.47092],[106.731763,-6.469417],[106.732725,-6.469143],[106.732862,-6.468733],[106.7319,-6.46846],[106.731625,-6.46805],[106.7319,-6.467504],[106.733413,-6.467504],[106.73355,-6.466684],[106.734375,-6.466411],[106.734513,-6.463814],[106.7363,-6.463951],[106.736438,-6.46969],[106.736987,-6.469963],[106.737813,-6.469963],[106.738363,-6.471056],[106.738912,-6.47092],[106.738775,-6.468597],[106.738225,-6.468597],[106.737813,-6.468187],[106.73795,-6.464088],[106.737125,-6.463678],[106.737125,-6.459715],[106.73795,-6.459305],[106.73795,-6.456026],[106.737125,-6.455616],[106.737125,-6.45343],[106.736163,-6.453156],[106.736025,-6.451653],[106.735337,-6.45138],[106.7352,-6.450697],[106.734375,-6.450423],[106.734375,-6.449604],[106.734787,-6.44933],[106.736025,-6.44933],[106.736025,-6.447827],[106.7363,-6.447554],[106.736987,-6.447417],[106.737125,-6.444274],[106.738775,-6.444138],[106.738912,-6.443318],[106.739187,-6.443045],[106.739738,-6.443045],[106.739738,-6.442361],[106.739325,-6.441951],[106.739325,-6.440995],[106.739738,-6.440312],[106.739875,-6.439082],[106.7396,-6.438809],[106.738088,-6.438809],[106.737813,-6.438262],[106.737813,-6.437169],[106.737262,-6.437169],[106.736987,-6.436896],[106.736987,-6.43102],[106.736163,-6.430883],[106.735888,-6.430063],[106.73465,-6.430063],[106.734238,-6.429653],[106.734238,-6.42815],[106.73465,-6.42774],[106.735888,-6.427603],[106.735888,-6.426647],[106.7363,-6.4261],[106.737262,-6.4261],[106.737675,-6.426374],[106.738088,-6.425964],[106.738775,-6.425964],[106.738912,-6.423777],[106.73795,-6.423504],[106.73795,-6.421044],[106.738225,-6.420771],[106.739875,-6.420771],[106.740013,-6.421454],[106.740562,-6.421591],[106.7407,-6.421044],[106.739875,-6.420771],[106.739875,-6.419951],[106.740288,-6.419541],[106.74015,-6.418584],[106.740562,-6.418038],[106.741388,-6.417628],[106.740013,-6.417491],[106.739738,-6.417218],[106.7396,-6.416535],[106.738363,-6.416945],[106.737262,-6.416535],[106.736438,-6.416535],[106.735337,-6.415441],[106.7352,-6.414758],[106.734375,-6.414485],[106.734238,-6.413802],[106.732725,-6.413665],[106.73245,-6.412982],[106.731625,-6.412572],[106.731625,-6.411888],[106.73245,-6.411478],[106.73245,-6.410249],[106.732862,-6.409839],[106.733413,-6.409839],[106.733413,-6.406695],[106.734238,-6.406286],[106.734238,-6.404782],[106.733825,-6.404782],[106.73355,-6.404509],[106.733413,-6.403826],[106.732588,-6.403689],[106.73245,-6.402322],[106.731763,-6.402049],[106.731625,-6.401229],[106.7308,-6.400956],[106.7308,-6.398496],[106.729975,-6.398086],[106.729838,-6.396036],[106.729287,-6.3959],[106.728875,-6.39549],[106.729012,-6.393986],[106.729838,-6.39385],[106.729975,-6.39303],[106.730525,-6.39262],[106.730525,-6.392346],[106.729975,-6.392073],[106.729838,-6.39139],[106.729287,-6.39139],[106.728875,-6.39098],[106.729012,-6.385923],[106.726538,-6.385787],[106.726263,-6.384967],[106.725162,-6.384967],[106.72475,-6.385103],[106.72475,-6.385513],[106.724475,-6.385787],[106.723788,-6.385787],[106.72365,-6.385103],[106.722963,-6.384967],[106.722688,-6.384693],[106.722688,-6.38401],[106.72365,-6.383737],[106.72365,-6.380594],[106.722963,-6.380457],[106.722688,-6.380184],[106.722688,-6.3795],[106.72365,-6.379227],[106.72365,-6.37704],[106.722963,-6.376904],[106.722688,-6.37663],[106.722688,-6.374307],[106.721863,-6.373897],[106.721725,-6.373214],[106.721175,-6.373214],[106.7209,-6.37294],[106.7209,-6.371574],[106.719387,-6.371437],[106.719113,-6.371164],[106.719113,-6.370754],[106.718288,-6.370344],[106.718288,-6.36966],[106.719113,-6.369387],[106.719113,-6.366244],[106.719387,-6.36597],[106.719938,-6.36597],[106.720075,-6.365287],[106.72035,-6.365014],[106.721725,-6.364877],[106.721863,-6.360777],[106.721175,-6.36064],[106.7209,-6.360367],[106.7209,-6.35982],[106.721725,-6.359547],[106.721725,-6.359],[106.721175,-6.359],[106.7209,-6.358727],[106.720763,-6.355447],[106.72035,-6.355447],[106.720075,-6.355174],[106.719938,-6.35449],[106.718425,-6.354354],[106.71815,-6.353534],[106.717325,-6.353397],[106.717325,-6.350937],[106.7165,-6.350527],[106.716363,-6.349844],[106.714025,-6.349844],[106.713612,-6.349024],[106.712238,-6.349024],[106.711962,-6.34875],[106.711962,-6.34465],[106.711138,-6.344377],[106.711,-6.342873],[106.710313,-6.342737],[106.710175,-6.341917],[106.70935,-6.34178],[106.709075,-6.341097],[106.707563,-6.34096],[106.707288,-6.340003],[106.705912,-6.340003],[106.705638,-6.33973],[106.7055,-6.339046],[106.70385,-6.33891],[106.703713,-6.336586],[106.7033,-6.336586],[106.703025,-6.336313],[106.702888,-6.335493],[106.702337,-6.335493],[106.702062,-6.33522],[106.702062,-6.332896],[106.701238,-6.332486],[106.701238,-6.331119],[106.702062,-6.330709],[106.702062,-6.328249],[106.703713,-6.327976],[106.703713,-6.327566],[106.704125,-6.327156],[106.704675,-6.327156],[106.704675,-6.324695],[106.703713,-6.323602],[106.70385,-6.321279],[106.704125,-6.321005],[106.704813,-6.320869],[106.704813,-6.320322],[106.705638,-6.319912],[106.705775,-6.319228],[106.7066,-6.319092],[106.7066,-6.318408],[106.707288,-6.318135],[106.7077,-6.317315],[106.708388,-6.317315],[106.708663,-6.317588],[106.708525,-6.319775],[106.7088,-6.320048],[106.711,-6.320048],[106.711275,-6.320322],[106.711275,-6.322645],[106.711,-6.322919],[106.710313,-6.323055],[106.710313,-6.324422],[106.712513,-6.324559],[106.712925,-6.324149],[106.71265,-6.323875],[106.711962,-6.323739],[106.711962,-6.322099],[106.712238,-6.321825],[106.712925,-6.321689],[106.712925,-6.320322],[106.712238,-6.320185],[106.711962,-6.319912],[106.711962,-6.319502],[106.711138,-6.319092],[106.711,-6.318408],[106.70935,-6.318408],[106.709075,-6.318135],[106.709075,-6.317588],[106.709488,-6.317315],[106.710037,-6.317315],[106.710175,-6.317041],[106.710175,-6.314035],[106.71045,-6.313761],[106.711138,-6.313624],[106.711275,-6.311438],[106.710863,-6.310754],[106.711687,-6.310344],[106.712238,-6.309387],[106.7121,-6.308157],[106.711,-6.306927],[106.711,-6.306517],[106.71155,-6.306107],[106.712788,-6.307884],[106.712788,-6.309934],[106.7132,-6.311301],[106.71375,-6.312121],[106.71375,-6.314991],[106.7143,-6.315401],[106.715812,-6.315675],[106.716775,-6.316358],[106.718425,-6.316358],[106.7187,-6.315948],[106.719113,-6.316358],[106.720075,-6.316495],[106.720213,-6.318135],[106.721038,-6.318545],[106.721175,-6.319228],[106.722,-6.319365],[106.722,-6.320869],[106.722825,-6.321142],[106.722825,-6.321825],[106.722,-6.322099],[106.722138,-6.323602],[106.72255,-6.323602],[106.722963,-6.324012],[106.722963,-6.324422],[106.72365,-6.324559],[106.723925,-6.324832],[106.723925,-6.325379],[106.723512,-6.325789],[106.722963,-6.325789],[106.723237,-6.326882],[106.722963,-6.327839],[106.72365,-6.327976],[106.723925,-6.328522],[106.723512,-6.329206],[106.722825,-6.329343],[106.722825,-6.331666],[106.723788,-6.331939],[106.723788,-6.3344],[106.724613,-6.334673],[106.724613,-6.335356],[106.723788,-6.33563],[106.723788,-6.338773],[106.724338,-6.33891],[106.724475,-6.335493],[106.725437,-6.33522],[106.7253,-6.334673],[106.724475,-6.334536],[106.724475,-6.332076],[106.72365,-6.331803],[106.72365,-6.330299],[106.724475,-6.329889],[106.724338,-6.328386],[106.72475,-6.327976],[106.725162,-6.328112],[106.725437,-6.327839],[106.725162,-6.327429],[106.724613,-6.327566],[106.724338,-6.327292],[106.724475,-6.324012],[106.723788,-6.323875],[106.723512,-6.323602],[106.72365,-6.319365],[106.724338,-6.319228],[106.724475,-6.318545],[106.723788,-6.318408],[106.723512,-6.317588],[106.722138,-6.317588],[106.721863,-6.317315],[106.721863,-6.316631],[106.722413,-6.316221],[106.722413,-6.315948],[106.721725,-6.315538],[106.721725,-6.314991],[106.721175,-6.314445],[106.720625,-6.313214],[106.719387,-6.313078],[106.7187,-6.313214],[106.718425,-6.313488],[106.719113,-6.313624],[106.719387,-6.314035],[106.719387,-6.315401],[106.718838,-6.315948],[106.718563,-6.315948],[106.71815,-6.315538],[106.71815,-6.313761],[106.7165,-6.313761],[106.7165,-6.312258],[106.715537,-6.311984],[106.715537,-6.311301],[106.715812,-6.311028],[106.716225,-6.311028],[106.716363,-6.310754],[106.715812,-6.310071],[106.715812,-6.308704],[106.715537,-6.308567],[106.7154,-6.30515],[106.714713,-6.305014],[106.712925,-6.30351],[106.711962,-6.3031],[106.711275,-6.302417],[106.711,-6.301733],[106.711413,-6.300913],[106.713612,-6.30105],[106.713612,-6.29982],[106.712925,-6.299683],[106.71265,-6.299273],[106.711825,-6.299136],[106.71045,-6.298453],[106.7088,-6.296813],[106.706875,-6.296949],[106.70605,-6.297769],[106.705225,-6.297769],[106.704675,-6.297223],[106.704538,-6.296402],[106.704125,-6.295992],[106.703987,-6.295172],[106.703713,-6.294899],[106.703713,-6.293532],[106.7033,-6.292575],[106.702888,-6.292165],[106.70275,-6.291618],[106.7022,-6.291618],[106.701925,-6.291345],[106.701925,-6.290662],[106.701513,-6.289978],[106.701513,-6.289021],[106.7022,-6.288201],[106.702337,-6.287244],[106.701925,-6.286834],[106.701925,-6.286151],[106.701375,-6.286014],[106.7011,-6.285604],[106.7011,-6.284374],[106.7,-6.284374]]]},"properties":{"layer_id":"historis_risiko","jenis":"banjir","nama":"Bahaya banjir sedang","sumber":"InaRISK (BNPB)","atribut":{"kelas":"sedang"}}},{"type":"Feature","geometry":{"type":"Polygon","coordinates":[[[106.8859,-6.283964],[106.885487,-6.285331],[106.88535,-6.287381],[106.884663,-6.289021],[106.884663,-6.290115],[106.885487,-6.290252],[106.886725,-6.291345],[106.88755,-6.291618],[106.888238,-6.292302],[106.888788,-6.292439],[106.888788,-6.290662],[106.888238,-6.290662],[106.887825,-6.290252],[106.887825,-6.289842],[106.887138,-6.289568],[106.887138,-6.288065],[106.886313,-6.287928],[106.886038,-6.287655],[106.8859,-6.283964]]]},"properties":{"layer_id":"historis_risiko","jenis":"banjir","nama":"Bahaya banjir sedang","sumber":"InaRISK (BNPB)","atribut":{"kelas":"sedang"}}},{"type":"Feature","geometry":{"type":"Polygon","coordinates":[[[106.858812,-6.283554],[106.85785,-6.283691],[106.85785,-6.284511],[106.858125,-6.284784],[106.858812,-6.284101],[106.858812,-6.283554]]]},"properties":{"layer_id":"historis_risiko","jenis":"banjir","nama":"Bahaya banjir sedang","sumber":"InaRISK (BNPB)","atribut":{"kelas":"sedang"}}},{"type":"Feature","geometry":{"type":"Polygon","coordinates":[[[106.9112,-6.28],[106.905425,-6.28],[106.905425,-6.282597],[106.905838,-6.283554],[106.905563,-6.284511],[106.90515,-6.284921],[106.903638,-6.285331],[106.901988,-6.286971],[106.901025,-6.287244],[106.900887,-6.287518],[106.901575,-6.287928],[106.901575,-6.289431],[106.90075,-6.289842],[106.900613,-6.290525],[106.898275,-6.290662],[106.897863,-6.291482],[106.897312,-6.291482],[106.897175,-6.292029],[106.8969,-6.292302],[106.89635,-6.292302],[106.896213,-6.292985],[106.895387,-6.293395],[106.895387,-6.294899],[106.894563,-6.295036],[106.894425,-6.295856],[106.8936,-6.296129],[106.8936,-6.298316],[106.89415,-6.298453],[106.894288,-6.295992],[106.895112,-6.295856],[106.89525,-6.295036],[106.895938,-6.294899],[106.89635,-6.294079],[106.8969,-6.294079],[106.897037,-6.293395],[106.897312,-6.293122],[106.899513,-6.293122],[106.899788,-6.291345],[106.900613,-6.291345],[106.901025,-6.292029],[106.901988,-6.291482],[106.902812,-6.292302],[106.905012,-6.292029],[106.90515,-6.290525],[106.905975,-6.290115],[106.906113,-6.289021],[106.906525,-6.288338],[106.90735,-6.288748],[106.908862,-6.290388],[106.908862,-6.291345],[106.908587,-6.291618],[106.908038,-6.291618],[106.908038,-6.292029],[106.907212,-6.292439],[106.907212,-6.295582],[106.908587,-6.295719],[106.909,-6.296129],[106.909,-6.298179],[106.909825,-6.298589],[106.909825,-6.30023],[106.910375,-6.30023],[106.910375,-6.299683],[106.91065,-6.29941],[106.9112,-6.29941],[106.911475,-6.299683],[106.911475,-6.30023],[106.9112,-6.300503],[106.91065,-6.300503],[106.91065,-6.30105],[106.910375,-6.301323],[106.909,-6.301323],[106.908725,-6.30228],[106.90625,-6.30228],[106.906113,-6.302963],[106.905425,-6.3031],[106.905288,-6.303783],[106.905012,-6.304057],[106.9035,-6.304057],[106.903363,-6.30474],[106.903087,-6.305014],[106.902675,-6.305014],[106.902263,-6.305834],[106.901575,-6.30597],[106.901575,-6.308294],[106.90075,-6.308704],[106.900887,-6.310481],[106.901438,-6.311028],[106.903087,-6.311164],[106.903225,-6.310344],[106.90405,-6.310207],[106.904188,-6.309524],[106.904463,-6.309251],[106.90515,-6.309114],[106.905012,-6.308567],[106.904463,-6.308567],[106.904188,-6.308294],[106.904188,-6.307747],[106.904463,-6.307474],[106.90515,-6.307337],[106.90515,-6.30597],[106.905425,-6.305697],[106.906662,-6.305697],[106.906937,-6.305424],[106.907075,-6.30392],[106.9079,-6.304057],[106.908038,-6.30556],[106.908587,-6.30556],[106.908587,-6.30515],[106.908862,-6.304877],[106.90955,-6.30474],[106.909688,-6.30392],[106.9112,-6.30392],[106.911475,-6.302963],[106.912987,-6.302963],[106.913263,-6.302143],[106.914225,-6.30228],[106.914225,-6.302827],[106.91395,-6.3031],[106.913263,-6.3031],[106.913263,-6.306654],[106.909825,-6.30679],[106.909688,-6.307474],[106.909413,-6.307747],[106.909,-6.307747],[106.909,-6.308294],[106.9079,-6.308841],[106.9079,-6.310207],[106.907075,-6.310481],[106.907075,-6.311984],[106.905425,-6.312121],[106.905288,-6.313624],[106.905012,-6.313898],[106.904463,-6.313898],[106.904325,-6.314581],[106.90405,-6.314855],[106.9035,-6.314855],[106.903087,-6.315675],[106.899925,-6.315811],[106.899925,-6.318135],[106.900475,-6.318135],[106.900475,-6.316631],[106.90075,-6.316358],[106.9013,-6.316358],[106.901575,-6.316631],[106.901713,-6.317452],[106.9024,-6.317315],[106.902538,-6.316495],[106.90405,-6.316495],[106.904188,-6.315811],[106.904463,-6.315538],[106.905012,-6.315538],[106.905288,-6.315811],[106.905425,-6.316495],[106.9068,-6.316495],[106.906937,-6.314991],[106.90625,-6.314855],[106.905975,-6.314581],[106.905975,-6.314035],[106.90625,-6.313761],[106.906937,-6.313624],[106.906937,-6.312121],[106.907625,-6.311984],[106.908038,-6.311164],[106.908725,-6.311028],[106.908725,-6.309387],[106.909413,-6.309114],[106.909413,-6.308704],[106.909688,-6.308431],[106.912987,-6.308431],[106.913125,-6.307611],[106.91395,-6.307337],[106.914088,-6.30679],[106.914362,-6.306517],[106.914775,-6.306517],[106.914912,-6.303237],[106.915188,-6.302963],[106.915738,-6.302963],[106.915875,-6.302417],[106.9167,-6.302007],[106.9167,-6.30146],[106.916975,-6.301186],[106.917525,-6.301186],[106.9178,-6.30146],[106.917938,-6.303783],[106.917525,-6.304193],[106.916975,-6.304193],[106.916975,-6.30474],[106.917525,-6.30474],[106.9178,-6.305014],[106.9178,-6.305697],[106.91615,-6.305834],[106.916013,-6.306654],[106.91505,-6.306927],[106.91505,-6.308431],[106.914225,-6.308704],[106.914225,-6.311164],[106.913538,-6.311574],[106.913538,-6.316221],[106.913125,-6.316768],[106.912575,-6.316905],[106.911475,-6.317725],[106.909825,-6.317725],[106.90955,-6.318408],[106.908862,-6.318545],[106.908862,-6.319092],[106.908587,-6.319365],[106.9079,-6.319502],[106.9079,-6.321689],[106.907075,-6.322099],[106.907075,-6.323602],[106.9068,-6.323875],[106.906113,-6.324012],[106.906113,-6.325652],[106.905838,-6.325926],[106.905975,-6.327019],[106.905563,-6.327976],[106.905563,-6.328796],[106.9046,-6.329479],[106.904325,-6.330299],[106.902538,-6.330163],[106.902263,-6.329889],[106.902263,-6.329343],[106.901713,-6.329343],[106.901575,-6.330846],[106.90075,-6.331119],[106.90075,-6.331803],[106.899925,-6.331939],[106.899788,-6.332623],[106.898962,-6.332896],[106.898825,-6.333716],[106.89635,-6.333716],[106.896213,-6.335356],[106.895387,-6.33563],[106.89525,-6.33645],[106.893738,-6.33645],[106.8936,-6.337953],[106.893325,-6.338226],[106.892638,-6.338363],[106.892638,-6.33973],[106.893325,-6.339866],[106.893462,-6.339183],[106.893738,-6.33891],[106.895112,-6.33891],[106.89525,-6.338363],[106.896075,-6.337953],[106.896075,-6.33645],[106.8969,-6.336313],[106.897175,-6.335356],[106.897863,-6.335356],[106.898138,-6.33563],[106.898138,-6.336176],[106.899513,-6.336176],[106.89965,-6.334673],[106.900475,-6.3344],[106.900613,-6.333716],[106.901438,-6.333306],[106.901438,-6.331939],[106.902263,-6.331803],[106.902538,-6.330846],[106.903225,-6.330846],[106.9035,-6.331666],[106.9057,-6.331666],[106.905838,-6.330983],[106.906113,-6.330709],[106.906937,-6.330709],[106.907075,-6.332486],[106.9068,-6.332759],[106.9035,-6.332759],[106.903225,-6.333716],[106.901713,-6.333853],[106.901713,-6.334536],[106.900887,-6.335493],[106.90075,-6.33809],[106.900338,-6.3385],[106.900338,-6.33932],[106.899925,-6.33973],[106.899788,-6.340823],[106.898962,-6.341097],[106.898962,-6.3426],[106.898138,-6.342873],[106.898138,-6.343283],[106.897863,-6.343557],[106.897175,-6.343693],[106.897312,-6.344377],[106.900613,-6.344377],[106.900887,-6.346153],[106.901438,-6.346017],[106.901438,-6.34465],[106.900613,-6.344377],[106.900613,-6.34178],[106.9013,-6.341507],[106.902125,-6.341507],[106.902538,-6.340687],[106.903087,-6.340687],[106.903225,-6.336586],[106.9035,-6.336313],[106.905838,-6.336313],[106.906113,-6.336586],[106.906113,-6.337953],[106.906937,-6.33809],[106.907075,-6.338773],[106.907763,-6.33891],[106.908038,-6.33932],[106.90845,-6.33932],[106.908725,-6.338226],[106.909413,-6.337953],[106.909825,-6.335493],[106.910375,-6.334263],[106.9101,-6.333443],[106.910375,-6.332349],[106.909413,-6.331666],[106.909275,-6.330983],[106.907763,-6.330299],[106.907625,-6.329479],[106.909,-6.328112],[106.90955,-6.326882],[106.90955,-6.325789],[106.908725,-6.325379],[106.908725,-6.324832],[106.909,-6.324559],[106.9101,-6.324285],[106.90955,-6.323739],[106.90955,-6.321279],[106.909825,-6.321005],[106.911888,-6.321005],[106.91285,-6.320732],[106.914088,-6.321005],[106.914775,-6.320869],[106.91505,-6.320048],[106.917663,-6.319912],[106.917525,-6.319365],[106.916837,-6.319365],[106.916562,-6.318955],[106.916562,-6.315948],[106.916975,-6.315401],[106.917525,-6.315265],[106.917525,-6.313078],[106.916975,-6.312668],[106.916837,-6.312258],[106.916837,-6.309797],[106.917113,-6.308704],[106.9178,-6.307337],[106.9189,-6.30679],[106.91945,-6.3072],[106.919588,-6.307884],[106.919588,-6.309797],[106.9189,-6.311438],[106.9189,-6.313488],[106.919588,-6.313898],[106.919725,-6.316358],[106.919313,-6.316905],[106.919725,-6.317998],[106.919863,-6.320869],[106.919863,-6.298043],[106.9189,-6.298043],[106.91835,-6.297633],[106.917113,-6.297359],[106.915463,-6.296129],[106.914225,-6.296129],[106.913538,-6.295172],[106.913538,-6.293942],[106.913813,-6.293259],[106.914225,-6.292849],[106.914775,-6.292849],[106.914637,-6.292302],[106.913813,-6.292439],[106.913538,-6.292165],[106.913538,-6.291618],[106.913813,-6.291345],[106.914637,-6.291482],[106.914775,-6.291072],[106.914775,-6.288065],[106.9134,-6.288065],[106.912987,-6.287655],[106.91285,-6.286698],[106.912025,-6.286014],[106.911888,-6.285468],[106.911338,-6.285194],[106.9112,-6.284374],[106.910787,-6.284374],[106.910375,-6.283964],[106.910375,-6.283417],[106.910925,-6.283007],[106.9112,-6.28246],[106.9112,-6.28]]]},"properties":{"layer_id":"historis_risiko","jenis":"banjir","nama":"Bahaya banjir sedang","sumber":"InaRISK (BNPB)","atribut":{"kelas":"sedang"}}},{"type":"Feature","geometry":{"type":"Polygon","coordinates":[[[106.88425,-6.28],[106.882875,-6.28],[106.882325,-6.280957],[106.881912,-6.280547],[106.881912,-6.28],[106.872975,-6.28],[106.872838,-6.28164],[106.872563,-6.281914],[106.872975,-6.283144],[106.872838,-6.284511],[106.872563,-6.285057],[106.8716,-6.285878],[106.871188,-6.285878],[106.870638,-6.285194],[106.870638,-6.284374],[106.87105,-6.283144],[106.870913,-6.28082],[106.870362,-6.280683],[106.870087,-6.28041],[106.870087,-6.28],[106.864175,-6.28],[106.864175,-6.280957],[106.86445,-6.28164],[106.865962,-6.28287],[106.865688,-6.284101],[106.86445,-6.285468],[106.864175,-6.286151],[106.864175,-6.287108],[106.864863,-6.288338],[106.865,-6.289158],[106.86445,-6.289568],[106.863075,-6.289568],[106.862525,-6.289842],[106.8617,-6.290935],[106.8617,-6.292712],[106.862112,-6.293122],[106.862662,-6.293259],[106.8628,-6.292302],[106.863213,-6.292029],[106.863763,-6.292165],[106.864037,-6.293942],[106.864725,-6.294079],[106.864863,-6.294762],[106.865688,-6.295172],[106.865688,-6.295719],[106.866375,-6.295856],[106.86665,-6.296129],[106.86665,-6.296539],[106.866375,-6.296813],[106.865688,-6.296949],[106.865825,-6.299956],[106.866237,-6.300503],[106.866512,-6.30023],[106.8672,-6.300093],[106.8672,-6.298999],[106.867475,-6.298453],[106.868713,-6.298453],[106.868988,-6.298316],[106.869125,-6.297769],[106.869675,-6.297359],[106.869538,-6.296949],[106.868575,-6.296813],[106.8683,-6.296539],[106.8683,-6.296129],[106.869125,-6.295582],[106.868988,-6.293532],[106.8694,-6.292712],[106.868575,-6.289842],[106.868575,-6.288201],[106.8694,-6.287655],[106.870362,-6.287518],[106.872563,-6.291072],[106.872563,-6.292029],[106.87215,-6.293122],[106.87215,-6.294489],[106.872838,-6.295036],[106.872838,-6.297633],[106.872012,-6.297906],[106.872012,-6.301186],[106.871463,-6.301733],[106.873113,-6.30392],[106.8749,-6.30474],[106.875588,-6.305424],[106.875862,-6.306107],[106.875862,-6.3072],[106.87545,-6.308021],[106.875588,-6.311028],[106.875313,-6.311301],[106.874763,-6.311301],[106.874488,-6.312121],[106.873113,-6.312121],[106.872838,-6.312394],[106.872975,-6.313761],[106.872563,-6.314035],[106.872287,-6.313898],[106.872012,-6.314445],[106.872287,-6.314718],[106.8727,-6.314581],[106.872975,-6.314855],[106.872975,-6.315401],[106.8727,-6.315675],[106.87215,-6.315675],[106.872012,-6.316358],[106.871738,-6.316631],[106.87105,-6.316768],[106.87105,-6.318135],[106.871738,-6.318272],[106.871875,-6.317725],[106.8727,-6.317315],[106.8727,-6.316631],[106.873525,-6.316358],[106.8738,-6.316631],[106.873937,-6.318408],[106.874488,-6.318818],[106.873937,-6.319502],[106.8738,-6.321825],[106.872975,-6.322099],[106.872975,-6.323602],[106.872563,-6.324012],[106.87215,-6.324012],[106.87215,-6.324422],[106.873663,-6.324559],[106.873937,-6.325516],[106.875313,-6.325516],[106.87545,-6.323875],[106.876275,-6.323602],[106.876275,-6.317588],[106.876825,-6.317315],[106.877925,-6.317315],[106.878062,-6.316495],[106.878888,-6.315675],[106.878888,-6.314991],[106.878475,-6.314991],[106.878062,-6.314581],[106.878062,-6.314035],[106.878888,-6.313624],[106.878888,-6.312258],[106.8782,-6.311984],[106.8782,-6.311301],[106.878888,-6.311028],[106.878888,-6.310481],[106.8782,-6.310071],[106.8782,-6.308567],[106.878475,-6.308294],[106.878888,-6.308294],[106.879163,-6.308567],[106.8793,-6.309524],[106.88095,-6.311164],[106.881088,-6.311848],[106.881912,-6.312121],[106.881912,-6.312804],[106.881637,-6.313078],[106.88095,-6.313214],[106.881088,-6.315265],[106.880675,-6.316221],[106.880263,-6.316495],[106.880125,-6.317452],[106.879163,-6.317725],[106.8793,-6.319502],[106.87875,-6.320185],[106.877787,-6.320458],[106.877513,-6.320869],[106.877513,-6.322919],[106.87875,-6.323602],[106.879575,-6.324559],[106.879163,-6.327429],[106.8793,-6.329479],[106.878475,-6.330299],[106.878475,-6.330709],[106.878062,-6.331119],[106.877375,-6.331119],[106.876963,-6.330846],[106.875862,-6.331939],[106.875725,-6.332623],[106.874488,-6.333853],[106.874075,-6.333853],[106.873937,-6.3344],[106.873525,-6.33481],[106.872975,-6.33481],[106.872975,-6.337953],[106.872012,-6.339183],[106.8705,-6.340276],[106.8705,-6.34055],[106.87105,-6.34096],[106.87105,-6.34219],[106.871463,-6.343967],[106.870775,-6.34465],[106.870225,-6.344787],[106.869538,-6.345333],[106.8694,-6.346153],[106.869125,-6.346427],[106.868713,-6.346427],[106.868437,-6.34711],[106.868437,-6.353397],[106.867888,-6.35367],[106.8672,-6.353534],[106.866375,-6.353807],[106.866512,-6.35408],[106.867475,-6.354354],[106.867338,-6.35531],[106.865825,-6.355447],[106.865825,-6.356814],[106.86665,-6.357087],[106.86665,-6.35777],[106.865138,-6.357907],[106.864863,-6.35818],[106.864725,-6.35982],[106.863075,-6.359957],[106.863075,-6.360367],[106.8639,-6.360777],[106.864037,-6.36146],[106.866375,-6.36146],[106.866512,-6.360777],[106.865688,-6.36064],[106.86555,-6.35982],[106.866512,-6.359547],[106.866512,-6.358864],[106.867338,-6.35859],[106.867475,-6.35777],[106.86885,-6.357497],[106.868988,-6.356267],[106.8683,-6.355994],[106.8683,-6.35531],[106.869125,-6.355037],[106.869125,-6.353534],[106.870087,-6.353397],[106.870362,-6.355037],[106.870913,-6.355037],[106.871325,-6.355857],[106.871875,-6.355857],[106.87215,-6.35613],[106.87215,-6.35695],[106.870362,-6.358317],[106.870362,-6.35982],[106.870087,-6.360504],[106.8694,-6.36105],[106.8694,-6.362144],[106.868988,-6.362554],[106.868575,-6.362554],[106.868575,-6.364057],[106.868988,-6.364057],[106.868988,-6.36351],[106.8694,-6.3631],[106.870913,-6.3631],[106.871188,-6.363374],[106.872287,-6.3631],[106.87325,-6.363784],[106.8738,-6.36474],[106.874625,-6.36515],[106.874625,-6.365834],[106.87545,-6.36597],[106.875588,-6.366654],[106.876413,-6.366927],[106.876413,-6.367747],[106.875725,-6.36802],[106.875725,-6.370344],[106.8782,-6.370344],[106.8782,-6.367884],[106.878475,-6.36761],[106.878888,-6.36761],[106.878888,-6.367064],[106.878475,-6.366654],[106.878613,-6.366244],[106.879712,-6.36638],[106.880263,-6.36761],[106.880675,-6.36761],[106.880675,-6.367064],[106.881088,-6.366654],[106.881912,-6.366927],[106.88205,-6.3713],[106.881775,-6.371574],[106.881088,-6.371574],[106.88095,-6.373214],[106.880538,-6.37335],[106.8804,-6.37376],[106.881775,-6.374717],[106.882325,-6.375537],[106.881775,-6.376084],[106.8804,-6.375947],[106.880125,-6.37622],[106.880125,-6.377587],[106.87875,-6.377997],[106.87875,-6.37827],[106.8793,-6.37868],[106.8793,-6.379227],[106.879025,-6.3795],[106.877513,-6.3795],[106.877375,-6.38032],[106.876688,-6.380457],[106.876413,-6.38073],[106.87655,-6.381824],[106.876275,-6.382234],[106.874625,-6.382234],[106.874488,-6.381414],[106.873937,-6.381277],[106.8738,-6.38196],[106.873525,-6.382234],[106.872838,-6.38237],[106.872838,-6.383053],[106.872012,-6.383327],[106.872012,-6.383737],[106.872563,-6.383873],[106.872838,-6.383053],[106.874488,-6.383053],[106.874763,-6.38483],[106.8771,-6.38483],[106.877238,-6.38319],[106.877925,-6.38278],[106.878475,-6.382097],[106.878888,-6.382507],[106.878475,-6.3836],[106.878338,-6.38483],[106.877513,-6.384967],[106.877375,-6.38565],[106.87655,-6.385787],[106.876413,-6.386607],[106.875588,-6.38688],[106.875588,-6.38934],[106.874763,-6.389477],[106.874625,-6.390023],[106.8738,-6.390433],[106.8738,-6.3918],[106.873525,-6.392073],[106.872838,-6.39221],[106.872838,-6.392756],[106.872012,-6.393166],[106.872012,-6.393713],[106.871738,-6.393986],[106.87105,-6.394123],[106.871188,-6.397403],[106.871875,-6.397266],[106.871875,-6.394943],[106.87215,-6.39467],[106.872563,-6.39467],[106.872975,-6.39385],[106.873525,-6.39385],[106.873663,-6.393166],[106.873937,-6.392893],[106.875313,-6.392893],[106.87545,-6.392073],[106.876275,-6.3918],[106.876275,-6.389477],[106.8771,-6.389203],[106.877238,-6.3877],[106.878062,-6.387563],[106.878338,-6.386607],[106.879712,-6.386607],[106.879987,-6.386333],[106.87985,-6.384967],[106.880125,-6.384693],[106.880675,-6.384693],[106.880813,-6.382234],[106.881637,-6.38196],[106.881775,-6.380457],[106.8826,-6.380184],[106.8826,-6.379637],[106.881775,-6.379364],[106.881775,-6.377724],[106.882463,-6.377587],[106.8826,-6.376904],[106.882875,-6.37663],[106.884388,-6.37663],[106.885213,-6.37581],[106.885213,-6.375127],[106.884663,-6.375127],[106.884388,-6.374854],[106.884388,-6.37376],[106.88425,-6.37335],[106.883562,-6.373077],[106.883562,-6.372257],[106.88425,-6.371984],[106.884388,-6.368704],[106.885213,-6.368294],[106.885213,-6.367884],[106.885625,-6.367474],[106.8859,-6.36638],[106.884525,-6.366107],[106.88425,-6.364467],[106.882875,-6.364467],[106.882463,-6.364194],[106.882325,-6.363784],[106.88205,-6.36392],[106.881775,-6.36515],[106.88095,-6.36515],[106.880675,-6.36433],[106.879163,-6.36433],[106.878888,-6.364057],[106.878888,-6.36351],[106.879163,-6.3631],[106.87985,-6.362964],[106.879987,-6.360777],[106.8793,-6.36064],[106.878888,-6.35982],[106.876688,-6.35982],[106.876275,-6.36064],[106.8738,-6.36064],[106.873525,-6.360367],[106.873525,-6.359957],[106.872975,-6.359957],[106.872563,-6.35941],[106.872563,-6.359],[106.872975,-6.35859],[106.874075,-6.35859],[106.87435,-6.358317],[106.874488,-6.356267],[106.87435,-6.355857],[106.873663,-6.35531],[106.8716,-6.35285],[106.871188,-6.35203],[106.871325,-6.350527],[106.872287,-6.349434],[106.872287,-6.34916],[106.871875,-6.348887],[106.871875,-6.348067],[106.872563,-6.347657],[106.8727,-6.345333],[106.873525,-6.34506],[106.873525,-6.342463],[106.87325,-6.341507],[106.873937,-6.339456],[106.874625,-6.338636],[106.875588,-6.336723],[106.875862,-6.335766],[106.87765,-6.334263],[106.87875,-6.332486],[106.879438,-6.332349],[106.880538,-6.332759],[106.881088,-6.333443],[106.881637,-6.333443],[106.881775,-6.330163],[106.88205,-6.329889],[106.88205,-6.328932],[106.882463,-6.327839],[106.882463,-6.326472],[106.882738,-6.326199],[106.882738,-6.325789],[106.883288,-6.325242],[106.88425,-6.325242],[106.8848,-6.325516],[106.886863,-6.325379],[106.886863,-6.323875],[106.887687,-6.323465],[106.887687,-6.323192],[106.887,-6.322919],[106.886863,-6.322099],[106.885762,-6.322099],[106.88535,-6.323192],[106.884525,-6.323875],[106.884113,-6.323875],[106.883013,-6.322235],[106.881912,-6.321962],[106.881225,-6.320869],[106.8815,-6.319638],[106.8826,-6.318272],[106.88425,-6.318135],[106.88425,-6.316768],[106.884525,-6.316358],[106.8848,-6.313078],[106.88535,-6.311711],[106.886038,-6.311301],[106.886038,-6.310481],[106.88535,-6.310207],[106.885213,-6.308841],[106.884525,-6.308704],[106.884113,-6.307884],[106.883837,-6.308431],[106.883425,-6.308704],[106.8826,-6.308431],[106.882463,-6.306927],[106.88205,-6.306927],[106.881775,-6.306654],[106.881637,-6.30597],[106.880813,-6.305697],[106.880813,-6.305014],[106.881088,-6.30474],[106.881637,-6.30474],[106.881637,-6.30392],[106.879712,-6.302417],[106.8793,-6.302417],[106.878888,-6.302007],[106.878888,-6.30146],[106.878338,-6.30146],[106.87765,-6.30105],[106.876825,-6.298589],[106.876825,-6.298043],[106.878062,-6.296402],[106.877925,-6.296129],[106.877513,-6.296129],[106.877238,-6.295856],[106.877238,-6.294899],[106.87765,-6.294489],[106.876825,-6.294079],[106.875175,-6.292439],[106.875038,-6.291618],[106.875313,-6.291208],[106.875313,-6.289842],[106.874075,-6.288201],[106.874075,-6.287244],[106.8749,-6.286561],[106.875588,-6.286561],[106.876137,-6.286971],[106.876413,-6.288065],[106.877513,-6.288885],[106.8782,-6.288885],[106.878613,-6.288611],[106.879025,-6.288885],[106.8793,-6.289842],[106.879025,-6.291208],[106.879163,-6.293942],[106.879712,-6.294762],[106.87985,-6.295582],[106.88095,-6.295992],[106.88095,-6.297496],[106.881775,-6.297633],[106.88205,-6.297906],[106.88205,-6.298316],[106.882463,-6.298316],[106.882463,-6.297769],[106.882738,-6.297496],[106.883425,-6.297359],[106.883425,-6.296129],[106.882875,-6.296129],[106.882463,-6.295582],[106.882463,-6.294762],[106.881912,-6.294079],[106.881775,-6.291618],[106.88095,-6.291482],[106.880813,-6.290662],[106.881088,-6.290388],[106.8826,-6.290252],[106.8826,-6.289568],[106.882875,-6.289431],[106.883013,-6.286424],[106.882463,-6.285194],[106.8815,-6.283827],[106.880813,-6.281914],[106.881363,-6.281367],[106.882325,-6.281094],[106.883013,-6.282187],[106.883837,-6.28246],[106.884938,-6.28246],[106.885213,-6.282187],[106.885213,-6.281777],[106.884663,-6.281777],[106.88425,-6.281367],[106.88425,-6.28]],[[106.881088,-6.324559],[106.881637,-6.324559],[106.881912,-6.324832],[106.881775,-6.325652],[106.881088,-6.325652],[106.880813,-6.325379],[106.880813,-6.324832],[106.881088,-6.324559]],[[106.880813,-6.322919],[106.881775,-6.322782],[106.881912,-6.323602],[106.881637,-6.323875],[106.881088,-6.323875],[106.880813,-6.323602],[106.880813,-6.322919]],[[106.880263,-6.321825],[106.88095,-6.321962],[106.880813,-6.322919],[106.880263,-6.322919],[106.879987,-6.322645],[106.879987,-6.322099],[106.880263,-6.321825]],[[106.875862,-6.313488],[106.876413,-6.314035],[106.876413,-6.314445],[106.875175,-6.315675],[106.874212,-6.315538],[106.8738,-6.315128],[106.874075,-6.314445],[106.8749,-6.313624],[106.875862,-6.313488]],[[106.877925,-6.28],[106.87875,-6.28082],[106.87875,-6.281367],[106.878062,-6.28287],[106.87765,-6.283281],[106.8771,-6.28287],[106.8771,-6.281094],[106.877513,-6.280273],[106.877925,-6.28]]]},"properties":{"layer_id":"historis_risiko","jenis":"banjir","nama":"Bahaya banjir sedang","sumber":"InaRISK (BNPB)","atribut":{"kelas":"sedang"}}},{"type":"Feature","geometry":{"type":"Polygon","coordinates":[[[106.85125,-6.28],[106.84685,-6.28],[106.84685,-6.28041],[106.847675,-6.28082],[106.847675,-6.281504],[106.84685,-6.281777],[106.84685,-6.283144],[106.846575,-6.283417],[106.846025,-6.283417],[106.845888,-6.283964],[106.845062,-6.284374],[106.845062,-6.284921],[106.845613,-6.285057],[106.846025,-6.285878],[106.846575,-6.285878],[106.84685,-6.286151],[106.84685,-6.288475],[106.848363,-6.288611],[106.848637,-6.288885],[106.848637,-6.292029],[106.849325,-6.292165],[106.8496,-6.292439],[106.8496,-6.294079],[106.848912,-6.294215],[106.848637,-6.294489],[106.848775,-6.295719],[106.849325,-6.295719],[106.849325,-6.295172],[106.8496,-6.294899],[106.850425,-6.295036],[106.850425,-6.295856],[106.8496,-6.296129],[106.8496,-6.30105],[106.851112,-6.301186],[106.851388,-6.30146],[106.851388,-6.302007],[106.851938,-6.302143],[106.85235,-6.302963],[106.8529,-6.302963],[106.853175,-6.303237],[106.853313,-6.30392],[106.854687,-6.30392],[106.854962,-6.304193],[106.854962,-6.30556],[106.855788,-6.30597],[106.855788,-6.311984],[106.854962,-6.312121],[106.854687,-6.311301],[106.853863,-6.311164],[106.853725,-6.310344],[106.85235,-6.310344],[106.852213,-6.311028],[106.851388,-6.311438],[106.851388,-6.312804],[106.851112,-6.313078],[106.850425,-6.313214],[106.850425,-6.315401],[106.85015,-6.315675],[106.849738,-6.315675],[106.849325,-6.314855],[106.846987,-6.314855],[106.846575,-6.315675],[106.845888,-6.315811],[106.845888,-6.316358],[106.845613,-6.316631],[106.843412,-6.316631],[106.843275,-6.317315],[106.843,-6.317588],[106.840663,-6.317588],[106.84025,-6.318408],[106.838875,-6.318408],[106.838738,-6.319092],[106.837913,-6.319502],[106.83805,-6.322645],[106.838738,-6.322919],[106.838875,-6.323739],[106.8397,-6.323875],[106.839838,-6.324559],[106.840525,-6.324695],[106.840525,-6.325516],[106.8397,-6.325789],[106.83695,-6.325789],[106.836675,-6.325516],[106.836675,-6.324832],[106.83585,-6.324832],[106.8353,-6.325379],[106.834475,-6.325652],[106.834338,-6.327839],[106.835162,-6.327976],[106.835437,-6.328659],[106.836263,-6.329069],[106.8364,-6.330709],[106.838875,-6.330709],[106.8397,-6.330983],[106.8397,-6.331803],[106.838738,-6.332076],[106.838738,-6.336176],[106.839425,-6.336313],[106.8397,-6.336586],[106.8397,-6.338773],[106.839425,-6.339046],[106.838738,-6.339183],[106.838738,-6.340687],[106.838463,-6.34096],[106.837087,-6.34096],[106.83695,-6.341507],[106.836125,-6.341917],[106.836125,-6.343283],[106.83585,-6.343557],[106.835162,-6.343693],[106.835162,-6.34424],[106.83585,-6.344377],[106.836125,-6.34465],[106.836125,-6.346153],[106.83585,-6.346427],[106.834338,-6.34629],[106.834063,-6.346017],[106.834063,-6.34547],[106.833512,-6.345333],[106.833375,-6.34711],[106.830763,-6.347247],[106.830625,-6.349707],[106.829937,-6.349844],[106.8298,-6.350527],[106.829525,-6.3508],[106.828012,-6.350937],[106.828012,-6.351347],[106.828838,-6.351757],[106.828838,-6.35244],[106.828012,-6.352714],[106.828012,-6.35326],[106.828563,-6.353397],[106.8287,-6.352577],[106.829525,-6.35244],[106.829662,-6.351757],[106.830488,-6.351347],[106.830488,-6.349844],[106.832138,-6.349707],[106.832413,-6.348887],[106.8331,-6.348887],[106.833925,-6.348477],[106.83475,-6.34875],[106.835575,-6.347793],[106.83585,-6.348067],[106.83585,-6.348614],[106.83695,-6.349844],[106.83695,-6.351347],[106.836675,-6.35162],[106.8353,-6.35162],[106.835162,-6.352304],[106.834888,-6.352577],[106.8342,-6.352714],[106.8342,-6.358317],[106.834338,-6.35859],[106.835162,-6.358864],[106.8353,-6.359684],[106.836675,-6.359684],[106.83695,-6.359957],[106.83695,-6.361324],[106.836125,-6.361734],[106.836125,-6.364057],[106.838463,-6.364194],[106.838738,-6.364467],[106.838738,-6.36679],[106.837913,-6.367064],[106.837913,-6.36843],[106.837637,-6.368704],[106.8353,-6.368704],[106.835162,-6.369524],[106.8342,-6.369797],[106.8342,-6.371164],[106.835025,-6.3713],[106.8353,-6.37212],[106.836675,-6.372257],[106.836813,-6.371574],[106.837087,-6.3713],[106.837637,-6.3713],[106.837913,-6.371574],[106.837913,-6.37212],[106.838463,-6.372257],[106.838738,-6.37253],[106.838738,-6.37294],[106.839425,-6.373077],[106.8397,-6.37335],[106.8397,-6.373897],[106.840525,-6.374307],[106.840525,-6.374854],[106.838875,-6.37499],[106.838738,-6.375674],[106.838463,-6.375947],[106.83695,-6.376084],[106.83695,-6.377587],[106.836675,-6.37786],[106.836263,-6.37786],[106.836125,-6.379364],[106.8353,-6.3795],[106.835162,-6.38032],[106.834338,-6.380457],[106.8342,-6.38114],[106.833375,-6.381414],[106.833237,-6.382234],[106.830625,-6.38237],[106.830625,-6.383737],[106.831587,-6.38401],[106.831587,-6.389203],[106.831312,-6.389477],[106.829937,-6.389477],[106.829525,-6.390297],[106.828012,-6.390433],[106.828012,-6.393713],[106.828838,-6.394123],[106.828838,-6.39549],[106.828012,-6.3959],[106.828012,-6.397266],[106.828838,-6.397676],[106.828838,-6.398086],[106.828012,-6.398496],[106.828012,-6.399999],[106.828838,-6.400409],[106.828838,-6.401913],[106.827188,-6.402049],[106.82705,-6.402596],[106.826775,-6.402869],[106.826363,-6.402869],[106.826225,-6.403552],[106.82595,-6.403826],[106.8254,-6.403826],[106.824988,-6.404646],[106.822788,-6.404782],[106.822788,-6.405329],[106.822513,-6.405602],[106.820037,-6.405739],[106.819762,-6.406559],[106.819075,-6.406559],[106.8188,-6.407379],[106.817837,-6.407652],[106.817837,-6.408882],[106.818112,-6.409155],[106.818112,-6.409975],[106.817425,-6.410249],[106.816875,-6.410112],[106.816463,-6.410522],[106.816463,-6.411615],[106.81715,-6.411888],[106.81715,-6.413528],[106.8166,-6.413938],[106.8166,-6.414211],[106.81715,-6.414621],[106.817288,-6.415305],[106.818112,-6.415441],[106.81825,-6.416261],[106.818938,-6.416398],[106.818938,-6.417901],[106.818112,-6.418311],[106.818112,-6.418858],[106.817837,-6.419131],[106.81715,-6.419268],[106.81715,-6.420634],[106.817975,-6.420771],[106.818112,-6.421454],[106.818938,-6.421727],[106.818938,-6.422411],[106.818112,-6.422821],[106.817975,-6.423641],[106.81715,-6.423777],[106.81715,-6.425964],[106.816875,-6.426237],[106.814675,-6.426237],[106.814538,-6.427057],[106.813575,-6.42733],[106.813575,-6.432386],[106.812888,-6.432523],[106.81275,-6.433206],[106.812475,-6.433479],[106.811788,-6.433616],[106.811788,-6.435939],[106.812475,-6.436076],[106.81275,-6.436349],[106.81275,-6.438535],[106.812475,-6.438809],[106.811788,-6.438945],[106.811788,-6.442225],[106.811513,-6.442498],[106.8111,-6.442498],[106.810688,-6.443318],[106.81,-6.443455],[106.81,-6.444001],[106.810688,-6.444138],[106.810963,-6.444411],[106.810963,-6.444821],[106.811788,-6.445231],[106.811788,-6.446734],[106.812475,-6.446871],[106.812888,-6.447691],[106.813575,-6.447827],[106.813713,-6.45343],[106.813438,-6.454113],[106.81275,-6.454249],[106.81275,-6.454796],[106.813575,-6.455069],[106.813713,-6.457392],[106.814262,-6.457392],[106.814675,-6.457802],[106.814538,-6.459442],[106.813575,-6.459715],[106.813575,-6.461082],[106.814538,-6.461355],[106.814538,-6.465591],[106.814262,-6.465864],[106.813575,-6.466001],[106.813575,-6.467367],[106.814262,-6.467504],[106.814538,-6.467777],[106.814538,-6.472696],[106.815363,-6.472969],[106.815363,-6.476385],[106.814538,-6.476795],[106.814538,-6.478161],[106.814262,-6.478435],[106.813575,-6.478571],[106.813575,-6.48349],[106.8133,-6.483763],[106.812888,-6.483763],[106.812475,-6.482944],[106.811788,-6.48308],[106.811788,-6.486223],[106.812475,-6.48636],[106.81275,-6.486633],[106.81275,-6.487043],[106.813575,-6.487453],[106.813575,-6.488956],[106.8133,-6.489229],[106.811925,-6.489229],[106.81165,-6.488956],[106.811513,-6.488272],[106.81,-6.488272],[106.809725,-6.487316],[106.80835,-6.487453],[106.808212,-6.488272],[106.807388,-6.488546],[106.807388,-6.489775],[106.806562,-6.490185],[106.806425,-6.495241],[106.80615,-6.495514],[106.803813,-6.495514],[106.8034,-6.496334],[106.802025,-6.496334],[106.801888,-6.49975],[106.801613,-6.500023],[106.79845,-6.500023],[106.798313,-6.500569],[106.797488,-6.500979],[106.797625,-6.502345],[106.797213,-6.502755],[106.796662,-6.502755],[106.796525,-6.505078],[106.797488,-6.505351],[106.797488,-6.507811],[106.797213,-6.508084],[106.796662,-6.508084],[106.796525,-6.50863],[106.797213,-6.508767],[106.797488,-6.50904],[106.797488,-6.509587],[106.798313,-6.509997],[106.798313,-6.5115],[106.797763,-6.511909],[106.797488,-6.513003],[106.796662,-6.513686],[106.796662,-6.514915],[106.797488,-6.515189],[106.797625,-6.516008],[106.799,-6.516008],[106.799275,-6.516282],[106.799275,-6.516691],[106.8001,-6.517101],[106.8001,-6.517648],[106.800787,-6.517784],[106.801063,-6.518058],[106.8012,-6.519287],[106.802025,-6.519834],[106.802025,-6.52038],[106.80285,-6.520654],[106.80285,-6.524889],[106.803675,-6.525162],[106.803675,-6.526665],[106.805463,-6.526938],[106.805325,-6.527758],[106.803813,-6.527758],[106.803675,-6.528578],[106.80285,-6.528851],[106.80285,-6.529534],[106.802025,-6.529807],[106.802025,-6.530217],[106.80285,-6.53049],[106.80285,-6.533086],[106.802575,-6.53336],[106.8012,-6.53336],[106.8012,-6.533769],[106.80175,-6.533769],[106.802025,-6.534043],[106.802025,-6.535682],[106.80285,-6.535955],[106.80285,-6.537458],[106.802575,-6.537731],[106.802025,-6.537731],[106.80175,-6.538551],[106.801063,-6.538688],[106.801063,-6.540054],[106.800787,-6.540327],[106.8001,-6.540464],[106.8001,-6.542103],[106.79955,-6.542513],[106.800238,-6.543196],[106.8001,-6.547295],[106.801063,-6.547568],[106.801338,-6.552486],[106.804637,-6.552896],[106.804637,-6.553579],[106.805463,-6.553989],[106.805463,-6.555355],[106.80615,-6.555492],[106.806425,-6.555765],[106.806425,-6.557131],[106.80725,-6.557404],[106.807388,-6.559863],[106.811513,-6.559863],[106.811513,-6.557541],[106.810137,-6.557541],[106.809863,-6.557268],[106.809863,-6.555765],[106.809175,-6.555628],[106.8089,-6.554809],[106.807388,-6.554809],[106.807113,-6.554535],[106.807113,-6.553989],[106.806287,-6.553579],[106.806287,-6.552213],[106.805463,-6.552076],[106.805188,-6.55112],[106.803813,-6.55112],[106.803538,-6.550847],[106.8034,-6.548524],[106.804225,-6.548114],[106.804225,-6.547841],[106.803538,-6.547705],[106.8034,-6.546885],[106.802712,-6.546475],[106.802712,-6.542376],[106.803538,-6.541967],[106.803538,-6.54142],[106.803813,-6.541147],[106.8045,-6.54101],[106.8045,-6.540464],[106.803813,-6.540327],[106.803538,-6.540054],[106.803538,-6.538688],[106.803813,-6.538414],[106.805188,-6.538414],[106.805325,-6.536775],[106.806013,-6.536638],[106.806287,-6.536365],[106.806013,-6.535955],[106.805325,-6.535819],[106.805325,-6.53336],[106.8056,-6.533086],[106.806287,-6.53295],[106.806287,-6.531583],[106.8056,-6.531447],[106.805325,-6.531174],[106.805325,-6.529807],[106.8056,-6.529534],[106.806287,-6.529397],[106.806425,-6.528578],[106.807938,-6.528578],[106.808075,-6.527212],[106.8078,-6.526938],[106.807113,-6.526802],[106.807113,-6.526119],[106.806425,-6.525982],[106.80615,-6.525162],[106.805325,-6.525026],[106.805188,-6.52079],[106.804775,-6.52079],[106.8045,-6.520517],[106.8045,-6.518877],[106.805325,-6.518604],[106.805325,-6.516691],[106.805188,-6.516282],[106.804637,-6.516282],[106.803675,-6.515325],[106.802988,-6.515325],[106.802988,-6.515872],[106.802712,-6.516145],[106.802025,-6.516145],[106.80175,-6.515872],[106.80175,-6.513822],[106.800787,-6.513003],[106.800925,-6.508221],[106.8001,-6.508084],[106.799963,-6.507264],[106.799138,-6.506991],[106.799138,-6.505351],[106.80065,-6.505215],[106.800925,-6.504941],[106.800925,-6.501799],[106.801613,-6.501662],[106.80175,-6.500979],[106.802025,-6.500706],[106.8034,-6.500706],[106.803538,-6.499203],[106.803813,-6.49893],[106.804362,-6.49893],[106.8045,-6.498247],[106.804775,-6.497973],[106.806975,-6.497973],[106.807388,-6.497154],[106.808075,-6.497017],[106.808075,-6.495514],[106.809038,-6.495241],[106.809038,-6.492918],[106.809313,-6.492645],[106.809725,-6.492645],[106.809863,-6.491962],[106.810137,-6.491688],[106.810688,-6.491688],[106.8111,-6.490868],[106.81165,-6.490732],[106.81165,-6.490185],[106.811925,-6.489912],[106.812475,-6.489912],[106.81275,-6.490185],[106.812888,-6.490868],[106.815225,-6.490732],[106.815225,-6.485676],[106.814675,-6.48554],[106.8144,-6.485266],[106.8144,-6.484857],[106.815225,-6.484447],[106.815225,-6.4839],[106.8155,-6.483627],[106.816187,-6.48349],[106.816187,-6.482124],[106.8155,-6.481987],[106.815225,-6.481714],[106.815225,-6.479391],[106.8155,-6.479118],[106.816187,-6.478981],[106.816187,-6.474062],[106.816463,-6.473789],[106.816875,-6.473789],[106.81715,-6.474062],[106.817288,-6.475839],[106.818112,-6.476522],[106.81825,-6.477205],[106.818938,-6.477478],[106.818938,-6.483627],[106.818388,-6.483763],[106.818112,-6.48431],[106.818112,-6.488956],[106.818663,-6.489092],[106.818938,-6.488136],[106.82045,-6.488136],[106.820725,-6.488409],[106.820725,-6.489912],[106.820037,-6.490185],[106.8199,-6.490595],[106.8199,-6.496197],[106.818938,-6.49647],[106.818938,-6.497973],[106.81825,-6.49811],[106.818112,-6.49893],[106.817288,-6.499203],[106.817288,-6.49975],[106.816875,-6.500159],[106.816463,-6.500159],[106.816325,-6.510407],[106.81605,-6.51068],[106.814675,-6.51068],[106.814538,-6.511363],[106.815363,-6.511773],[106.815363,-6.512456],[106.813713,-6.512593],[106.813575,-6.513139],[106.814262,-6.513276],[106.814538,-6.513549],[106.814675,-6.515052],[106.81605,-6.515052],[106.816187,-6.514505],[106.8155,-6.514369],[106.815225,-6.514096],[106.815225,-6.512593],[106.816875,-6.512456],[106.81715,-6.512729],[106.81715,-6.515872],[106.818112,-6.516145],[106.81825,-6.518604],[106.818663,-6.518604],[106.81935,-6.517511],[106.820175,-6.516691],[106.820588,-6.516965],[106.820725,-6.517375],[106.820588,-6.518331],[106.820037,-6.518604],[106.8199,-6.519561],[106.819075,-6.519834],[106.818938,-6.520244],[106.819075,-6.523796],[106.8188,-6.524206],[106.818112,-6.524342],[106.818112,-6.524889],[106.8188,-6.525026],[106.818938,-6.525709],[106.818112,-6.526119],[106.818112,-6.527485],[106.818938,-6.527758],[106.819075,-6.528578],[106.819762,-6.528441],[106.819625,-6.523386],[106.82045,-6.522976],[106.820588,-6.519697],[106.82155,-6.519561],[106.821962,-6.52202],[106.823063,-6.522156],[106.823475,-6.52243],[106.823612,-6.524342],[106.823338,-6.525162],[106.821825,-6.525299],[106.821825,-6.526665],[106.822513,-6.526802],[106.822788,-6.527621],[106.824438,-6.527758],[106.824438,-6.528578],[106.823612,-6.528988],[106.823475,-6.530354],[106.82265,-6.530627],[106.82265,-6.531174],[106.823475,-6.531447],[106.823612,-6.533633],[106.823338,-6.534043],[106.82265,-6.534179],[106.822513,-6.534999],[106.821687,-6.535136],[106.82155,-6.535955],[106.820725,-6.536092],[106.820725,-6.537048],[106.821138,-6.538141],[106.820863,-6.538414],[106.820863,-6.539917],[106.820588,-6.540327],[106.820037,-6.540464],[106.820175,-6.54183],[106.821687,-6.54224],[106.821687,-6.544562],[106.822375,-6.544699],[106.82265,-6.544972],[106.822788,-6.546065],[106.82265,-6.548388],[106.821825,-6.548798],[106.821687,-6.551803],[106.822513,-6.55194],[106.82265,-6.552759],[106.821687,-6.553033],[106.821825,-6.554672],[106.82155,-6.554945],[106.820863,-6.554945],[106.820863,-6.557131],[106.82155,-6.557131],[106.821962,-6.557951],[106.822237,-6.557951],[106.822375,-6.555628],[106.82265,-6.555355],[106.823338,-6.555355],[106.823612,-6.555628],[106.823612,-6.557131],[106.825125,-6.557268],[106.8254,-6.558087],[106.825125,-6.558497],[106.824713,-6.558497],[106.824025,-6.55918],[106.82375,-6.55918],[106.823612,-6.559863],[106.824988,-6.559863],[106.824988,-6.559317],[106.825263,-6.559044],[106.826638,-6.55877],[106.82595,-6.558224],[106.826087,-6.555765],[106.826913,-6.555355],[106.826913,-6.553852],[106.827737,-6.553579],[106.827875,-6.553306],[106.827737,-6.55235],[106.826913,-6.55071],[106.82705,-6.549617],[106.826363,-6.549481],[106.826087,-6.549207],[106.826087,-6.547705],[106.825263,-6.547568],[106.825125,-6.546748],[106.824438,-6.546612],[106.824162,-6.546338],[106.824438,-6.545655],[106.825125,-6.545519],[106.825125,-6.543196],[106.824575,-6.54306],[106.824162,-6.54224],[106.822788,-6.54224],[106.822513,-6.541967],[106.822513,-6.539507],[106.823338,-6.539234],[106.8232,-6.538005],[106.823612,-6.537458],[106.824162,-6.537458],[106.824162,-6.536912],[106.823338,-6.536638],[106.823338,-6.535955],[106.82485,-6.535819],[106.825125,-6.535545],[106.825125,-6.53049],[106.826913,-6.530217],[106.826775,-6.525026],[106.826087,-6.524206],[106.826087,-6.522566],[106.825125,-6.522293],[106.824988,-6.520654],[106.824438,-6.520107],[106.824438,-6.519834],[106.823338,-6.519561],[106.823338,-6.517101],[106.823612,-6.516828],[106.8243,-6.516691],[106.8243,-6.515325],[106.82265,-6.515189],[106.822375,-6.513412],[106.820863,-6.513412],[106.820725,-6.514096],[106.82045,-6.514369],[106.818938,-6.514369],[106.8188,-6.513412],[106.819488,-6.512866],[106.8188,-6.512456],[106.8188,-6.511773],[106.817975,-6.511363],[106.817975,-6.510816],[106.8188,-6.510407],[106.8188,-6.509997],[106.817975,-6.509587],[106.817975,-6.508084],[106.8188,-6.507811],[106.8188,-6.504532],[106.817975,-6.504258],[106.817975,-6.501799],[106.8188,-6.501526],[106.818938,-6.500706],[106.819762,-6.500569],[106.819762,-6.499066],[106.820588,-6.498793],[106.820588,-6.49811],[106.82155,-6.497837],[106.82155,-6.491825],[106.822375,-6.491688],[106.822513,-6.491005],[106.823338,-6.490732],[106.823338,-6.487453],[106.822513,-6.487043],[106.822513,-6.48554],[106.8232,-6.485266],[106.823338,-6.484993],[106.823338,-6.482124],[106.822513,-6.481714],[106.822513,-6.480348],[106.82155,-6.480074],[106.82155,-6.478435],[106.822375,-6.477615],[106.822513,-6.475839],[106.823338,-6.475429],[106.823338,-6.474062],[106.821825,-6.473926],[106.82155,-6.473652],[106.821413,-6.472969],[106.819075,-6.472969],[106.818663,-6.472149],[106.81715,-6.472149],[106.816875,-6.471876],[106.816875,-6.47133],[106.816463,-6.47133],[106.81605,-6.47092],[106.816187,-6.469417],[106.817013,-6.469143],[106.81715,-6.468323],[106.8188,-6.468323],[106.818938,-6.469963],[106.819625,-6.4701],[106.819762,-6.467777],[106.818938,-6.46764],[106.8188,-6.46682],[106.817975,-6.466411],[106.817975,-6.464088],[106.816187,-6.463814],[106.816187,-6.456982],[106.815363,-6.456846],[106.815225,-6.456026],[106.8144,-6.455753],[106.8144,-6.453293],[106.814675,-6.45302],[106.815088,-6.45302],[106.815363,-6.4522],[106.816187,-6.452063],[106.816187,-6.44892],[106.815225,-6.448647],[106.815225,-6.447144],[106.814538,-6.447007],[106.8144,-6.446187],[106.813713,-6.446051],[106.813438,-6.445778],[106.813438,-6.444411],[106.813713,-6.444138],[106.8144,-6.444001],[106.8144,-6.441678],[106.813713,-6.441542],[106.813438,-6.441268],[106.813438,-6.440722],[106.813713,-6.440448],[106.8144,-6.440312],[106.814262,-6.434299],[106.814538,-6.434026],[106.81495,-6.434026],[106.815363,-6.433343],[106.81605,-6.433343],[106.816187,-6.432659],[106.816463,-6.432386],[106.816875,-6.432386],[106.817288,-6.431566],[106.817975,-6.43143],[106.817837,-6.430746],[106.8155,-6.430746],[106.815225,-6.430473],[106.815225,-6.429107],[106.8155,-6.428833],[106.816187,-6.428833],[106.816463,-6.42979],[106.817837,-6.42979],[106.817975,-6.429107],[106.8188,-6.428697],[106.8188,-6.42733],[106.819075,-6.427057],[106.819762,-6.42692],[106.819762,-6.426374],[106.819075,-6.426237],[106.8188,-6.425964],[106.8188,-6.42446],[106.819625,-6.424324],[106.820037,-6.423504],[106.821413,-6.423504],[106.82155,-6.422684],[106.822237,-6.422547],[106.822513,-6.422274],[106.822237,-6.421727],[106.82155,-6.421591],[106.821413,-6.420907],[106.820588,-6.420771],[106.82045,-6.419951],[106.820037,-6.419951],[106.819762,-6.419678],[106.819762,-6.419268],[106.820588,-6.418858],[106.820588,-6.415578],[106.819762,-6.415305],[106.819762,-6.411888],[106.82045,-6.411615],[106.82045,-6.410249],[106.821,-6.409702],[106.820863,-6.408745],[106.821413,-6.408335],[106.821687,-6.407242],[106.82375,-6.407242],[106.824162,-6.407105],[106.824438,-6.406422],[106.825125,-6.406422],[106.8254,-6.406695],[106.8254,-6.407105],[106.826087,-6.407105],[106.8265,-6.407925],[106.826913,-6.407105],[106.827875,-6.406695],[106.8287,-6.406695],[106.828975,-6.406969],[106.829387,-6.406969],[106.829525,-6.403962],[106.8298,-6.403689],[106.830488,-6.403689],[106.830625,-6.404236],[106.83145,-6.404509],[106.831725,-6.404919],[106.831587,-6.407105],[106.832413,-6.407379],[106.832413,-6.408199],[106.831725,-6.408472],[106.831725,-6.408882],[106.832413,-6.409155],[106.83255,-6.409975],[106.8331,-6.409975],[106.833375,-6.410249],[106.833512,-6.412572],[106.832825,-6.413938],[106.831862,-6.414075],[106.831312,-6.414758],[106.830763,-6.414895],[106.83035,-6.415305],[106.828975,-6.415441],[106.828838,-6.416261],[106.828012,-6.416535],[106.828012,-6.418858],[106.827737,-6.419131],[106.826363,-6.419268],[106.826363,-6.419678],[106.82705,-6.419951],[106.82705,-6.425144],[106.827737,-6.42528],[106.828012,-6.425554],[106.827875,-6.426237],[106.82705,-6.426374],[106.82705,-6.427057],[106.826775,-6.42733],[106.82705,-6.427877],[106.82705,-6.428697],[106.828012,-6.42897],[106.828012,-6.432249],[106.827737,-6.432523],[106.826363,-6.432523],[106.826225,-6.433343],[106.8254,-6.433479],[106.825263,-6.434026],[106.824438,-6.434436],[106.824438,-6.438672],[106.823475,-6.438945],[106.823475,-6.441405],[106.82265,-6.441678],[106.82265,-6.444821],[106.823338,-6.444821],[106.823338,-6.441542],[106.8243,-6.441268],[106.824438,-6.439628],[106.825263,-6.439765],[106.825537,-6.441132],[106.826913,-6.441268],[106.828288,-6.442225],[106.831312,-6.442225],[106.831725,-6.442635],[106.831862,-6.443318],[106.832688,-6.443181],[106.8331,-6.443591],[106.8331,-6.445094],[106.83145,-6.447281],[106.831312,-6.4481],[106.829937,-6.450833],[106.829937,-6.452063],[106.83035,-6.452063],[106.83035,-6.451517],[106.830625,-6.451243],[106.832138,-6.451243],[106.832413,-6.451517],[106.832413,-6.4522],[106.831725,-6.452336],[106.831587,-6.453156],[106.830763,-6.453293],[106.830763,-6.45384],[106.830213,-6.454386],[106.8309,-6.454796],[106.832138,-6.456299],[106.832275,-6.456982],[106.831725,-6.457666],[106.831725,-6.458349],[106.832413,-6.458622],[106.832413,-6.459305],[106.831587,-6.459715],[106.831587,-6.461082],[106.832413,-6.461355],[106.832413,-6.462038],[106.831587,-6.462448],[106.831725,-6.464771],[106.831312,-6.465181],[106.831312,-6.465454],[106.830625,-6.465864],[106.829937,-6.465864],[106.829662,-6.466684],[106.828838,-6.46682],[106.828838,-6.467367],[106.829937,-6.467504],[106.832688,-6.46723],[106.833512,-6.46846],[106.833512,-6.469143],[106.833925,-6.469143],[106.833925,-6.468597],[106.834338,-6.468187],[106.834888,-6.468187],[106.834888,-6.46764],[106.835162,-6.467367],[106.83585,-6.46723],[106.835712,-6.46682],[106.8342,-6.46682],[106.8331,-6.466547],[106.8331,-6.466001],[106.833375,-6.465727],[106.834888,-6.465591],[106.834888,-6.464088],[106.835712,-6.463541],[106.835025,-6.462995],[106.834888,-6.462175],[106.834063,-6.462038],[106.834063,-6.457666],[106.834338,-6.457392],[106.834888,-6.457392],[106.834888,-6.455889],[106.835162,-6.455479],[106.833787,-6.45343],[106.834063,-6.45302],[106.833925,-6.45138],[106.834338,-6.45097],[106.834338,-6.450697],[106.833925,-6.450287],[106.833925,-6.449877],[106.834338,-6.44933],[106.83475,-6.449194],[106.834888,-6.447964],[106.8353,-6.447554],[106.83585,-6.446051],[106.83585,-6.443455],[106.834338,-6.443455],[106.833925,-6.443045],[106.833925,-6.441678],[106.833512,-6.441678],[106.8331,-6.441268],[106.8331,-6.439902],[106.830075,-6.439902],[106.829662,-6.439628],[106.829525,-6.438945],[106.827875,-6.438809],[106.826638,-6.437442],[106.826913,-6.436486],[106.826913,-6.434299],[106.8287,-6.434026],[106.8287,-6.432659],[106.828975,-6.432386],[106.829662,-6.432249],[106.829662,-6.430883],[106.830488,-6.430473],[106.830488,-6.430063],[106.829662,-6.429653],[106.829662,-6.423641],[106.830488,-6.423367],[106.83035,-6.421864],[106.83145,-6.421181],[106.832275,-6.421181],[106.832963,-6.421454],[106.832963,-6.421044],[106.832138,-6.420907],[106.832138,-6.420224],[106.832413,-6.419814],[106.8331,-6.419814],[106.833237,-6.419268],[106.834063,-6.418858],[106.834063,-6.417355],[106.834475,-6.416945],[106.834063,-6.415988],[106.8342,-6.415441],[106.83475,-6.414895],[106.836675,-6.415168],[106.836813,-6.412982],[106.835988,-6.412708],[106.835988,-6.411888],[106.836675,-6.411478],[106.835575,-6.410385],[106.8353,-6.409292],[106.835025,-6.409019],[106.835025,-6.408472],[106.834063,-6.408199],[106.834063,-6.406559],[106.834888,-6.406286],[106.834888,-6.405739],[106.833375,-6.405602],[106.8331,-6.403962],[106.83145,-6.403689],[106.83145,-6.402186],[106.832275,-6.401776],[106.832275,-6.399453],[106.83145,-6.399043],[106.831312,-6.398359],[106.830763,-6.398359],[106.830488,-6.398086],[106.830488,-6.39672],[106.830763,-6.396446],[106.832275,-6.39631],[106.832275,-6.394123],[106.830763,-6.393986],[106.830488,-6.393713],[106.830488,-6.393166],[106.830763,-6.392893],[106.832138,-6.392893],[106.832275,-6.39221],[106.83255,-6.391936],[106.833237,-6.3918],[106.833237,-6.390433],[106.834063,-6.390023],[106.834063,-6.387837],[106.833237,-6.387427],[106.833237,-6.38401],[106.833925,-6.383737],[106.8342,-6.383053],[106.83585,-6.383053],[106.836125,-6.382097],[106.837637,-6.382097],[106.837775,-6.381414],[106.83805,-6.38114],[106.839425,-6.38114],[106.839562,-6.3795],[106.840388,-6.379227],[106.840388,-6.376904],[106.841075,-6.37663],[106.841487,-6.376767],[106.842038,-6.377997],[106.841625,-6.378407],[106.841625,-6.379227],[106.841212,-6.379637],[106.840663,-6.379637],[106.840663,-6.380457],[106.841075,-6.38073],[106.841625,-6.380184],[106.842175,-6.38032],[106.84245,-6.381004],[106.842588,-6.38196],[106.842175,-6.38237],[106.841625,-6.38237],[106.841625,-6.383737],[106.84135,-6.384147],[106.84135,-6.384693],[106.841625,-6.384967],[106.841625,-6.385513],[106.842038,-6.385513],[106.842313,-6.385787],[106.842588,-6.38934],[106.842038,-6.39098],[106.8419,-6.393303],[106.841625,-6.393986],[106.840663,-6.395216],[106.840663,-6.397129],[106.840388,-6.397539],[106.8397,-6.397676],[106.8397,-6.399043],[106.840388,-6.399179],[106.840525,-6.399999],[106.84135,-6.400136],[106.841625,-6.400819],[106.842313,-6.401093],[106.842313,-6.401776],[106.843,-6.401913],[106.843275,-6.402186],[106.843275,-6.403552],[106.843,-6.403826],[106.84245,-6.403826],[106.842313,-6.404372],[106.843275,-6.404646],[106.843275,-6.406286],[106.843963,-6.406286],[106.843963,-6.402186],[106.844238,-6.401913],[106.844787,-6.401913],[106.844925,-6.401229],[106.844238,-6.401093],[106.843963,-6.400819],[106.843963,-6.400409],[106.843137,-6.399999],[106.843,-6.399316],[106.842175,-6.399179],[106.842038,-6.39672],[106.842313,-6.39631],[106.842862,-6.396173],[106.843,-6.393986],[106.843275,-6.393713],[106.843825,-6.393713],[106.843825,-6.393166],[106.843275,-6.393166],[106.843,-6.392893],[106.843,-6.39221],[106.843275,-6.391936],[106.844787,-6.391936],[106.844787,-6.388657],[106.845337,-6.38811],[106.844787,-6.385377],[106.844787,-6.384147],[106.843963,-6.383873],[106.843825,-6.38237],[106.844238,-6.38196],[106.84575,-6.38196],[106.84575,-6.381414],[106.844925,-6.38114],[106.844925,-6.380457],[106.84575,-6.380184],[106.845888,-6.379364],[106.846712,-6.379227],[106.846712,-6.37786],[106.846025,-6.377724],[106.845613,-6.376904],[106.8441,-6.376904],[106.843825,-6.375947],[106.84245,-6.376084],[106.842175,-6.37581],[106.842175,-6.37335],[106.841625,-6.373214],[106.84135,-6.37294],[106.84135,-6.37253],[106.840663,-6.372394],[106.840388,-6.37212],[106.840388,-6.371574],[106.839562,-6.371164],[106.839562,-6.369797],[106.839838,-6.369524],[106.84135,-6.369387],[106.84135,-6.363784],[106.841212,-6.36351],[106.840388,-6.363237],[106.84025,-6.362417],[106.839838,-6.362417],[106.839562,-6.362144],[106.839562,-6.358044],[106.83805,-6.357907],[106.837775,-6.357634],[106.837775,-6.356267],[106.83805,-6.355994],[106.838463,-6.355994],[106.8386,-6.355447],[106.837775,-6.355037],[106.837637,-6.354354],[106.83695,-6.354354],[106.836813,-6.35367],[106.837087,-6.353397],[106.837775,-6.35326],[106.837913,-6.35244],[106.839562,-6.352304],[106.839562,-6.34916],[106.838875,-6.349024],[106.8386,-6.34875],[106.8386,-6.347383],[106.838875,-6.34711],[106.839562,-6.346973],[106.8397,-6.346153],[106.840388,-6.346017],[106.840388,-6.343557],[106.841212,-6.343283],[106.84135,-6.34301],[106.84135,-6.341097],[106.840663,-6.34096],[106.840388,-6.340687],[106.840388,-6.34014],[106.840663,-6.339866],[106.84135,-6.33973],[106.84135,-6.338363],[106.841625,-6.33809],[106.843137,-6.337953],[106.843137,-6.336586],[106.84245,-6.33645],[106.842175,-6.336176],[106.842175,-6.33563],[106.84135,-6.33522],[106.84135,-6.333716],[106.842038,-6.333579],[106.842175,-6.332896],[106.84245,-6.332623],[106.843,-6.332623],[106.843137,-6.332076],[106.843963,-6.331666],[106.843963,-6.331119],[106.84245,-6.330983],[106.842175,-6.330709],[106.842175,-6.330299],[106.84135,-6.329889],[106.84135,-6.328386],[106.841625,-6.328112],[106.843,-6.328112],[106.843137,-6.327429],[106.843963,-6.327156],[106.843963,-6.326609],[106.843137,-6.326336],[106.843,-6.324012],[106.84245,-6.324012],[106.842038,-6.323602],[106.842038,-6.323055],[106.84135,-6.322782],[106.84135,-6.320185],[106.842038,-6.320048],[106.84245,-6.319228],[106.844925,-6.319092],[106.847538,-6.319228],[106.847813,-6.320048],[106.849325,-6.320048],[106.849463,-6.319365],[106.850288,-6.319092],[106.850288,-6.318408],[106.851112,-6.318272],[106.85125,-6.317588],[106.852075,-6.317315],[106.852075,-6.314855],[106.8529,-6.314718],[106.853175,-6.313761],[106.853863,-6.313761],[106.854138,-6.314581],[106.85455,-6.314718],[106.856612,-6.314718],[106.856887,-6.314991],[106.85675,-6.316495],[106.85565,-6.316768],[106.854687,-6.317725],[106.85345,-6.317725],[106.853037,-6.318408],[106.85235,-6.318408],[106.852213,-6.320048],[106.850562,-6.320322],[106.850562,-6.321552],[106.850288,-6.321962],[106.848775,-6.321962],[106.848637,-6.322782],[106.847675,-6.323055],[106.847675,-6.324559],[106.84685,-6.324832],[106.84685,-6.325516],[106.846575,-6.325789],[106.846025,-6.325789],[106.846025,-6.327292],[106.84575,-6.327566],[106.8452,-6.327566],[106.844925,-6.328659],[106.8452,-6.329889],[106.845613,-6.329889],[106.846025,-6.330299],[106.845888,-6.333306],[106.84685,-6.333716],[106.846987,-6.334536],[106.847675,-6.334673],[106.847675,-6.336176],[106.848637,-6.33645],[106.848637,-6.33727],[106.848225,-6.337543],[106.848225,-6.337816],[106.848912,-6.338773],[106.849187,-6.338773],[106.8496,-6.33809],[106.850425,-6.338226],[106.850425,-6.33891],[106.85015,-6.339183],[106.849738,-6.339183],[106.849738,-6.340687],[106.850425,-6.34096],[106.850562,-6.341643],[106.851388,-6.34178],[106.851388,-6.343283],[106.852213,-6.343557],[106.85235,-6.344377],[106.854,-6.344513],[106.853863,-6.345333],[106.852625,-6.345607],[106.852625,-6.34588],[106.853175,-6.34629],[106.853175,-6.34711],[106.85235,-6.347383],[106.85235,-6.349024],[106.852487,-6.349297],[106.85345,-6.349707],[106.854412,-6.34957],[106.855238,-6.350117],[106.8551,-6.351484],[106.854138,-6.352987],[106.854,-6.354217],[106.853588,-6.35449],[106.85235,-6.35449],[106.85235,-6.355857],[106.851938,-6.356267],[106.851525,-6.356267],[106.851525,-6.35777],[106.851938,-6.358317],[106.851938,-6.360094],[106.852487,-6.36187],[106.853175,-6.362417],[106.853175,-6.363237],[106.85235,-6.363647],[106.85235,-6.364877],[106.853175,-6.36515],[106.853175,-6.36761],[106.854,-6.367884],[106.854,-6.369934],[106.855925,-6.371437],[106.856887,-6.37376],[106.856887,-6.37499],[106.855925,-6.376357],[106.856063,-6.37663],[106.856475,-6.37663],[106.85675,-6.376904],[106.85675,-6.379364],[106.855925,-6.379774],[106.855925,-6.381004],[106.85675,-6.381277],[106.85675,-6.383053],[106.856063,-6.3836],[106.85675,-6.38401],[106.85675,-6.385513],[106.857575,-6.385787],[106.857575,-6.387427],[106.85675,-6.387837],[106.85675,-6.38934],[106.855788,-6.389613],[106.855788,-6.392893],[106.8551,-6.39303],[106.854962,-6.39385],[106.854275,-6.393986],[106.854,-6.39426],[106.854138,-6.39631],[106.854687,-6.39631],[106.854825,-6.394806],[106.855513,-6.39467],[106.855788,-6.39385],[106.856612,-6.39385],[106.85675,-6.397266],[106.857438,-6.397403],[106.857713,-6.398223],[106.859225,-6.398223],[106.859363,-6.399999],[106.860187,-6.399999],[106.860187,-6.398496],[106.859363,-6.398359],[106.859225,-6.397676],[106.8584,-6.397403],[106.8584,-6.393166],[106.857438,-6.392893],[106.8573,-6.39139],[106.857713,-6.39098],[106.858262,-6.39098],[106.8584,-6.390707],[106.8584,-6.388657],[106.858675,-6.388383],[106.859088,-6.388383],[106.8595,-6.387563],[106.8617,-6.38729],[106.8617,-6.38606],[106.860462,-6.385923],[106.860187,-6.38565],[106.860187,-6.383327],[106.859363,-6.38319],[106.859088,-6.382234],[106.858537,-6.38237],[106.8584,-6.38319],[106.857713,-6.38319],[106.857438,-6.382917],[106.857438,-6.381414],[106.857713,-6.38114],[106.8584,-6.381004],[106.858262,-6.380457],[106.857438,-6.38032],[106.857438,-6.3795],[106.859225,-6.379364],[106.859225,-6.378817],[106.8595,-6.378544],[106.860462,-6.378407],[106.860875,-6.377587],[106.860875,-6.376084],[106.860187,-6.37581],[106.86005,-6.37335],[106.8595,-6.372667],[106.859363,-6.37171],[106.858675,-6.371574],[106.8584,-6.3713],[106.858262,-6.370617],[106.857575,-6.370617],[106.857438,-6.369797],[106.856612,-6.369524],[106.856612,-6.36884],[106.855925,-6.368704],[106.85565,-6.36843],[106.85565,-6.364467],[106.8562,-6.364057],[106.857025,-6.36392],[106.857025,-6.363647],[106.856475,-6.363237],[106.856475,-6.36269],[106.855238,-6.36105],[106.854962,-6.359957],[106.854962,-6.35818],[106.854687,-6.35777],[106.854687,-6.35695],[106.854962,-6.35654],[106.8562,-6.35613],[106.856887,-6.355584],[106.856612,-6.35531],[106.856612,-6.354354],[106.857163,-6.35408],[106.857025,-6.352167],[106.857575,-6.351347],[106.858262,-6.350937],[106.858262,-6.348477],[106.858125,-6.348203],[106.85785,-6.348203],[106.857713,-6.348477],[106.857713,-6.350664],[106.857438,-6.350937],[106.856887,-6.350937],[106.856887,-6.351484],[106.856612,-6.351757],[106.85565,-6.35162],[106.855513,-6.3508],[106.855788,-6.350527],[106.856612,-6.350527],[106.856612,-6.34916],[106.85565,-6.348887],[106.85565,-6.348067],[106.856475,-6.34793],[106.856612,-6.347383],[106.85565,-6.34711],[106.855513,-6.343693],[106.854825,-6.343557],[106.854687,-6.343147],[106.853588,-6.342053],[106.852213,-6.34178],[106.852075,-6.341097],[106.85125,-6.340823],[106.85125,-6.339046],[106.852075,-6.338773],[106.852075,-6.336586],[106.850562,-6.33645],[106.850288,-6.336176],[106.850288,-6.333033],[106.850013,-6.332759],[106.847538,-6.332623],[106.8474,-6.329343],[106.847813,-6.328932],[106.847813,-6.328386],[106.8474,-6.328112],[106.8474,-6.327566],[106.847675,-6.327292],[106.8485,-6.327156],[106.8485,-6.325652],[106.849325,-6.325516],[106.849463,-6.324695],[106.849738,-6.324422],[106.85015,-6.324422],[106.850288,-6.322919],[106.850562,-6.322645],[106.851938,-6.322782],[106.852487,-6.322509],[106.8529,-6.321415],[106.854138,-6.320732],[106.855513,-6.321005],[106.857163,-6.320458],[106.857438,-6.319365],[106.858262,-6.319228],[106.858537,-6.319502],[106.858537,-6.324422],[106.859363,-6.324832],[106.859363,-6.327976],[106.86005,-6.328112],[106.860325,-6.328386],[106.860462,-6.330026],[106.861838,-6.330026],[106.861975,-6.329343],[106.861288,-6.329206],[106.861013,-6.328932],[106.861013,-6.325789],[106.860187,-6.325379],[106.860187,-6.321962],[106.861838,-6.321689],[106.861975,-6.320185],[106.8628,-6.319912],[106.862938,-6.318682],[106.862662,-6.318408],[106.861288,-6.318408],[106.861013,-6.318135],[106.861013,-6.317725],[106.860187,-6.317315],[106.86005,-6.314855],[106.858675,-6.314855],[106.8584,-6.315675],[106.857575,-6.315675],[106.8573,-6.315401],[106.8573,-6.314991],[106.857713,-6.314581],[106.858262,-6.314581],[106.858537,-6.313761],[106.859225,-6.313624],[106.859225,-6.312258],[106.8584,-6.311848],[106.8584,-6.306927],[106.859225,-6.306517],[106.859225,-6.305834],[106.86005,-6.30556],[106.86005,-6.30515],[106.858675,-6.305014],[106.8584,-6.30474],[106.858262,-6.304057],[106.856887,-6.304057],[106.856612,-6.303783],[106.856612,-6.303237],[106.855925,-6.3031],[106.85565,-6.302827],[106.85565,-6.30228],[106.856475,-6.302007],[106.856475,-6.30064],[106.85565,-6.300366],[106.85565,-6.298726],[106.854962,-6.298589],[106.854687,-6.298316],[106.854825,-6.295172],[106.85565,-6.294762],[106.85565,-6.294352],[106.854825,-6.293942],[106.854825,-6.292439],[106.855513,-6.291892],[106.855513,-6.291618],[106.854825,-6.290252],[106.854412,-6.289842],[106.853175,-6.289705],[106.8529,-6.288885],[106.85235,-6.288885],[106.852075,-6.288611],[106.851938,-6.287928],[106.850425,-6.287928],[106.850288,-6.286151],[106.849463,-6.285741],[106.849463,-6.281777],[106.849738,-6.281504],[106.851112,-6.281504],[106.85125,-6.28]],[[106.82485,-6.552896],[106.825263,-6.553306],[106.824575,-6.554399],[106.8243,-6.554126],[106.8243,-6.553306],[106.82485,-6.552896]],[[106.8584,-6.38319],[106.859225,-6.383053],[106.859363,-6.383873],[106.858675,-6.38401],[106.8584,-6.383737],[106.8584,-6.38319]]]},"properties":{"layer_id":"historis_risiko","jenis":"banjir","nama":"Bahaya banjir sedang","sumber":"InaRISK (BNPB)","atribut":{"kelas":"sedang"}}},{"type":"Feature","geometry":{"type":"Polygon","coordinates":[[[106.83475,-6.28],[106.832413,-6.28],[106.832275,-6.28287],[106.83255,-6.283691],[106.833925,-6.285604],[106.833925,-6.286288],[106.833375,-6.287381],[106.831312,-6.289158],[106.830763,-6.291755],[106.83035,-6.292165],[106.829387,-6.292575],[106.82815,-6.292439],[106.828012,-6.293942],[106.8287,-6.294079],[106.828975,-6.294352],[106.828975,-6.294762],[106.82815,-6.295309],[106.828288,-6.296402],[106.827188,-6.297633],[106.82705,-6.298589],[106.827188,-6.302827],[106.827737,-6.302827],[106.828012,-6.3031],[106.828012,-6.303783],[106.828838,-6.304057],[106.828838,-6.30556],[106.829662,-6.305697],[106.829937,-6.30597],[106.829937,-6.306517],[106.829525,-6.306927],[106.828975,-6.306927],[106.828975,-6.310207],[106.82815,-6.310618],[106.829525,-6.310618],[106.829525,-6.309524],[106.83035,-6.309114],[106.83035,-6.306927],[106.830763,-6.306517],[106.8331,-6.306654],[106.833375,-6.306927],[106.833375,-6.309251],[106.8331,-6.309524],[106.83255,-6.309524],[106.83255,-6.311711],[106.832275,-6.312121],[106.831587,-6.312258],[106.831587,-6.313761],[106.830625,-6.314035],[106.830763,-6.315401],[106.830488,-6.315811],[106.829937,-6.315811],[106.829937,-6.317315],[106.83035,-6.317315],[106.830763,-6.317725],[106.830763,-6.319092],[106.83145,-6.319092],[106.831725,-6.319365],[106.831725,-6.319775],[106.832413,-6.320185],[106.83255,-6.322645],[106.831725,-6.323055],[106.831587,-6.324559],[106.830625,-6.324832],[106.830763,-6.327156],[106.83035,-6.327566],[106.829937,-6.327566],[106.8298,-6.328659],[106.830763,-6.329343],[106.830625,-6.330026],[106.83035,-6.330299],[106.829937,-6.330299],[106.829937,-6.330709],[106.831587,-6.330983],[106.831587,-6.333579],[106.828975,-6.333716],[106.828838,-6.335356],[106.82815,-6.335493],[106.828012,-6.336313],[106.827188,-6.33645],[106.826775,-6.33727],[106.825263,-6.33727],[106.825125,-6.336586],[106.824575,-6.33645],[106.824438,-6.336996],[106.825263,-6.33727],[106.8254,-6.33891],[106.82595,-6.33891],[106.826363,-6.33809],[106.827737,-6.33809],[106.828012,-6.337133],[106.8287,-6.336996],[106.829113,-6.337406],[106.8298,-6.335903],[106.83035,-6.33563],[106.830625,-6.33522],[106.832275,-6.335356],[106.83255,-6.337133],[106.834063,-6.336996],[106.834063,-6.333853],[106.833237,-6.333579],[106.833237,-6.332759],[106.833512,-6.332486],[106.833925,-6.332486],[106.833925,-6.330299],[106.833512,-6.330299],[106.8331,-6.329889],[106.8331,-6.329343],[106.832275,-6.329069],[106.832275,-6.326609],[106.831587,-6.326472],[106.83145,-6.325789],[106.832275,-6.325379],[106.832275,-6.324695],[106.83255,-6.324422],[106.8331,-6.324285],[106.8331,-6.323055],[106.833512,-6.322645],[106.834613,-6.322645],[106.834888,-6.322372],[106.835025,-6.321279],[106.834063,-6.321005],[106.834063,-6.318682],[106.833787,-6.318408],[106.832688,-6.318545],[106.832275,-6.318272],[106.832138,-6.317588],[106.831587,-6.317588],[106.831312,-6.317315],[106.831312,-6.315811],[106.831725,-6.315401],[106.832138,-6.315401],[106.832413,-6.314718],[106.833375,-6.314581],[106.833925,-6.313078],[106.8342,-6.312804],[106.834888,-6.312668],[106.835025,-6.308567],[106.835988,-6.308294],[106.835988,-6.307064],[106.835712,-6.30679],[106.8342,-6.30679],[106.833925,-6.305834],[106.832413,-6.305834],[106.832275,-6.30515],[106.83145,-6.304877],[106.83145,-6.304193],[106.830488,-6.30392],[106.830488,-6.302553],[106.83035,-6.302007],[106.8298,-6.301323],[106.8298,-6.300093],[106.83035,-6.298999],[106.830488,-6.297906],[106.831312,-6.296813],[106.8309,-6.293942],[106.831312,-6.293532],[106.832138,-6.293395],[106.832275,-6.292302],[106.8331,-6.292165],[106.833237,-6.291482],[106.834338,-6.290388],[106.834888,-6.290388],[106.83585,-6.291482],[106.836813,-6.291482],[106.837637,-6.290935],[106.837913,-6.290252],[106.837362,-6.288065],[106.836813,-6.287791],[106.836813,-6.286151],[106.835988,-6.285741],[106.835988,-6.285057],[106.836263,-6.284784],[106.836263,-6.283691],[106.836675,-6.283007],[106.836538,-6.281914],[106.835712,-6.282597],[106.8353,-6.282324],[106.834888,-6.281504],[106.83475,-6.28]]]},"properties":{"layer_id":"historis_risiko","jenis":"banjir","nama":"Bahaya banjir sedang","sumber":"InaRISK (BNPB)","atribut":{"kelas":"sedang"}}},{"type":"Feature","geometry":{"type":"Polygon","coordinates":[[[106.8309,-6.28],[106.827188,-6.28],[106.827188,-6.28041],[106.826913,-6.280683],[106.826225,-6.28082],[106.826225,-6.281367],[106.82595,-6.28164],[106.825263,-6.28164],[106.824988,-6.28082],[106.824575,-6.28082],[106.824438,-6.281504],[106.823612,-6.281777],[106.823475,-6.282324],[106.822788,-6.282597],[106.822788,-6.283144],[106.82155,-6.284374],[106.820863,-6.284511],[106.820725,-6.286014],[106.821275,-6.287244],[106.821138,-6.288065],[106.820037,-6.289021],[106.820037,-6.289568],[106.819213,-6.290525],[106.819075,-6.291208],[106.818663,-6.291618],[106.817975,-6.291618],[106.8177,-6.291892],[106.81825,-6.292302],[106.818112,-6.294762],[106.817837,-6.295036],[106.81715,-6.295172],[106.81715,-6.301186],[106.816325,-6.30146],[106.816463,-6.302143],[106.818525,-6.302007],[106.818938,-6.301186],[106.820588,-6.30105],[106.820588,-6.298726],[106.8199,-6.298589],[106.819762,-6.297906],[106.819075,-6.297769],[106.8188,-6.297496],[106.8188,-6.294215],[106.819762,-6.293942],[106.819625,-6.292575],[106.8199,-6.292165],[106.82045,-6.292029],[106.82045,-6.291618],[106.820863,-6.291208],[106.821413,-6.291208],[106.82155,-6.289705],[106.822375,-6.289568],[106.82265,-6.288611],[106.824162,-6.288611],[106.8243,-6.288065],[106.825125,-6.287655],[106.825125,-6.287108],[106.8254,-6.286834],[106.826087,-6.286834],[106.826225,-6.289431],[106.82595,-6.289705],[106.825263,-6.289842],[106.825263,-6.293942],[106.824438,-6.294352],[106.824438,-6.299273],[106.825125,-6.299273],[106.824988,-6.296129],[106.8254,-6.295719],[106.82595,-6.295719],[106.826087,-6.295446],[106.826087,-6.292439],[106.826913,-6.292029],[106.826913,-6.290662],[106.827188,-6.290388],[106.827875,-6.290252],[106.827875,-6.286014],[106.8287,-6.285741],[106.828563,-6.285194],[106.828012,-6.285194],[106.827737,-6.284921],[106.827737,-6.284374],[106.82815,-6.283964],[106.828563,-6.283964],[106.8287,-6.282597],[106.828975,-6.282324],[106.830625,-6.282324],[106.831175,-6.28205],[106.831312,-6.28082],[106.8309,-6.28]]]},"properties":{"layer_id":"historis_risiko","jenis":"banjir","nama":"Bahaya banjir sedang","sumber":"InaRISK (BNPB)","atribut":{"kelas":"sedang"}}},{"type":"Feature","geometry":{"type":"Polygon","coordinates":[[[106.814125,-6.28],[106.81,-6.28],[106.81,-6.28041],[106.809725,-6.280683],[106.807525,-6.28082],[106.807388,-6.281504],[106.806562,-6.281777],[106.806562,-6.284921],[106.80725,-6.285194],[106.80725,-6.288475],[106.806425,-6.288885],[106.806425,-6.289431],[106.80615,-6.289705],[106.805463,-6.289842],[106.805463,-6.290388],[106.805188,-6.290662],[106.804775,-6.290662],[106.804775,-6.292029],[106.803675,-6.292575],[106.80395,-6.293122],[106.804637,-6.293259],[106.804637,-6.294762],[106.805463,-6.295172],[106.805463,-6.296539],[106.804637,-6.296949],[106.804637,-6.297496],[106.804362,-6.297769],[106.803675,-6.297906],[106.803675,-6.302007],[106.80285,-6.302417],[106.80285,-6.303783],[106.802575,-6.304057],[106.801888,-6.304193],[106.801888,-6.30474],[106.802575,-6.304877],[106.80285,-6.30515],[106.802712,-6.305834],[106.801888,-6.30597],[106.801888,-6.307337],[106.802712,-6.307337],[106.802712,-6.305834],[106.803538,-6.30556],[106.803538,-6.303237],[106.803813,-6.302963],[106.8045,-6.302827],[106.8045,-6.30064],[106.804775,-6.300366],[106.805188,-6.300366],[106.805463,-6.30064],[106.805463,-6.302827],[106.80615,-6.302963],[106.806425,-6.303237],[106.806425,-6.30474],[106.80725,-6.30515],[106.80725,-6.30556],[106.806425,-6.30597],[106.806425,-6.308431],[106.8056,-6.308704],[106.8056,-6.310071],[106.806425,-6.310344],[106.806562,-6.313488],[106.806975,-6.314171],[106.806975,-6.314581],[106.80725,-6.314718],[106.80725,-6.317315],[106.806425,-6.317725],[106.806425,-6.320869],[106.80615,-6.321142],[106.8056,-6.321142],[106.805325,-6.321962],[106.804637,-6.322099],[106.804637,-6.323739],[106.803813,-6.323875],[106.803675,-6.324559],[106.802988,-6.324832],[106.802988,-6.327292],[106.804362,-6.327156],[106.804362,-6.325789],[106.804637,-6.325516],[106.805188,-6.325516],[106.805325,-6.324695],[106.80615,-6.324559],[106.806425,-6.323739],[106.807388,-6.323875],[106.807388,-6.326336],[106.808075,-6.326199],[106.807938,-6.324695],[106.808212,-6.324422],[106.8089,-6.324422],[106.8089,-6.322099],[106.80835,-6.322099],[106.808075,-6.321825],[106.808075,-6.320322],[106.80835,-6.320048],[106.809038,-6.319912],[106.809038,-6.316631],[106.809863,-6.316358],[106.809725,-6.309661],[106.809038,-6.309251],[106.8089,-6.308704],[106.809175,-6.307884],[106.81055,-6.306654],[106.810688,-6.306107],[106.809863,-6.305697],[106.809863,-6.304193],[106.809038,-6.303783],[106.809038,-6.302417],[106.80835,-6.30228],[106.808075,-6.302007],[106.808075,-6.298726],[106.807388,-6.298589],[106.807113,-6.298316],[106.807113,-6.297906],[106.807388,-6.297633],[106.808075,-6.297496],[106.808075,-6.296129],[106.808487,-6.295719],[106.8089,-6.295719],[106.8089,-6.295172],[106.80835,-6.294899],[106.807113,-6.293532],[106.807113,-6.292712],[106.8089,-6.291618],[106.809038,-6.289842],[106.809313,-6.289568],[106.809725,-6.289568],[106.809863,-6.288748],[106.810688,-6.288475],[106.810825,-6.288065],[106.810688,-6.284921],[106.810137,-6.284237],[106.810137,-6.283554],[106.810688,-6.283007],[106.810688,-6.282597],[106.810963,-6.282324],[106.812475,-6.282187],[106.812475,-6.281777],[106.8133,-6.281367],[106.813438,-6.280683],[106.814125,-6.28041],[106.814125,-6.28]]]},"properties":{"layer_id":"historis_risiko","jenis":"banjir","nama":"Bahaya banjir sedang","sumber":"InaRISK (BNPB)","atribut":{"kelas":"sedang"}}},{"type":"Feature","geometry":{"type":"Polygon","coordinates":[[[106.7957,-6.28],[106.795838,-6.280547],[106.797213,-6.280547],[106.797488,-6.28082],[106.797488,-6.282324],[106.796525,-6.282597],[106.796662,-6.283281],[106.79735,-6.283281],[106.797625,-6.283554],[106.797488,-6.287655],[106.798175,-6.287791],[106.79845,-6.288611],[106.799138,-6.288611],[106.799275,-6.289431],[106.799825,-6.289568],[106.800238,-6.290388],[106.800787,-6.290388],[106.800925,-6.288065],[106.800238,-6.287928],[106.799963,-6.287655],[106.799963,-6.287108],[106.799138,-6.286834],[106.799138,-6.286151],[106.79845,-6.286014],[106.798175,-6.285741],[106.798175,-6.284237],[106.799,-6.283964],[106.799138,-6.28082],[106.79845,-6.280683],[106.798175,-6.28041],[106.798175,-6.28],[106.7957,-6.28]]]},"properties":{"layer_id":"historis_risiko","jenis":"banjir","nama":"Bahaya banjir sedang","sumber":"InaRISK (BNPB)","atribut":{"kelas":"sedang"}}},{"type":"Feature","geometry":{"type":"Polygon","coordinates":[[[106.791025,-6.28],[106.788825,-6.28],[106.788962,-6.281094],[106.788413,-6.28164],[106.787725,-6.28164],[106.78745,-6.28246],[106.786488,-6.282734],[106.786075,-6.284511],[106.785663,-6.284921],[106.785112,-6.285057],[106.784838,-6.285604],[106.7836,-6.286561],[106.783325,-6.287244],[106.783462,-6.288611],[106.784013,-6.289842],[106.784013,-6.290388],[106.783462,-6.291755],[106.782638,-6.292849],[106.7825,-6.294626],[106.783738,-6.294899],[106.784013,-6.295172],[106.783875,-6.296266],[106.784288,-6.297359],[106.784563,-6.300093],[106.785112,-6.30187],[106.787175,-6.302553],[106.788275,-6.30351],[106.788275,-6.304057],[106.78745,-6.30597],[106.787312,-6.307064],[106.786763,-6.308021],[106.7869,-6.308294],[106.787312,-6.308294],[106.787588,-6.308567],[106.787725,-6.310344],[106.78745,-6.310618],[106.78745,-6.311438],[106.787037,-6.312394],[106.7858,-6.313351],[106.784975,-6.314718],[106.784975,-6.315401],[106.7847,-6.315811],[106.7847,-6.317041],[106.785112,-6.318682],[106.7858,-6.319775],[106.786625,-6.320185],[106.786763,-6.321005],[106.787588,-6.321142],[106.787725,-6.323602],[106.7891,-6.323602],[106.789513,-6.324012],[106.789513,-6.324422],[106.7891,-6.324832],[106.788413,-6.324969],[106.78855,-6.327839],[106.789375,-6.328249],[106.789375,-6.330026],[106.78855,-6.330299],[106.788413,-6.332623],[106.787588,-6.332896],[106.787588,-6.334536],[106.786763,-6.334946],[106.786763,-6.335356],[106.78635,-6.335766],[106.785938,-6.336996],[106.7847,-6.338363],[106.78415,-6.338363],[106.78415,-6.339866],[106.783738,-6.34014],[106.783187,-6.34014],[106.783187,-6.342463],[106.782775,-6.342873],[106.781813,-6.34301],[106.781125,-6.34465],[106.7814,-6.346837],[106.78195,-6.346973],[106.782363,-6.347383],[106.782363,-6.347793],[106.78195,-6.348203],[106.781537,-6.348203],[106.7814,-6.34875],[106.780575,-6.34916],[106.780575,-6.34957],[106.780163,-6.34998],[106.779337,-6.350117],[106.778925,-6.351347],[106.779063,-6.353534],[106.778513,-6.354627],[106.777825,-6.35531],[106.777687,-6.355857],[106.777687,-6.3631],[106.777825,-6.364057],[106.778238,-6.364057],[106.778513,-6.36433],[106.77865,-6.365014],[106.7792,-6.365014],[106.779475,-6.365287],[106.779475,-6.367747],[106.778238,-6.36802],[106.778238,-6.36843],[106.778513,-6.368704],[106.778513,-6.37048],[106.777825,-6.37089],[106.777825,-6.3713],[106.77755,-6.371574],[106.776588,-6.37171],[106.776725,-6.37335],[106.777138,-6.374717],[106.778375,-6.374854],[106.778513,-6.375674],[106.779337,-6.37581],[106.779475,-6.37663],[106.780438,-6.376904],[106.780438,-6.379227],[106.78195,-6.379364],[106.782225,-6.379637],[106.782225,-6.38196],[106.783738,-6.382097],[106.784013,-6.38237],[106.784013,-6.382917],[106.784838,-6.383327],[106.784975,-6.384693],[106.785525,-6.384693],[106.785938,-6.385103],[106.785938,-6.385513],[106.78635,-6.385513],[106.786625,-6.385787],[106.786625,-6.387427],[106.787312,-6.387563],[106.787588,-6.387837],[106.787725,-6.38934],[106.789237,-6.389203],[106.789237,-6.387837],[106.78855,-6.3877],[106.788275,-6.387427],[106.788275,-6.385923],[106.78745,-6.38565],[106.787312,-6.384147],[106.786625,-6.38401],[106.786488,-6.383327],[106.785663,-6.382917],[106.785663,-6.38237],[106.784975,-6.382234],[106.7847,-6.38196],[106.7847,-6.380594],[106.783875,-6.380184],[106.783738,-6.3795],[106.783187,-6.3795],[106.782913,-6.379227],[106.782913,-6.37786],[106.782363,-6.377724],[106.78195,-6.376904],[106.7803,-6.376767],[106.7803,-6.374444],[106.780025,-6.37417],[106.778375,-6.374034],[106.778238,-6.371437],[106.77865,-6.371164],[106.7803,-6.371164],[106.7803,-6.368704],[106.781125,-6.36843],[106.781125,-6.366927],[106.782088,-6.366654],[106.782088,-6.366244],[106.7814,-6.366107],[106.781125,-6.365834],[106.781125,-6.365287],[106.780575,-6.36515],[106.780163,-6.36433],[106.779337,-6.364194],[106.7792,-6.36351],[106.779612,-6.3631],[106.780163,-6.3631],[106.780025,-6.362144],[106.780575,-6.361187],[106.780575,-6.360094],[106.779888,-6.358454],[106.780163,-6.358044],[106.780163,-6.357224],[106.780988,-6.356677],[106.781125,-6.353534],[106.78195,-6.35326],[106.78195,-6.351484],[106.782638,-6.3508],[106.783738,-6.350664],[106.783875,-6.347247],[106.7847,-6.346973],[106.7847,-6.346427],[106.783875,-6.346153],[106.783875,-6.345333],[106.78415,-6.34506],[106.78415,-6.344103],[106.784563,-6.343693],[106.784563,-6.341917],[106.784975,-6.341507],[106.785525,-6.341507],[106.785525,-6.339046],[106.786488,-6.337953],[106.787312,-6.337953],[106.78745,-6.33645],[106.787725,-6.336176],[106.788962,-6.336313],[106.789237,-6.33604],[106.789237,-6.333716],[106.790063,-6.333443],[106.7902,-6.332623],[106.790887,-6.332623],[106.791162,-6.332896],[106.791162,-6.337133],[106.790338,-6.33727],[106.7902,-6.337953],[106.791162,-6.338226],[106.791162,-6.339866],[106.790475,-6.340003],[106.7902,-6.340276],[106.7902,-6.341643],[106.789375,-6.341917],[106.789375,-6.343283],[106.7902,-6.343557],[106.790338,-6.344377],[106.790887,-6.344377],[106.791025,-6.34096],[106.79185,-6.34055],[106.79185,-6.338226],[106.792812,-6.337953],[106.792675,-6.33727],[106.79185,-6.337133],[106.79185,-6.333853],[106.792125,-6.333579],[106.792675,-6.333579],[106.792812,-6.332896],[106.792125,-6.332759],[106.79185,-6.332486],[106.79185,-6.332076],[106.791025,-6.331666],[106.791025,-6.330983],[106.79185,-6.330709],[106.79185,-6.326062],[106.791575,-6.325652],[106.791025,-6.325516],[106.790887,-6.324695],[106.7902,-6.324695],[106.789925,-6.324422],[106.789925,-6.323875],[106.79075,-6.323465],[106.79075,-6.323192],[106.789925,-6.322645],[106.790063,-6.321689],[106.788962,-6.319775],[106.787588,-6.318135],[106.787312,-6.317315],[106.78745,-6.315948],[106.788138,-6.314855],[106.788275,-6.312941],[106.7891,-6.312668],[106.7891,-6.310207],[106.789513,-6.309934],[106.789513,-6.3072],[106.790338,-6.30556],[106.790887,-6.30515],[106.791025,-6.304193],[106.79185,-6.303783],[106.79185,-6.303237],[106.791025,-6.302827],[106.791025,-6.30064],[106.790338,-6.300503],[106.790063,-6.30023],[106.790063,-6.299683],[106.789237,-6.29941],[106.7891,-6.298726],[106.787588,-6.298726],[106.787312,-6.298453],[106.787312,-6.297906],[106.786488,-6.297633],[106.786488,-6.296813],[106.787312,-6.296539],[106.787312,-6.295309],[106.7869,-6.294762],[106.787175,-6.292712],[106.788,-6.291892],[106.788962,-6.289295],[106.78855,-6.288338],[106.787863,-6.287928],[106.787037,-6.286834],[106.787037,-6.286151],[106.787725,-6.285194],[106.788825,-6.285194],[106.789375,-6.285468],[106.791025,-6.287244],[106.7913,-6.290115],[106.792675,-6.290252],[106.792812,-6.286151],[106.79185,-6.285878],[106.79185,-6.283554],[106.791025,-6.283417],[106.79075,-6.28287],[106.790887,-6.281777],[106.7913,-6.281367],[106.791575,-6.281504],[106.79185,-6.28123],[106.791575,-6.280683],[106.791025,-6.280547],[106.791025,-6.28]]]},"properties":{"layer_id":"historis_risiko","jenis":"banjir","nama":"Bahaya banjir sedang","sumber":"InaRISK (BNPB)","atribut":{"kelas":"sedang"}}},{"type":"Feature","geometry":{"type":"Polygon","coordinates":[[[106.766963,-6.28],[106.766963,-6.281367],[106.766688,-6.28164],[106.766137,-6.28164],[106.766,-6.282324],[106.765175,-6.282734],[106.765038,-6.284101],[106.765038,-6.290252],[106.766,-6.290525],[106.766,-6.294079],[106.765725,-6.294352],[106.765175,-6.294352],[106.765175,-6.294762],[106.765862,-6.294899],[106.766,-6.295719],[106.766825,-6.295856],[106.766963,-6.296539],[106.766688,-6.296813],[106.766,-6.296949],[106.766,-6.299273],[106.765725,-6.299546],[106.765038,-6.299683],[106.7649,-6.300503],[106.763388,-6.300503],[106.76325,-6.30105],[106.764763,-6.301186],[106.765038,-6.300366],[106.766688,-6.300366],[106.766825,-6.298726],[106.7671,-6.298453],[106.768613,-6.298453],[106.768888,-6.299273],[106.769575,-6.299546],[106.769712,-6.30023],[106.770538,-6.300503],[106.770538,-6.303783],[106.771225,-6.30392],[106.771363,-6.30474],[106.772188,-6.304877],[106.772463,-6.305697],[106.773837,-6.305697],[106.774113,-6.30597],[106.774113,-6.306654],[106.77315,-6.306927],[106.77315,-6.311028],[106.773837,-6.311164],[106.774113,-6.311438],[106.774113,-6.317452],[106.773288,-6.317588],[106.77315,-6.318135],[106.773837,-6.318272],[106.773975,-6.317588],[106.7748,-6.317315],[106.7748,-6.315811],[106.775075,-6.315538],[106.775625,-6.315538],[106.7759,-6.315811],[106.776038,-6.316495],[106.777412,-6.316495],[106.777687,-6.316768],[106.777687,-6.322782],[106.776725,-6.323055],[106.776725,-6.326336],[106.7759,-6.326609],[106.7759,-6.327976],[106.776725,-6.328386],[106.776725,-6.329889],[106.7759,-6.330299],[106.7759,-6.332486],[106.775625,-6.332759],[106.774938,-6.332896],[106.774938,-6.335356],[106.774113,-6.33563],[106.774113,-6.336996],[106.773837,-6.33727],[106.773288,-6.33727],[106.77315,-6.337953],[106.772325,-6.338363],[106.772325,-6.340687],[106.77205,-6.34096],[106.771363,-6.341097],[106.771363,-6.342463],[106.772325,-6.342737],[106.772325,-6.347793],[106.77315,-6.348203],[106.77315,-6.34875],[106.772875,-6.349024],[106.772463,-6.349024],[106.77205,-6.349844],[106.771363,-6.34998],[106.771363,-6.351347],[106.771088,-6.35162],[106.769575,-6.351757],[106.769575,-6.355037],[106.770263,-6.355174],[106.770538,-6.355447],[106.770538,-6.357634],[106.770263,-6.357907],[106.769712,-6.357907],[106.769575,-6.35859],[106.76875,-6.359],[106.76875,-6.365014],[106.767238,-6.36515],[106.766963,-6.365424],[106.766963,-6.36679],[106.766,-6.367064],[106.766137,-6.367747],[106.766963,-6.367884],[106.766963,-6.369524],[106.766,-6.36966],[106.765862,-6.368977],[106.765313,-6.368704],[106.765038,-6.368977],[106.765038,-6.369524],[106.76435,-6.369797],[106.764212,-6.3713],[106.763937,-6.371574],[106.763388,-6.371574],[106.763388,-6.37212],[106.762975,-6.37253],[106.762563,-6.37253],[106.762563,-6.37294],[106.762287,-6.373214],[106.7616,-6.37335],[106.761463,-6.375674],[106.762425,-6.375947],[106.762563,-6.379227],[106.76215,-6.379637],[106.7616,-6.379637],[106.761463,-6.385513],[106.762425,-6.385787],[106.762425,-6.38729],[106.7627,-6.387563],[106.765038,-6.3877],[106.765038,-6.390023],[106.764212,-6.390433],[106.76435,-6.394396],[106.765862,-6.39467],[106.766137,-6.39631],[106.766688,-6.39631],[106.767513,-6.39672],[106.7682,-6.397813],[106.76875,-6.398223],[106.76875,-6.401913],[106.767925,-6.402049],[106.767787,-6.402732],[106.766963,-6.403006],[106.766963,-6.403689],[106.766137,-6.403826],[106.765725,-6.404646],[106.765175,-6.404646],[106.765038,-6.405329],[106.764763,-6.405602],[106.763388,-6.405602],[106.76325,-6.406286],[106.762975,-6.406559],[106.760775,-6.406559],[106.7605,-6.407379],[106.758988,-6.407379],[106.75885,-6.408199],[106.758025,-6.408472],[106.757888,-6.411752],[106.7572,-6.412025],[106.7572,-6.412572],[106.757888,-6.412845],[106.757888,-6.415305],[106.757475,-6.415578],[106.756375,-6.415715],[106.7561,-6.418038],[106.755688,-6.418311],[106.753763,-6.418448],[106.753488,-6.419678],[106.753488,-6.423777],[106.753625,-6.424187],[106.754037,-6.424187],[106.754312,-6.42446],[106.754312,-6.425964],[106.755275,-6.426237],[106.755275,-6.427877],[106.755,-6.42815],[106.75445,-6.42815],[106.75445,-6.429516],[106.754175,-6.429926],[106.753625,-6.430063],[106.753488,-6.430746],[106.752938,-6.43102],[106.752938,-6.431976],[106.752387,-6.432523],[106.751838,-6.432659],[106.751563,-6.433479],[106.751013,-6.433616],[106.750875,-6.433889],[106.752112,-6.436349],[106.753488,-6.436349],[106.7539,-6.435939],[106.75445,-6.433753],[106.754037,-6.433206],[106.754037,-6.432659],[106.754312,-6.432386],[106.755138,-6.432249],[106.755138,-6.430746],[106.755413,-6.430473],[106.7561,-6.430473],[106.756788,-6.42979],[106.75665,-6.428423],[106.756925,-6.42733],[106.756375,-6.42733],[106.755963,-6.427057],[106.755825,-6.420088],[106.756237,-6.419678],[106.756788,-6.419678],[106.7572,-6.420088],[106.7572,-6.420498],[106.757888,-6.420907],[106.758025,-6.423367],[106.758575,-6.423367],[106.758988,-6.423777],[106.758988,-6.42528],[106.759675,-6.4261],[106.759675,-6.42692],[106.760638,-6.427193],[106.760775,-6.428697],[106.760362,-6.431976],[106.759813,-6.432249],[106.759675,-6.434163],[106.75885,-6.434436],[106.75885,-6.436076],[106.757888,-6.436349],[106.75775,-6.437989],[106.756237,-6.437989],[106.7561,-6.438535],[106.757613,-6.438672],[106.757888,-6.437852],[106.758575,-6.437852],[106.758713,-6.436212],[106.759538,-6.435939],[106.759538,-6.434299],[106.7605,-6.434163],[106.760638,-6.434982],[106.761325,-6.435119],[106.7616,-6.435392],[106.7616,-6.435802],[106.7627,-6.436896],[106.763663,-6.436896],[106.7649,-6.438125],[106.76545,-6.439082],[106.765588,-6.440038],[106.765313,-6.440312],[106.76435,-6.440312],[106.76435,-6.441268],[106.764763,-6.441268],[106.765175,-6.441678],[106.765175,-6.443181],[106.765862,-6.443045],[106.765725,-6.440585],[106.766,-6.440312],[106.76765,-6.440448],[106.767925,-6.441268],[106.7693,-6.441405],[106.769575,-6.441678],[106.769712,-6.442361],[106.771088,-6.443181],[106.7715,-6.444274],[106.7715,-6.446734],[106.774113,-6.447007],[106.77425,-6.44933],[106.774663,-6.44933],[106.775075,-6.44974],[106.775075,-6.450287],[106.774663,-6.450697],[106.77425,-6.450697],[106.77425,-6.45302],[106.774938,-6.453156],[106.775075,-6.453566],[106.775487,-6.453703],[106.775762,-6.452473],[106.775625,-6.450697],[106.776038,-6.450287],[106.777412,-6.450287],[106.777825,-6.450697],[106.777687,-6.45302],[106.778375,-6.453156],[106.77865,-6.453976],[106.781125,-6.453976],[106.781262,-6.454796],[106.782225,-6.455069],[106.782363,-6.456709],[106.782088,-6.456982],[106.7814,-6.456982],[106.7814,-6.458349],[106.782088,-6.458485],[106.782225,-6.459305],[106.782913,-6.459442],[106.78305,-6.460125],[106.783875,-6.460262],[106.78415,-6.460808],[106.78415,-6.462038],[106.783187,-6.463404],[106.78305,-6.464771],[106.78195,-6.465044],[106.77975,-6.465044],[106.779612,-6.465727],[106.778513,-6.466684],[106.777825,-6.46682],[106.77755,-6.46764],[106.776725,-6.467777],[106.776725,-6.46969],[106.776863,-6.469963],[106.777275,-6.469963],[106.777825,-6.470373],[106.777825,-6.47092],[106.777412,-6.47133],[106.776863,-6.47133],[106.776725,-6.472696],[106.77755,-6.472696],[106.7781,-6.473516],[106.778375,-6.472013],[106.7792,-6.471876],[106.779475,-6.472149],[106.779612,-6.472833],[106.779475,-6.474199],[106.779888,-6.474472],[106.780988,-6.474472],[106.781125,-6.47133],[106.779475,-6.471193],[106.779337,-6.469553],[106.779612,-6.46928],[106.7803,-6.469143],[106.7803,-6.46846],[106.780575,-6.468187],[106.780988,-6.468187],[106.780988,-6.467777],[106.781813,-6.46723],[106.781813,-6.46682],[106.782225,-6.466411],[106.783738,-6.466411],[106.783738,-6.466001],[106.78415,-6.465591],[106.784563,-6.465591],[106.7847,-6.464771],[106.785387,-6.464088],[106.785525,-6.463131],[106.786213,-6.462721],[106.786213,-6.462448],[106.785525,-6.462038],[106.785525,-6.460535],[106.784975,-6.460535],[106.7847,-6.460262],[106.7847,-6.458759],[106.783875,-6.458485],[106.783875,-6.455069],[106.784563,-6.454933],[106.7847,-6.454249],[106.784013,-6.454113],[106.7836,-6.453293],[106.782225,-6.453293],[106.78195,-6.452473],[106.780988,-6.451243],[106.780988,-6.450833],[106.779475,-6.45056],[106.779337,-6.44974],[106.778375,-6.449467],[106.778375,-6.447964],[106.77755,-6.447691],[106.777412,-6.445094],[106.774938,-6.445094],[106.774663,-6.444548],[106.773837,-6.444001],[106.7737,-6.442771],[106.772463,-6.442635],[106.772188,-6.442361],[106.772188,-6.440585],[106.772738,-6.440038],[106.77205,-6.439628],[106.771912,-6.438945],[106.769712,-6.438809],[106.7693,-6.437989],[106.768888,-6.437989],[106.768475,-6.438809],[106.767925,-6.438809],[106.767513,-6.437989],[106.766825,-6.437852],[106.766688,-6.436349],[106.766,-6.436349],[106.76545,-6.436076],[106.764763,-6.435119],[106.764763,-6.434436],[106.76435,-6.434436],[106.763937,-6.434026],[106.7638,-6.433479],[106.76325,-6.433479],[106.7627,-6.433069],[106.762425,-6.431976],[106.763113,-6.43061],[106.76325,-6.42651],[106.762287,-6.42528],[106.762287,-6.424597],[106.761463,-6.42446],[106.761188,-6.423777],[106.7605,-6.423504],[106.760362,-6.419404],[106.759538,-6.419268],[106.759125,-6.418448],[106.758575,-6.418038],[106.758713,-6.417355],[106.759538,-6.417081],[106.759538,-6.416398],[106.760362,-6.416261],[106.7605,-6.415441],[106.761325,-6.415168],[106.761188,-6.414621],[106.7605,-6.414485],[106.760362,-6.410249],[106.761188,-6.409839],[106.761463,-6.409019],[106.763937,-6.408882],[106.763937,-6.408472],[106.764212,-6.408199],[106.7649,-6.408199],[106.765175,-6.408472],[106.765588,-6.408472],[106.765862,-6.408199],[106.766688,-6.408199],[106.766825,-6.406695],[106.7671,-6.406422],[106.76765,-6.406422],[106.768062,-6.406832],[106.7693,-6.406012],[106.769438,-6.403962],[106.769712,-6.403689],[106.7704,-6.403552],[106.770263,-6.402186],[106.770813,-6.401639],[106.77095,-6.401093],[106.7715,-6.400683],[106.772738,-6.400819],[106.77315,-6.400136],[106.773975,-6.400136],[106.774113,-6.400683],[106.774938,-6.401093],[106.774938,-6.401776],[106.775625,-6.401913],[106.7759,-6.402186],[106.7759,-6.402596],[106.776725,-6.403006],[106.776725,-6.404372],[106.777687,-6.404646],[106.777825,-6.406286],[106.778238,-6.406286],[106.778513,-6.406559],[106.778513,-6.408062],[106.7792,-6.408199],[106.779612,-6.409019],[106.782775,-6.409019],[106.78305,-6.409292],[106.78305,-6.410795],[106.782225,-6.411068],[106.782225,-6.413392],[106.78305,-6.413665],[106.783187,-6.416535],[106.783325,-6.416945],[106.784838,-6.417355],[106.784975,-6.419678],[106.785525,-6.419678],[106.785938,-6.420088],[106.7858,-6.424187],[106.786488,-6.424324],[106.786763,-6.425144],[106.78745,-6.42528],[106.787588,-6.425964],[106.788413,-6.426237],[106.788413,-6.427057],[106.787588,-6.42733],[106.787588,-6.429926],[106.787312,-6.430063],[106.787725,-6.431293],[106.788413,-6.431976],[106.788688,-6.433479],[106.789513,-6.433479],[106.789788,-6.433889],[106.78855,-6.434163],[106.788413,-6.435119],[106.787725,-6.435392],[106.787725,-6.436759],[106.78745,-6.437169],[106.787037,-6.437305],[106.787037,-6.437579],[106.787725,-6.437989],[106.787588,-6.441268],[106.788413,-6.441542],[106.78855,-6.444001],[106.788138,-6.444411],[106.787725,-6.444411],[106.787725,-6.445778],[106.78855,-6.446051],[106.78855,-6.446734],[106.788275,-6.447007],[106.787588,-6.447144],[106.787725,-6.45015],[106.78745,-6.45056],[106.786625,-6.450697],[106.786763,-6.453703],[106.787588,-6.453976],[106.787588,-6.457392],[106.788413,-6.457802],[106.788413,-6.458485],[106.787725,-6.458759],[106.787588,-6.459852],[106.788,-6.460535],[106.788413,-6.460125],[106.789925,-6.460262],[106.7902,-6.459442],[106.791025,-6.459442],[106.791162,-6.462038],[106.790887,-6.462311],[106.790475,-6.462311],[106.790475,-6.462721],[106.791713,-6.463678],[106.793775,-6.463814],[106.793913,-6.464634],[106.794737,-6.464907],[106.794875,-6.465727],[106.797488,-6.465864],[106.797625,-6.467367],[106.7968,-6.467914],[106.7968,-6.469007],[106.797488,-6.469417],[106.797488,-6.4701],[106.796525,-6.470373],[106.796525,-6.471056],[106.796113,-6.47133],[106.795838,-6.471876],[106.795838,-6.472696],[106.796525,-6.472969],[106.796525,-6.473652],[106.7957,-6.474062],[106.795838,-6.477068],[106.795563,-6.477478],[106.794737,-6.477615],[106.794737,-6.479118],[106.79405,-6.479255],[106.793913,-6.479938],[106.793638,-6.480211],[106.793087,-6.480211],[106.792675,-6.481031],[106.792125,-6.481031],[106.79185,-6.481987],[106.789513,-6.482124],[106.789513,-6.483354],[106.7891,-6.4839],[106.788688,-6.484037],[106.788688,-6.48431],[106.789375,-6.48472],[106.789375,-6.485266],[106.7902,-6.48554],[106.7902,-6.489775],[106.789375,-6.490185],[106.789237,-6.491005],[106.788413,-6.491142],[106.78855,-6.491688],[106.7891,-6.491688],[106.789375,-6.490868],[106.793225,-6.490868],[106.793087,-6.490185],[106.792125,-6.490049],[106.79185,-6.489775],[106.79185,-6.487453],[106.791025,-6.487043],[106.791025,-6.48554],[106.79185,-6.485266],[106.79185,-6.483763],[106.792125,-6.48349],[106.79405,-6.482534],[106.79515,-6.482534],[106.79625,-6.481851],[106.796388,-6.480211],[106.797213,-6.479938],[106.797213,-6.479255],[106.797488,-6.478981],[106.797488,-6.477478],[106.798175,-6.476385],[106.798175,-6.472286],[106.79845,-6.472013],[106.798862,-6.472013],[106.799138,-6.471739],[106.799138,-6.471193],[106.799688,-6.470783],[106.799688,-6.47051],[106.799138,-6.4701],[106.799138,-6.468597],[106.798313,-6.46846],[106.798038,-6.46805],[106.798313,-6.467504],[106.799,-6.467367],[106.799,-6.466001],[106.798313,-6.465864],[106.798038,-6.465044],[106.797763,-6.464907],[106.796525,-6.464907],[106.79625,-6.463951],[106.793775,-6.463814],[106.793638,-6.459715],[106.792812,-6.459579],[106.792675,-6.458895],[106.79185,-6.458622],[106.791713,-6.457802],[106.7913,-6.457802],[106.790887,-6.456982],[106.790063,-6.456709],[106.790063,-6.456026],[106.789237,-6.455616],[106.789237,-6.455069],[106.789788,-6.454933],[106.790063,-6.454386],[106.789788,-6.454113],[106.789375,-6.454113],[106.7891,-6.45384],[106.7891,-6.45343],[106.788413,-6.45343],[106.788,-6.45302],[106.788138,-6.450833],[106.788413,-6.450423],[106.789237,-6.450287],[106.7891,-6.447144],[106.789375,-6.446871],[106.790063,-6.446734],[106.790063,-6.442635],[106.789237,-6.442361],[106.789237,-6.437032],[106.790887,-6.436486],[106.790887,-6.429107],[106.789237,-6.428833],[106.789237,-6.428013],[106.790063,-6.42774],[106.789925,-6.424597],[106.789375,-6.424597],[106.788962,-6.423777],[106.788138,-6.423777],[106.78745,-6.423504],[106.78745,-6.417491],[106.786488,-6.417218],[106.786488,-6.416398],[106.787312,-6.416125],[106.787312,-6.415578],[106.786488,-6.415305],[106.786213,-6.413528],[106.78525,-6.413528],[106.784838,-6.412982],[106.783875,-6.412708],[106.783875,-6.411888],[106.7847,-6.411615],[106.7847,-6.409292],[106.78415,-6.409155],[106.783738,-6.408335],[106.783187,-6.408335],[106.782913,-6.408062],[106.782775,-6.407379],[106.7814,-6.407379],[106.781125,-6.407105],[106.780988,-6.405876],[106.780163,-6.405466],[106.780163,-6.404919],[106.779337,-6.404509],[106.7792,-6.403826],[106.778375,-6.403689],[106.778375,-6.402186],[106.77755,-6.401776],[106.777412,-6.401093],[106.776863,-6.401093],[106.776588,-6.400819],[106.776588,-6.399453],[106.7759,-6.399316],[106.775625,-6.398496],[106.774113,-6.398359],[106.773837,-6.397539],[106.77315,-6.397539],[106.773013,-6.39672],[106.772325,-6.396583],[106.77205,-6.395763],[106.771225,-6.395626],[106.771088,-6.394806],[106.770538,-6.394806],[106.770125,-6.394123],[106.769575,-6.394123],[106.7693,-6.393713],[106.7693,-6.393166],[106.76875,-6.393166],[106.768475,-6.392893],[106.768475,-6.39139],[106.7671,-6.391253],[106.766825,-6.39098],[106.766825,-6.390297],[106.76765,-6.390023],[106.767513,-6.385103],[106.765038,-6.384967],[106.764763,-6.384693],[106.76435,-6.38237],[106.763937,-6.381824],[106.764075,-6.381277],[106.76435,-6.381004],[106.764763,-6.381004],[106.765038,-6.38032],[106.765862,-6.380184],[106.766,-6.379364],[106.76765,-6.379227],[106.767513,-6.376084],[106.7671,-6.376084],[106.766688,-6.375674],[106.766688,-6.372667],[106.766963,-6.372257],[106.76765,-6.37212],[106.76765,-6.371437],[106.767925,-6.371164],[106.768475,-6.371164],[106.768475,-6.370754],[106.76875,-6.37048],[106.769438,-6.370344],[106.769438,-6.366927],[106.770263,-6.36679],[106.7704,-6.366107],[106.771225,-6.365834],[106.771225,-6.365287],[106.7704,-6.365014],[106.7704,-6.364467],[106.771225,-6.364057],[106.771225,-6.36351],[106.7704,-6.3631],[106.7704,-6.361734],[106.771225,-6.361324],[106.771225,-6.359957],[106.7704,-6.359547],[106.7704,-6.359],[106.771225,-6.35859],[106.771225,-6.35367],[106.7715,-6.353397],[106.77205,-6.353397],[106.772325,-6.35367],[106.772325,-6.35408],[106.772875,-6.354217],[106.773013,-6.352714],[106.773288,-6.35244],[106.773975,-6.352304],[106.773975,-6.347383],[106.7748,-6.346973],[106.7748,-6.34465],[106.773975,-6.34424],[106.773975,-6.339183],[106.77425,-6.33891],[106.774663,-6.33891],[106.775075,-6.33809],[106.776588,-6.337953],[106.776588,-6.332076],[106.776863,-6.331803],[106.77755,-6.331666],[106.777687,-6.330846],[106.778375,-6.330709],[106.778375,-6.328386],[106.77865,-6.328112],[106.779337,-6.327976],[106.779337,-6.321962],[106.780163,-6.321825],[106.780575,-6.321005],[106.780988,-6.321005],[106.7814,-6.321825],[106.782088,-6.321689],[106.782088,-6.317725],[106.780575,-6.317588],[106.7803,-6.317315],[106.780163,-6.314855],[106.777825,-6.314855],[106.77755,-6.314581],[106.77755,-6.313214],[106.776863,-6.313078],[106.776588,-6.312804],[106.776588,-6.311438],[106.775762,-6.311028],[106.775762,-6.307611],[106.77645,-6.307337],[106.77645,-6.30474],[106.775762,-6.303373],[106.773975,-6.302963],[106.773975,-6.298726],[106.772463,-6.298589],[106.772188,-6.298316],[106.772188,-6.296949],[106.7715,-6.296813],[106.771225,-6.296539],[106.771225,-6.296129],[106.7704,-6.295719],[106.770263,-6.295036],[106.769575,-6.295036],[106.7693,-6.294352],[106.768613,-6.294079],[106.768613,-6.293395],[106.769438,-6.292985],[106.769438,-6.292302],[106.7704,-6.292029],[106.7704,-6.290662],[106.769575,-6.290525],[106.7693,-6.290252],[106.7693,-6.289842],[106.76875,-6.289842],[106.7682,-6.289021],[106.768062,-6.288475],[106.768475,-6.287791],[106.768475,-6.285331],[106.76765,-6.285057],[106.76765,-6.283417],[106.768475,-6.283281],[106.76875,-6.282324],[106.76985,-6.282187],[106.770125,-6.281914],[106.769438,-6.281504],[106.769438,-6.28],[106.766963,-6.28]],[[106.77865,-6.317452],[106.7792,-6.317452],[106.779475,-6.317725],[106.779475,-6.318135],[106.7792,-6.318408],[106.77865,-6.318408],[106.778375,-6.318135],[106.778375,-6.317725],[106.77865,-6.317452]]]},"properties":{"layer_id":"historis_risiko","jenis":"banjir","nama":"Bahaya banjir sedang","sumber":"InaRISK (BNPB)","atribut":{"kelas":"sedang"}}},{"type":"Feature","geometry":{"type":"Polygon","coordinates":[[[106.70495,-6.28],[106.70495,-6.280273],[106.706187,-6.281367],[106.706463,-6.281914],[106.706463,-6.283007],[106.70605,-6.283554],[106.705912,-6.286698],[106.705088,-6.287244],[106.705088,-6.287655],[106.704675,-6.288065],[106.704125,-6.288065],[106.704125,-6.288475],[106.70495,-6.288748],[106.70495,-6.289568],[106.704125,-6.289842],[106.704125,-6.291208],[106.70495,-6.291482],[106.70495,-6.292029],[106.705775,-6.292439],[106.705912,-6.293122],[106.707425,-6.292985],[106.707563,-6.291345],[106.710037,-6.291208],[106.710037,-6.290662],[106.70935,-6.290662],[106.709075,-6.290388],[106.709213,-6.288885],[106.708525,-6.288748],[106.70825,-6.288338],[106.708525,-6.287791],[106.708938,-6.287791],[106.709213,-6.287518],[106.709213,-6.287244],[106.708388,-6.286834],[106.70825,-6.286014],[106.707425,-6.285878],[106.707425,-6.285194],[106.708388,-6.284921],[106.708388,-6.283417],[106.708938,-6.283144],[106.709075,-6.282597],[106.709625,-6.28205],[106.710863,-6.28246],[106.7121,-6.28246],[106.712238,-6.283691],[106.712788,-6.284511],[106.712925,-6.286288],[106.713475,-6.287108],[106.714163,-6.287108],[106.716638,-6.287791],[106.718425,-6.287928],[106.718425,-6.288611],[106.718013,-6.289021],[106.71815,-6.289705],[106.719938,-6.291618],[106.720075,-6.292849],[106.720488,-6.293395],[106.721725,-6.292849],[106.721725,-6.291755],[106.722,-6.291345],[106.723375,-6.291072],[106.723925,-6.291482],[106.723788,-6.30392],[106.722825,-6.304193],[106.722825,-6.311848],[106.72365,-6.311984],[106.724063,-6.313214],[106.725575,-6.313624],[106.726538,-6.314581],[106.726675,-6.316221],[106.728188,-6.316495],[106.728463,-6.316768],[106.728463,-6.318135],[106.729012,-6.318135],[106.729287,-6.318408],[106.729425,-6.319092],[106.7308,-6.319092],[106.730663,-6.318408],[106.7297,-6.318272],[106.729287,-6.317588],[106.729287,-6.316768],[106.730113,-6.315948],[106.731488,-6.316221],[106.732313,-6.316905],[106.73245,-6.317315],[106.73355,-6.317452],[106.733688,-6.318135],[106.734513,-6.318408],[106.734513,-6.323602],[106.735337,-6.323739],[106.735475,-6.324559],[106.733688,-6.324832],[106.733825,-6.327976],[106.734238,-6.327976],[106.734238,-6.327566],[106.734513,-6.327292],[106.7352,-6.327292],[106.735475,-6.326336],[106.736163,-6.326336],[106.736438,-6.327156],[106.737675,-6.326746],[106.7385,-6.327566],[106.738912,-6.328796],[106.7396,-6.329753],[106.7396,-6.330436],[106.74015,-6.330846],[106.7407,-6.330709],[106.7407,-6.329343],[106.740013,-6.329206],[106.739738,-6.328932],[106.739738,-6.328522],[106.740013,-6.328112],[106.7407,-6.327976],[106.7407,-6.325789],[106.739875,-6.325516],[106.739738,-6.324695],[106.736163,-6.324559],[106.736163,-6.323055],[106.735337,-6.322782],[106.735337,-6.320322],[106.736163,-6.319912],[106.736163,-6.318818],[106.736025,-6.318545],[106.735337,-6.318272],[106.7352,-6.317725],[106.734375,-6.317452],[106.734375,-6.314991],[106.732038,-6.314855],[106.731763,-6.314581],[106.731625,-6.313898],[106.728325,-6.313898],[106.72805,-6.313078],[106.726675,-6.313214],[106.7264,-6.312941],[106.7264,-6.312258],[106.725437,-6.311984],[106.7253,-6.310481],[106.724475,-6.310207],[106.724475,-6.308567],[106.725437,-6.308294],[106.7253,-6.304193],[106.725713,-6.303783],[106.726263,-6.303647],[106.726125,-6.303237],[106.725713,-6.303237],[106.725437,-6.302963],[106.725437,-6.30146],[106.725713,-6.301186],[106.726675,-6.301323],[106.726675,-6.302827],[106.727087,-6.302827],[106.727362,-6.3031],[106.7275,-6.30392],[106.728325,-6.304057],[106.728463,-6.304877],[106.729287,-6.305014],[106.729425,-6.305697],[106.72915,-6.30597],[106.728463,-6.30597],[106.728463,-6.306517],[106.7297,-6.30638],[106.729425,-6.305424],[106.729838,-6.30474],[106.729838,-6.304193],[106.72915,-6.304057],[106.729012,-6.303237],[106.728188,-6.302963],[106.72805,-6.30146],[106.727362,-6.30146],[106.72695,-6.300913],[106.72695,-6.30064],[106.727362,-6.30023],[106.72805,-6.30023],[106.72805,-6.299546],[106.728325,-6.299273],[106.728875,-6.299273],[106.728875,-6.298726],[106.728325,-6.298726],[106.72805,-6.298453],[106.72805,-6.297769],[106.728875,-6.297496],[106.728875,-6.296266],[106.728463,-6.296266],[106.727913,-6.296813],[106.727362,-6.296402],[106.7275,-6.295309],[106.727087,-6.294899],[106.727087,-6.294352],[106.727913,-6.293532],[106.728463,-6.294215],[106.7286,-6.294762],[106.7319,-6.295036],[106.732038,-6.295719],[106.731625,-6.296129],[106.731075,-6.296129],[106.730937,-6.297496],[106.730113,-6.297906],[106.730113,-6.298316],[106.730937,-6.298726],[106.730937,-6.299273],[106.731625,-6.29941],[106.731763,-6.298726],[106.732588,-6.298316],[106.732588,-6.294352],[106.7319,-6.294215],[106.731625,-6.293395],[106.7308,-6.293122],[106.7308,-6.292439],[106.730113,-6.292302],[106.729838,-6.292029],[106.729838,-6.291482],[106.730388,-6.291072],[106.731763,-6.291345],[106.7319,-6.292029],[106.732725,-6.292302],[106.732725,-6.292985],[106.73355,-6.293122],[106.733825,-6.293942],[106.734238,-6.293942],[106.73465,-6.294352],[106.73465,-6.294899],[106.735475,-6.295309],[106.736163,-6.296129],[106.736712,-6.296266],[106.7374,-6.295856],[106.737813,-6.295856],[106.7385,-6.296402],[106.73905,-6.296539],[106.739875,-6.297496],[106.740562,-6.297496],[106.740975,-6.298043],[106.741525,-6.298043],[106.741663,-6.296949],[106.741938,-6.296676],[106.74235,-6.296676],[106.742625,-6.296949],[106.742762,-6.299546],[106.743313,-6.299956],[106.743588,-6.30064],[106.745375,-6.302143],[106.746612,-6.30269],[106.747575,-6.302417],[106.74785,-6.30269],[106.748125,-6.303647],[106.748125,-6.30638],[106.74895,-6.30679],[106.74895,-6.309251],[106.748125,-6.309524],[106.748125,-6.310618],[106.748537,-6.311438],[106.748812,-6.312804],[106.748675,-6.314581],[106.748812,-6.316358],[106.749088,-6.316905],[106.74895,-6.319912],[106.749363,-6.321279],[106.749088,-6.322509],[106.749775,-6.322919],[106.749913,-6.324559],[106.7495,-6.324969],[106.749638,-6.325242],[106.750462,-6.325379],[106.750875,-6.325789],[106.750875,-6.326472],[106.751838,-6.326609],[106.752525,-6.327019],[106.753625,-6.327292],[106.754312,-6.327976],[106.756788,-6.328112],[106.757063,-6.328386],[106.7572,-6.330709],[106.756925,-6.331256],[106.7572,-6.331939],[106.7572,-6.335083],[106.757888,-6.335493],[106.758025,-6.34055],[106.75885,-6.34096],[106.75885,-6.34424],[106.758575,-6.344513],[106.757888,-6.34465],[106.758025,-6.346017],[106.758437,-6.346153],[106.75995,-6.34752],[106.7594,-6.349434],[106.759538,-6.352987],[106.759813,-6.354217],[106.759675,-6.354627],[106.759125,-6.355037],[106.75885,-6.355857],[106.75885,-6.358727],[106.758025,-6.359],[106.758025,-6.359547],[106.75885,-6.35982],[106.75885,-6.36146],[106.756237,-6.361597],[106.755825,-6.362417],[106.754725,-6.362554],[106.753488,-6.36351],[106.751838,-6.363647],[106.751563,-6.365014],[106.750737,-6.365287],[106.750737,-6.366654],[106.751563,-6.367064],[106.7517,-6.367747],[106.752387,-6.367747],[106.752662,-6.368567],[106.753213,-6.368567],[106.75335,-6.366107],[106.754175,-6.365834],[106.754175,-6.36433],[106.75445,-6.364057],[106.755,-6.364057],[106.755,-6.36351],[106.755275,-6.363237],[106.759125,-6.363237],[106.759675,-6.3631],[106.759813,-6.36269],[106.760362,-6.36228],[106.7605,-6.36064],[106.761188,-6.360367],[106.761325,-6.360094],[106.761325,-6.359],[106.7605,-6.358727],[106.7605,-6.357907],[106.761188,-6.35777],[106.761325,-6.357087],[106.761738,-6.356814],[106.761463,-6.355857],[106.7616,-6.354627],[106.761188,-6.354217],[106.761188,-6.35367],[106.7616,-6.35326],[106.76215,-6.35326],[106.762287,-6.35121],[106.762012,-6.350117],[106.761463,-6.349434],[106.761463,-6.34875],[106.762012,-6.348067],[106.76215,-6.34752],[106.761463,-6.347383],[106.761188,-6.34711],[106.761188,-6.339183],[106.760775,-6.339183],[106.7605,-6.33891],[106.7605,-6.336586],[106.759538,-6.336313],[106.759538,-6.335493],[106.760362,-6.33522],[106.760362,-6.33481],[106.759538,-6.334536],[106.759538,-6.332896],[106.75885,-6.332759],[106.758575,-6.332349],[106.75885,-6.331803],[106.760225,-6.331529],[106.760362,-6.330299],[106.759538,-6.330026],[106.759538,-6.327429],[106.75995,-6.327156],[106.760638,-6.327156],[106.760775,-6.326882],[106.75995,-6.326062],[106.759675,-6.326472],[106.75885,-6.326472],[106.758575,-6.325652],[106.75775,-6.325516],[106.757613,-6.324695],[106.757063,-6.324832],[106.757063,-6.325379],[106.756788,-6.325652],[106.7561,-6.325652],[106.755825,-6.324832],[106.75445,-6.324832],[106.75445,-6.325379],[106.754175,-6.325652],[106.753488,-6.325652],[106.753213,-6.324695],[106.752662,-6.324559],[106.751838,-6.323465],[106.7528,-6.320458],[106.7528,-6.319365],[106.75225,-6.318135],[106.752662,-6.314171],[106.752525,-6.311164],[106.7528,-6.309797],[106.753488,-6.308977],[106.753488,-6.3072],[106.752525,-6.306244],[106.752387,-6.304193],[106.751563,-6.304057],[106.751288,-6.302553],[106.75005,-6.301596],[106.748675,-6.30105],[106.748125,-6.300503],[106.747438,-6.298863],[106.745513,-6.297769],[106.744,-6.296129],[106.743588,-6.295309],[106.7429,-6.294626],[106.74235,-6.294489],[106.741388,-6.293395],[106.7385,-6.293395],[106.73795,-6.293122],[106.737813,-6.292302],[106.736438,-6.292302],[106.736163,-6.292029],[106.736025,-6.290798],[106.7352,-6.290252],[106.7352,-6.289842],[106.734513,-6.289705],[106.734238,-6.288885],[106.733825,-6.288885],[106.733413,-6.288475],[106.733413,-6.288065],[106.732038,-6.287928],[106.731763,-6.287655],[106.731625,-6.285331],[106.7319,-6.284921],[106.732313,-6.284921],[106.73245,-6.284647],[106.732038,-6.283691],[106.732038,-6.282734],[106.731763,-6.282324],[106.7319,-6.28082],[106.731625,-6.280547],[106.731625,-6.28],[106.72695,-6.28],[106.727638,-6.280957],[106.727638,-6.28287],[106.726675,-6.283554],[106.726675,-6.284921],[106.727362,-6.285331],[106.727362,-6.287791],[106.72805,-6.287791],[106.728325,-6.288065],[106.728325,-6.288611],[106.72805,-6.288885],[106.7275,-6.288885],[106.727087,-6.288475],[106.727087,-6.288065],[106.7264,-6.287791],[106.726263,-6.287108],[106.724888,-6.286698],[106.724063,-6.285468],[106.72145,-6.284511],[106.719662,-6.284511],[106.717875,-6.283417],[106.716913,-6.283281],[106.71485,-6.281367],[106.714438,-6.28],[106.70495,-6.28]],[[106.759538,-6.357224],[106.759813,-6.35695],[106.7605,-6.35695],[106.760638,-6.35777],[106.759675,-6.357907],[106.759538,-6.357224]],[[106.7605,-6.35162],[106.761325,-6.351484],[106.761463,-6.35244],[106.760638,-6.352577],[106.760362,-6.352167],[106.7605,-6.35162]],[[106.728325,-6.289842],[106.728738,-6.289431],[106.7297,-6.290115],[106.728738,-6.290525],[106.728325,-6.290115],[106.728325,-6.289842]]]},"properties":{"layer_id":"historis_risiko","jenis":"banjir","nama":"Bahaya banjir sedang","sumber":"InaRISK (BNPB)","atribut":{"kelas":"sedang"}}},{"type":"Feature","geometry":{"type":"Polygon","coordinates":[[[106.869813,-6.557404],[106.8694,-6.557678],[106.8694,-6.558224],[106.869675,-6.558634],[106.869813,-6.557404]]]},"properties":{"layer_id":"historis_risiko","jenis":"banjir","nama":"Bahaya banjir tinggi","sumber":"InaRISK (BNPB)","atribut":{"kelas":"tinggi"}}},{"type":"Feature","geometry":{"type":"Polygon","coordinates":[[[106.825675,-6.555492],[106.825537,-6.556448],[106.825812,-6.556721],[106.82595,-6.556038],[106.825675,-6.555492]]]},"properties":{"layer_id":"historis_risiko","jenis":"banjir","nama":"Bahaya banjir tinggi","sumber":"InaRISK (BNPB)","atribut":{"kelas":"tinggi"}}},{"type":"Feature","geometry":{"type":"Polygon","coordinates":[[[106.733825,-6.554262],[106.733963,-6.554535],[106.735062,-6.554399],[106.734925,-6.553989],[106.733963,-6.553852],[106.733825,-6.554262]]]},"properties":{"layer_id":"historis_risiko","jenis":"banjir","nama":"Bahaya banjir tinggi","sumber":"InaRISK (BNPB)","atribut":{"kelas":"tinggi"}}},{"type":"Feature","geometry":{"type":"Polygon","coordinates":[[[106.7,-6.552896],[106.7,-6.557678],[106.70055,-6.557404],[106.70165,-6.557541],[106.702062,-6.556311],[106.701925,-6.555492],[106.701513,-6.554535],[106.700275,-6.553442],[106.7,-6.552896]]]},"properties":{"layer_id":"historis_risiko","jenis":"banjir","nama":"Bahaya banjir tinggi","sumber":"InaRISK (BNPB)","atribut":{"kelas":"tinggi"}}},{"type":"Feature","geometry":{"type":"Polygon","coordinates":[[[106.754175,-6.548661],[106.7539,-6.548798],[106.7539,-6.549071],[106.75445,-6.550027],[106.75445,-6.550574],[106.755,-6.55071],[106.755,-6.550027],[106.75555,-6.548798],[106.754175,-6.548661]]]},"properties":{"layer_id":"historis_risiko","jenis":"banjir","nama":"Bahaya banjir tinggi","sumber":"InaRISK (BNPB)","atribut":{"kelas":"tinggi"}}},{"type":"Feature","geometry":{"type":"Polygon","coordinates":[[[106.843688,-6.548524],[106.843412,-6.548798],[106.843275,-6.549617],[106.843412,-6.550983],[106.843137,-6.551257],[106.84245,-6.551393],[106.842588,-6.55194],[106.843688,-6.55194],[106.843963,-6.549617],[106.843688,-6.548524]]]},"properties":{"layer_id":"historis_risiko","jenis":"banjir","nama":"Bahaya banjir tinggi","sumber":"InaRISK (BNPB)","atribut":{"kelas":"tinggi"}}},{"type":"Feature","geometry":{"type":"Polygon","coordinates":[[[106.823887,-6.548251],[106.823475,-6.548661],[106.823612,-6.550574],[106.824025,-6.550983],[106.824575,-6.550983],[106.824988,-6.55071],[106.825125,-6.548934],[106.824713,-6.548251],[106.823887,-6.548251]]]},"properties":{"layer_id":"historis_risiko","jenis":"banjir","nama":"Bahaya banjir tinggi","sumber":"InaRISK (BNPB)","atribut":{"kelas":"tinggi"}}},{"type":"Feature","geometry":{"type":"Polygon","coordinates":[[[106.822513,-6.542513],[106.822513,-6.544016],[106.822925,-6.544699],[106.824025,-6.544016],[106.82485,-6.543879],[106.824988,-6.543333],[106.8243,-6.543196],[106.824025,-6.542376],[106.822513,-6.542513]]]},"properties":{"layer_id":"historis_risiko","jenis":"banjir","nama":"Bahaya banjir tinggi","sumber":"InaRISK (BNPB)","atribut":{"kelas":"tinggi"}}},{"type":"Feature","geometry":{"type":"Polygon","coordinates":[[[106.711687,-6.542513],[106.712238,-6.54306],[106.712788,-6.542923],[106.712788,-6.542376],[106.711687,-6.542513]]]},"properties":{"layer_id":"historis_risiko","jenis":"banjir","nama":"Bahaya banjir tinggi","sumber":"InaRISK (BNPB)","atribut":{"kelas":"tinggi"}}},{"type":"Feature","geometry":{"type":"Polygon","coordinates":[[[106.845613,-6.540191],[106.844925,-6.540737],[106.844925,-6.541693],[106.845337,-6.541967],[106.845613,-6.541693],[106.845613,-6.541147],[106.846025,-6.540874],[106.845613,-6.540191]]]},"properties":{"layer_id":"historis_risiko","jenis":"banjir","nama":"Bahaya banjir tinggi","sumber":"InaRISK (BNPB)","atribut":{"kelas":"tinggi"}}},{"type":"Feature","geometry":{"type":"Polygon","coordinates":[[[106.730113,-6.539917],[106.730937,-6.540737],[106.730388,-6.541147],[106.730388,-6.541967],[106.733825,-6.54183],[106.733413,-6.54183],[106.732175,-6.540464],[106.7319,-6.540464],[106.73135,-6.539781],[106.730937,-6.539781],[106.730525,-6.539371],[106.730525,-6.539098],[106.730113,-6.539917]]]},"properties":{"layer_id":"historis_risiko","jenis":"banjir","nama":"Bahaya banjir tinggi","sumber":"InaRISK (BNPB)","atribut":{"kelas":"tinggi"}}},{"type":"Feature","geometry":{"type":"Polygon","coordinates":[[[106.803125,-6.538005],[106.801338,-6.539781],[106.801338,-6.540327],[106.801063,-6.5406],[106.800238,-6.5406],[106.800375,-6.541284],[106.800787,-6.541284],[106.801338,-6.540464],[106.801613,-6.540874],[106.801475,-6.541557],[106.8023,-6.54265],[106.802575,-6.542103],[106.802988,-6.54183],[106.803125,-6.541147],[106.804362,-6.54101],[106.804362,-6.540464],[106.803675,-6.540464],[106.8034,-6.540191],[106.803125,-6.538005]]]},"properties":{"layer_id":"historis_risiko","jenis":"banjir","nama":"Bahaya banjir tinggi","sumber":"InaRISK (BNPB)","atribut":{"kelas":"tinggi"}}},{"type":"Feature","geometry":{"type":"Polygon","coordinates":[[[106.846438,-6.534179],[106.846025,-6.534452],[106.845888,-6.536638],[106.846575,-6.538005],[106.84685,-6.538278],[106.8474,-6.538278],[106.8474,-6.535272],[106.846575,-6.534999],[106.846438,-6.534179]]]},"properties":{"layer_id":"historis_risiko","jenis":"banjir","nama":"Bahaya banjir tinggi","sumber":"InaRISK (BNPB)","atribut":{"kelas":"tinggi"}}},{"type":"Feature","geometry":{"type":"Polygon","coordinates":[[[106.804913,-6.529944],[106.804225,-6.5309],[106.803125,-6.53172],[106.80505,-6.533633],[106.805463,-6.53295],[106.80615,-6.53295],[106.80615,-6.531583],[106.805463,-6.531583],[106.805188,-6.53131],[106.805188,-6.530354],[106.804913,-6.529944]]]},"properties":{"layer_id":"historis_risiko","jenis":"banjir","nama":"Bahaya banjir tinggi","sumber":"InaRISK (BNPB)","atribut":{"kelas":"tinggi"}}},{"type":"Feature","geometry":{"type":"Polygon","coordinates":[[[106.912987,-6.529807],[106.911062,-6.529944],[106.909688,-6.531037],[106.909413,-6.531857],[106.910238,-6.53254],[106.910512,-6.531993],[106.9112,-6.531857],[106.9112,-6.531447],[106.911475,-6.531174],[106.912025,-6.531174],[106.912163,-6.53049],[106.912437,-6.530217],[106.912987,-6.530217],[106.912987,-6.529807]]]},"properties":{"layer_id":"historis_risiko","jenis":"banjir","nama":"Bahaya banjir tinggi","sumber":"InaRISK (BNPB)","atribut":{"kelas":"tinggi"}}},{"type":"Feature","geometry":{"type":"Polygon","coordinates":[[[106.859088,-6.529534],[106.858812,-6.532676],[106.859638,-6.53295],[106.860737,-6.53295],[106.860875,-6.53254],[106.8606,-6.5309],[106.859775,-6.531174],[106.8595,-6.5309],[106.8595,-6.529944],[106.859088,-6.529534]]]},"properties":{"layer_id":"historis_risiko","jenis":"banjir","nama":"Bahaya banjir tinggi","sumber":"InaRISK (BNPB)","atribut":{"kelas":"tinggi"}}},{"type":"Feature","geometry":{"type":"Polygon","coordinates":[[[106.826225,-6.526665],[106.8254,-6.527348],[106.82595,-6.528714],[106.826638,-6.529671],[106.826775,-6.526802],[106.826225,-6.526665]]]},"properties":{"layer_id":"historis_risiko","jenis":"banjir","nama":"Bahaya banjir tinggi","sumber":"InaRISK (BNPB)","atribut":{"kelas":"tinggi"}}},{"type":"Feature","geometry":{"type":"Polygon","coordinates":[[[106.844375,-6.525982],[106.843412,-6.528305],[106.843963,-6.528441],[106.844238,-6.528851],[106.844375,-6.531174],[106.845475,-6.531583],[106.845888,-6.531174],[106.846575,-6.531174],[106.846575,-6.530627],[106.845888,-6.530627],[106.845613,-6.530354],[106.845613,-6.528441],[106.84575,-6.527758],[106.846438,-6.527621],[106.846712,-6.527212],[106.846438,-6.526938],[106.8452,-6.527075],[106.844787,-6.526665],[106.844787,-6.526119],[106.844375,-6.525982]]]},"properties":{"layer_id":"historis_risiko","jenis":"banjir","nama":"Bahaya banjir tinggi","sumber":"InaRISK (BNPB)","atribut":{"kelas":"tinggi"}}},{"type":"Feature","geometry":{"type":"Polygon","coordinates":[[[106.819488,-6.525845],[106.818388,-6.526119],[106.818388,-6.526802],[106.819488,-6.526802],[106.819488,-6.525845]]]},"properties":{"layer_id":"historis_risiko","jenis":"banjir","nama":"Bahaya banjir tinggi","sumber":"InaRISK (BNPB)","atribut":{"kelas":"tinggi"}}},{"type":"Feature","geometry":{"type":"Polygon","coordinates":[[[106.9046,-6.525435],[106.905563,-6.527075],[106.905563,-6.528305],[106.906525,-6.528168],[106.907212,-6.527485],[106.907212,-6.527212],[106.90625,-6.526392],[106.905838,-6.525435],[106.9046,-6.525435]]]},"properties":{"layer_id":"historis_risiko","jenis":"banjir","nama":"Bahaya banjir tinggi","sumber":"InaRISK (BNPB)","atribut":{"kelas":"tinggi"}}},{"type":"Feature","geometry":{"type":"Polygon","coordinates":[[[106.768062,-6.525299],[106.767925,-6.526528],[106.768338,-6.526665],[106.768475,-6.525572],[106.768338,-6.525299],[106.768062,-6.525299]]]},"properties":{"layer_id":"historis_risiko","jenis":"banjir","nama":"Bahaya banjir tinggi","sumber":"InaRISK (BNPB)","atribut":{"kelas":"tinggi"}}},{"type":"Feature","geometry":{"type":"Polygon","coordinates":[[[106.70715,-6.525435],[106.7066,-6.525435],[106.706325,-6.525162],[106.706325,-6.524479],[106.705363,-6.524752],[106.705225,-6.526119],[106.705638,-6.525709],[106.70715,-6.525435]]]},"properties":{"layer_id":"historis_risiko","jenis":"banjir","nama":"Bahaya banjir tinggi","sumber":"InaRISK (BNPB)","atribut":{"kelas":"tinggi"}}},{"type":"Feature","geometry":{"type":"Polygon","coordinates":[[[106.844375,-6.524206],[106.84465,-6.524342],[106.845062,-6.523933],[106.845613,-6.523933],[106.845613,-6.523249],[106.845888,-6.522976],[106.846438,-6.522976],[106.846575,-6.522703],[106.844513,-6.522566],[106.844238,-6.52284],[106.844375,-6.524206]]]},"properties":{"layer_id":"historis_risiko","jenis":"banjir","nama":"Bahaya banjir tinggi","sumber":"InaRISK (BNPB)","atribut":{"kelas":"tinggi"}}},{"type":"Feature","geometry":{"type":"Polygon","coordinates":[[[106.714163,-6.52161],[106.714025,-6.52202],[106.714438,-6.522156],[106.714575,-6.521747],[106.714163,-6.52161]]]},"properties":{"layer_id":"historis_risiko","jenis":"banjir","nama":"Bahaya banjir tinggi","sumber":"InaRISK (BNPB)","atribut":{"kelas":"tinggi"}}},{"type":"Feature","geometry":{"type":"Polygon","coordinates":[[[106.841212,-6.521883],[106.841075,-6.521473],[106.839838,-6.521747],[106.839975,-6.522156],[106.841075,-6.522156],[106.841212,-6.521883]]]},"properties":{"layer_id":"historis_risiko","jenis":"banjir","nama":"Bahaya banjir tinggi","sumber":"InaRISK (BNPB)","atribut":{"kelas":"tinggi"}}},{"type":"Feature","geometry":{"type":"Polygon","coordinates":[[[106.706875,-6.519834],[106.706738,-6.521063],[106.70715,-6.5212],[106.707288,-6.519834],[106.706875,-6.519834]]]},"properties":{"layer_id":"historis_risiko","jenis":"banjir","nama":"Bahaya banjir tinggi","sumber":"InaRISK (BNPB)","atribut":{"kelas":"tinggi"}}},{"type":"Feature","geometry":{"type":"Polygon","coordinates":[[[106.765175,-6.520107],[106.765313,-6.520654],[106.767375,-6.520517],[106.767513,-6.51997],[106.766825,-6.519834],[106.76655,-6.519561],[106.765313,-6.519697],[106.765175,-6.520107]]]},"properties":{"layer_id":"historis_risiko","jenis":"banjir","nama":"Bahaya banjir tinggi","sumber":"InaRISK (BNPB)","atribut":{"kelas":"tinggi"}}},{"type":"Feature","geometry":{"type":"Polygon","coordinates":[[[106.7077,-6.519014],[106.7077,-6.519424],[106.711138,-6.519424],[106.711413,-6.519697],[106.711413,-6.52038],[106.712788,-6.520244],[106.71265,-6.519014],[106.7077,-6.519014]]]},"properties":{"layer_id":"historis_risiko","jenis":"banjir","nama":"Bahaya banjir tinggi","sumber":"InaRISK (BNPB)","atribut":{"kelas":"tinggi"}}},{"type":"Feature","geometry":{"type":"Polygon","coordinates":[[[106.756375,-6.518741],[106.756237,-6.522156],[106.756788,-6.522156],[106.756788,-6.519151],[106.75665,-6.518741],[106.756375,-6.518741]]]},"properties":{"layer_id":"historis_risiko","jenis":"banjir","nama":"Bahaya banjir tinggi","sumber":"InaRISK (BNPB)","atribut":{"kelas":"tinggi"}}},{"type":"Feature","geometry":{"type":"Polygon","coordinates":[[[106.842588,-6.518331],[106.843,-6.518877],[106.843688,-6.519151],[106.843688,-6.518194],[106.843,-6.518058],[106.842588,-6.518331]]]},"properties":{"layer_id":"historis_risiko","jenis":"banjir","nama":"Bahaya banjir tinggi","sumber":"InaRISK (BNPB)","atribut":{"kelas":"tinggi"}}},{"type":"Feature","geometry":{"type":"Polygon","coordinates":[[[106.751838,-6.516282],[106.7517,-6.517921],[106.751425,-6.518468],[106.752112,-6.518604],[106.75225,-6.516555],[106.751838,-6.516282]]]},"properties":{"layer_id":"historis_risiko","jenis":"banjir","nama":"Bahaya banjir tinggi","sumber":"InaRISK (BNPB)","atribut":{"kelas":"tinggi"}}},{"type":"Feature","geometry":{"type":"Polygon","coordinates":[[[106.824025,-6.515325],[106.822788,-6.515462],[106.822375,-6.515872],[106.822237,-6.517648],[106.82265,-6.518194],[106.823063,-6.518194],[106.8232,-6.517921],[106.8232,-6.516965],[106.823475,-6.516691],[106.824162,-6.516691],[106.824025,-6.515325]]]},"properties":{"layer_id":"historis_risiko","jenis":"banjir","nama":"Bahaya banjir tinggi","sumber":"InaRISK (BNPB)","atribut":{"kelas":"tinggi"}}},{"type":"Feature","geometry":{"type":"Polygon","coordinates":[[[106.75555,-6.515325],[106.755275,-6.515462],[106.755275,-6.515735],[106.755688,-6.516282],[106.755825,-6.515462],[106.75555,-6.515325]]]},"properties":{"layer_id":"historis_risiko","jenis":"banjir","nama":"Bahaya banjir tinggi","sumber":"InaRISK (BNPB)","atribut":{"kelas":"tinggi"}}},{"type":"Feature","geometry":{"type":"Polygon","coordinates":[[[106.769712,-6.515598],[106.76985,-6.515872],[106.771088,-6.515735],[106.77095,-6.515325],[106.769987,-6.515189],[106.769712,-6.515598]]]},"properties":{"layer_id":"historis_risiko","jenis":"banjir","nama":"Bahaya banjir tinggi","sumber":"InaRISK (BNPB)","atribut":{"kelas":"tinggi"}}},{"type":"Feature","geometry":{"type":"Polygon","coordinates":[[[106.814813,-6.513959],[106.814813,-6.514915],[106.81605,-6.514779],[106.815912,-6.514505],[106.815225,-6.514505],[106.814813,-6.513959]]]},"properties":{"layer_id":"historis_risiko","jenis":"banjir","nama":"Bahaya banjir tinggi","sumber":"InaRISK (BNPB)","atribut":{"kelas":"tinggi"}}},{"type":"Feature","geometry":{"type":"Polygon","coordinates":[[[106.798725,-6.513822],[106.79845,-6.514096],[106.7979,-6.515735],[106.799138,-6.515872],[106.799413,-6.516145],[106.799413,-6.516691],[106.799963,-6.516691],[106.800238,-6.516965],[106.800375,-6.517648],[106.801613,-6.517648],[106.801888,-6.517101],[106.801475,-6.515189],[106.799688,-6.513959],[106.798725,-6.513822]]]},"properties":{"layer_id":"historis_risiko","jenis":"banjir","nama":"Bahaya banjir tinggi","sumber":"InaRISK (BNPB)","atribut":{"kelas":"tinggi"}}},{"type":"Feature","geometry":{"type":"Polygon","coordinates":[[[106.814675,-6.510953],[106.814813,-6.511363],[106.815363,-6.511363],[106.815638,-6.511636],[106.815638,-6.512183],[106.817425,-6.512456],[106.817975,-6.512046],[106.8177,-6.5115],[106.817837,-6.51068],[106.818112,-6.510407],[106.818663,-6.510407],[106.818663,-6.509997],[106.8166,-6.509587],[106.816463,-6.510543],[106.816187,-6.510816],[106.814675,-6.510953]]]},"properties":{"layer_id":"historis_risiko","jenis":"banjir","nama":"Bahaya banjir tinggi","sumber":"InaRISK (BNPB)","atribut":{"kelas":"tinggi"}}},{"type":"Feature","geometry":{"type":"Polygon","coordinates":[[[106.763663,-6.509177],[106.76325,-6.51027],[106.764763,-6.5115],[106.765175,-6.512456],[106.765588,-6.512866],[106.765725,-6.511636],[106.76655,-6.51109],[106.766,-6.510816],[106.765588,-6.51027],[106.764625,-6.510133],[106.763663,-6.509177]]]},"properties":{"layer_id":"historis_risiko","jenis":"banjir","nama":"Bahaya banjir tinggi","sumber":"InaRISK (BNPB)","atribut":{"kelas":"tinggi"}}},{"type":"Feature","geometry":{"type":"Polygon","coordinates":[[[106.797763,-6.507128],[106.797625,-6.508084],[106.7968,-6.508221],[106.796662,-6.508494],[106.797488,-6.50863],[106.797763,-6.50945],[106.798175,-6.50945],[106.799138,-6.51027],[106.799275,-6.51109],[106.799688,-6.5115],[106.80065,-6.511773],[106.80065,-6.509314],[106.799688,-6.509177],[106.799138,-6.50863],[106.798725,-6.507401],[106.797763,-6.507128]]]},"properties":{"layer_id":"historis_risiko","jenis":"banjir","nama":"Bahaya banjir tinggi","sumber":"InaRISK (BNPB)","atribut":{"kelas":"tinggi"}}},{"type":"Feature","geometry":{"type":"Polygon","coordinates":[[[106.8507,-6.505215],[106.849875,-6.505898],[106.850975,-6.506581],[106.851112,-6.505761],[106.850975,-6.505215],[106.8507,-6.505215]]]},"properties":{"layer_id":"historis_risiko","jenis":"banjir","nama":"Bahaya banjir tinggi","sumber":"InaRISK (BNPB)","atribut":{"kelas":"tinggi"}}},{"type":"Feature","geometry":{"type":"Polygon","coordinates":[[[106.818525,-6.505078],[106.81825,-6.505625],[106.818388,-6.506581],[106.818663,-6.505761],[106.818525,-6.505078]]]},"properties":{"layer_id":"historis_risiko","jenis":"banjir","nama":"Bahaya banjir tinggi","sumber":"InaRISK (BNPB)","atribut":{"kelas":"tinggi"}}},{"type":"Feature","geometry":{"type":"Polygon","coordinates":[[[106.883288,-6.504668],[106.882738,-6.505761],[106.883013,-6.506718],[106.883425,-6.506991],[106.884938,-6.506854],[106.884938,-6.505625],[106.883975,-6.504532],[106.883288,-6.504668]]]},"properties":{"layer_id":"historis_risiko","jenis":"banjir","nama":"Bahaya banjir tinggi","sumber":"InaRISK (BNPB)","atribut":{"kelas":"tinggi"}}},{"type":"Feature","geometry":{"type":"Polygon","coordinates":[[[106.761463,-6.504532],[106.761325,-6.504941],[106.7616,-6.505351],[106.761738,-6.507128],[106.762012,-6.507401],[106.762975,-6.507128],[106.76325,-6.506854],[106.76325,-6.506444],[106.762563,-6.505625],[106.762563,-6.504941],[106.762012,-6.504532],[106.761463,-6.504532]]]},"properties":{"layer_id":"historis_risiko","jenis":"banjir","nama":"Bahaya banjir tinggi","sumber":"InaRISK (BNPB)","atribut":{"kelas":"tinggi"}}},{"type":"Feature","geometry":{"type":"Polygon","coordinates":[[[106.707837,-6.503165],[106.707837,-6.503985],[106.708388,-6.503985],[106.708388,-6.503575],[106.707837,-6.503165]]]},"properties":{"layer_id":"historis_risiko","jenis":"banjir","nama":"Bahaya banjir tinggi","sumber":"InaRISK (BNPB)","atribut":{"kelas":"tinggi"}}},{"type":"Feature","geometry":{"type":"Polygon","coordinates":[[[106.739463,-6.503029],[106.74015,-6.503575],[106.74015,-6.504122],[106.7418,-6.503985],[106.741388,-6.503439],[106.740562,-6.503029],[106.739463,-6.503029]]]},"properties":{"layer_id":"historis_risiko","jenis":"banjir","nama":"Bahaya banjir tinggi","sumber":"InaRISK (BNPB)","atribut":{"kelas":"tinggi"}}},{"type":"Feature","geometry":{"type":"Polygon","coordinates":[[[106.87765,-6.501936],[106.876688,-6.501799],[106.875313,-6.502755],[106.871325,-6.506991],[106.87105,-6.509177],[106.87215,-6.511226],[106.87215,-6.512319],[106.871463,-6.513003],[106.8716,-6.513412],[106.873388,-6.513276],[106.87435,-6.512319],[106.874488,-6.511636],[106.875175,-6.510543],[106.87655,-6.509177],[106.8771,-6.507811],[106.876963,-6.506444],[106.877238,-6.505761],[106.876688,-6.505078],[106.876688,-6.504668],[106.877513,-6.503575],[106.877787,-6.502619],[106.87765,-6.501936]]]},"properties":{"layer_id":"historis_risiko","jenis":"banjir","nama":"Bahaya banjir tinggi","sumber":"InaRISK (BNPB)","atribut":{"kelas":"tinggi"}}},{"type":"Feature","geometry":{"type":"Polygon","coordinates":[[[106.886863,-6.501116],[106.8859,-6.501662],[106.885625,-6.502072],[106.886038,-6.502345],[106.887,-6.502345],[106.886863,-6.501116]]]},"properties":{"layer_id":"historis_risiko","jenis":"banjir","nama":"Bahaya banjir tinggi","sumber":"InaRISK (BNPB)","atribut":{"kelas":"tinggi"}}},{"type":"Feature","geometry":{"type":"Polygon","coordinates":[[[106.759125,-6.500979],[106.758988,-6.502209],[106.759263,-6.503029],[106.759813,-6.502755],[106.759813,-6.502072],[106.759125,-6.500979]]]},"properties":{"layer_id":"historis_risiko","jenis":"banjir","nama":"Bahaya banjir tinggi","sumber":"InaRISK (BNPB)","atribut":{"kelas":"tinggi"}}},{"type":"Feature","geometry":{"type":"Polygon","coordinates":[[[106.758162,-6.499476],[106.758025,-6.500433],[106.758988,-6.500569],[106.758713,-6.49975],[106.758162,-6.499476]]]},"properties":{"layer_id":"historis_risiko","jenis":"banjir","nama":"Bahaya banjir tinggi","sumber":"InaRISK (BNPB)","atribut":{"kelas":"tinggi"}}},{"type":"Feature","geometry":{"type":"Polygon","coordinates":[[[106.760225,-6.495651],[106.759538,-6.495787],[106.759538,-6.49688],[106.759125,-6.497837],[106.759125,-6.499066],[106.759538,-6.498383],[106.759538,-6.497563],[106.760225,-6.49688],[106.760225,-6.495651]]]},"properties":{"layer_id":"historis_risiko","jenis":"banjir","nama":"Bahaya banjir tinggi","sumber":"InaRISK (BNPB)","atribut":{"kelas":"tinggi"}}},{"type":"Feature","geometry":{"type":"Polygon","coordinates":[[[106.8078,-6.495651],[106.8067,-6.494831],[106.806562,-6.495377],[106.80615,-6.495651],[106.803813,-6.495651],[106.803538,-6.49647],[106.802163,-6.49647],[106.802025,-6.500023],[106.798862,-6.500296],[106.799,-6.500979],[106.799275,-6.501252],[106.800787,-6.500979],[106.801475,-6.501389],[106.80175,-6.500569],[106.802988,-6.500433],[106.80285,-6.499476],[106.803538,-6.498793],[106.804362,-6.498793],[106.804362,-6.498247],[106.804775,-6.497837],[106.806838,-6.497837],[106.80725,-6.497017],[106.807938,-6.497017],[106.8078,-6.495651]]]},"properties":{"layer_id":"historis_risiko","jenis":"banjir","nama":"Bahaya banjir tinggi","sumber":"InaRISK (BNPB)","atribut":{"kelas":"tinggi"}}},{"type":"Feature","geometry":{"type":"Polygon","coordinates":[[[106.71045,-6.494831],[106.71045,-6.495104],[106.710725,-6.495241],[106.714713,-6.495104],[106.714713,-6.494831],[106.7143,-6.494694],[106.71045,-6.494831]]]},"properties":{"layer_id":"historis_risiko","jenis":"banjir","nama":"Bahaya banjir tinggi","sumber":"InaRISK (BNPB)","atribut":{"kelas":"tinggi"}}},{"type":"Feature","geometry":{"type":"Polygon","coordinates":[[[106.884388,-6.493464],[106.883975,-6.493464],[106.883562,-6.494148],[106.883562,-6.494831],[106.883975,-6.495514],[106.8848,-6.494831],[106.884938,-6.493874],[106.884388,-6.493464]]]},"properties":{"layer_id":"historis_risiko","jenis":"banjir","nama":"Bahaya banjir tinggi","sumber":"InaRISK (BNPB)","atribut":{"kelas":"tinggi"}}},{"type":"Feature","geometry":{"type":"Polygon","coordinates":[[[106.8364,-6.492508],[106.836125,-6.49688],[106.836538,-6.497154],[106.836813,-6.49688],[106.836675,-6.492781],[106.8364,-6.492508]]]},"properties":{"layer_id":"historis_risiko","jenis":"banjir","nama":"Bahaya banjir tinggi","sumber":"InaRISK (BNPB)","atribut":{"kelas":"tinggi"}}},{"type":"Feature","geometry":{"type":"Polygon","coordinates":[[[106.757475,-6.492235],[106.757888,-6.492645],[106.758437,-6.492645],[106.758988,-6.492098],[106.758162,-6.491962],[106.757475,-6.492235]]]},"properties":{"layer_id":"historis_risiko","jenis":"banjir","nama":"Bahaya banjir tinggi","sumber":"InaRISK (BNPB)","atribut":{"kelas":"tinggi"}}},{"type":"Feature","geometry":{"type":"Polygon","coordinates":[[[106.78855,-6.491142],[106.78855,-6.491552],[106.7891,-6.491552],[106.7891,-6.491142],[106.78855,-6.491142]]]},"properties":{"layer_id":"historis_risiko","jenis":"banjir","nama":"Bahaya banjir tinggi","sumber":"InaRISK (BNPB)","atribut":{"kelas":"tinggi"}}},{"type":"Feature","geometry":{"type":"Polygon","coordinates":[[[106.860737,-6.491005],[106.859638,-6.491005],[106.8595,-6.491688],[106.859225,-6.491962],[106.858675,-6.491962],[106.858675,-6.492645],[106.8584,-6.492918],[106.857713,-6.493055],[106.857988,-6.493874],[106.857988,-6.495104],[106.85895,-6.495377],[106.859088,-6.493738],[106.8595,-6.493328],[106.860875,-6.493328],[106.860737,-6.491005]]]},"properties":{"layer_id":"historis_risiko","jenis":"banjir","nama":"Bahaya banjir tinggi","sumber":"InaRISK (BNPB)","atribut":{"kelas":"tinggi"}}},{"type":"Feature","geometry":{"type":"Polygon","coordinates":[[[106.7,-6.490868],[106.7,-6.493191],[106.700963,-6.492918],[106.702888,-6.493328],[106.703438,-6.494011],[106.703575,-6.494831],[106.705225,-6.49606],[106.705363,-6.496744],[106.706463,-6.496197],[106.707837,-6.495104],[106.707837,-6.494831],[106.706875,-6.494284],[106.7066,-6.493874],[106.70495,-6.493874],[106.704538,-6.493464],[106.704538,-6.493191],[106.703025,-6.492918],[106.702613,-6.491688],[106.7,-6.490868]]]},"properties":{"layer_id":"historis_risiko","jenis":"banjir","nama":"Bahaya banjir tinggi","sumber":"InaRISK (BNPB)","atribut":{"kelas":"tinggi"}}},{"type":"Feature","geometry":{"type":"Polygon","coordinates":[[[106.740425,-6.489639],[106.742213,-6.489912],[106.74345,-6.489365],[106.743863,-6.488956],[106.743863,-6.488546],[106.7418,-6.488409],[106.741388,-6.487863],[106.740975,-6.487999],[106.740425,-6.488682],[106.740425,-6.489639]]]},"properties":{"layer_id":"historis_risiko","jenis":"banjir","nama":"Bahaya banjir tinggi","sumber":"InaRISK (BNPB)","atribut":{"kelas":"tinggi"}}},{"type":"Feature","geometry":{"type":"Polygon","coordinates":[[[106.861975,-6.487726],[106.862525,-6.487999],[106.8628,-6.487863],[106.862662,-6.487453],[106.861975,-6.487726]]]},"properties":{"layer_id":"historis_risiko","jenis":"banjir","nama":"Bahaya banjir tinggi","sumber":"InaRISK (BNPB)","atribut":{"kelas":"tinggi"}}},{"type":"Feature","geometry":{"type":"Polygon","coordinates":[[[106.888375,-6.486633],[106.888238,-6.487316],[106.887963,-6.487453],[106.887963,-6.488682],[106.888375,-6.489229],[106.889612,-6.489229],[106.890025,-6.488819],[106.889888,-6.487999],[106.889063,-6.486906],[106.888375,-6.486633]]]},"properties":{"layer_id":"historis_risiko","jenis":"banjir","nama":"Bahaya banjir tinggi","sumber":"InaRISK (BNPB)","atribut":{"kelas":"tinggi"}}},{"type":"Feature","geometry":{"type":"Polygon","coordinates":[[[106.8606,-6.486633],[106.860462,-6.487726],[106.861013,-6.487863],[106.861013,-6.486769],[106.8606,-6.486633]]]},"properties":{"layer_id":"historis_risiko","jenis":"banjir","nama":"Bahaya banjir tinggi","sumber":"InaRISK (BNPB)","atribut":{"kelas":"tinggi"}}},{"type":"Feature","geometry":{"type":"Polygon","coordinates":[[[106.838325,-6.48636],[106.83805,-6.486496],[106.83805,-6.487043],[106.837775,-6.487316],[106.837225,-6.487316],[106.83695,-6.487589],[106.83695,-6.489639],[106.837225,-6.490732],[106.837637,-6.490595],[106.837913,-6.488136],[106.838738,-6.488136],[106.838875,-6.488956],[106.84025,-6.488819],[106.840113,-6.488409],[106.8397,-6.488409],[106.839425,-6.488136],[106.839425,-6.487453],[106.838875,-6.487453],[106.838463,-6.487043],[106.838325,-6.48636]]]},"properties":{"layer_id":"historis_risiko","jenis":"banjir","nama":"Bahaya banjir tinggi","sumber":"InaRISK (BNPB)","atribut":{"kelas":"tinggi"}}},{"type":"Feature","geometry":{"type":"Polygon","coordinates":[[[106.790475,-6.486086],[106.790338,-6.489775],[106.789925,-6.490185],[106.789513,-6.490185],[106.789513,-6.490732],[106.79185,-6.490732],[106.791988,-6.490185],[106.791713,-6.489912],[106.791713,-6.487589],[106.790887,-6.487316],[106.79075,-6.486086],[106.790475,-6.486086]]]},"properties":{"layer_id":"historis_risiko","jenis":"banjir","nama":"Bahaya banjir tinggi","sumber":"InaRISK (BNPB)","atribut":{"kelas":"tinggi"}}},{"type":"Feature","geometry":{"type":"Polygon","coordinates":[[[106.832688,-6.485676],[106.83255,-6.486086],[106.832963,-6.486223],[106.8331,-6.48595],[106.832963,-6.485676],[106.832688,-6.485676]]]},"properties":{"layer_id":"historis_risiko","jenis":"banjir","nama":"Bahaya banjir tinggi","sumber":"InaRISK (BNPB)","atribut":{"kelas":"tinggi"}}},{"type":"Feature","geometry":{"type":"Polygon","coordinates":[[[106.883837,-6.482124],[106.883837,-6.485266],[106.88425,-6.485266],[106.884663,-6.485676],[106.884663,-6.486223],[106.887687,-6.486086],[106.887275,-6.48513],[106.887412,-6.484037],[106.887,-6.483627],[106.887138,-6.48226],[106.886863,-6.481987],[106.883837,-6.482124]]]},"properties":{"layer_id":"historis_risiko","jenis":"banjir","nama":"Bahaya banjir tinggi","sumber":"InaRISK (BNPB)","atribut":{"kelas":"tinggi"}}},{"type":"Feature","geometry":{"type":"Polygon","coordinates":[[[106.868437,-6.48308],[106.8672,-6.481987],[106.8661,-6.482534],[106.86555,-6.482534],[106.864863,-6.482124],[106.86225,-6.48226],[106.862387,-6.48349],[106.8628,-6.484173],[106.86335,-6.484583],[106.864175,-6.48431],[106.864312,-6.484037],[106.863625,-6.483763],[106.863625,-6.482944],[106.8639,-6.48267],[106.864863,-6.48267],[106.865,-6.483354],[106.865825,-6.483627],[106.865962,-6.484447],[106.866375,-6.48431],[106.866375,-6.483763],[106.86665,-6.48349],[106.868025,-6.48349],[106.868437,-6.483354],[106.868437,-6.48308]]]},"properties":{"layer_id":"historis_risiko","jenis":"banjir","nama":"Bahaya banjir tinggi","sumber":"InaRISK (BNPB)","atribut":{"kelas":"tinggi"}}},{"type":"Feature","geometry":{"type":"Polygon","coordinates":[[[106.819213,-6.480757],[106.819075,-6.483354],[106.81935,-6.484447],[106.819075,-6.485266],[106.818525,-6.48595],[106.8188,-6.486223],[106.820863,-6.486906],[106.820725,-6.487999],[106.821,-6.489502],[106.823063,-6.489502],[106.8232,-6.487453],[106.82265,-6.487453],[106.822237,-6.487043],[106.821687,-6.486906],[106.821825,-6.484993],[106.823063,-6.483763],[106.823063,-6.482397],[106.82265,-6.48226],[106.821138,-6.480484],[106.819213,-6.480757]]]},"properties":{"layer_id":"historis_risiko","jenis":"banjir","nama":"Bahaya banjir tinggi","sumber":"InaRISK (BNPB)","atribut":{"kelas":"tinggi"}}},{"type":"Feature","geometry":{"type":"Polygon","coordinates":[[[106.794188,-6.480484],[106.793225,-6.480484],[106.793225,-6.481031],[106.79295,-6.481304],[106.792263,-6.481304],[106.793363,-6.481441],[106.794188,-6.480484]]]},"properties":{"layer_id":"historis_risiko","jenis":"banjir","nama":"Bahaya banjir tinggi","sumber":"InaRISK (BNPB)","atribut":{"kelas":"tinggi"}}},{"type":"Feature","geometry":{"type":"Polygon","coordinates":[[[106.77975,-6.479118],[106.779612,-6.481714],[106.781813,-6.481851],[106.782088,-6.481304],[106.781813,-6.481031],[106.781262,-6.481031],[106.780988,-6.480348],[106.780575,-6.480348],[106.780163,-6.479938],[106.780163,-6.479255],[106.77975,-6.479118]]]},"properties":{"layer_id":"historis_risiko","jenis":"banjir","nama":"Bahaya banjir tinggi","sumber":"InaRISK (BNPB)","atribut":{"kelas":"tinggi"}}},{"type":"Feature","geometry":{"type":"Polygon","coordinates":[[[106.735062,-6.477205],[106.735062,-6.477752],[106.7341,-6.478571],[106.7341,-6.478981],[106.734925,-6.479528],[106.736438,-6.479528],[106.735475,-6.479528],[106.7352,-6.479255],[106.735062,-6.477205]]]},"properties":{"layer_id":"historis_risiko","jenis":"banjir","nama":"Bahaya banjir tinggi","sumber":"InaRISK (BNPB)","atribut":{"kelas":"tinggi"}}},{"type":"Feature","geometry":{"type":"Polygon","coordinates":[[[106.833787,-6.477205],[106.8331,-6.477888],[106.833512,-6.478298],[106.83365,-6.479255],[106.8342,-6.479391],[106.834613,-6.479801],[106.836125,-6.479938],[106.8364,-6.480348],[106.8364,-6.480894],[106.836125,-6.481167],[106.8353,-6.481304],[106.8353,-6.482534],[106.835988,-6.48267],[106.836263,-6.482944],[106.836263,-6.48349],[106.837362,-6.483354],[106.8375,-6.482397],[106.836538,-6.481031],[106.836538,-6.479391],[106.835988,-6.479391],[106.835437,-6.478981],[106.8353,-6.477752],[106.834888,-6.477478],[106.83475,-6.476932],[106.833787,-6.477205]]]},"properties":{"layer_id":"historis_risiko","jenis":"banjir","nama":"Bahaya banjir tinggi","sumber":"InaRISK (BNPB)","atribut":{"kelas":"tinggi"}}},{"type":"Feature","geometry":{"type":"Polygon","coordinates":[[[106.815912,-6.474062],[106.815638,-6.474062],[106.8155,-6.474336],[106.8155,-6.476522],[106.815225,-6.476795],[106.814675,-6.476795],[106.814675,-6.478298],[106.814262,-6.478571],[106.813713,-6.478571],[106.813713,-6.483627],[106.813438,-6.4839],[106.812337,-6.484037],[106.813025,-6.485403],[106.812888,-6.486906],[106.813713,-6.487316],[106.813713,-6.489092],[106.813438,-6.489365],[106.811925,-6.489502],[106.811513,-6.489229],[106.811513,-6.488409],[106.810137,-6.488546],[106.810137,-6.489639],[106.808763,-6.490595],[106.80835,-6.491278],[106.80835,-6.492098],[106.808625,-6.492508],[106.809588,-6.492508],[106.809863,-6.491005],[106.810275,-6.490732],[106.811375,-6.490732],[106.811513,-6.489912],[106.811925,-6.489639],[106.812475,-6.489639],[106.812888,-6.489912],[106.812888,-6.490732],[106.815088,-6.490732],[106.815088,-6.485676],[106.814538,-6.485676],[106.814262,-6.485403],[106.814262,-6.48472],[106.815088,-6.48431],[106.815088,-6.483354],[106.815638,-6.482807],[106.815912,-6.482807],[106.81605,-6.482397],[106.815912,-6.482124],[106.815363,-6.482124],[106.815088,-6.481851],[106.815088,-6.479255],[106.815363,-6.478981],[106.81605,-6.478845],[106.815912,-6.474062]]]},"properties":{"layer_id":"historis_risiko","jenis":"banjir","nama":"Bahaya banjir tinggi","sumber":"InaRISK (BNPB)","atribut":{"kelas":"tinggi"}}},{"type":"Feature","geometry":{"type":"Polygon","coordinates":[[[106.821413,-6.473106],[106.819213,-6.473242],[106.818388,-6.473926],[106.817563,-6.474199],[106.818525,-6.474472],[106.818938,-6.475155],[106.818938,-6.475975],[106.819213,-6.476658],[106.819213,-6.478298],[106.820863,-6.477478],[106.821962,-6.476522],[106.822237,-6.476522],[106.822375,-6.475702],[106.8232,-6.475292],[106.823063,-6.474472],[106.822375,-6.474062],[106.821687,-6.474062],[106.821413,-6.473652],[106.821413,-6.473106]]]},"properties":{"layer_id":"historis_risiko","jenis":"banjir","nama":"Bahaya banjir tinggi","sumber":"InaRISK (BNPB)","atribut":{"kelas":"tinggi"}}},{"type":"Feature","geometry":{"type":"Polygon","coordinates":[[[106.77645,-6.473106],[106.776038,-6.473106],[106.776175,-6.474472],[106.775762,-6.474882],[106.775075,-6.474882],[106.775075,-6.475429],[106.774663,-6.475839],[106.77425,-6.475839],[106.77425,-6.477205],[106.7748,-6.477205],[106.775213,-6.478025],[106.775487,-6.478025],[106.7759,-6.477205],[106.776588,-6.477068],[106.77645,-6.475702],[106.776725,-6.475429],[106.777412,-6.475292],[106.777275,-6.474882],[106.776588,-6.474882],[106.776313,-6.474472],[106.77645,-6.473106]]]},"properties":{"layer_id":"historis_risiko","jenis":"banjir","nama":"Bahaya banjir tinggi","sumber":"InaRISK (BNPB)","atribut":{"kelas":"tinggi"}}},{"type":"Feature","geometry":{"type":"Polygon","coordinates":[[[106.8716,-6.473242],[106.8705,-6.472696],[106.870087,-6.473106],[106.8694,-6.473106],[106.8694,-6.473652],[106.868988,-6.474062],[106.868575,-6.474062],[106.868713,-6.476932],[106.870775,-6.476385],[106.870913,-6.474745],[106.871738,-6.474472],[106.8716,-6.473242]]]},"properties":{"layer_id":"historis_risiko","jenis":"banjir","nama":"Bahaya banjir tinggi","sumber":"InaRISK (BNPB)","atribut":{"kelas":"tinggi"}}},{"type":"Feature","geometry":{"type":"Polygon","coordinates":[[[106.8342,-6.472286],[106.83365,-6.472286],[106.833512,-6.472969],[106.833237,-6.473242],[106.83365,-6.474336],[106.8342,-6.473516],[106.8342,-6.472286]]]},"properties":{"layer_id":"historis_risiko","jenis":"banjir","nama":"Bahaya banjir tinggi","sumber":"InaRISK (BNPB)","atribut":{"kelas":"tinggi"}}},{"type":"Feature","geometry":{"type":"Polygon","coordinates":[[[106.797625,-6.472013],[106.797213,-6.472423],[106.797213,-6.473516],[106.79625,-6.474336],[106.7968,-6.474609],[106.797625,-6.475702],[106.7979,-6.475702],[106.798038,-6.472423],[106.7979,-6.472013],[106.797625,-6.472013]]]},"properties":{"layer_id":"historis_risiko","jenis":"banjir","nama":"Bahaya banjir tinggi","sumber":"InaRISK (BNPB)","atribut":{"kelas":"tinggi"}}},{"type":"Feature","geometry":{"type":"Polygon","coordinates":[[[106.731212,-6.471603],[106.731075,-6.472969],[106.73025,-6.473242],[106.730113,-6.474062],[106.729287,-6.474199],[106.729287,-6.475292],[106.729975,-6.475292],[106.730388,-6.475839],[106.730388,-6.476385],[106.73245,-6.476248],[106.733137,-6.476932],[106.733413,-6.476932],[106.73355,-6.475975],[106.733275,-6.475429],[106.732588,-6.475839],[106.732175,-6.475839],[106.731763,-6.475429],[106.731625,-6.473789],[106.73245,-6.472696],[106.732313,-6.471603],[106.731212,-6.471603]]]},"properties":{"layer_id":"historis_risiko","jenis":"banjir","nama":"Bahaya banjir tinggi","sumber":"InaRISK (BNPB)","atribut":{"kelas":"tinggi"}}},{"type":"Feature","geometry":{"type":"Polygon","coordinates":[[[106.778788,-6.46846],[106.77865,-6.469143],[106.779063,-6.469553],[106.779475,-6.46887],[106.779063,-6.46846],[106.778788,-6.46846]]]},"properties":{"layer_id":"historis_risiko","jenis":"banjir","nama":"Bahaya banjir tinggi","sumber":"InaRISK (BNPB)","atribut":{"kelas":"tinggi"}}},{"type":"Feature","geometry":{"type":"Polygon","coordinates":[[[106.7,-6.467777],[106.7,-6.469143],[106.700963,-6.469007],[106.700825,-6.467914],[106.7,-6.467777]]]},"properties":{"layer_id":"historis_risiko","jenis":"banjir","nama":"Bahaya banjir tinggi","sumber":"InaRISK (BNPB)","atribut":{"kelas":"tinggi"}}},{"type":"Feature","geometry":{"type":"Polygon","coordinates":[[[106.704125,-6.466957],[106.704262,-6.467367],[106.706463,-6.467367],[106.706463,-6.46682],[106.704125,-6.466957]]]},"properties":{"layer_id":"historis_risiko","jenis":"banjir","nama":"Bahaya banjir tinggi","sumber":"InaRISK (BNPB)","atribut":{"kelas":"tinggi"}}},{"type":"Feature","geometry":{"type":"Polygon","coordinates":[[[106.731212,-6.465317],[106.731625,-6.466274],[106.732175,-6.466684],[106.7341,-6.466001],[106.733963,-6.465317],[106.733,-6.465044],[106.732038,-6.465044],[106.731212,-6.465317]]]},"properties":{"layer_id":"historis_risiko","jenis":"banjir","nama":"Bahaya banjir tinggi","sumber":"InaRISK (BNPB)","atribut":{"kelas":"tinggi"}}},{"type":"Feature","geometry":{"type":"Polygon","coordinates":[[[106.8177,-6.464634],[106.816325,-6.465181],[106.814813,-6.465044],[106.814675,-6.465864],[106.813713,-6.466137],[106.813713,-6.467367],[106.814262,-6.467367],[106.814675,-6.467777],[106.814813,-6.469143],[106.81605,-6.469007],[106.817288,-6.467367],[106.8177,-6.466411],[106.8177,-6.464634]]]},"properties":{"layer_id":"historis_risiko","jenis":"banjir","nama":"Bahaya banjir tinggi","sumber":"InaRISK (BNPB)","atribut":{"kelas":"tinggi"}}},{"type":"Feature","geometry":{"type":"Polygon","coordinates":[[[106.736712,-6.464088],[106.736438,-6.464498],[106.736575,-6.465317],[106.737675,-6.465317],[106.737813,-6.464088],[106.736712,-6.464088]]]},"properties":{"layer_id":"historis_risiko","jenis":"banjir","nama":"Bahaya banjir tinggi","sumber":"InaRISK (BNPB)","atribut":{"kelas":"tinggi"}}},{"type":"Feature","geometry":{"type":"Polygon","coordinates":[[[106.875175,-6.463404],[106.8749,-6.463404],[106.874488,-6.464088],[106.873937,-6.464088],[106.873937,-6.468187],[106.873525,-6.468597],[106.871188,-6.468597],[106.871188,-6.4701],[106.870362,-6.47051],[106.8705,-6.47092],[106.87215,-6.471056],[106.87325,-6.471876],[106.873525,-6.471739],[106.873525,-6.471193],[106.8738,-6.47092],[106.87435,-6.47092],[106.87435,-6.469553],[106.874763,-6.469143],[106.875313,-6.469143],[106.875313,-6.467777],[106.874763,-6.467777],[106.87435,-6.467367],[106.87435,-6.466684],[106.874625,-6.466411],[106.876137,-6.466411],[106.876137,-6.465044],[106.875588,-6.465044],[106.875313,-6.464771],[106.875175,-6.463404]]]},"properties":{"layer_id":"historis_risiko","jenis":"banjir","nama":"Bahaya banjir tinggi","sumber":"InaRISK (BNPB)","atribut":{"kelas":"tinggi"}}},{"type":"Feature","geometry":{"type":"Polygon","coordinates":[[[106.8749,-6.459852],[106.874625,-6.460808],[106.876,-6.462448],[106.876137,-6.460125],[106.876,-6.459852],[106.8749,-6.459852]]]},"properties":{"layer_id":"historis_risiko","jenis":"banjir","nama":"Bahaya banjir tinggi","sumber":"InaRISK (BNPB)","atribut":{"kelas":"tinggi"}}},{"type":"Feature","geometry":{"type":"Polygon","coordinates":[[[106.919863,-6.459305],[106.919038,-6.459715],[106.918212,-6.460945],[106.918487,-6.462038],[106.919038,-6.462448],[106.919863,-6.462448],[106.919863,-6.459305]]]},"properties":{"layer_id":"historis_risiko","jenis":"banjir","nama":"Bahaya banjir tinggi","sumber":"InaRISK (BNPB)","atribut":{"kelas":"tinggi"}}},{"type":"Feature","geometry":{"type":"Polygon","coordinates":[[[106.880813,-6.457119],[106.880538,-6.456709],[106.879163,-6.456982],[106.877513,-6.456982],[106.877513,-6.457802],[106.87875,-6.459032],[106.879712,-6.459305],[106.87985,-6.457529],[106.880813,-6.457119]]]},"properties":{"layer_id":"historis_risiko","jenis":"banjir","nama":"Bahaya banjir tinggi","sumber":"InaRISK (BNPB)","atribut":{"kelas":"tinggi"}}},{"type":"Feature","geometry":{"type":"Polygon","coordinates":[[[106.787863,-6.455069],[106.787725,-6.457256],[106.788962,-6.457666],[106.789788,-6.458349],[106.789788,-6.456162],[106.788962,-6.456162],[106.788413,-6.455343],[106.787863,-6.455069]]]},"properties":{"layer_id":"historis_risiko","jenis":"banjir","nama":"Bahaya banjir tinggi","sumber":"InaRISK (BNPB)","atribut":{"kelas":"tinggi"}}},{"type":"Feature","geometry":{"type":"Polygon","coordinates":[[[106.73685,-6.454113],[106.735062,-6.454249],[106.73465,-6.454523],[106.73465,-6.456572],[106.7352,-6.456572],[106.735613,-6.456982],[106.735613,-6.457392],[106.7352,-6.457802],[106.73465,-6.457802],[106.73465,-6.458485],[106.733825,-6.458895],[106.733825,-6.461355],[106.7341,-6.461765],[106.735888,-6.461765],[106.73685,-6.460808],[106.736987,-6.459579],[106.737262,-6.459305],[106.737813,-6.459305],[106.737813,-6.456162],[106.736987,-6.455753],[106.73685,-6.454113]]]},"properties":{"layer_id":"historis_risiko","jenis":"banjir","nama":"Bahaya banjir tinggi","sumber":"InaRISK (BNPB)","atribut":{"kelas":"tinggi"}}},{"type":"Feature","geometry":{"type":"Polygon","coordinates":[[[106.741388,-6.451517],[106.740975,-6.451653],[106.74015,-6.452746],[106.740288,-6.45302],[106.7407,-6.45302],[106.740975,-6.453293],[106.741112,-6.454933],[106.741388,-6.454933],[106.741525,-6.454113],[106.74235,-6.453703],[106.741938,-6.452883],[106.741938,-6.451927],[106.741388,-6.451517]]]},"properties":{"layer_id":"historis_risiko","jenis":"banjir","nama":"Bahaya banjir tinggi","sumber":"InaRISK (BNPB)","atribut":{"kelas":"tinggi"}}},{"type":"Feature","geometry":{"type":"Polygon","coordinates":[[[106.882325,-6.45138],[106.88205,-6.451927],[106.880813,-6.45261],[106.8804,-6.45261],[106.880263,-6.453156],[106.879438,-6.453566],[106.8804,-6.455889],[106.88095,-6.454796],[106.882463,-6.454659],[106.882325,-6.454249],[106.881637,-6.454113],[106.881637,-6.453293],[106.881912,-6.45302],[106.882463,-6.45302],[106.882325,-6.45138]]]},"properties":{"layer_id":"historis_risiko","jenis":"banjir","nama":"Bahaya banjir tinggi","sumber":"InaRISK (BNPB)","atribut":{"kelas":"tinggi"}}},{"type":"Feature","geometry":{"type":"Polygon","coordinates":[[[106.744275,-6.449877],[106.744687,-6.450697],[106.745788,-6.45056],[106.746063,-6.45015],[106.746063,-6.449877],[106.74565,-6.44974],[106.744275,-6.449877]]]},"properties":{"layer_id":"historis_risiko","jenis":"banjir","nama":"Bahaya banjir tinggi","sumber":"InaRISK (BNPB)","atribut":{"kelas":"tinggi"}}},{"type":"Feature","geometry":{"type":"Polygon","coordinates":[[[106.732038,-6.44974],[106.732175,-6.450287],[106.732862,-6.45015],[106.732862,-6.449877],[106.73245,-6.449604],[106.732038,-6.44974]]]},"properties":{"layer_id":"historis_risiko","jenis":"banjir","nama":"Bahaya banjir tinggi","sumber":"InaRISK (BNPB)","atribut":{"kelas":"tinggi"}}},{"type":"Feature","geometry":{"type":"Polygon","coordinates":[[[106.882875,-6.447964],[106.88205,-6.4481],[106.88205,-6.44933],[106.882325,-6.449604],[106.882738,-6.449194],[106.883013,-6.449194],[106.882875,-6.447964]]]},"properties":{"layer_id":"historis_risiko","jenis":"banjir","nama":"Bahaya banjir tinggi","sumber":"InaRISK (BNPB)","atribut":{"kelas":"tinggi"}}},{"type":"Feature","geometry":{"type":"Polygon","coordinates":[[[106.833787,-6.446871],[106.832688,-6.447554],[106.832413,-6.44851],[106.831862,-6.44933],[106.831587,-6.45097],[106.832413,-6.451107],[106.832688,-6.450833],[106.832688,-6.450014],[106.833787,-6.448647],[106.833787,-6.446871]]]},"properties":{"layer_id":"historis_risiko","jenis":"banjir","nama":"Bahaya banjir tinggi","sumber":"InaRISK (BNPB)","atribut":{"kelas":"tinggi"}}},{"type":"Feature","geometry":{"type":"Polygon","coordinates":[[[106.777412,-6.445504],[106.777275,-6.445231],[106.776175,-6.445368],[106.777,-6.445914],[106.777275,-6.445914],[106.777412,-6.445504]]]},"properties":{"layer_id":"historis_risiko","jenis":"banjir","nama":"Bahaya banjir tinggi","sumber":"InaRISK (BNPB)","atribut":{"kelas":"tinggi"}}},{"type":"Feature","geometry":{"type":"Polygon","coordinates":[[[106.880263,-6.444684],[106.8804,-6.445231],[106.881363,-6.445641],[106.882325,-6.444548],[106.8804,-6.444411],[106.880263,-6.444684]]]},"properties":{"layer_id":"historis_risiko","jenis":"banjir","nama":"Bahaya banjir tinggi","sumber":"InaRISK (BNPB)","atribut":{"kelas":"tinggi"}}},{"type":"Feature","geometry":{"type":"Polygon","coordinates":[[[106.7198,-6.443455],[106.719387,-6.443591],[106.719525,-6.444411],[106.7198,-6.444274],[106.7198,-6.443455]]]},"properties":{"layer_id":"historis_risiko","jenis":"banjir","nama":"Bahaya banjir tinggi","sumber":"InaRISK (BNPB)","atribut":{"kelas":"tinggi"}}},{"type":"Feature","geometry":{"type":"Polygon","coordinates":[[[106.811238,-6.442771],[106.8111,-6.444684],[106.811925,-6.445094],[106.811925,-6.446597],[106.812888,-6.446871],[106.814125,-6.446734],[106.814125,-6.446187],[106.8133,-6.446051],[106.8133,-6.443864],[106.812475,-6.443318],[106.8122,-6.442635],[106.811238,-6.442771]]]},"properties":{"layer_id":"historis_risiko","jenis":"banjir","nama":"Bahaya banjir tinggi","sumber":"InaRISK (BNPB)","atribut":{"kelas":"tinggi"}}},{"type":"Feature","geometry":{"type":"Polygon","coordinates":[[[106.822925,-6.441678],[106.82265,-6.444684],[106.823063,-6.444958],[106.823338,-6.444684],[106.8232,-6.441815],[106.822925,-6.441678]]]},"properties":{"layer_id":"historis_risiko","jenis":"banjir","nama":"Bahaya banjir tinggi","sumber":"InaRISK (BNPB)","atribut":{"kelas":"tinggi"}}},{"type":"Feature","geometry":{"type":"Polygon","coordinates":[[[106.884663,-6.441678],[106.8848,-6.442498],[106.885487,-6.442908],[106.884388,-6.443728],[106.885075,-6.444001],[106.886863,-6.444001],[106.886863,-6.443318],[106.886175,-6.443181],[106.8859,-6.442771],[106.887138,-6.442225],[106.887687,-6.442225],[106.887825,-6.441815],[106.887138,-6.441678],[106.886863,-6.441268],[106.885762,-6.441268],[106.88535,-6.441678],[106.884663,-6.441678]]]},"properties":{"layer_id":"historis_risiko","jenis":"banjir","nama":"Bahaya banjir tinggi","sumber":"InaRISK (BNPB)","atribut":{"kelas":"tinggi"}}},{"type":"Feature","geometry":{"type":"Polygon","coordinates":[[[106.768475,-6.439219],[106.768475,-6.440038],[106.7693,-6.441132],[106.770125,-6.441542],[106.771088,-6.441542],[106.771912,-6.441815],[106.771912,-6.441132],[106.770813,-6.440312],[106.769987,-6.439082],[106.768888,-6.438945],[106.768475,-6.439219]]]},"properties":{"layer_id":"historis_risiko","jenis":"banjir","nama":"Bahaya banjir tinggi","sumber":"InaRISK (BNPB)","atribut":{"kelas":"tinggi"}}},{"type":"Feature","geometry":{"type":"Polygon","coordinates":[[[106.756237,-6.438262],[106.756375,-6.438535],[106.757613,-6.438399],[106.757475,-6.438125],[106.756237,-6.438262]]]},"properties":{"layer_id":"historis_risiko","jenis":"banjir","nama":"Bahaya banjir tinggi","sumber":"InaRISK (BNPB)","atribut":{"kelas":"tinggi"}}},{"type":"Feature","geometry":{"type":"Polygon","coordinates":[[[106.758162,-6.436349],[106.758162,-6.437032],[106.758437,-6.437032],[106.758575,-6.436486],[106.758162,-6.436349]]]},"properties":{"layer_id":"historis_risiko","jenis":"banjir","nama":"Bahaya banjir tinggi","sumber":"InaRISK (BNPB)","atribut":{"kelas":"tinggi"}}},{"type":"Feature","geometry":{"type":"Polygon","coordinates":[[[106.814125,-6.436076],[106.813025,-6.436076],[106.812888,-6.438672],[106.812613,-6.438945],[106.811925,-6.438945],[106.812062,-6.441678],[106.813163,-6.441268],[106.813438,-6.440312],[106.814262,-6.440175],[106.814125,-6.436076]]]},"properties":{"layer_id":"historis_risiko","jenis":"banjir","nama":"Bahaya banjir tinggi","sumber":"InaRISK (BNPB)","atribut":{"kelas":"tinggi"}}},{"type":"Feature","geometry":{"type":"Polygon","coordinates":[[[106.825537,-6.434436],[106.824575,-6.434572],[106.824713,-6.436622],[106.825537,-6.435529],[106.825537,-6.434436]]]},"properties":{"layer_id":"historis_risiko","jenis":"banjir","nama":"Bahaya banjir tinggi","sumber":"InaRISK (BNPB)","atribut":{"kelas":"tinggi"}}},{"type":"Feature","geometry":{"type":"Polygon","coordinates":[[[106.8122,-6.433616],[106.811925,-6.433753],[106.812062,-6.435392],[106.812062,-6.434846],[106.812475,-6.433753],[106.8122,-6.433616]]]},"properties":{"layer_id":"historis_risiko","jenis":"banjir","nama":"Bahaya banjir tinggi","sumber":"InaRISK (BNPB)","atribut":{"kelas":"tinggi"}}},{"type":"Feature","geometry":{"type":"Polygon","coordinates":[[[106.71815,-6.433343],[106.717188,-6.433753],[106.717462,-6.435529],[106.716913,-6.436349],[106.71595,-6.436486],[106.7154,-6.436076],[106.715263,-6.435666],[106.714713,-6.435802],[106.715125,-6.437442],[106.716775,-6.440312],[106.716363,-6.440858],[106.715812,-6.440995],[106.714163,-6.440722],[106.714163,-6.441268],[106.715263,-6.440995],[106.717188,-6.441268],[106.717737,-6.441815],[106.717737,-6.442088],[106.718013,-6.442088],[106.718013,-6.440995],[106.719525,-6.439765],[106.72035,-6.439355],[106.720488,-6.439082],[106.719938,-6.438672],[106.719938,-6.438125],[106.719387,-6.438125],[106.719113,-6.437852],[106.719113,-6.435256],[106.719938,-6.434982],[106.719938,-6.434436],[106.719387,-6.434436],[106.718975,-6.434026],[106.718975,-6.433616],[106.718425,-6.433616],[106.71815,-6.433343]]]},"properties":{"layer_id":"historis_risiko","jenis":"banjir","nama":"Bahaya banjir tinggi","sumber":"InaRISK (BNPB)","atribut":{"kelas":"tinggi"}}},{"type":"Feature","geometry":{"type":"Polygon","coordinates":[[[106.708112,-6.433206],[106.707837,-6.433206],[106.707563,-6.433616],[106.706875,-6.433753],[106.706875,-6.435939],[106.707288,-6.435939],[106.707288,-6.434163],[106.70825,-6.433889],[106.708112,-6.433206]]]},"properties":{"layer_id":"historis_risiko","jenis":"banjir","nama":"Bahaya banjir tinggi","sumber":"InaRISK (BNPB)","atribut":{"kelas":"tinggi"}}},{"type":"Feature","geometry":{"type":"Polygon","coordinates":[[[106.730663,-6.432796],[106.729975,-6.432796],[106.729975,-6.433069],[106.730525,-6.433206],[106.730663,-6.432796]]]},"properties":{"layer_id":"historis_risiko","jenis":"banjir","nama":"Bahaya banjir tinggi","sumber":"InaRISK (BNPB)","atribut":{"kelas":"tinggi"}}},{"type":"Feature","geometry":{"type":"Polygon","coordinates":[[[106.719387,-6.432659],[106.719387,-6.433206],[106.720625,-6.433069],[106.72035,-6.432659],[106.719387,-6.432659]]]},"properties":{"layer_id":"historis_risiko","jenis":"banjir","nama":"Bahaya banjir tinggi","sumber":"InaRISK (BNPB)","atribut":{"kelas":"tinggi"}}},{"type":"Feature","geometry":{"type":"Polygon","coordinates":[[[106.814813,-6.43102],[106.815363,-6.431976],[106.815363,-6.432796],[106.815912,-6.433206],[106.81605,-6.432386],[106.816738,-6.432113],[106.817013,-6.43143],[106.8177,-6.431293],[106.8177,-6.43102],[106.81715,-6.430883],[106.814813,-6.43102]]]},"properties":{"layer_id":"historis_risiko","jenis":"banjir","nama":"Bahaya banjir tinggi","sumber":"InaRISK (BNPB)","atribut":{"kelas":"tinggi"}}},{"type":"Feature","geometry":{"type":"Polygon","coordinates":[[[106.727087,-6.4302],[106.727362,-6.430473],[106.72805,-6.430473],[106.72805,-6.430063],[106.727087,-6.4302]]]},"properties":{"layer_id":"historis_risiko","jenis":"banjir","nama":"Bahaya banjir tinggi","sumber":"InaRISK (BNPB)","atribut":{"kelas":"tinggi"}}},{"type":"Feature","geometry":{"type":"Polygon","coordinates":[[[106.83035,-6.430063],[106.829662,-6.430063],[106.829387,-6.429653],[106.828288,-6.42979],[106.82815,-6.432386],[106.827875,-6.432659],[106.82705,-6.432796],[106.827462,-6.433479],[106.828425,-6.433616],[106.828563,-6.432523],[106.828838,-6.432249],[106.829525,-6.432249],[106.829525,-6.430746],[106.8298,-6.430473],[106.83035,-6.430473],[106.83035,-6.430063]]]},"properties":{"layer_id":"historis_risiko","jenis":"banjir","nama":"Bahaya banjir tinggi","sumber":"InaRISK (BNPB)","atribut":{"kelas":"tinggi"}}},{"type":"Feature","geometry":{"type":"Polygon","coordinates":[[[106.899237,-6.429107],[106.8991,-6.430336],[106.899375,-6.430473],[106.899513,-6.42938],[106.899237,-6.429107]]]},"properties":{"layer_id":"historis_risiko","jenis":"banjir","nama":"Bahaya banjir tinggi","sumber":"InaRISK (BNPB)","atribut":{"kelas":"tinggi"}}},{"type":"Feature","geometry":{"type":"Polygon","coordinates":[[[106.787863,-6.42733],[106.787863,-6.428423],[106.788138,-6.428013],[106.788138,-6.427467],[106.787863,-6.42733]]]},"properties":{"layer_id":"historis_risiko","jenis":"banjir","nama":"Bahaya banjir tinggi","sumber":"InaRISK (BNPB)","atribut":{"kelas":"tinggi"}}},{"type":"Feature","geometry":{"type":"Polygon","coordinates":[[[106.8166,-6.42651],[106.816875,-6.42733],[106.8166,-6.42856],[106.818525,-6.428697],[106.818663,-6.427057],[106.818938,-6.426783],[106.8177,-6.4261],[106.817425,-6.4261],[106.817013,-6.42651],[106.8166,-6.42651]]]},"properties":{"layer_id":"historis_risiko","jenis":"banjir","nama":"Bahaya banjir tinggi","sumber":"InaRISK (BNPB)","atribut":{"kelas":"tinggi"}}},{"type":"Feature","geometry":{"type":"Polygon","coordinates":[[[106.895663,-6.42569],[106.894975,-6.4261],[106.894013,-6.4261],[106.892913,-6.42651],[106.892363,-6.42733],[106.89195,-6.42733],[106.89195,-6.42774],[106.891537,-6.42815],[106.890988,-6.42815],[106.890988,-6.430473],[106.890713,-6.430883],[106.890025,-6.430883],[106.890163,-6.431703],[106.89085,-6.43184],[106.892225,-6.432933],[106.8925,-6.430746],[106.893187,-6.43061],[106.893462,-6.430336],[106.893462,-6.42897],[106.894013,-6.428697],[106.895112,-6.428697],[106.895112,-6.427877],[106.8958,-6.427603],[106.895938,-6.42651],[106.895663,-6.42569]]]},"properties":{"layer_id":"historis_risiko","jenis":"banjir","nama":"Bahaya banjir tinggi","sumber":"InaRISK (BNPB)","atribut":{"kelas":"tinggi"}}},{"type":"Feature","geometry":{"type":"Polygon","coordinates":[[[106.919863,-6.42487],[106.919038,-6.424597],[106.9189,-6.424734],[106.9189,-6.426237],[106.918487,-6.42651],[106.91835,-6.427057],[106.917938,-6.427467],[106.917113,-6.427603],[106.9167,-6.42815],[106.915463,-6.42815],[106.915325,-6.42856],[106.9167,-6.428697],[106.916975,-6.429243],[106.917388,-6.42938],[106.9178,-6.428697],[106.918487,-6.42856],[106.918625,-6.42774],[106.91945,-6.42774],[106.919725,-6.428013],[106.919863,-6.428697],[106.919863,-6.42733],[106.919313,-6.427057],[106.919313,-6.42528],[106.919863,-6.42487]]]},"properties":{"layer_id":"historis_risiko","jenis":"banjir","nama":"Bahaya banjir tinggi","sumber":"InaRISK (BNPB)","atribut":{"kelas":"tinggi"}}},{"type":"Feature","geometry":{"type":"Polygon","coordinates":[[[106.7077,-6.42569],[106.706463,-6.424734],[106.705638,-6.424597],[106.704262,-6.425144],[106.704125,-6.426647],[106.704262,-6.427057],[106.705363,-6.42733],[106.707288,-6.426647],[106.7077,-6.4261],[106.7077,-6.42569]]]},"properties":{"layer_id":"historis_risiko","jenis":"banjir","nama":"Bahaya banjir tinggi","sumber":"InaRISK (BNPB)","atribut":{"kelas":"tinggi"}}},{"type":"Feature","geometry":{"type":"Polygon","coordinates":[[[106.827325,-6.423914],[106.827188,-6.425144],[106.82815,-6.425144],[106.827875,-6.424187],[106.827325,-6.423914]]]},"properties":{"layer_id":"historis_risiko","jenis":"banjir","nama":"Bahaya banjir tinggi","sumber":"InaRISK (BNPB)","atribut":{"kelas":"tinggi"}}},{"type":"Feature","geometry":{"type":"Polygon","coordinates":[[[106.700688,-6.423914],[106.700412,-6.424734],[106.70055,-6.42692],[106.7,-6.42733],[106.7,-6.43143],[106.701375,-6.431566],[106.701513,-6.432386],[106.701788,-6.432659],[106.702062,-6.4302],[106.701238,-6.42979],[106.701238,-6.424734],[106.7011,-6.42405],[106.700688,-6.423914]]]},"properties":{"layer_id":"historis_risiko","jenis":"banjir","nama":"Bahaya banjir tinggi","sumber":"InaRISK (BNPB)","atribut":{"kelas":"tinggi"}}},{"type":"Feature","geometry":{"type":"Polygon","coordinates":[[[106.73685,-6.422957],[106.7363,-6.423094],[106.735613,-6.423777],[106.735613,-6.424324],[106.7363,-6.425144],[106.737125,-6.425007],[106.737675,-6.42405],[106.73685,-6.422957]]]},"properties":{"layer_id":"historis_risiko","jenis":"banjir","nama":"Bahaya banjir tinggi","sumber":"InaRISK (BNPB)","atribut":{"kelas":"tinggi"}}},{"type":"Feature","geometry":{"type":"Polygon","coordinates":[[[106.89855,-6.421727],[106.897588,-6.421864],[106.89745,-6.422547],[106.898275,-6.422547],[106.89855,-6.422274],[106.89855,-6.421727]]]},"properties":{"layer_id":"historis_risiko","jenis":"banjir","nama":"Bahaya banjir tinggi","sumber":"InaRISK (BNPB)","atribut":{"kelas":"tinggi"}}},{"type":"Feature","geometry":{"type":"Polygon","coordinates":[[[106.753763,-6.420224],[106.753625,-6.422137],[106.7539,-6.422274],[106.754175,-6.421044],[106.753763,-6.420224]]]},"properties":{"layer_id":"historis_risiko","jenis":"banjir","nama":"Bahaya banjir tinggi","sumber":"InaRISK (BNPB)","atribut":{"kelas":"tinggi"}}},{"type":"Feature","geometry":{"type":"Polygon","coordinates":[[[106.899237,-6.420224],[106.899375,-6.420498],[106.9002,-6.420907],[106.900613,-6.420498],[106.900613,-6.420088],[106.900338,-6.419814],[106.899925,-6.419814],[106.899237,-6.420224]]]},"properties":{"layer_id":"historis_risiko","jenis":"banjir","nama":"Bahaya banjir tinggi","sumber":"InaRISK (BNPB)","atribut":{"kelas":"tinggi"}}},{"type":"Feature","geometry":{"type":"Polygon","coordinates":[[[106.903638,-6.419268],[106.903638,-6.420224],[106.904188,-6.420224],[106.904325,-6.419541],[106.90405,-6.419268],[106.903638,-6.419268]]]},"properties":{"layer_id":"historis_risiko","jenis":"banjir","nama":"Bahaya banjir tinggi","sumber":"InaRISK (BNPB)","atribut":{"kelas":"tinggi"}}},{"type":"Feature","geometry":{"type":"Polygon","coordinates":[[[106.820312,-6.417081],[106.819213,-6.417218],[106.819075,-6.418038],[106.818663,-6.418448],[106.818388,-6.418448],[106.818388,-6.419404],[106.819213,-6.420088],[106.819625,-6.420088],[106.819625,-6.419131],[106.8199,-6.418858],[106.82045,-6.418858],[106.820312,-6.417081]]]},"properties":{"layer_id":"historis_risiko","jenis":"banjir","nama":"Bahaya banjir tinggi","sumber":"InaRISK (BNPB)","atribut":{"kelas":"tinggi"}}},{"type":"Feature","geometry":{"type":"Polygon","coordinates":[[[106.734787,-6.417218],[106.73465,-6.417628],[106.735888,-6.421454],[106.736575,-6.421591],[106.737675,-6.421317],[106.738088,-6.420634],[106.738775,-6.420498],[106.738912,-6.419404],[106.738088,-6.418311],[106.735888,-6.417218],[106.734787,-6.417218]]]},"properties":{"layer_id":"historis_risiko","jenis":"banjir","nama":"Bahaya banjir tinggi","sumber":"InaRISK (BNPB)","atribut":{"kelas":"tinggi"}}},{"type":"Feature","geometry":{"type":"Polygon","coordinates":[[[106.828288,-6.416808],[106.82815,-6.418994],[106.827325,-6.419404],[106.828012,-6.420361],[106.828288,-6.421317],[106.828563,-6.421591],[106.82925,-6.421454],[106.82925,-6.417491],[106.828288,-6.416808]]]},"properties":{"layer_id":"historis_risiko","jenis":"banjir","nama":"Bahaya banjir tinggi","sumber":"InaRISK (BNPB)","atribut":{"kelas":"tinggi"}}},{"type":"Feature","geometry":{"type":"Polygon","coordinates":[[[106.831862,-6.415715],[106.831587,-6.415988],[106.831587,-6.416945],[106.832825,-6.418448],[106.832963,-6.419541],[106.832963,-6.418994],[106.833237,-6.418721],[106.83365,-6.418721],[106.833787,-6.418448],[106.833787,-6.417628],[106.833237,-6.417081],[106.832963,-6.416261],[106.832413,-6.415715],[106.831862,-6.415715]]]},"properties":{"layer_id":"historis_risiko","jenis":"banjir","nama":"Bahaya banjir tinggi","sumber":"InaRISK (BNPB)","atribut":{"kelas":"tinggi"}}},{"type":"Feature","geometry":{"type":"Polygon","coordinates":[[[106.784838,-6.415715],[106.785112,-6.416261],[106.785938,-6.415988],[106.78525,-6.415441],[106.784838,-6.415715]]]},"properties":{"layer_id":"historis_risiko","jenis":"banjir","nama":"Bahaya banjir tinggi","sumber":"InaRISK (BNPB)","atribut":{"kelas":"tinggi"}}},{"type":"Feature","geometry":{"type":"Polygon","coordinates":[[[106.883425,-6.414758],[106.882875,-6.414758],[106.882875,-6.415168],[106.882463,-6.415578],[106.88205,-6.415578],[106.881912,-6.416945],[106.882188,-6.418994],[106.882463,-6.418584],[106.8826,-6.416398],[106.883425,-6.416125],[106.883425,-6.414758]]]},"properties":{"layer_id":"historis_risiko","jenis":"banjir","nama":"Bahaya banjir tinggi","sumber":"InaRISK (BNPB)","atribut":{"kelas":"tinggi"}}},{"type":"Feature","geometry":{"type":"Polygon","coordinates":[[[106.73135,-6.414075],[106.731212,-6.415031],[106.732588,-6.414895],[106.732313,-6.414075],[106.73135,-6.414075]]]},"properties":{"layer_id":"historis_risiko","jenis":"banjir","nama":"Bahaya banjir tinggi","sumber":"InaRISK (BNPB)","atribut":{"kelas":"tinggi"}}},{"type":"Feature","geometry":{"type":"Polygon","coordinates":[[[106.886038,-6.412162],[106.886725,-6.412572],[106.887,-6.412435],[106.886863,-6.412025],[106.886038,-6.412162]]]},"properties":{"layer_id":"historis_risiko","jenis":"banjir","nama":"Bahaya banjir tinggi","sumber":"InaRISK (BNPB)","atribut":{"kelas":"tinggi"}}},{"type":"Feature","geometry":{"type":"Polygon","coordinates":[[[106.911062,-6.411205],[106.909825,-6.411068],[106.909825,-6.411752],[106.90955,-6.412025],[106.908313,-6.412025],[106.9079,-6.412298],[106.909137,-6.413255],[106.9101,-6.412845],[106.91065,-6.412845],[106.9112,-6.412572],[106.911475,-6.412162],[106.911062,-6.411752],[106.911062,-6.411205]]]},"properties":{"layer_id":"historis_risiko","jenis":"banjir","nama":"Bahaya banjir tinggi","sumber":"InaRISK (BNPB)","atribut":{"kelas":"tinggi"}}},{"type":"Feature","geometry":{"type":"Polygon","coordinates":[[[106.7825,-6.411068],[106.7825,-6.413392],[106.782913,-6.413118],[106.782775,-6.412162],[106.78305,-6.411478],[106.7825,-6.411068]]]},"properties":{"layer_id":"historis_risiko","jenis":"banjir","nama":"Bahaya banjir tinggi","sumber":"InaRISK (BNPB)","atribut":{"kelas":"tinggi"}}},{"type":"Feature","geometry":{"type":"Polygon","coordinates":[[[106.7,-6.411068],[106.7,-6.415851],[106.700963,-6.416808],[106.7011,-6.417628],[106.700688,-6.418584],[106.700688,-6.419814],[106.701788,-6.419814],[106.701925,-6.419131],[106.7022,-6.418858],[106.7033,-6.418858],[106.703575,-6.418311],[106.702613,-6.416671],[106.701238,-6.415168],[106.700688,-6.413802],[106.700825,-6.412162],[106.70055,-6.412162],[106.700137,-6.411752],[106.7,-6.411068]]]},"properties":{"layer_id":"historis_risiko","jenis":"banjir","nama":"Bahaya banjir tinggi","sumber":"InaRISK (BNPB)","atribut":{"kelas":"tinggi"}}},{"type":"Feature","geometry":{"type":"Polygon","coordinates":[[[106.758162,-6.410249],[106.758025,-6.410658],[106.7583,-6.411342],[106.758437,-6.410385],[106.758162,-6.410249]]]},"properties":{"layer_id":"historis_risiko","jenis":"banjir","nama":"Bahaya banjir tinggi","sumber":"InaRISK (BNPB)","atribut":{"kelas":"tinggi"}}},{"type":"Feature","geometry":{"type":"Polygon","coordinates":[[[106.881225,-6.409702],[106.881088,-6.410658],[106.881637,-6.410658],[106.8815,-6.409702],[106.881225,-6.409702]]]},"properties":{"layer_id":"historis_risiko","jenis":"banjir","nama":"Bahaya banjir tinggi","sumber":"InaRISK (BNPB)","atribut":{"kelas":"tinggi"}}},{"type":"Feature","geometry":{"type":"Polygon","coordinates":[[[106.918487,-6.409429],[106.918212,-6.409292],[106.917663,-6.409565],[106.91835,-6.409839],[106.918487,-6.409429]]]},"properties":{"layer_id":"historis_risiko","jenis":"banjir","nama":"Bahaya banjir tinggi","sumber":"InaRISK (BNPB)","atribut":{"kelas":"tinggi"}}},{"type":"Feature","geometry":{"type":"Polygon","coordinates":[[[106.779612,-6.408745],[106.782913,-6.408882],[106.783325,-6.409292],[106.783325,-6.409565],[106.7836,-6.409429],[106.783738,-6.408609],[106.78305,-6.408472],[106.782775,-6.408199],[106.782775,-6.407515],[106.780988,-6.407515],[106.780713,-6.408062],[106.77975,-6.408335],[106.779612,-6.408745]]]},"properties":{"layer_id":"historis_risiko","jenis":"banjir","nama":"Bahaya banjir tinggi","sumber":"InaRISK (BNPB)","atribut":{"kelas":"tinggi"}}},{"type":"Feature","geometry":{"type":"Polygon","coordinates":[[[106.773837,-6.406695],[106.773837,-6.407105],[106.774663,-6.406969],[106.774525,-6.406695],[106.773837,-6.406695]]]},"properties":{"layer_id":"historis_risiko","jenis":"banjir","nama":"Bahaya banjir tinggi","sumber":"InaRISK (BNPB)","atribut":{"kelas":"tinggi"}}},{"type":"Feature","geometry":{"type":"Polygon","coordinates":[[[106.807525,-6.404236],[106.80725,-6.405192],[106.8078,-6.405466],[106.808075,-6.405192],[106.807938,-6.404372],[106.807525,-6.404236]]]},"properties":{"layer_id":"historis_risiko","jenis":"banjir","nama":"Bahaya banjir tinggi","sumber":"InaRISK (BNPB)","atribut":{"kelas":"tinggi"}}},{"type":"Feature","geometry":{"type":"Polygon","coordinates":[[[106.769163,-6.403689],[106.768338,-6.403962],[106.767238,-6.403962],[106.766413,-6.404919],[106.765313,-6.404919],[106.765038,-6.405739],[106.763525,-6.405739],[106.763388,-6.406695],[106.7638,-6.406559],[106.76655,-6.406969],[106.766963,-6.406286],[106.767513,-6.406149],[106.76765,-6.405329],[106.7682,-6.404509],[106.769163,-6.404509],[106.769163,-6.403689]]]},"properties":{"layer_id":"historis_risiko","jenis":"banjir","nama":"Bahaya banjir tinggi","sumber":"InaRISK (BNPB)","atribut":{"kelas":"tinggi"}}},{"type":"Feature","geometry":{"type":"Polygon","coordinates":[[[106.826638,-6.403142],[106.8265,-6.403689],[106.826087,-6.404099],[106.825537,-6.404099],[106.826363,-6.404782],[106.826638,-6.404782],[106.826913,-6.404372],[106.826913,-6.403552],[106.826638,-6.403142]]]},"properties":{"layer_id":"historis_risiko","jenis":"banjir","nama":"Bahaya banjir tinggi","sumber":"InaRISK (BNPB)","atribut":{"kelas":"tinggi"}}},{"type":"Feature","geometry":{"type":"Polygon","coordinates":[[[106.701238,-6.403416],[106.700825,-6.402732],[106.7,-6.403142],[106.700688,-6.403552],[106.701238,-6.403416]]]},"properties":{"layer_id":"historis_risiko","jenis":"banjir","nama":"Bahaya banjir tinggi","sumber":"InaRISK (BNPB)","atribut":{"kelas":"tinggi"}}},{"type":"Feature","geometry":{"type":"Polygon","coordinates":[[[106.84355,-6.400546],[106.842862,-6.401093],[106.842588,-6.401639],[106.843412,-6.402049],[106.843412,-6.403279],[106.843688,-6.403826],[106.843825,-6.402049],[106.8441,-6.401776],[106.844787,-6.401776],[106.844787,-6.401229],[106.8441,-6.401229],[106.84355,-6.400546]]]},"properties":{"layer_id":"historis_risiko","jenis":"banjir","nama":"Bahaya banjir tinggi","sumber":"InaRISK (BNPB)","atribut":{"kelas":"tinggi"}}},{"type":"Feature","geometry":{"type":"Polygon","coordinates":[[[106.776175,-6.400546],[106.775762,-6.400819],[106.775625,-6.401639],[106.776038,-6.401913],[106.776038,-6.402596],[106.776588,-6.402596],[106.776863,-6.402869],[106.776863,-6.404236],[106.777138,-6.404372],[106.77755,-6.404236],[106.778238,-6.403006],[106.778238,-6.402186],[106.777687,-6.402186],[106.777412,-6.401913],[106.777412,-6.401229],[106.776725,-6.401229],[106.776175,-6.400546]]]},"properties":{"layer_id":"historis_risiko","jenis":"banjir","nama":"Bahaya banjir tinggi","sumber":"InaRISK (BNPB)","atribut":{"kelas":"tinggi"}}},{"type":"Feature","geometry":{"type":"Polygon","coordinates":[[[106.899237,-6.400136],[106.8991,-6.404236],[106.899788,-6.404372],[106.900063,-6.404782],[106.900475,-6.404236],[106.900338,-6.401639],[106.899237,-6.401503],[106.899925,-6.401366],[106.899513,-6.401229],[106.899513,-6.400546],[106.899237,-6.400136]]]},"properties":{"layer_id":"historis_risiko","jenis":"banjir","nama":"Bahaya banjir tinggi","sumber":"InaRISK (BNPB)","atribut":{"kelas":"tinggi"}}},{"type":"Feature","geometry":{"type":"Polygon","coordinates":[[[106.71045,-6.399453],[106.71045,-6.399999],[106.711,-6.399999],[106.711,-6.399453],[106.71045,-6.399453]]]},"properties":{"layer_id":"historis_risiko","jenis":"banjir","nama":"Bahaya banjir tinggi","sumber":"InaRISK (BNPB)","atribut":{"kelas":"tinggi"}}},{"type":"Feature","geometry":{"type":"Polygon","coordinates":[[[106.916287,-6.399316],[106.91615,-6.403279],[106.916287,-6.403689],[106.917388,-6.403689],[106.917525,-6.402049],[106.9178,-6.401776],[106.918487,-6.401776],[106.918487,-6.399999],[106.91835,-6.399589],[106.917113,-6.399726],[106.916287,-6.399316]]]},"properties":{"layer_id":"historis_risiko","jenis":"banjir","nama":"Bahaya banjir tinggi","sumber":"InaRISK (BNPB)","atribut":{"kelas":"tinggi"}}},{"type":"Feature","geometry":{"type":"Polygon","coordinates":[[[106.7033,-6.398906],[106.702613,-6.398633],[106.701788,-6.398906],[106.701375,-6.399453],[106.701513,-6.400136],[106.703025,-6.400136],[106.703438,-6.399726],[106.7033,-6.398906]]]},"properties":{"layer_id":"historis_risiko","jenis":"banjir","nama":"Bahaya banjir tinggi","sumber":"InaRISK (BNPB)","atribut":{"kelas":"tinggi"}}},{"type":"Feature","geometry":{"type":"Polygon","coordinates":[[[106.859913,-6.398496],[106.8595,-6.398769],[106.859638,-6.399999],[106.86005,-6.399863],[106.859913,-6.398496]]]},"properties":{"layer_id":"historis_risiko","jenis":"banjir","nama":"Bahaya banjir tinggi","sumber":"InaRISK (BNPB)","atribut":{"kelas":"tinggi"}}},{"type":"Feature","geometry":{"type":"Polygon","coordinates":[[[106.709488,-6.398496],[106.709488,-6.399043],[106.710037,-6.399043],[106.710037,-6.398496],[106.709488,-6.398496]]]},"properties":{"layer_id":"historis_risiko","jenis":"banjir","nama":"Bahaya banjir tinggi","sumber":"InaRISK (BNPB)","atribut":{"kelas":"tinggi"}}},{"type":"Feature","geometry":{"type":"Polygon","coordinates":[[[106.89415,-6.397949],[106.893738,-6.397949],[106.892913,-6.398769],[106.89305,-6.400683],[106.893325,-6.399589],[106.894288,-6.398906],[106.89415,-6.397949]]]},"properties":{"layer_id":"historis_risiko","jenis":"banjir","nama":"Bahaya banjir tinggi","sumber":"InaRISK (BNPB)","atribut":{"kelas":"tinggi"}}},{"type":"Feature","geometry":{"type":"Polygon","coordinates":[[[106.919038,-6.397676],[106.918075,-6.397539],[106.9178,-6.397813],[106.917113,-6.397813],[106.918212,-6.398086],[106.919038,-6.397676]]]},"properties":{"layer_id":"historis_risiko","jenis":"banjir","nama":"Bahaya banjir tinggi","sumber":"InaRISK (BNPB)","atribut":{"kelas":"tinggi"}}},{"type":"Feature","geometry":{"type":"Polygon","coordinates":[[[106.727775,-6.396856],[106.7275,-6.397403],[106.727638,-6.398906],[106.728463,-6.399179],[106.728463,-6.399863],[106.72915,-6.399999],[106.729425,-6.400273],[106.730525,-6.399999],[106.730663,-6.399589],[106.730388,-6.398633],[106.730113,-6.398633],[106.729563,-6.397813],[106.727775,-6.396856]]]},"properties":{"layer_id":"historis_risiko","jenis":"banjir","nama":"Bahaya banjir tinggi","sumber":"InaRISK (BNPB)","atribut":{"kelas":"tinggi"}}},{"type":"Feature","geometry":{"type":"Polygon","coordinates":[[[106.769712,-6.396173],[106.769712,-6.397129],[106.770263,-6.397949],[106.771088,-6.398086],[106.771775,-6.397676],[106.771775,-6.39672],[106.769987,-6.3959],[106.769712,-6.396173]]]},"properties":{"layer_id":"historis_risiko","jenis":"banjir","nama":"Bahaya banjir tinggi","sumber":"InaRISK (BNPB)","atribut":{"kelas":"tinggi"}}},{"type":"Feature","geometry":{"type":"Polygon","coordinates":[[[106.705775,-6.396036],[106.70605,-6.397266],[106.707425,-6.397266],[106.7077,-6.398086],[106.709075,-6.398086],[106.709075,-6.397676],[106.70825,-6.397266],[106.70825,-6.39672],[106.707563,-6.39672],[106.70715,-6.3959],[106.705775,-6.396036]]]},"properties":{"layer_id":"historis_risiko","jenis":"banjir","nama":"Bahaya banjir tinggi","sumber":"InaRISK (BNPB)","atribut":{"kelas":"tinggi"}}},{"type":"Feature","geometry":{"type":"Polygon","coordinates":[[[106.801613,-6.394396],[106.802025,-6.39467],[106.802025,-6.395626],[106.80175,-6.3959],[106.8012,-6.3959],[106.801338,-6.398633],[106.8023,-6.398496],[106.80285,-6.399043],[106.803538,-6.399043],[106.803813,-6.399316],[106.803813,-6.399999],[106.8045,-6.399999],[106.804775,-6.400273],[106.804775,-6.400683],[106.805463,-6.400819],[106.805738,-6.401093],[106.8056,-6.401639],[106.806013,-6.401776],[106.806013,-6.400819],[106.805188,-6.400273],[106.805188,-6.399589],[106.804637,-6.399453],[106.804362,-6.399179],[106.804362,-6.398633],[106.803675,-6.398496],[106.803263,-6.397676],[106.802575,-6.397539],[106.802575,-6.394806],[106.802437,-6.394396],[106.801613,-6.394396]]]},"properties":{"layer_id":"historis_risiko","jenis":"banjir","nama":"Bahaya banjir tinggi","sumber":"InaRISK (BNPB)","atribut":{"kelas":"tinggi"}}},{"type":"Feature","geometry":{"type":"Polygon","coordinates":[[[106.901713,-6.394533],[106.901162,-6.39426],[106.9002,-6.395216],[106.901162,-6.39549],[106.901713,-6.39508],[106.901713,-6.394533]]]},"properties":{"layer_id":"historis_risiko","jenis":"banjir","nama":"Bahaya banjir tinggi","sumber":"InaRISK (BNPB)","atribut":{"kelas":"tinggi"}}},{"type":"Feature","geometry":{"type":"Polygon","coordinates":[[[106.874075,-6.39098],[106.874075,-6.391936],[106.8738,-6.39221],[106.872975,-6.39221],[106.872975,-6.392893],[106.87215,-6.393166],[106.87215,-6.393713],[106.871738,-6.394123],[106.871188,-6.394123],[106.871325,-6.397266],[106.871738,-6.397129],[106.871738,-6.394806],[106.872012,-6.394533],[106.872563,-6.394533],[106.872563,-6.394123],[106.872975,-6.393713],[106.873525,-6.393713],[106.873525,-6.39303],[106.874212,-6.39262],[106.874075,-6.39098]]]},"properties":{"layer_id":"historis_risiko","jenis":"banjir","nama":"Bahaya banjir tinggi","sumber":"InaRISK (BNPB)","atribut":{"kelas":"tinggi"}}},{"type":"Feature","geometry":{"type":"Polygon","coordinates":[[[106.76435,-6.390433],[106.764488,-6.39221],[106.765038,-6.392346],[106.765862,-6.393166],[106.766137,-6.394396],[106.766413,-6.39467],[106.767375,-6.39467],[106.767513,-6.394123],[106.766825,-6.392483],[106.766688,-6.391253],[106.766137,-6.39098],[106.76545,-6.39016],[106.765038,-6.390433],[106.76435,-6.390433]]]},"properties":{"layer_id":"historis_risiko","jenis":"banjir","nama":"Bahaya banjir tinggi","sumber":"InaRISK (BNPB)","atribut":{"kelas":"tinggi"}}},{"type":"Feature","geometry":{"type":"Polygon","coordinates":[[[106.7781,-6.38688],[106.77755,-6.387017],[106.777963,-6.387563],[106.778238,-6.387153],[106.7781,-6.38688]]]},"properties":{"layer_id":"historis_risiko","jenis":"banjir","nama":"Bahaya banjir tinggi","sumber":"InaRISK (BNPB)","atribut":{"kelas":"tinggi"}}},{"type":"Feature","geometry":{"type":"Polygon","coordinates":[[[106.787588,-6.38688],[106.787175,-6.38729],[106.78745,-6.38729],[106.787863,-6.3877],[106.787863,-6.388247],[106.788962,-6.388657],[106.7891,-6.387973],[106.788275,-6.387837],[106.788,-6.387427],[106.788,-6.386743],[106.787588,-6.38688]]]},"properties":{"layer_id":"historis_risiko","jenis":"banjir","nama":"Bahaya banjir tinggi","sumber":"InaRISK (BNPB)","atribut":{"kelas":"tinggi"}}},{"type":"Feature","geometry":{"type":"Polygon","coordinates":[[[106.857988,-6.38606],[106.857713,-6.387563],[106.857438,-6.387837],[106.856887,-6.387837],[106.857025,-6.388793],[106.858125,-6.389067],[106.858537,-6.388247],[106.859088,-6.388247],[106.859088,-6.38729],[106.858675,-6.386333],[106.857988,-6.38606]]]},"properties":{"layer_id":"historis_risiko","jenis":"banjir","nama":"Bahaya banjir tinggi","sumber":"InaRISK (BNPB)","atribut":{"kelas":"tinggi"}}},{"type":"Feature","geometry":{"type":"Polygon","coordinates":[[[106.7,-6.385103],[106.7,-6.38688],[106.70165,-6.38852],[106.701925,-6.389067],[106.703575,-6.389203],[106.703575,-6.388657],[106.7022,-6.388657],[106.701925,-6.388383],[106.701925,-6.38647],[106.7011,-6.38524],[106.7,-6.385103]]]},"properties":{"layer_id":"historis_risiko","jenis":"banjir","nama":"Bahaya banjir tinggi","sumber":"InaRISK (BNPB)","atribut":{"kelas":"tinggi"}}},{"type":"Feature","geometry":{"type":"Polygon","coordinates":[[[106.832963,-6.384967],[106.831862,-6.384967],[106.831725,-6.385377],[106.831725,-6.389477],[106.83145,-6.389887],[106.830075,-6.389887],[106.8298,-6.390433],[106.828563,-6.39057],[106.82815,-6.391526],[106.82815,-6.393576],[106.82925,-6.39385],[106.8298,-6.39426],[106.829387,-6.394806],[106.829113,-6.394806],[106.829113,-6.395763],[106.829387,-6.396173],[106.828838,-6.396993],[106.828975,-6.398223],[106.82815,-6.398633],[106.82815,-6.399863],[106.828975,-6.400136],[106.829113,-6.400819],[106.8298,-6.401639],[106.830213,-6.402596],[106.831038,-6.402869],[106.831312,-6.402049],[106.831587,-6.401776],[106.832138,-6.401776],[106.832138,-6.400546],[106.83145,-6.399726],[106.831312,-6.398496],[106.830625,-6.398496],[106.83035,-6.398223],[106.83035,-6.396583],[106.8309,-6.396173],[106.831312,-6.396173],[106.830625,-6.39426],[106.83035,-6.393986],[106.83035,-6.393166],[106.830763,-6.392756],[106.832138,-6.392756],[106.832138,-6.391936],[106.832963,-6.391526],[106.8331,-6.39016],[106.833925,-6.389887],[106.833925,-6.387837],[106.833375,-6.387837],[106.8331,-6.387563],[106.832963,-6.384967]]]},"properties":{"layer_id":"historis_risiko","jenis":"banjir","nama":"Bahaya banjir tinggi","sumber":"InaRISK (BNPB)","atribut":{"kelas":"tinggi"}}},{"type":"Feature","geometry":{"type":"Polygon","coordinates":[[[106.721175,-6.385103],[106.721312,-6.385787],[106.721725,-6.385787],[106.722413,-6.385377],[106.723375,-6.38565],[106.723512,-6.38524],[106.722825,-6.38524],[106.722275,-6.384967],[106.721175,-6.385103]]]},"properties":{"layer_id":"historis_risiko","jenis":"banjir","nama":"Bahaya banjir tinggi","sumber":"InaRISK (BNPB)","atribut":{"kelas":"tinggi"}}},{"type":"Feature","geometry":{"type":"Polygon","coordinates":[[[106.761738,-6.3836],[106.7616,-6.38442],[106.761875,-6.38524],[106.762287,-6.38483],[106.76215,-6.383873],[106.761738,-6.3836]]]},"properties":{"layer_id":"historis_risiko","jenis":"banjir","nama":"Bahaya banjir tinggi","sumber":"InaRISK (BNPB)","atribut":{"kelas":"tinggi"}}},{"type":"Feature","geometry":{"type":"Polygon","coordinates":[[[106.872975,-6.382507],[106.873113,-6.382917],[106.873663,-6.38278],[106.87325,-6.38237],[106.872975,-6.382507]]]},"properties":{"layer_id":"historis_risiko","jenis":"banjir","nama":"Bahaya banjir tinggi","sumber":"InaRISK (BNPB)","atribut":{"kelas":"tinggi"}}},{"type":"Feature","geometry":{"type":"Polygon","coordinates":[[[106.858675,-6.38237],[106.858675,-6.382917],[106.859088,-6.382917],[106.859088,-6.38237],[106.858675,-6.38237]]]},"properties":{"layer_id":"historis_risiko","jenis":"banjir","nama":"Bahaya banjir tinggi","sumber":"InaRISK (BNPB)","atribut":{"kelas":"tinggi"}}},{"type":"Feature","geometry":{"type":"Polygon","coordinates":[[[106.894975,-6.382234],[106.894425,-6.382507],[106.894425,-6.383873],[106.893738,-6.384147],[106.892775,-6.384147],[106.892775,-6.38483],[106.89195,-6.38524],[106.891675,-6.386333],[106.893325,-6.38647],[106.893462,-6.38565],[106.894975,-6.38565],[106.89525,-6.385377],[106.89525,-6.382507],[106.894975,-6.382234]]]},"properties":{"layer_id":"historis_risiko","jenis":"banjir","nama":"Bahaya banjir tinggi","sumber":"InaRISK (BNPB)","atribut":{"kelas":"tinggi"}}},{"type":"Feature","geometry":{"type":"Polygon","coordinates":[[[106.775487,-6.382234],[106.774938,-6.382644],[106.773425,-6.38278],[106.773013,-6.383327],[106.7715,-6.383327],[106.7715,-6.383737],[106.772188,-6.383737],[106.772463,-6.38401],[106.772463,-6.384693],[106.77315,-6.38483],[106.773288,-6.385513],[106.773975,-6.385513],[106.77425,-6.385787],[106.77425,-6.3877],[106.773425,-6.387837],[106.773288,-6.38811],[106.774113,-6.388247],[106.774388,-6.389203],[106.775625,-6.389067],[106.775487,-6.388383],[106.775075,-6.387973],[106.775213,-6.386333],[106.775625,-6.38606],[106.777275,-6.385923],[106.777412,-6.385377],[106.777275,-6.385103],[106.776588,-6.385103],[106.7759,-6.384147],[106.7759,-6.383463],[106.775625,-6.38319],[106.775487,-6.382234]]]},"properties":{"layer_id":"historis_risiko","jenis":"banjir","nama":"Bahaya banjir tinggi","sumber":"InaRISK (BNPB)","atribut":{"kelas":"tinggi"}}},{"type":"Feature","geometry":{"type":"Polygon","coordinates":[[[106.857025,-6.381687],[106.856887,-6.382507],[106.857713,-6.38401],[106.858812,-6.38483],[106.85895,-6.384283],[106.858537,-6.384283],[106.858262,-6.38401],[106.858262,-6.383327],[106.857438,-6.383327],[106.857163,-6.383053],[106.8573,-6.382507],[106.857025,-6.381687]]]},"properties":{"layer_id":"historis_risiko","jenis":"banjir","nama":"Bahaya banjir tinggi","sumber":"InaRISK (BNPB)","atribut":{"kelas":"tinggi"}}},{"type":"Feature","geometry":{"type":"Polygon","coordinates":[[[106.7715,-6.38155],[106.771637,-6.38196],[106.772188,-6.381824],[106.771775,-6.381414],[106.7715,-6.38155]]]},"properties":{"layer_id":"historis_risiko","jenis":"banjir","nama":"Bahaya banjir tinggi","sumber":"InaRISK (BNPB)","atribut":{"kelas":"tinggi"}}},{"type":"Feature","geometry":{"type":"Polygon","coordinates":[[[106.8969,-6.380594],[106.895525,-6.380594],[106.895525,-6.38196],[106.895938,-6.38196],[106.895938,-6.381277],[106.896213,-6.381004],[106.8969,-6.381004],[106.8969,-6.380594]]]},"properties":{"layer_id":"historis_risiko","jenis":"banjir","nama":"Bahaya banjir tinggi","sumber":"InaRISK (BNPB)","atribut":{"kelas":"tinggi"}}},{"type":"Feature","geometry":{"type":"Polygon","coordinates":[[[106.837225,-6.37991],[106.836675,-6.38073],[106.836813,-6.381824],[106.8375,-6.38196],[106.837637,-6.380047],[106.837225,-6.37991]]]},"properties":{"layer_id":"historis_risiko","jenis":"banjir","nama":"Bahaya banjir tinggi","sumber":"InaRISK (BNPB)","atribut":{"kelas":"tinggi"}}},{"type":"Feature","geometry":{"type":"Polygon","coordinates":[[[106.722413,-6.380184],[106.721725,-6.379774],[106.721312,-6.379774],[106.720488,-6.380457],[106.72035,-6.38196],[106.721863,-6.381824],[106.722688,-6.380867],[106.722413,-6.380184]]]},"properties":{"layer_id":"historis_risiko","jenis":"banjir","nama":"Bahaya banjir tinggi","sumber":"InaRISK (BNPB)","atribut":{"kelas":"tinggi"}}},{"type":"Feature","geometry":{"type":"Polygon","coordinates":[[[106.897312,-6.379637],[106.897312,-6.380184],[106.897725,-6.380184],[106.897725,-6.379637],[106.897312,-6.379637]]]},"properties":{"layer_id":"historis_risiko","jenis":"banjir","nama":"Bahaya banjir tinggi","sumber":"InaRISK (BNPB)","atribut":{"kelas":"tinggi"}}},{"type":"Feature","geometry":{"type":"Polygon","coordinates":[[[106.752112,-6.3795],[106.7517,-6.37991],[106.7517,-6.381004],[106.752387,-6.381004],[106.752662,-6.381277],[106.752662,-6.382917],[106.75335,-6.382917],[106.753625,-6.38319],[106.753625,-6.3836],[106.7539,-6.383737],[106.754037,-6.381414],[106.753488,-6.381414],[106.753213,-6.38114],[106.753213,-6.379774],[106.752112,-6.3795]]]},"properties":{"layer_id":"historis_risiko","jenis":"banjir","nama":"Bahaya banjir tinggi","sumber":"InaRISK (BNPB)","atribut":{"kelas":"tinggi"}}},{"type":"Feature","geometry":{"type":"Polygon","coordinates":[[[106.765588,-6.37745],[106.765038,-6.37786],[106.765038,-6.37827],[106.765313,-6.378544],[106.765588,-6.378544],[106.766,-6.378134],[106.765588,-6.37745]]]},"properties":{"layer_id":"historis_risiko","jenis":"banjir","nama":"Bahaya banjir tinggi","sumber":"InaRISK (BNPB)","atribut":{"kelas":"tinggi"}}},{"type":"Feature","geometry":{"type":"Polygon","coordinates":[[[106.84465,-6.37704],[106.844238,-6.377314],[106.8441,-6.377724],[106.8441,-6.379774],[106.845475,-6.380047],[106.845062,-6.379637],[106.844925,-6.378954],[106.846163,-6.377997],[106.845888,-6.377997],[106.845337,-6.377177],[106.84465,-6.37704]]]},"properties":{"layer_id":"historis_risiko","jenis":"banjir","nama":"Bahaya banjir tinggi","sumber":"InaRISK (BNPB)","atribut":{"kelas":"tinggi"}}},{"type":"Feature","geometry":{"type":"Polygon","coordinates":[[[106.780575,-6.37704],[106.780988,-6.37909],[106.782088,-6.379227],[106.782363,-6.379637],[106.782363,-6.381824],[106.783738,-6.38196],[106.78415,-6.382507],[106.78415,-6.382917],[106.784838,-6.383053],[106.785112,-6.383737],[106.785525,-6.3836],[106.785525,-6.38237],[106.784975,-6.38237],[106.7847,-6.382097],[106.784563,-6.380594],[106.78415,-6.380594],[106.783738,-6.380184],[106.783738,-6.379637],[106.783187,-6.379637],[106.782775,-6.379227],[106.782775,-6.37786],[106.782225,-6.37786],[106.78195,-6.377587],[106.78195,-6.37704],[106.780575,-6.37704]]]},"properties":{"layer_id":"historis_risiko","jenis":"banjir","nama":"Bahaya banjir tinggi","sumber":"InaRISK (BNPB)","atribut":{"kelas":"tinggi"}}},{"type":"Feature","geometry":{"type":"Polygon","coordinates":[[[106.837225,-6.376084],[106.837225,-6.37663],[106.837637,-6.37663],[106.837775,-6.37622],[106.837225,-6.376084]]]},"properties":{"layer_id":"historis_risiko","jenis":"banjir","nama":"Bahaya banjir tinggi","sumber":"InaRISK (BNPB)","atribut":{"kelas":"tinggi"}}},{"type":"Feature","geometry":{"type":"Polygon","coordinates":[[[106.77975,-6.376084],[106.779612,-6.376494],[106.780025,-6.37663],[106.780163,-6.376357],[106.780025,-6.376084],[106.77975,-6.376084]]]},"properties":{"layer_id":"historis_risiko","jenis":"banjir","nama":"Bahaya banjir tinggi","sumber":"InaRISK (BNPB)","atribut":{"kelas":"tinggi"}}},{"type":"Feature","geometry":{"type":"Polygon","coordinates":[[[106.858262,-6.375947],[106.857438,-6.377314],[106.857163,-6.37827],[106.857713,-6.37909],[106.85895,-6.379227],[106.859088,-6.37868],[106.8595,-6.37827],[106.859638,-6.376494],[106.85895,-6.375947],[106.858262,-6.375947]]]},"properties":{"layer_id":"historis_risiko","jenis":"banjir","nama":"Bahaya banjir tinggi","sumber":"InaRISK (BNPB)","atribut":{"kelas":"tinggi"}}},{"type":"Feature","geometry":{"type":"Polygon","coordinates":[[[106.796113,-6.374034],[106.795838,-6.37458],[106.795975,-6.377587],[106.796388,-6.377314],[106.7968,-6.376357],[106.79625,-6.375264],[106.796388,-6.37458],[106.796113,-6.374034]]]},"properties":{"layer_id":"historis_risiko","jenis":"banjir","nama":"Bahaya banjir tinggi","sumber":"InaRISK (BNPB)","atribut":{"kelas":"tinggi"}}},{"type":"Feature","geometry":{"type":"Polygon","coordinates":[[[106.72035,-6.37335],[106.720075,-6.373624],[106.72035,-6.374034],[106.72035,-6.374717],[106.7209,-6.374717],[106.721312,-6.375264],[106.721312,-6.37581],[106.721038,-6.376084],[106.720488,-6.376084],[106.72035,-6.376494],[106.72145,-6.376494],[106.722825,-6.377724],[106.723375,-6.378544],[106.723512,-6.377177],[106.72255,-6.376904],[106.72255,-6.374444],[106.721725,-6.374034],[106.721587,-6.37335],[106.72035,-6.37335]]]},"properties":{"layer_id":"historis_risiko","jenis":"banjir","nama":"Bahaya banjir tinggi","sumber":"InaRISK (BNPB)","atribut":{"kelas":"tinggi"}}},{"type":"Feature","geometry":{"type":"Polygon","coordinates":[[[106.754587,-6.37253],[106.75445,-6.37376],[106.755688,-6.373897],[106.755825,-6.373487],[106.755138,-6.37335],[106.755,-6.372667],[106.754587,-6.37253]]]},"properties":{"layer_id":"historis_risiko","jenis":"banjir","nama":"Bahaya banjir tinggi","sumber":"InaRISK (BNPB)","atribut":{"kelas":"tinggi"}}},{"type":"Feature","geometry":{"type":"Polygon","coordinates":[[[106.7968,-6.371847],[106.79625,-6.371984],[106.795975,-6.372667],[106.796113,-6.373077],[106.796662,-6.373077],[106.796937,-6.372804],[106.7968,-6.371847]]]},"properties":{"layer_id":"historis_risiko","jenis":"banjir","nama":"Bahaya banjir tinggi","sumber":"InaRISK (BNPB)","atribut":{"kelas":"tinggi"}}},{"type":"Feature","geometry":{"type":"Polygon","coordinates":[[[106.717875,-6.370617],[106.7176,-6.37089],[106.717737,-6.371984],[106.718425,-6.37212],[106.718838,-6.372804],[106.719525,-6.37171],[106.718975,-6.3713],[106.718975,-6.370754],[106.717875,-6.370617]]]},"properties":{"layer_id":"historis_risiko","jenis":"banjir","nama":"Bahaya banjir tinggi","sumber":"InaRISK (BNPB)","atribut":{"kelas":"tinggi"}}},{"type":"Feature","geometry":{"type":"Polygon","coordinates":[[[106.748262,-6.369524],[106.748262,-6.37048],[106.749363,-6.370617],[106.749363,-6.369524],[106.748262,-6.369524]]]},"properties":{"layer_id":"historis_risiko","jenis":"banjir","nama":"Bahaya banjir tinggi","sumber":"InaRISK (BNPB)","atribut":{"kelas":"tinggi"}}},{"type":"Feature","geometry":{"type":"Polygon","coordinates":[[[106.909688,-6.369114],[106.908862,-6.36925],[106.90735,-6.370754],[106.907075,-6.371984],[106.907488,-6.37253],[106.908175,-6.372394],[106.90955,-6.371027],[106.909963,-6.37007],[106.909963,-6.369387],[106.909688,-6.369114]]]},"properties":{"layer_id":"historis_risiko","jenis":"banjir","nama":"Bahaya banjir tinggi","sumber":"InaRISK (BNPB)","atribut":{"kelas":"tinggi"}}},{"type":"Feature","geometry":{"type":"Polygon","coordinates":[[[106.7363,-6.368294],[106.7363,-6.370207],[106.73685,-6.37048],[106.737125,-6.370207],[106.73685,-6.368294],[106.7363,-6.368294]]]},"properties":{"layer_id":"historis_risiko","jenis":"banjir","nama":"Bahaya banjir tinggi","sumber":"InaRISK (BNPB)","atribut":{"kelas":"tinggi"}}},{"type":"Feature","geometry":{"type":"Polygon","coordinates":[[[106.855375,-6.367337],[106.854825,-6.368294],[106.855238,-6.368704],[106.855513,-6.368294],[106.855375,-6.367337]]]},"properties":{"layer_id":"historis_risiko","jenis":"banjir","nama":"Bahaya banjir tinggi","sumber":"InaRISK (BNPB)","atribut":{"kelas":"tinggi"}}},{"type":"Feature","geometry":{"type":"Polygon","coordinates":[[[106.835575,-6.368977],[106.836263,-6.37007],[106.836125,-6.37089],[106.8364,-6.371164],[106.837775,-6.371164],[106.838188,-6.371574],[106.838188,-6.371984],[106.83915,-6.371984],[106.839838,-6.372667],[106.839975,-6.373897],[106.8419,-6.374034],[106.842038,-6.373487],[106.84135,-6.37335],[106.841075,-6.372667],[106.840525,-6.372667],[106.84025,-6.372394],[106.84025,-6.37171],[106.839562,-6.371574],[106.839287,-6.3713],[106.839425,-6.36966],[106.8397,-6.369387],[106.841212,-6.369387],[106.841075,-6.36679],[106.8397,-6.366927],[106.838188,-6.368977],[106.835575,-6.368977]]]},"properties":{"layer_id":"historis_risiko","jenis":"banjir","nama":"Bahaya banjir tinggi","sumber":"InaRISK (BNPB)","atribut":{"kelas":"tinggi"}}},{"type":"Feature","geometry":{"type":"Polygon","coordinates":[[[106.8837,-6.366244],[106.883425,-6.366517],[106.8837,-6.366927],[106.883975,-6.366927],[106.884113,-6.366244],[106.8837,-6.366244]]]},"properties":{"layer_id":"historis_risiko","jenis":"banjir","nama":"Bahaya banjir tinggi","sumber":"InaRISK (BNPB)","atribut":{"kelas":"tinggi"}}},{"type":"Feature","geometry":{"type":"Polygon","coordinates":[[[106.780025,-6.364467],[106.779475,-6.36474],[106.77975,-6.36515],[106.77975,-6.366927],[106.780988,-6.36638],[106.78085,-6.365424],[106.780438,-6.365424],[106.780163,-6.36515],[106.780025,-6.364467]]]},"properties":{"layer_id":"historis_risiko","jenis":"banjir","nama":"Bahaya banjir tinggi","sumber":"InaRISK (BNPB)","atribut":{"kelas":"tinggi"}}},{"type":"Feature","geometry":{"type":"Polygon","coordinates":[[[106.7176,-6.364604],[106.718563,-6.365697],[106.7198,-6.365697],[106.7198,-6.364467],[106.7176,-6.364604]]]},"properties":{"layer_id":"historis_risiko","jenis":"banjir","nama":"Bahaya banjir tinggi","sumber":"InaRISK (BNPB)","atribut":{"kelas":"tinggi"}}},{"type":"Feature","geometry":{"type":"Polygon","coordinates":[[[106.85455,-6.36351],[106.85345,-6.36556],[106.853863,-6.36515],[106.854687,-6.36515],[106.855375,-6.365697],[106.855375,-6.366244],[106.855375,-6.36392],[106.85455,-6.36351]]]},"properties":{"layer_id":"historis_risiko","jenis":"banjir","nama":"Bahaya banjir tinggi","sumber":"InaRISK (BNPB)","atribut":{"kelas":"tinggi"}}},{"type":"Feature","geometry":{"type":"Polygon","coordinates":[[[106.756237,-6.36187],[106.756237,-6.362964],[106.756512,-6.3631],[106.757888,-6.3631],[106.7583,-6.36269],[106.7583,-6.36187],[106.756237,-6.36187]]]},"properties":{"layer_id":"historis_risiko","jenis":"banjir","nama":"Bahaya banjir tinggi","sumber":"InaRISK (BNPB)","atribut":{"kelas":"tinggi"}}},{"type":"Feature","geometry":{"type":"Polygon","coordinates":[[[106.87985,-6.360914],[106.878888,-6.36064],[106.87765,-6.360914],[106.877238,-6.361324],[106.8771,-6.362007],[106.877375,-6.36228],[106.878062,-6.36228],[106.879712,-6.36146],[106.87985,-6.360914]]]},"properties":{"layer_id":"historis_risiko","jenis":"banjir","nama":"Bahaya banjir tinggi","sumber":"InaRISK (BNPB)","atribut":{"kelas":"tinggi"}}},{"type":"Feature","geometry":{"type":"Polygon","coordinates":[[[106.839287,-6.359684],[106.838875,-6.35982],[106.838325,-6.360504],[106.837225,-6.360367],[106.837087,-6.36146],[106.836675,-6.36187],[106.8364,-6.36187],[106.8364,-6.362827],[106.837087,-6.36392],[106.8386,-6.364057],[106.839012,-6.364877],[106.839562,-6.364604],[106.839562,-6.363647],[106.840113,-6.362827],[106.839425,-6.362417],[106.839287,-6.359684]]]},"properties":{"layer_id":"historis_risiko","jenis":"banjir","nama":"Bahaya banjir tinggi","sumber":"InaRISK (BNPB)","atribut":{"kelas":"tinggi"}}},{"type":"Feature","geometry":{"type":"Polygon","coordinates":[[[106.719387,-6.359547],[106.71925,-6.36105],[106.719525,-6.361597],[106.720213,-6.361597],[106.72145,-6.360914],[106.721038,-6.360914],[106.720625,-6.360094],[106.7198,-6.359547],[106.719387,-6.359547]]]},"properties":{"layer_id":"historis_risiko","jenis":"banjir","nama":"Bahaya banjir tinggi","sumber":"InaRISK (BNPB)","atribut":{"kelas":"tinggi"}}},{"type":"Feature","geometry":{"type":"Polygon","coordinates":[[[106.719662,-6.35654],[106.718288,-6.357497],[106.7187,-6.35777],[106.7187,-6.35859],[106.7198,-6.357907],[106.719938,-6.357087],[106.719662,-6.35654]]]},"properties":{"layer_id":"historis_risiko","jenis":"banjir","nama":"Bahaya banjir tinggi","sumber":"InaRISK (BNPB)","atribut":{"kelas":"tinggi"}}},{"type":"Feature","geometry":{"type":"Polygon","coordinates":[[[106.915325,-6.355174],[106.915188,-6.35613],[106.914912,-6.356404],[106.91505,-6.357497],[106.9156,-6.357634],[106.916013,-6.357087],[106.916013,-6.355857],[106.915325,-6.355174]]]},"properties":{"layer_id":"historis_risiko","jenis":"banjir","nama":"Bahaya banjir tinggi","sumber":"InaRISK (BNPB)","atribut":{"kelas":"tinggi"}}},{"type":"Feature","geometry":{"type":"Polygon","coordinates":[[[106.8375,-6.354627],[106.835988,-6.355447],[106.835437,-6.356404],[106.835575,-6.357634],[106.83695,-6.35859],[106.837087,-6.35941],[106.8375,-6.359274],[106.837637,-6.355994],[106.83805,-6.35572],[106.837637,-6.35531],[106.8375,-6.354627]]]},"properties":{"layer_id":"historis_risiko","jenis":"banjir","nama":"Bahaya banjir tinggi","sumber":"InaRISK (BNPB)","atribut":{"kelas":"tinggi"}}},{"type":"Feature","geometry":{"type":"Polygon","coordinates":[[[106.73685,-6.353944],[106.73575,-6.353944],[106.73575,-6.356404],[106.736025,-6.356267],[106.736025,-6.35531],[106.7363,-6.355037],[106.736987,-6.3549],[106.73685,-6.353944]]]},"properties":{"layer_id":"historis_risiko","jenis":"banjir","nama":"Bahaya banjir tinggi","sumber":"InaRISK (BNPB)","atribut":{"kelas":"tinggi"}}},{"type":"Feature","geometry":{"type":"Polygon","coordinates":[[[106.710863,-6.35326],[106.710588,-6.35326],[106.71045,-6.353534],[106.71045,-6.355174],[106.710175,-6.355447],[106.709488,-6.355584],[106.709625,-6.35654],[106.710863,-6.356677],[106.711,-6.354354],[106.711275,-6.35408],[106.711825,-6.35408],[106.711825,-6.35367],[106.711275,-6.35367],[106.710863,-6.35326]]]},"properties":{"layer_id":"historis_risiko","jenis":"banjir","nama":"Bahaya banjir tinggi","sumber":"InaRISK (BNPB)","atribut":{"kelas":"tinggi"}}},{"type":"Feature","geometry":{"type":"Polygon","coordinates":[[[106.798587,-6.353124],[106.79845,-6.356677],[106.798862,-6.356814],[106.799,-6.35326],[106.798587,-6.353124]]]},"properties":{"layer_id":"historis_risiko","jenis":"banjir","nama":"Bahaya banjir tinggi","sumber":"InaRISK (BNPB)","atribut":{"kelas":"tinggi"}}},{"type":"Feature","geometry":{"type":"Polygon","coordinates":[[[106.8353,-6.351757],[106.8353,-6.352714],[106.8364,-6.353124],[106.8375,-6.353124],[106.83695,-6.352304],[106.83695,-6.351894],[106.8353,-6.351757]]]},"properties":{"layer_id":"historis_risiko","jenis":"banjir","nama":"Bahaya banjir tinggi","sumber":"InaRISK (BNPB)","atribut":{"kelas":"tinggi"}}},{"type":"Feature","geometry":{"type":"Polygon","coordinates":[[[106.83035,-6.34998],[106.829937,-6.34998],[106.829937,-6.350527],[106.829525,-6.350937],[106.828288,-6.350937],[106.82815,-6.35121],[106.828838,-6.351347],[106.829113,-6.352167],[106.829387,-6.35203],[106.829662,-6.351484],[106.83035,-6.351347],[106.83035,-6.34998]]]},"properties":{"layer_id":"historis_risiko","jenis":"banjir","nama":"Bahaya banjir tinggi","sumber":"InaRISK (BNPB)","atribut":{"kelas":"tinggi"}}},{"type":"Feature","geometry":{"type":"Polygon","coordinates":[[[106.713612,-6.350117],[106.713887,-6.350937],[106.715125,-6.351894],[106.7154,-6.351894],[106.715537,-6.351347],[106.716225,-6.3508],[106.716363,-6.350254],[106.716225,-6.34998],[106.713612,-6.350117]]]},"properties":{"layer_id":"historis_risiko","jenis":"banjir","nama":"Bahaya banjir tinggi","sumber":"InaRISK (BNPB)","atribut":{"kelas":"tinggi"}}},{"type":"Feature","geometry":{"type":"Polygon","coordinates":[[[106.711687,-6.349024],[106.71155,-6.349297],[106.712238,-6.34998],[106.7132,-6.34998],[106.713338,-6.349297],[106.711687,-6.349024]]]},"properties":{"layer_id":"historis_risiko","jenis":"banjir","nama":"Bahaya banjir tinggi","sumber":"InaRISK (BNPB)","atribut":{"kelas":"tinggi"}}},{"type":"Feature","geometry":{"type":"Polygon","coordinates":[[[106.830763,-6.347383],[106.830763,-6.34957],[106.831587,-6.349434],[106.831725,-6.34752],[106.830763,-6.347383]]]},"properties":{"layer_id":"historis_risiko","jenis":"banjir","nama":"Bahaya banjir tinggi","sumber":"InaRISK (BNPB)","atribut":{"kelas":"tinggi"}}},{"type":"Feature","geometry":{"type":"Polygon","coordinates":[[[106.870638,-6.34711],[106.868713,-6.347793],[106.868575,-6.348067],[106.868713,-6.35244],[106.868988,-6.35244],[106.869538,-6.351894],[106.869675,-6.35121],[106.870775,-6.349297],[106.870913,-6.348203],[106.870638,-6.34711]]]},"properties":{"layer_id":"historis_risiko","jenis":"banjir","nama":"Bahaya banjir tinggi","sumber":"InaRISK (BNPB)","atribut":{"kelas":"tinggi"}}},{"type":"Feature","geometry":{"type":"Polygon","coordinates":[[[106.744687,-6.346427],[106.743175,-6.347383],[106.743175,-6.34834],[106.744138,-6.349707],[106.745513,-6.349844],[106.745925,-6.349297],[106.745925,-6.348203],[106.745513,-6.348203],[106.7451,-6.347793],[106.7451,-6.3467],[106.744962,-6.346427],[106.744687,-6.346427]]]},"properties":{"layer_id":"historis_risiko","jenis":"banjir","nama":"Bahaya banjir tinggi","sumber":"InaRISK (BNPB)","atribut":{"kelas":"tinggi"}}},{"type":"Feature","geometry":{"type":"Polygon","coordinates":[[[106.838325,-6.34629],[106.837775,-6.34752],[106.837775,-6.348477],[106.838188,-6.348887],[106.838463,-6.348477],[106.838463,-6.34711],[106.838738,-6.346837],[106.839287,-6.346837],[106.838325,-6.34629]]]},"properties":{"layer_id":"historis_risiko","jenis":"banjir","nama":"Bahaya banjir tinggi","sumber":"InaRISK (BNPB)","atribut":{"kelas":"tinggi"}}},{"type":"Feature","geometry":{"type":"Polygon","coordinates":[[[106.901025,-6.34465],[106.900887,-6.34588],[106.901162,-6.346017],[106.9013,-6.344787],[106.901025,-6.34465]]]},"properties":{"layer_id":"historis_risiko","jenis":"banjir","nama":"Bahaya banjir tinggi","sumber":"InaRISK (BNPB)","atribut":{"kelas":"tinggi"}}},{"type":"Feature","geometry":{"type":"Polygon","coordinates":[[[106.774525,-6.34465],[106.773425,-6.34547],[106.7726,-6.34547],[106.772463,-6.345743],[106.772463,-6.347793],[106.773013,-6.347793],[106.773288,-6.348067],[106.773288,-6.34875],[106.772875,-6.34916],[106.772463,-6.34916],[106.772463,-6.34957],[106.77205,-6.34998],[106.7715,-6.34998],[106.7715,-6.351347],[106.771088,-6.351757],[106.769712,-6.351757],[106.769712,-6.3549],[106.7704,-6.355037],[106.770675,-6.35531],[106.770538,-6.35777],[106.769712,-6.358044],[106.769712,-6.358727],[106.769438,-6.359],[106.768888,-6.359],[106.769025,-6.364194],[106.771088,-6.364057],[106.771088,-6.36351],[106.770538,-6.36351],[106.770263,-6.363237],[106.770263,-6.361734],[106.770538,-6.361324],[106.771088,-6.361324],[106.771088,-6.359957],[106.770538,-6.359957],[106.770263,-6.359684],[106.770263,-6.359],[106.771225,-6.358454],[106.771088,-6.353534],[106.771363,-6.35326],[106.772325,-6.35326],[106.772463,-6.353944],[106.772875,-6.353944],[106.772738,-6.35203],[106.773837,-6.350937],[106.773837,-6.347247],[106.774663,-6.346973],[106.774525,-6.34465]]]},"properties":{"layer_id":"historis_risiko","jenis":"banjir","nama":"Bahaya banjir tinggi","sumber":"InaRISK (BNPB)","atribut":{"kelas":"tinggi"}}},{"type":"Feature","geometry":{"type":"Polygon","coordinates":[[[106.799275,-6.343283],[106.7968,-6.344103],[106.796388,-6.34465],[106.795838,-6.34465],[106.7957,-6.345607],[106.796388,-6.346153],[106.796937,-6.346973],[106.79735,-6.346973],[106.797625,-6.347247],[106.797625,-6.34875],[106.798038,-6.34875],[106.798038,-6.34629],[106.798725,-6.34588],[106.798587,-6.344787],[106.799138,-6.344103],[106.79955,-6.343967],[106.79955,-6.343557],[106.799275,-6.343283]]]},"properties":{"layer_id":"historis_risiko","jenis":"banjir","nama":"Bahaya banjir tinggi","sumber":"InaRISK (BNPB)","atribut":{"kelas":"tinggi"}}},{"type":"Feature","geometry":{"type":"Polygon","coordinates":[[[106.824162,-6.342053],[106.822788,-6.341917],[106.822788,-6.3426],[106.822513,-6.342873],[106.821825,-6.342873],[106.821825,-6.34424],[106.82155,-6.344513],[106.820175,-6.344513],[106.8199,-6.344923],[106.820175,-6.345197],[106.8232,-6.34506],[106.8232,-6.343557],[106.823475,-6.343283],[106.824162,-6.343147],[106.824162,-6.342053]]]},"properties":{"layer_id":"historis_risiko","jenis":"banjir","nama":"Bahaya banjir tinggi","sumber":"InaRISK (BNPB)","atribut":{"kelas":"tinggi"}}},{"type":"Feature","geometry":{"type":"Polygon","coordinates":[[[106.80065,-6.34178],[106.8001,-6.34219],[106.800375,-6.3426],[106.80065,-6.3426],[106.80065,-6.34178]]]},"properties":{"layer_id":"historis_risiko","jenis":"banjir","nama":"Bahaya banjir tinggi","sumber":"InaRISK (BNPB)","atribut":{"kelas":"tinggi"}}},{"type":"Feature","geometry":{"type":"Polygon","coordinates":[[[106.899237,-6.34137],[106.899237,-6.342463],[106.900338,-6.342463],[106.900338,-6.34178],[106.899237,-6.34137]]]},"properties":{"layer_id":"historis_risiko","jenis":"banjir","nama":"Bahaya banjir tinggi","sumber":"InaRISK (BNPB)","atribut":{"kelas":"tinggi"}}},{"type":"Feature","geometry":{"type":"Polygon","coordinates":[[[106.759263,-6.34137],[106.758988,-6.341507],[106.758988,-6.344787],[106.7594,-6.34465],[106.759675,-6.343693],[106.759675,-6.341917],[106.759263,-6.34137]]]},"properties":{"layer_id":"historis_risiko","jenis":"banjir","nama":"Bahaya banjir tinggi","sumber":"InaRISK (BNPB)","atribut":{"kelas":"tinggi"}}},{"type":"Feature","geometry":{"type":"Polygon","coordinates":[[[106.741525,-6.341097],[106.740975,-6.341097],[106.740288,-6.34219],[106.740425,-6.34383],[106.7407,-6.344377],[106.741112,-6.34465],[106.742213,-6.343967],[106.742487,-6.343557],[106.742213,-6.341917],[106.741525,-6.341097]]]},"properties":{"layer_id":"historis_risiko","jenis":"banjir","nama":"Bahaya banjir tinggi","sumber":"InaRISK (BNPB)","atribut":{"kelas":"tinggi"}}},{"type":"Feature","geometry":{"type":"Polygon","coordinates":[[[106.703987,-6.34137],[106.705225,-6.34137],[106.707013,-6.340276],[106.705775,-6.34014],[106.7055,-6.339866],[106.7055,-6.339183],[106.7044,-6.339183],[106.704125,-6.33932],[106.70385,-6.340003],[106.703987,-6.34137]]]},"properties":{"layer_id":"historis_risiko","jenis":"banjir","nama":"Bahaya banjir tinggi","sumber":"InaRISK (BNPB)","atribut":{"kelas":"tinggi"}}},{"type":"Feature","geometry":{"type":"Polygon","coordinates":[[[106.8947,-6.338636],[106.894013,-6.33809],[106.8936,-6.338363],[106.892913,-6.338363],[106.892775,-6.339593],[106.893325,-6.339593],[106.893462,-6.338773],[106.8947,-6.338636]]]},"properties":{"layer_id":"historis_risiko","jenis":"banjir","nama":"Bahaya banjir tinggi","sumber":"InaRISK (BNPB)","atribut":{"kelas":"tinggi"}}},{"type":"Feature","geometry":{"type":"Polygon","coordinates":[[[106.82705,-6.337543],[106.8265,-6.337406],[106.825537,-6.337816],[106.8254,-6.338773],[106.82595,-6.338773],[106.82595,-6.33809],[106.827188,-6.337816],[106.82705,-6.337543]]]},"properties":{"layer_id":"historis_risiko","jenis":"banjir","nama":"Bahaya banjir tinggi","sumber":"InaRISK (BNPB)","atribut":{"kelas":"tinggi"}}},{"type":"Feature","geometry":{"type":"Polygon","coordinates":[[[106.773425,-6.337406],[106.773288,-6.33809],[106.773013,-6.338363],[106.772463,-6.338363],[106.772325,-6.341507],[106.772738,-6.342327],[106.7737,-6.342737],[106.773837,-6.339046],[106.77425,-6.338636],[106.774525,-6.338636],[106.774663,-6.33768],[106.773425,-6.337406]]]},"properties":{"layer_id":"historis_risiko","jenis":"banjir","nama":"Bahaya banjir tinggi","sumber":"InaRISK (BNPB)","atribut":{"kelas":"tinggi"}}},{"type":"Feature","geometry":{"type":"Polygon","coordinates":[[[106.758162,-6.336313],[106.758025,-6.33686],[106.7583,-6.337543],[106.758575,-6.337133],[106.758575,-6.336586],[106.758162,-6.336313]]]},"properties":{"layer_id":"historis_risiko","jenis":"banjir","nama":"Bahaya banjir tinggi","sumber":"InaRISK (BNPB)","atribut":{"kelas":"tinggi"}}},{"type":"Feature","geometry":{"type":"Polygon","coordinates":[[[106.723925,-6.33563],[106.723925,-6.338773],[106.724338,-6.338773],[106.724338,-6.33563],[106.723925,-6.33563]]]},"properties":{"layer_id":"historis_risiko","jenis":"banjir","nama":"Bahaya banjir tinggi","sumber":"InaRISK (BNPB)","atribut":{"kelas":"tinggi"}}},{"type":"Feature","geometry":{"type":"Polygon","coordinates":[[[106.841075,-6.33522],[106.8397,-6.33604],[106.839838,-6.33891],[106.839562,-6.339183],[106.838875,-6.339183],[106.838738,-6.34096],[106.837225,-6.341097],[106.837087,-6.34178],[106.836263,-6.342053],[106.836263,-6.343557],[106.8353,-6.34383],[106.835437,-6.34424],[106.836125,-6.34424],[106.8364,-6.344923],[106.837362,-6.344787],[106.838188,-6.345607],[106.838738,-6.34506],[106.838738,-6.343557],[106.84025,-6.341917],[106.841075,-6.34178],[106.841212,-6.341097],[106.840525,-6.341097],[106.84025,-6.340823],[106.84025,-6.340003],[106.840525,-6.33973],[106.841212,-6.33973],[106.841212,-6.33809],[106.841625,-6.337816],[106.841625,-6.337406],[106.842038,-6.336723],[106.842038,-6.33563],[106.841487,-6.33563],[106.841075,-6.33522]]]},"properties":{"layer_id":"historis_risiko","jenis":"banjir","nama":"Bahaya banjir tinggi","sumber":"InaRISK (BNPB)","atribut":{"kelas":"tinggi"}}},{"type":"Feature","geometry":{"type":"Polygon","coordinates":[[[106.850013,-6.335083],[106.850013,-6.335766],[106.849738,-6.336313],[106.849738,-6.33686],[106.850013,-6.33727],[106.850288,-6.336723],[106.850013,-6.336313],[106.850013,-6.335083]]]},"properties":{"layer_id":"historis_risiko","jenis":"banjir","nama":"Bahaya banjir tinggi","sumber":"InaRISK (BNPB)","atribut":{"kelas":"tinggi"}}},{"type":"Feature","geometry":{"type":"Polygon","coordinates":[[[106.724888,-6.334673],[106.724613,-6.335083],[106.725162,-6.335356],[106.725437,-6.334946],[106.724888,-6.334673]]]},"properties":{"layer_id":"historis_risiko","jenis":"banjir","nama":"Bahaya banjir tinggi","sumber":"InaRISK (BNPB)","atribut":{"kelas":"tinggi"}}},{"type":"Feature","geometry":{"type":"Polygon","coordinates":[[[106.831862,-6.332623],[106.831725,-6.333306],[106.832138,-6.333443],[106.832413,-6.333033],[106.831862,-6.332623]]]},"properties":{"layer_id":"historis_risiko","jenis":"banjir","nama":"Bahaya banjir tinggi","sumber":"InaRISK (BNPB)","atribut":{"kelas":"tinggi"}}},{"type":"Feature","geometry":{"type":"Polygon","coordinates":[[[106.724063,-6.331939],[106.723788,-6.332213],[106.723788,-6.334263],[106.7242,-6.334536],[106.724475,-6.334263],[106.724475,-6.332213],[106.724063,-6.331939]]]},"properties":{"layer_id":"historis_risiko","jenis":"banjir","nama":"Bahaya banjir tinggi","sumber":"InaRISK (BNPB)","atribut":{"kelas":"tinggi"}}},{"type":"Feature","geometry":{"type":"Polygon","coordinates":[[[106.908313,-6.332076],[106.90735,-6.331803],[106.907212,-6.332486],[106.9068,-6.332896],[106.904463,-6.333033],[106.904463,-6.333306],[106.903775,-6.333853],[106.9035,-6.334673],[106.9024,-6.33563],[106.901575,-6.337406],[106.901575,-6.3385],[106.902125,-6.339183],[106.902812,-6.339456],[106.903087,-6.33932],[106.903087,-6.336586],[106.9035,-6.336176],[106.905838,-6.336176],[106.90625,-6.336586],[106.90625,-6.337406],[106.906662,-6.337816],[106.907488,-6.337816],[106.908038,-6.337406],[106.908587,-6.336586],[106.908862,-6.334946],[106.908725,-6.332486],[106.908313,-6.332076]]]},"properties":{"layer_id":"historis_risiko","jenis":"banjir","nama":"Bahaya banjir tinggi","sumber":"InaRISK (BNPB)","atribut":{"kelas":"tinggi"}}},{"type":"Feature","geometry":{"type":"Polygon","coordinates":[[[106.802163,-6.331529],[106.80175,-6.332213],[106.802437,-6.332623],[106.802437,-6.331529],[106.802163,-6.331529]]]},"properties":{"layer_id":"historis_risiko","jenis":"banjir","nama":"Bahaya banjir tinggi","sumber":"InaRISK (BNPB)","atribut":{"kelas":"tinggi"}}},{"type":"Feature","geometry":{"type":"Polygon","coordinates":[[[106.79075,-6.331256],[106.790613,-6.332349],[106.791162,-6.332349],[106.791438,-6.332759],[106.791162,-6.335493],[106.7913,-6.33645],[106.791575,-6.336586],[106.79185,-6.335493],[106.791713,-6.333716],[106.791988,-6.333443],[106.792675,-6.333443],[106.792675,-6.332896],[106.79185,-6.332896],[106.791438,-6.332213],[106.791025,-6.332213],[106.79075,-6.331939],[106.79075,-6.331256]]]},"properties":{"layer_id":"historis_risiko","jenis":"banjir","nama":"Bahaya banjir tinggi","sumber":"InaRISK (BNPB)","atribut":{"kelas":"tinggi"}}},{"type":"Feature","geometry":{"type":"Polygon","coordinates":[[[106.919863,-6.331119],[106.919175,-6.331529],[106.918487,-6.332896],[106.918075,-6.333033],[106.917938,-6.337133],[106.917663,-6.337406],[106.916975,-6.337543],[106.916975,-6.338636],[106.9178,-6.338773],[106.918075,-6.339183],[106.918075,-6.340413],[106.919175,-6.340413],[106.919313,-6.340003],[106.919313,-6.336313],[106.919863,-6.33604],[106.919863,-6.335766],[106.919038,-6.335083],[106.919038,-6.334673],[106.919863,-6.333853],[106.919863,-6.331119]]]},"properties":{"layer_id":"historis_risiko","jenis":"banjir","nama":"Bahaya banjir tinggi","sumber":"InaRISK (BNPB)","atribut":{"kelas":"tinggi"}}},{"type":"Feature","geometry":{"type":"Polygon","coordinates":[[[106.7,-6.329889],[106.7,-6.333579],[106.70055,-6.333716],[106.700963,-6.334126],[106.70055,-6.334673],[106.70055,-6.336176],[106.70165,-6.336313],[106.70275,-6.335766],[106.701925,-6.335493],[106.701788,-6.333306],[106.7011,-6.332759],[106.7011,-6.330573],[106.70055,-6.330026],[106.7,-6.329889]]]},"properties":{"layer_id":"historis_risiko","jenis":"banjir","nama":"Bahaya banjir tinggi","sumber":"InaRISK (BNPB)","atribut":{"kelas":"tinggi"}}},{"type":"Feature","geometry":{"type":"Polygon","coordinates":[[[106.7242,-6.329206],[106.722963,-6.329343],[106.722825,-6.331529],[106.7231,-6.331803],[106.72365,-6.331529],[106.723512,-6.330299],[106.723788,-6.329889],[106.724338,-6.329889],[106.7242,-6.329206]]]},"properties":{"layer_id":"historis_risiko","jenis":"banjir","nama":"Bahaya banjir tinggi","sumber":"InaRISK (BNPB)","atribut":{"kelas":"tinggi"}}},{"type":"Feature","geometry":{"type":"Polygon","coordinates":[[[106.810275,-6.328932],[106.810137,-6.329753],[106.811375,-6.330026],[106.811513,-6.329479],[106.810825,-6.329343],[106.81055,-6.328932],[106.810275,-6.328932]]]},"properties":{"layer_id":"historis_risiko","jenis":"banjir","nama":"Bahaya banjir tinggi","sumber":"InaRISK (BNPB)","atribut":{"kelas":"tinggi"}}},{"type":"Feature","geometry":{"type":"Polygon","coordinates":[[[106.841075,-6.328249],[106.840525,-6.328659],[106.840388,-6.329753],[106.841075,-6.332486],[106.841487,-6.333306],[106.8419,-6.333443],[106.842038,-6.332759],[106.842313,-6.332486],[106.843,-6.332486],[106.843,-6.331939],[106.843275,-6.331666],[106.843688,-6.331666],[106.843825,-6.331256],[106.842313,-6.331119],[106.842038,-6.330846],[106.842038,-6.330299],[106.841212,-6.330163],[106.841075,-6.328249]]]},"properties":{"layer_id":"historis_risiko","jenis":"banjir","nama":"Bahaya banjir tinggi","sumber":"InaRISK (BNPB)","atribut":{"kelas":"tinggi"}}},{"type":"Feature","geometry":{"type":"Polygon","coordinates":[[[106.778238,-6.327156],[106.777825,-6.327156],[106.777138,-6.327566],[106.776175,-6.327566],[106.776038,-6.327839],[106.776863,-6.328112],[106.777,-6.329889],[106.776725,-6.330299],[106.776038,-6.330299],[106.776175,-6.332623],[106.7759,-6.332896],[106.775075,-6.333033],[106.775213,-6.334126],[106.776313,-6.334126],[106.776313,-6.331939],[106.776725,-6.331529],[106.776863,-6.330573],[106.777412,-6.330026],[106.7781,-6.330026],[106.7781,-6.328386],[106.778513,-6.327839],[106.778238,-6.327156]]]},"properties":{"layer_id":"historis_risiko","jenis":"banjir","nama":"Bahaya banjir tinggi","sumber":"InaRISK (BNPB)","atribut":{"kelas":"tinggi"}}},{"type":"Feature","geometry":{"type":"Polygon","coordinates":[[[106.859638,-6.326062],[106.8595,-6.327976],[106.860187,-6.327976],[106.860462,-6.328249],[106.8606,-6.329206],[106.860875,-6.328796],[106.860737,-6.326062],[106.859638,-6.326062]]]},"properties":{"layer_id":"historis_risiko","jenis":"banjir","nama":"Bahaya banjir tinggi","sumber":"InaRISK (BNPB)","atribut":{"kelas":"tinggi"}}},{"type":"Feature","geometry":{"type":"Polygon","coordinates":[[[106.764625,-6.326062],[106.764212,-6.326472],[106.764212,-6.326882],[106.764488,-6.327156],[106.764625,-6.326062]]]},"properties":{"layer_id":"historis_risiko","jenis":"banjir","nama":"Bahaya banjir tinggi","sumber":"InaRISK (BNPB)","atribut":{"kelas":"tinggi"}}},{"type":"Feature","geometry":{"type":"Polygon","coordinates":[[[106.756512,-6.326199],[106.755963,-6.326746],[106.7561,-6.327839],[106.757063,-6.327976],[106.757338,-6.328932],[106.758162,-6.328932],[106.758988,-6.329889],[106.759263,-6.329889],[106.759263,-6.327839],[106.758575,-6.327292],[106.758437,-6.326746],[106.757475,-6.326062],[106.756512,-6.326199]]]},"properties":{"layer_id":"historis_risiko","jenis":"banjir","nama":"Bahaya banjir tinggi","sumber":"InaRISK (BNPB)","atribut":{"kelas":"tinggi"}}},{"type":"Feature","geometry":{"type":"Polygon","coordinates":[[[106.880538,-6.325789],[106.880263,-6.326472],[106.880263,-6.327292],[106.880538,-6.327839],[106.88095,-6.327839],[106.8815,-6.327019],[106.8815,-6.325926],[106.880538,-6.325789]]]},"properties":{"layer_id":"historis_risiko","jenis":"banjir","nama":"Bahaya banjir tinggi","sumber":"InaRISK (BNPB)","atribut":{"kelas":"tinggi"}}},{"type":"Feature","geometry":{"type":"Polygon","coordinates":[[[106.830763,-6.324969],[106.8309,-6.325789],[106.831862,-6.325242],[106.831038,-6.324832],[106.830763,-6.324969]]]},"properties":{"layer_id":"historis_risiko","jenis":"banjir","nama":"Bahaya banjir tinggi","sumber":"InaRISK (BNPB)","atribut":{"kelas":"tinggi"}}},{"type":"Feature","geometry":{"type":"Polygon","coordinates":[[[106.779063,-6.323465],[106.779063,-6.325106],[106.778375,-6.325926],[106.778375,-6.326199],[106.778788,-6.326472],[106.779063,-6.326472],[106.7792,-6.326062],[106.779063,-6.323465]]]},"properties":{"layer_id":"historis_risiko","jenis":"banjir","nama":"Bahaya banjir tinggi","sumber":"InaRISK (BNPB)","atribut":{"kelas":"tinggi"}}},{"type":"Feature","geometry":{"type":"Polygon","coordinates":[[[106.858812,-6.323192],[106.858675,-6.324285],[106.859363,-6.324422],[106.859638,-6.324969],[106.859913,-6.324969],[106.859913,-6.323329],[106.858812,-6.323192]]]},"properties":{"layer_id":"historis_risiko","jenis":"banjir","nama":"Bahaya banjir tinggi","sumber":"InaRISK (BNPB)","atribut":{"kelas":"tinggi"}}},{"type":"Feature","geometry":{"type":"Polygon","coordinates":[[[106.880125,-6.323192],[106.880675,-6.324422],[106.881912,-6.324422],[106.882188,-6.324695],[106.882188,-6.323329],[106.881775,-6.324012],[106.880813,-6.324012],[106.880675,-6.323192],[106.880125,-6.323192]]]},"properties":{"layer_id":"historis_risiko","jenis":"banjir","nama":"Bahaya banjir tinggi","sumber":"InaRISK (BNPB)","atribut":{"kelas":"tinggi"}}},{"type":"Feature","geometry":{"type":"Polygon","coordinates":[[[106.84795,-6.323055],[106.847813,-6.323329],[106.848088,-6.323739],[106.848363,-6.323192],[106.84795,-6.323055]]]},"properties":{"layer_id":"historis_risiko","jenis":"banjir","nama":"Bahaya banjir tinggi","sumber":"InaRISK (BNPB)","atribut":{"kelas":"tinggi"}}},{"type":"Feature","geometry":{"type":"Polygon","coordinates":[[[106.841075,-6.321689],[106.8408,-6.321689],[106.839975,-6.322372],[106.841075,-6.322372],[106.841075,-6.321689]]]},"properties":{"layer_id":"historis_risiko","jenis":"banjir","nama":"Bahaya banjir tinggi","sumber":"InaRISK (BNPB)","atribut":{"kelas":"tinggi"}}},{"type":"Feature","geometry":{"type":"Polygon","coordinates":[[[106.701788,-6.321415],[106.701513,-6.321962],[106.70165,-6.324149],[106.702062,-6.323739],[106.702337,-6.322372],[106.7022,-6.321689],[106.701788,-6.321415]]]},"properties":{"layer_id":"historis_risiko","jenis":"banjir","nama":"Bahaya banjir tinggi","sumber":"InaRISK (BNPB)","atribut":{"kelas":"tinggi"}}},{"type":"Feature","geometry":{"type":"Polygon","coordinates":[[[106.879438,-6.321279],[106.879025,-6.321689],[106.879025,-6.322372],[106.879575,-6.322919],[106.87985,-6.322919],[106.879987,-6.321552],[106.879438,-6.321279]]]},"properties":{"layer_id":"historis_risiko","jenis":"banjir","nama":"Bahaya banjir tinggi","sumber":"InaRISK (BNPB)","atribut":{"kelas":"tinggi"}}},{"type":"Feature","geometry":{"type":"Polygon","coordinates":[[[106.734787,-6.320185],[106.73465,-6.321415],[106.734787,-6.321825],[106.735062,-6.321825],[106.7352,-6.320595],[106.734787,-6.320185]]]},"properties":{"layer_id":"historis_risiko","jenis":"banjir","nama":"Bahaya banjir tinggi","sumber":"InaRISK (BNPB)","atribut":{"kelas":"tinggi"}}},{"type":"Feature","geometry":{"type":"Polygon","coordinates":[[[106.9101,-6.319092],[106.909137,-6.319092],[106.908725,-6.319502],[106.908038,-6.319502],[106.908038,-6.321689],[106.907625,-6.322099],[106.907212,-6.322099],[106.907212,-6.323739],[106.906525,-6.324149],[106.907212,-6.324969],[106.907075,-6.326472],[106.90735,-6.327702],[106.9079,-6.327429],[106.909137,-6.325926],[106.908587,-6.325516],[106.908587,-6.324695],[106.909137,-6.324285],[106.90955,-6.321005],[106.910925,-6.320732],[106.910925,-6.320322],[106.9101,-6.319092]]]},"properties":{"layer_id":"historis_risiko","jenis":"banjir","nama":"Bahaya banjir tinggi","sumber":"InaRISK (BNPB)","atribut":{"kelas":"tinggi"}}},{"type":"Feature","geometry":{"type":"Polygon","coordinates":[[[106.704262,-6.318682],[106.704262,-6.319228],[106.70385,-6.319638],[106.703438,-6.319638],[106.702475,-6.320595],[106.702475,-6.321005],[106.702888,-6.321415],[106.703575,-6.321552],[106.70385,-6.320869],[106.704675,-6.320732],[106.704675,-6.319365],[106.704262,-6.318682]]]},"properties":{"layer_id":"historis_risiko","jenis":"banjir","nama":"Bahaya banjir tinggi","sumber":"InaRISK (BNPB)","atribut":{"kelas":"tinggi"}}},{"type":"Feature","geometry":{"type":"Polygon","coordinates":[[[106.710175,-6.318545],[106.7099,-6.318955],[106.7099,-6.319775],[106.711138,-6.319912],[106.711413,-6.320185],[106.711413,-6.322919],[106.71045,-6.323055],[106.71045,-6.324285],[106.710725,-6.324422],[106.711687,-6.323329],[106.711825,-6.321962],[106.7121,-6.321689],[106.712788,-6.321552],[106.712788,-6.320458],[106.7121,-6.320322],[106.711825,-6.320048],[106.711825,-6.319502],[106.711413,-6.319502],[106.711,-6.319092],[106.711,-6.318545],[106.710175,-6.318545]]]},"properties":{"layer_id":"historis_risiko","jenis":"banjir","nama":"Bahaya banjir tinggi","sumber":"InaRISK (BNPB)","atribut":{"kelas":"tinggi"}}},{"type":"Feature","geometry":{"type":"Polygon","coordinates":[[[106.720763,-6.317725],[106.720763,-6.317998],[106.722138,-6.318272],[106.722413,-6.317998],[106.722,-6.317862],[106.721587,-6.317315],[106.720763,-6.317725]]]},"properties":{"layer_id":"historis_risiko","jenis":"banjir","nama":"Bahaya banjir tinggi","sumber":"InaRISK (BNPB)","atribut":{"kelas":"tinggi"}}},{"type":"Feature","geometry":{"type":"Polygon","coordinates":[[[106.808763,-6.317178],[106.807525,-6.316905],[106.807525,-6.317452],[106.807113,-6.317862],[106.8067,-6.317862],[106.8067,-6.320732],[106.807525,-6.320732],[106.8078,-6.320595],[106.8078,-6.320185],[106.808075,-6.319912],[106.8089,-6.319775],[106.808763,-6.317178]]]},"properties":{"layer_id":"historis_risiko","jenis":"banjir","nama":"Bahaya banjir tinggi","sumber":"InaRISK (BNPB)","atribut":{"kelas":"tinggi"}}},{"type":"Feature","geometry":{"type":"Polygon","coordinates":[[[106.871325,-6.316768],[106.871188,-6.317998],[106.8716,-6.318135],[106.871875,-6.316905],[106.871325,-6.316768]]]},"properties":{"layer_id":"historis_risiko","jenis":"banjir","nama":"Bahaya banjir tinggi","sumber":"InaRISK (BNPB)","atribut":{"kelas":"tinggi"}}},{"type":"Feature","geometry":{"type":"Polygon","coordinates":[[[106.857713,-6.316495],[106.857025,-6.317178],[106.857025,-6.318135],[106.85785,-6.318955],[106.858675,-6.319365],[106.858812,-6.321005],[106.859913,-6.321005],[106.8606,-6.321415],[106.861288,-6.319912],[106.861288,-6.318682],[106.860875,-6.318408],[106.860737,-6.317862],[106.86005,-6.317588],[106.859913,-6.316768],[106.858262,-6.316358],[106.857713,-6.316495]]]},"properties":{"layer_id":"historis_risiko","jenis":"banjir","nama":"Bahaya banjir tinggi","sumber":"InaRISK (BNPB)","atribut":{"kelas":"tinggi"}}},{"type":"Feature","geometry":{"type":"Polygon","coordinates":[[[106.750462,-6.315401],[106.75005,-6.316221],[106.750462,-6.316905],[106.751013,-6.317041],[106.751288,-6.316085],[106.750875,-6.315401],[106.750462,-6.315401]]]},"properties":{"layer_id":"historis_risiko","jenis":"banjir","nama":"Bahaya banjir tinggi","sumber":"InaRISK (BNPB)","atribut":{"kelas":"tinggi"}}},{"type":"Feature","geometry":{"type":"Polygon","coordinates":[[[106.85015,-6.315948],[106.849325,-6.315538],[106.849325,-6.314991],[106.846987,-6.314991],[106.846987,-6.315401],[106.846575,-6.315811],[106.846025,-6.315811],[106.846025,-6.316495],[106.84575,-6.316768],[106.843412,-6.316768],[106.843412,-6.317315],[106.843137,-6.317725],[106.840663,-6.317725],[106.840525,-6.318545],[106.839012,-6.318545],[106.838875,-6.318818],[106.83915,-6.319228],[106.840113,-6.319365],[106.8408,-6.318682],[106.84135,-6.318682],[106.842038,-6.319092],[106.84355,-6.319092],[106.843825,-6.318955],[106.843963,-6.318408],[106.8452,-6.317315],[106.845613,-6.317315],[106.846438,-6.317725],[106.847262,-6.318545],[106.848225,-6.318818],[106.8496,-6.317862],[106.849325,-6.317041],[106.85015,-6.315948]]]},"properties":{"layer_id":"historis_risiko","jenis":"banjir","nama":"Bahaya banjir tinggi","sumber":"InaRISK (BNPB)","atribut":{"kelas":"tinggi"}}},{"type":"Feature","geometry":{"type":"Polygon","coordinates":[[[106.72915,-6.314171],[106.729563,-6.314581],[106.731625,-6.314991],[106.731625,-6.314035],[106.72915,-6.314171]]]},"properties":{"layer_id":"historis_risiko","jenis":"banjir","nama":"Bahaya banjir tinggi","sumber":"InaRISK (BNPB)","atribut":{"kelas":"tinggi"}}},{"type":"Feature","geometry":{"type":"Polygon","coordinates":[[[106.8507,-6.313214],[106.850562,-6.313488],[106.850837,-6.314308],[106.85125,-6.313351],[106.8507,-6.313214]]]},"properties":{"layer_id":"historis_risiko","jenis":"banjir","nama":"Bahaya banjir tinggi","sumber":"InaRISK (BNPB)","atribut":{"kelas":"tinggi"}}},{"type":"Feature","geometry":{"type":"Polygon","coordinates":[[[106.710863,-6.312941],[106.710037,-6.313214],[106.709213,-6.314445],[106.709213,-6.315128],[106.709762,-6.315811],[106.710037,-6.315675],[106.710037,-6.313898],[106.710313,-6.313624],[106.711,-6.313624],[106.710863,-6.312941]]]},"properties":{"layer_id":"historis_risiko","jenis":"banjir","nama":"Bahaya banjir tinggi","sumber":"InaRISK (BNPB)","atribut":{"kelas":"tinggi"}}},{"type":"Feature","geometry":{"type":"Polygon","coordinates":[[[106.9068,-6.312258],[106.905425,-6.312258],[106.905425,-6.313624],[106.905012,-6.314035],[106.904463,-6.314035],[106.904463,-6.314718],[106.904188,-6.314991],[106.9035,-6.315128],[106.9035,-6.316221],[106.90405,-6.316221],[106.904188,-6.315401],[106.90515,-6.315401],[106.905425,-6.315675],[106.905425,-6.316358],[106.9068,-6.316358],[106.9068,-6.314991],[106.906113,-6.314991],[106.905838,-6.314581],[106.905838,-6.314035],[106.90625,-6.313624],[106.9068,-6.313624],[106.9068,-6.312258]]]},"properties":{"layer_id":"historis_risiko","jenis":"banjir","nama":"Bahaya banjir tinggi","sumber":"InaRISK (BNPB)","atribut":{"kelas":"tinggi"}}},{"type":"Feature","geometry":{"type":"Polygon","coordinates":[[[106.853037,-6.310618],[106.852487,-6.310481],[106.85235,-6.311301],[106.851525,-6.311438],[106.851663,-6.312941],[106.852625,-6.312668],[106.853037,-6.310618]]]},"properties":{"layer_id":"historis_risiko","jenis":"banjir","nama":"Bahaya banjir tinggi","sumber":"InaRISK (BNPB)","atribut":{"kelas":"tinggi"}}},{"type":"Feature","geometry":{"type":"Polygon","coordinates":[[[106.9145,-6.309934],[106.914637,-6.311574],[106.915188,-6.311984],[106.915188,-6.312531],[106.914775,-6.313214],[106.914775,-6.314581],[106.915463,-6.315265],[106.916013,-6.314718],[106.91615,-6.314171],[106.915463,-6.312258],[106.914912,-6.311438],[106.9145,-6.309934]]]},"properties":{"layer_id":"historis_risiko","jenis":"banjir","nama":"Bahaya banjir tinggi","sumber":"InaRISK (BNPB)","atribut":{"kelas":"tinggi"}}},{"type":"Feature","geometry":{"type":"Polygon","coordinates":[[[106.807525,-6.309524],[106.807113,-6.310618],[106.80725,-6.310891],[106.8078,-6.311028],[106.808075,-6.310754],[106.808075,-6.310071],[106.8078,-6.309524],[106.807525,-6.309524]]]},"properties":{"layer_id":"historis_risiko","jenis":"banjir","nama":"Bahaya banjir tinggi","sumber":"InaRISK (BNPB)","atribut":{"kelas":"tinggi"}}},{"type":"Feature","geometry":{"type":"Polygon","coordinates":[[[106.875862,-6.309387],[106.875862,-6.311164],[106.876825,-6.311711],[106.877787,-6.311301],[106.878062,-6.310344],[106.877925,-6.309387],[106.875862,-6.309387]]]},"properties":{"layer_id":"historis_risiko","jenis":"banjir","nama":"Bahaya banjir tinggi","sumber":"InaRISK (BNPB)","atribut":{"kelas":"tinggi"}}},{"type":"Feature","geometry":{"type":"Polygon","coordinates":[[[106.773425,-6.308841],[106.773288,-6.311028],[106.773975,-6.311028],[106.77425,-6.311301],[106.77425,-6.313761],[106.774938,-6.314445],[106.7748,-6.315265],[106.775762,-6.315401],[106.776038,-6.315675],[106.776175,-6.316358],[106.777687,-6.316358],[106.777963,-6.317452],[106.779337,-6.317315],[106.779612,-6.317588],[106.779612,-6.318135],[106.7792,-6.318545],[106.778375,-6.318545],[106.7781,-6.318272],[106.777963,-6.318408],[106.777963,-6.321415],[106.778925,-6.320732],[106.780025,-6.321142],[106.78085,-6.320322],[106.780988,-6.320732],[106.7814,-6.321005],[106.7814,-6.321552],[106.781813,-6.321689],[106.78195,-6.320595],[106.781813,-6.320185],[106.780988,-6.319912],[106.781262,-6.319228],[106.781262,-6.318408],[106.780988,-6.317725],[106.780438,-6.317725],[106.780163,-6.317452],[106.780025,-6.315538],[106.77865,-6.314991],[106.777687,-6.314991],[106.777412,-6.314718],[106.777412,-6.313214],[106.776863,-6.313214],[106.77645,-6.312804],[106.77645,-6.311438],[106.7759,-6.311438],[106.775625,-6.311164],[106.775487,-6.309934],[106.774388,-6.309661],[106.773425,-6.308841]]]},"properties":{"layer_id":"historis_risiko","jenis":"banjir","nama":"Bahaya banjir tinggi","sumber":"InaRISK (BNPB)","atribut":{"kelas":"tinggi"}}},{"type":"Feature","geometry":{"type":"Polygon","coordinates":[[[106.741112,-6.308294],[106.741112,-6.312121],[106.7407,-6.312394],[106.740288,-6.312258],[106.74015,-6.312668],[106.740837,-6.312804],[106.740975,-6.313488],[106.741388,-6.313624],[106.741388,-6.311984],[106.741938,-6.311711],[106.741938,-6.311438],[106.741525,-6.310891],[106.741112,-6.310754],[106.7418,-6.310618],[106.741388,-6.310207],[106.741525,-6.308977],[106.741112,-6.308294]]]},"properties":{"layer_id":"historis_risiko","jenis":"banjir","nama":"Bahaya banjir tinggi","sumber":"InaRISK (BNPB)","atribut":{"kelas":"tinggi"}}},{"type":"Feature","geometry":{"type":"Polygon","coordinates":[[[106.8804,-6.307884],[106.881225,-6.309797],[106.88205,-6.310618],[106.882325,-6.311848],[106.882188,-6.312941],[106.881912,-6.313351],[106.882188,-6.314308],[106.882188,-6.315401],[106.881912,-6.315811],[106.881912,-6.316768],[106.88205,-6.317041],[106.882463,-6.317041],[106.883425,-6.316358],[106.883562,-6.313488],[106.884113,-6.310618],[106.8837,-6.309934],[106.882875,-6.309524],[106.882325,-6.308704],[106.881225,-6.307884],[106.8804,-6.307884]]]},"properties":{"layer_id":"historis_risiko","jenis":"banjir","nama":"Bahaya banjir tinggi","sumber":"InaRISK (BNPB)","atribut":{"kelas":"tinggi"}}},{"type":"Feature","geometry":{"type":"Polygon","coordinates":[[[106.7,-6.30679],[106.7,-6.308841],[106.700412,-6.308294],[106.701238,-6.308294],[106.701513,-6.308567],[106.701513,-6.309114],[106.702888,-6.308977],[106.7033,-6.309251],[106.703438,-6.309934],[106.703713,-6.309934],[106.704125,-6.310344],[106.704125,-6.312668],[106.7044,-6.313351],[106.7055,-6.311984],[106.70605,-6.310071],[106.705912,-6.309114],[106.705638,-6.308704],[106.705088,-6.308431],[106.703713,-6.308294],[106.701925,-6.3072],[106.700688,-6.30679],[106.7,-6.30679]]]},"properties":{"layer_id":"historis_risiko","jenis":"banjir","nama":"Bahaya banjir tinggi","sumber":"InaRISK (BNPB)","atribut":{"kelas":"tinggi"}}},{"type":"Feature","geometry":{"type":"Polygon","coordinates":[[[106.833925,-6.306107],[106.832963,-6.306107],[106.832963,-6.30638],[106.83365,-6.306654],[106.833925,-6.306107]]]},"properties":{"layer_id":"historis_risiko","jenis":"banjir","nama":"Bahaya banjir tinggi","sumber":"InaRISK (BNPB)","atribut":{"kelas":"tinggi"}}},{"type":"Feature","geometry":{"type":"Polygon","coordinates":[[[106.802163,-6.30597],[106.802025,-6.307337],[106.802575,-6.307337],[106.802575,-6.306107],[106.802163,-6.30597]]]},"properties":{"layer_id":"historis_risiko","jenis":"banjir","nama":"Bahaya banjir tinggi","sumber":"InaRISK (BNPB)","atribut":{"kelas":"tinggi"}}},{"type":"Feature","geometry":{"type":"Polygon","coordinates":[[[106.7231,-6.305424],[106.722963,-6.308977],[106.723237,-6.309387],[106.723788,-6.308841],[106.723512,-6.308157],[106.72365,-6.307064],[106.7231,-6.306107],[106.7231,-6.305424]]]},"properties":{"layer_id":"historis_risiko","jenis":"banjir","nama":"Bahaya banjir tinggi","sumber":"InaRISK (BNPB)","atribut":{"kelas":"tinggi"}}},{"type":"Feature","geometry":{"type":"Polygon","coordinates":[[[106.8716,-6.306107],[106.8705,-6.305697],[106.870225,-6.305287],[106.869125,-6.305287],[106.868437,-6.306107],[106.8683,-6.306654],[106.867888,-6.306927],[106.867888,-6.307474],[106.868575,-6.306927],[106.871463,-6.306654],[106.8716,-6.306107]]]},"properties":{"layer_id":"historis_risiko","jenis":"banjir","nama":"Bahaya banjir tinggi","sumber":"InaRISK (BNPB)","atribut":{"kelas":"tinggi"}}},{"type":"Feature","geometry":{"type":"Polygon","coordinates":[[[106.774113,-6.30474],[106.773975,-6.305424],[106.774388,-6.305834],[106.774388,-6.30638],[106.774663,-6.30597],[106.774525,-6.304877],[106.774113,-6.30474]]]},"properties":{"layer_id":"historis_risiko","jenis":"banjir","nama":"Bahaya banjir tinggi","sumber":"InaRISK (BNPB)","atribut":{"kelas":"tinggi"}}},{"type":"Feature","geometry":{"type":"Polygon","coordinates":[[[106.90515,-6.304467],[106.904737,-6.304193],[106.903638,-6.304193],[106.9035,-6.305014],[106.902812,-6.30515],[106.902538,-6.30597],[106.901713,-6.306107],[106.90185,-6.307611],[106.903913,-6.307611],[106.904188,-6.307337],[106.904875,-6.307337],[106.90515,-6.304467]]]},"properties":{"layer_id":"historis_risiko","jenis":"banjir","nama":"Bahaya banjir tinggi","sumber":"InaRISK (BNPB)","atribut":{"kelas":"tinggi"}}},{"type":"Feature","geometry":{"type":"Polygon","coordinates":[[[106.7495,-6.303373],[106.749363,-6.305287],[106.749775,-6.307337],[106.749225,-6.308021],[106.7495,-6.308431],[106.749363,-6.310071],[106.749913,-6.311301],[106.750325,-6.311711],[106.751288,-6.310618],[106.752112,-6.308977],[106.752112,-6.307747],[106.751425,-6.306244],[106.751013,-6.304057],[106.750325,-6.303373],[106.7495,-6.303373]]]},"properties":{"layer_id":"historis_risiko","jenis":"banjir","nama":"Bahaya banjir tinggi","sumber":"InaRISK (BNPB)","atribut":{"kelas":"tinggi"}}},{"type":"Feature","geometry":{"type":"Polygon","coordinates":[[[106.709075,-6.302007],[106.7088,-6.302007],[106.707563,-6.30351],[106.7077,-6.30474],[106.708525,-6.305287],[106.709075,-6.305287],[106.7099,-6.304877],[106.710725,-6.304057],[106.710588,-6.303373],[106.709075,-6.302007]]]},"properties":{"layer_id":"historis_risiko","jenis":"banjir","nama":"Bahaya banjir tinggi","sumber":"InaRISK (BNPB)","atribut":{"kelas":"tinggi"}}},{"type":"Feature","geometry":{"type":"Polygon","coordinates":[[[106.763388,-6.300776],[106.763525,-6.30105],[106.764763,-6.300913],[106.764625,-6.30064],[106.763388,-6.300776]]]},"properties":{"layer_id":"historis_risiko","jenis":"banjir","nama":"Bahaya banjir tinggi","sumber":"InaRISK (BNPB)","atribut":{"kelas":"tinggi"}}},{"type":"Feature","geometry":{"type":"Polygon","coordinates":[[[106.787037,-6.300093],[106.786763,-6.300366],[106.786763,-6.300913],[106.787037,-6.301323],[106.788413,-6.302143],[106.789375,-6.3031],[106.789788,-6.304057],[106.790613,-6.30392],[106.7913,-6.30351],[106.790887,-6.3031],[106.79075,-6.301323],[106.789925,-6.300503],[106.789788,-6.29982],[106.787725,-6.30023],[106.787037,-6.300093]]]},"properties":{"layer_id":"historis_risiko","jenis":"banjir","nama":"Bahaya banjir tinggi","sumber":"InaRISK (BNPB)","atribut":{"kelas":"tinggi"}}},{"type":"Feature","geometry":{"type":"Polygon","coordinates":[[[106.828975,-6.298863],[106.828563,-6.298863],[106.827875,-6.299546],[106.827325,-6.299683],[106.827325,-6.30105],[106.8276,-6.30105],[106.828012,-6.30064],[106.828975,-6.298863]]]},"properties":{"layer_id":"historis_risiko","jenis":"banjir","nama":"Bahaya banjir tinggi","sumber":"InaRISK (BNPB)","atribut":{"kelas":"tinggi"}}},{"type":"Feature","geometry":{"type":"Polygon","coordinates":[[[106.744275,-6.298863],[106.744962,-6.29982],[106.745925,-6.30064],[106.7462,-6.30023],[106.745925,-6.299273],[106.744825,-6.298726],[106.744275,-6.298863]]]},"properties":{"layer_id":"historis_risiko","jenis":"banjir","nama":"Bahaya banjir tinggi","sumber":"InaRISK (BNPB)","atribut":{"kelas":"tinggi"}}},{"type":"Feature","geometry":{"type":"Polygon","coordinates":[[[106.731212,-6.298589],[106.731075,-6.299136],[106.731488,-6.299273],[106.731488,-6.298589],[106.731212,-6.298589]]]},"properties":{"layer_id":"historis_risiko","jenis":"banjir","nama":"Bahaya banjir tinggi","sumber":"InaRISK (BNPB)","atribut":{"kelas":"tinggi"}}},{"type":"Feature","geometry":{"type":"Polygon","coordinates":[[[106.72475,-6.298453],[106.723925,-6.298589],[106.724063,-6.3031],[106.725162,-6.30269],[106.725437,-6.300913],[106.725162,-6.29982],[106.725575,-6.298863],[106.72475,-6.298453]]]},"properties":{"layer_id":"historis_risiko","jenis":"banjir","nama":"Bahaya banjir tinggi","sumber":"InaRISK (BNPB)","atribut":{"kelas":"tinggi"}}},{"type":"Feature","geometry":{"type":"Polygon","coordinates":[[[106.70825,-6.298999],[106.7077,-6.298453],[106.707013,-6.298453],[106.705912,-6.299136],[106.705638,-6.29982],[106.70715,-6.300366],[106.7077,-6.30023],[106.70825,-6.299683],[106.70825,-6.298999]]]},"properties":{"layer_id":"historis_risiko","jenis":"banjir","nama":"Bahaya banjir tinggi","sumber":"InaRISK (BNPB)","atribut":{"kelas":"tinggi"}}},{"type":"Feature","geometry":{"type":"Polygon","coordinates":[[[106.913675,-6.297496],[106.91175,-6.298453],[106.911475,-6.299136],[106.911613,-6.300366],[106.910925,-6.300776],[106.91065,-6.30146],[106.909963,-6.301596],[106.909963,-6.30187],[106.910375,-6.302553],[106.910925,-6.30269],[106.911613,-6.301733],[106.913125,-6.30064],[106.914362,-6.30064],[106.914775,-6.30105],[106.91505,-6.302007],[106.9145,-6.302553],[106.914362,-6.3031],[106.913675,-6.303237],[106.9134,-6.303647],[106.913538,-6.30433],[106.914637,-6.30433],[106.914912,-6.302827],[106.9156,-6.302827],[106.916013,-6.302007],[106.916562,-6.302007],[106.916562,-6.30146],[106.916975,-6.30105],[106.917663,-6.30105],[106.917938,-6.301323],[106.918487,-6.301186],[106.919038,-6.30064],[106.919175,-6.300093],[106.917663,-6.298726],[106.91615,-6.297906],[106.914912,-6.297496],[106.913675,-6.297496]]]},"properties":{"layer_id":"historis_risiko","jenis":"banjir","nama":"Bahaya banjir tinggi","sumber":"InaRISK (BNPB)","atribut":{"kelas":"tinggi"}}},{"type":"Feature","geometry":{"type":"Polygon","coordinates":[[[106.893738,-6.296129],[106.893738,-6.298179],[106.894013,-6.298316],[106.89415,-6.296129],[106.893738,-6.296129]]]},"properties":{"layer_id":"historis_risiko","jenis":"banjir","nama":"Bahaya banjir tinggi","sumber":"InaRISK (BNPB)","atribut":{"kelas":"tinggi"}}},{"type":"Feature","geometry":{"type":"Polygon","coordinates":[[[106.766137,-6.296949],[106.766137,-6.299136],[106.766413,-6.299546],[106.766688,-6.299136],[106.766688,-6.298589],[106.766963,-6.298316],[106.767925,-6.298179],[106.7682,-6.297769],[106.769163,-6.297769],[106.770538,-6.298999],[106.77095,-6.29982],[106.771775,-6.300503],[106.773013,-6.300366],[106.773837,-6.299956],[106.773837,-6.298726],[106.772188,-6.298589],[106.77205,-6.297769],[106.771225,-6.297223],[106.77095,-6.296266],[106.770538,-6.296266],[106.770125,-6.295856],[106.769025,-6.295992],[106.768062,-6.295719],[106.766963,-6.296949],[106.766137,-6.296949]]]},"properties":{"layer_id":"historis_risiko","jenis":"banjir","nama":"Bahaya banjir tinggi","sumber":"InaRISK (BNPB)","atribut":{"kelas":"tinggi"}}},{"type":"Feature","geometry":{"type":"Polygon","coordinates":[[[106.894563,-6.295172],[106.894563,-6.295719],[106.895112,-6.295719],[106.895112,-6.295172],[106.894563,-6.295172]]]},"properties":{"layer_id":"historis_risiko","jenis":"banjir","nama":"Bahaya banjir tinggi","sumber":"InaRISK (BNPB)","atribut":{"kelas":"tinggi"}}},{"type":"Feature","geometry":{"type":"Polygon","coordinates":[[[106.740288,-6.295309],[106.741112,-6.296539],[106.741525,-6.296676],[106.742487,-6.296402],[106.741388,-6.295309],[106.740288,-6.295309]]]},"properties":{"layer_id":"historis_risiko","jenis":"banjir","nama":"Bahaya banjir tinggi","sumber":"InaRISK (BNPB)","atribut":{"kelas":"tinggi"}}},{"type":"Feature","geometry":{"type":"Polygon","coordinates":[[[106.818525,-6.294762],[106.817975,-6.295172],[106.817288,-6.295172],[106.817425,-6.300503],[106.81825,-6.30023],[106.8188,-6.299136],[106.8177,-6.298179],[106.818525,-6.297633],[106.818663,-6.297223],[106.818525,-6.294762]]]},"properties":{"layer_id":"historis_risiko","jenis":"banjir","nama":"Bahaya banjir tinggi","sumber":"InaRISK (BNPB)","atribut":{"kelas":"tinggi"}}},{"type":"Feature","geometry":{"type":"Polygon","coordinates":[[[106.804913,-6.293942],[106.804775,-6.294762],[106.805188,-6.294762],[106.8056,-6.295172],[106.805463,-6.296676],[106.804775,-6.296949],[106.804775,-6.297496],[106.8045,-6.297906],[106.803813,-6.297906],[106.803813,-6.30187],[106.803538,-6.30228],[106.802988,-6.302417],[106.802988,-6.30392],[106.802712,-6.304193],[106.802163,-6.304193],[106.802025,-6.304603],[106.803263,-6.305014],[106.8034,-6.303237],[106.803813,-6.302827],[106.804362,-6.302827],[106.804362,-6.300503],[106.804637,-6.30023],[106.805325,-6.30023],[106.8056,-6.300503],[106.805738,-6.30146],[106.806287,-6.301733],[106.806287,-6.30269],[106.806562,-6.302963],[106.806562,-6.304603],[106.807388,-6.304877],[106.80725,-6.306107],[106.807663,-6.306654],[106.808625,-6.307064],[106.809588,-6.30515],[106.808763,-6.304467],[106.8089,-6.302553],[106.808212,-6.302417],[106.807938,-6.302143],[106.8078,-6.299136],[106.806975,-6.298453],[106.806975,-6.297906],[106.807525,-6.297496],[106.807938,-6.297496],[106.807938,-6.295856],[106.806562,-6.294352],[106.805738,-6.293942],[106.804913,-6.293942]]]},"properties":{"layer_id":"historis_risiko","jenis":"banjir","nama":"Bahaya banjir tinggi","sumber":"InaRISK (BNPB)","atribut":{"kelas":"tinggi"}}},{"type":"Feature","geometry":{"type":"Polygon","coordinates":[[[106.873937,-6.293669],[106.8738,-6.294626],[106.874075,-6.295036],[106.874212,-6.296539],[106.872975,-6.297906],[106.873113,-6.301596],[106.874075,-6.302827],[106.876825,-6.304057],[106.877375,-6.304603],[106.877925,-6.305697],[106.878475,-6.30597],[106.879438,-6.305834],[106.879712,-6.305424],[106.879712,-6.30433],[106.878613,-6.303237],[106.877925,-6.3031],[106.876275,-6.301323],[106.875175,-6.298453],[106.875175,-6.297769],[106.876275,-6.296129],[106.876275,-6.295309],[106.875862,-6.294762],[106.873937,-6.293669]]]},"properties":{"layer_id":"historis_risiko","jenis":"banjir","nama":"Bahaya banjir tinggi","sumber":"InaRISK (BNPB)","atribut":{"kelas":"tinggi"}}},{"type":"Feature","geometry":{"type":"Polygon","coordinates":[[[106.8661,-6.292849],[106.86555,-6.293669],[106.865825,-6.295719],[106.866375,-6.295719],[106.866788,-6.296129],[106.866788,-6.296676],[106.866375,-6.297086],[106.8661,-6.297086],[106.866788,-6.297496],[106.867888,-6.297769],[106.8683,-6.297223],[106.8683,-6.295446],[106.867338,-6.293122],[106.866925,-6.292712],[106.8661,-6.292849]]]},"properties":{"layer_id":"historis_risiko","jenis":"banjir","nama":"Bahaya banjir tinggi","sumber":"InaRISK (BNPB)","atribut":{"kelas":"tinggi"}}},{"type":"Feature","geometry":{"type":"Polygon","coordinates":[[[106.794188,-6.292575],[106.792812,-6.292575],[106.792125,-6.293532],[106.792263,-6.294626],[106.7935,-6.293942],[106.794188,-6.292575]]]},"properties":{"layer_id":"historis_risiko","jenis":"banjir","nama":"Bahaya banjir tinggi","sumber":"InaRISK (BNPB)","atribut":{"kelas":"tinggi"}}},{"type":"Feature","geometry":{"type":"Polygon","coordinates":[[[106.73575,-6.292439],[106.735475,-6.292575],[106.735475,-6.292985],[106.73575,-6.293532],[106.736163,-6.293669],[106.736163,-6.292712],[106.73575,-6.292439]]]},"properties":{"layer_id":"historis_risiko","jenis":"banjir","nama":"Bahaya banjir tinggi","sumber":"InaRISK (BNPB)","atribut":{"kelas":"tinggi"}}},{"type":"Feature","geometry":{"type":"Polygon","coordinates":[[[106.715812,-6.292575],[106.71595,-6.292985],[106.7165,-6.292985],[106.71705,-6.293532],[106.717188,-6.292439],[106.715812,-6.292575]]]},"properties":{"layer_id":"historis_risiko","jenis":"banjir","nama":"Bahaya banjir tinggi","sumber":"InaRISK (BNPB)","atribut":{"kelas":"tinggi"}}},{"type":"Feature","geometry":{"type":"Polygon","coordinates":[[[106.899375,-6.292302],[106.898413,-6.292712],[106.897725,-6.292439],[106.89635,-6.292439],[106.89635,-6.293122],[106.895525,-6.293395],[106.895525,-6.294762],[106.895938,-6.294762],[106.895938,-6.294352],[106.89635,-6.293942],[106.8969,-6.293942],[106.8969,-6.293259],[106.897175,-6.292985],[106.899375,-6.292985],[106.899375,-6.292302]]]},"properties":{"layer_id":"historis_risiko","jenis":"banjir","nama":"Bahaya banjir tinggi","sumber":"InaRISK (BNPB)","atribut":{"kelas":"tinggi"}}},{"type":"Feature","geometry":{"type":"Polygon","coordinates":[[[106.785112,-6.292165],[106.784288,-6.292575],[106.784013,-6.293122],[106.783875,-6.294626],[106.784288,-6.295309],[106.78525,-6.295856],[106.785663,-6.295036],[106.7858,-6.293532],[106.785387,-6.292302],[106.785112,-6.292165]]]},"properties":{"layer_id":"historis_risiko","jenis":"banjir","nama":"Bahaya banjir tinggi","sumber":"InaRISK (BNPB)","atribut":{"kelas":"tinggi"}}},{"type":"Feature","geometry":{"type":"Polygon","coordinates":[[[106.825537,-6.291892],[106.8254,-6.293669],[106.825812,-6.294079],[106.82595,-6.291892],[106.825537,-6.291892]]]},"properties":{"layer_id":"historis_risiko","jenis":"banjir","nama":"Bahaya banjir tinggi","sumber":"InaRISK (BNPB)","atribut":{"kelas":"tinggi"}}},{"type":"Feature","geometry":{"type":"Polygon","coordinates":[[[106.767925,-6.291892],[106.767925,-6.292985],[106.768338,-6.293122],[106.769163,-6.292849],[106.768338,-6.291755],[106.767925,-6.291892]]]},"properties":{"layer_id":"historis_risiko","jenis":"banjir","nama":"Bahaya banjir tinggi","sumber":"InaRISK (BNPB)","atribut":{"kelas":"tinggi"}}},{"type":"Feature","geometry":{"type":"Polygon","coordinates":[[[106.850837,-6.290252],[106.849875,-6.291345],[106.848912,-6.291345],[106.848775,-6.291892],[106.849463,-6.292029],[106.849738,-6.292302],[106.849875,-6.293805],[106.851112,-6.293805],[106.851663,-6.294489],[106.851388,-6.295719],[106.850562,-6.296402],[106.850425,-6.297086],[106.849738,-6.298043],[106.849738,-6.30105],[106.85125,-6.30105],[106.851525,-6.301323],[106.851525,-6.302007],[106.852075,-6.302007],[106.852487,-6.302827],[106.853037,-6.302827],[106.853588,-6.303647],[106.854687,-6.303647],[106.8551,-6.30392],[106.855238,-6.30515],[106.856063,-6.305834],[106.856063,-6.310344],[106.856887,-6.310754],[106.856887,-6.311574],[106.857163,-6.312121],[106.858125,-6.312121],[106.858262,-6.30679],[106.859088,-6.30638],[106.85895,-6.305834],[106.858262,-6.305014],[106.858125,-6.304193],[106.856612,-6.304193],[106.856337,-6.303373],[106.855788,-6.303373],[106.855513,-6.3031],[106.855375,-6.300913],[106.8551,-6.300366],[106.854,-6.299546],[106.852487,-6.299136],[106.852075,-6.298453],[106.852075,-6.298043],[106.852762,-6.297359],[106.853037,-6.296676],[106.85455,-6.295719],[106.854687,-6.294899],[106.855375,-6.294762],[106.855513,-6.294489],[106.854687,-6.294079],[106.854687,-6.292029],[106.854,-6.291208],[106.852625,-6.290252],[106.850837,-6.290252]]]},"properties":{"layer_id":"historis_risiko","jenis":"banjir","nama":"Bahaya banjir tinggi","sumber":"InaRISK (BNPB)","atribut":{"kelas":"tinggi"}}},{"type":"Feature","geometry":{"type":"Polygon","coordinates":[[[106.8815,-6.289705],[106.881225,-6.289568],[106.88095,-6.290115],[106.8815,-6.290115],[106.8815,-6.289705]]]},"properties":{"layer_id":"historis_risiko","jenis":"banjir","nama":"Bahaya banjir tinggi","sumber":"InaRISK (BNPB)","atribut":{"kelas":"tinggi"}}},{"type":"Feature","geometry":{"type":"Polygon","coordinates":[[[106.706463,-6.289021],[106.70605,-6.289295],[106.70605,-6.292439],[106.706738,-6.291072],[106.706463,-6.290252],[106.706463,-6.289021]]]},"properties":{"layer_id":"historis_risiko","jenis":"banjir","nama":"Bahaya banjir tinggi","sumber":"InaRISK (BNPB)","atribut":{"kelas":"tinggi"}}},{"type":"Feature","geometry":{"type":"Polygon","coordinates":[[[106.7242,-6.288201],[106.724063,-6.289295],[106.725162,-6.291208],[106.7253,-6.292985],[106.724063,-6.294626],[106.724063,-6.295582],[106.725162,-6.295856],[106.72585,-6.295172],[106.72695,-6.290798],[106.726675,-6.290525],[106.7264,-6.289158],[106.725988,-6.288611],[106.7242,-6.288201]]]},"properties":{"layer_id":"historis_risiko","jenis":"banjir","nama":"Bahaya banjir tinggi","sumber":"InaRISK (BNPB)","atribut":{"kelas":"tinggi"}}},{"type":"Feature","geometry":{"type":"Polygon","coordinates":[[[106.80065,-6.288065],[106.800238,-6.288201],[106.799413,-6.289158],[106.79955,-6.289431],[106.799963,-6.289431],[106.800238,-6.289705],[106.800375,-6.290252],[106.800787,-6.290115],[106.80065,-6.288065]]]},"properties":{"layer_id":"historis_risiko","jenis":"banjir","nama":"Bahaya banjir tinggi","sumber":"InaRISK (BNPB)","atribut":{"kelas":"tinggi"}}},{"type":"Feature","geometry":{"type":"Polygon","coordinates":[[[106.8265,-6.288065],[106.826363,-6.288338],[106.8265,-6.289431],[106.826913,-6.289842],[106.826913,-6.290115],[106.8276,-6.290252],[106.827737,-6.288201],[106.8276,-6.287791],[106.8265,-6.288065]]]},"properties":{"layer_id":"historis_risiko","jenis":"banjir","nama":"Bahaya banjir tinggi","sumber":"InaRISK (BNPB)","atribut":{"kelas":"tinggi"}}},{"type":"Feature","geometry":{"type":"Polygon","coordinates":[[[106.904463,-6.286698],[106.903775,-6.286834],[106.9024,-6.288201],[106.901713,-6.288611],[106.901713,-6.289842],[106.903087,-6.290525],[106.904737,-6.290525],[106.905012,-6.289431],[106.905012,-6.287108],[106.904463,-6.286698]]]},"properties":{"layer_id":"historis_risiko","jenis":"banjir","nama":"Bahaya banjir tinggi","sumber":"InaRISK (BNPB)","atribut":{"kelas":"tinggi"}}},{"type":"Feature","geometry":{"type":"Polygon","coordinates":[[[106.78525,-6.286698],[106.784563,-6.287518],[106.784563,-6.288201],[106.785387,-6.290525],[106.786075,-6.291072],[106.787037,-6.290115],[106.787175,-6.289021],[106.786075,-6.287381],[106.78525,-6.286698]]]},"properties":{"layer_id":"historis_risiko","jenis":"banjir","nama":"Bahaya banjir tinggi","sumber":"InaRISK (BNPB)","atribut":{"kelas":"tinggi"}}},{"type":"Feature","geometry":{"type":"Polygon","coordinates":[[[106.7,-6.286561],[106.700137,-6.292029],[106.700275,-6.290798],[106.7,-6.289295],[106.70055,-6.288201],[106.70055,-6.287381],[106.7,-6.286561]]]},"properties":{"layer_id":"historis_risiko","jenis":"banjir","nama":"Bahaya banjir tinggi","sumber":"InaRISK (BNPB)","atribut":{"kelas":"tinggi"}}},{"type":"Feature","geometry":{"type":"Polygon","coordinates":[[[106.836538,-6.286151],[106.835437,-6.286288],[106.834475,-6.287381],[106.833925,-6.288475],[106.834613,-6.288885],[106.835712,-6.288885],[106.836538,-6.287381],[106.836538,-6.286151]]]},"properties":{"layer_id":"historis_risiko","jenis":"banjir","nama":"Bahaya banjir tinggi","sumber":"InaRISK (BNPB)","atribut":{"kelas":"tinggi"}}},{"type":"Feature","geometry":{"type":"Polygon","coordinates":[[[106.797763,-6.284784],[106.797763,-6.286424],[106.798725,-6.286424],[106.798862,-6.286288],[106.798313,-6.286288],[106.798038,-6.286014],[106.798038,-6.285057],[106.797763,-6.284784]]]},"properties":{"layer_id":"historis_risiko","jenis":"banjir","nama":"Bahaya banjir tinggi","sumber":"InaRISK (BNPB)","atribut":{"kelas":"tinggi"}}},{"type":"Feature","geometry":{"type":"Polygon","coordinates":[[[106.728738,-6.283554],[106.7275,-6.285057],[106.7275,-6.287381],[106.727775,-6.287655],[106.729012,-6.287791],[106.729838,-6.288201],[106.731763,-6.289978],[106.7319,-6.291072],[106.733413,-6.292165],[106.734238,-6.292302],[106.734513,-6.292029],[106.734513,-6.291482],[106.7341,-6.290388],[106.731625,-6.288201],[106.730388,-6.286561],[106.73025,-6.284374],[106.729838,-6.283554],[106.728738,-6.283554]]]},"properties":{"layer_id":"historis_risiko","jenis":"banjir","nama":"Bahaya banjir tinggi","sumber":"InaRISK (BNPB)","atribut":{"kelas":"tinggi"}}},{"type":"Feature","geometry":{"type":"Polygon","coordinates":[[[106.714163,-6.283144],[106.714025,-6.283964],[106.716088,-6.286151],[106.718013,-6.286834],[106.718838,-6.287655],[106.7198,-6.287791],[106.7198,-6.287244],[106.718838,-6.286288],[106.718563,-6.285468],[106.717875,-6.284784],[106.716225,-6.284374],[106.714163,-6.283144]]]},"properties":{"layer_id":"historis_risiko","jenis":"banjir","nama":"Bahaya banjir tinggi","sumber":"InaRISK (BNPB)","atribut":{"kelas":"tinggi"}}},{"type":"Feature","geometry":{"type":"Polygon","coordinates":[[[106.879575,-6.28287],[106.878888,-6.283554],[106.87875,-6.284237],[106.878062,-6.285331],[106.87765,-6.286834],[106.877787,-6.287518],[106.8793,-6.287244],[106.880675,-6.287381],[106.881637,-6.286561],[106.8815,-6.285468],[106.880675,-6.283827],[106.879575,-6.28287]]]},"properties":{"layer_id":"historis_risiko","jenis":"banjir","nama":"Bahaya banjir tinggi","sumber":"InaRISK (BNPB)","atribut":{"kelas":"tinggi"}}},{"type":"Feature","geometry":{"type":"Polygon","coordinates":[[[106.9079,-6.282597],[106.907488,-6.282734],[106.907625,-6.283964],[106.90735,-6.284647],[106.908038,-6.285468],[106.907488,-6.286424],[106.908038,-6.288201],[106.90955,-6.289431],[106.91065,-6.290662],[106.91065,-6.291482],[106.909137,-6.292849],[106.909137,-6.293805],[106.909963,-6.295446],[106.910512,-6.295992],[106.911062,-6.296129],[106.911613,-6.295309],[106.911613,-6.293395],[106.911062,-6.291892],[106.9112,-6.290525],[106.912163,-6.289568],[106.9123,-6.289021],[106.911613,-6.288065],[106.910925,-6.286424],[106.909688,-6.284921],[106.908587,-6.283964],[106.90845,-6.28287],[106.9079,-6.282597]]]},"properties":{"layer_id":"historis_risiko","jenis":"banjir","nama":"Bahaya banjir tinggi","sumber":"InaRISK (BNPB)","atribut":{"kelas":"tinggi"}}},{"type":"Feature","geometry":{"type":"Polygon","coordinates":[[[106.808763,-6.28246],[106.808487,-6.28246],[106.808075,-6.28287],[106.80835,-6.284647],[106.807525,-6.285604],[106.807388,-6.288611],[106.806562,-6.289021],[106.806425,-6.290662],[106.8067,-6.291072],[106.8078,-6.291072],[106.808763,-6.290525],[106.8089,-6.289705],[106.809588,-6.289295],[106.809175,-6.288201],[106.809175,-6.285741],[106.808625,-6.284647],[106.8089,-6.283417],[106.808763,-6.28246]]]},"properties":{"layer_id":"historis_risiko","jenis":"banjir","nama":"Bahaya banjir tinggi","sumber":"InaRISK (BNPB)","atribut":{"kelas":"tinggi"}}},{"type":"Feature","geometry":{"type":"Polygon","coordinates":[[[106.849187,-6.282324],[106.848363,-6.282597],[106.847125,-6.282597],[106.846987,-6.283281],[106.846712,-6.283554],[106.846025,-6.283554],[106.846025,-6.284101],[106.845475,-6.284511],[106.845475,-6.284784],[106.846025,-6.285194],[106.846025,-6.285741],[106.846575,-6.285741],[106.846987,-6.286151],[106.847125,-6.288475],[106.8485,-6.288338],[106.849463,-6.287928],[106.850013,-6.287381],[106.849463,-6.286698],[106.849187,-6.282324]]]},"properties":{"layer_id":"historis_risiko","jenis":"banjir","nama":"Bahaya banjir tinggi","sumber":"InaRISK (BNPB)","atribut":{"kelas":"tinggi"}}},{"type":"Feature","geometry":{"type":"Polygon","coordinates":[[[106.71155,-6.280137],[106.71155,-6.281094],[106.712375,-6.28205],[106.713063,-6.28205],[106.713063,-6.28082],[106.712375,-6.280273],[106.71155,-6.280137]]]},"properties":{"layer_id":"historis_risiko","jenis":"banjir","nama":"Bahaya banjir tinggi","sumber":"InaRISK (BNPB)","atribut":{"kelas":"tinggi"}}},{"type":"Feature","geometry":{"type":"Polygon","coordinates":[[[106.876,-6.28],[106.8749,-6.28],[106.873937,-6.28123],[106.873663,-6.281914],[106.873937,-6.28287],[106.873937,-6.285331],[106.874212,-6.285604],[106.87545,-6.285331],[106.876275,-6.284511],[106.876,-6.283281],[106.876,-6.28]]]},"properties":{"layer_id":"historis_risiko","jenis":"banjir","nama":"Bahaya banjir tinggi","sumber":"InaRISK (BNPB)","atribut":{"kelas":"tinggi"}}},{"type":"Feature","geometry":{"type":"Polygon","coordinates":[[[106.865138,-6.28],[106.865825,-6.281094],[106.867063,-6.281094],[106.867888,-6.281777],[106.868025,-6.284784],[106.868575,-6.285878],[106.869125,-6.285878],[106.869538,-6.285468],[106.8705,-6.280957],[106.86995,-6.280683],[106.86995,-6.28],[106.865138,-6.28]]]},"properties":{"layer_id":"historis_risiko","jenis":"banjir","nama":"Bahaya banjir tinggi","sumber":"InaRISK (BNPB)","atribut":{"kelas":"tinggi"}}},{"type":"Feature","geometry":{"type":"Polygon","coordinates":[[[106.84795,-6.28],[106.84795,-6.281367],[106.849187,-6.281777],[106.849463,-6.281367],[106.85015,-6.28123],[106.850013,-6.280683],[106.849187,-6.28],[106.84795,-6.28]]]},"properties":{"layer_id":"historis_risiko","jenis":"banjir","nama":"Bahaya banjir tinggi","sumber":"InaRISK (BNPB)","atribut":{"kelas":"tinggi"}}},{"type":"Feature","geometry":{"type":"Polygon","coordinates":[[[106.82925,-6.28],[106.82815,-6.281777],[106.82705,-6.281777],[106.826638,-6.281504],[106.826225,-6.281777],[106.825537,-6.281777],[106.824713,-6.282187],[106.823887,-6.283007],[106.822375,-6.285468],[106.822375,-6.286424],[106.823338,-6.288338],[106.824025,-6.288475],[106.824162,-6.287791],[106.82485,-6.287518],[106.82485,-6.287108],[106.825263,-6.286561],[106.8254,-6.284921],[106.826638,-6.28287],[106.827325,-6.282187],[106.830075,-6.28205],[106.829937,-6.28082],[106.82925,-6.28]]]},"properties":{"layer_id":"historis_risiko","jenis":"banjir","nama":"Bahaya banjir tinggi","sumber":"InaRISK (BNPB)","atribut":{"kelas":"tinggi"}}},{"type":"Feature","geometry":{"type":"Polygon","coordinates":[[[106.809725,-6.280957],[106.810137,-6.281504],[106.81055,-6.281504],[106.8122,-6.28082],[106.81275,-6.28],[106.81055,-6.28],[106.809725,-6.280957]]]},"properties":{"layer_id":"historis_risiko","jenis":"banjir","nama":"Bahaya banjir tinggi","sumber":"InaRISK (BNPB)","atribut":{"kelas":"tinggi"}}},{"type":"Feature","geometry":{"type":"Polygon","coordinates":[[[106.796937,-6.28],[106.796937,-6.280273],[106.797488,-6.280273],[106.797763,-6.28082],[106.7979,-6.280683],[106.7979,-6.28],[106.796937,-6.28]]]},"properties":{"layer_id":"historis_risiko","jenis":"banjir","nama":"Bahaya banjir tinggi","sumber":"InaRISK (BNPB)","atribut":{"kelas":"tinggi"}}},{"type":"Feature","geometry":{"type":"Polygon","coordinates":[[[106.767238,-6.281367],[106.768062,-6.281504],[106.768338,-6.280683],[106.769163,-6.280547],[106.7693,-6.28],[106.768338,-6.28],[106.7682,-6.280273],[106.767925,-6.28],[106.7671,-6.28],[106.767238,-6.281367]]]},"properties":{"layer_id":"historis_risiko","jenis":"banjir","nama":"Bahaya banjir tinggi","sumber":"InaRISK (BNPB)","atribut":{"kelas":"tinggi"}}}]}