{"type":"FeatureCollection","features":[{"type":"Feature","properties":{"nama":"KFC","jenis":"akses","sumber":"OSM","atribut":{},"layer_id":"inklusivitas"},"geometry":{"type":"Point","coordinates":[106.801557,-6.226525]}},{"type":"Feature","properties":{"nama":"Grand Indonesia Amarta Lobby","jenis":"akses","sumber":"OSM","atribut":{},"layer_id":"inklusivitas"},"geometry":{"type":"Point","coordinates":[106.819826,-6.194604]}},{"type":"Feature","properties":{"nama":"Dapur Solo","jenis":"akses","sumber":"OSM","atribut":{},"layer_id":"inklusivitas"},"geometry":{"type":"Point","coordinates":[106.823482,-6.188042]}},{"type":"Feature","properties":{"nama":"Grand Hyatt Jakarta","jenis":"akses","sumber":"OSM","atribut":{},"layer_id":"inklusivitas"},"geometry":{"type":"Point","coordinates":[106.822447,-6.193803]}},{"type":"Feature","properties":{"nama":"South Lobby Plaza indonesia","jenis":"akses","sumber":"OSM","atribut":{},"layer_id":"inklusivitas"},"geometry":{"type":"Point","coordinates":[106.821441,-6.194127]}},{"type":"Feature","properties":{"nama":"FamilyMart","jenis":"akses","sumber":"OSM","atribut":{},"layer_id":"inklusivitas"},"geometry":{"type":"Point","coordinates":[106.801648,-6.202147]}},{"type":"Feature","properties":{"nama":null,"jenis":"akses","sumber":"OSM","atribut":{},"layer_id":"inklusivitas"},"geometry":{"type":"Point","coordinates":[106.800761,-6.201765]}},{"type":"Feature","properties":{"nama":"Merica Asian & Western Restaurant","jenis":"akses","sumber":"OSM","atribut":{},"layer_id":"inklusivitas"},"geometry":{"type":"Point","coordinates":[106.801493,-6.202373]}},{"type":"Feature","properties":{"nama":"World Food Programme","jenis":"akses","sumber":"OSM","atribut":{},"layer_id":"inklusivitas"},"geometry":{"type":"Point","coordinates":[106.821285,-6.205849]}},{"type":"Feature","properties":{"nama":null,"jenis":"akses","sumber":"OSM","atribut":{},"layer_id":"inklusivitas"},"geometry":{"type":"Point","coordinates":[106.801694,-6.20232]}},{"type":"Feature","properties":{"nama":"Bank Mandiri","jenis":"akses","sumber":"OSM","atribut":{},"layer_id":"inklusivitas"},"geometry":{"type":"Point","coordinates":[106.800713,-6.20165]}},{"type":"Feature","properties":{"nama":"BCA","jenis":"akses","sumber":"OSM","atribut":{},"layer_id":"inklusivitas"},"geometry":{"type":"Point","coordinates":[106.801018,-6.202711]}},{"type":"Feature","properties":{"nama":"Bank Mandiri","jenis":"akses","sumber":"OSM","atribut":{},"layer_id":"inklusivitas"},"geometry":{"type":"Point","coordinates":[106.80099,-6.202721]}},{"type":"Feature","properties":{"nama":"FoodHall","jenis":"akses","sumber":"OSM","atribut":{},"layer_id":"inklusivitas"},"geometry":{"type":"Point","coordinates":[106.798993,-6.22489]}},{"type":"Feature","properties":{"nama":"Bank Mandiri","jenis":"akses","sumber":"OSM","atribut":{},"layer_id":"inklusivitas"},"geometry":{"type":"Point","coordinates":[106.801027,-6.20172]}},{"type":"Feature","properties":{"nama":null,"jenis":"akses","sumber":"OSM","atribut":{},"layer_id":"inklusivitas"},"geometry":{"type":"Point","coordinates":[106.807907,-6.193106]}},{"type":"Feature","properties":{"nama":"OCBC NISP","jenis":"akses","sumber":"OSM","atribut":{},"layer_id":"inklusivitas"},"geometry":{"type":"Point","coordinates":[106.801148,-6.202894]}},{"type":"Feature","properties":{"nama":"BPJS Kesehatan / BPJS Ketenagakerjaan","jenis":"akses","sumber":"OSM","atribut":{},"layer_id":"inklusivitas"},"geometry":{"type":"Point","coordinates":[106.801077,-6.202745]}},{"type":"Feature","properties":{"nama":"Parkir Basement DIPO Tower","jenis":"akses","sumber":"OSM","atribut":{},"layer_id":"inklusivitas"},"geometry":{"type":"Point","coordinates":[106.801387,-6.202951]}},{"type":"Feature","properties":{"nama":"Indomaret","jenis":"akses","sumber":"OSM","atribut":{},"layer_id":"inklusivitas"},"geometry":{"type":"Point","coordinates":[106.823621,-6.199258]}},{"type":"Feature","properties":{"nama":"Perpustakaan Umum Daerah DKI Jakarta","jenis":"akses","sumber":"OSM","atribut":{},"layer_id":"inklusivitas"},"geometry":{"type":"Point","coordinates":[106.838484,-6.189808]}},{"type":"Feature","properties":{"nama":"Ciné-Macet","jenis":"akses","sumber":"OSM","atribut":{},"layer_id":"inklusivitas"},"geometry":{"type":"Point","coordinates":[106.823389,-6.189117]}},{"type":"Feature","properties":{"nama":"Kantin DIPO TOWER","jenis":"akses","sumber":"OSM","atribut":{},"layer_id":"inklusivitas"},"geometry":{"type":"Point","coordinates":[106.800964,-6.202482]}},{"type":"Feature","properties":{"nama":"Solaria","jenis":"akses","sumber":"OSM","atribut":{},"layer_id":"inklusivitas"},"geometry":{"type":"Point","coordinates":[106.817454,-6.195125]}},{"type":"Feature","properties":{"nama":"BNI","jenis":"akses","sumber":"OSM","atribut":{},"layer_id":"inklusivitas"},"geometry":{"type":"Point","coordinates":[106.823587,-6.194007]}},{"type":"Feature","properties":{"nama":"FamilyMart","jenis":"akses","sumber":"OSM","atribut":{},"layer_id":"inklusivitas"},"geometry":{"type":"Point","coordinates":[106.823578,-6.193853]}},{"type":"Feature","properties":{"nama":"GBI Glow Fellowship Centre","jenis":"akses","sumber":"OSM","atribut":{},"layer_id":"inklusivitas"},"geometry":{"type":"Point","coordinates":[106.817159,-6.197769]}},{"type":"Feature","properties":{"nama":"Ayam & Bebek Kremes Kriuuuk","jenis":"akses","sumber":"OSM","atribut":{},"layer_id":"inklusivitas"},"geometry":{"type":"Point","coordinates":[106.817415,-6.197233]}},{"type":"Feature","properties":{"nama":"Century - Thamrin Residences","jenis":"akses","sumber":"OSM","atribut":{},"layer_id":"inklusivitas"},"geometry":{"type":"Point","coordinates":[106.817417,-6.197159]}},{"type":"Feature","properties":{"nama":"Sushi Tei","jenis":"akses","sumber":"OSM","atribut":{},"layer_id":"inklusivitas"},"geometry":{"type":"Point","coordinates":[106.797622,-6.227672]}},{"type":"Feature","properties":{"nama":"Gyu-Kaku","jenis":"akses","sumber":"OSM","atribut":{},"layer_id":"inklusivitas"},"geometry":{"type":"Point","coordinates":[106.803894,-6.212285]}},{"type":"Feature","properties":{"nama":null,"jenis":"akses","sumber":"OSM","atribut":{},"layer_id":"inklusivitas"},"geometry":{"type":"Point","coordinates":[106.819253,-6.213117]}},{"type":"Feature","properties":{"nama":null,"jenis":"akses","sumber":"OSM","atribut":{},"layer_id":"inklusivitas"},"geometry":{"type":"Point","coordinates":[106.817485,-6.189611]}},{"type":"Feature","properties":{"nama":null,"jenis":"akses","sumber":"OSM","atribut":{},"layer_id":"inklusivitas"},"geometry":{"type":"Point","coordinates":[106.830145,-6.180688]}},{"type":"Feature","properties":{"nama":null,"jenis":"akses","sumber":"OSM","atribut":{},"layer_id":"inklusivitas"},"geometry":{"type":"Point","coordinates":[106.823263,-6.20226]}},{"type":"Feature","properties":{"nama":null,"jenis":"akses","sumber":"OSM","atribut":{},"layer_id":"inklusivitas"},"geometry":{"type":"Point","coordinates":[106.801241,-6.217133]}},{"type":"Feature","properties":{"nama":"RS YARSI JAKARTA","jenis":"akses","sumber":"OSM","atribut":{},"layer_id":"inklusivitas"},"geometry":{"type":"Point","coordinates":[106.869049,-6.16984]}},{"type":"Feature","properties":{"nama":null,"jenis":"akses","sumber":"OSM","atribut":{},"layer_id":"inklusivitas"},"geometry":{"type":"Point","coordinates":[106.801152,-6.21304]}},{"type":"Feature","properties":{"nama":null,"jenis":"akses","sumber":"OSM","atribut":{},"layer_id":"inklusivitas"},"geometry":{"type":"Point","coordinates":[106.801152,-6.213063]}},{"type":"Feature","properties":{"nama":null,"jenis":"akses","sumber":"OSM","atribut":{},"layer_id":"inklusivitas"},"geometry":{"type":"Point","coordinates":[106.801132,-6.213063]}},{"type":"Feature","properties":{"nama":null,"jenis":"akses","sumber":"OSM","atribut":{},"layer_id":"inklusivitas"},"geometry":{"type":"Point","coordinates":[106.801132,-6.21304]}},{"type":"Feature","properties":{"nama":null,"jenis":"akses","sumber":"OSM","atribut":{},"layer_id":"inklusivitas"},"geometry":{"type":"Point","coordinates":[106.79991,-6.213088]}},{"type":"Feature","properties":{"nama":null,"jenis":"akses","sumber":"OSM","atribut":{},"layer_id":"inklusivitas"},"geometry":{"type":"Point","coordinates":[106.799905,-6.213071]}},{"type":"Feature","properties":{"nama":null,"jenis":"akses","sumber":"OSM","atribut":{},"layer_id":"inklusivitas"},"geometry":{"type":"Point","coordinates":[106.800626,-6.212981]}},{"type":"Feature","properties":{"nama":"Warung Stasiun Juanda","jenis":"akses","sumber":"OSM","atribut":{},"layer_id":"inklusivitas"},"geometry":{"type":"Point","coordinates":[106.830718,-6.167678]}},{"type":"Feature","properties":{"nama":null,"jenis":"akses","sumber":"OSM","atribut":{},"layer_id":"inklusivitas"},"geometry":{"type":"Point","coordinates":[106.823234,-6.187871]}},{"type":"Feature","properties":{"nama":"Le Méridien Jakarta","jenis":"akses","sumber":"OSM","atribut":{},"layer_id":"inklusivitas"},"geometry":{"type":"Point","coordinates":[106.818901,-6.213107]}},{"type":"Feature","properties":{"nama":"Sarinah","jenis":"akses","sumber":"OSM","atribut":{},"layer_id":"inklusivitas"},"geometry":{"type":"Point","coordinates":[106.823756,-6.187687]}},{"type":"Feature","properties":{"nama":"FX Mall","jenis":"akses","sumber":"OSM","atribut":{},"layer_id":"inklusivitas"},"geometry":{"type":"Point","coordinates":[106.803739,-6.224609]}},{"type":"Feature","properties":{"nama":"Grand Indonesia West Mall","jenis":"akses","sumber":"OSM","atribut":{},"layer_id":"inklusivitas"},"geometry":{"type":"Point","coordinates":[106.819689,-6.195126]}},{"type":"Feature","properties":{"nama":"CityWalk Sudirman","jenis":"akses","sumber":"OSM","atribut":{},"layer_id":"inklusivitas"},"geometry":{"type":"Point","coordinates":[106.818439,-6.208906]}},{"type":"Feature","properties":{"nama":"Wisma Keiai","jenis":"akses","sumber":"OSM","atribut":{},"layer_id":"inklusivitas"},"geometry":{"type":"Point","coordinates":[106.821424,-6.205937]}},{"type":"Feature","properties":{"nama":"Jakarta Design Center","jenis":"akses","sumber":"OSM","atribut":{},"layer_id":"inklusivitas"},"geometry":{"type":"Point","coordinates":[106.800985,-6.201659]}},{"type":"Feature","properties":{"nama":"Menteng Central","jenis":"akses","sumber":"OSM","atribut":{},"layer_id":"inklusivitas"},"geometry":{"type":"Point","coordinates":[106.828341,-6.196631]}},{"type":"Feature","properties":{"nama":"Institut Français d'Indonésie","jenis":"akses","sumber":"OSM","atribut":{},"layer_id":"inklusivitas"},"geometry":{"type":"Point","coordinates":[106.823427,-6.189108]}},{"type":"Feature","properties":{"nama":"The Sultan Hotel Jakarta","jenis":"akses","sumber":"OSM","atribut":{},"layer_id":"inklusivitas"},"geometry":{"type":"Point","coordinates":[106.809733,-6.218299]}},{"type":"Feature","properties":{"nama":"Perpustakaan Goethe-Institut","jenis":"akses","sumber":"OSM","atribut":{},"layer_id":"inklusivitas"},"geometry":{"type":"Point","coordinates":[106.831231,-6.189959]}},{"type":"Feature","properties":{"nama":"BNI","jenis":"akses","sumber":"OSM","atribut":{},"layer_id":"inklusivitas"},"geometry":{"type":"Point","coordinates":[106.824543,-6.18386]}},{"type":"Feature","properties":{"nama":"Kopi Oey","jenis":"akses","sumber":"OSM","atribut":{},"layer_id":"inklusivitas"},"geometry":{"type":"Point","coordinates":[106.824534,-6.183761]}},{"type":"Feature","properties":{"nama":"RSUD Tarakan","jenis":"akses","sumber":"OSM","atribut":{},"layer_id":"inklusivitas"},"geometry":{"type":"Point","coordinates":[106.810342,-6.171631]}},{"type":"Feature","properties":{"nama":"Sabang 16","jenis":"akses","sumber":"OSM","atribut":{},"layer_id":"inklusivitas"},"geometry":{"type":"Point","coordinates":[106.824517,-6.183579]}},{"type":"Feature","properties":{"nama":"Kantor Kelurahan Petamburan","jenis":"akses","sumber":"OSM","atribut":{},"layer_id":"inklusivitas"},"geometry":{"type":"Point","coordinates":[106.80793,-6.193036]}},{"type":"Feature","properties":{"nama":"Millennium Hotel Sirih Jakarta","jenis":"akses","sumber":"OSM","atribut":{},"layer_id":"inklusivitas"},"geometry":{"type":"Point","coordinates":[106.816872,-6.182686]}},{"type":"Feature","properties":{"nama":"Cimon Resto & Coffee","jenis":"akses","sumber":"OSM","atribut":{},"layer_id":"inklusivitas"},"geometry":{"type":"Point","coordinates":[106.816667,-6.204679]}},{"type":"Feature","properties":{"nama":"Plaza Indonesia","jenis":"akses","sumber":"OSM","atribut":{},"layer_id":"inklusivitas"},"geometry":{"type":"Point","coordinates":[106.821883,-6.193451]}},{"type":"Feature","properties":{"nama":null,"jenis":"akses","sumber":"OSM","atribut":{},"layer_id":"inklusivitas"},"geometry":{"type":"Point","coordinates":[106.802099,-6.213264]}},{"type":"Feature","properties":{"nama":null,"jenis":"akses","sumber":"OSM","atribut":{},"layer_id":"inklusivitas"},"geometry":{"type":"Point","coordinates":[106.802133,-6.213366]}},{"type":"Feature","properties":{"nama":"Grand Indonesia Shopping Town","jenis":"akses","sumber":"OSM","atribut":{},"layer_id":"inklusivitas"},"geometry":{"type":"Point","coordinates":[106.820881,-6.195762]}},{"type":"Feature","properties":{"nama":null,"jenis":"akses","sumber":"OSM","atribut":{},"layer_id":"inklusivitas"},"geometry":{"type":"Point","coordinates":[106.806757,-6.216967]}},{"type":"Feature","properties":{"nama":null,"jenis":"akses","sumber":"OSM","atribut":{},"layer_id":"inklusivitas"},"geometry":{"type":"Point","coordinates":[106.801926,-6.213266]}},{"type":"Feature","properties":{"nama":null,"jenis":"akses","sumber":"OSM","atribut":{},"layer_id":"inklusivitas"},"geometry":{"type":"Point","coordinates":[106.802243,-6.21321]}},{"type":"Feature","properties":{"nama":null,"jenis":"akses","sumber":"OSM","atribut":{},"layer_id":"inklusivitas"},"geometry":{"type":"Point","coordinates":[106.802089,-6.213219]}},{"type":"Feature","properties":{"nama":null,"jenis":"akses","sumber":"OSM","atribut":{},"layer_id":"inklusivitas"},"geometry":{"type":"Point","coordinates":[106.802132,-6.213189]}},{"type":"Feature","properties":{"nama":"Klinik Anggrek","jenis":"akses","sumber":"OSM","atribut":{},"layer_id":"inklusivitas"},"geometry":{"type":"Point","coordinates":[106.870316,-6.158976]}},{"type":"Feature","properties":{"nama":"Apotek Gading Jaya","jenis":"akses","sumber":"OSM","atribut":{},"layer_id":"inklusivitas"},"geometry":{"type":"Point","coordinates":[106.904942,-6.161556]}},{"type":"Feature","properties":{"nama":"Klinik Utama Cahaya Mentari","jenis":"akses","sumber":"OSM","atribut":{},"layer_id":"inklusivitas"},"geometry":{"type":"Point","coordinates":[106.856691,-6.142883]}},{"type":"Feature","properties":{"nama":"Apotek Medika Sisma Pharma","jenis":"akses","sumber":"OSM","atribut":{},"layer_id":"inklusivitas"},"geometry":{"type":"Point","coordinates":[106.866652,-6.157128]}},{"type":"Feature","properties":{"nama":"Praktek Dokter Umum dr. Rudy Wenarta","jenis":"akses","sumber":"OSM","atribut":{},"layer_id":"inklusivitas"},"geometry":{"type":"Point","coordinates":[106.845217,-6.138261]}},{"type":"Feature","properties":{"nama":"Praktek Dokter Umum dr. Sugiarto Sulaiman","jenis":"akses","sumber":"OSM","atribut":{},"layer_id":"inklusivitas"},"geometry":{"type":"Point","coordinates":[106.845203,-6.138295]}},{"type":"Feature","properties":{"nama":"Apotek Cahaya Sehat","jenis":"akses","sumber":"OSM","atribut":{},"layer_id":"inklusivitas"},"geometry":{"type":"Point","coordinates":[106.845231,-6.138225]}},{"type":"Feature","properties":{"nama":"Praktek Dokter Umum Dr. Lie Hermanto","jenis":"akses","sumber":"OSM","atribut":{},"layer_id":"inklusivitas"},"geometry":{"type":"Point","coordinates":[106.843656,-6.140796]}},{"type":"Feature","properties":{"nama":"Praktek Dokter Umum dr. Ratnayati A Halim","jenis":"akses","sumber":"OSM","atribut":{},"layer_id":"inklusivitas"},"geometry":{"type":"Point","coordinates":[106.843678,-6.14076]}},{"type":"Feature","properties":{"nama":"Apotek Pademangan Sehat","jenis":"akses","sumber":"OSM","atribut":{},"layer_id":"inklusivitas"},"geometry":{"type":"Point","coordinates":[106.843667,-6.140779]}},{"type":"Feature","properties":{"nama":"apotek dunia sehat","jenis":"akses","sumber":"OSM","atribut":{},"layer_id":"inklusivitas"},"geometry":{"type":"Point","coordinates":[106.783163,-6.117303]}},{"type":"Feature","properties":{"nama":"apotek century","jenis":"akses","sumber":"OSM","atribut":{},"layer_id":"inklusivitas"},"geometry":{"type":"Point","coordinates":[106.779523,-6.116811]}},{"type":"Feature","properties":{"nama":"Bidan Rosdiana","jenis":"akses","sumber":"OSM","atribut":{},"layer_id":"inklusivitas"},"geometry":{"type":"Point","coordinates":[106.83549,-6.136361]}},{"type":"Feature","properties":{"nama":"Praktek Dokter Umum dr. Linda Rosalina P","jenis":"akses","sumber":"OSM","atribut":{},"layer_id":"inklusivitas"},"geometry":{"type":"Point","coordinates":[106.83546,-6.136354]}},{"type":"Feature","properties":{"nama":"puskesmas kecamatan penjaringan","jenis":"akses","sumber":"OSM","atribut":{},"layer_id":"inklusivitas"},"geometry":{"type":"Point","coordinates":[106.780946,-6.138099]}},{"type":"Feature","properties":{"nama":"Dr. sentosa","jenis":"akses","sumber":"OSM","atribut":{},"layer_id":"inklusivitas"},"geometry":{"type":"Point","coordinates":[106.779137,-6.138268]}},{"type":"Feature","properties":{"nama":"apotek roxy","jenis":"akses","sumber":"OSM","atribut":{},"layer_id":"inklusivitas"},"geometry":{"type":"Point","coordinates":[106.778285,-6.138327]}},{"type":"Feature","properties":{"nama":"Hypermart","jenis":"akses","sumber":"OSM","atribut":{},"layer_id":"inklusivitas"},"geometry":{"type":"Point","coordinates":[106.791192,-6.116503]}},{"type":"Feature","properties":{"nama":"Bank Central Asia","jenis":"akses","sumber":"OSM","atribut":{},"layer_id":"inklusivitas"},"geometry":{"type":"Point","coordinates":[106.788876,-6.116081]}},{"type":"Feature","properties":{"nama":null,"jenis":"akses","sumber":"OSM","atribut":{},"layer_id":"inklusivitas"},"geometry":{"type":"Point","coordinates":[106.8341,-6.127313]}},{"type":"Feature","properties":{"nama":"ACE Hardware","jenis":"akses","sumber":"OSM","atribut":{},"layer_id":"inklusivitas"},"geometry":{"type":"Point","coordinates":[106.740737,-6.109335]}},{"type":"Feature","properties":{"nama":"The FoodHall","jenis":"akses","sumber":"OSM","atribut":{},"layer_id":"inklusivitas"},"geometry":{"type":"Point","coordinates":[106.740348,-6.108645]}},{"type":"Feature","properties":{"nama":"Sate Khas Senayan","jenis":"akses","sumber":"OSM","atribut":{},"layer_id":"inklusivitas"},"geometry":{"type":"Point","coordinates":[106.743699,-6.112206]}},{"type":"Feature","properties":{"nama":"Wake Cup","jenis":"akses","sumber":"OSM","atribut":{},"layer_id":"inklusivitas"},"geometry":{"type":"Point","coordinates":[106.74336,-6.112808]}},{"type":"Feature","properties":{"nama":"Bakmi Ho Liaw","jenis":"akses","sumber":"OSM","atribut":{},"layer_id":"inklusivitas"},"geometry":{"type":"Point","coordinates":[106.903981,-6.170944]}},{"type":"Feature","properties":{"nama":null,"jenis":"akses","sumber":"OSM","atribut":{},"layer_id":"inklusivitas"},"geometry":{"type":"Point","coordinates":[106.832774,-6.125973]}},{"type":"Feature","properties":{"nama":null,"jenis":"akses","sumber":"OSM","atribut":{},"layer_id":"inklusivitas"},"geometry":{"type":"Point","coordinates":[106.833319,-6.124853]}},{"type":"Feature","properties":{"nama":null,"jenis":"akses","sumber":"OSM","atribut":{},"layer_id":"inklusivitas"},"geometry":{"type":"Point","coordinates":[106.830402,-6.127423]}},{"type":"Feature","properties":{"nama":"A","jenis":"akses","sumber":"OSM","atribut":{},"layer_id":"inklusivitas"},"geometry":{"type":"Point","coordinates":[106.913729,-6.157445]}},{"type":"Feature","properties":{"nama":"B","jenis":"akses","sumber":"OSM","atribut":{},"layer_id":"inklusivitas"},"geometry":{"type":"Point","coordinates":[106.913787,-6.15819]}},{"type":"Feature","properties":{"nama":"RS Sukmul Sisma Medika","jenis":"akses","sumber":"OSM","atribut":{},"layer_id":"inklusivitas"},"geometry":{"type":"Point","coordinates":[106.881994,-6.112075]}},{"type":"Feature","properties":{"nama":"Puskesmas Kelurahan Tanjung Priok","jenis":"akses","sumber":"OSM","atribut":{},"layer_id":"inklusivitas"},"geometry":{"type":"Point","coordinates":[106.876966,-6.115769]}},{"type":"Feature","properties":{"nama":null,"jenis":"akses","sumber":"OSM","atribut":{},"layer_id":"inklusivitas"},"geometry":{"type":"Point","coordinates":[106.861568,-6.138829]}},{"type":"Feature","properties":{"nama":"Puskesmas Kecamatan Penjaringan","jenis":"akses","sumber":"OSM","atribut":{},"layer_id":"inklusivitas"},"geometry":{"type":"Point","coordinates":[106.780933,-6.137948]}},{"type":"Feature","properties":{"nama":"Puskesmas Kelurahan Pademangan Timur","jenis":"akses","sumber":"OSM","atribut":{},"layer_id":"inklusivitas"},"geometry":{"type":"Point","coordinates":[106.841436,-6.139699]}},{"type":"Feature","properties":{"nama":"Rumah Bersalin Lestari","jenis":"akses","sumber":"OSM","atribut":{},"layer_id":"inklusivitas"},"geometry":{"type":"Point","coordinates":[106.910201,-6.114808]}},{"type":"Feature","properties":{"nama":"Cipondoh","jenis":"akses","sumber":"OSM","atribut":{},"layer_id":"inklusivitas"},"geometry":{"type":"Point","coordinates":[106.91745,-6.114187]}},{"type":"Feature","properties":{"nama":"Apotik dan Laboratorium Klinik Muara Karang","jenis":"akses","sumber":"OSM","atribut":{},"layer_id":"inklusivitas"},"geometry":{"type":"Point","coordinates":[106.78076,-6.115504]}},{"type":"Feature","properties":{"nama":"Taman Pancasila","jenis":"akses","sumber":"OSM","atribut":{},"layer_id":"inklusivitas"},"geometry":{"type":"Point","coordinates":[106.913542,-6.161701]}},{"type":"Feature","properties":{"nama":"Taman NKRI","jenis":"akses","sumber":"OSM","atribut":{},"layer_id":"inklusivitas"},"geometry":{"type":"Point","coordinates":[106.912672,-6.156749]}},{"type":"Feature","properties":{"nama":"Taman","jenis":"akses","sumber":"OSM","atribut":{},"layer_id":"inklusivitas"},"geometry":{"type":"Point","coordinates":[106.909639,-6.162119]}},{"type":"Feature","properties":{"nama":"Taman","jenis":"akses","sumber":"OSM","atribut":{},"layer_id":"inklusivitas"},"geometry":{"type":"Point","coordinates":[106.913491,-6.163043]}},{"type":"Feature","properties":{"nama":"RPTRA Kelapa Puan","jenis":"akses","sumber":"OSM","atribut":{},"layer_id":"inklusivitas"},"geometry":{"type":"Point","coordinates":[106.911957,-6.161588]}},{"type":"Feature","properties":{"nama":"Taman","jenis":"akses","sumber":"OSM","atribut":{},"layer_id":"inklusivitas"},"geometry":{"type":"Point","coordinates":[106.913494,-6.159154]}},{"type":"Feature","properties":{"nama":"Puskesmas Semper Barat II","jenis":"akses","sumber":"OSM","atribut":{},"layer_id":"inklusivitas"},"geometry":{"type":"Point","coordinates":[106.921633,-6.135932]}},{"type":"Feature","properties":{"nama":"Puskesmas Kelurahan Penjagalan","jenis":"akses","sumber":"OSM","atribut":{},"layer_id":"inklusivitas"},"geometry":{"type":"Point","coordinates":[106.779199,-6.13285]}},{"type":"Feature","properties":{"nama":"Rumah Sakit Umum & Pekerja","jenis":"akses","sumber":"OSM","atribut":{},"layer_id":"inklusivitas"},"geometry":{"type":"Point","coordinates":[106.923865,-6.145501]}},{"type":"Feature","properties":{"nama":"Dokter Susanti R.Wijayamala","jenis":"akses","sumber":"OSM","atribut":{},"layer_id":"inklusivitas"},"geometry":{"type":"Point","coordinates":[106.863181,-6.143132]}},{"type":"Feature","properties":{"nama":"Rumah Sakit Mata Primasana","jenis":"akses","sumber":"OSM","atribut":{},"layer_id":"inklusivitas"},"geometry":{"type":"Point","coordinates":[106.889787,-6.11428]}},{"type":"Feature","properties":{"nama":"Klinik Vidya Medika","jenis":"akses","sumber":"OSM","atribut":{},"layer_id":"inklusivitas"},"geometry":{"type":"Point","coordinates":[106.882664,-6.110862]}},{"type":"Feature","properties":{"nama":"Klinik Pratama","jenis":"akses","sumber":"OSM","atribut":{},"layer_id":"inklusivitas"},"geometry":{"type":"Point","coordinates":[106.885255,-6.111795]}},{"type":"Feature","properties":{"nama":"Puskesmas Kelurahan Sunter Jaya I","jenis":"akses","sumber":"OSM","atribut":{},"layer_id":"inklusivitas"},"geometry":{"type":"Point","coordinates":[106.866546,-6.155458]}},{"type":"Feature","properties":{"nama":null,"jenis":"akses","sumber":"OSM","atribut":{},"layer_id":"inklusivitas"},"geometry":{"type":"Point","coordinates":[106.831497,-6.122332]}},{"type":"Feature","properties":{"nama":"Balai Besar Kekarantinaan Kesehatan Tanjung Priok","jenis":"akses","sumber":"OSM","atribut":{},"layer_id":"inklusivitas"},"geometry":{"type":"Point","coordinates":[106.874825,-6.111788]}},{"type":"Feature","properties":{"nama":"Klinik Pertamedika","jenis":"akses","sumber":"OSM","atribut":{},"layer_id":"inklusivitas"},"geometry":{"type":"Point","coordinates":[106.899769,-6.110031]}},{"type":"Feature","properties":{"nama":"Dunia Sehat","jenis":"akses","sumber":"OSM","atribut":{},"layer_id":"inklusivitas"},"geometry":{"type":"Point","coordinates":[106.90363,-6.163786]}},{"type":"Feature","properties":{"nama":"Klinik Pratama Sunter Medical Center","jenis":"akses","sumber":"OSM","atribut":{},"layer_id":"inklusivitas"},"geometry":{"type":"Point","coordinates":[106.866676,-6.157048]}},{"type":"Feature","properties":{"nama":"Puskesmas Kelurahan Lagoa","jenis":"akses","sumber":"OSM","atribut":{},"layer_id":"inklusivitas"},"geometry":{"type":"Point","coordinates":[106.911244,-6.113057]}},{"type":"Feature","properties":{"nama":"Posyandu Teratai Putih","jenis":"akses","sumber":"OSM","atribut":{},"layer_id":"inklusivitas"},"geometry":{"type":"Point","coordinates":[106.880546,-6.113605]}},{"type":"Feature","properties":{"nama":"Rumah Sakit Port Medical Center","jenis":"akses","sumber":"OSM","atribut":{},"layer_id":"inklusivitas"},"geometry":{"type":"Point","coordinates":[106.889389,-6.110401]}},{"type":"Feature","properties":{"nama":"RS Puri Medika","jenis":"akses","sumber":"OSM","atribut":{},"layer_id":"inklusivitas"},"geometry":{"type":"Point","coordinates":[106.890185,-6.129199]}},{"type":"Feature","properties":{"nama":"RSIA SANTO YUSUF","jenis":"akses","sumber":"OSM","atribut":{},"layer_id":"inklusivitas"},"geometry":{"type":"Point","coordinates":[106.881699,-6.117101]}},{"type":"Feature","properties":{"nama":"Klinik Pratama Santo Yosef","jenis":"akses","sumber":"OSM","atribut":{},"layer_id":"inklusivitas"},"geometry":{"type":"Point","coordinates":[106.882011,-6.117129]}},{"type":"Feature","properties":{"nama":"Puskesmas Rawa Badak Utara I","jenis":"akses","sumber":"OSM","atribut":{},"layer_id":"inklusivitas"},"geometry":{"type":"Point","coordinates":[106.901003,-6.119374]}},{"type":"Feature","properties":{"nama":"Puskesmas Kelurahan Warakas","jenis":"akses","sumber":"OSM","atribut":{},"layer_id":"inklusivitas"},"geometry":{"type":"Point","coordinates":[106.875488,-6.120705]}},{"type":"Feature","properties":{"nama":"Klinik Velda","jenis":"akses","sumber":"OSM","atribut":{},"layer_id":"inklusivitas"},"geometry":{"type":"Point","coordinates":[106.874503,-6.119312]}},{"type":"Feature","properties":{"nama":"Rumah Sakit Umum Daerah (RSUD) Koja","jenis":"akses","sumber":"OSM","atribut":{},"layer_id":"inklusivitas"},"geometry":{"type":"Point","coordinates":[106.900068,-6.108961]}},{"type":"Feature","properties":{"nama":"RSUD KECAMATAN TANJUNG PRIOK","jenis":"akses","sumber":"OSM","atribut":{},"layer_id":"inklusivitas"},"geometry":{"type":"Point","coordinates":[106.888996,-6.116175]}},{"type":"Feature","properties":{"nama":"Puskesmas Kecamatan Koja","jenis":"akses","sumber":"OSM","atribut":{},"layer_id":"inklusivitas"},"geometry":{"type":"Point","coordinates":[106.913471,-6.121911]}},{"type":"Feature","properties":{"nama":"Puskesmas Kecamatan Tanjung Priok","jenis":"akses","sumber":"OSM","atribut":{},"layer_id":"inklusivitas"},"geometry":{"type":"Point","coordinates":[106.878804,-6.127206]}},{"type":"Feature","properties":{"nama":null,"jenis":"akses","sumber":"OSM","atribut":{},"layer_id":"inklusivitas"},"geometry":{"type":"Point","coordinates":[106.862394,-6.12985]}},{"type":"Feature","properties":{"nama":"Klinik Cempaka","jenis":"akses","sumber":"OSM","atribut":{},"layer_id":"inklusivitas"},"geometry":{"type":"Point","coordinates":[106.863841,-6.155587]}},{"type":"Feature","properties":{"nama":"Jakarta Derma Clinic","jenis":"akses","sumber":"OSM","atribut":{},"layer_id":"inklusivitas"},"geometry":{"type":"Point","coordinates":[106.898703,-6.171657]}},{"type":"Feature","properties":{"nama":"Dokter Diah S. Wiryono","jenis":"akses","sumber":"OSM","atribut":{},"layer_id":"inklusivitas"},"geometry":{"type":"Point","coordinates":[106.883197,-6.112795]}},{"type":"Feature","properties":{"nama":"Praktek Dokter Umum dr. Andy","jenis":"akses","sumber":"OSM","atribut":{},"layer_id":"inklusivitas"},"geometry":{"type":"Point","coordinates":[106.841641,-6.139476]}},{"type":"Feature","properties":{"nama":"Puskesmas Kelurahan Pluit","jenis":"akses","sumber":"OSM","atribut":{},"layer_id":"inklusivitas"},"geometry":{"type":"Point","coordinates":[106.771103,-6.112112]}},{"type":"Feature","properties":{"nama":"PIK Avenue","jenis":"akses","sumber":"OSM","atribut":{},"layer_id":"inklusivitas"},"geometry":{"type":"Point","coordinates":[106.740482,-6.109132]}},{"type":"Feature","properties":{"nama":"Rumah Sakit Umum Pademangan","jenis":"akses","sumber":"OSM","atribut":{},"layer_id":"inklusivitas"},"geometry":{"type":"Point","coordinates":[106.840291,-6.132808]}},{"type":"Feature","properties":{"nama":"Puskesmas Pademangan Barat II","jenis":"akses","sumber":"OSM","atribut":{},"layer_id":"inklusivitas"},"geometry":{"type":"Point","coordinates":[106.837917,-6.135434]}},{"type":"Feature","properties":{"nama":null,"jenis":"akses","sumber":"OSM","atribut":{},"layer_id":"inklusivitas"},"geometry":{"type":"Point","coordinates":[106.838681,-6.135526]}},{"type":"Feature","properties":{"nama":"Rumah Sakit Atma Jaya","jenis":"akses","sumber":"OSM","atribut":{},"layer_id":"inklusivitas"},"geometry":{"type":"Point","coordinates":[106.792986,-6.12628]}},{"type":"Feature","properties":{"nama":"Praktek Dokter Umum dr. Devy","jenis":"akses","sumber":"OSM","atribut":{},"layer_id":"inklusivitas"},"geometry":{"type":"Point","coordinates":[106.842491,-6.135785]}},{"type":"Feature","properties":{"nama":"Rumah Sakit Duta Indah","jenis":"akses","sumber":"OSM","atribut":{},"layer_id":"inklusivitas"},"geometry":{"type":"Point","coordinates":[106.783809,-6.138526]}},{"type":"Feature","properties":{"nama":"Apotek Mitra Sehat","jenis":"akses","sumber":"OSM","atribut":{},"layer_id":"inklusivitas"},"geometry":{"type":"Point","coordinates":[106.832944,-6.13575]}},{"type":"Feature","properties":{"nama":"Rumah Sakit Islam Jakarta","jenis":"akses","sumber":"OSM","atribut":{},"layer_id":"inklusivitas"},"geometry":{"type":"Point","coordinates":[106.920783,-6.13979]}},{"type":"Feature","properties":{"nama":"Puskesmas Kecamatan Cilincing","jenis":"akses","sumber":"OSM","atribut":{},"layer_id":"inklusivitas"},"geometry":{"type":"Point","coordinates":[106.924211,-6.148329]}},{"type":"Feature","properties":{"nama":"Rumah Sakit Firdaus","jenis":"akses","sumber":"OSM","atribut":{},"layer_id":"inklusivitas"},"geometry":{"type":"Point","coordinates":[106.92307,-6.156139]}},{"type":"Feature","properties":{"nama":"Praktek Dokter Umum Dokter Halim","jenis":"akses","sumber":"OSM","atribut":{},"layer_id":"inklusivitas"},"geometry":{"type":"Point","coordinates":[106.844017,-6.133746]}},{"type":"Feature","properties":{"nama":"Puskesmas Kelurahan Kali Baru","jenis":"akses","sumber":"OSM","atribut":{},"layer_id":"inklusivitas"},"geometry":{"type":"Point","coordinates":[106.929148,-6.101898]}},{"type":"Feature","properties":{"nama":"Rumah Sakit Hermina Podomoro","jenis":"akses","sumber":"OSM","atribut":{},"layer_id":"inklusivitas"},"geometry":{"type":"Point","coordinates":[106.861368,-6.145548]}},{"type":"Feature","properties":{"nama":"Rumah Sakit Royal Progress","jenis":"akses","sumber":"OSM","atribut":{},"layer_id":"inklusivitas"},"geometry":{"type":"Point","coordinates":[106.865471,-6.139449]}},{"type":"Feature","properties":{"nama":"Puskesmas Kelurahan Sunter Jaya II","jenis":"akses","sumber":"OSM","atribut":{},"layer_id":"inklusivitas"},"geometry":{"type":"Point","coordinates":[106.871887,-6.152638]}},{"type":"Feature","properties":{"nama":"Klinik Almira Medika","jenis":"akses","sumber":"OSM","atribut":{},"layer_id":"inklusivitas"},"geometry":{"type":"Point","coordinates":[106.874015,-6.117237]}},{"type":"Feature","properties":{"nama":"Optik dan Dokter Gigi Sejahtera","jenis":"akses","sumber":"OSM","atribut":{},"layer_id":"inklusivitas"},"geometry":{"type":"Point","coordinates":[106.859667,-6.139994]}},{"type":"Feature","properties":{"nama":"Klinik Pratama","jenis":"akses","sumber":"OSM","atribut":{},"layer_id":"inklusivitas"},"geometry":{"type":"Point","coordinates":[106.862725,-6.142412]}},{"type":"Feature","properties":{"nama":"Bidan Musripah","jenis":"akses","sumber":"OSM","atribut":{},"layer_id":"inklusivitas"},"geometry":{"type":"Point","coordinates":[106.836274,-6.134435]}},{"type":"Feature","properties":{"nama":"Jakarta International Stadium","jenis":"akses","sumber":"OSM","atribut":{},"layer_id":"inklusivitas"},"geometry":{"type":"Point","coordinates":[106.860201,-6.125099]}},{"type":"Feature","properties":{"nama":"CFC","jenis":"akses","sumber":"OSM","atribut":{},"layer_id":"inklusivitas"},"geometry":{"type":"Point","coordinates":[106.796378,-6.189235]}},{"type":"Feature","properties":{"nama":"Sekretariat RW 07 (Front Office Taman Anggrek)","jenis":"akses","sumber":"OSM","atribut":{},"layer_id":"inklusivitas"},"geometry":{"type":"Point","coordinates":[106.791963,-6.178868]}},{"type":"Feature","properties":{"nama":"Twin Plaza Hotel","jenis":"akses","sumber":"OSM","atribut":{},"layer_id":"inklusivitas"},"geometry":{"type":"Point","coordinates":[106.797142,-6.182616]}},{"type":"Feature","properties":{"nama":"Museum Sejarah Jakarta","jenis":"akses","sumber":"OSM","atribut":{},"layer_id":"inklusivitas"},"geometry":{"type":"Point","coordinates":[106.813289,-6.135155]}},{"type":"Feature","properties":{"nama":"Cafe Batavia","jenis":"akses","sumber":"OSM","atribut":{},"layer_id":"inklusivitas"},"geometry":{"type":"Point","coordinates":[106.812774,-6.134416]}},{"type":"Feature","properties":{"nama":"KFC","jenis":"akses","sumber":"OSM","atribut":{},"layer_id":"inklusivitas"},"geometry":{"type":"Point","coordinates":[106.814464,-6.137359]}},{"type":"Feature","properties":{"nama":"Transmart Carrefour","jenis":"akses","sumber":"OSM","atribut":{},"layer_id":"inklusivitas"},"geometry":{"type":"Point","coordinates":[106.791477,-6.17746]}},{"type":"Feature","properties":{"nama":"Jakarta Kota","jenis":"akses","sumber":"OSM","atribut":{},"layer_id":"inklusivitas"},"geometry":{"type":"Point","coordinates":[106.81462,-6.137583]}},{"type":"Feature","properties":{"nama":"Starbucks","jenis":"akses","sumber":"OSM","atribut":{},"layer_id":"inklusivitas"},"geometry":{"type":"Point","coordinates":[106.788459,-6.174239]}},{"type":"Feature","properties":{"nama":"SOGO","jenis":"akses","sumber":"OSM","atribut":{},"layer_id":"inklusivitas"},"geometry":{"type":"Point","coordinates":[106.790096,-6.178366]}},{"type":"Feature","properties":{"nama":"Alfamart","jenis":"akses","sumber":"OSM","atribut":{},"layer_id":"inklusivitas"},"geometry":{"type":"Point","coordinates":[106.788269,-6.17512]}},{"type":"Feature","properties":{"nama":"Es Teler 77","jenis":"akses","sumber":"OSM","atribut":{},"layer_id":"inklusivitas"},"geometry":{"type":"Point","coordinates":[106.803858,-6.193038]}},{"type":"Feature","properties":{"nama":"Roti'O","jenis":"akses","sumber":"OSM","atribut":{},"layer_id":"inklusivitas"},"geometry":{"type":"Point","coordinates":[106.803737,-6.192768]}},{"type":"Feature","properties":{"nama":"The Coffee Bean & Tea Leaf","jenis":"akses","sumber":"OSM","atribut":{},"layer_id":"inklusivitas"},"geometry":{"type":"Point","coordinates":[106.785289,-6.166334]}},{"type":"Feature","properties":{"nama":"Alfamart","jenis":"akses","sumber":"OSM","atribut":{},"layer_id":"inklusivitas"},"geometry":{"type":"Point","coordinates":[106.788106,-6.17423]}},{"type":"Feature","properties":{"nama":"Bakmi Bintang Gading & Bougenville Resto","jenis":"akses","sumber":"OSM","atribut":{},"layer_id":"inklusivitas"},"geometry":{"type":"Point","coordinates":[106.788171,-6.174231]}},{"type":"Feature","properties":{"nama":"H&M","jenis":"akses","sumber":"OSM","atribut":{},"layer_id":"inklusivitas"},"geometry":{"type":"Point","coordinates":[106.791324,-6.17619]}},{"type":"Feature","properties":{"nama":"Bakso Atom Express RS Pelni","jenis":"akses","sumber":"OSM","atribut":{},"layer_id":"inklusivitas"},"geometry":{"type":"Point","coordinates":[106.803974,-6.193129]}},{"type":"Feature","properties":{"nama":"Panin Bank","jenis":"akses","sumber":"OSM","atribut":{},"layer_id":"inklusivitas"},"geometry":{"type":"Point","coordinates":[106.788905,-6.174934]}},{"type":"Feature","properties":{"nama":"Starbucks","jenis":"akses","sumber":"OSM","atribut":{},"layer_id":"inklusivitas"},"geometry":{"type":"Point","coordinates":[106.781028,-6.202108]}},{"type":"Feature","properties":{"nama":"BCA","jenis":"akses","sumber":"OSM","atribut":{},"layer_id":"inklusivitas"},"geometry":{"type":"Point","coordinates":[106.781158,-6.202098]}},{"type":"Feature","properties":{"nama":"A&W","jenis":"akses","sumber":"OSM","atribut":{},"layer_id":"inklusivitas"},"geometry":{"type":"Point","coordinates":[106.781124,-6.201852]}},{"type":"Feature","properties":{"nama":"HERO","jenis":"akses","sumber":"OSM","atribut":{},"layer_id":"inklusivitas"},"geometry":{"type":"Point","coordinates":[106.793266,-6.177402]}},{"type":"Feature","properties":{"nama":"Matahari","jenis":"akses","sumber":"OSM","atribut":{},"layer_id":"inklusivitas"},"geometry":{"type":"Point","coordinates":[106.792703,-6.179618]}},{"type":"Feature","properties":{"nama":"Hero Supermarket","jenis":"akses","sumber":"OSM","atribut":{},"layer_id":"inklusivitas"},"geometry":{"type":"Point","coordinates":[106.786239,-6.168571]}},{"type":"Feature","properties":{"nama":"Restu","jenis":"akses","sumber":"OSM","atribut":{},"layer_id":"inklusivitas"},"geometry":{"type":"Point","coordinates":[106.788584,-6.17511]}},{"type":"Feature","properties":{"nama":"Indomaret","jenis":"akses","sumber":"OSM","atribut":{},"layer_id":"inklusivitas"},"geometry":{"type":"Point","coordinates":[106.788658,-6.175108]}},{"type":"Feature","properties":{"nama":"Daily Mart","jenis":"akses","sumber":"OSM","atribut":{},"layer_id":"inklusivitas"},"geometry":{"type":"Point","coordinates":[106.788805,-6.175109]}},{"type":"Feature","properties":{"nama":"Max","jenis":"akses","sumber":"OSM","atribut":{},"layer_id":"inklusivitas"},"geometry":{"type":"Point","coordinates":[106.79128,-6.177008]}},{"type":"Feature","properties":{"nama":"Matahari","jenis":"akses","sumber":"OSM","atribut":{},"layer_id":"inklusivitas"},"geometry":{"type":"Point","coordinates":[106.786592,-6.168137]}},{"type":"Feature","properties":{"nama":"Bakmi Gocit","jenis":"akses","sumber":"OSM","atribut":{},"layer_id":"inklusivitas"},"geometry":{"type":"Point","coordinates":[106.788899,-6.174896]}},{"type":"Feature","properties":{"nama":"McDonald's","jenis":"akses","sumber":"OSM","atribut":{},"layer_id":"inklusivitas"},"geometry":{"type":"Point","coordinates":[106.791098,-6.207267]}},{"type":"Feature","properties":{"nama":"Indomaret","jenis":"akses","sumber":"OSM","atribut":{},"layer_id":"inklusivitas"},"geometry":{"type":"Point","coordinates":[106.789682,-6.177198]}},{"type":"Feature","properties":{"nama":"SNAPY","jenis":"akses","sumber":"OSM","atribut":{},"layer_id":"inklusivitas"},"geometry":{"type":"Point","coordinates":[106.783424,-6.182297]}},{"type":"Feature","properties":{"nama":"Food Library","jenis":"akses","sumber":"OSM","atribut":{},"layer_id":"inklusivitas"},"geometry":{"type":"Point","coordinates":[106.786312,-6.167846]}},{"type":"Feature","properties":{"nama":"Monami","jenis":"akses","sumber":"OSM","atribut":{},"layer_id":"inklusivitas"},"geometry":{"type":"Point","coordinates":[106.803848,-6.193144]}},{"type":"Feature","properties":{"nama":null,"jenis":"akses","sumber":"OSM","atribut":{},"layer_id":"inklusivitas"},"geometry":{"type":"Point","coordinates":[106.785816,-6.173927]}},{"type":"Feature","properties":{"nama":"Bhinneka Rasa","jenis":"akses","sumber":"OSM","atribut":{},"layer_id":"inklusivitas"},"geometry":{"type":"Point","coordinates":[106.788684,-6.17423]}},{"type":"Feature","properties":{"nama":"Restu","jenis":"akses","sumber":"OSM","atribut":{},"layer_id":"inklusivitas"},"geometry":{"type":"Point","coordinates":[106.788762,-6.174227]}},{"type":"Feature","properties":{"nama":"Bank Mayapada","jenis":"akses","sumber":"OSM","atribut":{},"layer_id":"inklusivitas"},"geometry":{"type":"Point","coordinates":[106.783792,-6.176506]}},{"type":"Feature","properties":{"nama":"Bank Mandiri","jenis":"akses","sumber":"OSM","atribut":{},"layer_id":"inklusivitas"},"geometry":{"type":"Point","coordinates":[106.785376,-6.166806]}},{"type":"Feature","properties":{"nama":null,"jenis":"akses","sumber":"OSM","atribut":{},"layer_id":"inklusivitas"},"geometry":{"type":"Point","coordinates":[106.788651,-6.172862]}},{"type":"Feature","properties":{"nama":"Dapoer Mak","jenis":"akses","sumber":"OSM","atribut":{},"layer_id":"inklusivitas"},"geometry":{"type":"Point","coordinates":[106.788897,-6.17481]}},{"type":"Feature","properties":{"nama":"Rifa Pastel","jenis":"akses","sumber":"OSM","atribut":{},"layer_id":"inklusivitas"},"geometry":{"type":"Point","coordinates":[106.777297,-6.172714]}},{"type":"Feature","properties":{"nama":"Bakmi Siantar","jenis":"akses","sumber":"OSM","atribut":{},"layer_id":"inklusivitas"},"geometry":{"type":"Point","coordinates":[106.777334,-6.17268]}},{"type":"Feature","properties":{"nama":"Bubur Ayam Greenville 323","jenis":"akses","sumber":"OSM","atribut":{},"layer_id":"inklusivitas"},"geometry":{"type":"Point","coordinates":[106.77717,-6.172458]}},{"type":"Feature","properties":{"nama":null,"jenis":"akses","sumber":"OSM","atribut":{},"layer_id":"inklusivitas"},"geometry":{"type":"Point","coordinates":[106.777313,-6.17257]}},{"type":"Feature","properties":{"nama":null,"jenis":"akses","sumber":"OSM","atribut":{},"layer_id":"inklusivitas"},"geometry":{"type":"Point","coordinates":[106.777332,-6.172555]}},{"type":"Feature","properties":{"nama":null,"jenis":"akses","sumber":"OSM","atribut":{},"layer_id":"inklusivitas"},"geometry":{"type":"Point","coordinates":[106.788398,-6.172399]}},{"type":"Feature","properties":{"nama":"Solaria","jenis":"akses","sumber":"OSM","atribut":{},"layer_id":"inklusivitas"},"geometry":{"type":"Point","coordinates":[106.796599,-6.189354]}},{"type":"Feature","properties":{"nama":"Chatime","jenis":"akses","sumber":"OSM","atribut":{},"layer_id":"inklusivitas"},"geometry":{"type":"Point","coordinates":[106.796381,-6.18937]}},{"type":"Feature","properties":{"nama":"Surya","jenis":"akses","sumber":"OSM","atribut":{},"layer_id":"inklusivitas"},"geometry":{"type":"Point","coordinates":[106.783442,-6.174401]}},{"type":"Feature","properties":{"nama":"Surya AC Mobil","jenis":"akses","sumber":"OSM","atribut":{},"layer_id":"inklusivitas"},"geometry":{"type":"Point","coordinates":[106.783441,-6.174441]}},{"type":"Feature","properties":{"nama":"Irco","jenis":"akses","sumber":"OSM","atribut":{},"layer_id":"inklusivitas"},"geometry":{"type":"Point","coordinates":[106.775088,-6.169198]}},{"type":"Feature","properties":{"nama":"Racikan Nusantara","jenis":"akses","sumber":"OSM","atribut":{},"layer_id":"inklusivitas"},"geometry":{"type":"Point","coordinates":[106.788879,-6.174536]}},{"type":"Feature","properties":{"nama":"Fun World","jenis":"akses","sumber":"OSM","atribut":{},"layer_id":"inklusivitas"},"geometry":{"type":"Point","coordinates":[106.787002,-6.168363]}},{"type":"Feature","properties":{"nama":"MR.DIY","jenis":"akses","sumber":"OSM","atribut":{},"layer_id":"inklusivitas"},"geometry":{"type":"Point","coordinates":[106.787,-6.168467]}},{"type":"Feature","properties":{"nama":"Lima-Lima","jenis":"akses","sumber":"OSM","atribut":{},"layer_id":"inklusivitas"},"geometry":{"type":"Point","coordinates":[106.792755,-6.179653]}},{"type":"Feature","properties":{"nama":null,"jenis":"akses","sumber":"OSM","atribut":{},"layer_id":"inklusivitas"},"geometry":{"type":"Point","coordinates":[106.785417,-6.17392]}},{"type":"Feature","properties":{"nama":"Bakmi Lung Kee","jenis":"akses","sumber":"OSM","atribut":{},"layer_id":"inklusivitas"},"geometry":{"type":"Point","coordinates":[106.783696,-6.182781]}},{"type":"Feature","properties":{"nama":"TOMORO Coffee","jenis":"akses","sumber":"OSM","atribut":{},"layer_id":"inklusivitas"},"geometry":{"type":"Point","coordinates":[106.783751,-6.182388]}},{"type":"Feature","properties":{"nama":"Gramedia","jenis":"akses","sumber":"OSM","atribut":{},"layer_id":"inklusivitas"},"geometry":{"type":"Point","coordinates":[106.786466,-6.16778]}},{"type":"Feature","properties":{"nama":"Bina Ban","jenis":"akses","sumber":"OSM","atribut":{},"layer_id":"inklusivitas"},"geometry":{"type":"Point","coordinates":[106.785265,-6.17393]}},{"type":"Feature","properties":{"nama":"Timezone","jenis":"akses","sumber":"OSM","atribut":{},"layer_id":"inklusivitas"},"geometry":{"type":"Point","coordinates":[106.73936,-6.187422]}},{"type":"Feature","properties":{"nama":"Parkson","jenis":"akses","sumber":"OSM","atribut":{},"layer_id":"inklusivitas"},"geometry":{"type":"Point","coordinates":[106.739749,-6.189901]}},{"type":"Feature","properties":{"nama":"Food Avenue","jenis":"akses","sumber":"OSM","atribut":{},"layer_id":"inklusivitas"},"geometry":{"type":"Point","coordinates":[106.738742,-6.190055]}},{"type":"Feature","properties":{"nama":"Food Garden","jenis":"akses","sumber":"OSM","atribut":{},"layer_id":"inklusivitas"},"geometry":{"type":"Point","coordinates":[106.738689,-6.188179]}},{"type":"Feature","properties":{"nama":"Matahari","jenis":"akses","sumber":"OSM","atribut":{},"layer_id":"inklusivitas"},"geometry":{"type":"Point","coordinates":[106.739446,-6.1899]}},{"type":"Feature","properties":{"nama":"Maytag","jenis":"akses","sumber":"OSM","atribut":{},"layer_id":"inklusivitas"},"geometry":{"type":"Point","coordinates":[106.788897,-6.174852]}},{"type":"Feature","properties":{"nama":"Bakmi Ayam Lili 166","jenis":"akses","sumber":"OSM","atribut":{},"layer_id":"inklusivitas"},"geometry":{"type":"Point","coordinates":[106.776833,-6.172514]}},{"type":"Feature","properties":{"nama":"Bakmi Kohon Toboali","jenis":"akses","sumber":"OSM","atribut":{},"layer_id":"inklusivitas"},"geometry":{"type":"Point","coordinates":[106.778248,-6.174553]}},{"type":"Feature","properties":{"nama":"Bakmie Effata","jenis":"akses","sumber":"OSM","atribut":{},"layer_id":"inklusivitas"},"geometry":{"type":"Point","coordinates":[106.781057,-6.201816]}},{"type":"Feature","properties":{"nama":"Crossroads Cafe","jenis":"akses","sumber":"OSM","atribut":{},"layer_id":"inklusivitas"},"geometry":{"type":"Point","coordinates":[106.780909,-6.201936]}},{"type":"Feature","properties":{"nama":"Rakuni Bakery","jenis":"akses","sumber":"OSM","atribut":{},"layer_id":"inklusivitas"},"geometry":{"type":"Point","coordinates":[106.785421,-6.166685]}},{"type":"Feature","properties":{"nama":"Kebab Monster","jenis":"akses","sumber":"OSM","atribut":{},"layer_id":"inklusivitas"},"geometry":{"type":"Point","coordinates":[106.783216,-6.200914]}},{"type":"Feature","properties":{"nama":"Kiri Desu","jenis":"akses","sumber":"OSM","atribut":{},"layer_id":"inklusivitas"},"geometry":{"type":"Point","coordinates":[106.783278,-6.200777]}},{"type":"Feature","properties":{"nama":"Martabak Djoeragan Mardjoe","jenis":"akses","sumber":"OSM","atribut":{},"layer_id":"inklusivitas"},"geometry":{"type":"Point","coordinates":[106.783244,-6.200778]}},{"type":"Feature","properties":{"nama":"Rice Pasta","jenis":"akses","sumber":"OSM","atribut":{},"layer_id":"inklusivitas"},"geometry":{"type":"Point","coordinates":[106.780935,-6.201865]}},{"type":"Feature","properties":{"nama":"Warung Bohai","jenis":"akses","sumber":"OSM","atribut":{},"layer_id":"inklusivitas"},"geometry":{"type":"Point","coordinates":[106.781108,-6.201812]}},{"type":"Feature","properties":{"nama":"Masakan Khas Manado \"Rasa Sayange\"","jenis":"akses","sumber":"OSM","atribut":{},"layer_id":"inklusivitas"},"geometry":{"type":"Point","coordinates":[106.781142,-6.201806]}},{"type":"Feature","properties":{"nama":"Bakso, Bakwan Malang & Mie Ayam Mangkok \"Mas Bagol\"","jenis":"akses","sumber":"OSM","atribut":{},"layer_id":"inklusivitas"},"geometry":{"type":"Point","coordinates":[106.78101,-6.201818]}},{"type":"Feature","properties":{"nama":"Khao Khao Urban Thai - Neo Soho","jenis":"akses","sumber":"OSM","atribut":{},"layer_id":"inklusivitas"},"geometry":{"type":"Point","coordinates":[106.790419,-6.174964]}},{"type":"Feature","properties":{"nama":"HokBen Kiosk","jenis":"akses","sumber":"OSM","atribut":{},"layer_id":"inklusivitas"},"geometry":{"type":"Point","coordinates":[106.78065,-6.201905]}},{"type":"Feature","properties":{"nama":"Alfamart","jenis":"akses","sumber":"OSM","atribut":{},"layer_id":"inklusivitas"},"geometry":{"type":"Point","coordinates":[106.78643,-6.193782]}},{"type":"Feature","properties":{"nama":"My Crepes","jenis":"akses","sumber":"OSM","atribut":{},"layer_id":"inklusivitas"},"geometry":{"type":"Point","coordinates":[106.780631,-6.201907]}},{"type":"Feature","properties":{"nama":"Sticky Fingers","jenis":"akses","sumber":"OSM","atribut":{},"layer_id":"inklusivitas"},"geometry":{"type":"Point","coordinates":[106.780511,-6.201917]}},{"type":"Feature","properties":{"nama":"Omon's Corner","jenis":"akses","sumber":"OSM","atribut":{},"layer_id":"inklusivitas"},"geometry":{"type":"Point","coordinates":[106.780608,-6.201909]}},{"type":"Feature","properties":{"nama":"Good Waffle","jenis":"akses","sumber":"OSM","atribut":{},"layer_id":"inklusivitas"},"geometry":{"type":"Point","coordinates":[106.780934,-6.201825]}},{"type":"Feature","properties":{"nama":"Kopi Uti","jenis":"akses","sumber":"OSM","atribut":{},"layer_id":"inklusivitas"},"geometry":{"type":"Point","coordinates":[106.803974,-6.193163]}},{"type":"Feature","properties":{"nama":"Kantin Karyawan RS. Pelni","jenis":"akses","sumber":"OSM","atribut":{},"layer_id":"inklusivitas"},"geometry":{"type":"Point","coordinates":[106.803975,-6.193094]}},{"type":"Feature","properties":{"nama":"Oku Tei","jenis":"akses","sumber":"OSM","atribut":{},"layer_id":"inklusivitas"},"geometry":{"type":"Point","coordinates":[106.780562,-6.201913]}},{"type":"Feature","properties":{"nama":"Bigbab","jenis":"akses","sumber":"OSM","atribut":{},"layer_id":"inklusivitas"},"geometry":{"type":"Point","coordinates":[106.780586,-6.201911]}},{"type":"Feature","properties":{"nama":"Hakuya","jenis":"akses","sumber":"OSM","atribut":{},"layer_id":"inklusivitas"},"geometry":{"type":"Point","coordinates":[106.780544,-6.201915]}},{"type":"Feature","properties":{"nama":"Telkomsel","jenis":"akses","sumber":"OSM","atribut":{},"layer_id":"inklusivitas"},"geometry":{"type":"Point","coordinates":[106.791245,-6.177494]}},{"type":"Feature","properties":{"nama":"ACE Hardware","jenis":"akses","sumber":"OSM","atribut":{},"layer_id":"inklusivitas"},"geometry":{"type":"Point","coordinates":[106.792716,-6.179647]}},{"type":"Feature","properties":{"nama":"Indomaret","jenis":"akses","sumber":"OSM","atribut":{},"layer_id":"inklusivitas"},"geometry":{"type":"Point","coordinates":[106.780635,-6.185322]}},{"type":"Feature","properties":{"nama":"Rempah Bistro","jenis":"akses","sumber":"OSM","atribut":{},"layer_id":"inklusivitas"},"geometry":{"type":"Point","coordinates":[106.791287,-6.176902]}},{"type":"Feature","properties":{"nama":"GMS Central Park","jenis":"akses","sumber":"OSM","atribut":{},"layer_id":"inklusivitas"},"geometry":{"type":"Point","coordinates":[106.789994,-6.177187]}},{"type":"Feature","properties":{"nama":"Daily Wash","jenis":"akses","sumber":"OSM","atribut":{},"layer_id":"inklusivitas"},"geometry":{"type":"Point","coordinates":[106.788236,-6.174553]}},{"type":"Feature","properties":{"nama":"Garden Foodcourt","jenis":"akses","sumber":"OSM","atribut":{},"layer_id":"inklusivitas"},"geometry":{"type":"Point","coordinates":[106.78814,-6.174462]}},{"type":"Feature","properties":{"nama":"FamilyMart","jenis":"akses","sumber":"OSM","atribut":{},"layer_id":"inklusivitas"},"geometry":{"type":"Point","coordinates":[106.788173,-6.176162]}},{"type":"Feature","properties":{"nama":"Hubbite Food Town","jenis":"akses","sumber":"OSM","atribut":{},"layer_id":"inklusivitas"},"geometry":{"type":"Point","coordinates":[106.792004,-6.180975]}},{"type":"Feature","properties":{"nama":"Hugo Boss","jenis":"akses","sumber":"OSM","atribut":{},"layer_id":"inklusivitas"},"geometry":{"type":"Point","coordinates":[106.791468,-6.176088]}},{"type":"Feature","properties":{"nama":"RS PELNI PETAMBURAN","jenis":"akses","sumber":"OSM","atribut":{},"layer_id":"inklusivitas"},"geometry":{"type":"Point","coordinates":[106.80369,-6.193192]}},{"type":"Feature","properties":{"nama":"RSU ROYAL TARUMA","jenis":"akses","sumber":"OSM","atribut":{},"layer_id":"inklusivitas"},"geometry":{"type":"Point","coordinates":[106.785231,-6.166535]}},{"type":"Feature","properties":{"nama":null,"jenis":"akses","sumber":"OSM","atribut":{},"layer_id":"inklusivitas"},"geometry":{"type":"Point","coordinates":[106.788836,-6.166872]}},{"type":"Feature","properties":{"nama":null,"jenis":"akses","sumber":"OSM","atribut":{},"layer_id":"inklusivitas"},"geometry":{"type":"Point","coordinates":[106.788273,-6.167226]}},{"type":"Feature","properties":{"nama":null,"jenis":"akses","sumber":"OSM","atribut":{},"layer_id":"inklusivitas"},"geometry":{"type":"Point","coordinates":[106.735578,-6.193993]}},{"type":"Feature","properties":{"nama":"Blurette Florist","jenis":"akses","sumber":"OSM","atribut":{},"layer_id":"inklusivitas"},"geometry":{"type":"Point","coordinates":[106.782879,-6.169827]}},{"type":"Feature","properties":{"nama":"Mie Ayam Hadiah M21","jenis":"akses","sumber":"OSM","atribut":{},"layer_id":"inklusivitas"},"geometry":{"type":"Point","coordinates":[106.782975,-6.16111]}},{"type":"Feature","properties":{"nama":"Kharisma Music","jenis":"akses","sumber":"OSM","atribut":{},"layer_id":"inklusivitas"},"geometry":{"type":"Point","coordinates":[106.78255,-6.16072]}},{"type":"Feature","properties":{"nama":"SMAK 1 BPK PENABUR Jakarta","jenis":"akses","sumber":"OSM","atribut":{},"layer_id":"inklusivitas"},"geometry":{"type":"Point","coordinates":[106.787855,-6.172342]}},{"type":"Feature","properties":{"nama":"Mal Ciputra Jakarta (Citraland)","jenis":"akses","sumber":"OSM","atribut":{},"layer_id":"inklusivitas"},"geometry":{"type":"Point","coordinates":[106.786488,-6.168236]}},{"type":"Feature","properties":{"nama":"Masjid At-Tuqo'","jenis":"akses","sumber":"OSM","atribut":{},"layer_id":"inklusivitas"},"geometry":{"type":"Point","coordinates":[106.78198,-6.175651]}},{"type":"Feature","properties":{"nama":"Rumah Sakit Pelni Petamburan","jenis":"akses","sumber":"OSM","atribut":{},"layer_id":"inklusivitas"},"geometry":{"type":"Point","coordinates":[106.803726,-6.193231]}},{"type":"Feature","properties":{"nama":"Kitchenette and Pizza E Birra","jenis":"akses","sumber":"OSM","atribut":{},"layer_id":"inklusivitas"},"geometry":{"type":"Point","coordinates":[106.790891,-6.176781]}},{"type":"Feature","properties":{"nama":"KFC","jenis":"akses","sumber":"OSM","atribut":{},"layer_id":"inklusivitas"},"geometry":{"type":"Point","coordinates":[106.797531,-6.198275]}},{"type":"Feature","properties":{"nama":"Heaven (d/h Dharmais)","jenis":"akses","sumber":"OSM","atribut":{},"layer_id":"inklusivitas"},"geometry":{"type":"Point","coordinates":[106.798553,-6.187252]}},{"type":"Feature","properties":{"nama":"Food Court BINUS Kijang","jenis":"akses","sumber":"OSM","atribut":{},"layer_id":"inklusivitas"},"geometry":{"type":"Point","coordinates":[106.788002,-6.193375]}},{"type":"Feature","properties":{"nama":"KFC","jenis":"akses","sumber":"OSM","atribut":{},"layer_id":"inklusivitas"},"geometry":{"type":"Point","coordinates":[106.782944,-6.200347]}},{"type":"Feature","properties":{"nama":"Jakarta Pusat Buah Segar Greenville","jenis":"akses","sumber":"OSM","atribut":{},"layer_id":"inklusivitas"},"geometry":{"type":"Point","coordinates":[106.772539,-6.169152]}},{"type":"Feature","properties":{"nama":"Sekolah Tarsisius II","jenis":"akses","sumber":"OSM","atribut":{},"layer_id":"inklusivitas"},"geometry":{"type":"Point","coordinates":[106.781824,-6.199649]}},{"type":"Feature","properties":{"nama":"Masjid Ar Ruuhul Jadiid","jenis":"akses","sumber":"OSM","atribut":{},"layer_id":"inklusivitas"},"geometry":{"type":"Point","coordinates":[106.78056,-6.202091]}},{"type":"Feature","properties":{"nama":"Della Dental Works - drg. Della Aurelia","jenis":"akses","sumber":"OSM","atribut":{},"layer_id":"inklusivitas"},"geometry":{"type":"Point","coordinates":[106.712176,-6.167864]}},{"type":"Feature","properties":{"nama":"RPTRA Dupa Wangi","jenis":"akses","sumber":"OSM","atribut":{},"layer_id":"inklusivitas"},"geometry":{"type":"Point","coordinates":[106.775828,-6.172012]}},{"type":"Feature","properties":{"nama":"Yellow Car Wash","jenis":"akses","sumber":"OSM","atribut":{},"layer_id":"inklusivitas"},"geometry":{"type":"Point","coordinates":[106.782984,-6.173028]}},{"type":"Feature","properties":{"nama":"Rumah Sakit Royal Taruma","jenis":"akses","sumber":"OSM","atribut":{},"layer_id":"inklusivitas"},"geometry":{"type":"Point","coordinates":[106.785423,-6.166657]}},{"type":"Feature","properties":{"nama":"Lion Parcel","jenis":"akses","sumber":"OSM","atribut":{},"layer_id":"inklusivitas"},"geometry":{"type":"Point","coordinates":[106.799477,-6.175995]}},{"type":"Feature","properties":{"nama":"Soto Betawi H. Mamat","jenis":"akses","sumber":"OSM","atribut":{},"layer_id":"inklusivitas"},"geometry":{"type":"Point","coordinates":[106.799353,-6.176095]}},{"type":"Feature","properties":{"nama":"Pisang Goreng Madu Bu Nanik","jenis":"akses","sumber":"OSM","atribut":{},"layer_id":"inklusivitas"},"geometry":{"type":"Point","coordinates":[106.783782,-6.174741]}},{"type":"Feature","properties":{"nama":"The Harvest","jenis":"akses","sumber":"OSM","atribut":{},"layer_id":"inklusivitas"},"geometry":{"type":"Point","coordinates":[106.783388,-6.174268]}},{"type":"Feature","properties":{"nama":"Shop and Drive","jenis":"akses","sumber":"OSM","atribut":{},"layer_id":"inklusivitas"},"geometry":{"type":"Point","coordinates":[106.78589,-6.173959]}},{"type":"Feature","properties":{"nama":"Fish Streat","jenis":"akses","sumber":"OSM","atribut":{},"layer_id":"inklusivitas"},"geometry":{"type":"Point","coordinates":[106.784737,-6.173052]}},{"type":"Feature","properties":{"nama":"Bank Central Asia","jenis":"akses","sumber":"OSM","atribut":{},"layer_id":"inklusivitas"},"geometry":{"type":"Point","coordinates":[106.777082,-6.173079]}},{"type":"Feature","properties":{"nama":"Shell","jenis":"akses","sumber":"OSM","atribut":{},"layer_id":"inklusivitas"},"geometry":{"type":"Point","coordinates":[106.729068,-6.178684]}},{"type":"Feature","properties":{"nama":"Eco Skywalk","jenis":"akses","sumber":"OSM","atribut":{},"layer_id":"inklusivitas"},"geometry":{"type":"Point","coordinates":[106.790445,-6.176628]}},{"type":"Feature","properties":{"nama":"STD RM Sederhana","jenis":"akses","sumber":"OSM","atribut":{},"layer_id":"inklusivitas"},"geometry":{"type":"Point","coordinates":[106.783357,-6.174009]}},{"type":"Feature","properties":{"nama":"Stasiun Bojong Indah","jenis":"akses","sumber":"OSM","atribut":{},"layer_id":"inklusivitas"},"geometry":{"type":"Point","coordinates":[106.736168,-6.160182]}},{"type":"Feature","properties":{"nama":"Unicare Aesthetic And Wellness Clinic","jenis":"akses","sumber":"OSM","atribut":{},"layer_id":"inklusivitas"},"geometry":{"type":"Point","coordinates":[106.704945,-6.126858]}},{"type":"Feature","properties":{"nama":"XXI","jenis":"akses","sumber":"OSM","atribut":{},"layer_id":"inklusivitas"},"geometry":{"type":"Point","coordinates":[106.784309,-6.264662]}},{"type":"Feature","properties":{"nama":"Loewy","jenis":"akses","sumber":"OSM","atribut":{},"layer_id":"inklusivitas"},"geometry":{"type":"Point","coordinates":[106.825694,-6.227497]}},{"type":"Feature","properties":{"nama":"Asrama UI","jenis":"akses","sumber":"OSM","atribut":{},"layer_id":"inklusivitas"},"geometry":{"type":"Point","coordinates":[106.829771,-6.34835]}},{"type":"Feature","properties":{"nama":"Shelter Asrama","jenis":"akses","sumber":"OSM","atribut":{},"layer_id":"inklusivitas"},"geometry":{"type":"Point","coordinates":[106.829347,-6.348528]}},{"type":"Feature","properties":{"nama":"Kebayoran","jenis":"akses","sumber":"OSM","atribut":{},"layer_id":"inklusivitas"},"geometry":{"type":"Point","coordinates":[106.783189,-6.238377]}},{"type":"Feature","properties":{"nama":"Ragunan","jenis":"akses","sumber":"OSM","atribut":{},"layer_id":"inklusivitas"},"geometry":{"type":"Point","coordinates":[106.819018,-6.305763]}},{"type":"Feature","properties":{"nama":"Sheraton Grand Jakarta Gandaria City Hotel","jenis":"akses","sumber":"OSM","atribut":{},"layer_id":"inklusivitas"},"geometry":{"type":"Point","coordinates":[106.783054,-6.245218]}},{"type":"Feature","properties":{"nama":"Ranch Market","jenis":"akses","sumber":"OSM","atribut":{},"layer_id":"inklusivitas"},"geometry":{"type":"Point","coordinates":[106.822936,-6.224218]}},{"type":"Feature","properties":{"nama":null,"jenis":"akses","sumber":"OSM","atribut":{},"layer_id":"inklusivitas"},"geometry":{"type":"Point","coordinates":[106.824436,-6.227233]}},{"type":"Feature","properties":{"nama":"Yayasan Ayah Bunda Cintaku","jenis":"akses","sumber":"OSM","atribut":{},"layer_id":"inklusivitas"},"geometry":{"type":"Point","coordinates":[106.817331,-6.311628]}},{"type":"Feature","properties":{"nama":"North Pole Cafe","jenis":"akses","sumber":"OSM","atribut":{},"layer_id":"inklusivitas"},"geometry":{"type":"Point","coordinates":[106.783026,-6.244406]}},{"type":"Feature","properties":{"nama":"Century","jenis":"akses","sumber":"OSM","atribut":{},"layer_id":"inklusivitas"},"geometry":{"type":"Point","coordinates":[106.861446,-6.251625]}},{"type":"Feature","properties":{"nama":"Bank Central Asia","jenis":"akses","sumber":"OSM","atribut":{},"layer_id":"inklusivitas"},"geometry":{"type":"Point","coordinates":[106.783815,-6.245178]}},{"type":"Feature","properties":{"nama":"Pancoran Arah Timur","jenis":"akses","sumber":"OSM","atribut":{},"layer_id":"inklusivitas"},"geometry":{"type":"Point","coordinates":[106.838052,-6.241553]}},{"type":"Feature","properties":{"nama":"Manzone","jenis":"akses","sumber":"OSM","atribut":{},"layer_id":"inklusivitas"},"geometry":{"type":"Point","coordinates":[106.823355,-6.224171]}},{"type":"Feature","properties":{"nama":"Uniqlo","jenis":"akses","sumber":"OSM","atribut":{},"layer_id":"inklusivitas"},"geometry":{"type":"Point","coordinates":[106.823363,-6.224623]}},{"type":"Feature","properties":{"nama":"Lebak Bulus Bank Syariah Indonesia","jenis":"akses","sumber":"OSM","atribut":{},"layer_id":"inklusivitas"},"geometry":{"type":"Point","coordinates":[106.774935,-6.289274]}},{"type":"Feature","properties":{"nama":"Tunaspoker","jenis":"akses","sumber":"OSM","atribut":{},"layer_id":"inklusivitas"},"geometry":{"type":"Point","coordinates":[106.75242,-6.271415]}},{"type":"Feature","properties":{"nama":"Mitarik Laiker","jenis":"akses","sumber":"OSM","atribut":{},"layer_id":"inklusivitas"},"geometry":{"type":"Point","coordinates":[106.785082,-6.2661]}},{"type":"Feature","properties":{"nama":"Do An","jenis":"akses","sumber":"OSM","atribut":{},"layer_id":"inklusivitas"},"geometry":{"type":"Point","coordinates":[106.785061,-6.26616]}},{"type":"Feature","properties":{"nama":"Yong Tau Fu","jenis":"akses","sumber":"OSM","atribut":{},"layer_id":"inklusivitas"},"geometry":{"type":"Point","coordinates":[106.78508,-6.266038]}},{"type":"Feature","properties":{"nama":"Chatime","jenis":"akses","sumber":"OSM","atribut":{},"layer_id":"inklusivitas"},"geometry":{"type":"Point","coordinates":[106.785056,-6.26599]}},{"type":"Feature","properties":{"nama":"Ichiban Sushi","jenis":"akses","sumber":"OSM","atribut":{},"layer_id":"inklusivitas"},"geometry":{"type":"Point","coordinates":[106.784789,-6.265946]}},{"type":"Feature","properties":{"nama":"Dairy Queen","jenis":"akses","sumber":"OSM","atribut":{},"layer_id":"inklusivitas"},"geometry":{"type":"Point","coordinates":[106.784629,-6.266223]}},{"type":"Feature","properties":{"nama":"Quickly","jenis":"akses","sumber":"OSM","atribut":{},"layer_id":"inklusivitas"},"geometry":{"type":"Point","coordinates":[106.784674,-6.26628]}},{"type":"Feature","properties":{"nama":"Auntie Anne's","jenis":"akses","sumber":"OSM","atribut":{},"layer_id":"inklusivitas"},"geometry":{"type":"Point","coordinates":[106.784779,-6.266339]}},{"type":"Feature","properties":{"nama":"Cold Stone Creamery","jenis":"akses","sumber":"OSM","atribut":{},"layer_id":"inklusivitas"},"geometry":{"type":"Point","coordinates":[106.784804,-6.266125]}},{"type":"Feature","properties":{"nama":"Yoshinoya","jenis":"akses","sumber":"OSM","atribut":{},"layer_id":"inklusivitas"},"geometry":{"type":"Point","coordinates":[106.78469,-6.266055]}},{"type":"Feature","properties":{"nama":"Hoka-Hoka Bento","jenis":"akses","sumber":"OSM","atribut":{},"layer_id":"inklusivitas"},"geometry":{"type":"Point","coordinates":[106.784428,-6.266251]}},{"type":"Feature","properties":{"nama":"Chop Buntut Cak Yo","jenis":"akses","sumber":"OSM","atribut":{},"layer_id":"inklusivitas"},"geometry":{"type":"Point","coordinates":[106.784559,-6.266246]}},{"type":"Feature","properties":{"nama":"Muji","jenis":"akses","sumber":"OSM","atribut":{},"layer_id":"inklusivitas"},"geometry":{"type":"Point","coordinates":[106.784495,-6.266246]}},{"type":"Feature","properties":{"nama":"Ace Hardware","jenis":"akses","sumber":"OSM","atribut":{},"layer_id":"inklusivitas"},"geometry":{"type":"Point","coordinates":[106.784254,-6.265746]}},{"type":"Feature","properties":{"nama":"Electronic City","jenis":"akses","sumber":"OSM","atribut":{},"layer_id":"inklusivitas"},"geometry":{"type":"Point","coordinates":[106.784256,-6.265929]}},{"type":"Feature","properties":{"nama":"Hanamasa","jenis":"akses","sumber":"OSM","atribut":{},"layer_id":"inklusivitas"},"geometry":{"type":"Point","coordinates":[106.78512,-6.265915]}},{"type":"Feature","properties":{"nama":"Periplus","jenis":"akses","sumber":"OSM","atribut":{},"layer_id":"inklusivitas"},"geometry":{"type":"Point","coordinates":[106.784597,-6.265921]}},{"type":"Feature","properties":{"nama":"The Coffee Bean & Tea Leaf","jenis":"akses","sumber":"OSM","atribut":{},"layer_id":"inklusivitas"},"geometry":{"type":"Point","coordinates":[106.784712,-6.266123]}},{"type":"Feature","properties":{"nama":"Gramedia","jenis":"akses","sumber":"OSM","atribut":{},"layer_id":"inklusivitas"},"geometry":{"type":"Point","coordinates":[106.784817,-6.265683]}},{"type":"Feature","properties":{"nama":"Planet Sport","jenis":"akses","sumber":"OSM","atribut":{},"layer_id":"inklusivitas"},"geometry":{"type":"Point","coordinates":[106.784817,-6.265774]}},{"type":"Feature","properties":{"nama":"HERO","jenis":"akses","sumber":"OSM","atribut":{},"layer_id":"inklusivitas"},"geometry":{"type":"Point","coordinates":[106.784817,-6.265598]}},{"type":"Feature","properties":{"nama":"Metro","jenis":"akses","sumber":"OSM","atribut":{},"layer_id":"inklusivitas"},"geometry":{"type":"Point","coordinates":[106.784561,-6.264362]}},{"type":"Feature","properties":{"nama":"Uniqlo","jenis":"akses","sumber":"OSM","atribut":{},"layer_id":"inklusivitas"},"geometry":{"type":"Point","coordinates":[106.78471,-6.264789]}},{"type":"Feature","properties":{"nama":"H&M","jenis":"akses","sumber":"OSM","atribut":{},"layer_id":"inklusivitas"},"geometry":{"type":"Point","coordinates":[106.78471,-6.264929]}},{"type":"Feature","properties":{"nama":"Bakmi GM","jenis":"akses","sumber":"OSM","atribut":{},"layer_id":"inklusivitas"},"geometry":{"type":"Point","coordinates":[106.784213,-6.26512]}},{"type":"Feature","properties":{"nama":"Starbucks","jenis":"akses","sumber":"OSM","atribut":{},"layer_id":"inklusivitas"},"geometry":{"type":"Point","coordinates":[106.784212,-6.264798]}},{"type":"Feature","properties":{"nama":"Stradivarius","jenis":"akses","sumber":"OSM","atribut":{},"layer_id":"inklusivitas"},"geometry":{"type":"Point","coordinates":[106.784187,-6.265839]}},{"type":"Feature","properties":{"nama":"Cotton On","jenis":"akses","sumber":"OSM","atribut":{},"layer_id":"inklusivitas"},"geometry":{"type":"Point","coordinates":[106.784257,-6.265839]}},{"type":"Feature","properties":{"nama":"Miniso","jenis":"akses","sumber":"OSM","atribut":{},"layer_id":"inklusivitas"},"geometry":{"type":"Point","coordinates":[106.783197,-6.266679]}},{"type":"Feature","properties":{"nama":null,"jenis":"akses","sumber":"OSM","atribut":{},"layer_id":"inklusivitas"},"geometry":{"type":"Point","coordinates":[106.784798,-6.265854]}},{"type":"Feature","properties":{"nama":"Century","jenis":"akses","sumber":"OSM","atribut":{},"layer_id":"inklusivitas"},"geometry":{"type":"Point","coordinates":[106.784855,-6.264965]}},{"type":"Feature","properties":{"nama":"Ciputra Bakery","jenis":"akses","sumber":"OSM","atribut":{},"layer_id":"inklusivitas"},"geometry":{"type":"Point","coordinates":[106.784432,-6.265845]}},{"type":"Feature","properties":{"nama":"Nasi Uduk \"Emak\" Guru Mughni","jenis":"akses","sumber":"OSM","atribut":{},"layer_id":"inklusivitas"},"geometry":{"type":"Point","coordinates":[106.821926,-6.229616]}},{"type":"Feature","properties":{"nama":"Smorre Brod","jenis":"akses","sumber":"OSM","atribut":{},"layer_id":"inklusivitas"},"geometry":{"type":"Point","coordinates":[106.783506,-6.243977]}},{"type":"Feature","properties":{"nama":"Sushi Tei","jenis":"akses","sumber":"OSM","atribut":{},"layer_id":"inklusivitas"},"geometry":{"type":"Point","coordinates":[106.78354,-6.245225]}},{"type":"Feature","properties":{"nama":null,"jenis":"akses","sumber":"OSM","atribut":{},"layer_id":"inklusivitas"},"geometry":{"type":"Point","coordinates":[106.830235,-6.212559]}},{"type":"Feature","properties":{"nama":"Lokal","jenis":"akses","sumber":"OSM","atribut":{},"layer_id":"inklusivitas"},"geometry":{"type":"Point","coordinates":[106.784694,-6.265101]}},{"type":"Feature","properties":{"nama":"Toys City","jenis":"akses","sumber":"OSM","atribut":{},"layer_id":"inklusivitas"},"geometry":{"type":"Point","coordinates":[106.784758,-6.265505]}},{"type":"Feature","properties":{"nama":"Hop Hop","jenis":"akses","sumber":"OSM","atribut":{},"layer_id":"inklusivitas"},"geometry":{"type":"Point","coordinates":[106.784329,-6.266091]}},{"type":"Feature","properties":{"nama":"Musholla","jenis":"akses","sumber":"OSM","atribut":{},"layer_id":"inklusivitas"},"geometry":{"type":"Point","coordinates":[106.784235,-6.266064]}},{"type":"Feature","properties":{"nama":"Le Gourmet","jenis":"akses","sumber":"OSM","atribut":{},"layer_id":"inklusivitas"},"geometry":{"type":"Point","coordinates":[106.784439,-6.265936]}},{"type":"Feature","properties":{"nama":"Amante","jenis":"akses","sumber":"OSM","atribut":{},"layer_id":"inklusivitas"},"geometry":{"type":"Point","coordinates":[106.78436,-6.266028]}},{"type":"Feature","properties":{"nama":"Sports Station","jenis":"akses","sumber":"OSM","atribut":{},"layer_id":"inklusivitas"},"geometry":{"type":"Point","coordinates":[106.833396,-6.220886]}},{"type":"Feature","properties":{"nama":"Fook Yew","jenis":"akses","sumber":"OSM","atribut":{},"layer_id":"inklusivitas"},"geometry":{"type":"Point","coordinates":[106.783852,-6.245237]}},{"type":"Feature","properties":{"nama":"Hugo Boss","jenis":"akses","sumber":"OSM","atribut":{},"layer_id":"inklusivitas"},"geometry":{"type":"Point","coordinates":[106.783119,-6.265821]}},{"type":"Feature","properties":{"nama":"Massimo Dutti","jenis":"akses","sumber":"OSM","atribut":{},"layer_id":"inklusivitas"},"geometry":{"type":"Point","coordinates":[106.783113,-6.265944]}},{"type":"Feature","properties":{"nama":"PIM 2 XXI","jenis":"akses","sumber":"OSM","atribut":{},"layer_id":"inklusivitas"},"geometry":{"type":"Point","coordinates":[106.782866,-6.265937]}},{"type":"Feature","properties":{"nama":"Nike","jenis":"akses","sumber":"OSM","atribut":{},"layer_id":"inklusivitas"},"geometry":{"type":"Point","coordinates":[106.783054,-6.265635]}},{"type":"Feature","properties":{"nama":"Sour Sally","jenis":"akses","sumber":"OSM","atribut":{},"layer_id":"inklusivitas"},"geometry":{"type":"Point","coordinates":[106.784114,-6.267319]}},{"type":"Feature","properties":{"nama":"Nanny's Pavillon","jenis":"akses","sumber":"OSM","atribut":{},"layer_id":"inklusivitas"},"geometry":{"type":"Point","coordinates":[106.78399,-6.267254]}},{"type":"Feature","properties":{"nama":"Rumah Sakit Pondok Indah","jenis":"akses","sumber":"OSM","atribut":{},"layer_id":"inklusivitas"},"geometry":{"type":"Point","coordinates":[106.78167,-6.283632]}},{"type":"Feature","properties":{"nama":"Apotek Century","jenis":"akses","sumber":"OSM","atribut":{},"layer_id":"inklusivitas"},"geometry":{"type":"Point","coordinates":[106.842473,-6.223028]}},{"type":"Feature","properties":{"nama":"FamilyMart","jenis":"akses","sumber":"OSM","atribut":{},"layer_id":"inklusivitas"},"geometry":{"type":"Point","coordinates":[106.817665,-6.215597]}},{"type":"Feature","properties":{"nama":"FamilyMart","jenis":"akses","sumber":"OSM","atribut":{},"layer_id":"inklusivitas"},"geometry":{"type":"Point","coordinates":[106.791788,-6.246769]}},{"type":"Feature","properties":{"nama":null,"jenis":"akses","sumber":"OSM","atribut":{},"layer_id":"inklusivitas"},"geometry":{"type":"Point","coordinates":[106.841468,-6.231601]}},{"type":"Feature","properties":{"nama":null,"jenis":"akses","sumber":"OSM","atribut":{},"layer_id":"inklusivitas"},"geometry":{"type":"Point","coordinates":[106.809997,-6.221652]}},{"type":"Feature","properties":{"nama":null,"jenis":"akses","sumber":"OSM","atribut":{},"layer_id":"inklusivitas"},"geometry":{"type":"Point","coordinates":[106.817718,-6.324592]}},{"type":"Feature","properties":{"nama":null,"jenis":"akses","sumber":"OSM","atribut":{},"layer_id":"inklusivitas"},"geometry":{"type":"Point","coordinates":[106.819685,-6.213473]}},{"type":"Feature","properties":{"nama":null,"jenis":"akses","sumber":"OSM","atribut":{},"layer_id":"inklusivitas"},"geometry":{"type":"Point","coordinates":[106.843384,-6.230788]}},{"type":"Feature","properties":{"nama":"Wayang Cafè","jenis":"akses","sumber":"OSM","atribut":{},"layer_id":"inklusivitas"},"geometry":{"type":"Point","coordinates":[106.831007,-6.239764]}},{"type":"Feature","properties":{"nama":"KFC","jenis":"akses","sumber":"OSM","atribut":{},"layer_id":"inklusivitas"},"geometry":{"type":"Point","coordinates":[106.843103,-6.222768]}},{"type":"Feature","properties":{"nama":"Telkomsel","jenis":"akses","sumber":"OSM","atribut":{},"layer_id":"inklusivitas"},"geometry":{"type":"Point","coordinates":[106.842403,-6.223986]}},{"type":"Feature","properties":{"nama":"Warteg Bahari Sentosa","jenis":"akses","sumber":"OSM","atribut":{},"layer_id":"inklusivitas"},"geometry":{"type":"Point","coordinates":[106.816123,-6.274861]}},{"type":"Feature","properties":{"nama":"Jambo Kupi","jenis":"akses","sumber":"OSM","atribut":{},"layer_id":"inklusivitas"},"geometry":{"type":"Point","coordinates":[106.815061,-6.272939]}},{"type":"Feature","properties":{"nama":"Angkringan Tulung Agung","jenis":"akses","sumber":"OSM","atribut":{},"layer_id":"inklusivitas"},"geometry":{"type":"Point","coordinates":[106.816305,-6.274026]}},{"type":"Feature","properties":{"nama":"Mie Aceh Jaly-jaly","jenis":"akses","sumber":"OSM","atribut":{},"layer_id":"inklusivitas"},"geometry":{"type":"Point","coordinates":[106.845293,-6.238864]}},{"type":"Feature","properties":{"nama":null,"jenis":"akses","sumber":"OSM","atribut":{},"layer_id":"inklusivitas"},"geometry":{"type":"Point","coordinates":[106.820959,-6.30966]}},{"type":"Feature","properties":{"nama":"Restoran Sederhana","jenis":"akses","sumber":"OSM","atribut":{},"layer_id":"inklusivitas"},"geometry":{"type":"Point","coordinates":[106.819614,-6.279748]}},{"type":"Feature","properties":{"nama":"Klinik Utama SpeedLab","jenis":"akses","sumber":"OSM","atribut":{},"layer_id":"inklusivitas"},"geometry":{"type":"Point","coordinates":[106.81588,-6.269369]}},{"type":"Feature","properties":{"nama":"Carrots Bar","jenis":"akses","sumber":"OSM","atribut":{},"layer_id":"inklusivitas"},"geometry":{"type":"Point","coordinates":[106.807182,-6.226671]}},{"type":"Feature","properties":{"nama":"Market Ranch","jenis":"akses","sumber":"OSM","atribut":{},"layer_id":"inklusivitas"},"geometry":{"type":"Point","coordinates":[106.801515,-6.252617]}},{"type":"Feature","properties":{"nama":"Tos.Ca","jenis":"akses","sumber":"OSM","atribut":{},"layer_id":"inklusivitas"},"geometry":{"type":"Point","coordinates":[106.801814,-6.253982]}},{"type":"Feature","properties":{"nama":"Weirdough Bakehouse","jenis":"akses","sumber":"OSM","atribut":{},"layer_id":"inklusivitas"},"geometry":{"type":"Point","coordinates":[106.801543,-6.253681]}},{"type":"Feature","properties":{"nama":"Weirdough","jenis":"akses","sumber":"OSM","atribut":{},"layer_id":"inklusivitas"},"geometry":{"type":"Point","coordinates":[106.801531,-6.253421]}},{"type":"Feature","properties":{"nama":"Boaz","jenis":"akses","sumber":"OSM","atribut":{},"layer_id":"inklusivitas"},"geometry":{"type":"Point","coordinates":[106.801746,-6.253371]}},{"type":"Feature","properties":{"nama":"Alfamidi","jenis":"akses","sumber":"OSM","atribut":{},"layer_id":"inklusivitas"},"geometry":{"type":"Point","coordinates":[106.813251,-6.337775]}},{"type":"Feature","properties":{"nama":"Rà Premiere","jenis":"akses","sumber":"OSM","atribut":{},"layer_id":"inklusivitas"},"geometry":{"type":"Point","coordinates":[106.802256,-6.293642]}},{"type":"Feature","properties":{"nama":"Layàna Cilandak","jenis":"akses","sumber":"OSM","atribut":{},"layer_id":"inklusivitas"},"geometry":{"type":"Point","coordinates":[106.802451,-6.293678]}},{"type":"Feature","properties":{"nama":null,"jenis":"akses","sumber":"OSM","atribut":{},"layer_id":"inklusivitas"},"geometry":{"type":"Point","coordinates":[106.8195,-6.226793]}},{"type":"Feature","properties":{"nama":"Kopi Nako","jenis":"akses","sumber":"OSM","atribut":{},"layer_id":"inklusivitas"},"geometry":{"type":"Point","coordinates":[106.819171,-6.226295]}},{"type":"Feature","properties":{"nama":"Tanamera","jenis":"akses","sumber":"OSM","atribut":{},"layer_id":"inklusivitas"},"geometry":{"type":"Point","coordinates":[106.80966,-6.223625]}},{"type":"Feature","properties":{"nama":"DRC DR's Clinic","jenis":"akses","sumber":"OSM","atribut":{},"layer_id":"inklusivitas"},"geometry":{"type":"Point","coordinates":[106.819098,-6.226347]}},{"type":"Feature","properties":{"nama":"Dari Hari Dental Clinic","jenis":"akses","sumber":"OSM","atribut":{},"layer_id":"inklusivitas"},"geometry":{"type":"Point","coordinates":[106.819029,-6.226216]}},{"type":"Feature","properties":{"nama":"Saturday","jenis":"akses","sumber":"OSM","atribut":{},"layer_id":"inklusivitas"},"geometry":{"type":"Point","coordinates":[106.82295,-6.224437]}},{"type":"Feature","properties":{"nama":"Pick Cup","jenis":"akses","sumber":"OSM","atribut":{},"layer_id":"inklusivitas"},"geometry":{"type":"Point","coordinates":[106.82052,-6.229433]}},{"type":"Feature","properties":{"nama":"Kebayoran","jenis":"akses","sumber":"OSM","atribut":{},"layer_id":"inklusivitas"},"geometry":{"type":"Point","coordinates":[106.783294,-6.238413]}},{"type":"Feature","properties":{"nama":"Karet","jenis":"akses","sumber":"OSM","atribut":{},"layer_id":"inklusivitas"},"geometry":{"type":"Point","coordinates":[106.820057,-6.212422]}},{"type":"Feature","properties":{"nama":"TAMANI KOTA KASABLANKA","jenis":"akses","sumber":"OSM","atribut":{},"layer_id":"inklusivitas"},"geometry":{"type":"Point","coordinates":[106.842355,-6.223327]}},{"type":"Feature","properties":{"nama":"Kebayoran","jenis":"akses","sumber":"OSM","atribut":{},"layer_id":"inklusivitas"},"geometry":{"type":"Point","coordinates":[106.783231,-6.238405]}},{"type":"Feature","properties":{"nama":"Taman Rasuna Tower 10","jenis":"akses","sumber":"OSM","atribut":{},"layer_id":"inklusivitas"},"geometry":{"type":"Point","coordinates":[106.835982,-6.218636]}},{"type":"Feature","properties":{"nama":"Bungur","jenis":"akses","sumber":"OSM","atribut":{},"layer_id":"inklusivitas"},"geometry":{"type":"Point","coordinates":[106.781646,-6.252674]}},{"type":"Feature","properties":{"nama":"Tanah Kusir","jenis":"akses","sumber":"OSM","atribut":{},"layer_id":"inklusivitas"},"geometry":{"type":"Point","coordinates":[106.781693,-6.25697]}},{"type":"Feature","properties":{"nama":"Pondok Indah","jenis":"akses","sumber":"OSM","atribut":{},"layer_id":"inklusivitas"},"geometry":{"type":"Point","coordinates":[106.783655,-6.267217]}},{"type":"Feature","properties":{"nama":null,"jenis":"akses","sumber":"OSM","atribut":{},"layer_id":"inklusivitas"},"geometry":{"type":"Point","coordinates":[106.815247,-6.217158]}},{"type":"Feature","properties":{"nama":"Human Connection Studio","jenis":"akses","sumber":"OSM","atribut":{},"layer_id":"inklusivitas"},"geometry":{"type":"Point","coordinates":[106.795161,-6.239418]}},{"type":"Feature","properties":{"nama":null,"jenis":"akses","sumber":"OSM","atribut":{},"layer_id":"inklusivitas"},"geometry":{"type":"Point","coordinates":[106.850037,-6.242605]}},{"type":"Feature","properties":{"nama":null,"jenis":"akses","sumber":"OSM","atribut":{},"layer_id":"inklusivitas"},"geometry":{"type":"Point","coordinates":[106.783109,-6.238708]}},{"type":"Feature","properties":{"nama":null,"jenis":"akses","sumber":"OSM","atribut":{},"layer_id":"inklusivitas"},"geometry":{"type":"Point","coordinates":[106.779675,-6.300486]}},{"type":"Feature","properties":{"nama":"Lamina Hospital","jenis":"akses","sumber":"OSM","atribut":{},"layer_id":"inklusivitas"},"geometry":{"type":"Point","coordinates":[106.827048,-6.284324]}},{"type":"Feature","properties":{"nama":"Kebayoran Park Hotel","jenis":"akses","sumber":"OSM","atribut":{},"layer_id":"inklusivitas"},"geometry":{"type":"Point","coordinates":[106.764139,-6.238323]}},{"type":"Feature","properties":{"nama":"CHAMPION Warkop","jenis":"akses","sumber":"OSM","atribut":{},"layer_id":"inklusivitas"},"geometry":{"type":"Point","coordinates":[106.762167,-6.256537]}},{"type":"Feature","properties":{"nama":"Rumah Sakit Jakarta","jenis":"akses","sumber":"OSM","atribut":{},"layer_id":"inklusivitas"},"geometry":{"type":"Point","coordinates":[106.81633,-6.218596]}},{"type":"Feature","properties":{"nama":"Masjid Namira","jenis":"akses","sumber":"OSM","atribut":{},"layer_id":"inklusivitas"},"geometry":{"type":"Point","coordinates":[106.84739,-6.237289]}},{"type":"Feature","properties":{"nama":"Kota Kasablanka","jenis":"akses","sumber":"OSM","atribut":{},"layer_id":"inklusivitas"},"geometry":{"type":"Point","coordinates":[106.842685,-6.223239]}},{"type":"Feature","properties":{"nama":"Kantor Pos Fatmawati","jenis":"akses","sumber":"OSM","atribut":{},"layer_id":"inklusivitas"},"geometry":{"type":"Point","coordinates":[106.794533,-6.294461]}},{"type":"Feature","properties":{"nama":"Hotel Harris Tebet","jenis":"akses","sumber":"OSM","atribut":{},"layer_id":"inklusivitas"},"geometry":{"type":"Point","coordinates":[106.848015,-6.222918]}},{"type":"Feature","properties":{"nama":"Universitas Indonesia","jenis":"akses","sumber":"OSM","atribut":{},"layer_id":"inklusivitas"},"geometry":{"type":"Point","coordinates":[106.826088,-6.360529]}},{"type":"Feature","properties":{"nama":null,"jenis":"akses","sumber":"OSM","atribut":{},"layer_id":"inklusivitas"},"geometry":{"type":"Point","coordinates":[106.858087,-6.2283]}},{"type":"Feature","properties":{"nama":"Gallery kemang 58","jenis":"akses","sumber":"OSM","atribut":{},"layer_id":"inklusivitas"},"geometry":{"type":"Point","coordinates":[106.815899,-6.26357]}},{"type":"Feature","properties":{"nama":"SIS South Jakarta","jenis":"akses","sumber":"OSM","atribut":{},"layer_id":"inklusivitas"},"geometry":{"type":"Point","coordinates":[106.785242,-6.300506]}},{"type":"Feature","properties":{"nama":"Gereja GPIB Sejahtera","jenis":"akses","sumber":"OSM","atribut":{},"layer_id":"inklusivitas"},"geometry":{"type":"Point","coordinates":[106.759282,-6.235697]}},{"type":"Feature","properties":{"nama":"Toko Kopi TUKU - Bintaro","jenis":"akses","sumber":"OSM","atribut":{},"layer_id":"inklusivitas"},"geometry":{"type":"Point","coordinates":[106.75455,-6.26977]}},{"type":"Feature","properties":{"nama":"Goodrich Suites","jenis":"akses","sumber":"OSM","atribut":{},"layer_id":"inklusivitas"},"geometry":{"type":"Point","coordinates":[106.808709,-6.264463]}},{"type":"Feature","properties":{"nama":"RSUD Pasar Minggu Jakarta","jenis":"akses","sumber":"OSM","atribut":{},"layer_id":"inklusivitas"},"geometry":{"type":"Point","coordinates":[106.819869,-6.293984]}},{"type":"Feature","properties":{"nama":"RS Prikasih","jenis":"akses","sumber":"OSM","atribut":{},"layer_id":"inklusivitas"},"geometry":{"type":"Point","coordinates":[106.794171,-6.314421]}},{"type":"Feature","properties":{"nama":"Kedutaan Besar Britania Raya","jenis":"akses","sumber":"OSM","atribut":{},"layer_id":"inklusivitas"},"geometry":{"type":"Point","coordinates":[106.834475,-6.230734]}},{"type":"Feature","properties":{"nama":"Mercure Hotel","jenis":"akses","sumber":"OSM","atribut":{},"layer_id":"inklusivitas"},"geometry":{"type":"Point","coordinates":[106.830788,-6.239654]}},{"type":"Feature","properties":{"nama":"Sultan Soffat Asmawi \"Pijat & Urut Tulang\"","jenis":"akses","sumber":"OSM","atribut":{},"layer_id":"inklusivitas"},"geometry":{"type":"Point","coordinates":[106.905827,-6.238549]}},{"type":"Feature","properties":{"nama":"CFC","jenis":"akses","sumber":"OSM","atribut":{},"layer_id":"inklusivitas"},"geometry":{"type":"Point","coordinates":[106.899694,-6.300936]}},{"type":"Feature","properties":{"nama":"Bengawan Solo","jenis":"akses","sumber":"OSM","atribut":{},"layer_id":"inklusivitas"},"geometry":{"type":"Point","coordinates":[106.885384,-6.265269]}},{"type":"Feature","properties":{"nama":"Poker-Online-tunaspoker","jenis":"akses","sumber":"OSM","atribut":{},"layer_id":"inklusivitas"},"geometry":{"type":"Point","coordinates":[106.88221,-6.188342]}},{"type":"Feature","properties":{"nama":"Klinik SouthernUK","jenis":"akses","sumber":"OSM","atribut":{},"layer_id":"inklusivitas"},"geometry":{"type":"Point","coordinates":[106.867539,-6.207876]}},{"type":"Feature","properties":{"nama":null,"jenis":"akses","sumber":"OSM","atribut":{},"layer_id":"inklusivitas"},"geometry":{"type":"Point","coordinates":[106.886524,-6.291266]}},{"type":"Feature","properties":{"nama":"Matraman Baru","jenis":"akses","sumber":"OSM","atribut":{},"layer_id":"inklusivitas"},"geometry":{"type":"Point","coordinates":[106.86123,-6.212984]}},{"type":"Feature","properties":{"nama":"Flyover Raya Bogor","jenis":"akses","sumber":"OSM","atribut":{},"layer_id":"inklusivitas"},"geometry":{"type":"Point","coordinates":[106.865751,-6.306526]}},{"type":"Feature","properties":{"nama":"Pinang Ranti","jenis":"akses","sumber":"OSM","atribut":{},"layer_id":"inklusivitas"},"geometry":{"type":"Point","coordinates":[106.88647,-6.291235]}},{"type":"Feature","properties":{"nama":null,"jenis":"akses","sumber":"OSM","atribut":{},"layer_id":"inklusivitas"},"geometry":{"type":"Point","coordinates":[106.881006,-6.290111]}},{"type":"Feature","properties":{"nama":null,"jenis":"akses","sumber":"OSM","atribut":{},"layer_id":"inklusivitas"},"geometry":{"type":"Point","coordinates":[106.886479,-6.291226]}},{"type":"Feature","properties":{"nama":null,"jenis":"akses","sumber":"OSM","atribut":{},"layer_id":"inklusivitas"},"geometry":{"type":"Point","coordinates":[106.886488,-6.291285]}},{"type":"Feature","properties":{"nama":null,"jenis":"akses","sumber":"OSM","atribut":{},"layer_id":"inklusivitas"},"geometry":{"type":"Point","coordinates":[106.86138,-6.213232]}},{"type":"Feature","properties":{"nama":"Rumah Sakit Harum Sisma Medika","jenis":"akses","sumber":"OSM","atribut":{},"layer_id":"inklusivitas"},"geometry":{"type":"Point","coordinates":[106.909628,-6.248133]}},{"type":"Feature","properties":{"nama":"Puskesmas Kecamatan Matraman","jenis":"akses","sumber":"OSM","atribut":{},"layer_id":"inklusivitas"},"geometry":{"type":"Point","coordinates":[106.872372,-6.214256]}},{"type":"Feature","properties":{"nama":"Lulu Hypermarket & Department Store","jenis":"akses","sumber":"OSM","atribut":{},"layer_id":"inklusivitas"},"geometry":{"type":"Point","coordinates":[106.949109,-6.187082]}},{"type":"Feature","properties":{"nama":"Gereja Kristen Jawa Jakarta","jenis":"akses","sumber":"OSM","atribut":{},"layer_id":"inklusivitas"},"geometry":{"type":"Point","coordinates":[106.886392,-6.201519]}},{"type":"Feature","properties":{"nama":"Gedung A & B Rumah Sakit Pusat Otak Nasional Prof. Dr. dr. Mahar Mardjono Jakarta","jenis":"akses","sumber":"OSM","atribut":{},"layer_id":"inklusivitas"},"geometry":{"type":"Point","coordinates":[106.870421,-6.246636]}},{"type":"Feature","properties":{"nama":"Harper Hotel MT. Haryono","jenis":"akses","sumber":"OSM","atribut":{},"layer_id":"inklusivitas"},"geometry":{"type":"Point","coordinates":[106.872364,-6.245315]}},{"type":"Feature","properties":{"nama":"Tifolia Apartment","jenis":"akses","sumber":"OSM","atribut":{},"layer_id":"inklusivitas"},"geometry":{"type":"Point","coordinates":[106.89271,-6.175351]}},{"type":"Feature","properties":{"nama":"PT Transportasi Jakarta","jenis":"akses","sumber":"OSM","atribut":{},"layer_id":"inklusivitas"},"geometry":{"type":"Point","coordinates":[106.876247,-6.254242]}},{"type":"Feature","properties":{"nama":"Rumah Sakit Pusat Otak Nasional Prof. Dr. dr. Mahar Mardjono Jakarta","jenis":"akses","sumber":"OSM","atribut":{},"layer_id":"inklusivitas"},"geometry":{"type":"Point","coordinates":[106.86966,-6.246309]}},{"type":"Feature","properties":{"nama":"Gedung C Rumah Sakit Pusat Otak Nasional Prof. Dr. dr. Mahar Mardjono Jakarta","jenis":"akses","sumber":"OSM","atribut":{},"layer_id":"inklusivitas"},"geometry":{"type":"Point","coordinates":[106.869525,-6.246532]}},{"type":"Feature","properties":{"nama":"Gedung D Rumah Sakit Pusat Otak Nasional Prof. Dr. dr. Mahar Mardjono Jakarta","jenis":"akses","sumber":"OSM","atribut":{},"layer_id":"inklusivitas"},"geometry":{"type":"Point","coordinates":[106.869048,-6.24607]}},{"type":"Feature","properties":{"nama":"Aston Hotel Bogor","jenis":"akses","sumber":"OSM","atribut":{},"layer_id":"inklusivitas"},"geometry":{"type":"Point","coordinates":[106.795179,-6.636503]}},{"type":"Feature","properties":{"nama":"PTSP SMAKBO","jenis":"akses","sumber":"OSM","atribut":{},"layer_id":"inklusivitas"},"geometry":{"type":"Point","coordinates":[106.812639,-6.601623]}},{"type":"Feature","properties":{"nama":"Rumah Sakit Siloan","jenis":"akses","sumber":"OSM","atribut":{},"layer_id":"inklusivitas"},"geometry":{"type":"Point","coordinates":[106.80449,-6.595848]}},{"type":"Feature","properties":{"nama":"Puskesmas Mekarwangi / Public Medical Center","jenis":"akses","sumber":"OSM","atribut":{},"layer_id":"inklusivitas"},"geometry":{"type":"Point","coordinates":[106.783837,-6.542151]}},{"type":"Feature","properties":{"nama":"Kampus IPB Baranangsiang","jenis":"akses","sumber":"OSM","atribut":{},"layer_id":"inklusivitas"},"geometry":{"type":"Point","coordinates":[106.806882,-6.60109]}},{"type":"Feature","properties":{"nama":"Kimia Farma","jenis":"akses","sumber":"OSM","atribut":{},"layer_id":"inklusivitas"},"geometry":{"type":"Point","coordinates":[106.7944,-6.600048]}},{"type":"Feature","properties":{"nama":"Gedung Balai Kota Bogor","jenis":"akses","sumber":"OSM","atribut":{},"layer_id":"inklusivitas"},"geometry":{"type":"Point","coordinates":[106.793693,-6.59508]}},{"type":"Feature","properties":{"nama":"Botani Square","jenis":"akses","sumber":"OSM","atribut":{},"layer_id":"inklusivitas"},"geometry":{"type":"Point","coordinates":[106.807365,-6.601323]}},{"type":"Feature","properties":{"nama":"Hotel Amaris Padjajaran","jenis":"akses","sumber":"OSM","atribut":{},"layer_id":"inklusivitas"},"geometry":{"type":"Point","coordinates":[106.804799,-6.596203]}},{"type":"Feature","properties":{"nama":"Zest Hotel Bogor","jenis":"akses","sumber":"OSM","atribut":{},"layer_id":"inklusivitas"},"geometry":{"type":"Point","coordinates":[106.805101,-6.593375]}},{"type":"Feature","properties":{"nama":"Rumah Sakit Islam Bogor","jenis":"akses","sumber":"OSM","atribut":{},"layer_id":"inklusivitas"},"geometry":{"type":"Point","coordinates":[106.792074,-6.559034]}},{"type":"Feature","properties":{"nama":"Mandiri Djuanda","jenis":"akses","sumber":"OSM","atribut":{},"layer_id":"inklusivitas"},"geometry":{"type":"Point","coordinates":[106.793698,-6.596064]}},{"type":"Feature","properties":{"nama":"Bank Niaga KC Bogor","jenis":"akses","sumber":"OSM","atribut":{},"layer_id":"inklusivitas"},"geometry":{"type":"Point","coordinates":[106.793791,-6.595944]}},{"type":"Feature","properties":{"nama":"Hotel Salak","jenis":"akses","sumber":"OSM","atribut":{},"layer_id":"inklusivitas"},"geometry":{"type":"Point","coordinates":[106.79426,-6.594613]}},{"type":"Feature","properties":{"nama":"Hari Hari Dramaga","jenis":"akses","sumber":"OSM","atribut":{},"layer_id":"inklusivitas"},"geometry":{"type":"Point","coordinates":[106.746482,-6.572025]}},{"type":"Feature","properties":{"nama":"Yogya Dramaga","jenis":"akses","sumber":"OSM","atribut":{},"layer_id":"inklusivitas"},"geometry":{"type":"Point","coordinates":[106.742815,-6.572038]}},{"type":"Feature","properties":{"nama":"The Harvest","jenis":"akses","sumber":"OSM","atribut":{},"layer_id":"inklusivitas"},"geometry":{"type":"Point","coordinates":[106.942876,-6.388215]}},{"type":"Feature","properties":{"nama":"Water Joy","jenis":"akses","sumber":"OSM","atribut":{},"layer_id":"inklusivitas"},"geometry":{"type":"Point","coordinates":[106.999478,-6.392987]}},{"type":"Feature","properties":{"nama":null,"jenis":"akses","sumber":"OSM","atribut":{},"layer_id":"inklusivitas"},"geometry":{"type":"Point","coordinates":[106.975553,-6.399481]}},{"type":"Feature","properties":{"nama":null,"jenis":"akses","sumber":"OSM","atribut":{},"layer_id":"inklusivitas"},"geometry":{"type":"Point","coordinates":[106.577182,-6.342633]}},{"type":"Feature","properties":{"nama":"Jas Jis Jus & Cafe","jenis":"akses","sumber":"OSM","atribut":{},"layer_id":"inklusivitas"},"geometry":{"type":"Point","coordinates":[106.797623,-6.457357]}},{"type":"Feature","properties":{"nama":"Gado-gado Portal Mbak Sri","jenis":"akses","sumber":"OSM","atribut":{},"layer_id":"inklusivitas"},"geometry":{"type":"Point","coordinates":[106.791873,-6.442255]}},{"type":"Feature","properties":{"nama":"WARKOP Seblak","jenis":"akses","sumber":"OSM","atribut":{},"layer_id":"inklusivitas"},"geometry":{"type":"Point","coordinates":[106.79139,-6.440839]}},{"type":"Feature","properties":{"nama":"Toko Berkah Abadi Makmur Sentosa","jenis":"akses","sumber":"OSM","atribut":{},"layer_id":"inklusivitas"},"geometry":{"type":"Point","coordinates":[106.80315,-6.471887]}},{"type":"Feature","properties":{"nama":"Angkringan","jenis":"akses","sumber":"OSM","atribut":{},"layer_id":"inklusivitas"},"geometry":{"type":"Point","coordinates":[106.80356,-6.47655]}},{"type":"Feature","properties":{"nama":"Warkop Berkah","jenis":"akses","sumber":"OSM","atribut":{},"layer_id":"inklusivitas"},"geometry":{"type":"Point","coordinates":[106.802813,-6.463401]}},{"type":"Feature","properties":{"nama":"Rumah Makan Ibu Titin","jenis":"akses","sumber":"OSM","atribut":{},"layer_id":"inklusivitas"},"geometry":{"type":"Point","coordinates":[106.799125,-6.452387]}},{"type":"Feature","properties":{"nama":"Warung Kopi Gondrong","jenis":"akses","sumber":"OSM","atribut":{},"layer_id":"inklusivitas"},"geometry":{"type":"Point","coordinates":[106.799129,-6.451638]}},{"type":"Feature","properties":{"nama":"Warkopmindo BANGJAY","jenis":"akses","sumber":"OSM","atribut":{},"layer_id":"inklusivitas"},"geometry":{"type":"Point","coordinates":[106.753278,-6.496238]}},{"type":"Feature","properties":{"nama":"Warung Teh Ida Dinata","jenis":"akses","sumber":"OSM","atribut":{},"layer_id":"inklusivitas"},"geometry":{"type":"Point","coordinates":[106.785938,-6.450231]}},{"type":"Feature","properties":{"nama":"Warteg Berkah Jaya","jenis":"akses","sumber":"OSM","atribut":{},"layer_id":"inklusivitas"},"geometry":{"type":"Point","coordinates":[106.799081,-6.453304]}},{"type":"Feature","properties":{"nama":"Warteg Kharisma Bahari","jenis":"akses","sumber":"OSM","atribut":{},"layer_id":"inklusivitas"},"geometry":{"type":"Point","coordinates":[106.798253,-6.455386]}},{"type":"Feature","properties":{"nama":"Warteg Nurkhalis","jenis":"akses","sumber":"OSM","atribut":{},"layer_id":"inklusivitas"},"geometry":{"type":"Point","coordinates":[106.798139,-6.455983]}},{"type":"Feature","properties":{"nama":null,"jenis":"akses","sumber":"OSM","atribut":{},"layer_id":"inklusivitas"},"geometry":{"type":"Point","coordinates":[106.811885,-6.482571]}},{"type":"Feature","properties":{"nama":"Warkop ANUGERAH","jenis":"akses","sumber":"OSM","atribut":{},"layer_id":"inklusivitas"},"geometry":{"type":"Point","coordinates":[106.777667,-6.444989]}},{"type":"Feature","properties":{"nama":"Warkop BUNDA","jenis":"akses","sumber":"OSM","atribut":{},"layer_id":"inklusivitas"},"geometry":{"type":"Point","coordinates":[106.778757,-6.447266]}},{"type":"Feature","properties":{"nama":"Warkop LBH Khutanari","jenis":"akses","sumber":"OSM","atribut":{},"layer_id":"inklusivitas"},"geometry":{"type":"Point","coordinates":[106.777244,-6.444964]}},{"type":"Feature","properties":{"nama":"Dapur Miea","jenis":"akses","sumber":"OSM","atribut":{},"layer_id":"inklusivitas"},"geometry":{"type":"Point","coordinates":[106.791973,-6.442097]}},{"type":"Feature","properties":{"nama":"Toko SELA","jenis":"akses","sumber":"OSM","atribut":{},"layer_id":"inklusivitas"},"geometry":{"type":"Point","coordinates":[106.777849,-6.445023]}},{"type":"Feature","properties":{"nama":"Warteg BAHARI","jenis":"akses","sumber":"OSM","atribut":{},"layer_id":"inklusivitas"},"geometry":{"type":"Point","coordinates":[106.778031,-6.445043]}},{"type":"Feature","properties":{"nama":"CAHAYA Sembako","jenis":"akses","sumber":"OSM","atribut":{},"layer_id":"inklusivitas"},"geometry":{"type":"Point","coordinates":[106.783491,-6.44769]}},{"type":"Feature","properties":{"nama":"Warkop Doa Ibu","jenis":"akses","sumber":"OSM","atribut":{},"layer_id":"inklusivitas"},"geometry":{"type":"Point","coordinates":[106.776793,-6.444253]}},{"type":"Feature","properties":{"nama":"Warmindo Mamah RAY","jenis":"akses","sumber":"OSM","atribut":{},"layer_id":"inklusivitas"},"geometry":{"type":"Point","coordinates":[106.774668,-6.440673]}},{"type":"Feature","properties":{"nama":"Warkop PONCOL","jenis":"akses","sumber":"OSM","atribut":{},"layer_id":"inklusivitas"},"geometry":{"type":"Point","coordinates":[106.786796,-6.470384]}},{"type":"Feature","properties":{"nama":"Warung Pancong Lumer","jenis":"akses","sumber":"OSM","atribut":{},"layer_id":"inklusivitas"},"geometry":{"type":"Point","coordinates":[106.791968,-6.441967]}},{"type":"Feature","properties":{"nama":"Warkop \"ЕGY\"","jenis":"akses","sumber":"OSM","atribut":{},"layer_id":"inklusivitas"},"geometry":{"type":"Point","coordinates":[106.786108,-6.449076]}},{"type":"Feature","properties":{"nama":"the real DIMSUM","jenis":"akses","sumber":"OSM","atribut":{},"layer_id":"inklusivitas"},"geometry":{"type":"Point","coordinates":[106.791967,-6.442034]}},{"type":"Feature","properties":{"nama":"SUMBER ALAM Warkop Suka-Suka","jenis":"akses","sumber":"OSM","atribut":{},"layer_id":"inklusivitas"},"geometry":{"type":"Point","coordinates":[106.75978,-6.475686]}},{"type":"Feature","properties":{"nama":"Warkop SAGAYA Bkt. Dago","jenis":"akses","sumber":"OSM","atribut":{},"layer_id":"inklusivitas"},"geometry":{"type":"Point","coordinates":[106.700856,-6.363618]}},{"type":"Feature","properties":{"nama":"Warmindo \"427\"","jenis":"akses","sumber":"OSM","atribut":{},"layer_id":"inklusivitas"},"geometry":{"type":"Point","coordinates":[106.765625,-6.44521]}},{"type":"Feature","properties":{"nama":"Warkop KATNISS","jenis":"akses","sumber":"OSM","atribut":{},"layer_id":"inklusivitas"},"geometry":{"type":"Point","coordinates":[106.739204,-6.44385]}},{"type":"Feature","properties":{"nama":"Warkop 1001CC Coffee Bakery","jenis":"akses","sumber":"OSM","atribut":{},"layer_id":"inklusivitas"},"geometry":{"type":"Point","coordinates":[106.764357,-6.476145]}},{"type":"Feature","properties":{"nama":"Warkop TEDUH","jenis":"akses","sumber":"OSM","atribut":{},"layer_id":"inklusivitas"},"geometry":{"type":"Point","coordinates":[106.789626,-6.475579]}},{"type":"Feature","properties":{"nama":"Warkop ANUGERAH","jenis":"akses","sumber":"OSM","atribut":{},"layer_id":"inklusivitas"},"geometry":{"type":"Point","coordinates":[106.759307,-6.44659]}},{"type":"Feature","properties":{"nama":"Warkop Indomie ANUGRAH","jenis":"akses","sumber":"OSM","atribut":{},"layer_id":"inklusivitas"},"geometry":{"type":"Point","coordinates":[106.768557,-6.444463]}},{"type":"Feature","properties":{"nama":"Warung Toko Madura","jenis":"akses","sumber":"OSM","atribut":{},"layer_id":"inklusivitas"},"geometry":{"type":"Point","coordinates":[106.752581,-6.476257]}},{"type":"Feature","properties":{"nama":"Warkop OMA","jenis":"akses","sumber":"OSM","atribut":{},"layer_id":"inklusivitas"},"geometry":{"type":"Point","coordinates":[106.743354,-6.492121]}},{"type":"Feature","properties":{"nama":"Warkop JADUL","jenis":"akses","sumber":"OSM","atribut":{},"layer_id":"inklusivitas"},"geometry":{"type":"Point","coordinates":[106.774536,-6.440293]}},{"type":"Feature","properties":{"nama":"Zona MADINA Dompet DHUAFA","jenis":"akses","sumber":"OSM","atribut":{},"layer_id":"inklusivitas"},"geometry":{"type":"Point","coordinates":[106.728827,-6.47341]}},{"type":"Feature","properties":{"nama":"Warkop Kuy \"WARKUY\"","jenis":"akses","sumber":"OSM","atribut":{},"layer_id":"inklusivitas"},"geometry":{"type":"Point","coordinates":[106.788433,-6.450062]}},{"type":"Feature","properties":{"nama":"Warmindo \"RINDU\"","jenis":"akses","sumber":"OSM","atribut":{},"layer_id":"inklusivitas"},"geometry":{"type":"Point","coordinates":[106.757595,-6.505154]}},{"type":"Feature","properties":{"nama":"Warkop BAH EHAN","jenis":"akses","sumber":"OSM","atribut":{},"layer_id":"inklusivitas"},"geometry":{"type":"Point","coordinates":[106.813846,-6.481966]}},{"type":"Feature","properties":{"nama":"Warung Kopi LEBAKWANGI","jenis":"akses","sumber":"OSM","atribut":{},"layer_id":"inklusivitas"},"geometry":{"type":"Point","coordinates":[106.731759,-6.44827]}},{"type":"Feature","properties":{"nama":"Kedai UNI AYI","jenis":"akses","sumber":"OSM","atribut":{},"layer_id":"inklusivitas"},"geometry":{"type":"Point","coordinates":[106.779139,-6.446971]}},{"type":"Feature","properties":{"nama":"RM Sembilan DUO","jenis":"akses","sumber":"OSM","atribut":{},"layer_id":"inklusivitas"},"geometry":{"type":"Point","coordinates":[106.777417,-6.445029]}},{"type":"Feature","properties":{"nama":"JOHN's Warkop","jenis":"akses","sumber":"OSM","atribut":{},"layer_id":"inklusivitas"},"geometry":{"type":"Point","coordinates":[106.785229,-6.453348]}},{"type":"Feature","properties":{"nama":"Warkop ASKUN","jenis":"akses","sumber":"OSM","atribut":{},"layer_id":"inklusivitas"},"geometry":{"type":"Point","coordinates":[106.732068,-6.500814]}},{"type":"Feature","properties":{"nama":"Warkop RAMBUTAN","jenis":"akses","sumber":"OSM","atribut":{},"layer_id":"inklusivitas"},"geometry":{"type":"Point","coordinates":[106.775532,-6.47227]}},{"type":"Feature","properties":{"nama":"Kopi & Tansu JENDELA WAKTU","jenis":"akses","sumber":"OSM","atribut":{},"layer_id":"inklusivitas"},"geometry":{"type":"Point","coordinates":[106.755894,-6.476374]}},{"type":"Feature","properties":{"nama":"Warkop TIKUNGAN Aatmik","jenis":"akses","sumber":"OSM","atribut":{},"layer_id":"inklusivitas"},"geometry":{"type":"Point","coordinates":[106.731529,-6.430236]}},{"type":"Feature","properties":{"nama":"LIVE MUSIC Warkop \"Tepikali\"","jenis":"akses","sumber":"OSM","atribut":{},"layer_id":"inklusivitas"},"geometry":{"type":"Point","coordinates":[106.856537,-6.461822]}},{"type":"Feature","properties":{"nama":"Warkop PERSAUDARAAN Racing","jenis":"akses","sumber":"OSM","atribut":{},"layer_id":"inklusivitas"},"geometry":{"type":"Point","coordinates":[106.85466,-6.453941]}},{"type":"Feature","properties":{"nama":"Warkop \"PEMUDA\"","jenis":"akses","sumber":"OSM","atribut":{},"layer_id":"inklusivitas"},"geometry":{"type":"Point","coordinates":[106.829523,-6.473486]}},{"type":"Feature","properties":{"nama":"Warkop MARINDO Cibinong","jenis":"akses","sumber":"OSM","atribut":{},"layer_id":"inklusivitas"},"geometry":{"type":"Point","coordinates":[106.830447,-6.472636]}},{"type":"Feature","properties":{"nama":"Warkop \"SEHATI\"","jenis":"akses","sumber":"OSM","atribut":{},"layer_id":"inklusivitas"},"geometry":{"type":"Point","coordinates":[106.774671,-6.450503]}},{"type":"Feature","properties":{"nama":"Toko Madura Al Mubarock","jenis":"akses","sumber":"OSM","atribut":{},"layer_id":"inklusivitas"},"geometry":{"type":"Point","coordinates":[106.790688,-6.479112]}},{"type":"Feature","properties":{"nama":"Warkop \"RISKI\" Barokah","jenis":"akses","sumber":"OSM","atribut":{},"layer_id":"inklusivitas"},"geometry":{"type":"Point","coordinates":[106.802671,-6.462284]}},{"type":"Feature","properties":{"nama":"Warkop \"HERMAN\"","jenis":"akses","sumber":"OSM","atribut":{},"layer_id":"inklusivitas"},"geometry":{"type":"Point","coordinates":[106.796324,-6.461436]}},{"type":"Feature","properties":{"nama":"Kafe Coco Bandidos","jenis":"akses","sumber":"OSM","atribut":{},"layer_id":"inklusivitas"},"geometry":{"type":"Point","coordinates":[106.786788,-6.448699]}},{"type":"Feature","properties":{"nama":"Warkop TERAS KOPI","jenis":"akses","sumber":"OSM","atribut":{},"layer_id":"inklusivitas"},"geometry":{"type":"Point","coordinates":[106.816261,-6.488517]}},{"type":"Feature","properties":{"nama":"Angkringan \"TITIK KUMPUL\"","jenis":"akses","sumber":"OSM","atribut":{},"layer_id":"inklusivitas"},"geometry":{"type":"Point","coordinates":[106.751828,-6.495154]}},{"type":"Feature","properties":{"nama":"Kafe SERE NAULI","jenis":"akses","sumber":"OSM","atribut":{},"layer_id":"inklusivitas"},"geometry":{"type":"Point","coordinates":[106.829939,-6.473459]}},{"type":"Feature","properties":{"nama":"Warkop MM GUN 993","jenis":"akses","sumber":"OSM","atribut":{},"layer_id":"inklusivitas"},"geometry":{"type":"Point","coordinates":[106.853753,-6.451986]}},{"type":"Feature","properties":{"nama":"URBAN Coffee & Barber","jenis":"akses","sumber":"OSM","atribut":{},"layer_id":"inklusivitas"},"geometry":{"type":"Point","coordinates":[106.817613,-6.481596]}},{"type":"Feature","properties":{"nama":"Warkop","jenis":"akses","sumber":"OSM","atribut":{},"layer_id":"inklusivitas"},"geometry":{"type":"Point","coordinates":[106.728758,-6.473407]}},{"type":"Feature","properties":{"nama":"Warkop WAHYU","jenis":"akses","sumber":"OSM","atribut":{},"layer_id":"inklusivitas"},"geometry":{"type":"Point","coordinates":[106.853247,-6.443969]}},{"type":"Feature","properties":{"nama":"Warkop UCI","jenis":"akses","sumber":"OSM","atribut":{},"layer_id":"inklusivitas"},"geometry":{"type":"Point","coordinates":[106.730973,-6.454856]}},{"type":"Feature","properties":{"nama":"Cafetaria KP RS Cibinong","jenis":"akses","sumber":"OSM","atribut":{},"layer_id":"inklusivitas"},"geometry":{"type":"Point","coordinates":[106.830873,-6.473904]}},{"type":"Feature","properties":{"nama":"Jus & Ayam Geprek","jenis":"akses","sumber":"OSM","atribut":{},"layer_id":"inklusivitas"},"geometry":{"type":"Point","coordinates":[106.829843,-6.473582]}},{"type":"Feature","properties":{"nama":"Warkop & Depot Wahana","jenis":"akses","sumber":"OSM","atribut":{},"layer_id":"inklusivitas"},"geometry":{"type":"Point","coordinates":[106.854016,-6.452581]}},{"type":"Feature","properties":{"nama":"RSUD Bakti Pajajaran","jenis":"akses","sumber":"OSM","atribut":{},"layer_id":"inklusivitas"},"geometry":{"type":"Point","coordinates":[106.831803,-6.473617]}},{"type":"Feature","properties":{"nama":"IGD dan Administraasi Pasien","jenis":"akses","sumber":"OSM","atribut":{},"layer_id":"inklusivitas"},"geometry":{"type":"Point","coordinates":[106.939057,-6.687729]}},{"type":"Feature","properties":{"nama":"Masjid Ummul Qura - Puslitbang Polri","jenis":"akses","sumber":"OSM","atribut":{},"layer_id":"inklusivitas"},"geometry":{"type":"Point","coordinates":[106.773854,-6.505262]}},{"type":"Feature","properties":{"nama":"Indomaret","jenis":"akses","sumber":"OSM","atribut":{},"layer_id":"inklusivitas"},"geometry":{"type":"Point","coordinates":[106.812828,-6.521986]}},{"type":"Feature","properties":{"nama":"Dekanat A","jenis":"akses","sumber":"OSM","atribut":{},"layer_id":"inklusivitas"},"geometry":{"type":"Point","coordinates":[106.877874,-6.521277]}},{"type":"Feature","properties":{"nama":"Dekanat B","jenis":"akses","sumber":"OSM","atribut":{},"layer_id":"inklusivitas"},"geometry":{"type":"Point","coordinates":[106.878311,-6.521448]}},{"type":"Feature","properties":{"nama":"Dekanat C","jenis":"akses","sumber":"OSM","atribut":{},"layer_id":"inklusivitas"},"geometry":{"type":"Point","coordinates":[106.878326,-6.522289]}},{"type":"Feature","properties":{"nama":"Dekanat D","jenis":"akses","sumber":"OSM","atribut":{},"layer_id":"inklusivitas"},"geometry":{"type":"Point","coordinates":[106.87791,-6.522466]}},{"type":"Feature","properties":{"nama":"Hero Supermarket","jenis":"akses","sumber":"OSM","atribut":{},"layer_id":"inklusivitas"},"geometry":{"type":"Point","coordinates":[106.959273,-6.364223]}},{"type":"Feature","properties":{"nama":"Citayam","jenis":"akses","sumber":"OSM","atribut":{},"layer_id":"inklusivitas"},"geometry":{"type":"Point","coordinates":[106.802362,-6.448824]}},{"type":"Feature","properties":{"nama":null,"jenis":"akses","sumber":"OSM","atribut":{},"layer_id":"inklusivitas"},"geometry":{"type":"Point","coordinates":[106.842287,-6.381081]}},{"type":"Feature","properties":{"nama":"Fakultas Ekonomi dan Bisnis","jenis":"akses","sumber":"OSM","atribut":{},"layer_id":"inklusivitas"},"geometry":{"type":"Point","coordinates":[106.825819,-6.359453]}},{"type":"Feature","properties":{"nama":"Fakultas Ekonomi dan Bisnis","jenis":"akses","sumber":"OSM","atribut":{},"layer_id":"inklusivitas"},"geometry":{"type":"Point","coordinates":[106.825694,-6.359614]}},{"type":"Feature","properties":{"nama":"Fakultas Ilmu Pengetahuan Budaya","jenis":"akses","sumber":"OSM","atribut":{},"layer_id":"inklusivitas"},"geometry":{"type":"Point","coordinates":[106.829463,-6.361182]}},{"type":"Feature","properties":{"nama":"Universitas Indonesia","jenis":"akses","sumber":"OSM","atribut":{},"layer_id":"inklusivitas"},"geometry":{"type":"Point","coordinates":[106.831782,-6.360431]}},{"type":"Feature","properties":{"nama":"Masjid Jami' Al-Falah Pondok Cibubur","jenis":"akses","sumber":"OSM","atribut":{},"layer_id":"inklusivitas"},"geometry":{"type":"Point","coordinates":[106.878791,-6.378924]}},{"type":"Feature","properties":{"nama":"Masjid Ukhuwah Islamiyah","jenis":"akses","sumber":"OSM","atribut":{},"layer_id":"inklusivitas"},"geometry":{"type":"Point","coordinates":[106.831112,-6.365809]}},{"type":"Feature","properties":{"nama":"Agen Resmi Lulur Nature Organic : Ibu Nisa","jenis":"akses","sumber":"OSM","atribut":{},"layer_id":"inklusivitas"},"geometry":{"type":"Point","coordinates":[106.850857,-6.357295]}},{"type":"Feature","properties":{"nama":"Shelter FEB","jenis":"akses","sumber":"OSM","atribut":{},"layer_id":"inklusivitas"},"geometry":{"type":"Point","coordinates":[106.82583,-6.359361]}},{"type":"Feature","properties":{"nama":null,"jenis":"akses","sumber":"OSM","atribut":{},"layer_id":"inklusivitas"},"geometry":{"type":"Point","coordinates":[106.83749,-6.390693]}},{"type":"Feature","properties":{"nama":null,"jenis":"akses","sumber":"OSM","atribut":{},"layer_id":"inklusivitas"},"geometry":{"type":"Point","coordinates":[106.842275,-6.381159]}},{"type":"Feature","properties":{"nama":null,"jenis":"akses","sumber":"OSM","atribut":{},"layer_id":"inklusivitas"},"geometry":{"type":"Point","coordinates":[106.829549,-6.400873]}},{"type":"Feature","properties":{"nama":null,"jenis":"akses","sumber":"OSM","atribut":{},"layer_id":"inklusivitas"},"geometry":{"type":"Point","coordinates":[106.849793,-6.369548]}},{"type":"Feature","properties":{"nama":null,"jenis":"akses","sumber":"OSM","atribut":{},"layer_id":"inklusivitas"},"geometry":{"type":"Point","coordinates":[106.835656,-6.390631]}},{"type":"Feature","properties":{"nama":null,"jenis":"akses","sumber":"OSM","atribut":{},"layer_id":"inklusivitas"},"geometry":{"type":"Point","coordinates":[106.835724,-6.390327]}},{"type":"Feature","properties":{"nama":"Yaspen Tugu Ibu Depok 2","jenis":"akses","sumber":"OSM","atribut":{},"layer_id":"inklusivitas"},"geometry":{"type":"Point","coordinates":[106.836352,-6.390007]}},{"type":"Feature","properties":{"nama":null,"jenis":"akses","sumber":"OSM","atribut":{},"layer_id":"inklusivitas"},"geometry":{"type":"Point","coordinates":[106.838349,-6.388943]}},{"type":"Feature","properties":{"nama":null,"jenis":"akses","sumber":"OSM","atribut":{},"layer_id":"inklusivitas"},"geometry":{"type":"Point","coordinates":[106.837445,-6.391304]}},{"type":"Feature","properties":{"nama":null,"jenis":"akses","sumber":"OSM","atribut":{},"layer_id":"inklusivitas"},"geometry":{"type":"Point","coordinates":[106.83598,-6.389099]}},{"type":"Feature","properties":{"nama":null,"jenis":"akses","sumber":"OSM","atribut":{},"layer_id":"inklusivitas"},"geometry":{"type":"Point","coordinates":[106.836051,-6.388802]}},{"type":"Feature","properties":{"nama":null,"jenis":"akses","sumber":"OSM","atribut":{},"layer_id":"inklusivitas"},"geometry":{"type":"Point","coordinates":[106.837317,-6.388779]}},{"type":"Feature","properties":{"nama":null,"jenis":"akses","sumber":"OSM","atribut":{},"layer_id":"inklusivitas"},"geometry":{"type":"Point","coordinates":[106.837605,-6.388807]}},{"type":"Feature","properties":{"nama":null,"jenis":"akses","sumber":"OSM","atribut":{},"layer_id":"inklusivitas"},"geometry":{"type":"Point","coordinates":[106.835926,-6.389406]}},{"type":"Feature","properties":{"nama":null,"jenis":"akses","sumber":"OSM","atribut":{},"layer_id":"inklusivitas"},"geometry":{"type":"Point","coordinates":[106.837736,-6.389789]}},{"type":"Feature","properties":{"nama":null,"jenis":"akses","sumber":"OSM","atribut":{},"layer_id":"inklusivitas"},"geometry":{"type":"Point","coordinates":[106.835831,-6.389841]}},{"type":"Feature","properties":{"nama":"Warung Nasi Rizky","jenis":"akses","sumber":"OSM","atribut":{},"layer_id":"inklusivitas"},"geometry":{"type":"Point","coordinates":[106.797571,-6.397826]}},{"type":"Feature","properties":{"nama":"Warkop TIO","jenis":"akses","sumber":"OSM","atribut":{},"layer_id":"inklusivitas"},"geometry":{"type":"Point","coordinates":[106.792115,-6.433255]}},{"type":"Feature","properties":{"nama":"RM Padang MAIMBAU","jenis":"akses","sumber":"OSM","atribut":{},"layer_id":"inklusivitas"},"geometry":{"type":"Point","coordinates":[106.797978,-6.441554]}},{"type":"Feature","properties":{"nama":"Warung Ririn","jenis":"akses","sumber":"OSM","atribut":{},"layer_id":"inklusivitas"},"geometry":{"type":"Point","coordinates":[106.807675,-6.438248]}},{"type":"Feature","properties":{"nama":"Sumber Rejeki Cell","jenis":"akses","sumber":"OSM","atribut":{},"layer_id":"inklusivitas"},"geometry":{"type":"Point","coordinates":[106.79902,-6.447623]}},{"type":"Feature","properties":{"nama":"Kedai Kopi Limo","jenis":"akses","sumber":"OSM","atribut":{},"layer_id":"inklusivitas"},"geometry":{"type":"Point","coordinates":[106.770248,-6.378043]}},{"type":"Feature","properties":{"nama":"Warkop TAJA","jenis":"akses","sumber":"OSM","atribut":{},"layer_id":"inklusivitas"},"geometry":{"type":"Point","coordinates":[106.800709,-6.410204]}},{"type":"Feature","properties":{"nama":"Warmindo Reza","jenis":"akses","sumber":"OSM","atribut":{},"layer_id":"inklusivitas"},"geometry":{"type":"Point","coordinates":[106.799205,-6.448236]}},{"type":"Feature","properties":{"nama":"Angkringan","jenis":"akses","sumber":"OSM","atribut":{},"layer_id":"inklusivitas"},"geometry":{"type":"Point","coordinates":[106.798051,-6.414276]}},{"type":"Feature","properties":{"nama":"Warkop Barokah","jenis":"akses","sumber":"OSM","atribut":{},"layer_id":"inklusivitas"},"geometry":{"type":"Point","coordinates":[106.770332,-6.376877]}},{"type":"Feature","properties":{"nama":"Warkop Malik","jenis":"akses","sumber":"OSM","atribut":{},"layer_id":"inklusivitas"},"geometry":{"type":"Point","coordinates":[106.785888,-6.403456]}},{"type":"Feature","properties":{"nama":"Warkop Nero","jenis":"akses","sumber":"OSM","atribut":{},"layer_id":"inklusivitas"},"geometry":{"type":"Point","coordinates":[106.797154,-6.439024]}},{"type":"Feature","properties":{"nama":"SPBU Cipayung Jaya","jenis":"akses","sumber":"OSM","atribut":{},"layer_id":"inklusivitas"},"geometry":{"type":"Point","coordinates":[106.797557,-6.438983]}},{"type":"Feature","properties":{"nama":"Warkop BERKAH \"76\"","jenis":"akses","sumber":"OSM","atribut":{},"layer_id":"inklusivitas"},"geometry":{"type":"Point","coordinates":[106.796311,-6.426678]}},{"type":"Feature","properties":{"nama":"Warung Mamah VERO","jenis":"akses","sumber":"OSM","atribut":{},"layer_id":"inklusivitas"},"geometry":{"type":"Point","coordinates":[106.798011,-6.441636]}},{"type":"Feature","properties":{"nama":"Warung Bang Asir","jenis":"akses","sumber":"OSM","atribut":{},"layer_id":"inklusivitas"},"geometry":{"type":"Point","coordinates":[106.80261,-6.448198]}},{"type":"Feature","properties":{"nama":"Warkop Gira","jenis":"akses","sumber":"OSM","atribut":{},"layer_id":"inklusivitas"},"geometry":{"type":"Point","coordinates":[106.808407,-6.435402]}},{"type":"Feature","properties":{"nama":"Warkop Neng Sari","jenis":"akses","sumber":"OSM","atribut":{},"layer_id":"inklusivitas"},"geometry":{"type":"Point","coordinates":[106.796993,-6.4378]}},{"type":"Feature","properties":{"nama":"Pecel Lele Pakde Bude","jenis":"akses","sumber":"OSM","atribut":{},"layer_id":"inklusivitas"},"geometry":{"type":"Point","coordinates":[106.809735,-6.398329]}},{"type":"Feature","properties":{"nama":"Warung Kopi","jenis":"akses","sumber":"OSM","atribut":{},"layer_id":"inklusivitas"},"geometry":{"type":"Point","coordinates":[106.797543,-6.441047]}},{"type":"Feature","properties":{"nama":"Warung Kopi","jenis":"akses","sumber":"OSM","atribut":{},"layer_id":"inklusivitas"},"geometry":{"type":"Point","coordinates":[106.797543,-6.441047]}},{"type":"Feature","properties":{"nama":"Warung Pasirindo","jenis":"akses","sumber":"OSM","atribut":{},"layer_id":"inklusivitas"},"geometry":{"type":"Point","coordinates":[106.797543,-6.441047]}},{"type":"Feature","properties":{"nama":"Warung Citama","jenis":"akses","sumber":"OSM","atribut":{},"layer_id":"inklusivitas"},"geometry":{"type":"Point","coordinates":[106.799209,-6.448459]}},{"type":"Feature","properties":{"nama":"Warteg Mba Nur","jenis":"akses","sumber":"OSM","atribut":{},"layer_id":"inklusivitas"},"geometry":{"type":"Point","coordinates":[106.775934,-6.354488]}},{"type":"Feature","properties":{"nama":"Warteg Dapur Ipah","jenis":"akses","sumber":"OSM","atribut":{},"layer_id":"inklusivitas"},"geometry":{"type":"Point","coordinates":[106.796138,-6.419992]}},{"type":"Feature","properties":{"nama":"WARTEG Ganda Mulya","jenis":"akses","sumber":"OSM","atribut":{},"layer_id":"inklusivitas"},"geometry":{"type":"Point","coordinates":[106.792131,-6.441443]}},{"type":"Feature","properties":{"nama":"Warkop PANGHEGAR","jenis":"akses","sumber":"OSM","atribut":{},"layer_id":"inklusivitas"},"geometry":{"type":"Point","coordinates":[106.793096,-6.414245]}},{"type":"Feature","properties":{"nama":"Warung Imelda","jenis":"akses","sumber":"OSM","atribut":{},"layer_id":"inklusivitas"},"geometry":{"type":"Point","coordinates":[106.775861,-6.35998]}},{"type":"Feature","properties":{"nama":"Jayana Tobacco","jenis":"akses","sumber":"OSM","atribut":{},"layer_id":"inklusivitas"},"geometry":{"type":"Point","coordinates":[106.775926,-6.360184]}},{"type":"Feature","properties":{"nama":"Toko Tembakau ANF","jenis":"akses","sumber":"OSM","atribut":{},"layer_id":"inklusivitas"},"geometry":{"type":"Point","coordinates":[106.801663,-6.450806]}},{"type":"Feature","properties":{"nama":"W. Nasi Lembur Kuring","jenis":"akses","sumber":"OSM","atribut":{},"layer_id":"inklusivitas"},"geometry":{"type":"Point","coordinates":[106.802906,-6.448222]}},{"type":"Feature","properties":{"nama":"Cafe Steam","jenis":"akses","sumber":"OSM","atribut":{},"layer_id":"inklusivitas"},"geometry":{"type":"Point","coordinates":[106.799887,-6.411321]}},{"type":"Feature","properties":{"nama":"Warung Gang Gereja","jenis":"akses","sumber":"OSM","atribut":{},"layer_id":"inklusivitas"},"geometry":{"type":"Point","coordinates":[106.803625,-6.44576]}},{"type":"Feature","properties":{"nama":"Warung Regency","jenis":"akses","sumber":"OSM","atribut":{},"layer_id":"inklusivitas"},"geometry":{"type":"Point","coordinates":[106.811998,-6.425455]}},{"type":"Feature","properties":{"nama":"Warung Dipo","jenis":"akses","sumber":"OSM","atribut":{},"layer_id":"inklusivitas"},"geometry":{"type":"Point","coordinates":[106.814082,-6.413373]}},{"type":"Feature","properties":{"nama":"Warteg Aliya","jenis":"akses","sumber":"OSM","atribut":{},"layer_id":"inklusivitas"},"geometry":{"type":"Point","coordinates":[106.796885,-6.43733]}},{"type":"Feature","properties":{"nama":"Fakultas Ilmu Pengetahuan Budaya","jenis":"akses","sumber":"OSM","atribut":{},"layer_id":"inklusivitas"},"geometry":{"type":"Point","coordinates":[106.829719,-6.361121]}},{"type":"Feature","properties":{"nama":null,"jenis":"akses","sumber":"OSM","atribut":{},"layer_id":"inklusivitas"},"geometry":{"type":"Point","coordinates":[106.831102,-6.400353]}},{"type":"Feature","properties":{"nama":"Mie Ayam Alim","jenis":"akses","sumber":"OSM","atribut":{},"layer_id":"inklusivitas"},"geometry":{"type":"Point","coordinates":[106.864716,-6.411547]}},{"type":"Feature","properties":{"nama":"WarkoP OPPUNG","jenis":"akses","sumber":"OSM","atribut":{},"layer_id":"inklusivitas"},"geometry":{"type":"Point","coordinates":[106.782333,-6.421496]}},{"type":"Feature","properties":{"nama":"Kopi Ayem","jenis":"akses","sumber":"OSM","atribut":{},"layer_id":"inklusivitas"},"geometry":{"type":"Point","coordinates":[106.782706,-6.433768]}},{"type":"Feature","properties":{"nama":"Warkop \"87\"","jenis":"akses","sumber":"OSM","atribut":{},"layer_id":"inklusivitas"},"geometry":{"type":"Point","coordinates":[106.771953,-6.406057]}},{"type":"Feature","properties":{"nama":"Kedai GARUDA","jenis":"akses","sumber":"OSM","atribut":{},"layer_id":"inklusivitas"},"geometry":{"type":"Point","coordinates":[106.790073,-6.433216]}},{"type":"Feature","properties":{"nama":"Warkop Bravo WILUJEUNG","jenis":"akses","sumber":"OSM","atribut":{},"layer_id":"inklusivitas"},"geometry":{"type":"Point","coordinates":[106.79703,-6.416722]}},{"type":"Feature","properties":{"nama":"Kopi ALMER","jenis":"akses","sumber":"OSM","atribut":{},"layer_id":"inklusivitas"},"geometry":{"type":"Point","coordinates":[106.783303,-6.433247]}},{"type":"Feature","properties":{"nama":"Warteg BAHARI","jenis":"akses","sumber":"OSM","atribut":{},"layer_id":"inklusivitas"},"geometry":{"type":"Point","coordinates":[106.778938,-6.434016]}},{"type":"Feature","properties":{"nama":"Warkop BERKAH RACING","jenis":"akses","sumber":"OSM","atribut":{},"layer_id":"inklusivitas"},"geometry":{"type":"Point","coordinates":[106.782308,-6.420302]}},{"type":"Feature","properties":{"nama":"Warkop BRAVO","jenis":"akses","sumber":"OSM","atribut":{},"layer_id":"inklusivitas"},"geometry":{"type":"Point","coordinates":[106.757328,-6.430686]}},{"type":"Feature","properties":{"nama":"Warkop SEHATI","jenis":"akses","sumber":"OSM","atribut":{},"layer_id":"inklusivitas"},"geometry":{"type":"Point","coordinates":[106.796903,-6.401247]}},{"type":"Feature","properties":{"nama":"a&a Warkop","jenis":"akses","sumber":"OSM","atribut":{},"layer_id":"inklusivitas"},"geometry":{"type":"Point","coordinates":[106.782968,-6.424085]}},{"type":"Feature","properties":{"nama":"Latiseducation | Les Privat & Bimbel Masuk PTN","jenis":"akses","sumber":"OSM","atribut":{},"layer_id":"inklusivitas"},"geometry":{"type":"Point","coordinates":[106.834428,-6.405774]}},{"type":"Feature","properties":{"nama":"Warkop & Pancong MARINDO","jenis":"akses","sumber":"OSM","atribut":{},"layer_id":"inklusivitas"},"geometry":{"type":"Point","coordinates":[106.78417,-6.43075]}},{"type":"Feature","properties":{"nama":"Warkop BRAVO","jenis":"akses","sumber":"OSM","atribut":{},"layer_id":"inklusivitas"},"geometry":{"type":"Point","coordinates":[106.774743,-6.438808]}},{"type":"Feature","properties":{"nama":"Aneka Jus","jenis":"akses","sumber":"OSM","atribut":{},"layer_id":"inklusivitas"},"geometry":{"type":"Point","coordinates":[106.782326,-6.421371]}},{"type":"Feature","properties":{"nama":"Mami BUYA","jenis":"akses","sumber":"OSM","atribut":{},"layer_id":"inklusivitas"},"geometry":{"type":"Point","coordinates":[106.797082,-6.416436]}},{"type":"Feature","properties":{"nama":"Warkop Sumber Rejeki","jenis":"akses","sumber":"OSM","atribut":{},"layer_id":"inklusivitas"},"geometry":{"type":"Point","coordinates":[106.786087,-6.432894]}},{"type":"Feature","properties":{"nama":"Warkop TITIK KUMPUL","jenis":"akses","sumber":"OSM","atribut":{},"layer_id":"inklusivitas"},"geometry":{"type":"Point","coordinates":[106.778966,-6.433865]}},{"type":"Feature","properties":{"nama":"Warkop Teh EVI","jenis":"akses","sumber":"OSM","atribut":{},"layer_id":"inklusivitas"},"geometry":{"type":"Point","coordinates":[106.79533,-6.433003]}},{"type":"Feature","properties":{"nama":"Warkop JUARA","jenis":"akses","sumber":"OSM","atribut":{},"layer_id":"inklusivitas"},"geometry":{"type":"Point","coordinates":[106.783887,-6.427266]}},{"type":"Feature","properties":{"nama":"Warkop BERKAH Big's Family","jenis":"akses","sumber":"OSM","atribut":{},"layer_id":"inklusivitas"},"geometry":{"type":"Point","coordinates":[106.774384,-6.406468]}},{"type":"Feature","properties":{"nama":"Warkop \"BOY\"","jenis":"akses","sumber":"OSM","atribut":{},"layer_id":"inklusivitas"},"geometry":{"type":"Point","coordinates":[106.771159,-6.405855]}},{"type":"Feature","properties":{"nama":"Warkop Bang MUMUH","jenis":"akses","sumber":"OSM","atribut":{},"layer_id":"inklusivitas"},"geometry":{"type":"Point","coordinates":[106.774074,-6.438345]}},{"type":"Feature","properties":{"nama":"FCD Steam","jenis":"akses","sumber":"OSM","atribut":{},"layer_id":"inklusivitas"},"geometry":{"type":"Point","coordinates":[106.783361,-6.433177]}},{"type":"Feature","properties":{"nama":"Warung Panca Barokah","jenis":"akses","sumber":"OSM","atribut":{},"layer_id":"inklusivitas"},"geometry":{"type":"Point","coordinates":[106.770255,-6.405556]}},{"type":"Feature","properties":{"nama":"Warkop ZOE","jenis":"akses","sumber":"OSM","atribut":{},"layer_id":"inklusivitas"},"geometry":{"type":"Point","coordinates":[106.751421,-6.429499]}},{"type":"Feature","properties":{"nama":"Warkop CITA RASA 2","jenis":"akses","sumber":"OSM","atribut":{},"layer_id":"inklusivitas"},"geometry":{"type":"Point","coordinates":[106.780229,-6.43447]}},{"type":"Feature","properties":{"nama":"Warkop DRAGON","jenis":"akses","sumber":"OSM","atribut":{},"layer_id":"inklusivitas"},"geometry":{"type":"Point","coordinates":[106.785912,-6.433318]}},{"type":"Feature","properties":{"nama":"Warkop BURDAH KUNING","jenis":"akses","sumber":"OSM","atribut":{},"layer_id":"inklusivitas"},"geometry":{"type":"Point","coordinates":[106.779683,-6.411513]}},{"type":"Feature","properties":{"nama":"Warkop \"SS\" drink & food","jenis":"akses","sumber":"OSM","atribut":{},"layer_id":"inklusivitas"},"geometry":{"type":"Point","coordinates":[106.770583,-6.432193]}},{"type":"Feature","properties":{"nama":"Kios Telur RIFQY","jenis":"akses","sumber":"OSM","atribut":{},"layer_id":"inklusivitas"},"geometry":{"type":"Point","coordinates":[106.798014,-6.441712]}},{"type":"Feature","properties":{"nama":"Warteg BAHARI","jenis":"akses","sumber":"OSM","atribut":{},"layer_id":"inklusivitas"},"geometry":{"type":"Point","coordinates":[106.781283,-6.41579]}},{"type":"Feature","properties":{"nama":"Warung Nasi TAMPOMAS","jenis":"akses","sumber":"OSM","atribut":{},"layer_id":"inklusivitas"},"geometry":{"type":"Point","coordinates":[106.775656,-6.434146]}},{"type":"Feature","properties":{"nama":"Warkop ANUGRAH","jenis":"akses","sumber":"OSM","atribut":{},"layer_id":"inklusivitas"},"geometry":{"type":"Point","coordinates":[106.770096,-6.406395]}},{"type":"Feature","properties":{"nama":"Warung Pondok Zidane","jenis":"akses","sumber":"OSM","atribut":{},"layer_id":"inklusivitas"},"geometry":{"type":"Point","coordinates":[106.776172,-6.433734]}},{"type":"Feature","properties":{"nama":"WARKOP","jenis":"akses","sumber":"OSM","atribut":{},"layer_id":"inklusivitas"},"geometry":{"type":"Point","coordinates":[106.752357,-6.421652]}},{"type":"Feature","properties":{"nama":"Warkop ⭐BERKAH 99⭐","jenis":"akses","sumber":"OSM","atribut":{},"layer_id":"inklusivitas"},"geometry":{"type":"Point","coordinates":[106.769349,-6.419385]}},{"type":"Feature","properties":{"nama":"Warmindo ZONA WIFI","jenis":"akses","sumber":"OSM","atribut":{},"layer_id":"inklusivitas"},"geometry":{"type":"Point","coordinates":[106.7727,-6.436861]}},{"type":"Feature","properties":{"nama":"Warteg HENDRO Pancoran Mas","jenis":"akses","sumber":"OSM","atribut":{},"layer_id":"inklusivitas"},"geometry":{"type":"Point","coordinates":[106.801445,-6.409046]}},{"type":"Feature","properties":{"nama":"Warkop Big Family BERKAH","jenis":"akses","sumber":"OSM","atribut":{},"layer_id":"inklusivitas"},"geometry":{"type":"Point","coordinates":[106.766388,-6.422363]}},{"type":"Feature","properties":{"nama":"Warteg SalamaH Sawangan","jenis":"akses","sumber":"OSM","atribut":{},"layer_id":"inklusivitas"},"geometry":{"type":"Point","coordinates":[106.770234,-6.409738]}},{"type":"Feature","properties":{"nama":"Warkop TJINTA","jenis":"akses","sumber":"OSM","atribut":{},"layer_id":"inklusivitas"},"geometry":{"type":"Point","coordinates":[106.784015,-6.431776]}},{"type":"Feature","properties":{"nama":"\"BRAVO\" Warkop","jenis":"akses","sumber":"OSM","atribut":{},"layer_id":"inklusivitas"},"geometry":{"type":"Point","coordinates":[106.75194,-6.424314]}},{"type":"Feature","properties":{"nama":"Toko MILA","jenis":"akses","sumber":"OSM","atribut":{},"layer_id":"inklusivitas"},"geometry":{"type":"Point","coordinates":[106.772356,-6.403414]}},{"type":"Feature","properties":{"nama":"Warkop SUPERSTAR","jenis":"akses","sumber":"OSM","atribut":{},"layer_id":"inklusivitas"},"geometry":{"type":"Point","coordinates":[106.770189,-6.411395]}},{"type":"Feature","properties":{"nama":"Warkop & Tembakau \"NICOTIANA\"","jenis":"akses","sumber":"OSM","atribut":{},"layer_id":"inklusivitas"},"geometry":{"type":"Point","coordinates":[106.869991,-6.413194]}},{"type":"Feature","properties":{"nama":"Cafe JURAGAN Warkop \"67\"","jenis":"akses","sumber":"OSM","atribut":{},"layer_id":"inklusivitas"},"geometry":{"type":"Point","coordinates":[106.863858,-6.421232]}},{"type":"Feature","properties":{"nama":"Warkop & Baso HAWARI","jenis":"akses","sumber":"OSM","atribut":{},"layer_id":"inklusivitas"},"geometry":{"type":"Point","coordinates":[106.866429,-6.434267]}},{"type":"Feature","properties":{"nama":"Warkop \"BERKAH\" Jatijajar 2","jenis":"akses","sumber":"OSM","atribut":{},"layer_id":"inklusivitas"},"geometry":{"type":"Point","coordinates":[106.866017,-6.412441]}},{"type":"Feature","properties":{"nama":"WR Warmindo BERKAH","jenis":"akses","sumber":"OSM","atribut":{},"layer_id":"inklusivitas"},"geometry":{"type":"Point","coordinates":[106.849047,-6.405291]}},{"type":"Feature","properties":{"nama":"\"RAYI RAKA\" Warkop","jenis":"akses","sumber":"OSM","atribut":{},"layer_id":"inklusivitas"},"geometry":{"type":"Point","coordinates":[106.766719,-6.42998]}},{"type":"Feature","properties":{"nama":"Warkop \"45\"","jenis":"akses","sumber":"OSM","atribut":{},"layer_id":"inklusivitas"},"geometry":{"type":"Point","coordinates":[106.752319,-6.426717]}},{"type":"Feature","properties":{"nama":"SENGKELAT Coffee","jenis":"akses","sumber":"OSM","atribut":{},"layer_id":"inklusivitas"},"geometry":{"type":"Point","coordinates":[106.769509,-6.436947]}},{"type":"Feature","properties":{"nama":"Warkop \"23\"","jenis":"akses","sumber":"OSM","atribut":{},"layer_id":"inklusivitas"},"geometry":{"type":"Point","coordinates":[106.796381,-6.431976]}},{"type":"Feature","properties":{"nama":"Bengkel BIG BOS Garage","jenis":"akses","sumber":"OSM","atribut":{},"layer_id":"inklusivitas"},"geometry":{"type":"Point","coordinates":[106.863697,-6.410876]}},{"type":"Feature","properties":{"nama":"Warkop Steam","jenis":"akses","sumber":"OSM","atribut":{},"layer_id":"inklusivitas"},"geometry":{"type":"Point","coordinates":[106.863795,-6.410926]}},{"type":"Feature","properties":{"nama":"Angkringan LEZATDA","jenis":"akses","sumber":"OSM","atribut":{},"layer_id":"inklusivitas"},"geometry":{"type":"Point","coordinates":[106.859625,-6.414703]}},{"type":"Feature","properties":{"nama":"Warkop Nongkrongan Abah PI'I","jenis":"akses","sumber":"OSM","atribut":{},"layer_id":"inklusivitas"},"geometry":{"type":"Point","coordinates":[106.864724,-6.3938]}},{"type":"Feature","properties":{"nama":"Bengkel RACING Garage","jenis":"akses","sumber":"OSM","atribut":{},"layer_id":"inklusivitas"},"geometry":{"type":"Point","coordinates":[106.782384,-6.420535]}},{"type":"Feature","properties":{"nama":"Warkop Pancong & Nasi CANDO","jenis":"akses","sumber":"OSM","atribut":{},"layer_id":"inklusivitas"},"geometry":{"type":"Point","coordinates":[106.843052,-6.404852]}},{"type":"Feature","properties":{"nama":"Warkop \"GEMILANG\"","jenis":"akses","sumber":"OSM","atribut":{},"layer_id":"inklusivitas"},"geometry":{"type":"Point","coordinates":[106.874694,-6.415626]}},{"type":"Feature","properties":{"nama":"Warkop \"HW\"","jenis":"akses","sumber":"OSM","atribut":{},"layer_id":"inklusivitas"},"geometry":{"type":"Point","coordinates":[106.863727,-6.411091]}},{"type":"Feature","properties":{"nama":"Kedai QUEEN \"99\"","jenis":"akses","sumber":"OSM","atribut":{},"layer_id":"inklusivitas"},"geometry":{"type":"Point","coordinates":[106.816288,-6.413595]}},{"type":"Feature","properties":{"nama":"\"MTX\" Cafe","jenis":"akses","sumber":"OSM","atribut":{},"layer_id":"inklusivitas"},"geometry":{"type":"Point","coordinates":[106.842314,-6.404333]}},{"type":"Feature","properties":{"nama":"Warkop Warung Makan \"KK\"","jenis":"akses","sumber":"OSM","atribut":{},"layer_id":"inklusivitas"},"geometry":{"type":"Point","coordinates":[106.859656,-6.414635]}},{"type":"Feature","properties":{"nama":"Warkop & Bubur \"BERKAH\"","jenis":"akses","sumber":"OSM","atribut":{},"layer_id":"inklusivitas"},"geometry":{"type":"Point","coordinates":[106.86672,-6.41255]}},{"type":"Feature","properties":{"nama":"Warkop Alfa","jenis":"akses","sumber":"OSM","atribut":{},"layer_id":"inklusivitas"},"geometry":{"type":"Point","coordinates":[106.852074,-6.406742]}},{"type":"Feature","properties":{"nama":"AlfaMIDI Tole Iskandar","jenis":"akses","sumber":"OSM","atribut":{},"layer_id":"inklusivitas"},"geometry":{"type":"Point","coordinates":[106.852189,-6.406863]}},{"type":"Feature","properties":{"nama":"\"BAKTI ABRI\" Warkop & Pancong","jenis":"akses","sumber":"OSM","atribut":{},"layer_id":"inklusivitas"},"geometry":{"type":"Point","coordinates":[106.877114,-6.408791]}},{"type":"Feature","properties":{"nama":"Warkop Warmindo METEORA","jenis":"akses","sumber":"OSM","atribut":{},"layer_id":"inklusivitas"},"geometry":{"type":"Point","coordinates":[106.85351,-6.408242]}},{"type":"Feature","properties":{"nama":"Warkop Mbah KAKUNG NABILA Putra Kuningan","jenis":"akses","sumber":"OSM","atribut":{},"layer_id":"inklusivitas"},"geometry":{"type":"Point","coordinates":[106.859946,-6.414047]}},{"type":"Feature","properties":{"nama":"Warung MAS TOLE","jenis":"akses","sumber":"OSM","atribut":{},"layer_id":"inklusivitas"},"geometry":{"type":"Point","coordinates":[106.860309,-6.427551]}},{"type":"Feature","properties":{"nama":"Warkop Cafe JAGONYA NGOPI","jenis":"akses","sumber":"OSM","atribut":{},"layer_id":"inklusivitas"},"geometry":{"type":"Point","coordinates":[106.803027,-6.447286]}},{"type":"Feature","properties":{"nama":"Warkop","jenis":"akses","sumber":"OSM","atribut":{},"layer_id":"inklusivitas"},"geometry":{"type":"Point","coordinates":[106.856913,-6.426607]}},{"type":"Feature","properties":{"nama":"Warkop 76 BALONG JAYA","jenis":"akses","sumber":"OSM","atribut":{},"layer_id":"inklusivitas"},"geometry":{"type":"Point","coordinates":[106.865368,-6.418194]}},{"type":"Feature","properties":{"nama":"Warteg MAS PUR","jenis":"akses","sumber":"OSM","atribut":{},"layer_id":"inklusivitas"},"geometry":{"type":"Point","coordinates":[106.854404,-6.434647]}},{"type":"Feature","properties":{"nama":"Warkop BERKAH \"1899\" M. Nasir","jenis":"akses","sumber":"OSM","atribut":{},"layer_id":"inklusivitas"},"geometry":{"type":"Point","coordinates":[106.848275,-6.434132]}},{"type":"Feature","properties":{"nama":"Warkop Om WARJO Om","jenis":"akses","sumber":"OSM","atribut":{},"layer_id":"inklusivitas"},"geometry":{"type":"Point","coordinates":[106.83783,-6.388997]}},{"type":"Feature","properties":{"nama":"Warkop KISNAYA","jenis":"akses","sumber":"OSM","atribut":{},"layer_id":"inklusivitas"},"geometry":{"type":"Point","coordinates":[106.859526,-6.414954]}},{"type":"Feature","properties":{"nama":"Warkop \"ANUGERAH\"","jenis":"akses","sumber":"OSM","atribut":{},"layer_id":"inklusivitas"},"geometry":{"type":"Point","coordinates":[106.822422,-6.390069]}},{"type":"Feature","properties":{"nama":"Warkop AR-RAYAN","jenis":"akses","sumber":"OSM","atribut":{},"layer_id":"inklusivitas"},"geometry":{"type":"Point","coordinates":[106.839331,-6.385177]}},{"type":"Feature","properties":{"nama":"WARSUN Warung Sunda Sederhana","jenis":"akses","sumber":"OSM","atribut":{},"layer_id":"inklusivitas"},"geometry":{"type":"Point","coordinates":[106.845818,-6.404739]}},{"type":"Feature","properties":{"nama":"Warmindo BERKAH Jl. Nangka","jenis":"akses","sumber":"OSM","atribut":{},"layer_id":"inklusivitas"},"geometry":{"type":"Point","coordinates":[106.873697,-6.401549]}},{"type":"Feature","properties":{"nama":"Warung Sunda DIKI","jenis":"akses","sumber":"OSM","atribut":{},"layer_id":"inklusivitas"},"geometry":{"type":"Point","coordinates":[106.859438,-6.415363]}},{"type":"Feature","properties":{"nama":"Warkop BONTOT","jenis":"akses","sumber":"OSM","atribut":{},"layer_id":"inklusivitas"},"geometry":{"type":"Point","coordinates":[106.862175,-6.400356]}},{"type":"Feature","properties":{"nama":"LOPO SABA BOLAK","jenis":"akses","sumber":"OSM","atribut":{},"layer_id":"inklusivitas"},"geometry":{"type":"Point","coordinates":[106.858682,-6.416818]}},{"type":"Feature","properties":{"nama":"Warkop KOPI 8K","jenis":"akses","sumber":"OSM","atribut":{},"layer_id":"inklusivitas"},"geometry":{"type":"Point","coordinates":[106.773635,-6.43833]}},{"type":"Feature","properties":{"nama":"Warkop JOJO","jenis":"akses","sumber":"OSM","atribut":{},"layer_id":"inklusivitas"},"geometry":{"type":"Point","coordinates":[106.860376,-6.427571]}},{"type":"Feature","properties":{"nama":"Warkop TOLE 316","jenis":"akses","sumber":"OSM","atribut":{},"layer_id":"inklusivitas"},"geometry":{"type":"Point","coordinates":[106.844917,-6.404961]}},{"type":"Feature","properties":{"nama":"LAPO KRIS","jenis":"akses","sumber":"OSM","atribut":{},"layer_id":"inklusivitas"},"geometry":{"type":"Point","coordinates":[106.856097,-6.429645]}},{"type":"Feature","properties":{"nama":"Kafe WARKOPIN","jenis":"akses","sumber":"OSM","atribut":{},"layer_id":"inklusivitas"},"geometry":{"type":"Point","coordinates":[106.827725,-6.400971]}},{"type":"Feature","properties":{"nama":"Kedai SALUH 99","jenis":"akses","sumber":"OSM","atribut":{},"layer_id":"inklusivitas"},"geometry":{"type":"Point","coordinates":[106.842201,-6.404043]}},{"type":"Feature","properties":{"nama":"Warkop","jenis":"akses","sumber":"OSM","atribut":{},"layer_id":"inklusivitas"},"geometry":{"type":"Point","coordinates":[106.86166,-6.404745]}},{"type":"Feature","properties":{"nama":"Warkop \"JUSTIN\"","jenis":"akses","sumber":"OSM","atribut":{},"layer_id":"inklusivitas"},"geometry":{"type":"Point","coordinates":[106.772177,-6.403367]}},{"type":"Feature","properties":{"nama":"Warkop WARDOYO","jenis":"akses","sumber":"OSM","atribut":{},"layer_id":"inklusivitas"},"geometry":{"type":"Point","coordinates":[106.875674,-6.413957]}},{"type":"Feature","properties":{"nama":"Warung ATRI","jenis":"akses","sumber":"OSM","atribut":{},"layer_id":"inklusivitas"},"geometry":{"type":"Point","coordinates":[106.859592,-6.414779]}},{"type":"Feature","properties":{"nama":"Warkop SENTOSA","jenis":"akses","sumber":"OSM","atribut":{},"layer_id":"inklusivitas"},"geometry":{"type":"Point","coordinates":[106.836623,-6.39541]}},{"type":"Feature","properties":{"nama":"Warkop GEMILANG Jaya","jenis":"akses","sumber":"OSM","atribut":{},"layer_id":"inklusivitas"},"geometry":{"type":"Point","coordinates":[106.875355,-6.415783]}},{"type":"Feature","properties":{"nama":"Toko Warkop DEA","jenis":"akses","sumber":"OSM","atribut":{},"layer_id":"inklusivitas"},"geometry":{"type":"Point","coordinates":[106.871786,-6.444083]}},{"type":"Feature","properties":{"nama":"Warkop Cilangkap - Tapos","jenis":"akses","sumber":"OSM","atribut":{},"layer_id":"inklusivitas"},"geometry":{"type":"Point","coordinates":[106.854609,-6.446976]}},{"type":"Feature","properties":{"nama":"Warkop MOSKOW","jenis":"akses","sumber":"OSM","atribut":{},"layer_id":"inklusivitas"},"geometry":{"type":"Point","coordinates":[106.869966,-6.415952]}},{"type":"Feature","properties":{"nama":"Warkop PUTRA JIRAD","jenis":"akses","sumber":"OSM","atribut":{},"layer_id":"inklusivitas"},"geometry":{"type":"Point","coordinates":[106.836298,-6.400787]}},{"type":"Feature","properties":{"nama":"GREEN COFFEE Cafe","jenis":"akses","sumber":"OSM","atribut":{},"layer_id":"inklusivitas"},"geometry":{"type":"Point","coordinates":[106.817975,-6.411334]}},{"type":"Feature","properties":{"nama":"Warkop RIDHO","jenis":"akses","sumber":"OSM","atribut":{},"layer_id":"inklusivitas"},"geometry":{"type":"Point","coordinates":[106.860026,-6.41407]}},{"type":"Feature","properties":{"nama":"Toko Barokallah","jenis":"akses","sumber":"OSM","atribut":{},"layer_id":"inklusivitas"},"geometry":{"type":"Point","coordinates":[106.825817,-6.435313]}},{"type":"Feature","properties":{"nama":"Toko Teh MAYA","jenis":"akses","sumber":"OSM","atribut":{},"layer_id":"inklusivitas"},"geometry":{"type":"Point","coordinates":[106.859557,-6.414873]}},{"type":"Feature","properties":{"nama":"Warkop UUS","jenis":"akses","sumber":"OSM","atribut":{},"layer_id":"inklusivitas"},"geometry":{"type":"Point","coordinates":[106.857015,-6.426994]}},{"type":"Feature","properties":{"nama":"Warkop RORAI","jenis":"akses","sumber":"OSM","atribut":{},"layer_id":"inklusivitas"},"geometry":{"type":"Point","coordinates":[106.860205,-6.427869]}},{"type":"Feature","properties":{"nama":"Warkop MAJA Depok","jenis":"akses","sumber":"OSM","atribut":{},"layer_id":"inklusivitas"},"geometry":{"type":"Point","coordinates":[106.852,-6.381977]}},{"type":"Feature","properties":{"nama":"Warung SUDUT RINDANG","jenis":"akses","sumber":"OSM","atribut":{},"layer_id":"inklusivitas"},"geometry":{"type":"Point","coordinates":[106.858582,-6.430627]}},{"type":"Feature","properties":{"nama":"Warkop Warmindo RUM - RAM","jenis":"akses","sumber":"OSM","atribut":{},"layer_id":"inklusivitas"},"geometry":{"type":"Point","coordinates":[106.876902,-6.40589]}},{"type":"Feature","properties":{"nama":"Warkop DAFFA","jenis":"akses","sumber":"OSM","atribut":{},"layer_id":"inklusivitas"},"geometry":{"type":"Point","coordinates":[106.860944,-6.410101]}},{"type":"Feature","properties":{"nama":"Gedung (B) Kuliah Bersama","jenis":"akses","sumber":"OSM","atribut":{},"layer_id":"inklusivitas"},"geometry":{"type":"Point","coordinates":[106.826578,-6.369299]}},{"type":"Feature","properties":{"nama":"Kantin Kerucut FIB UI","jenis":"akses","sumber":"OSM","atribut":{},"layer_id":"inklusivitas"},"geometry":{"type":"Point","coordinates":[106.827084,-6.363893]}},{"type":"Feature","properties":{"nama":"Gedung A FPsi","jenis":"akses","sumber":"OSM","atribut":{},"layer_id":"inklusivitas"},"geometry":{"type":"Point","coordinates":[106.830524,-6.36284]}},{"type":"Feature","properties":{"nama":"Departemen Teknik Sipil","jenis":"akses","sumber":"OSM","atribut":{},"layer_id":"inklusivitas"},"geometry":{"type":"Point","coordinates":[106.824501,-6.36189]}},{"type":"Feature","properties":{"nama":"Gedung A Fakultas Hukum UI","jenis":"akses","sumber":"OSM","atribut":{},"layer_id":"inklusivitas"},"geometry":{"type":"Point","coordinates":[106.831364,-6.364589]}},{"type":"Feature","properties":{"nama":"Gedung Selo Soemardjan ~ Gedung A FISIP UI","jenis":"akses","sumber":"OSM","atribut":{},"layer_id":"inklusivitas"},"geometry":{"type":"Point","coordinates":[106.829667,-6.361919]}},{"type":"Feature","properties":{"nama":"Gedung Mochtar Riady SPRC ~ Gedung C FISIP UI","jenis":"akses","sumber":"OSM","atribut":{},"layer_id":"inklusivitas"},"geometry":{"type":"Point","coordinates":[106.829871,-6.362538]}},{"type":"Feature","properties":{"nama":"Masjid Nurul Islam","jenis":"akses","sumber":"OSM","atribut":{},"layer_id":"inklusivitas"},"geometry":{"type":"Point","coordinates":[106.793594,-6.31915]}},{"type":"Feature","properties":{"nama":"Old House Coffee Shop","jenis":"akses","sumber":"OSM","atribut":{},"layer_id":"inklusivitas"},"geometry":{"type":"Point","coordinates":[106.834344,-6.372352]}},{"type":"Feature","properties":{"nama":"Gedung A, Perkantoran PVUI","jenis":"akses","sumber":"OSM","atribut":{},"layer_id":"inklusivitas"},"geometry":{"type":"Point","coordinates":[106.820796,-6.369398]}},{"type":"Feature","properties":{"nama":"Gedung B, Perkuliahan PVUI","jenis":"akses","sumber":"OSM","atribut":{},"layer_id":"inklusivitas"},"geometry":{"type":"Point","coordinates":[106.8214,-6.368783]}},{"type":"Feature","properties":{"nama":"Mesjid Ar-Rahim","jenis":"akses","sumber":"OSM","atribut":{},"layer_id":"inklusivitas"},"geometry":{"type":"Point","coordinates":[106.774694,-6.406838]}},{"type":"Feature","properties":{"nama":"Gedung E RIK","jenis":"akses","sumber":"OSM","atribut":{},"layer_id":"inklusivitas"},"geometry":{"type":"Point","coordinates":[106.830094,-6.369547]}},{"type":"Feature","properties":{"nama":"Indomaret","jenis":"akses","sumber":"OSM","atribut":{},"layer_id":"inklusivitas"},"geometry":{"type":"Point","coordinates":[106.864083,-6.411054]}},{"type":"Feature","properties":{"nama":"Gedung Pastoral Yohanes Paulus II","jenis":"akses","sumber":"OSM","atribut":{},"layer_id":"inklusivitas"},"geometry":{"type":"Point","coordinates":[106.821925,-6.400912]}},{"type":"Feature","properties":{"nama":"Area Parkir Internal FISIP UI - Gedung F","jenis":"akses","sumber":"OSM","atribut":{},"layer_id":"inklusivitas"},"geometry":{"type":"Point","coordinates":[106.829225,-6.361773]}},{"type":"Feature","properties":{"nama":"Area Parkir Internal FISIP UI - Gedung Nusantara","jenis":"akses","sumber":"OSM","atribut":{},"layer_id":"inklusivitas"},"geometry":{"type":"Point","coordinates":[106.829054,-6.363556]}},{"type":"Feature","properties":{"nama":"Rumah Sakit Universitas Indonesia","jenis":"akses","sumber":"OSM","atribut":{},"layer_id":"inklusivitas"},"geometry":{"type":"Point","coordinates":[106.829773,-6.373074]}},{"type":"Feature","properties":{"nama":"Jembatan Juara Situ 7 Muara","jenis":"akses","sumber":"OSM","atribut":{},"layer_id":"inklusivitas"},"geometry":{"type":"Point","coordinates":[106.750919,-6.388603]}},{"type":"Feature","properties":{"nama":null,"jenis":"akses","sumber":"OSM","atribut":{},"layer_id":"inklusivitas"},"geometry":{"type":"Point","coordinates":[106.750321,-6.388224]}},{"type":"Feature","properties":{"nama":null,"jenis":"akses","sumber":"OSM","atribut":{},"layer_id":"inklusivitas"},"geometry":{"type":"Point","coordinates":[106.752229,-6.389984]}},{"type":"Feature","properties":{"nama":null,"jenis":"akses","sumber":"OSM","atribut":{},"layer_id":"inklusivitas"},"geometry":{"type":"Point","coordinates":[106.768681,-6.374556]}},{"type":"Feature","properties":{"nama":null,"jenis":"akses","sumber":"OSM","atribut":{},"layer_id":"inklusivitas"},"geometry":{"type":"Point","coordinates":[106.663423,-6.22035]}},{"type":"Feature","properties":{"nama":null,"jenis":"akses","sumber":"OSM","atribut":{},"layer_id":"inklusivitas"},"geometry":{"type":"Point","coordinates":[106.66311,-6.220391]}},{"type":"Feature","properties":{"nama":"Rumah Duka Oasis Lestari","jenis":"akses","sumber":"OSM","atribut":{},"layer_id":"inklusivitas"},"geometry":{"type":"Point","coordinates":[106.568686,-6.204088]}},{"type":"Feature","properties":{"nama":null,"jenis":"akses","sumber":"OSM","atribut":{},"layer_id":"inklusivitas"},"geometry":{"type":"Point","coordinates":[106.580566,-6.17179]}},{"type":"Feature","properties":{"nama":null,"jenis":"akses","sumber":"OSM","atribut":{},"layer_id":"inklusivitas"},"geometry":{"type":"Point","coordinates":[106.613357,-6.205367]}},{"type":"Feature","properties":{"nama":"Les Privat Bahasa Jerman | Pengajar asli Jerman","jenis":"akses","sumber":"OSM","atribut":{},"layer_id":"inklusivitas"},"geometry":{"type":"Point","coordinates":[106.719433,-6.19751]}},{"type":"Feature","properties":{"nama":"Aromatica","jenis":"akses","sumber":"OSM","atribut":{},"layer_id":"inklusivitas"},"geometry":{"type":"Point","coordinates":[106.689302,-6.113107]}},{"type":"Feature","properties":{"nama":"Puri Beta 2","jenis":"akses","sumber":"OSM","atribut":{},"layer_id":"inklusivitas"},"geometry":{"type":"Point","coordinates":[106.723737,-6.230478]}},{"type":"Feature","properties":{"nama":"Puri Beta 1","jenis":"akses","sumber":"OSM","atribut":{},"layer_id":"inklusivitas"},"geometry":{"type":"Point","coordinates":[106.726017,-6.23054]}},{"type":"Feature","properties":{"nama":null,"jenis":"akses","sumber":"OSM","atribut":{},"layer_id":"inklusivitas"},"geometry":{"type":"Point","coordinates":[106.697439,-6.249013]}},{"type":"Feature","properties":{"nama":"Tangerang City Mall","jenis":"akses","sumber":"OSM","atribut":{},"layer_id":"inklusivitas"},"geometry":{"type":"Point","coordinates":[106.633946,-6.194]}},{"type":"Feature","properties":{"nama":"Mall @ Alam Sutera","jenis":"akses","sumber":"OSM","atribut":{},"layer_id":"inklusivitas"},"geometry":{"type":"Point","coordinates":[106.653278,-6.222007]}},{"type":"Feature","properties":{"nama":null,"jenis":"akses","sumber":"OSM","atribut":{},"layer_id":"inklusivitas"},"geometry":{"type":"Point","coordinates":[106.652412,-6.223389]}},{"type":"Feature","properties":{"nama":"Taman Asri Park","jenis":"akses","sumber":"OSM","atribut":{},"layer_id":"inklusivitas"},"geometry":{"type":"Point","coordinates":[106.7318,-6.245163]}},{"type":"Feature","properties":{"nama":null,"jenis":"akses","sumber":"OSM","atribut":{},"layer_id":"inklusivitas"},"geometry":{"type":"Point","coordinates":[106.662574,-6.119154]}},{"type":"Feature","properties":{"nama":"Zona Antar Keberangkatan Terminal 3","jenis":"akses","sumber":"OSM","atribut":{},"layer_id":"inklusivitas"},"geometry":{"type":"Point","coordinates":[106.666264,-6.119573]}},{"type":"Feature","properties":{"nama":null,"jenis":"akses","sumber":"OSM","atribut":{},"layer_id":"inklusivitas"},"geometry":{"type":"Point","coordinates":[106.664928,-6.119699]}},{"type":"Feature","properties":{"nama":null,"jenis":"akses","sumber":"OSM","atribut":{},"layer_id":"inklusivitas"},"geometry":{"type":"Point","coordinates":[106.665546,-6.119419]}},{"type":"Feature","properties":{"nama":"The101 Hotel","jenis":"akses","sumber":"OSM","atribut":{},"layer_id":"inklusivitas"},"geometry":{"type":"Point","coordinates":[106.68957,-6.113172]}},{"type":"Feature","properties":{"nama":"Taman Kyoto Lippo Village","jenis":"akses","sumber":"OSM","atribut":{},"layer_id":"inklusivitas"},"geometry":{"type":"Point","coordinates":[106.582078,-6.225227]}},{"type":"Feature","properties":{"nama":"AEON Store","jenis":"akses","sumber":"OSM","atribut":{},"layer_id":"inklusivitas"},"geometry":{"type":"Point","coordinates":[106.642626,-6.304961]}},{"type":"Feature","properties":{"nama":"Betawi Corner","jenis":"akses","sumber":"OSM","atribut":{},"layer_id":"inklusivitas"},"geometry":{"type":"Point","coordinates":[106.651832,-6.242695]}},{"type":"Feature","properties":{"nama":null,"jenis":"akses","sumber":"OSM","atribut":{},"layer_id":"inklusivitas"},"geometry":{"type":"Point","coordinates":[106.701506,-6.314538]}},{"type":"Feature","properties":{"nama":"Guardian","jenis":"akses","sumber":"OSM","atribut":{},"layer_id":"inklusivitas"},"geometry":{"type":"Point","coordinates":[106.654733,-6.302418]}},{"type":"Feature","properties":{"nama":null,"jenis":"akses","sumber":"OSM","atribut":{},"layer_id":"inklusivitas"},"geometry":{"type":"Point","coordinates":[106.693546,-6.35313]}},{"type":"Feature","properties":{"nama":"May Star","jenis":"akses","sumber":"OSM","atribut":{},"layer_id":"inklusivitas"},"geometry":{"type":"Point","coordinates":[106.653002,-6.29125]}},{"type":"Feature","properties":{"nama":null,"jenis":"akses","sumber":"OSM","atribut":{},"layer_id":"inklusivitas"},"geometry":{"type":"Point","coordinates":[106.578067,-6.235475]}},{"type":"Feature","properties":{"nama":null,"jenis":"akses","sumber":"OSM","atribut":{},"layer_id":"inklusivitas"},"geometry":{"type":"Point","coordinates":[106.577879,-6.237451]}},{"type":"Feature","properties":{"nama":"Warung Haji Madin","jenis":"akses","sumber":"OSM","atribut":{},"layer_id":"inklusivitas"},"geometry":{"type":"Point","coordinates":[106.721118,-6.307655]}},{"type":"Feature","properties":{"nama":"Warkop D SAS","jenis":"akses","sumber":"OSM","atribut":{},"layer_id":"inklusivitas"},"geometry":{"type":"Point","coordinates":[106.715113,-6.316551]}},{"type":"Feature","properties":{"nama":"Warung Kopi Bukit Serua","jenis":"akses","sumber":"OSM","atribut":{},"layer_id":"inklusivitas"},"geometry":{"type":"Point","coordinates":[106.72129,-6.31713]}},{"type":"Feature","properties":{"nama":"N.O.B Cafe","jenis":"akses","sumber":"OSM","atribut":{},"layer_id":"inklusivitas"},"geometry":{"type":"Point","coordinates":[106.653496,-6.301822]}},{"type":"Feature","properties":{"nama":"Wolv Barbershop","jenis":"akses","sumber":"OSM","atribut":{},"layer_id":"inklusivitas"},"geometry":{"type":"Point","coordinates":[106.653393,-6.301784]}},{"type":"Feature","properties":{"nama":null,"jenis":"akses","sumber":"OSM","atribut":{},"layer_id":"inklusivitas"},"geometry":{"type":"Point","coordinates":[106.648386,-6.296947]}},{"type":"Feature","properties":{"nama":null,"jenis":"akses","sumber":"OSM","atribut":{},"layer_id":"inklusivitas"},"geometry":{"type":"Point","coordinates":[106.648433,-6.297057]}},{"type":"Feature","properties":{"nama":"Putu Made","jenis":"akses","sumber":"OSM","atribut":{},"layer_id":"inklusivitas"},"geometry":{"type":"Point","coordinates":[106.664939,-6.118536]}},{"type":"Feature","properties":{"nama":"PSC 119 Kabupaten Tangerang","jenis":"akses","sumber":"OSM","atribut":{},"layer_id":"inklusivitas"},"geometry":{"type":"Point","coordinates":[106.517086,-6.228668]}},{"type":"Feature","properties":{"nama":null,"jenis":"akses","sumber":"OSM","atribut":{},"layer_id":"inklusivitas"},"geometry":{"type":"Point","coordinates":[106.693328,-6.059515]}},{"type":"Feature","properties":{"nama":"Osteria Gia","jenis":"akses","sumber":"OSM","atribut":{},"layer_id":"inklusivitas"},"geometry":{"type":"Point","coordinates":[106.692842,-6.059121]}},{"type":"Feature","properties":{"nama":"Warkop  AHMAD","jenis":"akses","sumber":"OSM","atribut":{},"layer_id":"inklusivitas"},"geometry":{"type":"Point","coordinates":[106.718578,-6.309038]}},{"type":"Feature","properties":{"nama":"Toko BILQIS","jenis":"akses","sumber":"OSM","atribut":{},"layer_id":"inklusivitas"},"geometry":{"type":"Point","coordinates":[106.71933,-6.309142]}},{"type":"Feature","properties":{"nama":"Warkop DUA PUTRI","jenis":"akses","sumber":"OSM","atribut":{},"layer_id":"inklusivitas"},"geometry":{"type":"Point","coordinates":[106.709972,-6.316581]}},{"type":"Feature","properties":{"nama":"Warteg IIS Bahari","jenis":"akses","sumber":"OSM","atribut":{},"layer_id":"inklusivitas"},"geometry":{"type":"Point","coordinates":[106.716928,-6.31657]}},{"type":"Feature","properties":{"nama":"Cafe Kopi WO","jenis":"akses","sumber":"OSM","atribut":{},"layer_id":"inklusivitas"},"geometry":{"type":"Point","coordinates":[106.717096,-6.309191]}},{"type":"Feature","properties":{"nama":"Warkop PJR","jenis":"akses","sumber":"OSM","atribut":{},"layer_id":"inklusivitas"},"geometry":{"type":"Point","coordinates":[106.709934,-6.316841]}},{"type":"Feature","properties":{"nama":"Abadi Kuningan","jenis":"akses","sumber":"OSM","atribut":{},"layer_id":"inklusivitas"},"geometry":{"type":"Point","coordinates":[106.716245,-6.316594]}},{"type":"Feature","properties":{"nama":"Warkop Pancong \"2F\"","jenis":"akses","sumber":"OSM","atribut":{},"layer_id":"inklusivitas"},"geometry":{"type":"Point","coordinates":[106.708327,-6.309889]}},{"type":"Feature","properties":{"nama":"Pion Sruntul & Warkop","jenis":"akses","sumber":"OSM","atribut":{},"layer_id":"inklusivitas"},"geometry":{"type":"Point","coordinates":[106.717273,-6.309164]}},{"type":"Feature","properties":{"nama":"Warkop Disini","jenis":"akses","sumber":"OSM","atribut":{},"layer_id":"inklusivitas"},"geometry":{"type":"Point","coordinates":[106.688065,-6.347125]}},{"type":"Feature","properties":{"nama":"Warkop\" 家族\" KAZOKU","jenis":"akses","sumber":"OSM","atribut":{},"layer_id":"inklusivitas"},"geometry":{"type":"Point","coordinates":[106.700996,-6.315098]}},{"type":"Feature","properties":{"nama":"Warmindo di.Emih.an","jenis":"akses","sumber":"OSM","atribut":{},"layer_id":"inklusivitas"},"geometry":{"type":"Point","coordinates":[106.714077,-6.316709]}},{"type":"Feature","properties":{"nama":"SEGARA Warkop","jenis":"akses","sumber":"OSM","atribut":{},"layer_id":"inklusivitas"},"geometry":{"type":"Point","coordinates":[106.688297,-6.348404]}},{"type":"Feature","properties":{"nama":"Warkop VJB","jenis":"akses","sumber":"OSM","atribut":{},"layer_id":"inklusivitas"},"geometry":{"type":"Point","coordinates":[106.716294,-6.30302]}},{"type":"Feature","properties":{"nama":"Seblak Prasmanan & Kopi SUTARA","jenis":"akses","sumber":"OSM","atribut":{},"layer_id":"inklusivitas"},"geometry":{"type":"Point","coordinates":[106.724879,-6.321235]}},{"type":"Feature","properties":{"nama":"Warkop SIGEKO","jenis":"akses","sumber":"OSM","atribut":{},"layer_id":"inklusivitas"},"geometry":{"type":"Point","coordinates":[106.707783,-6.314996]}},{"type":"Feature","properties":{"nama":"Warkop SEJAGAT","jenis":"akses","sumber":"OSM","atribut":{},"layer_id":"inklusivitas"},"geometry":{"type":"Point","coordinates":[106.725943,-6.332091]}},{"type":"Feature","properties":{"nama":"Warung APIP","jenis":"akses","sumber":"OSM","atribut":{},"layer_id":"inklusivitas"},"geometry":{"type":"Point","coordinates":[106.707672,-6.315249]}},{"type":"Feature","properties":{"nama":"Angkringan 5 Watt","jenis":"akses","sumber":"OSM","atribut":{},"layer_id":"inklusivitas"},"geometry":{"type":"Point","coordinates":[106.721759,-6.30313]}},{"type":"Feature","properties":{"nama":"Warkop VOKAL","jenis":"akses","sumber":"OSM","atribut":{},"layer_id":"inklusivitas"},"geometry":{"type":"Point","coordinates":[106.70876,-6.309371]}},{"type":"Feature","properties":{"nama":"Warkop \"94\"","jenis":"akses","sumber":"OSM","atribut":{},"layer_id":"inklusivitas"},"geometry":{"type":"Point","coordinates":[106.709717,-6.33263]}},{"type":"Feature","properties":{"nama":"MULYA BAHARI Warteg","jenis":"akses","sumber":"OSM","atribut":{},"layer_id":"inklusivitas"},"geometry":{"type":"Point","coordinates":[106.694771,-6.346965]}},{"type":"Feature","properties":{"nama":"Warkop DOA MEMBAWA BERKAH","jenis":"akses","sumber":"OSM","atribut":{},"layer_id":"inklusivitas"},"geometry":{"type":"Point","coordinates":[106.689606,-6.350382]}},{"type":"Feature","properties":{"nama":"Warkop KOPI JOS","jenis":"akses","sumber":"OSM","atribut":{},"layer_id":"inklusivitas"},"geometry":{"type":"Point","coordinates":[106.712145,-6.343362]}},{"type":"Feature","properties":{"nama":"SERDADU Motor Wash & Warkop","jenis":"akses","sumber":"OSM","atribut":{},"layer_id":"inklusivitas"},"geometry":{"type":"Point","coordinates":[106.709237,-6.309717]}},{"type":"Feature","properties":{"nama":"Eka Hospital BSD","jenis":"akses","sumber":"OSM","atribut":{},"layer_id":"inklusivitas"},"geometry":{"type":"Point","coordinates":[106.669688,-6.298051]}},{"type":"Feature","properties":{"nama":"Sekolah Santa Laurensia Alam Sutera","jenis":"akses","sumber":"OSM","atribut":{},"layer_id":"inklusivitas"},"geometry":{"type":"Point","coordinates":[106.65866,-6.243296]}},{"type":"Feature","properties":{"nama":"Masjid Raya Bani Umar","jenis":"akses","sumber":"OSM","atribut":{},"layer_id":"inklusivitas"},"geometry":{"type":"Point","coordinates":[106.689169,-6.270364]}},{"type":"Feature","properties":{"nama":null,"jenis":"akses","sumber":"OSM","atribut":{},"layer_id":"inklusivitas"},"geometry":{"type":"Point","coordinates":[106.669802,-6.298481]}},{"type":"Feature","properties":{"nama":"Ranch Market","jenis":"akses","sumber":"OSM","atribut":{},"layer_id":"inklusivitas"},"geometry":{"type":"Point","coordinates":[106.653452,-6.302283]}},{"type":"Feature","properties":{"nama":"Gramedia World","jenis":"akses","sumber":"OSM","atribut":{},"layer_id":"inklusivitas"},"geometry":{"type":"Point","coordinates":[106.639125,-6.291266]}},{"type":"Feature","properties":{"nama":"ÆON Mall","jenis":"akses","sumber":"OSM","atribut":{},"layer_id":"inklusivitas"},"geometry":{"type":"Point","coordinates":[106.643502,-6.304398]}},{"type":"Feature","properties":{"nama":"Super Indo","jenis":"akses","sumber":"OSM","atribut":{},"layer_id":"inklusivitas"},"geometry":{"type":"Point","coordinates":[106.700154,-6.313766]}},{"type":"Feature","properties":{"nama":null,"jenis":"akses","sumber":"OSM","atribut":{},"layer_id":"inklusivitas"},"geometry":{"type":"Point","coordinates":[106.668638,-6.115576]}},{"type":"Feature","properties":{"nama":null,"jenis":"akses","sumber":"OSM","atribut":{},"layer_id":"inklusivitas"},"geometry":{"type":"Point","coordinates":[106.664957,-6.118322]}},{"type":"Feature","properties":{"nama":null,"jenis":"akses","sumber":"OSM","atribut":{},"layer_id":"inklusivitas"},"geometry":{"type":"Point","coordinates":[106.666292,-6.117784]}},{"type":"Feature","properties":{"nama":null,"jenis":"akses","sumber":"OSM","atribut":{},"layer_id":"inklusivitas"},"geometry":{"type":"Point","coordinates":[106.667344,-6.118715]}},{"type":"Feature","properties":{"nama":null,"jenis":"akses","sumber":"OSM","atribut":{},"layer_id":"inklusivitas"},"geometry":{"type":"Point","coordinates":[106.666144,-6.119177]}},{"type":"Feature","properties":{"nama":null,"jenis":"akses","sumber":"OSM","atribut":{},"layer_id":"inklusivitas"},"geometry":{"type":"Point","coordinates":[106.666773,-6.118925]}},{"type":"Feature","properties":{"nama":null,"jenis":"akses","sumber":"OSM","atribut":{},"layer_id":"inklusivitas"},"geometry":{"type":"Point","coordinates":[106.66494,-6.119193]}},{"type":"Feature","properties":{"nama":null,"jenis":"akses","sumber":"OSM","atribut":{},"layer_id":"inklusivitas"},"geometry":{"type":"Point","coordinates":[106.665187,-6.119051]}},{"type":"Feature","properties":{"nama":null,"jenis":"akses","sumber":"OSM","atribut":{},"layer_id":"inklusivitas"},"geometry":{"type":"Point","coordinates":[106.665496,-6.118924]}},{"type":"Feature","properties":{"nama":null,"jenis":"akses","sumber":"OSM","atribut":{},"layer_id":"inklusivitas"},"geometry":{"type":"Point","coordinates":[106.665801,-6.118798]}},{"type":"Feature","properties":{"nama":null,"jenis":"akses","sumber":"OSM","atribut":{},"layer_id":"inklusivitas"},"geometry":{"type":"Point","coordinates":[106.667001,-6.118325]}},{"type":"Feature","properties":{"nama":null,"jenis":"akses","sumber":"OSM","atribut":{},"layer_id":"inklusivitas"},"geometry":{"type":"Point","coordinates":[106.66671,-6.118417]}},{"type":"Feature","properties":{"nama":null,"jenis":"akses","sumber":"OSM","atribut":{},"layer_id":"inklusivitas"},"geometry":{"type":"Point","coordinates":[106.666405,-6.118548]}},{"type":"Feature","properties":{"nama":null,"jenis":"akses","sumber":"OSM","atribut":{},"layer_id":"inklusivitas"},"geometry":{"type":"Point","coordinates":[106.666107,-6.118671]}},{"type":"Feature","properties":{"nama":"SPBU Sukabakti, Ciputat","jenis":"akses","sumber":"OSM","atribut":{},"layer_id":"inklusivitas"},"geometry":{"type":"Point","coordinates":[106.718948,-6.306205]}},{"type":"Feature","properties":{"nama":"Hotel Santika","jenis":"akses","sumber":"OSM","atribut":{},"layer_id":"inklusivitas"},"geometry":{"type":"Point","coordinates":[106.668352,-6.295532]}},{"type":"Feature","properties":{"nama":"Pertamina","jenis":"akses","sumber":"OSM","atribut":{},"layer_id":"inklusivitas"},"geometry":{"type":"Point","coordinates":[106.701387,-6.314822]}},{"type":"Feature","properties":{"nama":"Ararasa BSD","jenis":"akses","sumber":"OSM","atribut":{},"layer_id":"inklusivitas"},"geometry":{"type":"Point","coordinates":[106.637442,-6.282299]}},{"type":"Feature","properties":{"nama":"GPIB Bahtera Iman","jenis":"akses","sumber":"OSM","atribut":{},"layer_id":"inklusivitas"},"geometry":{"type":"Point","coordinates":[106.713364,-6.31033]}},{"type":"Feature","properties":{"nama":"Kepolisian Sub Sektor Serua","jenis":"akses","sumber":"OSM","atribut":{},"layer_id":"inklusivitas"},"geometry":{"type":"Point","coordinates":[106.719267,-6.30933]}},{"type":"Feature","properties":{"nama":"McDonald's","jenis":"akses","sumber":"OSM","atribut":{},"layer_id":"inklusivitas"},"geometry":{"type":"Point","coordinates":[106.700473,-6.314421]}},{"type":"Feature","properties":{"nama":"Dog Run","jenis":"akses","sumber":"OSM","atribut":{},"layer_id":"inklusivitas"},"geometry":{"type":"Point","coordinates":[106.65202,-6.293823]}},{"type":"Feature","properties":{"nama":null,"jenis":"akses","sumber":"OSM","atribut":{},"layer_id":"inklusivitas"},"geometry":{"type":"Point","coordinates":[106.67485,-6.34683]}},{"type":"Feature","properties":{"nama":null,"jenis":"akses","sumber":"OSM","atribut":{},"layer_id":"inklusivitas"},"geometry":{"type":"Point","coordinates":[106.60664,-6.334911]}},{"type":"Feature","properties":{"nama":"BCA","jenis":"akses","sumber":"OSM","atribut":{},"layer_id":"inklusivitas"},"geometry":{"type":"Point","coordinates":[106.621168,-6.25435]}},{"type":"Feature","properties":{"nama":null,"jenis":"akses","sumber":"OSM","atribut":{},"layer_id":"inklusivitas"},"geometry":{"type":"Point","coordinates":[106.577995,-6.237481]}},{"type":"Feature","properties":{"nama":null,"jenis":"akses","sumber":"OSM","atribut":{},"layer_id":"inklusivitas"},"geometry":{"type":"Point","coordinates":[106.651375,-6.296572]}},{"type":"Feature","properties":{"nama":null,"jenis":"akses","sumber":"OSM","atribut":{},"layer_id":"inklusivitas"},"geometry":{"type":"Point","coordinates":[106.577668,-6.237417]}},{"type":"Feature","properties":{"nama":null,"jenis":"akses","sumber":"OSM","atribut":{},"layer_id":"inklusivitas"},"geometry":{"type":"Point","coordinates":[106.606657,-6.335042]}},{"type":"Feature","properties":{"nama":null,"jenis":"akses","sumber":"OSM","atribut":{},"layer_id":"inklusivitas"},"geometry":{"type":"Point","coordinates":[106.698284,-6.066331]}},{"type":"Feature","properties":{"nama":null,"jenis":"akses","sumber":"OSM","atribut":{},"layer_id":"inklusivitas"},"geometry":{"type":"Point","coordinates":[106.682371,-6.329302]}},{"type":"Feature","properties":{"nama":null,"jenis":"akses","sumber":"OSM","atribut":{},"layer_id":"inklusivitas"},"geometry":{"type":"Point","coordinates":[106.682221,-6.329373]}},{"type":"Feature","properties":{"nama":null,"jenis":"akses","sumber":"OSM","atribut":{},"layer_id":"inklusivitas"},"geometry":{"type":"Point","coordinates":[106.682148,-6.329259]}},{"type":"Feature","properties":{"nama":null,"jenis":"akses","sumber":"OSM","atribut":{},"layer_id":"inklusivitas"},"geometry":{"type":"Point","coordinates":[106.7128,-6.296815]}},{"type":"Feature","properties":{"nama":null,"jenis":"akses","sumber":"OSM","atribut":{},"layer_id":"inklusivitas"},"geometry":{"type":"Point","coordinates":[106.712844,-6.296889]}},{"type":"Feature","properties":{"nama":null,"jenis":"akses","sumber":"OSM","atribut":{},"layer_id":"inklusivitas"},"geometry":{"type":"Point","coordinates":[106.712751,-6.296733]}},{"type":"Feature","properties":{"nama":"Pondok Ranji","jenis":"akses","sumber":"OSM","atribut":{},"layer_id":"inklusivitas"},"geometry":{"type":"Point","coordinates":[106.744693,-6.276683]}},{"type":"Feature","properties":{"nama":"Ngobas","jenis":"akses","sumber":"OSM","atribut":{},"layer_id":"inklusivitas"},"geometry":{"type":"Point","coordinates":[106.736912,-6.332951]}},{"type":"Feature","properties":{"nama":"HokBen (Hoka-Hoka Bento)","jenis":"akses","sumber":"OSM","atribut":{},"layer_id":"inklusivitas"},"geometry":{"type":"Point","coordinates":[106.741702,-6.272626]}},{"type":"Feature","properties":{"nama":"MR. DIY","jenis":"akses","sumber":"OSM","atribut":{},"layer_id":"inklusivitas"},"geometry":{"type":"Point","coordinates":[106.741604,-6.272425]}},{"type":"Feature","properties":{"nama":"Century","jenis":"akses","sumber":"OSM","atribut":{},"layer_id":"inklusivitas"},"geometry":{"type":"Point","coordinates":[106.742233,-6.273001]}},{"type":"Feature","properties":{"nama":"J.CO","jenis":"akses","sumber":"OSM","atribut":{},"layer_id":"inklusivitas"},"geometry":{"type":"Point","coordinates":[106.741826,-6.272725]}},{"type":"Feature","properties":{"nama":"Cahaya","jenis":"akses","sumber":"OSM","atribut":{},"layer_id":"inklusivitas"},"geometry":{"type":"Point","coordinates":[106.741549,-6.27251]}},{"type":"Feature","properties":{"nama":"Sekretariat Akses","jenis":"akses","sumber":"OSM","atribut":{},"layer_id":"inklusivitas"},"geometry":{"type":"Point","coordinates":[106.752572,-6.258353]}},{"type":"Feature","properties":{"nama":"Gerbang Komplek Perumahan Podok Safari Indah","jenis":"akses","sumber":"OSM","atribut":{},"layer_id":"inklusivitas"},"geometry":{"type":"Point","coordinates":[106.729809,-6.262457]}},{"type":"Feature","properties":{"nama":"INDORAMA","jenis":"akses","sumber":"OSM","atribut":{},"layer_id":"inklusivitas"},"geometry":{"type":"Point","coordinates":[106.734251,-6.314167]}},{"type":"Feature","properties":{"nama":"Warteg Kharisma","jenis":"akses","sumber":"OSM","atribut":{},"layer_id":"inklusivitas"},"geometry":{"type":"Point","coordinates":[106.729067,-6.312881]}},{"type":"Feature","properties":{"nama":null,"jenis":"akses","sumber":"OSM","atribut":{},"layer_id":"inklusivitas"},"geometry":{"type":"Point","coordinates":[106.768509,-6.323036]}},{"type":"Feature","properties":{"nama":null,"jenis":"akses","sumber":"OSM","atribut":{},"layer_id":"inklusivitas"},"geometry":{"type":"Point","coordinates":[106.744328,-6.325206]}},{"type":"Feature","properties":{"nama":"WARKOP \"24\"","jenis":"akses","sumber":"OSM","atribut":{},"layer_id":"inklusivitas"},"geometry":{"type":"Point","coordinates":[106.727906,-6.336775]}},{"type":"Feature","properties":{"nama":"Warung Nasi","jenis":"akses","sumber":"OSM","atribut":{},"layer_id":"inklusivitas"},"geometry":{"type":"Point","coordinates":[106.745184,-6.323633]}},{"type":"Feature","properties":{"nama":"Warkop RAMBUTAN","jenis":"akses","sumber":"OSM","atribut":{},"layer_id":"inklusivitas"},"geometry":{"type":"Point","coordinates":[106.731018,-6.33453]}},{"type":"Feature","properties":{"nama":"Masjid At-Taqwa Bintaro Jaya 3","jenis":"akses","sumber":"OSM","atribut":{},"layer_id":"inklusivitas"},"geometry":{"type":"Point","coordinates":[106.743785,-6.270032]}},{"type":"Feature","properties":{"nama":"Warkop Teh SOLO","jenis":"akses","sumber":"OSM","atribut":{},"layer_id":"inklusivitas"},"geometry":{"type":"Point","coordinates":[106.742208,-6.259242]}},{"type":"Feature","properties":{"nama":"Warkop RAHAYU","jenis":"akses","sumber":"OSM","atribut":{},"layer_id":"inklusivitas"},"geometry":{"type":"Point","coordinates":[106.746221,-6.316004]}},{"type":"Feature","properties":{"nama":"D'COST","jenis":"akses","sumber":"OSM","atribut":{},"layer_id":"inklusivitas"},"geometry":{"type":"Point","coordinates":[106.742647,-6.273133]}},{"type":"Feature","properties":{"nama":"Gelanggang Olahraga Ciputat","jenis":"akses","sumber":"OSM","atribut":{},"layer_id":"inklusivitas"},"geometry":{"type":"Point","coordinates":[106.746864,-6.310533]}},{"type":"Feature","properties":{"nama":"Koramil 06 Ciputat","jenis":"akses","sumber":"OSM","atribut":{},"layer_id":"inklusivitas"},"geometry":{"type":"Point","coordinates":[106.747001,-6.310763]}},{"type":"Feature","properties":{"nama":null,"jenis":"akses","sumber":"OSM","atribut":{},"layer_id":"inklusivitas"},"geometry":{"type":"Point","coordinates":[106.735719,-6.344444]}},{"type":"Feature","properties":{"nama":null,"jenis":"akses","sumber":"OSM","atribut":{},"layer_id":"inklusivitas"},"geometry":{"type":"Point","coordinates":[106.735901,-6.344393]}},{"type":"Feature","properties":{"nama":"Masjid Agung Al-Mujahidin","jenis":"akses","sumber":"OSM","atribut":{},"layer_id":"inklusivitas"},"geometry":{"type":"Point","coordinates":[106.734319,-6.344236]}},{"type":"Feature","properties":{"nama":"Kranji","jenis":"akses","sumber":"OSM","atribut":{},"layer_id":"inklusivitas"},"geometry":{"type":"Point","coordinates":[106.979827,-6.224513]}},{"type":"Feature","properties":{"nama":"Mall Citra Gran","jenis":"akses","sumber":"OSM","atribut":{},"layer_id":"inklusivitas"},"geometry":{"type":"Point","coordinates":[106.927651,-6.38234]}},{"type":"Feature","properties":{"nama":"Mal Ciputra","jenis":"akses","sumber":"OSM","atribut":{},"layer_id":"inklusivitas"},"geometry":{"type":"Point","coordinates":[106.92613,-6.382338]}},{"type":"Feature","properties":{"nama":"Hotel Ciputra Cibubur","jenis":"akses","sumber":"OSM","atribut":{},"layer_id":"inklusivitas"},"geometry":{"type":"Point","coordinates":[106.92579,-6.382777]}},{"type":"Feature","properties":{"nama":"Indomaret Fresh Duta Indah","jenis":"akses","sumber":"OSM","atribut":{},"layer_id":"inklusivitas"},"geometry":{"type":"Point","coordinates":[106.936254,-6.285682]}},{"type":"Feature","properties":{"nama":"Warkop Matahari","jenis":"akses","sumber":"OSM","atribut":{},"layer_id":"inklusivitas"},"geometry":{"type":"Point","coordinates":[106.966545,-6.256954]}},{"type":"Feature","properties":{"nama":"Mama Foods Agen Frozen Foods","jenis":"akses","sumber":"OSM","atribut":{},"layer_id":"inklusivitas"},"geometry":{"type":"Point","coordinates":[107.00627,-6.22772]}},{"type":"Feature","properties":{"nama":"Grand Caman Hotel","jenis":"akses","sumber":"OSM","atribut":{},"layer_id":"inklusivitas"},"geometry":{"type":"Point","coordinates":[106.944804,-6.264138]}},{"type":"Feature","properties":{"nama":"McDonald's","jenis":"akses","sumber":"OSM","atribut":{},"layer_id":"inklusivitas"},"geometry":{"type":"Point","coordinates":[106.965404,-6.232642]}},{"type":"Feature","properties":{"nama":"Kopi Kawaji","jenis":"akses","sumber":"OSM","atribut":{},"layer_id":"inklusivitas"},"geometry":{"type":"Point","coordinates":[106.934745,-6.256228]}},{"type":"Feature","properties":{"nama":null,"jenis":"akses","sumber":"OSM","atribut":{},"layer_id":"inklusivitas"},"geometry":{"type":"Point","coordinates":[106.993746,-6.261409]}},{"type":"Feature","properties":{"nama":"Seberang Koramil Pondok Gede","jenis":"akses","sumber":"OSM","atribut":{},"layer_id":"inklusivitas"},"geometry":{"type":"Point","coordinates":[106.91393,-6.282777]}},{"type":"Feature","properties":{"nama":null,"jenis":"akses","sumber":"OSM","atribut":{},"layer_id":"inklusivitas"},"geometry":{"type":"Point","coordinates":[106.932882,-6.342315]}},{"type":"Feature","properties":{"nama":"Pintu Masuk Gedung F","jenis":"akses","sumber":"OSM","atribut":{},"layer_id":"inklusivitas"},"geometry":{"type":"Point","coordinates":[107.002104,-6.24291]}},{"type":"Feature","properties":{"nama":"Savory Heights at Punto","jenis":"akses","sumber":"OSM","atribut":{},"layer_id":"inklusivitas"},"geometry":{"type":"Point","coordinates":[106.973565,-6.234144]}},{"type":"Feature","properties":{"nama":null,"jenis":"akses","sumber":"OSM","atribut":{},"layer_id":"inklusivitas"},"geometry":{"type":"Point","coordinates":[106.998993,-6.295109]}},{"type":"Feature","properties":{"nama":"RS Mitra Keluarga Bekasi Timur","jenis":"akses","sumber":"OSM","atribut":{},"layer_id":"inklusivitas"},"geometry":{"type":"Point","coordinates":[107.013321,-6.260557]}},{"type":"Feature","properties":{"nama":"Puskesmas Karang Kitri","jenis":"akses","sumber":"OSM","atribut":{},"layer_id":"inklusivitas"},"geometry":{"type":"Point","coordinates":[107.01119,-6.257807]}},{"type":"Feature","properties":{"nama":"Kantor Pos Jatimakmur","jenis":"akses","sumber":"OSM","atribut":{},"layer_id":"inklusivitas"},"geometry":{"type":"Point","coordinates":[106.933536,-6.278254]}},{"type":"Feature","properties":{"nama":"Kantor Sub Sektor Kranji","jenis":"akses","sumber":"OSM","atribut":{},"layer_id":"inklusivitas"},"geometry":{"type":"Point","coordinates":[106.970655,-6.225436]}},{"type":"Feature","properties":{"nama":"Gedung F RSUD Kota Bekasi","jenis":"akses","sumber":"OSM","atribut":{},"layer_id":"inklusivitas"},"geometry":{"type":"Point","coordinates":[107.001796,-6.24277]}},{"type":"Feature","properties":{"nama":"Masjid Jami Al-Hidayah","jenis":"akses","sumber":"OSM","atribut":{},"layer_id":"inklusivitas"},"geometry":{"type":"Point","coordinates":[106.962267,-6.225286]}},{"type":"Feature","properties":{"nama":"Kantor Polisi Subsektor Bintara","jenis":"akses","sumber":"OSM","atribut":{},"layer_id":"inklusivitas"},"geometry":{"type":"Point","coordinates":[106.959831,-6.230667]}},{"type":"Feature","properties":{"nama":"Optik melawai","jenis":"akses","sumber":"OSM","atribut":{},"layer_id":"inklusivitas"},"geometry":{"type":"Point","coordinates":[106.969081,-6.234076]}},{"type":"Feature","properties":{"nama":"Cibitung","jenis":"akses","sumber":"OSM","atribut":{},"layer_id":"inklusivitas"},"geometry":{"type":"Point","coordinates":[107.083798,-6.261825]}},{"type":"Feature","properties":{"nama":null,"jenis":"akses","sumber":"OSM","atribut":{},"layer_id":"inklusivitas"},"geometry":{"type":"Point","coordinates":[107.186956,-6.2927]}},{"type":"Feature","properties":{"nama":"Warung Rokok Abdullah","jenis":"akses","sumber":"OSM","atribut":{},"layer_id":"inklusivitas"},"geometry":{"type":"Point","coordinates":[107.108208,-6.244781]}},{"type":"Feature","properties":{"nama":null,"jenis":"akses","sumber":"OSM","atribut":{},"layer_id":"inklusivitas"},"geometry":{"type":"Point","coordinates":[107.277416,-6.25493]}},{"type":"Feature","properties":{"nama":null,"jenis":"akses","sumber":"OSM","atribut":{},"layer_id":"inklusivitas"},"geometry":{"type":"Point","coordinates":[107.055527,-6.1731]}},{"type":"Feature","properties":{"nama":"Toilet Umum Danisa","jenis":"akses","sumber":"OSM","atribut":{},"layer_id":"inklusivitas"},"geometry":{"type":"Point","coordinates":[107.056528,-6.168557]}},{"type":"Feature","properties":{"nama":null,"jenis":"akses","sumber":"OSM","atribut":{},"layer_id":"inklusivitas"},"geometry":{"type":"Point","coordinates":[107.160724,-6.162202]}},{"type":"Feature","properties":{"nama":null,"jenis":"trotoar","sumber":"OSM","atribut":{},"layer_id":"inklusivitas"},"geometry":{"type":"LineString","coordinates":[[106.806827,-6.219052],[106.806562,-6.219048],[106.805065,-6.219035],[106.804741,-6.219032],[106.804471,-6.21903],[106.804235,-6.219028],[106.804159,-6.219027],[106.803957,-6.219025],[106.803845,-6.219023]]}},{"type":"Feature","properties":{"nama":"Jalan Plaza Selatan","jenis":"trotoar","sumber":"OSM","atribut":{},"layer_id":"inklusivitas"},"geometry":{"type":"LineString","coordinates":[[106.805,-6.221853],[106.805033,-6.221821],[106.805079,-6.221793],[106.805092,-6.221785],[106.805156,-6.221771],[106.805221,-6.221775],[106.805283,-6.221797],[106.805336,-6.221835],[106.805376,-6.221887],[106.8054,-6.221948],[106.805405,-6.222013],[106.805392,-6.222076],[106.805361,-6.222134],[106.805316,-6.222181],[106.805258,-6.222213],[106.805194,-6.222227],[106.805129,-6.222223],[106.805067,-6.222201],[106.805014,-6.222163],[106.804974,-6.222111],[106.804951,-6.22205],[106.804945,-6.221985],[106.804958,-6.221921],[106.804989,-6.221864],[106.805,-6.221853]]}},{"type":"Feature","properties":{"nama":"Jalan Plaza Selatan","jenis":"trotoar","sumber":"OSM","atribut":{},"layer_id":"inklusivitas"},"geometry":{"type":"LineString","coordinates":[[106.805033,-6.221821],[106.804333,-6.220869],[106.803654,-6.219939],[106.803576,-6.219839],[106.803549,-6.219803],[106.803516,-6.219757],[106.803486,-6.219723]]}},{"type":"Feature","properties":{"nama":null,"jenis":"trotoar","sumber":"OSM","atribut":{},"layer_id":"inklusivitas"},"geometry":{"type":"LineString","coordinates":[[106.809711,-6.221241],[106.809675,-6.221245],[106.809593,-6.221295],[106.809264,-6.22155],[106.809238,-6.221618],[106.809093,-6.221725],[106.808977,-6.221811],[106.808868,-6.221887],[106.808764,-6.22196],[106.808715,-6.221994],[106.808364,-6.222235],[106.808351,-6.222244],[106.808251,-6.222308],[106.807797,-6.222596],[106.807701,-6.222655],[106.807628,-6.222702],[106.807186,-6.222985],[106.806487,-6.223433],[106.806374,-6.22351],[106.806309,-6.223554],[106.806006,-6.22376],[106.805907,-6.223827],[106.805756,-6.223933],[106.805571,-6.224057],[106.805215,-6.224319],[106.804742,-6.224665],[106.804678,-6.224708],[106.804607,-6.224756],[106.80396,-6.22526],[106.803921,-6.225291],[106.803583,-6.225559],[106.80304,-6.225984],[106.802924,-6.226072],[106.802813,-6.226122],[106.802461,-6.226385],[106.802263,-6.226535],[106.802173,-6.226602],[106.802144,-6.226621],[106.801892,-6.226815],[106.801873,-6.226876],[106.801668,-6.227028],[106.801587,-6.227084]]}},{"type":"Feature","properties":{"nama":null,"jenis":"trotoar","sumber":"OSM","atribut":{},"layer_id":"inklusivitas"},"geometry":{"type":"LineString","coordinates":[[106.801338,-6.227265],[106.800851,-6.227627],[106.800786,-6.227676],[106.80073,-6.227719],[106.800446,-6.227948],[106.80018,-6.228168],[106.799694,-6.228606],[106.799615,-6.228684],[106.79954,-6.22874],[106.799439,-6.228773],[106.799295,-6.228793],[106.79924,-6.228797],[106.799158,-6.228802],[106.798975,-6.228777],[106.798784,-6.22875]]}},{"type":"Feature","properties":{"nama":null,"jenis":"trotoar","sumber":"OSM","atribut":{},"layer_id":"inklusivitas"},"geometry":{"type":"LineString","coordinates":[[106.822582,-6.194457],[106.822825,-6.194176],[106.822836,-6.194147],[106.82284,-6.194116],[106.82284,-6.193769],[106.822833,-6.193416],[106.822829,-6.193212],[106.822826,-6.193075],[106.822816,-6.192727],[106.822815,-6.192654],[106.822811,-6.192526],[106.822812,-6.192331],[106.822812,-6.192293],[106.82276,-6.190419],[106.822774,-6.189721],[106.82279,-6.188963],[106.822794,-6.188789]]}},{"type":"Feature","properties":{"nama":"Jalan Plaza Timur","jenis":"trotoar","sumber":"OSM","atribut":{},"layer_id":"inklusivitas"},"geometry":{"type":"LineString","coordinates":[[106.8042,-6.2186],[106.806768,-6.21861],[106.80683,-6.21861],[106.806916,-6.21861],[106.807519,-6.218613],[106.808007,-6.218615],[106.808365,-6.218612]]}},{"type":"Feature","properties":{"nama":null,"jenis":"trotoar","sumber":"OSM","atribut":{},"layer_id":"inklusivitas"},"geometry":{"type":"LineString","coordinates":[[106.802458,-6.215664],[106.802458,-6.215628],[106.802458,-6.215568]]}},{"type":"Feature","properties":{"nama":null,"jenis":"trotoar","sumber":"OSM","atribut":{},"layer_id":"inklusivitas"},"geometry":{"type":"LineString","coordinates":[[106.802818,-6.215666],[106.802817,-6.215627],[106.802817,-6.215567]]}},{"type":"Feature","properties":{"nama":null,"jenis":"trotoar","sumber":"OSM","atribut":{},"layer_id":"inklusivitas"},"geometry":{"type":"LineString","coordinates":[[106.798212,-6.215653],[106.798251,-6.21565],[106.798283,-6.215648],[106.798728,-6.215653],[106.798779,-6.215656],[106.798861,-6.215653],[106.798873,-6.215653],[106.80025,-6.215674],[106.800298,-6.21568],[106.800462,-6.215689],[106.80051,-6.215688],[106.800587,-6.215688],[106.800878,-6.215668],[106.802458,-6.215664],[106.802654,-6.215666],[106.802818,-6.215666],[106.804534,-6.215678],[106.804776,-6.215682],[106.80487,-6.215686],[106.805141,-6.215699],[106.805218,-6.215703],[106.805254,-6.215702],[106.805811,-6.215694],[106.805982,-6.215809],[106.806699,-6.215831],[106.806739,-6.215846],[106.806774,-6.215897],[106.806779,-6.216087],[106.806781,-6.216186],[106.806781,-6.216216],[106.806773,-6.217316],[106.806778,-6.217425],[106.806779,-6.21746],[106.80677,-6.218092],[106.80677,-6.218106],[106.80677,-6.218121],[106.806769,-6.218283],[106.806768,-6.21861]]}},{"type":"Feature","properties":{"nama":null,"jenis":"trotoar","sumber":"OSM","atribut":{},"layer_id":"inklusivitas"},"geometry":{"type":"LineString","coordinates":[[106.802817,-6.215567],[106.802779,-6.214261],[106.802778,-6.213822],[106.802777,-6.213748],[106.802774,-6.213632],[106.802774,-6.213617],[106.802783,-6.213603],[106.80285,-6.21356],[106.803081,-6.213504],[106.803593,-6.213386],[106.803873,-6.213321],[106.803943,-6.213303],[106.804782,-6.213096],[106.805124,-6.213017],[106.805144,-6.212949]]}},{"type":"Feature","properties":{"nama":null,"jenis":"trotoar","sumber":"OSM","atribut":{},"layer_id":"inklusivitas"},"geometry":{"type":"LineString","coordinates":[[106.798251,-6.215459],[106.798253,-6.215376],[106.798224,-6.215057],[106.79819,-6.214934],[106.798215,-6.214789],[106.798239,-6.214737],[106.798275,-6.214681],[106.798318,-6.214656],[106.798397,-6.214629],[106.798611,-6.21458],[106.799092,-6.214474],[106.800579,-6.214115],[106.801057,-6.214001],[106.801817,-6.213818],[106.802069,-6.213751],[106.80223,-6.213709],[106.802433,-6.213658],[106.802515,-6.213649],[106.802557,-6.213655],[106.802568,-6.213665],[106.802567,-6.213681],[106.802566,-6.213708],[106.802559,-6.213948]]}},{"type":"Feature","properties":{"nama":null,"jenis":"trotoar","sumber":"OSM","atribut":{},"layer_id":"inklusivitas"},"geometry":{"type":"LineString","coordinates":[[106.811746,-6.184195],[106.811461,-6.184443]]}},{"type":"Feature","properties":{"nama":null,"jenis":"trotoar","sumber":"OSM","atribut":{},"layer_id":"inklusivitas"},"geometry":{"type":"LineString","coordinates":[[106.811461,-6.184443],[106.811334,-6.184537],[106.81123,-6.184654],[106.811175,-6.184746],[106.811123,-6.184835],[106.811123,-6.1849],[106.811212,-6.185678],[106.811247,-6.186026],[106.811307,-6.186652],[106.811347,-6.187041]]}},{"type":"Feature","properties":{"nama":null,"jenis":"trotoar","sumber":"OSM","atribut":{},"layer_id":"inklusivitas"},"geometry":{"type":"LineString","coordinates":[[106.828721,-6.173118],[106.828761,-6.173065],[106.828789,-6.173026],[106.82891,-6.172855],[106.828985,-6.172714],[106.829045,-6.172531],[106.829204,-6.172012],[106.82921,-6.171951],[106.829206,-6.171903],[106.829196,-6.171853],[106.829176,-6.171796],[106.829148,-6.171744],[106.829112,-6.171699],[106.829085,-6.171674],[106.829053,-6.171646],[106.829012,-6.171615],[106.82896,-6.17159],[106.828825,-6.171579],[106.827799,-6.171558],[106.827545,-6.171555]]}},{"type":"Feature","properties":{"nama":null,"jenis":"trotoar","sumber":"OSM","atribut":{},"layer_id":"inklusivitas"},"geometry":{"type":"LineString","coordinates":[[106.823582,-6.172177],[106.823565,-6.172192],[106.823497,-6.172129],[106.823466,-6.17211],[106.823436,-6.172098],[106.82341,-6.172097],[106.823382,-6.1721],[106.823359,-6.172103],[106.823326,-6.172113],[106.823297,-6.172129]]}},{"type":"Feature","properties":{"nama":null,"jenis":"trotoar","sumber":"OSM","atribut":{},"layer_id":"inklusivitas"},"geometry":{"type":"LineString","coordinates":[[106.830111,-6.173638],[106.830249,-6.174156],[106.83032,-6.174405],[106.830313,-6.174425],[106.830433,-6.174826],[106.830482,-6.174869],[106.830495,-6.17491],[106.831007,-6.176545],[106.831163,-6.177039],[106.831616,-6.178485],[106.831645,-6.178582],[106.831696,-6.178758],[106.831705,-6.178815],[106.831694,-6.178887],[106.831634,-6.178985],[106.831571,-6.179045],[106.83153,-6.179069],[106.831515,-6.179074]]}},{"type":"Feature","properties":{"nama":null,"jenis":"trotoar","sumber":"OSM","atribut":{},"layer_id":"inklusivitas"},"geometry":{"type":"LineString","coordinates":[[106.829278,-6.173506],[106.829358,-6.173474],[106.829367,-6.173472],[106.829434,-6.173452],[106.829554,-6.173434],[106.82978,-6.173432],[106.829859,-6.173446],[106.829933,-6.173469],[106.829965,-6.173484],[106.829998,-6.173512],[106.830035,-6.173545],[106.830078,-6.173591],[106.830096,-6.173612],[106.830111,-6.173638]]}},{"type":"Feature","properties":{"nama":null,"jenis":"trotoar","sumber":"OSM","atribut":{},"layer_id":"inklusivitas"},"geometry":{"type":"LineString","coordinates":[[106.831515,-6.179074],[106.831412,-6.179108]]}},{"type":"Feature","properties":{"nama":null,"jenis":"trotoar","sumber":"OSM","atribut":{},"layer_id":"inklusivitas"},"geometry":{"type":"LineString","coordinates":[[106.831412,-6.179108],[106.831384,-6.179113],[106.831345,-6.179109],[106.831292,-6.179093],[106.831248,-6.179072],[106.831159,-6.178994],[106.831154,-6.17895],[106.831012,-6.178815],[106.830957,-6.17879],[106.830727,-6.178543],[106.830689,-6.178505],[106.830638,-6.178453]]}},{"type":"Feature","properties":{"nama":null,"jenis":"trotoar","sumber":"OSM","atribut":{},"layer_id":"inklusivitas"},"geometry":{"type":"LineString","coordinates":[[106.830315,-6.178792],[106.830301,-6.178808],[106.830841,-6.179381],[106.830907,-6.179457],[106.830974,-6.17955],[106.831016,-6.179641],[106.831027,-6.179732],[106.83103,-6.179828],[106.83101,-6.179938],[106.830962,-6.180018],[106.830936,-6.180056],[106.830888,-6.180064],[106.830753,-6.180082],[106.828077,-6.180173]]}},{"type":"Feature","properties":{"nama":null,"jenis":"trotoar","sumber":"OSM","atribut":{},"layer_id":"inklusivitas"},"geometry":{"type":"LineString","coordinates":[[106.826518,-6.1803],[106.826479,-6.1803],[106.826411,-6.180301],[106.824381,-6.180326],[106.823807,-6.180338],[106.823768,-6.180325],[106.823728,-6.1803],[106.823675,-6.180234],[106.82367,-6.180167],[106.823672,-6.180113],[106.823689,-6.180043],[106.823738,-6.179965],[106.823761,-6.179938]]}},{"type":"Feature","properties":{"nama":null,"jenis":"trotoar","sumber":"OSM","atribut":{},"layer_id":"inklusivitas"},"geometry":{"type":"LineString","coordinates":[[106.826608,-6.180433],[106.82661,-6.180488]]}},{"type":"Feature","properties":{"nama":null,"jenis":"trotoar","sumber":"OSM","atribut":{},"layer_id":"inklusivitas"},"geometry":{"type":"LineString","coordinates":[[106.828077,-6.180173],[106.827227,-6.180208],[106.826926,-6.180221],[106.8266,-6.180235],[106.826518,-6.180238],[106.826518,-6.1803]]}},{"type":"Feature","properties":{"nama":null,"jenis":"trotoar","sumber":"OSM","atribut":{},"layer_id":"inklusivitas"},"geometry":{"type":"LineString","coordinates":[[106.823503,-6.179448],[106.823361,-6.179616],[106.823338,-6.179648],[106.823297,-6.179676],[106.823244,-6.179692],[106.823183,-6.179694],[106.823141,-6.179686],[106.823106,-6.179675],[106.82308,-6.179653],[106.823067,-6.179625],[106.823066,-6.17947],[106.823068,-6.179377],[106.823071,-6.179229],[106.823146,-6.175671],[106.823233,-6.172248],[106.823239,-6.172215],[106.823259,-6.172175],[106.823278,-6.172148],[106.823297,-6.172129]]}},{"type":"Feature","properties":{"nama":null,"jenis":"trotoar","sumber":"OSM","atribut":{},"layer_id":"inklusivitas"},"geometry":{"type":"LineString","coordinates":[[106.827116,-6.171561],[106.827101,-6.171561],[106.825675,-6.171545],[106.823952,-6.171526],[106.823921,-6.171533],[106.823886,-6.171548],[106.823857,-6.171576],[106.823842,-6.171597],[106.823839,-6.171635],[106.823843,-6.171671],[106.823858,-6.17171],[106.823907,-6.171778],[106.823942,-6.171819],[106.823905,-6.171858]]}},{"type":"Feature","properties":{"nama":null,"jenis":"trotoar","sumber":"OSM","atribut":{},"layer_id":"inklusivitas"},"geometry":{"type":"LineString","coordinates":[[106.827545,-6.171555],[106.827399,-6.171553],[106.827116,-6.171561]]}},{"type":"Feature","properties":{"nama":null,"jenis":"trotoar","sumber":"OSM","atribut":{},"layer_id":"inklusivitas"},"geometry":{"type":"LineString","coordinates":[[106.82268,-6.175485],[106.822674,-6.175661],[106.822656,-6.176225],[106.822641,-6.176698],[106.822634,-6.176926],[106.822601,-6.177958],[106.822595,-6.178275],[106.822592,-6.178758],[106.822579,-6.179147],[106.822567,-6.179433],[106.822552,-6.179812],[106.822552,-6.179865]]}},{"type":"Feature","properties":{"nama":null,"jenis":"trotoar","sumber":"OSM","atribut":{},"layer_id":"inklusivitas"},"geometry":{"type":"LineString","coordinates":[[106.82296,-6.199575],[106.822971,-6.199555],[106.822975,-6.199484],[106.822972,-6.199354],[106.822964,-6.198981],[106.822963,-6.198898],[106.822956,-6.198703]]}},{"type":"Feature","properties":{"nama":null,"jenis":"trotoar","sumber":"OSM","atribut":{},"layer_id":"inklusivitas"},"geometry":{"type":"LineString","coordinates":[[106.822514,-6.201129],[106.822535,-6.201043],[106.822535,-6.201029],[106.822529,-6.20102],[106.822514,-6.201015],[106.82244,-6.200995],[106.822227,-6.200953]]}},{"type":"Feature","properties":{"nama":null,"jenis":"trotoar","sumber":"OSM","atribut":{},"layer_id":"inklusivitas"},"geometry":{"type":"LineString","coordinates":[[106.830314,-6.167883],[106.830387,-6.167891],[106.830476,-6.167895],[106.830542,-6.167894],[106.830653,-6.16789]]}},{"type":"Feature","properties":{"nama":null,"jenis":"trotoar","sumber":"OSM","atribut":{},"layer_id":"inklusivitas"},"geometry":{"type":"LineString","coordinates":[[106.838957,-6.175149],[106.838991,-6.175189],[106.839027,-6.17523],[106.839077,-6.175287],[106.839628,-6.17592]]}},{"type":"Feature","properties":{"nama":null,"jenis":"trotoar","sumber":"OSM","atribut":{},"layer_id":"inklusivitas"},"geometry":{"type":"LineString","coordinates":[[106.839562,-6.176139],[106.839654,-6.176064],[106.839687,-6.176039],[106.839713,-6.176026],[106.839756,-6.176022],[106.83978,-6.176038],[106.839888,-6.176164],[106.839956,-6.176243],[106.840046,-6.176348],[106.840235,-6.176584],[106.840418,-6.176813],[106.840645,-6.177091],[106.840679,-6.177131],[106.841062,-6.177598],[106.841515,-6.178132],[106.841613,-6.178253],[106.841688,-6.17835],[106.841706,-6.178388]]}},{"type":"Feature","properties":{"nama":null,"jenis":"trotoar","sumber":"OSM","atribut":{},"layer_id":"inklusivitas"},"geometry":{"type":"LineString","coordinates":[[106.838119,-6.170383],[106.838189,-6.170352],[106.838034,-6.170058],[106.83797,-6.170089]]}},{"type":"Feature","properties":{"nama":null,"jenis":"trotoar","sumber":"OSM","atribut":{},"layer_id":"inklusivitas"},"geometry":{"type":"LineString","coordinates":[[106.837816,-6.170573],[106.838324,-6.170331],[106.838711,-6.170146]]}},{"type":"Feature","properties":{"nama":null,"jenis":"trotoar","sumber":"OSM","atribut":{},"layer_id":"inklusivitas"},"geometry":{"type":"LineString","coordinates":[[106.838074,-6.170682],[106.83806,-6.170655]]}},{"type":"Feature","properties":{"nama":null,"jenis":"trotoar","sumber":"OSM","atribut":{},"layer_id":"inklusivitas"},"geometry":{"type":"LineString","coordinates":[[106.83823,-6.170569],[106.83806,-6.170655],[106.838009,-6.170681]]}},{"type":"Feature","properties":{"nama":null,"jenis":"trotoar","sumber":"OSM","atribut":{},"layer_id":"inklusivitas"},"geometry":{"type":"LineString","coordinates":[[106.822837,-6.20323],[106.822888,-6.203007],[106.823033,-6.202368],[106.823059,-6.202255],[106.823104,-6.202051],[106.823172,-6.201752]]}},{"type":"Feature","properties":{"nama":null,"jenis":"trotoar","sumber":"OSM","atribut":{},"layer_id":"inklusivitas"},"geometry":{"type":"LineString","coordinates":[[106.823363,-6.19978],[106.823361,-6.20013],[106.823361,-6.200362],[106.823346,-6.200653],[106.823312,-6.201025],[106.82327,-6.201257],[106.823223,-6.201515],[106.823172,-6.201752]]}},{"type":"Feature","properties":{"nama":null,"jenis":"trotoar","sumber":"OSM","atribut":{},"layer_id":"inklusivitas"},"geometry":{"type":"LineString","coordinates":[[106.809874,-6.216191],[106.809967,-6.216313],[106.81008,-6.216474],[106.810149,-6.216607],[106.81022,-6.216706],[106.810413,-6.216939],[106.810732,-6.217423],[106.810983,-6.217801],[106.811058,-6.21793],[106.811103,-6.218115],[106.811115,-6.218227],[106.811115,-6.218411],[106.811094,-6.21857],[106.811072,-6.218648],[106.811019,-6.218799],[106.810972,-6.218927],[106.810877,-6.219186],[106.810562,-6.220116],[106.81048,-6.220334],[106.81039,-6.22055],[106.810275,-6.220716],[106.810146,-6.220867],[106.810022,-6.220979],[106.809974,-6.221021],[106.80987,-6.221111],[106.809711,-6.221241]]}},{"type":"Feature","properties":{"nama":null,"jenis":"trotoar","sumber":"OSM","atribut":{},"layer_id":"inklusivitas"},"geometry":{"type":"LineString","coordinates":[[106.812446,-6.218939],[106.812504,-6.218874],[106.812529,-6.218836],[106.812549,-6.218718],[106.812558,-6.218571],[106.812581,-6.218216],[106.812584,-6.218184]]}},{"type":"Feature","properties":{"nama":null,"jenis":"trotoar","sumber":"OSM","atribut":{},"layer_id":"inklusivitas"},"geometry":{"type":"LineString","coordinates":[[106.812519,-6.218192],[106.812513,-6.218269],[106.812493,-6.218557],[106.812484,-6.218659],[106.812452,-6.218783],[106.812404,-6.218859]]}},{"type":"Feature","properties":{"nama":null,"jenis":"trotoar","sumber":"OSM","atribut":{},"layer_id":"inklusivitas"},"geometry":{"type":"LineString","coordinates":[[106.811092,-6.219069],[106.811067,-6.219062],[106.811047,-6.219043],[106.811048,-6.219014],[106.811063,-6.218966],[106.811136,-6.218761]]}},{"type":"Feature","properties":{"nama":null,"jenis":"trotoar","sumber":"OSM","atribut":{},"layer_id":"inklusivitas"},"geometry":{"type":"LineString","coordinates":[[106.81121,-6.219105],[106.811092,-6.219069]]}},{"type":"Feature","properties":{"nama":null,"jenis":"trotoar","sumber":"OSM","atribut":{},"layer_id":"inklusivitas"},"geometry":{"type":"LineString","coordinates":[[106.811698,-6.218897],[106.811662,-6.218882],[106.811511,-6.218847],[106.811436,-6.218845],[106.811351,-6.218875],[106.811228,-6.218948],[106.811165,-6.219026],[106.811128,-6.219094],[106.8111,-6.219206],[106.811108,-6.219328],[106.811159,-6.219487],[106.81116,-6.21949],[106.811223,-6.219579],[106.811301,-6.219654],[106.811412,-6.219721],[106.811499,-6.219753],[106.811599,-6.219771],[106.811703,-6.21977],[106.811766,-6.219763],[106.811809,-6.219751]]}},{"type":"Feature","properties":{"nama":null,"jenis":"trotoar","sumber":"OSM","atribut":{},"layer_id":"inklusivitas"},"geometry":{"type":"LineString","coordinates":[[106.811089,-6.219144],[106.811184,-6.219171]]}},{"type":"Feature","properties":{"nama":null,"jenis":"trotoar","sumber":"OSM","atribut":{},"layer_id":"inklusivitas"},"geometry":{"type":"LineString","coordinates":[[106.812443,-6.217882],[106.81245,-6.217906],[106.812495,-6.21791],[106.812523,-6.217915],[106.812533,-6.217934]]}},{"type":"Feature","properties":{"nama":null,"jenis":"trotoar","sumber":"OSM","atribut":{},"layer_id":"inklusivitas"},"geometry":{"type":"LineString","coordinates":[[106.812533,-6.217934],[106.812519,-6.218192]]}},{"type":"Feature","properties":{"nama":null,"jenis":"trotoar","sumber":"OSM","atribut":{},"layer_id":"inklusivitas"},"geometry":{"type":"LineString","coordinates":[[106.813651,-6.217944],[106.813655,-6.217975],[106.813594,-6.217979],[106.813508,-6.217978],[106.813341,-6.217973],[106.813156,-6.217957],[106.812724,-6.217925],[106.812607,-6.217918],[106.812593,-6.217929],[106.81259,-6.217942]]}},{"type":"Feature","properties":{"nama":null,"jenis":"trotoar","sumber":"OSM","atribut":{},"layer_id":"inklusivitas"},"geometry":{"type":"LineString","coordinates":[[106.812584,-6.218184],[106.812589,-6.217955],[106.81259,-6.217942]]}},{"type":"Feature","properties":{"nama":null,"jenis":"trotoar","sumber":"OSM","atribut":{},"layer_id":"inklusivitas"},"geometry":{"type":"LineString","coordinates":[[106.811793,-6.219067],[106.81172,-6.219005],[106.811622,-6.218955],[106.811529,-6.218932],[106.811426,-6.218941],[106.811318,-6.218998],[106.81125,-6.219045],[106.811218,-6.219076],[106.811206,-6.219105],[106.811177,-6.21917],[106.811173,-6.219182],[106.811169,-6.219266],[106.81117,-6.219269],[106.811196,-6.219365],[106.811255,-6.219469],[106.811312,-6.219544],[106.811395,-6.219598],[106.811421,-6.219612],[106.8115,-6.219656],[106.811623,-6.219673],[106.811728,-6.219673],[106.811831,-6.219659],[106.811902,-6.21962],[106.812047,-6.219529],[106.812563,-6.219108],[106.812826,-6.218884],[106.812917,-6.218786],[106.812965,-6.218704],[106.812991,-6.218584],[106.812985,-6.218486],[106.81296,-6.218393],[106.812914,-6.218315],[106.812863,-6.218261],[106.812771,-6.218194],[106.812674,-6.21816],[106.812598,-6.218157],[106.812495,-6.218177],[106.81238,-6.218227],[106.812279,-6.218344],[106.812247,-6.218437],[106.812235,-6.218523],[106.812238,-6.218546],[106.812249,-6.218616],[106.812269,-6.218691],[106.812326,-6.218798]]}},{"type":"Feature","properties":{"nama":null,"jenis":"trotoar","sumber":"OSM","atribut":{},"layer_id":"inklusivitas"},"geometry":{"type":"LineString","coordinates":[[106.812326,-6.218798],[106.812526,-6.219102],[106.812891,-6.219641],[106.812922,-6.219687]]}},{"type":"Feature","properties":{"nama":null,"jenis":"trotoar","sumber":"OSM","atribut":{},"layer_id":"inklusivitas"},"geometry":{"type":"LineString","coordinates":[[106.812524,-6.220128],[106.812454,-6.220002],[106.81244,-6.219982],[106.812408,-6.219933],[106.812299,-6.219767],[106.81228,-6.219737],[106.812107,-6.21948],[106.812028,-6.219364],[106.811967,-6.219281],[106.811927,-6.219227],[106.811884,-6.219169],[106.811793,-6.219067]]}},{"type":"Feature","properties":{"nama":null,"jenis":"trotoar","sumber":"OSM","atribut":{},"layer_id":"inklusivitas"},"geometry":{"type":"LineString","coordinates":[[106.811184,-6.219171],[106.811358,-6.219219],[106.811384,-6.219227],[106.811627,-6.219302],[106.811731,-6.21933],[106.811734,-6.219331],[106.811805,-6.219336],[106.811868,-6.219326],[106.811944,-6.219294]]}},{"type":"Feature","properties":{"nama":null,"jenis":"trotoar","sumber":"OSM","atribut":{},"layer_id":"inklusivitas"},"geometry":{"type":"LineString","coordinates":[[106.811891,-6.219249],[106.811871,-6.219259],[106.811811,-6.219271],[106.811745,-6.219264],[106.811665,-6.21924],[106.811641,-6.219233],[106.811615,-6.219225],[106.81121,-6.219105]]}},{"type":"Feature","properties":{"nama":null,"jenis":"trotoar","sumber":"OSM","atribut":{},"layer_id":"inklusivitas"},"geometry":{"type":"LineString","coordinates":[[106.811944,-6.219294],[106.812446,-6.218939]]}},{"type":"Feature","properties":{"nama":null,"jenis":"trotoar","sumber":"OSM","atribut":{},"layer_id":"inklusivitas"},"geometry":{"type":"LineString","coordinates":[[106.812404,-6.218859],[106.812357,-6.218895],[106.811916,-6.219235],[106.811891,-6.219249]]}},{"type":"Feature","properties":{"nama":null,"jenis":"trotoar","sumber":"OSM","atribut":{},"layer_id":"inklusivitas"},"geometry":{"type":"LineString","coordinates":[[106.814074,-6.217747],[106.814205,-6.217648],[106.814851,-6.217126],[106.814921,-6.21707],[106.815025,-6.217005],[106.815158,-6.216916],[106.81551,-6.216645],[106.815588,-6.216549],[106.815716,-6.216454],[106.815758,-6.216425],[106.816101,-6.216153]]}},{"type":"Feature","properties":{"nama":null,"jenis":"trotoar","sumber":"OSM","atribut":{},"layer_id":"inklusivitas"},"geometry":{"type":"LineString","coordinates":[[106.811591,-6.217603],[106.811617,-6.217646],[106.8117,-6.217702],[106.811815,-6.217749],[106.811965,-6.217763],[106.812442,-6.217812],[106.812527,-6.217818],[106.812873,-6.217844],[106.812966,-6.21785],[106.813359,-6.217877],[106.813497,-6.217879],[106.813704,-6.217865],[106.813752,-6.217855],[106.813855,-6.217836],[106.813925,-6.217822],[106.814074,-6.217747]]}},{"type":"Feature","properties":{"nama":null,"jenis":"trotoar","sumber":"OSM","atribut":{},"layer_id":"inklusivitas"},"geometry":{"type":"LineString","coordinates":[[106.81442,-6.217705],[106.8144,-6.217686],[106.814172,-6.217863],[106.813982,-6.21801],[106.813295,-6.218562],[106.813018,-6.218782],[106.81303,-6.218738],[106.813053,-6.218661],[106.813066,-6.218578],[106.813066,-6.218476],[106.813029,-6.218358],[106.812959,-6.218255],[106.812882,-6.218182],[106.8128,-6.218133],[106.812713,-6.218098],[106.812634,-6.21809],[106.81251,-6.218092],[106.812389,-6.218131],[106.812285,-6.218213],[106.812211,-6.218305],[106.812181,-6.218372],[106.812158,-6.21849],[106.812162,-6.218618],[106.812071,-6.218497],[106.811868,-6.218195],[106.811817,-6.218119],[106.811738,-6.217998],[106.811665,-6.21789],[106.811656,-6.217877],[106.811633,-6.217844],[106.811583,-6.217819]]}},{"type":"Feature","properties":{"nama":null,"jenis":"trotoar","sumber":"OSM","atribut":{},"layer_id":"inklusivitas"},"geometry":{"type":"LineString","coordinates":[[106.816207,-6.216074],[106.816566,-6.215786],[106.816779,-6.215615],[106.816888,-6.21553],[106.817032,-6.215416],[106.817047,-6.215378],[106.817333,-6.21515],[106.817587,-6.214947],[106.817789,-6.214786],[106.817807,-6.214771],[106.81797,-6.214627],[106.818041,-6.214566],[106.818066,-6.21452],[106.818085,-6.214461],[106.818095,-6.214381],[106.818097,-6.214364],[106.818082,-6.214266]]}},{"type":"Feature","properties":{"nama":null,"jenis":"trotoar","sumber":"OSM","atribut":{},"layer_id":"inklusivitas"},"geometry":{"type":"LineString","coordinates":[[106.818573,-6.213946],[106.818175,-6.214333]]}},{"type":"Feature","properties":{"nama":null,"jenis":"trotoar","sumber":"OSM","atribut":{},"layer_id":"inklusivitas"},"geometry":{"type":"LineString","coordinates":[[106.818441,-6.213812],[106.818478,-6.213832],[106.818542,-6.21385],[106.818578,-6.213855],[106.818599,-6.213857],[106.818731,-6.213843],[106.818795,-6.213819],[106.818874,-6.213741],[106.818972,-6.213611],[106.8193,-6.213157],[106.819335,-6.213107],[106.819472,-6.212922],[106.819581,-6.212773],[106.819632,-6.212702],[106.819762,-6.212486],[106.820011,-6.212013],[106.820101,-6.211822],[106.820185,-6.211645],[106.82023,-6.211548],[106.820445,-6.211108],[106.820611,-6.210782],[106.820938,-6.21014],[106.820997,-6.210024],[106.82106,-6.209899],[106.821039,-6.209883],[106.821161,-6.209633],[106.821286,-6.209375],[106.821303,-6.20933],[106.82131,-6.209312],[106.821373,-6.209131]]}},{"type":"Feature","properties":{"nama":null,"jenis":"trotoar","sumber":"OSM","atribut":{},"layer_id":"inklusivitas"},"geometry":{"type":"LineString","coordinates":[[106.82143,-6.208965],[106.821503,-6.208734],[106.821507,-6.208721],[106.821541,-6.208611],[106.821635,-6.208256],[106.821653,-6.208192],[106.821674,-6.208101],[106.821707,-6.208109],[106.821772,-6.207777],[106.821777,-6.207745],[106.821785,-6.207698],[106.821812,-6.207542],[106.821827,-6.207455],[106.821859,-6.207186],[106.821912,-6.206697],[106.821942,-6.206416],[106.821954,-6.206297],[106.821971,-6.206126],[106.821994,-6.205907],[106.822002,-6.205828],[106.822024,-6.205641],[106.822077,-6.205187],[106.822107,-6.204919],[106.822137,-6.204678],[106.822147,-6.20452],[106.822129,-6.204451],[106.822112,-6.204426],[106.82208,-6.204378],[106.821987,-6.204311],[106.821913,-6.204284],[106.821618,-6.204276],[106.820447,-6.204245],[106.820076,-6.204233],[106.819913,-6.204292]]}},{"type":"Feature","properties":{"nama":null,"jenis":"trotoar","sumber":"OSM","atribut":{},"layer_id":"inklusivitas"},"geometry":{"type":"LineString","coordinates":[[106.82215,-6.204293],[106.822282,-6.203818]]}},{"type":"Feature","properties":{"nama":null,"jenis":"trotoar","sumber":"OSM","atribut":{},"layer_id":"inklusivitas"},"geometry":{"type":"LineString","coordinates":[[106.822471,-6.203156],[106.822557,-6.202877],[106.82258,-6.2028],[106.822599,-6.20273],[106.822679,-6.202365],[106.822824,-6.201699],[106.822832,-6.20166]]}},{"type":"Feature","properties":{"nama":null,"jenis":"trotoar","sumber":"OSM","atribut":{},"layer_id":"inklusivitas"},"geometry":{"type":"LineString","coordinates":[[106.822832,-6.20166],[106.822877,-6.201446],[106.822931,-6.201157],[106.822981,-6.20081],[106.823007,-6.200603],[106.823021,-6.20031],[106.82302,-6.200092],[106.823016,-6.19992],[106.823013,-6.19987],[106.823011,-6.199844]]}},{"type":"Feature","properties":{"nama":null,"jenis":"trotoar","sumber":"OSM","atribut":{},"layer_id":"inklusivitas"},"geometry":{"type":"LineString","coordinates":[[106.822245,-6.203747],[106.822257,-6.203717],[106.822273,-6.203627],[106.822304,-6.203534],[106.822368,-6.203395],[106.822417,-6.20331],[106.822471,-6.203156]]}},{"type":"Feature","properties":{"nama":null,"jenis":"trotoar","sumber":"OSM","atribut":{},"layer_id":"inklusivitas"},"geometry":{"type":"LineString","coordinates":[[106.822154,-6.203637],[106.822152,-6.203677],[106.822152,-6.203729],[106.822168,-6.203755],[106.822192,-6.203767],[106.822214,-6.203766],[106.822245,-6.203747]]}},{"type":"Feature","properties":{"nama":null,"jenis":"trotoar","sumber":"OSM","atribut":{},"layer_id":"inklusivitas"},"geometry":{"type":"LineString","coordinates":[[106.823011,-6.199844],[106.822999,-6.199815],[106.822968,-6.199793],[106.822925,-6.199791],[106.822877,-6.199818],[106.822844,-6.199854],[106.822821,-6.200004],[106.822806,-6.200118],[106.822809,-6.20021],[106.822809,-6.200319],[106.822789,-6.200474],[106.822773,-6.200579],[106.822765,-6.200621],[106.822765,-6.200635],[106.822768,-6.200646],[106.82279,-6.200672],[106.822801,-6.200704],[106.822799,-6.20073],[106.822712,-6.201121],[106.822661,-6.201318],[106.822646,-6.201398],[106.822594,-6.201491],[106.822567,-6.201564],[106.822524,-6.201743],[106.82247,-6.202012],[106.822461,-6.202058]]}},{"type":"Feature","properties":{"nama":null,"jenis":"trotoar","sumber":"OSM","atribut":{},"layer_id":"inklusivitas"},"geometry":{"type":"LineString","coordinates":[[106.822343,-6.201987],[106.822396,-6.201729],[106.822393,-6.201718],[106.822383,-6.201707],[106.822356,-6.201697]]}},{"type":"Feature","properties":{"nama":null,"jenis":"trotoar","sumber":"OSM","atribut":{},"layer_id":"inklusivitas"},"geometry":{"type":"LineString","coordinates":[[106.822374,-6.20163],[106.822386,-6.201575],[106.822408,-6.20148],[106.822436,-6.201349],[106.822514,-6.201015]]}},{"type":"Feature","properties":{"nama":null,"jenis":"trotoar","sumber":"OSM","atribut":{},"layer_id":"inklusivitas"},"geometry":{"type":"LineString","coordinates":[[106.822535,-6.200923],[106.822565,-6.200919],[106.822581,-6.2009],[106.822628,-6.200695],[106.822699,-6.200335],[106.822696,-6.200322],[106.822687,-6.200314],[106.822672,-6.200309]]}},{"type":"Feature","properties":{"nama":null,"jenis":"trotoar","sumber":"OSM","atribut":{},"layer_id":"inklusivitas"},"geometry":{"type":"LineString","coordinates":[[106.822672,-6.200309],[106.822649,-6.200306]]}},{"type":"Feature","properties":{"nama":null,"jenis":"trotoar","sumber":"OSM","atribut":{},"layer_id":"inklusivitas"},"geometry":{"type":"LineString","coordinates":[[106.822664,-6.200211],[106.822687,-6.200203],[106.822698,-6.200192],[106.822711,-6.200131],[106.82278,-6.199739]]}},{"type":"Feature","properties":{"nama":null,"jenis":"trotoar","sumber":"OSM","atribut":{},"layer_id":"inklusivitas"},"geometry":{"type":"LineString","coordinates":[[106.822953,-6.198606],[106.822979,-6.198594],[106.822991,-6.198573],[106.82298,-6.198211],[106.822972,-6.198009],[106.822964,-6.197929],[106.822948,-6.197876],[106.822894,-6.197805]]}},{"type":"Feature","properties":{"nama":null,"jenis":"trotoar","sumber":"OSM","atribut":{},"layer_id":"inklusivitas"},"geometry":{"type":"LineString","coordinates":[[106.822558,-6.199601],[106.822785,-6.199601],[106.822858,-6.199593],[106.822943,-6.199584],[106.82296,-6.199575]]}},{"type":"Feature","properties":{"nama":null,"jenis":"trotoar","sumber":"OSM","atribut":{},"layer_id":"inklusivitas"},"geometry":{"type":"LineString","coordinates":[[106.822892,-6.19756],[106.822907,-6.197548],[106.822919,-6.197535],[106.822928,-6.197521],[106.822936,-6.197506],[106.822941,-6.19749],[106.822945,-6.197469],[106.822944,-6.197404],[106.822938,-6.197068],[106.822883,-6.196],[106.822883,-6.195781],[106.822873,-6.195733],[106.822857,-6.195699]]}},{"type":"Feature","properties":{"nama":null,"jenis":"trotoar","sumber":"OSM","atribut":{},"layer_id":"inklusivitas"},"geometry":{"type":"LineString","coordinates":[[106.822857,-6.195699],[106.822838,-6.19567],[106.822814,-6.195641],[106.822604,-6.195489],[106.822555,-6.19544],[106.822522,-6.19538],[106.8225,-6.195345],[106.822476,-6.195308],[106.822457,-6.195266],[106.822442,-6.195223],[106.822424,-6.195165],[106.822406,-6.195098],[106.822397,-6.195003],[106.822393,-6.194937],[106.822398,-6.194892],[106.822403,-6.194849],[106.822415,-6.194675]]}},{"type":"Feature","properties":{"nama":null,"jenis":"trotoar","sumber":"OSM","atribut":{},"layer_id":"inklusivitas"},"geometry":{"type":"LineString","coordinates":[[106.823424,-6.198537],[106.823378,-6.198544],[106.823356,-6.198572],[106.82335,-6.198603],[106.823351,-6.198685],[106.823355,-6.198789],[106.823371,-6.199526],[106.823376,-6.19957],[106.823394,-6.199598],[106.823418,-6.19962],[106.823451,-6.199635]]}},{"type":"Feature","properties":{"nama":null,"jenis":"trotoar","sumber":"OSM","atribut":{},"layer_id":"inklusivitas"},"geometry":{"type":"LineString","coordinates":[[106.823447,-6.197911],[106.82344,-6.198329]]}},{"type":"Feature","properties":{"nama":null,"jenis":"trotoar","sumber":"OSM","atribut":{},"layer_id":"inklusivitas"},"geometry":{"type":"LineString","coordinates":[[106.8233,-6.195691],[106.823292,-6.195793],[106.8233,-6.196295],[106.8233,-6.196331],[106.823301,-6.196375],[106.823304,-6.19654],[106.823321,-6.197579]]}},{"type":"Feature","properties":{"nama":null,"jenis":"trotoar","sumber":"OSM","atribut":{},"layer_id":"inklusivitas"},"geometry":{"type":"LineString","coordinates":[[106.8233,-6.195691],[106.823313,-6.195649],[106.823351,-6.195598],[106.823512,-6.195466],[106.823555,-6.195451],[106.82361,-6.195451],[106.823669,-6.195474],[106.823816,-6.195633]]}},{"type":"Feature","properties":{"nama":null,"jenis":"trotoar","sumber":"OSM","atribut":{},"layer_id":"inklusivitas"},"geometry":{"type":"LineString","coordinates":[[106.823451,-6.199635],[106.823485,-6.199635],[106.823538,-6.199624],[106.823586,-6.199578]]}},{"type":"Feature","properties":{"nama":null,"jenis":"trotoar","sumber":"OSM","atribut":{},"layer_id":"inklusivitas"},"geometry":{"type":"LineString","coordinates":[[106.828718,-6.197026],[106.828728,-6.19697],[106.828758,-6.196758],[106.828817,-6.19642],[106.828827,-6.196367],[106.828847,-6.196254],[106.828896,-6.195959],[106.828937,-6.195699],[106.828964,-6.195497],[106.828968,-6.195466],[106.829,-6.19547]]}},{"type":"Feature","properties":{"nama":null,"jenis":"trotoar","sumber":"OSM","atribut":{},"layer_id":"inklusivitas"},"geometry":{"type":"LineString","coordinates":[[106.829,-6.19547],[106.829515,-6.195543],[106.829987,-6.195605],[106.830237,-6.195638],[106.830266,-6.195642],[106.830394,-6.19566]]}},{"type":"Feature","properties":{"nama":null,"jenis":"trotoar","sumber":"OSM","atribut":{},"layer_id":"inklusivitas"},"geometry":{"type":"LineString","coordinates":[[106.79763,-6.232813],[106.797633,-6.232871],[106.797645,-6.232896],[106.797671,-6.232919],[106.797697,-6.232932],[106.797743,-6.232943],[106.798215,-6.232942],[106.798246,-6.232939],[106.798258,-6.232933],[106.798267,-6.232928],[106.798281,-6.232914],[106.798291,-6.232882],[106.798293,-6.232783],[106.798299,-6.232315],[106.7983,-6.232222],[106.798306,-6.232109],[106.798315,-6.231929],[106.798333,-6.231723],[106.798351,-6.231598],[106.798367,-6.231478],[106.798428,-6.231165],[106.79851,-6.230856],[106.798609,-6.230547],[106.798717,-6.230282],[106.798731,-6.23025],[106.798847,-6.229985],[106.798996,-6.229655],[106.799028,-6.229558],[106.799055,-6.229344],[106.799043,-6.229243],[106.799011,-6.229166],[106.79899,-6.229114],[106.79889,-6.229006],[106.798811,-6.22895],[106.798693,-6.228922],[106.798558,-6.228909]]}},{"type":"Feature","properties":{"nama":null,"jenis":"trotoar","sumber":"OSM","atribut":{},"layer_id":"inklusivitas"},"geometry":{"type":"LineString","coordinates":[[106.82894,-6.173185],[106.829027,-6.173244]]}},{"type":"Feature","properties":{"nama":null,"jenis":"trotoar","sumber":"OSM","atribut":{},"layer_id":"inklusivitas"},"geometry":{"type":"LineString","coordinates":[[106.79911,-6.214091],[106.799595,-6.213962],[106.799824,-6.213902],[106.800493,-6.213733],[106.801034,-6.213597],[106.801311,-6.213524],[106.801856,-6.213398],[106.802116,-6.213336],[106.802293,-6.213295],[106.802392,-6.213272],[106.80242,-6.213284],[106.802457,-6.213299],[106.802511,-6.213303],[106.802586,-6.213286],[106.802676,-6.213265],[106.802723,-6.213255],[106.802757,-6.213248],[106.802787,-6.213241],[106.802903,-6.213215],[106.803633,-6.213036],[106.803866,-6.212981],[106.804533,-6.212823],[106.804575,-6.212813]]}},{"type":"Feature","properties":{"nama":null,"jenis":"trotoar","sumber":"OSM","atribut":{},"layer_id":"inklusivitas"},"geometry":{"type":"LineString","coordinates":[[106.843047,-6.17762],[106.843025,-6.177634],[106.842962,-6.177676],[106.842568,-6.177866],[106.842471,-6.177899],[106.842407,-6.177901],[106.842347,-6.177882],[106.842308,-6.177853],[106.842282,-6.177829],[106.84225,-6.17778],[106.842209,-6.177699],[106.84219,-6.177638]]}},{"type":"Feature","properties":{"nama":null,"jenis":"trotoar","sumber":"OSM","atribut":{},"layer_id":"inklusivitas"},"geometry":{"type":"LineString","coordinates":[[106.802069,-6.213751],[106.802059,-6.213713],[106.802054,-6.213694]]}},{"type":"Feature","properties":{"nama":null,"jenis":"trotoar","sumber":"OSM","atribut":{},"layer_id":"inklusivitas"},"geometry":{"type":"LineString","coordinates":[[106.798251,-6.21565],[106.798246,-6.215584],[106.79824,-6.215508],[106.798251,-6.215459]]}},{"type":"Feature","properties":{"nama":null,"jenis":"trotoar","sumber":"OSM","atribut":{},"layer_id":"inklusivitas"},"geometry":{"type":"LineString","coordinates":[[106.802558,-6.214055],[106.802558,-6.214129],[106.802544,-6.215466],[106.802462,-6.215509],[106.802458,-6.215568]]}},{"type":"Feature","properties":{"nama":null,"jenis":"trotoar","sumber":"OSM","atribut":{},"layer_id":"inklusivitas"},"geometry":{"type":"LineString","coordinates":[[106.838244,-6.174348],[106.838513,-6.174651],[106.838622,-6.174773],[106.838903,-6.175089]]}},{"type":"Feature","properties":{"nama":null,"jenis":"trotoar","sumber":"OSM","atribut":{},"layer_id":"inklusivitas"},"geometry":{"type":"LineString","coordinates":[[106.811809,-6.219751],[106.811431,-6.220035],[106.81122,-6.220196],[106.810806,-6.220523],[106.810324,-6.220878],[106.810155,-6.22099],[106.810146,-6.220976],[106.810249,-6.220871],[106.810371,-6.220732],[106.810445,-6.220627],[106.810511,-6.220516],[106.810611,-6.220268],[106.81095,-6.219288],[106.810973,-6.21922],[106.810995,-6.219153],[106.811003,-6.219134],[106.811033,-6.219131],[106.811089,-6.219144]]}},{"type":"Feature","properties":{"nama":null,"jenis":"trotoar","sumber":"OSM","atribut":{},"layer_id":"inklusivitas"},"geometry":{"type":"LineString","coordinates":[[106.811159,-6.218075],[106.811399,-6.218454],[106.81156,-6.218687],[106.811698,-6.218897]]}},{"type":"Feature","properties":{"nama":null,"jenis":"trotoar","sumber":"OSM","atribut":{},"layer_id":"inklusivitas"},"geometry":{"type":"LineString","coordinates":[[106.811136,-6.218761],[106.81117,-6.21861],[106.811182,-6.218477],[106.811182,-6.218286],[106.811164,-6.218127],[106.811159,-6.218075]]}},{"type":"Feature","properties":{"nama":null,"jenis":"trotoar","sumber":"OSM","atribut":{},"layer_id":"inklusivitas"},"geometry":{"type":"LineString","coordinates":[[106.833147,-6.166839],[106.833105,-6.166758]]}},{"type":"Feature","properties":{"nama":null,"jenis":"trotoar","sumber":"OSM","atribut":{},"layer_id":"inklusivitas"},"geometry":{"type":"LineString","coordinates":[[106.838903,-6.175089],[106.838957,-6.175149]]}},{"type":"Feature","properties":{"nama":null,"jenis":"trotoar","sumber":"OSM","atribut":{},"layer_id":"inklusivitas"},"geometry":{"type":"LineString","coordinates":[[106.822674,-6.175661],[106.822738,-6.175662]]}},{"type":"Feature","properties":{"nama":null,"jenis":"trotoar","sumber":"OSM","atribut":{},"layer_id":"inklusivitas"},"geometry":{"type":"LineString","coordinates":[[106.833147,-6.166839],[106.833179,-6.166901],[106.833197,-6.166891],[106.833977,-6.166463],[106.834351,-6.166294],[106.834505,-6.166226],[106.834592,-6.166214],[106.834722,-6.16622],[106.834816,-6.166265],[106.834947,-6.16639],[106.835053,-6.166575],[106.835075,-6.166621],[106.835182,-6.166862]]}},{"type":"Feature","properties":{"nama":null,"jenis":"trotoar","sumber":"OSM","atribut":{},"layer_id":"inklusivitas"},"geometry":{"type":"LineString","coordinates":[[106.824206,-6.18715],[106.824166,-6.18715],[106.82413,-6.18715],[106.82406,-6.187149],[106.823682,-6.187146],[106.823396,-6.187145],[106.823336,-6.187187],[106.823265,-6.187238],[106.823255,-6.187276],[106.823239,-6.187761],[106.823225,-6.187776],[106.823221,-6.187894],[106.823219,-6.187939],[106.8232,-6.188394],[106.823214,-6.188417],[106.823258,-6.188449],[106.823659,-6.188442],[106.82445,-6.188429],[106.82447,-6.188429],[106.824546,-6.188427],[106.824588,-6.188427],[106.825001,-6.18842]]}},{"type":"Feature","properties":{"nama":null,"jenis":"trotoar","sumber":"OSM","atribut":{},"layer_id":"inklusivitas"},"geometry":{"type":"LineString","coordinates":[[106.823312,-6.187134],[106.823336,-6.187187]]}},{"type":"Feature","properties":{"nama":null,"jenis":"trotoar","sumber":"OSM","atribut":{},"layer_id":"inklusivitas"},"geometry":{"type":"LineString","coordinates":[[106.833179,-6.166901],[106.832894,-6.167055],[106.832554,-6.167248],[106.83234,-6.16737],[106.832151,-6.167495],[106.83207,-6.167586],[106.83202,-6.167694],[106.832046,-6.167843],[106.832153,-6.168106],[106.832196,-6.168228],[106.832264,-6.16833],[106.8323,-6.168392],[106.832327,-6.168437],[106.832387,-6.168586],[106.832428,-6.168686],[106.832468,-6.168784],[106.832543,-6.168948],[106.832665,-6.169212],[106.832722,-6.169336],[106.832787,-6.169473],[106.832831,-6.169553],[106.832855,-6.169596],[106.83295,-6.169646],[106.833032,-6.169642],[106.833287,-6.16952],[106.833733,-6.169299],[106.833924,-6.169205],[106.834385,-6.168977],[106.834443,-6.16895],[106.834554,-6.168898],[106.834756,-6.168804],[106.834788,-6.168788],[106.835095,-6.168631],[106.835576,-6.168375],[106.835663,-6.168288],[106.835686,-6.168212],[106.835685,-6.16813],[106.835554,-6.167814],[106.835406,-6.167429],[106.835354,-6.167302],[106.835282,-6.167124],[106.835182,-6.166862]]}},{"type":"Feature","properties":{"nama":null,"jenis":"trotoar","sumber":"OSM","atribut":{},"layer_id":"inklusivitas"},"geometry":{"type":"LineString","coordinates":[[106.815777,-6.201212],[106.815799,-6.201264],[106.815836,-6.201297],[106.815882,-6.201315],[106.816801,-6.201517],[106.817928,-6.201764],[106.820514,-6.202354]]}},{"type":"Feature","properties":{"nama":null,"jenis":"trotoar","sumber":"OSM","atribut":{},"layer_id":"inklusivitas"},"geometry":{"type":"LineString","coordinates":[[106.8161,-6.201599],[106.816069,-6.201613],[106.816033,-6.201643],[106.81599,-6.201688],[106.81597,-6.201739],[106.815956,-6.201799]]}},{"type":"Feature","properties":{"nama":null,"jenis":"trotoar","sumber":"OSM","atribut":{},"layer_id":"inklusivitas"},"geometry":{"type":"LineString","coordinates":[[106.815682,-6.2009],[106.815777,-6.201212]]}},{"type":"Feature","properties":{"nama":null,"jenis":"trotoar","sumber":"OSM","atribut":{},"layer_id":"inklusivitas"},"geometry":{"type":"LineString","coordinates":[[106.815669,-6.20085],[106.815682,-6.2009]]}},{"type":"Feature","properties":{"nama":null,"jenis":"trotoar","sumber":"OSM","atribut":{},"layer_id":"inklusivitas"},"geometry":{"type":"LineString","coordinates":[[106.815032,-6.201357],[106.81524,-6.201406],[106.815318,-6.20145],[106.815393,-6.20153],[106.815425,-6.201584],[106.815472,-6.201697],[106.815515,-6.201823]]}},{"type":"Feature","properties":{"nama":null,"jenis":"trotoar","sumber":"OSM","atribut":{},"layer_id":"inklusivitas"},"geometry":{"type":"LineString","coordinates":[[106.815323,-6.201122],[106.815213,-6.200763]]}},{"type":"Feature","properties":{"nama":null,"jenis":"trotoar","sumber":"OSM","atribut":{},"layer_id":"inklusivitas"},"geometry":{"type":"LineString","coordinates":[[106.815109,-6.201109],[106.815278,-6.201151],[106.815311,-6.201153],[106.815326,-6.20114],[106.815323,-6.201122]]}},{"type":"Feature","properties":{"nama":"Claster C","jenis":"trotoar","sumber":"OSM","atribut":{},"layer_id":"inklusivitas"},"geometry":{"type":"LineString","coordinates":[[106.961055,-6.098409],[106.961249,-6.098997],[106.961359,-6.099185],[106.961409,-6.099202],[106.961471,-6.099293],[106.961532,-6.099431],[106.961591,-6.099594],[106.961618,-6.099681],[106.961797,-6.099619],[106.962105,-6.099523],[106.96216,-6.099481],[106.962196,-6.099399],[106.962197,-6.099157],[106.962195,-6.099026],[106.962183,-6.098332],[106.962135,-6.097626],[106.961572,-6.097848],[106.961672,-6.098179],[106.961055,-6.098409]]}},{"type":"Feature","properties":{"nama":null,"jenis":"trotoar","sumber":"OSM","atribut":{},"layer_id":"inklusivitas"},"geometry":{"type":"LineString","coordinates":[[106.894542,-6.175869],[106.894469,-6.175885],[106.894341,-6.175894],[106.894281,-6.175877],[106.894217,-6.175852]]}},{"type":"Feature","properties":{"nama":null,"jenis":"trotoar","sumber":"OSM","atribut":{},"layer_id":"inklusivitas"},"geometry":{"type":"LineString","coordinates":[[106.906434,-6.158912],[106.906493,-6.158941],[106.906511,-6.158953],[106.906519,-6.158962],[106.906519,-6.158975],[106.906508,-6.158992],[106.906242,-6.159415],[106.906234,-6.159428],[106.906227,-6.159439],[106.906037,-6.159742],[106.906023,-6.159764],[106.90586,-6.160022],[106.905815,-6.160094],[106.905806,-6.160129],[106.905801,-6.160215],[106.905808,-6.160344],[106.905859,-6.160482],[106.905893,-6.160545],[106.905989,-6.160611],[106.906856,-6.161177]]}},{"type":"Feature","properties":{"nama":null,"jenis":"trotoar","sumber":"OSM","atribut":{},"layer_id":"inklusivitas"},"geometry":{"type":"LineString","coordinates":[[106.90549,-6.15994],[106.905536,-6.159914],[106.905561,-6.159883],[106.905587,-6.159842],[106.905723,-6.15962],[106.905729,-6.159611],[106.905781,-6.159526],[106.905801,-6.159493],[106.906129,-6.15896],[106.906224,-6.158799]]}},{"type":"Feature","properties":{"nama":null,"jenis":"trotoar","sumber":"OSM","atribut":{},"layer_id":"inklusivitas"},"geometry":{"type":"LineString","coordinates":[[106.900652,-6.168873],[106.900659,-6.168861],[106.900661,-6.168857],[106.900657,-6.168851],[106.900432,-6.168709],[106.900418,-6.168708],[106.90041,-6.168713],[106.900379,-6.168763],[106.900356,-6.168802]]}},{"type":"Feature","properties":{"nama":null,"jenis":"trotoar","sumber":"OSM","atribut":{},"layer_id":"inklusivitas"},"geometry":{"type":"LineString","coordinates":[[106.899792,-6.168328],[106.8998,-6.168315],[106.899805,-6.168312],[106.899813,-6.168311],[106.900111,-6.168513],[106.9002,-6.168573]]}},{"type":"Feature","properties":{"nama":null,"jenis":"trotoar","sumber":"OSM","atribut":{},"layer_id":"inklusivitas"},"geometry":{"type":"LineString","coordinates":[[106.792121,-6.176125],[106.79234,-6.175883],[106.792369,-6.175908],[106.792488,-6.175773],[106.792727,-6.175516],[106.792801,-6.175429]]}},{"type":"Feature","properties":{"nama":null,"jenis":"trotoar","sumber":"OSM","atribut":{},"layer_id":"inklusivitas"},"geometry":{"type":"LineString","coordinates":[[106.79219,-6.176227],[106.792145,-6.176277],[106.792183,-6.176311],[106.792069,-6.176464]]}},{"type":"Feature","properties":{"nama":null,"jenis":"trotoar","sumber":"OSM","atribut":{},"layer_id":"inklusivitas"},"geometry":{"type":"LineString","coordinates":[[106.797359,-6.190294],[106.797397,-6.190292]]}},{"type":"Feature","properties":{"nama":null,"jenis":"trotoar","sumber":"OSM","atribut":{},"layer_id":"inklusivitas"},"geometry":{"type":"LineString","coordinates":[[106.797391,-6.190164],[106.797267,-6.190166],[106.796984,-6.190174],[106.79684,-6.190177]]}},{"type":"Feature","properties":{"nama":null,"jenis":"trotoar","sumber":"OSM","atribut":{},"layer_id":"inklusivitas"},"geometry":{"type":"LineString","coordinates":[[106.786909,-6.1664],[106.786865,-6.166616],[106.786822,-6.166853]]}},{"type":"Feature","properties":{"nama":null,"jenis":"trotoar","sumber":"OSM","atribut":{},"layer_id":"inklusivitas"},"geometry":{"type":"LineString","coordinates":[[106.797187,-6.184847],[106.797077,-6.18485],[106.796809,-6.184861],[106.796661,-6.184868]]}},{"type":"Feature","properties":{"nama":null,"jenis":"trotoar","sumber":"OSM","atribut":{},"layer_id":"inklusivitas"},"geometry":{"type":"LineString","coordinates":[[106.811913,-6.136732],[106.811898,-6.136732],[106.811868,-6.136717],[106.811849,-6.136696],[106.81159,-6.13573],[106.81155,-6.135583]]}},{"type":"Feature","properties":{"nama":null,"jenis":"trotoar","sumber":"OSM","atribut":{},"layer_id":"inklusivitas"},"geometry":{"type":"LineString","coordinates":[[106.797214,-6.184515],[106.797204,-6.184337]]}},{"type":"Feature","properties":{"nama":null,"jenis":"trotoar","sumber":"OSM","atribut":{},"layer_id":"inklusivitas"},"geometry":{"type":"LineString","coordinates":[[106.797214,-6.184515],[106.797156,-6.184516]]}},{"type":"Feature","properties":{"nama":null,"jenis":"trotoar","sumber":"OSM","atribut":{},"layer_id":"inklusivitas"},"geometry":{"type":"LineString","coordinates":[[106.796628,-6.185164],[106.796746,-6.185162]]}},{"type":"Feature","properties":{"nama":null,"jenis":"trotoar","sumber":"OSM","atribut":{},"layer_id":"inklusivitas"},"geometry":{"type":"LineString","coordinates":[[106.79305,-6.175621],[106.79309,-6.175656],[106.79315,-6.17571],[106.793232,-6.175784]]}},{"type":"Feature","properties":{"nama":null,"jenis":"trotoar","sumber":"OSM","atribut":{},"layer_id":"inklusivitas"},"geometry":{"type":"LineString","coordinates":[[106.79312,-6.176573],[106.792698,-6.176187]]}},{"type":"Feature","properties":{"nama":null,"jenis":"trotoar","sumber":"OSM","atribut":{},"layer_id":"inklusivitas"},"geometry":{"type":"LineString","coordinates":[[106.797017,-6.193942],[106.797079,-6.193942]]}},{"type":"Feature","properties":{"nama":null,"jenis":"trotoar","sumber":"OSM","atribut":{},"layer_id":"inklusivitas"},"geometry":{"type":"LineString","coordinates":[[106.796975,-6.193429],[106.797053,-6.193418]]}},{"type":"Feature","properties":{"nama":null,"jenis":"trotoar","sumber":"OSM","atribut":{},"layer_id":"inklusivitas"},"geometry":{"type":"LineString","coordinates":[[106.797559,-6.194075],[106.797519,-6.194085]]}},{"type":"Feature","properties":{"nama":null,"jenis":"trotoar","sumber":"OSM","atribut":{},"layer_id":"inklusivitas"},"geometry":{"type":"LineString","coordinates":[[106.796813,-6.190159],[106.79694,-6.190157]]}},{"type":"Feature","properties":{"nama":null,"jenis":"trotoar","sumber":"OSM","atribut":{},"layer_id":"inklusivitas"},"geometry":{"type":"LineString","coordinates":[[106.781365,-6.202213],[106.781447,-6.202197],[106.782647,-6.202053],[106.782691,-6.202049]]}},{"type":"Feature","properties":{"nama":null,"jenis":"trotoar","sumber":"OSM","atribut":{},"layer_id":"inklusivitas"},"geometry":{"type":"LineString","coordinates":[[106.792698,-6.176187],[106.792607,-6.17611]]}},{"type":"Feature","properties":{"nama":null,"jenis":"trotoar","sumber":"OSM","atribut":{},"layer_id":"inklusivitas"},"geometry":{"type":"LineString","coordinates":[[106.792512,-6.176029],[106.792607,-6.17611]]}},{"type":"Feature","properties":{"nama":null,"jenis":"trotoar","sumber":"OSM","atribut":{},"layer_id":"inklusivitas"},"geometry":{"type":"LineString","coordinates":[[106.793232,-6.175784],[106.793251,-6.175801]]}},{"type":"Feature","properties":{"nama":null,"jenis":"trotoar","sumber":"OSM","atribut":{},"layer_id":"inklusivitas"},"geometry":{"type":"LineString","coordinates":[[106.792801,-6.175429],[106.792815,-6.175413]]}},{"type":"Feature","properties":{"nama":null,"jenis":"trotoar","sumber":"OSM","atribut":{},"layer_id":"inklusivitas"},"geometry":{"type":"LineString","coordinates":[[106.7921,-6.176149],[106.792121,-6.176125]]}},{"type":"Feature","properties":{"nama":null,"jenis":"trotoar","sumber":"OSM","atribut":{},"layer_id":"inklusivitas"},"geometry":{"type":"LineString","coordinates":[[106.815076,-6.143874],[106.815021,-6.143553]]}},{"type":"Feature","properties":{"nama":null,"jenis":"trotoar","sumber":"OSM","atribut":{},"layer_id":"inklusivitas"},"geometry":{"type":"LineString","coordinates":[[106.812776,-6.138762],[106.813605,-6.138495],[106.813671,-6.138445],[106.813677,-6.138413],[106.81368,-6.138387],[106.81366,-6.138326]]}},{"type":"Feature","properties":{"nama":null,"jenis":"trotoar","sumber":"OSM","atribut":{},"layer_id":"inklusivitas"},"geometry":{"type":"LineString","coordinates":[[106.812292,-6.136686],[106.812264,-6.13668],[106.812247,-6.136672],[106.812236,-6.136659],[106.812229,-6.136641],[106.812222,-6.136615]]}},{"type":"Feature","properties":{"nama":null,"jenis":"trotoar","sumber":"OSM","atribut":{},"layer_id":"inklusivitas"},"geometry":{"type":"LineString","coordinates":[[106.813476,-6.137244],[106.813286,-6.136603],[106.813257,-6.136532],[106.813212,-6.13649],[106.813187,-6.136472]]}},{"type":"Feature","properties":{"nama":null,"jenis":"trotoar","sumber":"OSM","atribut":{},"layer_id":"inklusivitas"},"geometry":{"type":"LineString","coordinates":[[106.815021,-6.143553],[106.814971,-6.143498],[106.81496,-6.143429],[106.814919,-6.143306],[106.814903,-6.143248],[106.814897,-6.143228],[106.814891,-6.143205],[106.814875,-6.143149],[106.814784,-6.142871],[106.814774,-6.142841],[106.814756,-6.142789],[106.814752,-6.14278],[106.814724,-6.142719],[106.814681,-6.142675],[106.814666,-6.142661],[106.814596,-6.142591],[106.814495,-6.142503],[106.814439,-6.142459],[106.814354,-6.142391],[106.814139,-6.142241],[106.81407,-6.142185],[106.814029,-6.142152],[106.814001,-6.142129],[106.813955,-6.142092],[106.813887,-6.142033],[106.813883,-6.142029],[106.813805,-6.141961],[106.813679,-6.141865],[106.813617,-6.141832],[106.81358,-6.141812],[106.813383,-6.141692],[106.813239,-6.141619],[106.813051,-6.141521],[106.812633,-6.141309],[106.81259,-6.141288],[106.81244,-6.141214],[106.812348,-6.14117],[106.812288,-6.141142]]}},{"type":"Feature","properties":{"nama":null,"jenis":"trotoar","sumber":"OSM","atribut":{},"layer_id":"inklusivitas"},"geometry":{"type":"LineString","coordinates":[[106.797463,-6.193545],[106.797503,-6.193544]]}},{"type":"Feature","properties":{"nama":null,"jenis":"trotoar","sumber":"OSM","atribut":{},"layer_id":"inklusivitas"},"geometry":{"type":"LineString","coordinates":[[106.796808,-6.184841],[106.796809,-6.184861]]}},{"type":"Feature","properties":{"nama":null,"jenis":"trotoar","sumber":"OSM","atribut":{},"layer_id":"inklusivitas"},"geometry":{"type":"LineString","coordinates":[[106.806338,-6.189019],[106.806337,-6.188959]]}},{"type":"Feature","properties":{"nama":null,"jenis":"trotoar","sumber":"OSM","atribut":{},"layer_id":"inklusivitas"},"geometry":{"type":"LineString","coordinates":[[106.806337,-6.189163],[106.806337,-6.189095]]}},{"type":"Feature","properties":{"nama":null,"jenis":"trotoar","sumber":"OSM","atribut":{},"layer_id":"inklusivitas"},"geometry":{"type":"LineString","coordinates":[[106.813187,-6.136472],[106.813134,-6.136468],[106.81308,-6.136475],[106.812337,-6.136687],[106.812292,-6.136686]]}},{"type":"Feature","properties":{"nama":"Jalan Kali Besar Timur","jenis":"trotoar","sumber":"OSM","atribut":{},"layer_id":"inklusivitas"},"geometry":{"type":"LineString","coordinates":[[106.81155,-6.135583],[106.811533,-6.135514],[106.811523,-6.135475],[106.81135,-6.134815],[106.811208,-6.134247]]}},{"type":"Feature","properties":{"nama":null,"jenis":"trotoar","sumber":"OSM","atribut":{},"layer_id":"inklusivitas"},"geometry":{"type":"LineString","coordinates":[[106.797219,-6.184846],[106.797187,-6.184847]]}},{"type":"Feature","properties":{"nama":null,"jenis":"trotoar","sumber":"OSM","atribut":{},"layer_id":"inklusivitas"},"geometry":{"type":"LineString","coordinates":[[106.796661,-6.184868],[106.79662,-6.184869]]}},{"type":"Feature","properties":{"nama":null,"jenis":"trotoar","sumber":"OSM","atribut":{},"layer_id":"inklusivitas"},"geometry":{"type":"LineString","coordinates":[[106.815207,-6.135452],[106.81527,-6.135436]]}},{"type":"Feature","properties":{"nama":null,"jenis":"trotoar","sumber":"OSM","atribut":{},"layer_id":"inklusivitas"},"geometry":{"type":"LineString","coordinates":[[106.85955,-6.242831],[106.859312,-6.242838],[106.859145,-6.242843]]}},{"type":"Feature","properties":{"nama":null,"jenis":"trotoar","sumber":"OSM","atribut":{},"layer_id":"inklusivitas"},"geometry":{"type":"LineString","coordinates":[[106.858905,-6.243494],[106.858904,-6.243468],[106.85857,-6.243468],[106.858368,-6.243468]]}},{"type":"Feature","properties":{"nama":null,"jenis":"trotoar","sumber":"OSM","atribut":{},"layer_id":"inklusivitas"},"geometry":{"type":"LineString","coordinates":[[106.858368,-6.243468],[106.858128,-6.243467],[106.857771,-6.243458]]}},{"type":"Feature","properties":{"nama":"Jalan Pattimura","jenis":"trotoar","sumber":"OSM","atribut":{},"layer_id":"inklusivitas"},"geometry":{"type":"LineString","coordinates":[[106.800757,-6.23254],[106.80075,-6.232789],[106.800743,-6.233028]]}},{"type":"Feature","properties":{"nama":null,"jenis":"trotoar","sumber":"OSM","atribut":{},"layer_id":"inklusivitas"},"geometry":{"type":"LineString","coordinates":[[106.825177,-6.225246],[106.825216,-6.225167],[106.825389,-6.225151],[106.825486,-6.225149],[106.825721,-6.225135],[106.825795,-6.225086],[106.825792,-6.224972],[106.82579,-6.224921],[106.825744,-6.224642],[106.825643,-6.224197],[106.825319,-6.22409],[106.825263,-6.224071],[106.824883,-6.223962],[106.824583,-6.223867]]}},{"type":"Feature","properties":{"nama":null,"jenis":"trotoar","sumber":"OSM","atribut":{},"layer_id":"inklusivitas"},"geometry":{"type":"LineString","coordinates":[[106.82621,-6.22398],[106.826248,-6.22403],[106.826585,-6.224134],[106.827007,-6.224255],[106.827517,-6.224412],[106.827722,-6.224481],[106.827779,-6.2245],[106.82793,-6.224549],[106.828028,-6.22458],[106.828063,-6.224592],[106.828146,-6.224619],[106.828186,-6.224632],[106.828321,-6.224678],[106.828395,-6.224702],[106.828649,-6.224782],[106.828904,-6.224863],[106.828924,-6.224881],[106.82894,-6.224886],[106.829461,-6.225034],[106.829777,-6.225123],[106.830276,-6.225263]]}},{"type":"Feature","properties":{"nama":null,"jenis":"trotoar","sumber":"OSM","atribut":{},"layer_id":"inklusivitas"},"geometry":{"type":"LineString","coordinates":[[106.827395,-6.226699],[106.827208,-6.226652],[106.827191,-6.226648],[106.826928,-6.226593],[106.826735,-6.226576],[106.826554,-6.226598],[106.82636,-6.226622],[106.826154,-6.226647],[106.826079,-6.226642],[106.826015,-6.226573],[106.825991,-6.225624],[106.826065,-6.225611],[106.826113,-6.225545],[106.826087,-6.225428],[106.825976,-6.225412],[106.825978,-6.22519],[106.826005,-6.225131],[106.826047,-6.225045],[106.826399,-6.224658],[106.826604,-6.2245],[106.826752,-6.224546],[106.826899,-6.224595],[106.827064,-6.224647],[106.827918,-6.224923],[106.828281,-6.225041],[106.82843,-6.225088],[106.829366,-6.225353]]}},{"type":"Feature","properties":{"nama":null,"jenis":"trotoar","sumber":"OSM","atribut":{},"layer_id":"inklusivitas"},"geometry":{"type":"LineString","coordinates":[[106.830129,-6.232782],[106.829524,-6.232351],[106.82876,-6.231807],[106.828671,-6.231808],[106.828405,-6.232111]]}},{"type":"Feature","properties":{"nama":null,"jenis":"trotoar","sumber":"OSM","atribut":{},"layer_id":"inklusivitas"},"geometry":{"type":"LineString","coordinates":[[106.828542,-6.231698],[106.828541,-6.231653],[106.828378,-6.231491],[106.828236,-6.231351],[106.827953,-6.231047],[106.827715,-6.230801],[106.827576,-6.230623],[106.827118,-6.229972],[106.827071,-6.229936],[106.826999,-6.229916],[106.826616,-6.229991],[106.826459,-6.229991],[106.82617,-6.229931],[106.825941,-6.229799],[106.825783,-6.229676],[106.825768,-6.229656],[106.825559,-6.22934],[106.825541,-6.229312],[106.825497,-6.229204],[106.825457,-6.229058],[106.825435,-6.228939],[106.825387,-6.228889],[106.825214,-6.228887],[106.824948,-6.22888],[106.824866,-6.228878],[106.824536,-6.228877],[106.824514,-6.228905],[106.824527,-6.229024],[106.824536,-6.22912],[106.82456,-6.229267],[106.82457,-6.229324],[106.82464,-6.22962],[106.824709,-6.229804],[106.824729,-6.229857],[106.824874,-6.23007],[106.825051,-6.230247],[106.825146,-6.230336],[106.825304,-6.230466],[106.825695,-6.230705]]}},{"type":"Feature","properties":{"nama":null,"jenis":"trotoar","sumber":"OSM","atribut":{},"layer_id":"inklusivitas"},"geometry":{"type":"LineString","coordinates":[[106.82215,-6.223],[106.822051,-6.22293],[106.821971,-6.222872],[106.821604,-6.222614],[106.821227,-6.222298],[106.821036,-6.222069],[106.820864,-6.22186],[106.820786,-6.221756],[106.820714,-6.221594],[106.820688,-6.221507],[106.820675,-6.221472],[106.820634,-6.221368],[106.820624,-6.22134],[106.820558,-6.221171],[106.820488,-6.220991],[106.82043,-6.2209],[106.820379,-6.220805],[106.820181,-6.220432],[106.819952,-6.220028],[106.819731,-6.219619],[106.819659,-6.219479],[106.819582,-6.21925],[106.819566,-6.219169],[106.819442,-6.218647],[106.819427,-6.21859],[106.819292,-6.218122],[106.81927,-6.218048],[106.819202,-6.217819],[106.819129,-6.217597],[106.819082,-6.217455],[106.819052,-6.217372],[106.819033,-6.217319],[106.818761,-6.216648],[106.818741,-6.216601],[106.818574,-6.216183],[106.818534,-6.216105],[106.818413,-6.215743],[106.818316,-6.215425],[106.818263,-6.215322],[106.818173,-6.21526]]}},{"type":"Feature","properties":{"nama":null,"jenis":"trotoar","sumber":"OSM","atribut":{},"layer_id":"inklusivitas"},"geometry":{"type":"LineString","coordinates":[[106.84556,-6.259627],[106.845565,-6.259214]]}},{"type":"Feature","properties":{"nama":null,"jenis":"trotoar","sumber":"OSM","atribut":{},"layer_id":"inklusivitas"},"geometry":{"type":"LineString","coordinates":[[106.810683,-6.221133],[106.810475,-6.221297],[106.810323,-6.221406],[106.810109,-6.221556],[106.810081,-6.221574],[106.809991,-6.221643],[106.809734,-6.221855],[106.809501,-6.222047],[106.809509,-6.222092],[106.809344,-6.22223],[106.809311,-6.222271],[106.809301,-6.222323],[106.809196,-6.222318],[106.809041,-6.222437],[106.808864,-6.222557],[106.808848,-6.222602],[106.808829,-6.222674],[106.808741,-6.22266],[106.808648,-6.222675],[106.808594,-6.222695],[106.808529,-6.222735],[106.808476,-6.222768],[106.808042,-6.223048],[106.807765,-6.223227],[106.80765,-6.223299],[106.807512,-6.223426],[106.807423,-6.223481],[106.807293,-6.223562],[106.806883,-6.223809],[106.806839,-6.223839],[106.806652,-6.223961],[106.806399,-6.224128],[106.806312,-6.224189],[106.806129,-6.224321],[106.806109,-6.224333],[106.806097,-6.224318],[106.805991,-6.224396],[106.805955,-6.224423],[106.805678,-6.224636],[106.80569,-6.224652],[106.805435,-6.224836],[106.805357,-6.224894],[106.805267,-6.224963]]}},{"type":"Feature","properties":{"nama":null,"jenis":"trotoar","sumber":"OSM","atribut":{},"layer_id":"inklusivitas"},"geometry":{"type":"LineString","coordinates":[[106.835452,-6.216981],[106.835695,-6.216336],[106.835671,-6.216266],[106.835578,-6.216224]]}},{"type":"Feature","properties":{"nama":null,"jenis":"trotoar","sumber":"OSM","atribut":{},"layer_id":"inklusivitas"},"geometry":{"type":"LineString","coordinates":[[106.771023,-6.289442],[106.771023,-6.289845]]}},{"type":"Feature","properties":{"nama":null,"jenis":"trotoar","sumber":"OSM","atribut":{},"layer_id":"inklusivitas"},"geometry":{"type":"LineString","coordinates":[[106.858433,-6.242867],[106.858115,-6.242881],[106.858029,-6.242884],[106.857691,-6.242894],[106.857359,-6.242891]]}},{"type":"Feature","properties":{"nama":null,"jenis":"trotoar","sumber":"OSM","atribut":{},"layer_id":"inklusivitas"},"geometry":{"type":"LineString","coordinates":[[106.858858,-6.242854],[106.858433,-6.242867]]}},{"type":"Feature","properties":{"nama":null,"jenis":"trotoar","sumber":"OSM","atribut":{},"layer_id":"inklusivitas"},"geometry":{"type":"LineString","coordinates":[[106.858583,-6.242052],[106.858584,-6.242148],[106.858591,-6.242405],[106.858591,-6.242609],[106.858586,-6.242643],[106.858584,-6.242657],[106.858582,-6.242667],[106.858576,-6.242681],[106.858557,-6.242714],[106.858539,-6.242742],[106.858532,-6.242752],[106.858522,-6.242779],[106.858516,-6.242806],[106.858503,-6.242807]]}},{"type":"Feature","properties":{"nama":null,"jenis":"trotoar","sumber":"OSM","atribut":{},"layer_id":"inklusivitas"},"geometry":{"type":"LineString","coordinates":[[106.858586,-6.242643],[106.8586,-6.242645]]}},{"type":"Feature","properties":{"nama":null,"jenis":"trotoar","sumber":"OSM","atribut":{},"layer_id":"inklusivitas"},"geometry":{"type":"LineString","coordinates":[[106.858557,-6.242714],[106.858561,-6.242717],[106.858564,-6.242719],[106.858548,-6.242742]]}},{"type":"Feature","properties":{"nama":null,"jenis":"trotoar","sumber":"OSM","atribut":{},"layer_id":"inklusivitas"},"geometry":{"type":"LineString","coordinates":[[106.858429,-6.24281],[106.858417,-6.242798],[106.858399,-6.242789],[106.858365,-6.242784],[106.858288,-6.242785],[106.858128,-6.242798],[106.857947,-6.242805],[106.857729,-6.242813],[106.857425,-6.242835]]}},{"type":"Feature","properties":{"nama":null,"jenis":"trotoar","sumber":"OSM","atribut":{},"layer_id":"inklusivitas"},"geometry":{"type":"LineString","coordinates":[[106.858114,-6.242843],[106.858115,-6.242864]]}},{"type":"Feature","properties":{"nama":null,"jenis":"trotoar","sumber":"OSM","atribut":{},"layer_id":"inklusivitas"},"geometry":{"type":"LineString","coordinates":[[106.858027,-6.242846],[106.858028,-6.242865]]}},{"type":"Feature","properties":{"nama":null,"jenis":"trotoar","sumber":"OSM","atribut":{},"layer_id":"inklusivitas"},"geometry":{"type":"LineString","coordinates":[[106.858115,-6.242864],[106.858115,-6.242881]]}},{"type":"Feature","properties":{"nama":null,"jenis":"trotoar","sumber":"OSM","atribut":{},"layer_id":"inklusivitas"},"geometry":{"type":"LineString","coordinates":[[106.858028,-6.242865],[106.858029,-6.242884]]}},{"type":"Feature","properties":{"nama":null,"jenis":"trotoar","sumber":"OSM","atribut":{},"layer_id":"inklusivitas"},"geometry":{"type":"LineString","coordinates":[[106.783538,-6.239188],[106.78354,-6.239224],[106.7838,-6.239318],[106.783944,-6.239363],[106.784201,-6.239423],[106.784347,-6.239442],[106.784651,-6.23948],[106.784828,-6.239498],[106.784918,-6.239493],[106.785034,-6.239504],[106.785073,-6.239507],[106.785137,-6.239532],[106.78534,-6.239545],[106.785634,-6.239563],[106.785839,-6.239563],[106.786149,-6.239591]]}},{"type":"Feature","properties":{"nama":null,"jenis":"trotoar","sumber":"OSM","atribut":{},"layer_id":"inklusivitas"},"geometry":{"type":"LineString","coordinates":[[106.784683,-6.239205],[106.78481,-6.23923],[106.78487,-6.239238],[106.785027,-6.239262],[106.785102,-6.239275],[106.785157,-6.239284],[106.785181,-6.239287],[106.78542,-6.239293],[106.785855,-6.23929],[106.786008,-6.239272],[106.786123,-6.239216],[106.786216,-6.239155],[106.786327,-6.239054],[106.786421,-6.238903],[106.786476,-6.238732],[106.786566,-6.238248],[106.786556,-6.238176],[106.786585,-6.238048],[106.786587,-6.238038],[106.786546,-6.238006]]}},{"type":"Feature","properties":{"nama":null,"jenis":"trotoar","sumber":"OSM","atribut":{},"layer_id":"inklusivitas"},"geometry":{"type":"LineString","coordinates":[[106.771023,-6.289442],[106.771045,-6.289373],[106.771169,-6.289343],[106.771902,-6.289313],[106.772449,-6.289322],[106.77279,-6.289355],[106.772978,-6.28937],[106.773235,-6.289407],[106.773424,-6.289423],[106.773663,-6.289452],[106.773683,-6.289454],[106.774351,-6.289463],[106.775307,-6.289476],[106.775468,-6.289478],[106.775685,-6.289478],[106.775685,-6.289438],[106.775874,-6.289442],[106.775975,-6.289448],[106.776141,-6.289433],[106.776424,-6.289401],[106.776828,-6.289344],[106.77691,-6.289341],[106.776955,-6.289357],[106.777011,-6.289383],[106.77707,-6.289425],[106.777126,-6.289482],[106.777162,-6.28955],[106.777311,-6.289763],[106.777359,-6.289795]]}},{"type":"Feature","properties":{"nama":null,"jenis":"trotoar","sumber":"OSM","atribut":{},"layer_id":"inklusivitas"},"geometry":{"type":"LineString","coordinates":[[106.816788,-6.216291],[106.81665,-6.216399],[106.816472,-6.216529],[106.815999,-6.216876],[106.81586,-6.216987],[106.815817,-6.21702],[106.815647,-6.217152],[106.815553,-6.217241],[106.815294,-6.217454],[106.815069,-6.217628],[106.814748,-6.217866],[106.814606,-6.217972],[106.814508,-6.218064],[106.814442,-6.21816],[106.814394,-6.218259],[106.814376,-6.21831],[106.81431,-6.218492]]}},{"type":"Feature","properties":{"nama":null,"jenis":"trotoar","sumber":"OSM","atribut":{},"layer_id":"inklusivitas"},"geometry":{"type":"LineString","coordinates":[[106.814268,-6.218662],[106.814243,-6.218846]]}},{"type":"Feature","properties":{"nama":null,"jenis":"trotoar","sumber":"OSM","atribut":{},"layer_id":"inklusivitas"},"geometry":{"type":"LineString","coordinates":[[106.818212,-6.215197],[106.818523,-6.214944]]}},{"type":"Feature","properties":{"nama":null,"jenis":"trotoar","sumber":"OSM","atribut":{},"layer_id":"inklusivitas"},"geometry":{"type":"LineString","coordinates":[[106.818605,-6.214942],[106.818619,-6.214836],[106.818653,-6.214758],[106.818714,-6.214653],[106.818999,-6.214345],[106.819135,-6.214198],[106.819199,-6.214129],[106.8193,-6.214006],[106.819446,-6.213828],[106.819555,-6.213681],[106.819619,-6.213594],[106.819641,-6.213563],[106.819613,-6.213541],[106.819673,-6.213462],[106.819696,-6.213432],[106.819783,-6.2133],[106.819817,-6.213246],[106.819861,-6.213176],[106.819956,-6.213028],[106.81998,-6.213038],[106.820018,-6.212974],[106.820189,-6.212687],[106.820245,-6.212586],[106.820294,-6.212499],[106.820444,-6.212227],[106.820469,-6.212175],[106.820506,-6.212097],[106.820598,-6.211908],[106.820677,-6.211753],[106.820706,-6.211697],[106.820864,-6.211386],[106.820882,-6.211349],[106.821018,-6.211084],[106.821106,-6.210912],[106.82113,-6.21087],[106.821212,-6.210724],[106.821371,-6.210441],[106.821562,-6.210049],[106.821522,-6.210028],[106.821641,-6.209781],[106.821662,-6.209738],[106.821733,-6.209591],[106.821778,-6.209544],[106.821827,-6.209524],[106.821876,-6.209528],[106.821906,-6.209542]]}},{"type":"Feature","properties":{"nama":null,"jenis":"trotoar","sumber":"OSM","atribut":{},"layer_id":"inklusivitas"},"geometry":{"type":"LineString","coordinates":[[106.822008,-6.209292],[106.822047,-6.209409],[106.82208,-6.209469],[106.822374,-6.209823]]}},{"type":"Feature","properties":{"nama":null,"jenis":"trotoar","sumber":"OSM","atribut":{},"layer_id":"inklusivitas"},"geometry":{"type":"LineString","coordinates":[[106.822008,-6.209292],[106.821983,-6.20922],[106.821972,-6.209161],[106.821991,-6.209043],[106.82204,-6.208859],[106.822048,-6.208831],[106.822089,-6.208843],[106.822142,-6.208628],[106.822115,-6.20862],[106.822168,-6.208397],[106.82221,-6.208184],[106.82223,-6.208068],[106.822255,-6.207928],[106.822288,-6.207931],[106.822294,-6.207892],[106.822314,-6.207752],[106.822293,-6.207747],[106.822307,-6.207663],[106.82237,-6.207192],[106.822377,-6.207133],[106.82241,-6.206903],[106.822438,-6.206682],[106.822533,-6.2059],[106.822583,-6.205391],[106.822638,-6.204911],[106.822643,-6.204862],[106.82266,-6.204715]]}},{"type":"Feature","properties":{"nama":null,"jenis":"trotoar","sumber":"OSM","atribut":{},"layer_id":"inklusivitas"},"geometry":{"type":"LineString","coordinates":[[106.822679,-6.204579],[106.822685,-6.204537],[106.822716,-6.204318],[106.822695,-6.204315],[106.822722,-6.204135],[106.822788,-6.203757],[106.822849,-6.203427],[106.822847,-6.203415],[106.822817,-6.203356],[106.822815,-6.203344],[106.822837,-6.20323]]}},{"type":"Feature","properties":{"nama":null,"jenis":"trotoar","sumber":"OSM","atribut":{},"layer_id":"inklusivitas"},"geometry":{"type":"LineString","coordinates":[[106.813743,-6.221961],[106.813463,-6.221521],[106.813414,-6.221449],[106.813282,-6.221277],[106.813134,-6.221177],[106.812964,-6.221102],[106.8128,-6.221051],[106.812598,-6.221017],[106.812388,-6.221005],[106.81223,-6.220997],[106.811307,-6.220939],[106.811085,-6.220943],[106.810965,-6.220966],[106.810879,-6.221012],[106.810683,-6.221133]]}},{"type":"Feature","properties":{"nama":null,"jenis":"trotoar","sumber":"OSM","atribut":{},"layer_id":"inklusivitas"},"geometry":{"type":"LineString","coordinates":[[106.805159,-6.225045],[106.80512,-6.225075],[106.804809,-6.225312],[106.804713,-6.225384],[106.804434,-6.225597],[106.804352,-6.22566],[106.804276,-6.225718],[106.803681,-6.226164],[106.803217,-6.22651],[106.803026,-6.226645],[106.802981,-6.226723],[106.80262,-6.226996],[106.802391,-6.227169],[106.802371,-6.227184],[106.802027,-6.227439],[106.801931,-6.227464],[106.801688,-6.227655],[106.801549,-6.22776],[106.801385,-6.227883],[106.801185,-6.228037]]}},{"type":"Feature","properties":{"nama":null,"jenis":"trotoar","sumber":"OSM","atribut":{},"layer_id":"inklusivitas"},"geometry":{"type":"LineString","coordinates":[[106.801058,-6.228112],[106.800617,-6.228471],[106.8002,-6.228809],[106.800063,-6.228932],[106.80001,-6.228996],[106.799958,-6.229108],[106.799913,-6.22925],[106.79989,-6.229313]]}},{"type":"Feature","properties":{"nama":null,"jenis":"trotoar","sumber":"OSM","atribut":{},"layer_id":"inklusivitas"},"geometry":{"type":"LineString","coordinates":[[106.812922,-6.219687],[106.81301,-6.219777],[106.813059,-6.219818],[106.813094,-6.219846],[106.813218,-6.219904],[106.813321,-6.219918],[106.813444,-6.219892],[106.813469,-6.219875],[106.813546,-6.21982],[106.813592,-6.219753],[106.813599,-6.219735],[106.813627,-6.219667],[106.813641,-6.219583],[106.813634,-6.219538],[106.813617,-6.219434],[106.813567,-6.219342],[106.813487,-6.21925],[106.813373,-6.219186],[106.813264,-6.219151],[106.813144,-6.219157],[106.813079,-6.219167],[106.813017,-6.219177],[106.8129,-6.219227],[106.812734,-6.219362],[106.812712,-6.219381],[106.812184,-6.219817],[106.812108,-6.219882],[106.81209,-6.219897],[106.812027,-6.219966],[106.811979,-6.220038],[106.811942,-6.220128],[106.811931,-6.220201],[106.811933,-6.220295],[106.811956,-6.220408],[106.812022,-6.220523],[106.812095,-6.220597],[106.812198,-6.220652],[106.812309,-6.220659],[106.812335,-6.220661],[106.812486,-6.220595],[106.812557,-6.220506],[106.812594,-6.220422],[106.812603,-6.220345],[106.812595,-6.220319],[106.812581,-6.220254],[106.812524,-6.220128]]}},{"type":"Feature","properties":{"nama":null,"jenis":"trotoar","sumber":"OSM","atribut":{},"layer_id":"inklusivitas"},"geometry":{"type":"LineString","coordinates":[[106.813139,-6.221128],[106.813133,-6.221096],[106.813036,-6.221052],[106.81295,-6.221018],[106.81283,-6.220988],[106.812712,-6.220969],[106.812394,-6.220932],[106.812305,-6.220928],[106.812286,-6.220922],[106.812281,-6.220912]]}},{"type":"Feature","properties":{"nama":null,"jenis":"trotoar","sumber":"OSM","atribut":{},"layer_id":"inklusivitas"},"geometry":{"type":"LineString","coordinates":[[106.81358,-6.219729],[106.813561,-6.219723],[106.813257,-6.21962],[106.813091,-6.219573],[106.813028,-6.219577],[106.812983,-6.219588],[106.812925,-6.219613],[106.812899,-6.219634],[106.812399,-6.220014],[106.812376,-6.220043],[106.812358,-6.22008],[106.81235,-6.220112],[106.812334,-6.220329],[106.812311,-6.220637]]}},{"type":"Feature","properties":{"nama":null,"jenis":"trotoar","sumber":"OSM","atribut":{},"layer_id":"inklusivitas"},"geometry":{"type":"LineString","coordinates":[[106.812281,-6.220912],[106.812311,-6.220637]]}},{"type":"Feature","properties":{"nama":null,"jenis":"trotoar","sumber":"OSM","atribut":{},"layer_id":"inklusivitas"},"geometry":{"type":"LineString","coordinates":[[106.810962,-6.220909],[106.810979,-6.220894],[106.811168,-6.220862],[106.811291,-6.220857],[106.811436,-6.220865],[106.811764,-6.220899],[106.812152,-6.22092],[106.812221,-6.220924],[106.812234,-6.220913]]}},{"type":"Feature","properties":{"nama":null,"jenis":"trotoar","sumber":"OSM","atribut":{},"layer_id":"inklusivitas"},"geometry":{"type":"LineString","coordinates":[[106.812263,-6.220627],[106.812264,-6.220612],[106.812285,-6.220266],[106.812292,-6.220139],[106.8123,-6.220074],[106.81232,-6.220034],[106.812376,-6.219959],[106.812851,-6.219581],[106.81289,-6.21955],[106.812942,-6.219508],[106.812997,-6.219493],[106.813093,-6.219505],[106.813309,-6.219562],[106.813605,-6.219666]]}},{"type":"Feature","properties":{"nama":null,"jenis":"trotoar","sumber":"OSM","atribut":{},"layer_id":"inklusivitas"},"geometry":{"type":"LineString","coordinates":[[106.812234,-6.220913],[106.81226,-6.220656],[106.812263,-6.220627]]}},{"type":"Feature","properties":{"nama":null,"jenis":"trotoar","sumber":"OSM","atribut":{},"layer_id":"inklusivitas"},"geometry":{"type":"LineString","coordinates":[[106.813719,-6.219701],[106.8138,-6.219729],[106.813837,-6.219735],[106.813855,-6.219726],[106.81387,-6.219687],[106.813928,-6.219486],[106.813955,-6.2194],[106.813988,-6.219357]]}},{"type":"Feature","properties":{"nama":null,"jenis":"trotoar","sumber":"OSM","atribut":{},"layer_id":"inklusivitas"},"geometry":{"type":"LineString","coordinates":[[106.813605,-6.219666],[106.813626,-6.219672],[106.813719,-6.219701]]}},{"type":"Feature","properties":{"nama":null,"jenis":"trotoar","sumber":"OSM","atribut":{},"layer_id":"inklusivitas"},"geometry":{"type":"LineString","coordinates":[[106.813008,-6.219113],[106.813067,-6.219091],[106.813168,-6.219068],[106.813285,-6.219075],[106.813404,-6.219116],[106.813505,-6.219171],[106.81357,-6.219226],[106.81363,-6.219298],[106.813684,-6.219405],[106.813723,-6.219529],[106.813735,-6.219613],[106.813696,-6.219746],[106.813663,-6.219816],[106.8136,-6.219905],[106.813486,-6.219972],[106.81337,-6.220007],[106.813232,-6.220012],[106.813154,-6.219975],[106.813095,-6.219935]]}},{"type":"Feature","properties":{"nama":null,"jenis":"trotoar","sumber":"OSM","atribut":{},"layer_id":"inklusivitas"},"geometry":{"type":"LineString","coordinates":[[106.813707,-6.219768],[106.81358,-6.219729]]}},{"type":"Feature","properties":{"nama":null,"jenis":"trotoar","sumber":"OSM","atribut":{},"layer_id":"inklusivitas"},"geometry":{"type":"LineString","coordinates":[[106.814696,-6.222301],[106.81446,-6.221937],[106.814399,-6.221853],[106.814227,-6.221608],[106.814025,-6.221321],[106.813843,-6.221032],[106.813811,-6.22098],[106.813789,-6.220912],[106.813749,-6.220806],[106.813728,-6.220673],[106.813714,-6.220509],[106.813713,-6.220472],[106.813712,-6.220428],[106.813729,-6.220361],[106.813757,-6.220261],[106.813847,-6.219985],[106.813869,-6.219906],[106.813979,-6.219548],[106.814077,-6.219221],[106.814079,-6.219195]]}},{"type":"Feature","properties":{"nama":null,"jenis":"trotoar","sumber":"OSM","atribut":{},"layer_id":"inklusivitas"},"geometry":{"type":"LineString","coordinates":[[106.813219,-6.221006],[106.813156,-6.221004],[106.813053,-6.220855],[106.812919,-6.220668],[106.812689,-6.220337],[106.812679,-6.220338],[106.812681,-6.220362],[106.812647,-6.220514],[106.812621,-6.220556],[106.812595,-6.220599],[106.812593,-6.2206],[106.812553,-6.220635],[106.812487,-6.220693],[106.81242,-6.220719],[106.812351,-6.220739],[106.812284,-6.220747],[106.812268,-6.220746],[106.812231,-6.220745],[106.812155,-6.220727],[106.812088,-6.220703],[106.811982,-6.220622],[106.811902,-6.220502],[106.811861,-6.220405],[106.811845,-6.220281],[106.811858,-6.220147],[106.811881,-6.220054],[106.811882,-6.220034],[106.811867,-6.220038],[106.811785,-6.220109],[106.811644,-6.220221],[106.8113,-6.220494],[106.811286,-6.220505],[106.810881,-6.220816],[106.810568,-6.221042]]}},{"type":"Feature","properties":{"nama":null,"jenis":"trotoar","sumber":"OSM","atribut":{},"layer_id":"inklusivitas"},"geometry":{"type":"LineString","coordinates":[[106.834187,-6.219564],[106.83422,-6.219586],[106.834278,-6.219617],[106.834339,-6.219617],[106.834475,-6.21958],[106.834683,-6.219532],[106.834743,-6.219511],[106.834783,-6.219485],[106.834817,-6.219447],[106.834843,-6.219399],[106.83487,-6.219349],[106.834919,-6.219258],[106.834978,-6.219132],[106.835011,-6.219065],[106.835044,-6.218976],[106.835098,-6.218844],[106.835141,-6.218735],[106.835366,-6.218346],[106.83547,-6.217962],[106.835374,-6.217514],[106.835395,-6.217225],[106.835426,-6.21706],[106.835452,-6.216981]]}},{"type":"Feature","properties":{"nama":null,"jenis":"trotoar","sumber":"OSM","atribut":{},"layer_id":"inklusivitas"},"geometry":{"type":"LineString","coordinates":[[106.834048,-6.213679],[106.834148,-6.213583],[106.834491,-6.213254]]}},{"type":"Feature","properties":{"nama":null,"jenis":"trotoar","sumber":"OSM","atribut":{},"layer_id":"inklusivitas"},"geometry":{"type":"LineString","coordinates":[[106.835578,-6.216224],[106.835465,-6.216212],[106.83504,-6.216185],[106.834443,-6.216147],[106.834413,-6.216167],[106.834327,-6.216388],[106.83427,-6.21647],[106.834197,-6.216548],[106.834107,-6.216607],[106.834008,-6.21665],[106.833926,-6.216703],[106.833905,-6.216739],[106.833918,-6.216923],[106.833997,-6.218062],[106.834032,-6.218768],[106.834075,-6.219253],[106.834103,-6.219451],[106.834145,-6.219506],[106.834187,-6.219564]]}},{"type":"Feature","properties":{"nama":null,"jenis":"trotoar","sumber":"OSM","atribut":{},"layer_id":"inklusivitas"},"geometry":{"type":"LineString","coordinates":[[106.833785,-6.216798],[106.833777,-6.216665],[106.833819,-6.216596],[106.833857,-6.216565],[106.833912,-6.216524],[106.833972,-6.216494],[106.834034,-6.216476],[106.834091,-6.216446],[106.834138,-6.216409],[106.834183,-6.21636],[106.834212,-6.216312],[106.834233,-6.216253],[106.834238,-6.216191],[106.834258,-6.216124],[106.834327,-6.216039],[106.834375,-6.216019],[106.834416,-6.216014],[106.834506,-6.216015],[106.834663,-6.216027],[106.834805,-6.216041],[106.834932,-6.216051],[106.835107,-6.216063],[106.835292,-6.21608],[106.835605,-6.216103],[106.835704,-6.216111],[106.835756,-6.21609],[106.835797,-6.216058],[106.835837,-6.215963],[106.835923,-6.215759],[106.836006,-6.215423],[106.836017,-6.215372],[106.836035,-6.215247],[106.83595,-6.214616],[106.835886,-6.214316],[106.835852,-6.214225],[106.835802,-6.21416],[106.835626,-6.213999],[106.835598,-6.21398],[106.835129,-6.213644],[106.834905,-6.213499],[106.834764,-6.213408]]}},{"type":"Feature","properties":{"nama":null,"jenis":"trotoar","sumber":"OSM","atribut":{},"layer_id":"inklusivitas"},"geometry":{"type":"LineString","coordinates":[[106.832243,-6.220525],[106.832883,-6.22031],[106.833689,-6.22005],[106.833897,-6.219986],[106.833955,-6.219968],[106.834543,-6.219788],[106.834804,-6.219708]]}},{"type":"Feature","properties":{"nama":null,"jenis":"trotoar","sumber":"OSM","atribut":{},"layer_id":"inklusivitas"},"geometry":{"type":"LineString","coordinates":[[106.830318,-6.225273],[106.830461,-6.225318],[106.830822,-6.225424],[106.830971,-6.225471],[106.831128,-6.225512],[106.831339,-6.225553],[106.831618,-6.225595],[106.831742,-6.225613],[106.831823,-6.225618],[106.832236,-6.225645],[106.832601,-6.225661],[106.832673,-6.225657],[106.832729,-6.225609],[106.832759,-6.22556],[106.832764,-6.225481],[106.832691,-6.22464],[106.832643,-6.224126],[106.832617,-6.223955],[106.832573,-6.223793],[106.832564,-6.223757],[106.832501,-6.223469],[106.83242,-6.223121],[106.832391,-6.222982],[106.832324,-6.222718],[106.832333,-6.222675],[106.832272,-6.222433],[106.832168,-6.222029],[106.832146,-6.222013],[106.832039,-6.221597],[106.832018,-6.221512],[106.831983,-6.221374],[106.831943,-6.221219],[106.831935,-6.221186],[106.831859,-6.220919],[106.831832,-6.220824],[106.831828,-6.220809],[106.83181,-6.220799],[106.831784,-6.220797],[106.83128,-6.22095],[106.830836,-6.221088]]}},{"type":"Feature","properties":{"nama":null,"jenis":"trotoar","sumber":"OSM","atribut":{},"layer_id":"inklusivitas"},"geometry":{"type":"LineString","coordinates":[[106.831422,-6.223435],[106.831381,-6.22329],[106.831356,-6.223199],[106.831349,-6.223173],[106.83127,-6.222844],[106.831216,-6.222623],[106.831199,-6.222553],[106.831028,-6.221857]]}},{"type":"Feature","properties":{"nama":null,"jenis":"trotoar","sumber":"OSM","atribut":{},"layer_id":"inklusivitas"},"geometry":{"type":"LineString","coordinates":[[106.834888,-6.214367],[106.835266,-6.214583]]}},{"type":"Feature","properties":{"nama":null,"jenis":"trotoar","sumber":"OSM","atribut":{},"layer_id":"inklusivitas"},"geometry":{"type":"LineString","coordinates":[[106.834016,-6.213898],[106.834047,-6.213889],[106.834072,-6.213902],[106.834536,-6.214167]]}},{"type":"Feature","properties":{"nama":null,"jenis":"trotoar","sumber":"OSM","atribut":{},"layer_id":"inklusivitas"},"geometry":{"type":"LineString","coordinates":[[106.834536,-6.214167],[106.834888,-6.214367]]}},{"type":"Feature","properties":{"nama":null,"jenis":"trotoar","sumber":"OSM","atribut":{},"layer_id":"inklusivitas"},"geometry":{"type":"LineString","coordinates":[[106.831643,-6.220712],[106.831676,-6.220701],[106.831716,-6.220684],[106.831744,-6.220666],[106.831756,-6.220653],[106.831759,-6.220619],[106.831746,-6.22059],[106.831694,-6.220482],[106.831655,-6.220398],[106.831494,-6.220046],[106.831406,-6.219848],[106.831314,-6.219618],[106.831223,-6.219356],[106.831115,-6.219018],[106.830992,-6.218608],[106.830982,-6.218569],[106.830974,-6.218541],[106.830881,-6.218201],[106.830859,-6.218126],[106.830841,-6.218032],[106.830748,-6.217599],[106.830667,-6.217219],[106.830653,-6.21715],[106.830638,-6.217073]]}},{"type":"Feature","properties":{"nama":null,"jenis":"trotoar","sumber":"OSM","atribut":{},"layer_id":"inklusivitas"},"geometry":{"type":"LineString","coordinates":[[106.831197,-6.217702],[106.831126,-6.217399],[106.831064,-6.217143],[106.830978,-6.216679],[106.830931,-6.216351],[106.830914,-6.216171],[106.830897,-6.215991],[106.830894,-6.215955],[106.830871,-6.215631],[106.83086,-6.215503],[106.830817,-6.214929],[106.830809,-6.214828],[106.830783,-6.214544],[106.830773,-6.214463],[106.830749,-6.214253],[106.830746,-6.21418],[106.830745,-6.21416],[106.830736,-6.214061],[106.830727,-6.213793],[106.830722,-6.213722],[106.830696,-6.213412],[106.83069,-6.213341],[106.830675,-6.213048],[106.830665,-6.212912],[106.830659,-6.212709],[106.830663,-6.212534],[106.830666,-6.212423],[106.830678,-6.212007]]}},{"type":"Feature","properties":{"nama":null,"jenis":"trotoar","sumber":"OSM","atribut":{},"layer_id":"inklusivitas"},"geometry":{"type":"LineString","coordinates":[[106.830894,-6.215955],[106.831557,-6.215928],[106.831751,-6.215915]]}},{"type":"Feature","properties":{"nama":null,"jenis":"trotoar","sumber":"OSM","atribut":{},"layer_id":"inklusivitas"},"geometry":{"type":"LineString","coordinates":[[106.833064,-6.214479],[106.8334,-6.214132]]}},{"type":"Feature","properties":{"nama":null,"jenis":"trotoar","sumber":"OSM","atribut":{},"layer_id":"inklusivitas"},"geometry":{"type":"LineString","coordinates":[[106.833133,-6.220008],[106.833478,-6.2199],[106.833891,-6.219773],[106.833953,-6.219751],[106.833988,-6.219695],[106.833984,-6.219632],[106.833963,-6.219175],[106.833951,-6.219028],[106.833942,-6.21863]]}},{"type":"Feature","properties":{"nama":null,"jenis":"trotoar","sumber":"OSM","atribut":{},"layer_id":"inklusivitas"},"geometry":{"type":"LineString","coordinates":[[106.83532,-6.22006],[106.83525,-6.219952],[106.835204,-6.219882],[106.835191,-6.219859],[106.835194,-6.219836],[106.835205,-6.219804],[106.835334,-6.219724],[106.835358,-6.219718],[106.835378,-6.219728],[106.835408,-6.219782],[106.8355,-6.219939]]}},{"type":"Feature","properties":{"nama":null,"jenis":"trotoar","sumber":"OSM","atribut":{},"layer_id":"inklusivitas"},"geometry":{"type":"LineString","coordinates":[[106.835802,-6.218876],[106.83573,-6.218957],[106.835722,-6.218969],[106.835723,-6.219041],[106.835747,-6.21908],[106.835787,-6.219103],[106.835949,-6.219092],[106.835953,-6.219125]]}},{"type":"Feature","properties":{"nama":null,"jenis":"trotoar","sumber":"OSM","atribut":{},"layer_id":"inklusivitas"},"geometry":{"type":"LineString","coordinates":[[106.83028,-6.212959],[106.830282,-6.213013],[106.830313,-6.21344],[106.830352,-6.21396],[106.830368,-6.214183],[106.830381,-6.214549],[106.830386,-6.214635],[106.830473,-6.215796],[106.83048,-6.215872],[106.830513,-6.216306],[106.830536,-6.216475],[106.830564,-6.216674],[106.830607,-6.216911],[106.830638,-6.217073]]}},{"type":"Feature","properties":{"nama":null,"jenis":"trotoar","sumber":"OSM","atribut":{},"layer_id":"inklusivitas"},"geometry":{"type":"LineString","coordinates":[[106.833502,-6.214227],[106.83366,-6.21407],[106.833896,-6.213835]]}},{"type":"Feature","properties":{"nama":null,"jenis":"trotoar","sumber":"OSM","atribut":{},"layer_id":"inklusivitas"},"geometry":{"type":"LineString","coordinates":[[106.834048,-6.213679],[106.834166,-6.213746],[106.834401,-6.213877],[106.834505,-6.213935],[106.835181,-6.214315],[106.835423,-6.214451]]}},{"type":"Feature","properties":{"nama":null,"jenis":"trotoar","sumber":"OSM","atribut":{},"layer_id":"inklusivitas"},"geometry":{"type":"LineString","coordinates":[[106.830648,-6.210509],[106.83063,-6.210369],[106.830589,-6.210029],[106.830562,-6.209769],[106.830494,-6.209328],[106.830393,-6.20894],[106.830372,-6.208874],[106.830286,-6.208614],[106.830183,-6.208368],[106.829987,-6.207945],[106.829881,-6.207689]]}},{"type":"Feature","properties":{"nama":null,"jenis":"trotoar","sumber":"OSM","atribut":{},"layer_id":"inklusivitas"},"geometry":{"type":"LineString","coordinates":[[106.83452,-6.21311],[106.833966,-6.212887],[106.833243,-6.212651],[106.832481,-6.212432],[106.831875,-6.212225],[106.831399,-6.21197],[106.831144,-6.211765],[106.831046,-6.211676],[106.830908,-6.211535],[106.830844,-6.211454],[106.830728,-6.211253],[106.830675,-6.211136]]}},{"type":"Feature","properties":{"nama":null,"jenis":"trotoar","sumber":"OSM","atribut":{},"layer_id":"inklusivitas"},"geometry":{"type":"LineString","coordinates":[[106.838661,-6.225033],[106.838448,-6.225044],[106.83807,-6.225079],[106.837236,-6.225189],[106.836771,-6.22525],[106.835786,-6.225345],[106.83575,-6.225333],[106.835739,-6.225301],[106.835647,-6.22482],[106.835643,-6.224789],[106.835599,-6.224444],[106.835596,-6.224321],[106.835631,-6.224172],[106.835814,-6.223711],[106.835924,-6.223249],[106.835956,-6.223055],[106.83599,-6.222854],[106.836144,-6.222074],[106.836147,-6.222058],[106.836159,-6.221839],[106.83616,-6.221806],[106.836092,-6.221433],[106.836059,-6.22127],[106.835994,-6.220944],[106.835872,-6.22041],[106.835808,-6.220121],[106.835528,-6.219698]]}},{"type":"Feature","properties":{"nama":null,"jenis":"trotoar","sumber":"OSM","atribut":{},"layer_id":"inklusivitas"},"geometry":{"type":"LineString","coordinates":[[106.841429,-6.224792],[106.841369,-6.224798],[106.841209,-6.224807],[106.840745,-6.224817],[106.840672,-6.224817],[106.840652,-6.22482],[106.840578,-6.224824],[106.840021,-6.224891],[106.840004,-6.224894],[106.839637,-6.224921],[106.839495,-6.224942],[106.838976,-6.225001],[106.838864,-6.225008]]}},{"type":"Feature","properties":{"nama":null,"jenis":"trotoar","sumber":"OSM","atribut":{},"layer_id":"inklusivitas"},"geometry":{"type":"LineString","coordinates":[[106.83277,-6.214789],[106.832976,-6.214571]]}},{"type":"Feature","properties":{"nama":null,"jenis":"trotoar","sumber":"OSM","atribut":{},"layer_id":"inklusivitas"},"geometry":{"type":"LineString","coordinates":[[106.836237,-6.216036],[106.836101,-6.216058],[106.836004,-6.216026]]}},{"type":"Feature","properties":{"nama":null,"jenis":"trotoar","sumber":"OSM","atribut":{},"layer_id":"inklusivitas"},"geometry":{"type":"LineString","coordinates":[[106.830675,-6.211136],[106.830665,-6.210746]]}},{"type":"Feature","properties":{"nama":null,"jenis":"trotoar","sumber":"OSM","atribut":{},"layer_id":"inklusivitas"},"geometry":{"type":"LineString","coordinates":[[106.834613,-6.213155],[106.834961,-6.213371]]}},{"type":"Feature","properties":{"nama":null,"jenis":"trotoar","sumber":"OSM","atribut":{},"layer_id":"inklusivitas"},"geometry":{"type":"LineString","coordinates":[[106.843166,-6.255773],[106.84321,-6.255696],[106.843274,-6.25564],[106.845925,-6.255675],[106.846527,-6.255687],[106.846798,-6.255694],[106.847029,-6.255701],[106.849479,-6.255735],[106.849533,-6.255737]]}},{"type":"Feature","properties":{"nama":null,"jenis":"trotoar","sumber":"OSM","atribut":{},"layer_id":"inklusivitas"},"geometry":{"type":"LineString","coordinates":[[106.842888,-6.255414],[106.842956,-6.255676]]}},{"type":"Feature","properties":{"nama":null,"jenis":"trotoar","sumber":"OSM","atribut":{},"layer_id":"inklusivitas"},"geometry":{"type":"LineString","coordinates":[[106.854112,-6.255984],[106.853613,-6.255974],[106.85333,-6.255893],[106.852936,-6.255886]]}},{"type":"Feature","properties":{"nama":null,"jenis":"trotoar","sumber":"OSM","atribut":{},"layer_id":"inklusivitas"},"geometry":{"type":"LineString","coordinates":[[106.832302,-6.240397],[106.832346,-6.240424],[106.832574,-6.240531],[106.833125,-6.240748],[106.833448,-6.240892],[106.833941,-6.241001],[106.834239,-6.241083],[106.834314,-6.241119],[106.834423,-6.241171],[106.835625,-6.241449],[106.835713,-6.241471],[106.836399,-6.241637],[106.837105,-6.241807],[106.837597,-6.24193],[106.837629,-6.24194],[106.837851,-6.242008],[106.838151,-6.242098],[106.83884,-6.242307],[106.83979,-6.242548]]}},{"type":"Feature","properties":{"nama":null,"jenis":"trotoar","sumber":"OSM","atribut":{},"layer_id":"inklusivitas"},"geometry":{"type":"LineString","coordinates":[[106.832997,-6.228543],[106.83302,-6.2285],[106.833018,-6.228455],[106.833015,-6.228392],[106.833007,-6.228256],[106.833,-6.228124],[106.832988,-6.227881],[106.832959,-6.227883],[106.832953,-6.227713],[106.832949,-6.227645],[106.832937,-6.227447],[106.832928,-6.227399],[106.832903,-6.227311],[106.832868,-6.2268],[106.832854,-6.226595],[106.832853,-6.226547],[106.83283,-6.226135],[106.832788,-6.22607],[106.832742,-6.226025],[106.832677,-6.226013],[106.832305,-6.226025],[106.831797,-6.225944]]}},{"type":"Feature","properties":{"nama":null,"jenis":"trotoar","sumber":"OSM","atribut":{},"layer_id":"inklusivitas"},"geometry":{"type":"LineString","coordinates":[[106.834804,-6.219708],[106.834849,-6.219708],[106.834883,-6.219727],[106.835063,-6.219963]]}},{"type":"Feature","properties":{"nama":null,"jenis":"trotoar","sumber":"OSM","atribut":{},"layer_id":"inklusivitas"},"geometry":{"type":"LineString","coordinates":[[106.832524,-6.221877],[106.832474,-6.221683],[106.832353,-6.221216],[106.832339,-6.221161],[106.832306,-6.22104],[106.832206,-6.220691],[106.832198,-6.220651],[106.8322,-6.220595],[106.832218,-6.220548],[106.832243,-6.220525]]}},{"type":"Feature","properties":{"nama":null,"jenis":"trotoar","sumber":"OSM","atribut":{},"layer_id":"inklusivitas"},"geometry":{"type":"LineString","coordinates":[[106.8303,-6.23262],[106.830271,-6.232617]]}},{"type":"Feature","properties":{"nama":null,"jenis":"trotoar","sumber":"OSM","atribut":{},"layer_id":"inklusivitas"},"geometry":{"type":"LineString","coordinates":[[106.830271,-6.232617],[106.829999,-6.232429],[106.829933,-6.232383],[106.829529,-6.232103],[106.829001,-6.231736]]}},{"type":"Feature","properties":{"nama":null,"jenis":"trotoar","sumber":"OSM","atribut":{},"layer_id":"inklusivitas"},"geometry":{"type":"LineString","coordinates":[[106.830678,-6.212007],[106.83069,-6.211493],[106.83068,-6.211252],[106.830675,-6.211136]]}},{"type":"Feature","properties":{"nama":null,"jenis":"trotoar","sumber":"OSM","atribut":{},"layer_id":"inklusivitas"},"geometry":{"type":"LineString","coordinates":[[106.845769,-6.208595],[106.845556,-6.208524],[106.844994,-6.208328],[106.84164,-6.207161]]}},{"type":"Feature","properties":{"nama":null,"jenis":"trotoar","sumber":"OSM","atribut":{},"layer_id":"inklusivitas"},"geometry":{"type":"LineString","coordinates":[[106.844196,-6.21669],[106.84422,-6.216741],[106.844235,-6.216772],[106.844287,-6.216882],[106.844417,-6.217151],[106.844849,-6.218008],[106.845154,-6.218662],[106.845188,-6.218762],[106.845266,-6.218957],[106.845286,-6.219],[106.845303,-6.219037],[106.8455,-6.219573],[106.845602,-6.219884]]}},{"type":"Feature","properties":{"nama":null,"jenis":"trotoar","sumber":"OSM","atribut":{},"layer_id":"inklusivitas"},"geometry":{"type":"LineString","coordinates":[[106.844195,-6.216432],[106.84424,-6.216506],[106.844362,-6.216709]]}},{"type":"Feature","properties":{"nama":null,"jenis":"trotoar","sumber":"OSM","atribut":{},"layer_id":"inklusivitas"},"geometry":{"type":"LineString","coordinates":[[106.846369,-6.221155],[106.846265,-6.220997],[106.846244,-6.220965]]}},{"type":"Feature","properties":{"nama":null,"jenis":"trotoar","sumber":"OSM","atribut":{},"layer_id":"inklusivitas"},"geometry":{"type":"LineString","coordinates":[[106.846204,-6.22116],[106.846127,-6.221047]]}},{"type":"Feature","properties":{"nama":null,"jenis":"trotoar","sumber":"OSM","atribut":{},"layer_id":"inklusivitas"},"geometry":{"type":"LineString","coordinates":[[106.847422,-6.222883],[106.847443,-6.222926],[106.847506,-6.223041]]}},{"type":"Feature","properties":{"nama":null,"jenis":"trotoar","sumber":"OSM","atribut":{},"layer_id":"inklusivitas"},"geometry":{"type":"LineString","coordinates":[[106.829048,-6.234533],[106.82872,-6.234738],[106.828346,-6.235008],[106.828271,-6.235081],[106.827975,-6.235393],[106.827675,-6.235819],[106.827588,-6.235969],[106.827539,-6.236053]]}},{"type":"Feature","properties":{"nama":null,"jenis":"trotoar","sumber":"OSM","atribut":{},"layer_id":"inklusivitas"},"geometry":{"type":"LineString","coordinates":[[106.83366,-6.21407],[106.833733,-6.214076],[106.833759,-6.21409],[106.83384,-6.214167],[106.833815,-6.214417]]}},{"type":"Feature","properties":{"nama":null,"jenis":"trotoar","sumber":"OSM","atribut":{},"layer_id":"inklusivitas"},"geometry":{"type":"LineString","coordinates":[[106.834016,-6.213898],[106.834011,-6.213916],[106.833974,-6.214337]]}},{"type":"Feature","properties":{"nama":null,"jenis":"trotoar","sumber":"OSM","atribut":{},"layer_id":"inklusivitas"},"geometry":{"type":"LineString","coordinates":[[106.834638,-6.225459],[106.834375,-6.225468],[106.834052,-6.225448],[106.833407,-6.225516],[106.833303,-6.2255],[106.833253,-6.225473],[106.833219,-6.225445],[106.833197,-6.225404],[106.833187,-6.225248],[106.833133,-6.224615],[106.833119,-6.224503],[106.833111,-6.22442],[106.833082,-6.224101],[106.833035,-6.223887],[106.832976,-6.223618],[106.832961,-6.223549],[106.832801,-6.222991],[106.832741,-6.222741],[106.832731,-6.222704],[106.832713,-6.222636],[106.832707,-6.222607],[106.832636,-6.222339],[106.832573,-6.222076],[106.832543,-6.221948],[106.832524,-6.221877]]}},{"type":"Feature","properties":{"nama":null,"jenis":"trotoar","sumber":"OSM","atribut":{},"layer_id":"inklusivitas"},"geometry":{"type":"LineString","coordinates":[[106.833321,-6.223564],[106.832976,-6.223618]]}},{"type":"Feature","properties":{"nama":null,"jenis":"trotoar","sumber":"OSM","atribut":{},"layer_id":"inklusivitas"},"geometry":{"type":"LineString","coordinates":[[106.842672,-6.243553],[106.841336,-6.242986],[106.840938,-6.242874],[106.840052,-6.242644],[106.839907,-6.24259],[106.83979,-6.242548]]}},{"type":"Feature","properties":{"nama":null,"jenis":"trotoar","sumber":"OSM","atribut":{},"layer_id":"inklusivitas"},"geometry":{"type":"LineString","coordinates":[[106.831121,-6.239927],[106.831138,-6.239808],[106.831113,-6.239661],[106.83078,-6.239395],[106.829668,-6.238686],[106.829561,-6.238622],[106.828799,-6.238164],[106.827958,-6.237607],[106.827684,-6.237432],[106.827367,-6.237262],[106.827294,-6.237261],[106.827171,-6.237301],[106.82689,-6.237747]]}},{"type":"Feature","properties":{"nama":null,"jenis":"trotoar","sumber":"OSM","atribut":{},"layer_id":"inklusivitas"},"geometry":{"type":"LineString","coordinates":[[106.772324,-6.282236],[106.772224,-6.282108],[106.772091,-6.281938],[106.772079,-6.281928],[106.772061,-6.281928],[106.772051,-6.281937],[106.772049,-6.281962]]}},{"type":"Feature","properties":{"nama":null,"jenis":"trotoar","sumber":"OSM","atribut":{},"layer_id":"inklusivitas"},"geometry":{"type":"LineString","coordinates":[[106.79862,-6.242557],[106.798611,-6.242574],[106.798518,-6.242723],[106.798466,-6.242793],[106.798324,-6.243057],[106.798294,-6.243159],[106.798284,-6.243229],[106.798285,-6.243334],[106.79829,-6.243518],[106.798276,-6.243518],[106.798279,-6.243653],[106.798571,-6.243657],[106.798571,-6.243693],[106.798572,-6.243712],[106.79865,-6.243712],[106.799161,-6.243714]]}},{"type":"Feature","properties":{"nama":null,"jenis":"trotoar","sumber":"OSM","atribut":{},"layer_id":"inklusivitas"},"geometry":{"type":"LineString","coordinates":[[106.832997,-6.228543],[106.83302,-6.2291],[106.833034,-6.229375],[106.833066,-6.229375],[106.833073,-6.229569],[106.833074,-6.229625],[106.833074,-6.229656],[106.833072,-6.229706],[106.833071,-6.229751],[106.833057,-6.229857],[106.83305,-6.229913],[106.832992,-6.230169],[106.832909,-6.230463],[106.832775,-6.23086],[106.832737,-6.230972],[106.83269,-6.231111],[106.832495,-6.231607],[106.832471,-6.231668],[106.832246,-6.232065],[106.832003,-6.23248]]}},{"type":"Feature","properties":{"nama":null,"jenis":"trotoar","sumber":"OSM","atribut":{},"layer_id":"inklusivitas"},"geometry":{"type":"LineString","coordinates":[[106.833034,-6.229375],[106.833036,-6.229429]]}},{"type":"Feature","properties":{"nama":null,"jenis":"trotoar","sumber":"OSM","atribut":{},"layer_id":"inklusivitas"},"geometry":{"type":"LineString","coordinates":[[106.833034,-6.229857],[106.833057,-6.229857]]}},{"type":"Feature","properties":{"nama":null,"jenis":"trotoar","sumber":"OSM","atribut":{},"layer_id":"inklusivitas"},"geometry":{"type":"LineString","coordinates":[[106.833298,-6.227201],[106.833318,-6.227605],[106.83332,-6.227668],[106.833341,-6.228021],[106.833348,-6.228111],[106.833358,-6.228219],[106.833369,-6.228351],[106.833376,-6.228437],[106.833379,-6.22847],[106.833413,-6.228752],[106.833421,-6.228863],[106.833437,-6.229067],[106.833409,-6.229069],[106.833428,-6.229373],[106.833437,-6.229522],[106.833447,-6.229679],[106.83345,-6.229717],[106.833446,-6.229797],[106.83342,-6.23004],[106.833352,-6.230333],[106.833311,-6.230485]]}},{"type":"Feature","properties":{"nama":null,"jenis":"trotoar","sumber":"OSM","atribut":{},"layer_id":"inklusivitas"},"geometry":{"type":"LineString","coordinates":[[106.833437,-6.229067],[106.833441,-6.229129]]}},{"type":"Feature","properties":{"nama":null,"jenis":"trotoar","sumber":"OSM","atribut":{},"layer_id":"inklusivitas"},"geometry":{"type":"LineString","coordinates":[[106.833404,-6.228216],[106.833358,-6.228219]]}},{"type":"Feature","properties":{"nama":null,"jenis":"trotoar","sumber":"OSM","atribut":{},"layer_id":"inklusivitas"},"geometry":{"type":"LineString","coordinates":[[106.832978,-6.228395],[106.833015,-6.228392]]}},{"type":"Feature","properties":{"nama":null,"jenis":"trotoar","sumber":"OSM","atribut":{},"layer_id":"inklusivitas"},"geometry":{"type":"LineString","coordinates":[[106.829556,-6.207905],[106.82975,-6.208361],[106.829758,-6.208381],[106.829765,-6.208399],[106.829805,-6.208499],[106.829831,-6.208529],[106.829848,-6.208562],[106.829888,-6.208695],[106.829893,-6.20871],[106.829953,-6.208917],[106.830003,-6.209106],[106.830054,-6.209312],[106.830047,-6.209347],[106.830077,-6.209503],[106.830102,-6.209647],[106.830113,-6.209724],[106.830129,-6.209754],[106.830177,-6.210112],[106.830196,-6.210265],[106.830213,-6.210447],[106.830233,-6.21076],[106.830238,-6.210845],[106.830251,-6.211229],[106.830252,-6.211238],[106.830254,-6.211337],[106.830262,-6.21169],[106.830268,-6.211986],[106.830261,-6.212222],[106.830253,-6.212558],[106.830241,-6.212657],[106.830236,-6.212722],[106.830211,-6.212796],[106.830182,-6.212855],[106.830154,-6.212903],[106.830028,-6.213074]]}},{"type":"Feature","properties":{"nama":null,"jenis":"trotoar","sumber":"OSM","atribut":{},"layer_id":"inklusivitas"},"geometry":{"type":"LineString","coordinates":[[106.830276,-6.225263],[106.830304,-6.22527],[106.830318,-6.225273]]}},{"type":"Feature","properties":{"nama":null,"jenis":"trotoar","sumber":"OSM","atribut":{},"layer_id":"inklusivitas"},"geometry":{"type":"LineString","coordinates":[[106.835231,-6.225401],[106.834749,-6.225448]]}},{"type":"Feature","properties":{"nama":null,"jenis":"trotoar","sumber":"OSM","atribut":{},"layer_id":"inklusivitas"},"geometry":{"type":"LineString","coordinates":[[106.835539,-6.225361],[106.835231,-6.225401]]}},{"type":"Feature","properties":{"nama":null,"jenis":"trotoar","sumber":"OSM","atribut":{},"layer_id":"inklusivitas"},"geometry":{"type":"LineString","coordinates":[[106.798691,-6.23397],[106.798674,-6.233982],[106.798649,-6.234022],[106.798641,-6.234072],[106.798637,-6.234233],[106.798637,-6.234688],[106.798636,-6.234835],[106.798635,-6.234963],[106.798634,-6.235056],[106.798633,-6.235434],[106.798628,-6.235962],[106.798616,-6.236584],[106.79862,-6.236629],[106.798633,-6.236655],[106.798668,-6.23667],[106.799226,-6.236655]]}},{"type":"Feature","properties":{"nama":null,"jenis":"trotoar","sumber":"OSM","atribut":{},"layer_id":"inklusivitas"},"geometry":{"type":"LineString","coordinates":[[106.799252,-6.236841],[106.798758,-6.236847],[106.79867,-6.23685],[106.798636,-6.236859],[106.798618,-6.236881],[106.798612,-6.236913],[106.798612,-6.237023],[106.798614,-6.237662],[106.798615,-6.237777],[106.798614,-6.237976],[106.798599,-6.237977],[106.798603,-6.238269],[106.798605,-6.238388],[106.798605,-6.238423],[106.798606,-6.238426],[106.798608,-6.238594],[106.798612,-6.238888],[106.798623,-6.238889],[106.798626,-6.239083],[106.79863,-6.239454],[106.798642,-6.239521],[106.798672,-6.239571],[106.79873,-6.239632],[106.798756,-6.239661],[106.798838,-6.239696],[106.798939,-6.239709],[106.79907,-6.239705],[106.799221,-6.239701],[106.799827,-6.239695],[106.799978,-6.239693]]}},{"type":"Feature","properties":{"nama":null,"jenis":"trotoar","sumber":"OSM","atribut":{},"layer_id":"inklusivitas"},"geometry":{"type":"LineString","coordinates":[[106.797894,-6.239777],[106.798103,-6.239774],[106.798136,-6.239774],[106.798169,-6.239773],[106.79822,-6.239767],[106.798239,-6.239758],[106.798254,-6.239751],[106.798262,-6.239745],[106.798274,-6.239737],[106.798286,-6.239718],[106.798296,-6.2397],[106.798301,-6.239665],[106.798301,-6.239637],[106.798298,-6.239562],[106.7983,-6.239079],[106.798304,-6.237973],[106.798304,-6.237801],[106.79831,-6.237726],[106.79832,-6.237669],[106.798311,-6.236968],[106.798311,-6.236932],[106.7983,-6.236908],[106.798277,-6.236883],[106.798244,-6.236867],[106.798229,-6.236867],[106.79815,-6.236862]]}},{"type":"Feature","properties":{"nama":null,"jenis":"trotoar","sumber":"OSM","atribut":{},"layer_id":"inklusivitas"},"geometry":{"type":"LineString","coordinates":[[106.798129,-6.23663],[106.798231,-6.236626],[106.798265,-6.236621],[106.798291,-6.236604],[106.798312,-6.236575],[106.798316,-6.236484],[106.798307,-6.235296],[106.798304,-6.235026],[106.798288,-6.235004],[106.798263,-6.234987],[106.798229,-6.234978],[106.798047,-6.234973]]}},{"type":"Feature","properties":{"nama":null,"jenis":"trotoar","sumber":"OSM","atribut":{},"layer_id":"inklusivitas"},"geometry":{"type":"LineString","coordinates":[[106.798121,-6.234748],[106.79826,-6.234748],[106.798282,-6.234739],[106.798295,-6.234721],[106.7983,-6.234686],[106.798298,-6.233909],[106.798295,-6.233131],[106.798292,-6.233108],[106.798279,-6.233094],[106.798259,-6.233091],[106.798232,-6.233086],[106.797675,-6.233098],[106.797652,-6.233113],[106.797641,-6.233134],[106.797639,-6.233141],[106.797638,-6.233175]]}},{"type":"Feature","properties":{"nama":null,"jenis":"trotoar","sumber":"OSM","atribut":{},"layer_id":"inklusivitas"},"geometry":{"type":"LineString","coordinates":[[106.796815,-6.24333],[106.796909,-6.243476],[106.796944,-6.243525],[106.796978,-6.243552],[106.797026,-6.243568],[106.797063,-6.243564],[106.797601,-6.243221],[106.798067,-6.242915],[106.798164,-6.242827],[106.798217,-6.242703],[106.798276,-6.24249],[106.798302,-6.242343],[106.798305,-6.242323],[106.798313,-6.242031],[106.798309,-6.241133],[106.798309,-6.241056],[106.798307,-6.240595],[106.798312,-6.240393],[106.798308,-6.240282],[106.798303,-6.240236],[106.798279,-6.240184],[106.798198,-6.240092],[106.798129,-6.240024],[106.798075,-6.240002],[106.797933,-6.239997],[106.797623,-6.239993]]}},{"type":"Feature","properties":{"nama":null,"jenis":"trotoar","sumber":"OSM","atribut":{},"layer_id":"inklusivitas"},"geometry":{"type":"LineString","coordinates":[[106.799476,-6.240071],[106.798764,-6.240075],[106.798719,-6.240089],[106.798675,-6.240129],[106.798604,-6.240196],[106.798592,-6.240232],[106.798586,-6.240286],[106.798584,-6.240607],[106.798586,-6.240853],[106.798582,-6.241514],[106.798586,-6.24212],[106.798619,-6.242187],[106.798646,-6.242215],[106.798696,-6.242242],[106.798762,-6.242258],[106.798826,-6.242258],[106.799022,-6.242261]]}},{"type":"Feature","properties":{"nama":null,"jenis":"trotoar","sumber":"OSM","atribut":{},"layer_id":"inklusivitas"},"geometry":{"type":"LineString","coordinates":[[106.798945,-6.242397],[106.798825,-6.242395],[106.798766,-6.242395],[106.798742,-6.242405],[106.798731,-6.242427],[106.798733,-6.242451],[106.798753,-6.242483],[106.798991,-6.242765]]}},{"type":"Feature","properties":{"nama":null,"jenis":"trotoar","sumber":"OSM","atribut":{},"layer_id":"inklusivitas"},"geometry":{"type":"LineString","coordinates":[[106.799928,-6.243854],[106.798623,-6.243871],[106.798318,-6.243874],[106.798292,-6.243874],[106.798282,-6.243874],[106.798275,-6.24388],[106.798272,-6.243888],[106.798271,-6.244077],[106.798272,-6.244394]]}},{"type":"Feature","properties":{"nama":null,"jenis":"trotoar","sumber":"OSM","atribut":{},"layer_id":"inklusivitas"},"geometry":{"type":"LineString","coordinates":[[106.798272,-6.244502],[106.798274,-6.245082],[106.798274,-6.245126],[106.798276,-6.245482],[106.798268,-6.2456],[106.79826,-6.24569],[106.798254,-6.245734],[106.79826,-6.245757],[106.79829,-6.245778],[106.798336,-6.245791],[106.798361,-6.245792],[106.798403,-6.245794],[106.798688,-6.2458]]}},{"type":"Feature","properties":{"nama":null,"jenis":"trotoar","sumber":"OSM","atribut":{},"layer_id":"inklusivitas"},"geometry":{"type":"LineString","coordinates":[[106.797668,-6.245202],[106.797883,-6.245607],[106.797893,-6.245647],[106.797888,-6.245684],[106.797874,-6.245704],[106.797844,-6.245744],[106.797794,-6.245788],[106.79775,-6.245804],[106.797635,-6.245802],[106.79726,-6.245772],[106.796175,-6.24569]]}},{"type":"Feature","properties":{"nama":null,"jenis":"trotoar","sumber":"OSM","atribut":{},"layer_id":"inklusivitas"},"geometry":{"type":"LineString","coordinates":[[106.79711,-6.245921],[106.797549,-6.245946],[106.797739,-6.24596],[106.797814,-6.245972],[106.797867,-6.245985],[106.797895,-6.246006],[106.797909,-6.246038],[106.797907,-6.246061],[106.797892,-6.246198],[106.79786,-6.246471]]}},{"type":"Feature","properties":{"nama":null,"jenis":"trotoar","sumber":"OSM","atribut":{},"layer_id":"inklusivitas"},"geometry":{"type":"LineString","coordinates":[[106.798567,-6.245968],[106.798357,-6.245969],[106.798267,-6.245971],[106.798222,-6.245971],[106.798182,-6.245982],[106.798155,-6.246017],[106.798144,-6.246075],[106.798103,-6.246332],[106.798051,-6.246684],[106.797917,-6.247576],[106.79789,-6.247757],[106.797779,-6.248533],[106.797638,-6.249531],[106.797646,-6.249568],[106.797661,-6.249579],[106.797681,-6.249594],[106.797768,-6.249615],[106.797942,-6.249631]]}},{"type":"Feature","properties":{"nama":null,"jenis":"trotoar","sumber":"OSM","atribut":{},"layer_id":"inklusivitas"},"geometry":{"type":"LineString","coordinates":[[106.796747,-6.249434],[106.797071,-6.249522],[106.79725,-6.249554],[106.797414,-6.249568],[106.797441,-6.249556],[106.79746,-6.249519],[106.797473,-6.249392],[106.797522,-6.248989],[106.797536,-6.24887],[106.797627,-6.24824],[106.797643,-6.24813],[106.797751,-6.24742],[106.79786,-6.246471]]}},{"type":"Feature","properties":{"nama":null,"jenis":"trotoar","sumber":"OSM","atribut":{},"layer_id":"inklusivitas"},"geometry":{"type":"LineString","coordinates":[[106.798027,-6.245281],[106.79803,-6.24513],[106.798034,-6.244854],[106.79804,-6.244704],[106.798039,-6.244233],[106.79804,-6.244142],[106.79804,-6.243909],[106.79804,-6.243786],[106.79804,-6.243646],[106.798041,-6.24346],[106.798051,-6.243199],[106.798079,-6.243041],[106.798075,-6.243024],[106.798058,-6.243026],[106.797946,-6.243101],[106.797798,-6.243208]]}},{"type":"Feature","properties":{"nama":null,"jenis":"trotoar","sumber":"OSM","atribut":{},"layer_id":"inklusivitas"},"geometry":{"type":"LineString","coordinates":[[106.797326,-6.255124],[106.797316,-6.255134],[106.797314,-6.255153],[106.797282,-6.255465],[106.797305,-6.255467],[106.797236,-6.256118],[106.797217,-6.256116],[106.797186,-6.256431],[106.797184,-6.256461],[106.797192,-6.256472]]}},{"type":"Feature","properties":{"nama":null,"jenis":"trotoar","sumber":"OSM","atribut":{},"layer_id":"inklusivitas"},"geometry":{"type":"LineString","coordinates":[[106.797363,-6.255075],[106.797335,-6.255023],[106.797331,-6.25501],[106.797342,-6.254898],[106.797359,-6.254883],[106.797387,-6.25488],[106.797749,-6.254882]]}},{"type":"Feature","properties":{"nama":null,"jenis":"trotoar","sumber":"OSM","atribut":{},"layer_id":"inklusivitas"},"geometry":{"type":"LineString","coordinates":[[106.797588,-6.254705],[106.797393,-6.254694],[106.797376,-6.254691],[106.797363,-6.25468],[106.797359,-6.254659],[106.797366,-6.254593],[106.797371,-6.254536],[106.797389,-6.254333],[106.79745,-6.253412],[106.797459,-6.253252],[106.797464,-6.253236],[106.797476,-6.253229],[106.797537,-6.253214],[106.797918,-6.253119],[106.797947,-6.253125],[106.797956,-6.25315],[106.797955,-6.253187]]}},{"type":"Feature","properties":{"nama":null,"jenis":"trotoar","sumber":"OSM","atribut":{},"layer_id":"inklusivitas"},"geometry":{"type":"LineString","coordinates":[[106.797211,-6.2565],[106.797168,-6.256549],[106.797155,-6.256688],[106.797124,-6.257037],[106.797066,-6.257701],[106.797071,-6.257733],[106.797094,-6.257748],[106.797132,-6.257756],[106.79733,-6.257743],[106.797975,-6.257691]]}},{"type":"Feature","properties":{"nama":null,"jenis":"trotoar","sumber":"OSM","atribut":{},"layer_id":"inklusivitas"},"geometry":{"type":"LineString","coordinates":[[106.796782,-6.258446],[106.796825,-6.258036],[106.796843,-6.257845],[106.796852,-6.257757],[106.796896,-6.257348],[106.796926,-6.257051],[106.796961,-6.256727],[106.797004,-6.256331],[106.797005,-6.256316],[106.797047,-6.255897],[106.797018,-6.255894],[106.796986,-6.255891],[106.797018,-6.25556],[106.797036,-6.255563],[106.797064,-6.255308],[106.797076,-6.255194],[106.797078,-6.255173],[106.797096,-6.255025],[106.797121,-6.25499],[106.797131,-6.254887],[106.797123,-6.254849],[106.797104,-6.254832],[106.797082,-6.254828]]}},{"type":"Feature","properties":{"nama":null,"jenis":"trotoar","sumber":"OSM","atribut":{},"layer_id":"inklusivitas"},"geometry":{"type":"LineString","coordinates":[[106.796947,-6.256289],[106.796944,-6.256312],[106.796975,-6.256314],[106.797005,-6.256316]]}},{"type":"Feature","properties":{"nama":null,"jenis":"trotoar","sumber":"OSM","atribut":{},"layer_id":"inklusivitas"},"geometry":{"type":"LineString","coordinates":[[106.79709,-6.254742],[106.797118,-6.25474],[106.797137,-6.254731],[106.797151,-6.25471],[106.797156,-6.254665],[106.79725,-6.253747],[106.797291,-6.253101]]}},{"type":"Feature","properties":{"nama":null,"jenis":"trotoar","sumber":"OSM","atribut":{},"layer_id":"inklusivitas"},"geometry":{"type":"LineString","coordinates":[[106.7975,-6.265965],[106.797495,-6.265972],[106.797494,-6.265982],[106.797493,-6.265993],[106.797477,-6.266317],[106.797465,-6.266552],[106.797455,-6.26673],[106.797454,-6.266747],[106.797431,-6.267106],[106.797426,-6.267229],[106.797425,-6.267249],[106.797425,-6.267253],[106.797427,-6.267256],[106.79743,-6.267261]]}},{"type":"Feature","properties":{"nama":null,"jenis":"trotoar","sumber":"OSM","atribut":{},"layer_id":"inklusivitas"},"geometry":{"type":"LineString","coordinates":[[106.797918,-6.263985],[106.797612,-6.263968],[106.797461,-6.26396],[106.797419,-6.263965],[106.797383,-6.263986],[106.797364,-6.264016],[106.797365,-6.264055],[106.79737,-6.264096],[106.797414,-6.264266],[106.797451,-6.264426],[106.797458,-6.264465],[106.797473,-6.264594],[106.797486,-6.264831],[106.797489,-6.264902],[106.797491,-6.264934],[106.797511,-6.265599],[106.797511,-6.265654]]}},{"type":"Feature","properties":{"nama":null,"jenis":"trotoar","sumber":"OSM","atribut":{},"layer_id":"inklusivitas"},"geometry":{"type":"LineString","coordinates":[[106.797468,-6.267293],[106.797479,-6.267305],[106.797476,-6.267337],[106.797474,-6.267359],[106.797466,-6.267494],[106.797463,-6.267522],[106.797457,-6.26755],[106.797427,-6.267652],[106.79741,-6.267712],[106.797401,-6.267773],[106.797401,-6.267818],[106.797408,-6.268051],[106.797414,-6.268145],[106.797428,-6.268332],[106.797439,-6.268489],[106.797442,-6.268522],[106.797454,-6.268694],[106.79746,-6.268844],[106.797464,-6.268904],[106.797504,-6.26937],[106.797515,-6.269501],[106.797552,-6.269962],[106.797561,-6.270077],[106.797583,-6.270353],[106.797589,-6.270437],[106.7976,-6.270599],[106.797623,-6.27089],[106.797641,-6.271126],[106.797653,-6.271276],[106.797662,-6.271399],[106.797675,-6.271584],[106.797689,-6.271782]]}},{"type":"Feature","properties":{"nama":null,"jenis":"trotoar","sumber":"OSM","atribut":{},"layer_id":"inklusivitas"},"geometry":{"type":"LineString","coordinates":[[106.797512,-6.265787],[106.797511,-6.265805],[106.797511,-6.265875],[106.797514,-6.265895],[106.797521,-6.265917],[106.797533,-6.265949],[106.797528,-6.265952]]}},{"type":"Feature","properties":{"nama":null,"jenis":"trotoar","sumber":"OSM","atribut":{},"layer_id":"inklusivitas"},"geometry":{"type":"LineString","coordinates":[[106.797262,-6.26593],[106.797251,-6.265957],[106.797246,-6.265981],[106.797241,-6.26606],[106.797228,-6.266289],[106.797194,-6.266918],[106.797174,-6.267231],[106.797172,-6.26727],[106.797167,-6.267275]]}},{"type":"Feature","properties":{"nama":null,"jenis":"trotoar","sumber":"OSM","atribut":{},"layer_id":"inklusivitas"},"geometry":{"type":"LineString","coordinates":[[106.797149,-6.267293],[106.797163,-6.267316],[106.79717,-6.267336],[106.79718,-6.267383],[106.797194,-6.267442],[106.797201,-6.267547],[106.797202,-6.267739],[106.797205,-6.267871],[106.797206,-6.267915],[106.797207,-6.267993],[106.797211,-6.268221],[106.797216,-6.26834],[106.797218,-6.268374],[106.797226,-6.268539],[106.797247,-6.268804],[106.797251,-6.268886],[106.797257,-6.268993],[106.797293,-6.269384],[106.797318,-6.269738],[106.797343,-6.269964],[106.797356,-6.270079],[106.797383,-6.270459],[106.797388,-6.27053],[106.797432,-6.271132],[106.79748,-6.271778],[106.797487,-6.271903],[106.797501,-6.272111],[106.79751,-6.27224],[106.797518,-6.27236],[106.797527,-6.272497],[106.797567,-6.273211],[106.797572,-6.273294],[106.797583,-6.273588],[106.797588,-6.273726],[106.797603,-6.274131],[106.79761,-6.274473],[106.797619,-6.274851],[106.797624,-6.275655],[106.797626,-6.275802],[106.797632,-6.275959],[106.79764,-6.276243],[106.797642,-6.27642],[106.797642,-6.276498],[106.797641,-6.276527],[106.797624,-6.276747],[106.79761,-6.276835],[106.797606,-6.276868],[106.797572,-6.277076],[106.79754,-6.277206],[106.797518,-6.277297],[106.797489,-6.277361],[106.797468,-6.277396],[106.797429,-6.277459],[106.797393,-6.277501],[106.797407,-6.277515]]}},{"type":"Feature","properties":{"nama":null,"jenis":"trotoar","sumber":"OSM","atribut":{},"layer_id":"inklusivitas"},"geometry":{"type":"LineString","coordinates":[[106.797226,-6.265898],[106.797255,-6.26585],[106.797271,-6.265814],[106.797279,-6.265789],[106.797285,-6.265759],[106.797288,-6.265664],[106.797277,-6.265326],[106.797251,-6.264719],[106.797242,-6.264598],[106.797236,-6.264511],[106.797213,-6.264327],[106.797182,-6.264164],[106.797142,-6.264024],[106.797124,-6.263983],[106.797106,-6.263972],[106.797094,-6.263974],[106.796892,-6.264015]]}},{"type":"Feature","properties":{"nama":null,"jenis":"trotoar","sumber":"OSM","atribut":{},"layer_id":"inklusivitas"},"geometry":{"type":"LineString","coordinates":[[106.795972,-6.282362],[106.795989,-6.282246],[106.79601,-6.282068],[106.796044,-6.281908],[106.796084,-6.281748],[106.796117,-6.281618],[106.796122,-6.281598],[106.796158,-6.281457],[106.796238,-6.281148],[106.796257,-6.281077],[106.796262,-6.281056],[106.796317,-6.280864],[106.796329,-6.280824],[106.796341,-6.28078],[106.796428,-6.280511],[106.796459,-6.280429],[106.796589,-6.280162],[106.79666,-6.280015],[106.796771,-6.279749],[106.79679,-6.279704],[106.796847,-6.279566],[106.796952,-6.279308],[106.796965,-6.279251],[106.796949,-6.279089],[106.79695,-6.279048],[106.796971,-6.278939],[106.796981,-6.27889],[106.797043,-6.278677]]}},{"type":"Feature","properties":{"nama":null,"jenis":"trotoar","sumber":"OSM","atribut":{},"layer_id":"inklusivitas"},"geometry":{"type":"LineString","coordinates":[[106.797442,-6.27755],[106.797453,-6.277562],[106.797415,-6.277598],[106.7974,-6.277623],[106.797383,-6.277681],[106.797368,-6.277734],[106.797298,-6.277982],[106.797211,-6.278288],[106.797165,-6.27845],[106.797096,-6.278694],[106.797049,-6.278854]]}},{"type":"Feature","properties":{"nama":null,"jenis":"trotoar","sumber":"OSM","atribut":{},"layer_id":"inklusivitas"},"geometry":{"type":"LineString","coordinates":[[106.797965,-6.277219],[106.797782,-6.277182],[106.797767,-6.277179],[106.797754,-6.277184],[106.797745,-6.277199],[106.797726,-6.277285],[106.797686,-6.277465],[106.797686,-6.277485],[106.79769,-6.277504],[106.7977,-6.277533],[106.797712,-6.277599]]}},{"type":"Feature","properties":{"nama":null,"jenis":"trotoar","sumber":"OSM","atribut":{},"layer_id":"inklusivitas"},"geometry":{"type":"LineString","coordinates":[[106.797667,-6.27762],[106.797657,-6.277635],[106.797648,-6.277671],[106.797618,-6.277779],[106.797537,-6.278072],[106.797445,-6.278403],[106.797304,-6.278913],[106.797256,-6.27909],[106.797257,-6.279104],[106.797267,-6.279119]]}},{"type":"Feature","properties":{"nama":null,"jenis":"trotoar","sumber":"OSM","atribut":{},"layer_id":"inklusivitas"},"geometry":{"type":"LineString","coordinates":[[106.797303,-6.279137],[106.797254,-6.279222],[106.797245,-6.27924],[106.797239,-6.279255]]}},{"type":"Feature","properties":{"nama":null,"jenis":"trotoar","sumber":"OSM","atribut":{},"layer_id":"inklusivitas"},"geometry":{"type":"LineString","coordinates":[[106.797568,-6.279351],[106.79723,-6.279367],[106.797186,-6.279384],[106.79716,-6.279407],[106.797139,-6.279436],[106.797037,-6.27968],[106.796857,-6.280088],[106.79682,-6.280173],[106.796652,-6.280494]]}},{"type":"Feature","properties":{"nama":null,"jenis":"trotoar","sumber":"OSM","atribut":{},"layer_id":"inklusivitas"},"geometry":{"type":"LineString","coordinates":[[106.797957,-6.277122],[106.797802,-6.277081],[106.797791,-6.27707],[106.797789,-6.277055],[106.79782,-6.27686],[106.797841,-6.276676],[106.797848,-6.276481],[106.797848,-6.276273],[106.797843,-6.275955],[106.797839,-6.275772],[106.797833,-6.275499],[106.797824,-6.27509],[106.797817,-6.274738],[106.797816,-6.274705],[106.797784,-6.273766],[106.797743,-6.272869],[106.797742,-6.272847],[106.79772,-6.272464],[106.797719,-6.272435],[106.797698,-6.272072],[106.797696,-6.272033],[106.797689,-6.271782]]}},{"type":"Feature","properties":{"nama":null,"jenis":"trotoar","sumber":"OSM","atribut":{},"layer_id":"inklusivitas"},"geometry":{"type":"LineString","coordinates":[[106.793414,-6.292608],[106.793483,-6.292609],[106.793482,-6.292583]]}},{"type":"Feature","properties":{"nama":null,"jenis":"trotoar","sumber":"OSM","atribut":{},"layer_id":"inklusivitas"},"geometry":{"type":"LineString","coordinates":[[106.789179,-6.292549],[106.78937,-6.29255],[106.789511,-6.29255],[106.789611,-6.29255],[106.789978,-6.29255],[106.790201,-6.29255],[106.790415,-6.292549],[106.790633,-6.292548],[106.790859,-6.292547],[106.791375,-6.292543],[106.791589,-6.292546],[106.79194,-6.292549],[106.791958,-6.292554],[106.791981,-6.292585],[106.792011,-6.292639],[106.792027,-6.29267]]}},{"type":"Feature","properties":{"nama":null,"jenis":"trotoar","sumber":"OSM","atribut":{},"layer_id":"inklusivitas"},"geometry":{"type":"LineString","coordinates":[[106.793478,-6.292355],[106.793512,-6.292351],[106.793557,-6.292343],[106.793733,-6.292342],[106.793999,-6.292344],[106.794319,-6.292356],[106.794908,-6.292356],[106.794928,-6.29235],[106.79495,-6.292333],[106.794962,-6.292306],[106.794962,-6.292275],[106.794951,-6.29224],[106.794937,-6.292218],[106.794922,-6.2922],[106.794885,-6.292179]]}},{"type":"Feature","properties":{"nama":null,"jenis":"trotoar","sumber":"OSM","atribut":{},"layer_id":"inklusivitas"},"geometry":{"type":"LineString","coordinates":[[106.794911,-6.292039],[106.794936,-6.29204],[106.79512,-6.29205],[106.795112,-6.292273],[106.795108,-6.292367]]}},{"type":"Feature","properties":{"nama":null,"jenis":"trotoar","sumber":"OSM","atribut":{},"layer_id":"inklusivitas"},"geometry":{"type":"LineString","coordinates":[[106.794936,-6.29204],[106.794976,-6.292058],[106.795017,-6.292085],[106.795056,-6.29212],[106.795089,-6.292167],[106.795101,-6.292206],[106.795106,-6.292234],[106.795112,-6.292273],[106.795092,-6.292334],[106.795065,-6.292369],[106.795108,-6.292367]]}},{"type":"Feature","properties":{"nama":null,"jenis":"trotoar","sumber":"OSM","atribut":{},"layer_id":"inklusivitas"},"geometry":{"type":"LineString","coordinates":[[106.795021,-6.291845],[106.795072,-6.291819],[106.795102,-6.291789],[106.795116,-6.291735],[106.795117,-6.291621],[106.795126,-6.291321],[106.79514,-6.290881],[106.795147,-6.290635],[106.795154,-6.290496],[106.795156,-6.290474],[106.795192,-6.290246],[106.795242,-6.290017]]}},{"type":"Feature","properties":{"nama":null,"jenis":"trotoar","sumber":"OSM","atribut":{},"layer_id":"inklusivitas"},"geometry":{"type":"LineString","coordinates":[[106.792122,-6.292659],[106.792119,-6.292634],[106.792116,-6.2926],[106.792118,-6.292576],[106.792131,-6.292557],[106.792158,-6.292551],[106.792426,-6.292553],[106.792642,-6.292555],[106.792923,-6.292558],[106.793121,-6.29256],[106.79321,-6.29256],[106.79323,-6.29256],[106.793402,-6.292562],[106.793482,-6.292583],[106.793873,-6.292589],[106.79418,-6.292595]]}},{"type":"Feature","properties":{"nama":null,"jenis":"trotoar","sumber":"OSM","atribut":{},"layer_id":"inklusivitas"},"geometry":{"type":"LineString","coordinates":[[106.776429,-6.289071],[106.776371,-6.289072],[106.776372,-6.28909],[106.776368,-6.289104],[106.77635,-6.28911],[106.776257,-6.28911],[106.776201,-6.289122],[106.776152,-6.289147],[106.776115,-6.289166],[106.776084,-6.289178],[106.776049,-6.28918],[106.776049,-6.289161],[106.775773,-6.28916],[106.775612,-6.289158],[106.77547,-6.289157],[106.77547,-6.289173],[106.775349,-6.289172],[106.77529,-6.289171],[106.775172,-6.289169],[106.774943,-6.289165],[106.774275,-6.28915],[106.773948,-6.289143],[106.773948,-6.289122],[106.773619,-6.289115]]}},{"type":"Feature","properties":{"nama":null,"jenis":"trotoar","sumber":"OSM","atribut":{},"layer_id":"inklusivitas"},"geometry":{"type":"LineString","coordinates":[[106.775318,-6.288689],[106.775317,-6.288914],[106.775312,-6.288915],[106.775292,-6.288915],[106.775291,-6.289121],[106.77529,-6.289171]]}},{"type":"Feature","properties":{"nama":null,"jenis":"trotoar","sumber":"OSM","atribut":{},"layer_id":"inklusivitas"},"geometry":{"type":"LineString","coordinates":[[106.834491,-6.213254],[106.834517,-6.213251],[106.834764,-6.213408]]}},{"type":"Feature","properties":{"nama":null,"jenis":"trotoar","sumber":"OSM","atribut":{},"layer_id":"inklusivitas"},"geometry":{"type":"LineString","coordinates":[[106.777295,-6.289391],[106.777275,-6.289346],[106.777266,-6.289291],[106.777295,-6.289197],[106.777334,-6.289147],[106.777448,-6.289093],[106.777577,-6.289059],[106.777623,-6.289054],[106.777683,-6.289046],[106.777841,-6.289059],[106.77807,-6.289102],[106.778172,-6.289134]]}},{"type":"Feature","properties":{"nama":null,"jenis":"trotoar","sumber":"OSM","atribut":{},"layer_id":"inklusivitas"},"geometry":{"type":"LineString","coordinates":[[106.777692,-6.288926],[106.777762,-6.288867],[106.777781,-6.288838],[106.777808,-6.288794],[106.77801,-6.288965]]}},{"type":"Feature","properties":{"nama":null,"jenis":"trotoar","sumber":"OSM","atribut":{},"layer_id":"inklusivitas"},"geometry":{"type":"LineString","coordinates":[[106.77771,-6.288789],[106.777662,-6.288725]]}},{"type":"Feature","properties":{"nama":null,"jenis":"trotoar","sumber":"OSM","atribut":{},"layer_id":"inklusivitas"},"geometry":{"type":"LineString","coordinates":[[106.777042,-6.289013],[106.777135,-6.28897],[106.777329,-6.28885],[106.777607,-6.288659],[106.777642,-6.288606],[106.777639,-6.288555],[106.777614,-6.288509],[106.777441,-6.288275]]}},{"type":"Feature","properties":{"nama":null,"jenis":"trotoar","sumber":"OSM","atribut":{},"layer_id":"inklusivitas"},"geometry":{"type":"LineString","coordinates":[[106.77779,-6.288258],[106.777716,-6.288288],[106.777658,-6.288288],[106.777574,-6.288263],[106.777708,-6.288447],[106.777733,-6.288471],[106.777755,-6.288466],[106.777764,-6.288455],[106.77779,-6.288258]]}},{"type":"Feature","properties":{"nama":null,"jenis":"trotoar","sumber":"OSM","atribut":{},"layer_id":"inklusivitas"},"geometry":{"type":"LineString","coordinates":[[106.777847,-6.2885],[106.777851,-6.28847],[106.777886,-6.288403],[106.778097,-6.288223],[106.777944,-6.288057]]}},{"type":"Feature","properties":{"nama":null,"jenis":"trotoar","sumber":"OSM","atribut":{},"layer_id":"inklusivitas"},"geometry":{"type":"LineString","coordinates":[[106.778215,-6.288322],[106.778184,-6.288335],[106.777983,-6.288511]]}},{"type":"Feature","properties":{"nama":null,"jenis":"trotoar","sumber":"OSM","atribut":{},"layer_id":"inklusivitas"},"geometry":{"type":"LineString","coordinates":[[106.777975,-6.288635],[106.777988,-6.288622],[106.777976,-6.288593]]}},{"type":"Feature","properties":{"nama":null,"jenis":"trotoar","sumber":"OSM","atribut":{},"layer_id":"inklusivitas"},"geometry":{"type":"LineString","coordinates":[[106.777988,-6.288622],[106.778028,-6.288634],[106.778069,-6.288619],[106.778302,-6.288421]]}},{"type":"Feature","properties":{"nama":null,"jenis":"trotoar","sumber":"OSM","atribut":{},"layer_id":"inklusivitas"},"geometry":{"type":"LineString","coordinates":[[106.778307,-6.288242],[106.778358,-6.28829],[106.778459,-6.288213]]}},{"type":"Feature","properties":{"nama":null,"jenis":"trotoar","sumber":"OSM","atribut":{},"layer_id":"inklusivitas"},"geometry":{"type":"LineString","coordinates":[[106.778415,-6.288338],[106.778491,-6.288272]]}},{"type":"Feature","properties":{"nama":null,"jenis":"trotoar","sumber":"OSM","atribut":{},"layer_id":"inklusivitas"},"geometry":{"type":"LineString","coordinates":[[106.778588,-6.288508],[106.77856,-6.2884],[106.778558,-6.28835],[106.778566,-6.288297],[106.778592,-6.288237],[106.77865,-6.28817],[106.779001,-6.287873]]}},{"type":"Feature","properties":{"nama":null,"jenis":"trotoar","sumber":"OSM","atribut":{},"layer_id":"inklusivitas"},"geometry":{"type":"LineString","coordinates":[[106.77825,-6.288091],[106.778207,-6.288129]]}},{"type":"Feature","properties":{"nama":null,"jenis":"trotoar","sumber":"OSM","atribut":{},"layer_id":"inklusivitas"},"geometry":{"type":"LineString","coordinates":[[106.778753,-6.287721],[106.778691,-6.287763],[106.778608,-6.287798],[106.778364,-6.287966],[106.778298,-6.287969],[106.778262,-6.287986],[106.778207,-6.287983],[106.778132,-6.287965],[106.778066,-6.287921],[106.777881,-6.287711]]}},{"type":"Feature","properties":{"nama":null,"jenis":"trotoar","sumber":"OSM","atribut":{},"layer_id":"inklusivitas"},"geometry":{"type":"LineString","coordinates":[[106.818173,-6.21526],[106.818144,-6.215263],[106.818111,-6.215276],[106.817987,-6.215364],[106.817917,-6.21542],[106.817717,-6.215577],[106.817703,-6.21556],[106.817527,-6.21571],[106.817169,-6.216002]]}},{"type":"Feature","properties":{"nama":null,"jenis":"trotoar","sumber":"OSM","atribut":{},"layer_id":"inklusivitas"},"geometry":{"type":"LineString","coordinates":[[106.817019,-6.216114],[106.816788,-6.216291]]}},{"type":"Feature","properties":{"nama":null,"jenis":"trotoar","sumber":"OSM","atribut":{},"layer_id":"inklusivitas"},"geometry":{"type":"LineString","coordinates":[[106.817169,-6.216002],[106.817045,-6.216094],[106.817019,-6.216114]]}},{"type":"Feature","properties":{"nama":null,"jenis":"trotoar","sumber":"OSM","atribut":{},"layer_id":"inklusivitas"},"geometry":{"type":"LineString","coordinates":[[106.830885,-6.23359],[106.830977,-6.233527]]}},{"type":"Feature","properties":{"nama":null,"jenis":"trotoar","sumber":"OSM","atribut":{},"layer_id":"inklusivitas"},"geometry":{"type":"LineString","coordinates":[[106.831061,-6.233453],[106.831078,-6.233439],[106.831102,-6.233431],[106.831143,-6.233425],[106.831208,-6.233367],[106.831259,-6.23332],[106.831339,-6.233252]]}},{"type":"Feature","properties":{"nama":null,"jenis":"trotoar","sumber":"OSM","atribut":{},"layer_id":"inklusivitas"},"geometry":{"type":"LineString","coordinates":[[106.830227,-6.232895],[106.830889,-6.233508],[106.830885,-6.23359],[106.83053,-6.233792],[106.830131,-6.23402],[106.829765,-6.234191],[106.829104,-6.234499]]}},{"type":"Feature","properties":{"nama":null,"jenis":"trotoar","sumber":"OSM","atribut":{},"layer_id":"inklusivitas"},"geometry":{"type":"LineString","coordinates":[[106.831367,-6.233135],[106.831591,-6.232976],[106.83171,-6.232829],[106.83175,-6.232784],[106.831858,-6.232655],[106.832003,-6.23248]]}},{"type":"Feature","properties":{"nama":null,"jenis":"trotoar","sumber":"OSM","atribut":{},"layer_id":"inklusivitas"},"geometry":{"type":"LineString","coordinates":[[106.831695,-6.22593],[106.831068,-6.225811],[106.830003,-6.225533],[106.829366,-6.225353]]}},{"type":"Feature","properties":{"nama":null,"jenis":"trotoar","sumber":"OSM","atribut":{},"layer_id":"inklusivitas"},"geometry":{"type":"LineString","coordinates":[[106.813095,-6.219935],[106.813395,-6.220369],[106.813537,-6.220577],[106.813566,-6.220617],[106.813665,-6.220754],[106.813663,-6.220711],[106.813655,-6.220549],[106.813659,-6.220419],[106.813688,-6.220293],[106.813714,-6.220191],[106.81376,-6.220059],[106.813801,-6.219932],[106.813817,-6.21988],[106.813825,-6.219851],[106.813825,-6.219829],[106.813809,-6.219805],[106.813707,-6.219768]]}},{"type":"Feature","properties":{"nama":null,"jenis":"trotoar","sumber":"OSM","atribut":{},"layer_id":"inklusivitas"},"geometry":{"type":"LineString","coordinates":[[106.814403,-6.217969],[106.814388,-6.218028],[106.814268,-6.218127],[106.814181,-6.218196],[106.814041,-6.218306],[106.813875,-6.218438],[106.813787,-6.218508],[106.813395,-6.218828],[106.813008,-6.219113]]}},{"type":"Feature","properties":{"nama":null,"jenis":"trotoar","sumber":"OSM","atribut":{},"layer_id":"inklusivitas"},"geometry":{"type":"LineString","coordinates":[[106.833133,-6.220008],[106.833007,-6.220061],[106.83297,-6.220076],[106.832794,-6.220141],[106.832767,-6.22015],[106.832185,-6.220338],[106.83211,-6.220358],[106.832047,-6.220229],[106.831766,-6.219664],[106.831718,-6.219566],[106.831587,-6.21924],[106.83156,-6.21916],[106.831438,-6.218789],[106.83136,-6.218518],[106.831197,-6.217702]]}},{"type":"Feature","properties":{"nama":null,"jenis":"trotoar","sumber":"OSM","atribut":{},"layer_id":"inklusivitas"},"geometry":{"type":"LineString","coordinates":[[106.858548,-6.242742],[106.858545,-6.242746]]}},{"type":"Feature","properties":{"nama":null,"jenis":"trotoar","sumber":"OSM","atribut":{},"layer_id":"inklusivitas"},"geometry":{"type":"LineString","coordinates":[[106.859145,-6.242843],[106.858858,-6.242854]]}},{"type":"Feature","properties":{"nama":null,"jenis":"trotoar","sumber":"OSM","atribut":{},"layer_id":"inklusivitas"},"geometry":{"type":"LineString","coordinates":[[106.799476,-6.240071],[106.80008,-6.240068],[106.800612,-6.240061],[106.80071,-6.240068],[106.800756,-6.240109],[106.800783,-6.240145],[106.800803,-6.240252],[106.800798,-6.240499],[106.800798,-6.240774],[106.8008,-6.240878],[106.800808,-6.241192],[106.800813,-6.241368],[106.800815,-6.241787],[106.80082,-6.242156],[106.800807,-6.242215],[106.800781,-6.242254],[106.800733,-6.242279],[106.800721,-6.24228],[106.800597,-6.242283],[106.800009,-6.242282],[106.799499,-6.242283],[106.799265,-6.242273],[106.79919,-6.242271],[106.799104,-6.242263],[106.799022,-6.242261]]}},{"type":"Feature","properties":{"nama":null,"jenis":"trotoar","sumber":"OSM","atribut":{},"layer_id":"inklusivitas"},"geometry":{"type":"LineString","coordinates":[[106.798945,-6.242397],[106.798985,-6.242391],[106.799021,-6.242378],[106.799053,-6.242366],[106.799228,-6.242363],[106.799547,-6.242359],[106.799612,-6.242369],[106.800215,-6.242369],[106.800504,-6.242366],[106.800675,-6.242372],[106.800717,-6.242388],[106.800742,-6.242411],[106.80077,-6.242451],[106.800786,-6.242485],[106.800797,-6.24254],[106.800795,-6.242732],[106.800787,-6.242992],[106.800782,-6.243122],[106.80078,-6.243191],[106.800775,-6.243236]]}},{"type":"Feature","properties":{"nama":null,"jenis":"trotoar","sumber":"OSM","atribut":{},"layer_id":"inklusivitas"},"geometry":{"type":"LineString","coordinates":[[106.800874,-6.243235],[106.800877,-6.24319],[106.800888,-6.243033],[106.800896,-6.242834],[106.800897,-6.242543],[106.800902,-6.242277],[106.800902,-6.242217],[106.800901,-6.241952],[106.800906,-6.241582],[106.8009,-6.241263],[106.800911,-6.241189],[106.800914,-6.241168],[106.800941,-6.241145],[106.800989,-6.241143],[106.801166,-6.241141],[106.80142,-6.241138],[106.801529,-6.241137],[106.801626,-6.241137]]}},{"type":"Feature","properties":{"nama":null,"jenis":"trotoar","sumber":"OSM","atribut":{},"layer_id":"inklusivitas"},"geometry":{"type":"LineString","coordinates":[[106.796631,-6.24342],[106.796737,-6.243598],[106.79676,-6.243633],[106.796767,-6.243664],[106.796765,-6.2437],[106.796751,-6.243724],[106.796671,-6.243782],[106.796535,-6.243855],[106.79638,-6.243947],[106.796316,-6.243988],[106.796138,-6.244103],[106.795933,-6.244243],[106.795709,-6.24443],[106.795504,-6.244598],[106.795463,-6.244661],[106.795394,-6.244719],[106.795281,-6.244802],[106.795088,-6.244935],[106.795036,-6.244961],[106.795013,-6.244963],[106.794987,-6.244951],[106.794975,-6.244925],[106.79492,-6.244807],[106.794847,-6.244701],[106.794734,-6.244576],[106.794703,-6.244534],[106.794656,-6.244513],[106.794515,-6.24461],[106.794428,-6.244676],[106.794376,-6.244715],[106.79429,-6.244878],[106.794224,-6.244959],[106.794183,-6.244997],[106.79413,-6.245005],[106.794037,-6.245009],[106.793965,-6.24499],[106.793917,-6.244948],[106.793808,-6.244772],[106.793639,-6.244491],[106.793428,-6.244107],[106.793381,-6.24402],[106.793311,-6.243798],[106.793243,-6.243544],[106.793191,-6.243233],[106.793181,-6.243178],[106.793144,-6.242984],[106.793125,-6.242862],[106.793082,-6.242555],[106.793051,-6.242376],[106.793025,-6.242154],[106.793,-6.241861],[106.793014,-6.241744]]}},{"type":"Feature","properties":{"nama":null,"jenis":"trotoar","sumber":"OSM","atribut":{},"layer_id":"inklusivitas"},"geometry":{"type":"LineString","coordinates":[[106.792773,-6.241888],[106.792813,-6.241928],[106.792847,-6.241979],[106.792859,-6.242019],[106.792869,-6.242154],[106.792885,-6.242318],[106.792906,-6.242474],[106.792938,-6.242673],[106.792965,-6.242845],[106.793001,-6.243066],[106.793021,-6.243218],[106.793057,-6.24341],[106.793072,-6.243494],[106.793088,-6.243592],[106.793091,-6.243607],[106.793105,-6.243676],[106.793162,-6.243893],[106.793179,-6.243946],[106.793221,-6.244048],[106.793278,-6.244179],[106.793375,-6.244342],[106.793468,-6.2445],[106.793658,-6.244813],[106.793814,-6.245057],[106.793861,-6.245131],[106.793909,-6.245208],[106.793976,-6.245311],[106.793986,-6.245333],[106.794076,-6.245527],[106.794192,-6.245745]]}},{"type":"Feature","properties":{"nama":null,"jenis":"trotoar","sumber":"OSM","atribut":{},"layer_id":"inklusivitas"},"geometry":{"type":"LineString","coordinates":[[106.79474,-6.245637],[106.794532,-6.245633],[106.794409,-6.245647],[106.794381,-6.245657],[106.794335,-6.245626],[106.794258,-6.245519],[106.794205,-6.245432],[106.794163,-6.245363],[106.794155,-6.2453],[106.794188,-6.245183],[106.794393,-6.244891],[106.794476,-6.244772],[106.794556,-6.24469],[106.794658,-6.244666],[106.794724,-6.244703],[106.794802,-6.244789],[106.794817,-6.244816],[106.794901,-6.244962],[106.794962,-6.245068],[106.794979,-6.245127],[106.795002,-6.245223],[106.795019,-6.245473],[106.795009,-6.245622],[106.794993,-6.245635],[106.794958,-6.245641],[106.79483,-6.245639],[106.79474,-6.245637]]}},{"type":"Feature","properties":{"nama":null,"jenis":"trotoar","sumber":"OSM","atribut":{},"layer_id":"inklusivitas"},"geometry":{"type":"LineString","coordinates":[[106.796094,-6.245681],[106.795642,-6.245673],[106.795557,-6.245678],[106.795496,-6.245681],[106.795111,-6.245649],[106.795063,-6.245644],[106.794993,-6.245635]]}},{"type":"Feature","properties":{"nama":null,"jenis":"trotoar","sumber":"OSM","atribut":{},"layer_id":"inklusivitas"},"geometry":{"type":"LineString","coordinates":[[106.798688,-6.2458],[106.798801,-6.245808],[106.79887,-6.245813],[106.799407,-6.245807],[106.799888,-6.245804]]}},{"type":"Feature","properties":{"nama":null,"jenis":"trotoar","sumber":"OSM","atribut":{},"layer_id":"inklusivitas"},"geometry":{"type":"LineString","coordinates":[[106.800054,-6.245801],[106.80071,-6.245801],[106.801252,-6.245792],[106.801349,-6.245792],[106.801382,-6.245806],[106.801423,-6.245805],[106.801473,-6.245804],[106.801527,-6.245823],[106.801985,-6.245819],[106.802023,-6.245819],[106.802635,-6.245814],[106.80269,-6.245816],[106.802835,-6.245822],[106.802946,-6.24582],[106.803105,-6.245797],[106.803371,-6.245739],[106.803495,-6.245702],[106.803675,-6.245635],[106.803717,-6.245612],[106.80378,-6.245578],[106.803967,-6.24549],[106.804096,-6.245423],[106.804227,-6.24535],[106.804241,-6.245289],[106.804214,-6.24524],[106.803931,-6.244882],[106.803864,-6.244794],[106.803768,-6.24467],[106.803652,-6.244519],[106.803612,-6.244466],[106.80351,-6.244339],[106.803445,-6.244257],[106.803253,-6.244011],[106.803227,-6.243976],[106.803206,-6.243947],[106.803174,-6.243903],[106.80304,-6.243729],[106.803014,-6.243697],[106.802945,-6.243613],[106.802876,-6.243587],[106.802843,-6.243593],[106.802809,-6.243607],[106.80272,-6.243659],[106.802584,-6.243754],[106.802527,-6.243795],[106.802501,-6.243823],[106.80248,-6.243864]]}},{"type":"Feature","properties":{"nama":null,"jenis":"trotoar","sumber":"OSM","atribut":{},"layer_id":"inklusivitas"},"geometry":{"type":"LineString","coordinates":[[106.80305,-6.243674],[106.803014,-6.243697]]}},{"type":"Feature","properties":{"nama":null,"jenis":"trotoar","sumber":"OSM","atribut":{},"layer_id":"inklusivitas"},"geometry":{"type":"LineString","coordinates":[[106.800877,-6.24319],[106.801184,-6.243197],[106.801562,-6.243194]]}},{"type":"Feature","properties":{"nama":null,"jenis":"trotoar","sumber":"OSM","atribut":{},"layer_id":"inklusivitas"},"geometry":{"type":"LineString","coordinates":[[106.801687,-6.243195],[106.802028,-6.243204],[106.802167,-6.243198],[106.802225,-6.243195],[106.802267,-6.243174],[106.80228,-6.243118],[106.802268,-6.243023],[106.802265,-6.242829],[106.802259,-6.242517],[106.802244,-6.242069],[106.802246,-6.241754],[106.802246,-6.241447],[106.802243,-6.241239],[106.802222,-6.24118],[106.80217,-6.241149],[106.802115,-6.241132],[106.801925,-6.241135],[106.801626,-6.241137]]}},{"type":"Feature","properties":{"nama":null,"jenis":"trotoar","sumber":"OSM","atribut":{},"layer_id":"inklusivitas"},"geometry":{"type":"LineString","coordinates":[[106.802152,-6.240077],[106.80221,-6.240157],[106.802258,-6.240219],[106.80227,-6.240372],[106.802268,-6.240533],[106.802267,-6.240556],[106.802262,-6.240948],[106.802263,-6.240992],[106.802252,-6.241015],[106.802228,-6.241031],[106.802163,-6.241029],[106.801897,-6.241029],[106.801627,-6.241028],[106.801551,-6.241028],[106.801151,-6.241031],[106.800947,-6.241032],[106.800923,-6.241025],[106.800908,-6.240999],[106.800908,-6.240927],[106.800903,-6.240616],[106.800905,-6.240566],[106.800915,-6.240387],[106.800927,-6.240151],[106.800937,-6.240102],[106.800955,-6.240072],[106.80098,-6.240053],[106.801012,-6.240043],[106.801126,-6.24004],[106.801574,-6.24004],[106.801601,-6.24004],[106.801797,-6.240041],[106.802,-6.240044],[106.802061,-6.240046],[106.802107,-6.240046],[106.80213,-6.240054],[106.802144,-6.240069],[106.802152,-6.240077]]}},{"type":"Feature","properties":{"nama":null,"jenis":"trotoar","sumber":"OSM","atribut":{},"layer_id":"inklusivitas"},"geometry":{"type":"LineString","coordinates":[[106.843271,-6.214575],[106.843639,-6.213457],[106.843824,-6.212883],[106.844159,-6.211989],[106.844434,-6.211304],[106.844492,-6.211166],[106.844548,-6.211033],[106.84502,-6.209923],[106.845252,-6.209343],[106.845266,-6.209308],[106.845318,-6.209165],[106.84534,-6.209088],[106.845338,-6.208969],[106.845309,-6.208814],[106.845262,-6.208702],[106.84522,-6.208663]]}},{"type":"Feature","properties":{"nama":null,"jenis":"trotoar","sumber":"OSM","atribut":{},"layer_id":"inklusivitas"},"geometry":{"type":"LineString","coordinates":[[106.867685,-6.235118],[106.867697,-6.235148],[106.867784,-6.235369],[106.867862,-6.235561],[106.867898,-6.235654]]}},{"type":"Feature","properties":{"nama":null,"jenis":"trotoar","sumber":"OSM","atribut":{},"layer_id":"inklusivitas"},"geometry":{"type":"LineString","coordinates":[[106.893829,-6.176939],[106.893771,-6.177021],[106.893595,-6.177284],[106.893424,-6.177537],[106.893374,-6.177612]]}},{"type":"Feature","properties":{"nama":null,"jenis":"trotoar","sumber":"OSM","atribut":{},"layer_id":"inklusivitas"},"geometry":{"type":"LineString","coordinates":[[106.87776,-6.192867],[106.87795,-6.19289],[106.879615,-6.19305],[106.879724,-6.193059]]}},{"type":"Feature","properties":{"nama":null,"jenis":"trotoar","sumber":"OSM","atribut":{},"layer_id":"inklusivitas"},"geometry":{"type":"LineString","coordinates":[[106.951501,-6.173602],[106.951653,-6.173612],[106.95167,-6.17361],[106.951677,-6.173595],[106.95169,-6.173374]]}},{"type":"Feature","properties":{"nama":null,"jenis":"trotoar","sumber":"OSM","atribut":{},"layer_id":"inklusivitas"},"geometry":{"type":"LineString","coordinates":[[106.875383,-6.245668],[106.875532,-6.245301],[106.875543,-6.245274]]}},{"type":"Feature","properties":{"nama":null,"jenis":"trotoar","sumber":"OSM","atribut":{},"layer_id":"inklusivitas"},"geometry":{"type":"LineString","coordinates":[[106.891112,-6.190923],[106.891055,-6.190995],[106.891056,-6.191017],[106.891096,-6.191106],[106.891102,-6.191144],[106.891098,-6.191459],[106.891096,-6.191478],[106.891087,-6.191497],[106.891056,-6.191528],[106.891042,-6.191549],[106.891037,-6.191584],[106.891036,-6.191719],[106.891035,-6.191795],[106.891033,-6.191968],[106.891029,-6.191986],[106.891008,-6.192016],[106.891004,-6.192029],[106.891004,-6.192039],[106.891004,-6.192091],[106.891004,-6.192153],[106.891001,-6.192318],[106.890996,-6.192578],[106.891,-6.192592],[106.891021,-6.192618],[106.891034,-6.192634],[106.891042,-6.192656],[106.891046,-6.192684],[106.891045,-6.192903],[106.891041,-6.193219],[106.891041,-6.193248],[106.891039,-6.19326],[106.891035,-6.193266],[106.891029,-6.193275],[106.891017,-6.193282],[106.891011,-6.193286],[106.89099,-6.193291],[106.890772,-6.19329]]}},{"type":"Feature","properties":{"nama":null,"jenis":"trotoar","sumber":"OSM","atribut":{},"layer_id":"inklusivitas"},"geometry":{"type":"LineString","coordinates":[[106.891301,-6.192917],[106.891302,-6.192964],[106.891307,-6.193264],[106.891307,-6.193281],[106.891313,-6.193298],[106.891333,-6.193304],[106.891368,-6.193306],[106.891496,-6.193306]]}},{"type":"Feature","properties":{"nama":null,"jenis":"trotoar","sumber":"OSM","atribut":{},"layer_id":"inklusivitas"},"geometry":{"type":"LineString","coordinates":[[106.890012,-6.193644],[106.890709,-6.193649],[106.891018,-6.193651],[106.891057,-6.193655],[106.891078,-6.193667],[106.891092,-6.193677],[106.891093,-6.193687],[106.891096,-6.193702],[106.891096,-6.194192]]}},{"type":"Feature","properties":{"nama":null,"jenis":"trotoar","sumber":"OSM","atribut":{},"layer_id":"inklusivitas"},"geometry":{"type":"LineString","coordinates":[[106.905685,-6.192549],[106.905689,-6.192503],[106.905681,-6.192478],[106.905642,-6.192441],[106.905609,-6.192428],[106.90555,-6.192425],[106.905129,-6.192455]]}},{"type":"Feature","properties":{"nama":null,"jenis":"trotoar","sumber":"OSM","atribut":{},"layer_id":"inklusivitas"},"geometry":{"type":"LineString","coordinates":[[106.892639,-6.178312],[106.892862,-6.177885],[106.892899,-6.177821],[106.892942,-6.177802],[106.892956,-6.17779],[106.892971,-6.177773],[106.893051,-6.177655],[106.893079,-6.177575],[106.89312,-6.177503]]}},{"type":"Feature","properties":{"nama":null,"jenis":"trotoar","sumber":"OSM","atribut":{},"layer_id":"inklusivitas"},"geometry":{"type":"LineString","coordinates":[[106.877774,-6.192759],[106.87776,-6.192867],[106.877738,-6.192863]]}},{"type":"Feature","properties":{"nama":null,"jenis":"trotoar","sumber":"OSM","atribut":{},"layer_id":"inklusivitas"},"geometry":{"type":"LineString","coordinates":[[106.891409,-6.185071],[106.891413,-6.185008],[106.891444,-6.18452],[106.891452,-6.184402],[106.891454,-6.184347],[106.891455,-6.184316],[106.891431,-6.184195],[106.891419,-6.184147],[106.891418,-6.184109],[106.891438,-6.1839]]}},{"type":"Feature","properties":{"nama":null,"jenis":"trotoar","sumber":"OSM","atribut":{},"layer_id":"inklusivitas"},"geometry":{"type":"LineString","coordinates":[[106.891086,-6.184965],[106.891134,-6.184518],[106.891125,-6.184439],[106.891127,-6.184416],[106.891149,-6.184161],[106.891153,-6.184124],[106.891155,-6.184109]]}},{"type":"Feature","properties":{"nama":null,"jenis":"trotoar","sumber":"OSM","atribut":{},"layer_id":"inklusivitas"},"geometry":{"type":"LineString","coordinates":[[106.867119,-6.23183],[106.867145,-6.232021]]}},{"type":"Feature","properties":{"nama":null,"jenis":"trotoar","sumber":"OSM","atribut":{},"layer_id":"inklusivitas"},"geometry":{"type":"LineString","coordinates":[[106.889092,-6.193636],[106.888845,-6.193634],[106.888616,-6.193632],[106.888501,-6.193631],[106.8882,-6.193628],[106.887947,-6.193626],[106.887686,-6.193624],[106.887559,-6.193623],[106.887424,-6.193622],[106.887059,-6.19362],[106.886909,-6.19362],[106.886363,-6.193617],[106.886311,-6.193613],[106.886289,-6.193618],[106.886267,-6.193626],[106.88626,-6.193688],[106.886254,-6.194023],[106.88625,-6.194275],[106.886248,-6.194403]]}},{"type":"Feature","properties":{"nama":null,"jenis":"trotoar","sumber":"OSM","atribut":{},"layer_id":"inklusivitas"},"geometry":{"type":"LineString","coordinates":[[106.893417,-6.175604],[106.893058,-6.175282],[106.892974,-6.175204],[106.89296,-6.175192],[106.892824,-6.175066],[106.892791,-6.175037]]}},{"type":"Feature","properties":{"nama":null,"jenis":"trotoar","sumber":"OSM","atribut":{},"layer_id":"inklusivitas"},"geometry":{"type":"LineString","coordinates":[[106.893604,-6.176789],[106.893757,-6.17658],[106.893795,-6.176522],[106.89382,-6.176465],[106.893837,-6.176411],[106.893857,-6.176348],[106.893874,-6.17628],[106.893883,-6.176221],[106.893889,-6.176127],[106.893872,-6.176055],[106.893804,-6.175969],[106.893491,-6.175674],[106.893466,-6.175651]]}},{"type":"Feature","properties":{"nama":null,"jenis":"trotoar","sumber":"OSM","atribut":{},"layer_id":"inklusivitas"},"geometry":{"type":"LineString","coordinates":[[106.89312,-6.177503],[106.893361,-6.177136],[106.893604,-6.176789]]}},{"type":"Feature","properties":{"nama":null,"jenis":"trotoar","sumber":"OSM","atribut":{},"layer_id":"inklusivitas"},"geometry":{"type":"LineString","coordinates":[[106.893374,-6.177612],[106.893209,-6.177861],[106.893163,-6.177929],[106.893148,-6.178002],[106.893135,-6.178066],[106.893093,-6.178145],[106.892938,-6.17842]]}},{"type":"Feature","properties":{"nama":null,"jenis":"trotoar","sumber":"OSM","atribut":{},"layer_id":"inklusivitas"},"geometry":{"type":"LineString","coordinates":[[106.894342,-6.176486],[106.894288,-6.176482],[106.894233,-6.176482],[106.894196,-6.17649],[106.894154,-6.176514],[106.894087,-6.176579],[106.893996,-6.176702],[106.893829,-6.176939]]}},{"type":"Feature","properties":{"nama":null,"jenis":"trotoar","sumber":"OSM","atribut":{},"layer_id":"inklusivitas"},"geometry":{"type":"LineString","coordinates":[[106.891296,-6.192638],[106.891301,-6.192313],[106.891304,-6.192122],[106.891304,-6.19175]]}},{"type":"Feature","properties":{"nama":null,"jenis":"trotoar","sumber":"OSM","atribut":{},"layer_id":"inklusivitas"},"geometry":{"type":"LineString","coordinates":[[106.891305,-6.191358],[106.891301,-6.191399]]}},{"type":"Feature","properties":{"nama":null,"jenis":"trotoar","sumber":"OSM","atribut":{},"layer_id":"inklusivitas"},"geometry":{"type":"LineString","coordinates":[[106.891304,-6.19175],[106.891303,-6.191581],[106.891308,-6.191557],[106.891316,-6.191526],[106.891323,-6.1915],[106.891321,-6.191389],[106.891317,-6.191372],[106.891305,-6.191358],[106.891301,-6.191127]]}},{"type":"Feature","properties":{"nama":null,"jenis":"trotoar","sumber":"OSM","atribut":{},"layer_id":"inklusivitas"},"geometry":{"type":"LineString","coordinates":[[106.891302,-6.192964],[106.891295,-6.192949],[106.89129,-6.192929],[106.891288,-6.192843],[106.891294,-6.192813],[106.891296,-6.192638]]}},{"type":"Feature","properties":{"nama":null,"jenis":"trotoar","sumber":"OSM","atribut":{},"layer_id":"inklusivitas"},"geometry":{"type":"LineString","coordinates":[[106.891209,-6.183872],[106.891207,-6.183852],[106.891201,-6.183828],[106.891203,-6.1838],[106.891233,-6.18353],[106.891276,-6.183153]]}},{"type":"Feature","properties":{"nama":null,"jenis":"trotoar","sumber":"OSM","atribut":{},"layer_id":"inklusivitas"},"geometry":{"type":"LineString","coordinates":[[106.891276,-6.183153],[106.89129,-6.183037],[106.891332,-6.182676],[106.891374,-6.182514],[106.891392,-6.182405],[106.891391,-6.182396],[106.891386,-6.182392],[106.891358,-6.182387]]}},{"type":"Feature","properties":{"nama":null,"jenis":"trotoar","sumber":"OSM","atribut":{},"layer_id":"inklusivitas"},"geometry":{"type":"LineString","coordinates":[[106.891514,-6.183174],[106.891538,-6.182965],[106.89154,-6.182958],[106.891544,-6.182956],[106.891558,-6.182957],[106.891586,-6.182958],[106.89159,-6.182957],[106.891592,-6.182953],[106.891606,-6.182849]]}},{"type":"Feature","properties":{"nama":null,"jenis":"trotoar","sumber":"OSM","atribut":{},"layer_id":"inklusivitas"},"geometry":{"type":"LineString","coordinates":[[106.891438,-6.1839],[106.891452,-6.183747],[106.891455,-6.18371],[106.891473,-6.183547],[106.891476,-6.18352],[106.891486,-6.183431],[106.891514,-6.183174]]}},{"type":"Feature","properties":{"nama":null,"jenis":"trotoar","sumber":"OSM","atribut":{},"layer_id":"inklusivitas"},"geometry":{"type":"LineString","coordinates":[[106.891153,-6.184124],[106.891181,-6.184125],[106.891188,-6.184116],[106.891205,-6.183921],[106.891209,-6.183872]]}},{"type":"Feature","properties":{"nama":null,"jenis":"trotoar","sumber":"OSM","atribut":{},"layer_id":"inklusivitas"},"geometry":{"type":"LineString","coordinates":[[106.883555,-6.19343],[106.88354,-6.193429]]}},{"type":"Feature","properties":{"nama":null,"jenis":"trotoar","sumber":"OSM","atribut":{},"layer_id":"inklusivitas"},"geometry":{"type":"LineString","coordinates":[[106.88354,-6.193429],[106.883538,-6.19345],[106.883344,-6.193434],[106.883253,-6.193426],[106.88322,-6.193424],[106.882901,-6.193394]]}},{"type":"Feature","properties":{"nama":null,"jenis":"trotoar","sumber":"OSM","atribut":{},"layer_id":"inklusivitas"},"geometry":{"type":"LineString","coordinates":[[106.817638,-6.622312],[106.817032,-6.621852],[106.816931,-6.621731],[106.816854,-6.621565],[106.816819,-6.621574],[106.816796,-6.621532],[106.816784,-6.621497],[106.816776,-6.62148],[106.816763,-6.621452],[106.816746,-6.621418],[106.816745,-6.621324],[106.816678,-6.621177],[106.816563,-6.620922],[106.816473,-6.620729],[106.816434,-6.620625],[106.816366,-6.620446],[106.816345,-6.62039],[106.816286,-6.620234],[106.816259,-6.620155],[106.816168,-6.6199],[106.816147,-6.619844],[106.816037,-6.619561],[106.815993,-6.619412],[106.815901,-6.61914],[106.815839,-6.618956],[106.815834,-6.618942],[106.815682,-6.618595],[106.815565,-6.618301],[106.815448,-6.618005],[106.815083,-6.6172]]}},{"type":"Feature","properties":{"nama":null,"jenis":"trotoar","sumber":"OSM","atribut":{},"layer_id":"inklusivitas"},"geometry":{"type":"LineString","coordinates":[[106.814127,-6.619498],[106.814344,-6.619728],[106.815173,-6.620413],[106.815729,-6.620838],[106.815887,-6.620965],[106.815906,-6.620972],[106.81593,-6.620977],[106.81595,-6.620978],[106.815982,-6.62098],[106.81603,-6.620968],[106.816057,-6.62096],[106.816124,-6.620916],[106.816159,-6.620852],[106.81616,-6.620786],[106.81614,-6.620715],[106.816105,-6.620619],[106.816031,-6.620393]]}},{"type":"Feature","properties":{"nama":null,"jenis":"trotoar","sumber":"OSM","atribut":{},"layer_id":"inklusivitas"},"geometry":{"type":"LineString","coordinates":[[106.812869,-6.617437],[106.813164,-6.61747],[106.813332,-6.617494],[106.813506,-6.617537],[106.813699,-6.617623],[106.813935,-6.617747],[106.814165,-6.617851],[106.814428,-6.618028],[106.81468,-6.618138],[106.814849,-6.618185]]}},{"type":"Feature","properties":{"nama":null,"jenis":"trotoar","sumber":"OSM","atribut":{},"layer_id":"inklusivitas"},"geometry":{"type":"LineString","coordinates":[[106.816796,-6.621532],[106.816837,-6.621511],[106.817056,-6.621419],[106.817046,-6.621394],[106.817038,-6.621377],[106.817102,-6.621341],[106.817133,-6.621332],[106.81712,-6.621291],[106.817103,-6.62126]]}},{"type":"Feature","properties":{"nama":null,"jenis":"trotoar","sumber":"OSM","atribut":{},"layer_id":"inklusivitas"},"geometry":{"type":"LineString","coordinates":[[106.77719,-6.543169],[106.77727,-6.54322],[106.77728,-6.543295],[106.777347,-6.543373],[106.777511,-6.543233],[106.777698,-6.543087],[106.777818,-6.542948],[106.777893,-6.542846],[106.777873,-6.54278],[106.777854,-6.542666],[106.777873,-6.542591],[106.777891,-6.542562],[106.777895,-6.542532],[106.777891,-6.542507],[106.777839,-6.542383],[106.777793,-6.542288],[106.777646,-6.541915],[106.777612,-6.541841],[106.777581,-6.541797],[106.777544,-6.54176],[106.777499,-6.541715],[106.777446,-6.541673],[106.777383,-6.541631],[106.777299,-6.541571],[106.777252,-6.541537],[106.777223,-6.541518],[106.777181,-6.541476],[106.777123,-6.541419],[106.777076,-6.541364],[106.777035,-6.541307],[106.776988,-6.541221],[106.776955,-6.541148],[106.776824,-6.540966]]}},{"type":"Feature","properties":{"nama":null,"jenis":"trotoar","sumber":"OSM","atribut":{},"layer_id":"inklusivitas"},"geometry":{"type":"LineString","coordinates":[[106.797862,-6.603299],[106.797833,-6.603318],[106.796945,-6.603984],[106.796838,-6.604064],[106.796788,-6.604093],[106.796735,-6.604118],[106.796664,-6.604136],[106.796603,-6.604141],[106.796518,-6.604121],[106.796442,-6.604073],[106.796385,-6.604012],[106.796263,-6.603809],[106.796237,-6.603766],[106.796219,-6.603741],[106.796202,-6.603717],[106.79586,-6.603019],[106.795835,-6.602962],[106.795756,-6.602779],[106.795685,-6.602614],[106.795654,-6.602545],[106.795519,-6.602232],[106.795404,-6.601971],[106.795251,-6.601553],[106.795241,-6.60152],[106.795214,-6.601441],[106.795177,-6.601331],[106.795155,-6.601241],[106.795146,-6.601203],[106.795121,-6.601106],[106.795112,-6.601069],[106.795057,-6.600814],[106.795048,-6.600771],[106.795038,-6.600731],[106.795007,-6.600624],[106.794932,-6.60032],[106.794878,-6.600117],[106.794812,-6.599905],[106.794745,-6.599686],[106.794668,-6.599443],[106.794587,-6.599226],[106.794342,-6.598527],[106.794285,-6.598371],[106.794212,-6.598197],[106.794179,-6.598105],[106.794149,-6.598012],[106.794049,-6.597711],[106.794007,-6.597569],[106.794,-6.597552],[106.793984,-6.597498],[106.793963,-6.597401],[106.793958,-6.597376],[106.793948,-6.597332],[106.793922,-6.59722],[106.793911,-6.597145],[106.793911,-6.597085],[106.793911,-6.597039],[106.793913,-6.597026],[106.793917,-6.596993],[106.79394,-6.596803],[106.793945,-6.596763],[106.793946,-6.596758],[106.793995,-6.596539],[106.793996,-6.596534],[106.793998,-6.596526],[106.79406,-6.596327],[106.794132,-6.596099],[106.794151,-6.596038],[106.794206,-6.595896],[106.794277,-6.595713],[106.794291,-6.595673],[106.794299,-6.595658],[106.794369,-6.595455],[106.794455,-6.595207],[106.794492,-6.5951],[106.794673,-6.594722],[106.7948,-6.594557],[106.794914,-6.594474],[106.79517,-6.594332],[106.795496,-6.594171],[106.795705,-6.59408],[106.795946,-6.593984],[106.796118,-6.593915],[106.796123,-6.593913],[106.796183,-6.593889],[106.79619,-6.593885],[106.796218,-6.593869],[106.796298,-6.593823],[106.796335,-6.593798],[106.796411,-6.593747],[106.796482,-6.593697],[106.796488,-6.593692],[106.796545,-6.593647],[106.796886,-6.593335],[106.796993,-6.593236],[106.797043,-6.593189],[106.797107,-6.59316],[106.797204,-6.593146],[106.797213,-6.593146],[106.797311,-6.593162],[106.797428,-6.593224],[106.797707,-6.593423],[106.797805,-6.593462],[106.797882,-6.593493],[106.797896,-6.593496],[106.798068,-6.593532],[106.798221,-6.593538],[106.798372,-6.593544],[106.798444,-6.593537],[106.798525,-6.593529],[106.798686,-6.593494],[106.798803,-6.593452],[106.79888,-6.593413],[106.798911,-6.593397],[106.798976,-6.593362],[106.799067,-6.593294],[106.799145,-6.593232],[106.799178,-6.593206],[106.799209,-6.59318],[106.799248,-6.59315],[106.799283,-6.593124],[106.79933,-6.593088],[106.799405,-6.593026],[106.799423,-6.593013],[106.799461,-6.592982],[106.799488,-6.592961],[106.799547,-6.592909],[106.799615,-6.592854],[106.799677,-6.592812],[106.799746,-6.592764],[106.7998,-6.592734],[106.799874,-6.592699],[106.799921,-6.592679],[106.799956,-6.592664],[106.799975,-6.592624]]}},{"type":"Feature","properties":{"nama":null,"jenis":"trotoar","sumber":"OSM","atribut":{},"layer_id":"inklusivitas"},"geometry":{"type":"LineString","coordinates":[[106.798515,-6.593401],[106.798452,-6.593411],[106.798356,-6.593411],[106.798058,-6.59339],[106.797898,-6.593341],[106.797765,-6.593279],[106.797649,-6.593206],[106.797535,-6.593129],[106.797395,-6.593037],[106.797341,-6.59298],[106.797321,-6.592952],[106.797302,-6.592913],[106.797291,-6.592879],[106.797283,-6.592773],[106.797276,-6.592513]]}},{"type":"Feature","properties":{"nama":null,"jenis":"trotoar","sumber":"OSM","atribut":{},"layer_id":"inklusivitas"},"geometry":{"type":"LineString","coordinates":[[106.799931,-6.592536],[106.799993,-6.59251],[106.800331,-6.592374]]}},{"type":"Feature","properties":{"nama":null,"jenis":"trotoar","sumber":"OSM","atribut":{},"layer_id":"inklusivitas"},"geometry":{"type":"LineString","coordinates":[[106.815083,-6.6172],[106.814934,-6.616798]]}},{"type":"Feature","properties":{"nama":null,"jenis":"trotoar","sumber":"OSM","atribut":{},"layer_id":"inklusivitas"},"geometry":{"type":"LineString","coordinates":[[106.814934,-6.616798],[106.814942,-6.616731],[106.814819,-6.616275],[106.81481,-6.616207],[106.814796,-6.616165],[106.814824,-6.616129],[106.814934,-6.616137],[106.814971,-6.61614],[106.815108,-6.616151],[106.815355,-6.61617]]}},{"type":"Feature","properties":{"nama":null,"jenis":"trotoar","sumber":"OSM","atribut":{},"layer_id":"inklusivitas"},"geometry":{"type":"LineString","coordinates":[[106.800331,-6.592374],[106.800379,-6.592455],[106.800434,-6.592449]]}},{"type":"Feature","properties":{"nama":null,"jenis":"trotoar","sumber":"OSM","atribut":{},"layer_id":"inklusivitas"},"geometry":{"type":"LineString","coordinates":[[106.802323,-6.602165],[106.802222,-6.602196],[106.802215,-6.602199],[106.802149,-6.602218],[106.802081,-6.602239]]}},{"type":"Feature","properties":{"nama":null,"jenis":"trotoar","sumber":"OSM","atribut":{},"layer_id":"inklusivitas"},"geometry":{"type":"LineString","coordinates":[[106.803467,-6.601793],[106.803423,-6.601806],[106.803064,-6.601913],[106.802924,-6.601956],[106.802836,-6.601983],[106.802702,-6.602031],[106.802323,-6.602165]]}},{"type":"Feature","properties":{"nama":null,"jenis":"trotoar","sumber":"OSM","atribut":{},"layer_id":"inklusivitas"},"geometry":{"type":"LineString","coordinates":[[106.803597,-6.601757],[106.80353,-6.601775],[106.803467,-6.601793]]}},{"type":"Feature","properties":{"nama":null,"jenis":"trotoar","sumber":"OSM","atribut":{},"layer_id":"inklusivitas"},"geometry":{"type":"LineString","coordinates":[[106.800434,-6.592449],[106.800472,-6.592436],[106.800582,-6.592398],[106.800608,-6.592393],[106.800694,-6.592374],[106.800772,-6.592362],[106.800848,-6.59236],[106.800924,-6.592363],[106.801087,-6.59238],[106.80117,-6.592408],[106.801252,-6.592441],[106.80142,-6.592519],[106.801552,-6.592586],[106.801686,-6.592657],[106.801766,-6.592701],[106.80186,-6.592762],[106.801914,-6.592793],[106.801954,-6.592818],[106.801995,-6.592853],[106.802023,-6.592881],[106.802061,-6.59291],[106.802112,-6.592946],[106.802162,-6.592986],[106.802237,-6.593041],[106.802405,-6.593171],[106.80253,-6.59329],[106.802583,-6.593346],[106.802675,-6.593436],[106.802809,-6.593561],[106.802845,-6.593605],[106.802872,-6.593632],[106.80294,-6.593721],[106.802994,-6.59379],[106.803099,-6.593909],[106.803238,-6.594097],[106.803413,-6.594371],[106.803421,-6.594386],[106.803458,-6.594459],[106.8035,-6.594542],[106.803506,-6.594555],[106.803519,-6.594578],[106.803558,-6.594647],[106.803573,-6.594674],[106.803644,-6.5948],[106.80376,-6.595016],[106.803772,-6.595039],[106.803813,-6.595109],[106.803968,-6.595383],[106.804055,-6.595535],[106.804091,-6.595626],[106.804139,-6.595747],[106.804159,-6.595797],[106.804182,-6.595844],[106.804188,-6.595857],[106.804213,-6.596037],[106.804281,-6.596501],[106.804353,-6.596972],[106.804427,-6.597367],[106.804435,-6.597402],[106.804439,-6.597433],[106.804441,-6.597459],[106.804446,-6.597498],[106.804454,-6.597536],[106.804501,-6.597866],[106.804533,-6.598084],[106.804567,-6.598245],[106.804587,-6.598387],[106.804592,-6.598428],[106.804702,-6.599145],[106.804838,-6.600057],[106.804908,-6.600486],[106.804927,-6.600593],[106.804961,-6.600783],[106.804981,-6.600945],[106.804985,-6.600978],[106.804967,-6.601062],[106.804921,-6.601154],[106.804741,-6.601324],[106.804644,-6.601392],[106.80452,-6.60147],[106.804458,-6.601493],[106.804429,-6.601504],[106.804379,-6.601523],[106.804359,-6.60153],[106.804199,-6.601582],[106.80417,-6.601591],[106.803971,-6.601655],[106.803631,-6.601748],[106.803597,-6.601757]]}},{"type":"Feature","properties":{"nama":null,"jenis":"trotoar","sumber":"OSM","atribut":{},"layer_id":"inklusivitas"},"geometry":{"type":"LineString","coordinates":[[106.797956,-6.603232],[106.797862,-6.603299]]}},{"type":"Feature","properties":{"nama":null,"jenis":"trotoar","sumber":"OSM","atribut":{},"layer_id":"inklusivitas"},"geometry":{"type":"LineString","coordinates":[[106.802081,-6.602239],[106.801991,-6.602267],[106.801769,-6.602299],[106.801444,-6.602346],[106.801124,-6.602392],[106.801015,-6.602408],[106.800901,-6.602424],[106.800799,-6.602439],[106.800669,-6.602457],[106.800489,-6.602481],[106.800304,-6.602507],[106.800221,-6.602516],[106.800168,-6.602522],[106.800116,-6.602525],[106.800011,-6.602531],[106.799917,-6.602537],[106.799787,-6.602543],[106.799666,-6.602573],[106.799497,-6.602644],[106.799486,-6.60265],[106.799402,-6.60269],[106.799362,-6.60271],[106.799336,-6.602724],[106.799269,-6.602761],[106.799217,-6.602789],[106.799215,-6.60279],[106.799189,-6.602806],[106.799093,-6.602865],[106.798993,-6.602925],[106.798963,-6.602944],[106.798945,-6.602955]]}},{"type":"Feature","properties":{"nama":null,"jenis":"trotoar","sumber":"OSM","atribut":{},"layer_id":"inklusivitas"},"geometry":{"type":"LineString","coordinates":[[106.800533,-6.592292],[106.800602,-6.592271],[106.800649,-6.592257],[106.800734,-6.59224],[106.800776,-6.592233],[106.800779,-6.592233],[106.800824,-6.592233],[106.800851,-6.592235],[106.800934,-6.592241],[106.800939,-6.592241],[106.801038,-6.592255],[106.801167,-6.592286],[106.80129,-6.592326],[106.801401,-6.592371],[106.801453,-6.592397],[106.80178,-6.592562],[106.801817,-6.592562],[106.801851,-6.592548],[106.801885,-6.592506],[106.801928,-6.592407],[106.801978,-6.592294],[106.801994,-6.592248],[106.802004,-6.592206],[106.80201,-6.592178],[106.802046,-6.592036],[106.802051,-6.592005],[106.802054,-6.591968]]}},{"type":"Feature","properties":{"nama":null,"jenis":"trotoar","sumber":"OSM","atribut":{},"layer_id":"inklusivitas"},"geometry":{"type":"LineString","coordinates":[[106.799931,-6.592536],[106.799776,-6.592601],[106.79969,-6.59264],[106.799616,-6.592685],[106.799537,-6.592741],[106.799374,-6.592862],[106.799184,-6.593006],[106.798986,-6.593153],[106.798896,-6.593218],[106.798801,-6.593284],[106.798694,-6.593336],[106.798599,-6.593372],[106.79856,-6.593387],[106.798515,-6.593401]]}},{"type":"Feature","properties":{"nama":null,"jenis":"trotoar","sumber":"OSM","atribut":{},"layer_id":"inklusivitas"},"geometry":{"type":"LineString","coordinates":[[106.797276,-6.592513],[106.797272,-6.592405],[106.797261,-6.592221],[106.79725,-6.592063],[106.79724,-6.591909],[106.797226,-6.591742],[106.797222,-6.591704],[106.797223,-6.591623]]}},{"type":"Feature","properties":{"nama":null,"jenis":"trotoar","sumber":"OSM","atribut":{},"layer_id":"inklusivitas"},"geometry":{"type":"LineString","coordinates":[[106.798143,-6.603096],[106.79809,-6.603132],[106.798087,-6.603134],[106.798009,-6.603192],[106.797956,-6.603232]]}},{"type":"Feature","properties":{"nama":null,"jenis":"trotoar","sumber":"OSM","atribut":{},"layer_id":"inklusivitas"},"geometry":{"type":"LineString","coordinates":[[106.798748,-6.602993],[106.798679,-6.60298],[106.798594,-6.602964],[106.798548,-6.602956],[106.798481,-6.602954],[106.798473,-6.602956],[106.798344,-6.602974]]}},{"type":"Feature","properties":{"nama":null,"jenis":"trotoar","sumber":"OSM","atribut":{},"layer_id":"inklusivitas"},"geometry":{"type":"LineString","coordinates":[[106.798344,-6.602974],[106.798311,-6.602992],[106.798298,-6.602999],[106.798251,-6.603027],[106.798209,-6.603054],[106.798143,-6.603096]]}},{"type":"Feature","properties":{"nama":null,"jenis":"trotoar","sumber":"OSM","atribut":{},"layer_id":"inklusivitas"},"geometry":{"type":"LineString","coordinates":[[106.798945,-6.602955],[106.798896,-6.602981],[106.798866,-6.603005],[106.79883,-6.60301],[106.798801,-6.603005],[106.798748,-6.602993]]}},{"type":"Feature","properties":{"nama":null,"jenis":"trotoar","sumber":"OSM","atribut":{},"layer_id":"inklusivitas"},"geometry":{"type":"LineString","coordinates":[[106.807335,-6.568446],[106.807278,-6.568498],[106.807197,-6.568479],[106.807134,-6.568474],[106.80704,-6.5685],[106.806881,-6.568564],[106.806836,-6.568587],[106.806743,-6.568636],[106.806615,-6.568697],[106.806456,-6.568771],[106.806436,-6.56878],[106.806145,-6.568912],[106.806067,-6.568949],[106.805905,-6.569025],[106.80577,-6.569066],[106.805624,-6.569113],[106.805516,-6.569173],[106.805484,-6.569197],[106.805447,-6.569225],[106.80543,-6.569243],[106.805353,-6.569324],[106.805284,-6.569403],[106.805238,-6.569455],[106.805234,-6.569462],[106.805228,-6.569471],[106.805209,-6.569498],[106.805184,-6.569555],[106.805056,-6.569731],[106.804937,-6.569874],[106.804799,-6.570042],[106.804475,-6.570452],[106.80445,-6.570483],[106.80417,-6.570827],[106.804121,-6.570888],[106.803986,-6.571063],[106.803932,-6.571132],[106.803803,-6.571298],[106.803793,-6.571311],[106.803742,-6.571377],[106.803652,-6.571493],[106.80354,-6.571637],[106.803458,-6.571744],[106.803421,-6.571792],[106.80338,-6.571848],[106.803283,-6.571981],[106.803182,-6.572127],[106.803119,-6.572217],[106.803079,-6.572277],[106.803058,-6.572308],[106.802971,-6.572413],[106.802853,-6.572551],[106.802739,-6.572714],[106.802515,-6.573034],[106.802383,-6.573211],[106.802175,-6.573488],[106.802081,-6.573613],[106.802041,-6.573664],[106.801851,-6.573901],[106.801818,-6.573945],[106.801746,-6.574041],[106.801647,-6.574173],[106.801544,-6.57431],[106.801329,-6.574585],[106.801284,-6.574643],[106.801162,-6.57481],[106.801031,-6.574989],[106.800961,-6.575088],[106.800767,-6.575359],[106.800574,-6.575624],[106.800344,-6.575934],[106.800214,-6.576094],[106.800159,-6.576148],[106.800095,-6.576242],[106.80004,-6.576323],[106.799993,-6.576385],[106.799865,-6.576594],[106.799665,-6.576872],[106.799622,-6.576931],[106.799492,-6.577115],[106.799443,-6.577167],[106.799396,-6.577218],[106.799386,-6.577231],[106.799315,-6.577323],[106.799185,-6.577492],[106.799129,-6.577566],[106.798916,-6.577845],[106.798861,-6.577923],[106.798821,-6.577979],[106.798775,-6.578044],[106.798676,-6.578165],[106.798399,-6.578571],[106.798297,-6.578729],[106.798162,-6.578941],[106.797982,-6.579205],[106.797956,-6.579244],[106.797779,-6.579553],[106.797738,-6.579625],[106.797573,-6.579967],[106.797553,-6.580007],[106.797464,-6.580241],[106.797339,-6.580457],[106.797268,-6.580565],[106.79725,-6.580592],[106.797171,-6.580812],[106.797129,-6.580927],[106.797105,-6.58101],[106.797065,-6.581143],[106.796973,-6.581389],[106.796912,-6.581543],[106.796858,-6.58166],[106.79685,-6.581729],[106.796856,-6.582164],[106.796878,-6.582592],[106.79688,-6.582614],[106.796891,-6.582678],[106.796917,-6.583208],[106.796924,-6.583443],[106.796939,-6.583902],[106.796971,-6.584915],[106.796984,-6.585387],[106.797003,-6.585749],[106.797011,-6.586178],[106.797017,-6.586324],[106.797052,-6.586412],[106.797048,-6.586496]]}},{"type":"Feature","properties":{"nama":null,"jenis":"trotoar","sumber":"OSM","atribut":{},"layer_id":"inklusivitas"},"geometry":{"type":"LineString","coordinates":[[106.797116,-6.588176],[106.797105,-6.588231],[106.797072,-6.588349],[106.797086,-6.588648],[106.79709,-6.588754],[106.797125,-6.588832],[106.79714,-6.589135],[106.797151,-6.589576],[106.79717,-6.590243],[106.797186,-6.590584],[106.797187,-6.590603],[106.797196,-6.590757],[106.797198,-6.591072],[106.797206,-6.591363],[106.797207,-6.591397],[106.797213,-6.591555],[106.797216,-6.591605],[106.797223,-6.591623]]}},{"type":"Feature","properties":{"nama":null,"jenis":"trotoar","sumber":"OSM","atribut":{},"layer_id":"inklusivitas"},"geometry":{"type":"LineString","coordinates":[[106.80215,-6.602348],[106.802369,-6.602286]]}},{"type":"Feature","properties":{"nama":null,"jenis":"trotoar","sumber":"OSM","atribut":{},"layer_id":"inklusivitas"},"geometry":{"type":"LineString","coordinates":[[106.804987,-6.601709],[106.804825,-6.601667],[106.804699,-6.601639],[106.804565,-6.601645],[106.804407,-6.601669],[106.80422,-6.601738],[106.803806,-6.601856],[106.803631,-6.601909]]}},{"type":"Feature","properties":{"nama":null,"jenis":"trotoar","sumber":"OSM","atribut":{},"layer_id":"inklusivitas"},"geometry":{"type":"LineString","coordinates":[[106.803489,-6.601946],[106.803108,-6.602058],[106.803082,-6.602066],[106.802923,-6.602114],[106.80288,-6.602124],[106.802815,-6.602137],[106.802781,-6.602145],[106.802735,-6.602159],[106.802689,-6.602174],[106.80263,-6.602204],[106.80257,-6.602226],[106.802536,-6.602236],[106.80247,-6.602256],[106.802392,-6.60228],[106.802369,-6.602286]]}},{"type":"Feature","properties":{"nama":null,"jenis":"trotoar","sumber":"OSM","atribut":{},"layer_id":"inklusivitas"},"geometry":{"type":"LineString","coordinates":[[106.803631,-6.601909],[106.803489,-6.601946]]}},{"type":"Feature","properties":{"nama":null,"jenis":"trotoar","sumber":"OSM","atribut":{},"layer_id":"inklusivitas"},"geometry":{"type":"LineString","coordinates":[[106.80215,-6.602348],[106.802009,-6.602392],[106.801889,-6.602423],[106.801803,-6.602445],[106.801791,-6.602455],[106.801779,-6.60257],[106.801772,-6.602625],[106.801765,-6.602634],[106.801653,-6.602619],[106.801593,-6.602605],[106.801584,-6.602603],[106.801502,-6.602593],[106.801403,-6.602579],[106.801185,-6.602594],[106.801063,-6.6026],[106.800909,-6.60261],[106.800835,-6.602614],[106.80076,-6.602615],[106.800488,-6.602666],[106.800108,-6.602703],[106.79993,-6.60272],[106.79986,-6.60273],[106.7998,-6.602739],[106.799701,-6.602768],[106.799346,-6.60294],[106.799064,-6.603057],[106.799012,-6.603106],[106.798965,-6.603137],[106.798917,-6.603159]]}},{"type":"Feature","properties":{"nama":null,"jenis":"trotoar","sumber":"OSM","atribut":{},"layer_id":"inklusivitas"},"geometry":{"type":"LineString","coordinates":[[106.7988,-6.603207],[106.798754,-6.60315],[106.798656,-6.603134],[106.798489,-6.603134],[106.798403,-6.603132],[106.798272,-6.603202],[106.798211,-6.603241],[106.798074,-6.603328],[106.797915,-6.603439],[106.797899,-6.603451],[106.797743,-6.603564],[106.797719,-6.603585],[106.797543,-6.603737],[106.797276,-6.603936],[106.797239,-6.603972],[106.797176,-6.604033],[106.797067,-6.604127],[106.796941,-6.604306],[106.796831,-6.604441],[106.79673,-6.604585],[106.796606,-6.604736],[106.796519,-6.60485],[106.79643,-6.60496],[106.796406,-6.604991],[106.796305,-6.605135],[106.796236,-6.605233],[106.796067,-6.605411],[106.795872,-6.605595],[106.795785,-6.605689],[106.795697,-6.605783],[106.795669,-6.605797]]}},{"type":"Feature","properties":{"nama":null,"jenis":"trotoar","sumber":"OSM","atribut":{},"layer_id":"inklusivitas"},"geometry":{"type":"LineString","coordinates":[[106.795173,-6.601931],[106.795125,-6.601753],[106.795091,-6.601643],[106.795077,-6.601597],[106.79504,-6.601488]]}},{"type":"Feature","properties":{"nama":null,"jenis":"trotoar","sumber":"OSM","atribut":{},"layer_id":"inklusivitas"},"geometry":{"type":"LineString","coordinates":[[106.809219,-6.568918],[106.809207,-6.568994],[106.809163,-6.569237],[106.809157,-6.569276],[106.809165,-6.569313],[106.809145,-6.569414],[106.809134,-6.56946],[106.809116,-6.569456],[106.809122,-6.569431]]}},{"type":"Feature","properties":{"nama":null,"jenis":"trotoar","sumber":"OSM","atribut":{},"layer_id":"inklusivitas"},"geometry":{"type":"LineString","coordinates":[[106.80896,-6.568857],[106.808914,-6.569082],[106.808886,-6.569225],[106.808865,-6.56926],[106.808846,-6.569351],[106.808837,-6.569395],[106.808855,-6.569399],[106.808859,-6.569377]]}},{"type":"Feature","properties":{"nama":null,"jenis":"trotoar","sumber":"OSM","atribut":{},"layer_id":"inklusivitas"},"geometry":{"type":"LineString","coordinates":[[106.809134,-6.56946],[106.809122,-6.569495],[106.809107,-6.569516],[106.809056,-6.569775],[106.809036,-6.569871],[106.809025,-6.569919],[106.808931,-6.570296],[106.808826,-6.570717],[106.808777,-6.570935],[106.80876,-6.571113],[106.80874,-6.57136],[106.808731,-6.571409],[106.808715,-6.571501],[106.808673,-6.571707],[106.808669,-6.571728],[106.808637,-6.571911],[106.808631,-6.571951],[106.808626,-6.571981],[106.808568,-6.572212],[106.80856,-6.572249],[106.808472,-6.572654],[106.808464,-6.572701],[106.808449,-6.572786],[106.808436,-6.572853],[106.808333,-6.573329],[106.808322,-6.573378],[106.808276,-6.573606],[106.808252,-6.573726],[106.808229,-6.573846],[106.808196,-6.574016],[106.808135,-6.57433],[106.808064,-6.574683],[106.808021,-6.5749],[106.807958,-6.575223],[106.807942,-6.575303],[106.80787,-6.575651],[106.807851,-6.57574],[106.807812,-6.575927],[106.807799,-6.575989],[106.807792,-6.576027],[106.807755,-6.576243],[106.807747,-6.576286],[106.807717,-6.576433],[106.807703,-6.576502],[106.807689,-6.576571],[106.807584,-6.5771],[106.807565,-6.5772],[106.807519,-6.577447],[106.80751,-6.577495],[106.807419,-6.577992],[106.807385,-6.578179],[106.807346,-6.578395],[106.80733,-6.578484],[106.807321,-6.578541],[106.807306,-6.578628],[106.807259,-6.578913],[106.807202,-6.579215],[106.807193,-6.579266],[106.807168,-6.579395],[106.807116,-6.579631],[106.807099,-6.579707],[106.80707,-6.579839],[106.806943,-6.58046],[106.806917,-6.580587],[106.806894,-6.580718],[106.806896,-6.580748],[106.806919,-6.580768],[106.807147,-6.580804],[106.807536,-6.580868],[106.807852,-6.580914],[106.807981,-6.580929]]}},{"type":"Feature","properties":{"nama":null,"jenis":"trotoar","sumber":"OSM","atribut":{},"layer_id":"inklusivitas"},"geometry":{"type":"LineString","coordinates":[[106.806858,-6.580961],[106.806832,-6.580989],[106.806776,-6.581264],[106.806772,-6.581284],[106.806731,-6.581519],[106.806722,-6.581573],[106.806687,-6.581815],[106.806678,-6.581877],[106.806669,-6.581922],[106.806614,-6.582228],[106.806526,-6.582663],[106.80644,-6.583062],[106.8064,-6.583251],[106.806295,-6.583737],[106.80627,-6.583854],[106.80619,-6.584246],[106.806101,-6.584673],[106.806091,-6.584723],[106.806023,-6.585061],[106.806016,-6.585099],[106.805911,-6.58565],[106.805819,-6.586158],[106.805806,-6.586206],[106.805769,-6.586341],[106.805633,-6.586861],[106.805608,-6.586946],[106.8055,-6.587319],[106.80541,-6.587636],[106.805402,-6.587664],[106.805349,-6.587861],[106.805272,-6.588132],[106.805215,-6.588368],[106.805173,-6.588513],[106.805175,-6.588547],[106.805203,-6.588577],[106.80542,-6.588657],[106.805641,-6.588732],[106.805874,-6.588804],[106.805949,-6.588828],[106.805989,-6.58885],[106.806003,-6.588866],[106.806029,-6.588916]]}},{"type":"Feature","properties":{"nama":null,"jenis":"trotoar","sumber":"OSM","atribut":{},"layer_id":"inklusivitas"},"geometry":{"type":"LineString","coordinates":[[106.805138,-6.588681],[106.805119,-6.588699],[106.805088,-6.588823],[106.805074,-6.58889],[106.805033,-6.589072],[106.805026,-6.589102],[106.805,-6.58921],[106.804982,-6.589283],[106.804935,-6.58948],[106.804932,-6.589496],[106.804912,-6.589621],[106.804901,-6.589688],[106.804892,-6.589741],[106.804881,-6.58979],[106.804877,-6.589811],[106.804868,-6.589928],[106.804867,-6.589946],[106.80486,-6.590086],[106.804848,-6.590293],[106.804838,-6.590546],[106.80483,-6.590996],[106.804837,-6.591376],[106.804838,-6.591455],[106.804838,-6.591547],[106.804836,-6.591953],[106.804833,-6.592093],[106.80484,-6.592111],[106.804851,-6.592124]]}},{"type":"Feature","properties":{"nama":null,"jenis":"trotoar","sumber":"OSM","atribut":{},"layer_id":"inklusivitas"},"geometry":{"type":"LineString","coordinates":[[106.804848,-6.592232],[106.804833,-6.592244],[106.804821,-6.59227],[106.804816,-6.592402],[106.80481,-6.592589],[106.804808,-6.592621],[106.804801,-6.592647],[106.804794,-6.592673],[106.804784,-6.592689],[106.804763,-6.592726],[106.804717,-6.593056],[106.804692,-6.593238],[106.804683,-6.593302],[106.804672,-6.593376],[106.804649,-6.593544],[106.804645,-6.593568],[106.804642,-6.593594],[106.804624,-6.593725],[106.804619,-6.593761],[106.804615,-6.593787],[106.804585,-6.593959],[106.80458,-6.593988],[106.804576,-6.594016],[106.804564,-6.594106],[106.804559,-6.594139],[106.804541,-6.59427],[106.804533,-6.594329],[106.804485,-6.594635],[106.804482,-6.594651],[106.804475,-6.594694],[106.804428,-6.595],[106.804408,-6.595128],[106.804379,-6.595321],[106.804376,-6.595373],[106.804383,-6.595395]]}},{"type":"Feature","properties":{"nama":null,"jenis":"trotoar","sumber":"OSM","atribut":{},"layer_id":"inklusivitas"},"geometry":{"type":"LineString","coordinates":[[106.804364,-6.595539],[106.80437,-6.595569],[106.804386,-6.595655],[106.804432,-6.595873],[106.804453,-6.595994],[106.804486,-6.596179],[106.804516,-6.59639],[106.80453,-6.596487],[106.80454,-6.596555],[106.804575,-6.596788],[106.804592,-6.5969],[106.80462,-6.597076],[106.80463,-6.59714],[106.804651,-6.597277],[106.804664,-6.597366],[106.804701,-6.597625],[106.804716,-6.597734],[106.804718,-6.597747],[106.804723,-6.597786],[106.804736,-6.597871],[106.804743,-6.597921],[106.804771,-6.598096],[106.804788,-6.59821],[106.804793,-6.598239],[106.804797,-6.598266],[106.804832,-6.598441],[106.804854,-6.598592],[106.804888,-6.598861],[106.804907,-6.599007],[106.804952,-6.599217],[106.804996,-6.599516],[106.80502,-6.599617]]}},{"type":"Feature","properties":{"nama":null,"jenis":"trotoar","sumber":"OSM","atribut":{},"layer_id":"inklusivitas"},"geometry":{"type":"LineString","coordinates":[[106.80925,-6.607333],[106.809262,-6.607345],[106.809253,-6.607352],[106.809185,-6.607273],[106.809193,-6.607257],[106.809186,-6.607238],[106.809049,-6.607096],[106.808983,-6.607023],[106.808957,-6.606994],[106.808915,-6.606947],[106.808799,-6.606821],[106.808691,-6.606698],[106.80864,-6.606645],[106.808548,-6.606548],[106.808373,-6.606361],[106.808154,-6.60612],[106.808008,-6.605956],[106.807839,-6.605765],[106.807737,-6.605652],[106.807718,-6.60563],[106.807456,-6.60533],[106.807237,-6.60508],[106.807187,-6.605019]]}},{"type":"Feature","properties":{"nama":null,"jenis":"trotoar","sumber":"OSM","atribut":{},"layer_id":"inklusivitas"},"geometry":{"type":"LineString","coordinates":[[106.809452,-6.607157],[106.809471,-6.607178],[106.809484,-6.607165],[106.809511,-6.607195],[106.809527,-6.607228],[106.80957,-6.607297],[106.809704,-6.607455],[106.809813,-6.607576],[106.809826,-6.607584],[106.809838,-6.607586]]}},{"type":"Feature","properties":{"nama":null,"jenis":"trotoar","sumber":"OSM","atribut":{},"layer_id":"inklusivitas"},"geometry":{"type":"LineString","coordinates":[[106.809967,-6.607753],[106.810217,-6.607552],[106.81037,-6.607429],[106.810504,-6.607312],[106.810557,-6.607267],[106.810643,-6.607194],[106.810885,-6.606991],[106.811012,-6.606878],[106.81123,-6.606701],[106.811326,-6.606618],[106.811459,-6.606511],[106.81159,-6.606414],[106.811758,-6.606294],[106.811892,-6.606202]]}},{"type":"Feature","properties":{"nama":null,"jenis":"trotoar","sumber":"OSM","atribut":{},"layer_id":"inklusivitas"},"geometry":{"type":"LineString","coordinates":[[106.807533,-6.604964],[106.807581,-6.605033],[106.807874,-6.605372],[106.807911,-6.605415],[106.807943,-6.605451],[106.808124,-6.605651],[106.808247,-6.605788],[106.808265,-6.605807],[106.808307,-6.605854],[106.808355,-6.605907],[106.808378,-6.605933],[106.80845,-6.606014],[106.808478,-6.606047],[106.80856,-6.606145],[106.808615,-6.606209],[106.808655,-6.606255],[106.808714,-6.606324],[106.808797,-6.606419],[106.808851,-6.606481],[106.808877,-6.60651],[106.809057,-6.606713],[106.809089,-6.606747],[106.809152,-6.606814],[106.809182,-6.606846],[106.809244,-6.606912],[106.809291,-6.606963],[106.809385,-6.607068],[106.809413,-6.607088],[106.809424,-6.6071],[106.809484,-6.607165]]}},{"type":"Feature","properties":{"nama":null,"jenis":"trotoar","sumber":"OSM","atribut":{},"layer_id":"inklusivitas"},"geometry":{"type":"LineString","coordinates":[[106.80193,-6.592644],[106.80201,-6.592692],[106.802091,-6.59274],[106.802311,-6.592907],[106.802471,-6.593032],[106.80254,-6.59308],[106.802676,-6.5932],[106.802766,-6.593299],[106.802883,-6.593419],[106.802957,-6.593501]]}},{"type":"Feature","properties":{"nama":null,"jenis":"trotoar","sumber":"OSM","atribut":{},"layer_id":"inklusivitas"},"geometry":{"type":"LineString","coordinates":[[106.803047,-6.593607],[106.803196,-6.593758],[106.803305,-6.593902],[106.803557,-6.594231],[106.803603,-6.594287],[106.803746,-6.594548],[106.803923,-6.594861],[106.803989,-6.594981],[106.804005,-6.59499],[106.804112,-6.594973],[106.804235,-6.594953],[106.804307,-6.594923],[106.804314,-6.594889],[106.80434,-6.594745],[106.804362,-6.594625],[106.804384,-6.594481],[106.804416,-6.594275],[106.80447,-6.59392],[106.804523,-6.59359],[106.804562,-6.593304],[106.804578,-6.593183],[106.804598,-6.59304],[106.804612,-6.592938],[106.804638,-6.592731],[106.804613,-6.592673],[106.804625,-6.592468],[106.804386,-6.592458],[106.804085,-6.592444],[106.804012,-6.592439]]}},{"type":"Feature","properties":{"nama":null,"jenis":"trotoar","sumber":"OSM","atribut":{},"layer_id":"inklusivitas"},"geometry":{"type":"LineString","coordinates":[[106.843172,-6.485142],[106.843154,-6.485189],[106.843117,-6.485259],[106.843066,-6.485321],[106.843006,-6.485358],[106.842897,-6.485353],[106.842839,-6.485311],[106.842779,-6.485248],[106.842746,-6.485182],[106.842746,-6.485121]]}},{"type":"Feature","properties":{"nama":null,"jenis":"trotoar","sumber":"OSM","atribut":{},"layer_id":"inklusivitas"},"geometry":{"type":"LineString","coordinates":[[106.831732,-6.473826],[106.831799,-6.473628]]}},{"type":"Feature","properties":{"nama":null,"jenis":"trotoar","sumber":"OSM","atribut":{},"layer_id":"inklusivitas"},"geometry":{"type":"LineString","coordinates":[[106.831157,-6.473586],[106.831732,-6.473826],[106.832392,-6.4741]]}},{"type":"Feature","properties":{"nama":null,"jenis":"trotoar","sumber":"OSM","atribut":{},"layer_id":"inklusivitas"},"geometry":{"type":"LineString","coordinates":[[106.831328,-6.473185],[106.831157,-6.473586],[106.831071,-6.473788]]}},{"type":"Feature","properties":{"nama":null,"jenis":"trotoar","sumber":"OSM","atribut":{},"layer_id":"inklusivitas"},"geometry":{"type":"LineString","coordinates":[[107.051986,-6.437373],[107.052115,-6.437353],[107.052191,-6.437341],[107.052183,-6.437244],[107.052106,-6.437244],[107.051979,-6.437245]]}},{"type":"Feature","properties":{"nama":null,"jenis":"trotoar","sumber":"OSM","atribut":{},"layer_id":"inklusivitas"},"geometry":{"type":"LineString","coordinates":[[107.051909,-6.437933],[107.051965,-6.437925],[107.052029,-6.437915],[107.052092,-6.437906],[107.052155,-6.437896],[107.05221,-6.437888]]}},{"type":"Feature","properties":{"nama":null,"jenis":"trotoar","sumber":"OSM","atribut":{},"layer_id":"inklusivitas"},"geometry":{"type":"LineString","coordinates":[[107.052105,-6.437989],[107.052092,-6.437906],[107.052074,-6.437787],[107.052027,-6.437736]]}},{"type":"Feature","properties":{"nama":null,"jenis":"trotoar","sumber":"OSM","atribut":{},"layer_id":"inklusivitas"},"geometry":{"type":"LineString","coordinates":[[107.052047,-6.438026],[107.052029,-6.437915],[107.05201,-6.437797],[107.052027,-6.437736]]}},{"type":"Feature","properties":{"nama":null,"jenis":"trotoar","sumber":"OSM","atribut":{},"layer_id":"inklusivitas"},"geometry":{"type":"LineString","coordinates":[[107.052165,-6.437965],[107.052155,-6.437896],[107.052119,-6.43764]]}},{"type":"Feature","properties":{"nama":null,"jenis":"trotoar","sumber":"OSM","atribut":{},"layer_id":"inklusivitas"},"geometry":{"type":"LineString","coordinates":[[107.052173,-6.437633],[107.05221,-6.437888],[107.05222,-6.437957]]}},{"type":"Feature","properties":{"nama":null,"jenis":"trotoar","sumber":"OSM","atribut":{},"layer_id":"inklusivitas"},"geometry":{"type":"LineString","coordinates":[[107.052115,-6.437353],[107.052141,-6.437637]]}},{"type":"Feature","properties":{"nama":null,"jenis":"trotoar","sumber":"OSM","atribut":{},"layer_id":"inklusivitas"},"geometry":{"type":"LineString","coordinates":[[107.052098,-6.436961],[107.052106,-6.437244]]}},{"type":"Feature","properties":{"nama":null,"jenis":"trotoar","sumber":"OSM","atribut":{},"layer_id":"inklusivitas"},"geometry":{"type":"LineString","coordinates":[[107.05183,-6.436693],[107.051885,-6.436695],[107.051948,-6.436696],[107.052013,-6.436697],[107.052076,-6.436699],[107.052135,-6.4367]]}},{"type":"Feature","properties":{"nama":null,"jenis":"trotoar","sumber":"OSM","atribut":{},"layer_id":"inklusivitas"},"geometry":{"type":"LineString","coordinates":[[107.052018,-6.436553],[107.052013,-6.436697],[107.05201,-6.436819],[107.051971,-6.436877]]}},{"type":"Feature","properties":{"nama":null,"jenis":"trotoar","sumber":"OSM","atribut":{},"layer_id":"inklusivitas"},"geometry":{"type":"LineString","coordinates":[[107.051952,-6.436564],[107.051948,-6.436696],[107.051944,-6.43682],[107.051971,-6.436877]]}},{"type":"Feature","properties":{"nama":null,"jenis":"trotoar","sumber":"OSM","atribut":{},"layer_id":"inklusivitas"},"geometry":{"type":"LineString","coordinates":[[107.05213,-6.43696],[107.052135,-6.4367],[107.052136,-6.436659]]}},{"type":"Feature","properties":{"nama":null,"jenis":"trotoar","sumber":"OSM","atribut":{},"layer_id":"inklusivitas"},"geometry":{"type":"LineString","coordinates":[[107.052073,-6.436961],[107.052076,-6.436699],[107.052078,-6.436575]]}},{"type":"Feature","properties":{"nama":null,"jenis":"trotoar","sumber":"OSM","atribut":{},"layer_id":"inklusivitas"},"geometry":{"type":"LineString","coordinates":[[107.051778,-6.436956],[107.051826,-6.436958],[107.051878,-6.436959],[107.051973,-6.436963],[107.052073,-6.436961],[107.052098,-6.436961],[107.05213,-6.43696],[107.052173,-6.43696]]}},{"type":"Feature","properties":{"nama":null,"jenis":"trotoar","sumber":"OSM","atribut":{},"layer_id":"inklusivitas"},"geometry":{"type":"LineString","coordinates":[[107.051821,-6.437672],[107.051868,-6.437668],[107.051928,-6.437662],[107.052018,-6.437654],[107.052119,-6.43764],[107.052141,-6.437637],[107.052173,-6.437633],[107.052212,-6.437628]]}},{"type":"Feature","properties":{"nama":null,"jenis":"trotoar","sumber":"OSM","atribut":{},"layer_id":"inklusivitas"},"geometry":{"type":"LineString","coordinates":[[107.051888,-6.436584],[107.051885,-6.436695],[107.051878,-6.436959],[107.051894,-6.437316],[107.051928,-6.437662],[107.051965,-6.437925],[107.05198,-6.438031]]}},{"type":"Feature","properties":{"nama":null,"jenis":"trotoar","sumber":"OSM","atribut":{},"layer_id":"inklusivitas"},"geometry":{"type":"LineString","coordinates":[[107.051921,-6.43801],[107.051909,-6.437933],[107.051868,-6.437668],[107.051838,-6.437315],[107.051826,-6.436958],[107.05183,-6.436693],[107.051831,-6.436623]]}},{"type":"Feature","properties":{"nama":null,"jenis":"trotoar","sumber":"OSM","atribut":{},"layer_id":"inklusivitas"},"geometry":{"type":"LineString","coordinates":[[106.722677,-6.563022],[106.722993,-6.563032]]}},{"type":"Feature","properties":{"nama":null,"jenis":"trotoar","sumber":"OSM","atribut":{},"layer_id":"inklusivitas"},"geometry":{"type":"LineString","coordinates":[[106.722677,-6.563022],[106.722643,-6.563023],[106.722522,-6.563024],[106.722392,-6.563024],[106.722196,-6.563009],[106.722125,-6.563003],[106.721752,-6.562955],[106.721353,-6.562909]]}},{"type":"Feature","properties":{"nama":null,"jenis":"trotoar","sumber":"OSM","atribut":{},"layer_id":"inklusivitas"},"geometry":{"type":"LineString","coordinates":[[106.719968,-6.558261],[106.720051,-6.558678],[106.720088,-6.558857],[106.720112,-6.55893],[106.720165,-6.559024],[106.720235,-6.559141],[106.720314,-6.559233],[106.720406,-6.559303],[106.720606,-6.559443],[106.721337,-6.559857],[106.72157,-6.559988],[106.721758,-6.560085],[106.721937,-6.560123],[106.721997,-6.560122],[106.722129,-6.560107],[106.722577,-6.560108],[106.723432,-6.56011],[106.72349,-6.56011],[106.72382,-6.560112],[106.724178,-6.560117],[106.724305,-6.560118],[106.724358,-6.560118],[106.724616,-6.560126],[106.724719,-6.560127],[106.724788,-6.560128],[106.724968,-6.560131],[106.725166,-6.56013],[106.725183,-6.560131],[106.725192,-6.560136],[106.725203,-6.560145],[106.725317,-6.560362],[106.725477,-6.56067],[106.725517,-6.560747],[106.725544,-6.560773],[106.725581,-6.560781],[106.725706,-6.560789],[106.725738,-6.560786],[106.725748,-6.560777],[106.72574,-6.560756],[106.725653,-6.560593],[106.725724,-6.560475]]}},{"type":"Feature","properties":{"nama":null,"jenis":"trotoar","sumber":"OSM","atribut":{},"layer_id":"inklusivitas"},"geometry":{"type":"LineString","coordinates":[[106.726185,-6.560883],[106.72616,-6.560882],[106.726117,-6.56088],[106.725989,-6.560874],[106.725903,-6.560872],[106.725869,-6.560891],[106.725821,-6.56096],[106.725796,-6.560995],[106.725725,-6.561097]]}},{"type":"Feature","properties":{"nama":null,"jenis":"trotoar","sumber":"OSM","atribut":{},"layer_id":"inklusivitas"},"geometry":{"type":"LineString","coordinates":[[106.726956,-6.562974],[106.727071,-6.56285],[106.727167,-6.562723],[106.727192,-6.562677],[106.727216,-6.562614],[106.72724,-6.5625],[106.727252,-6.562391],[106.72725,-6.562331],[106.727232,-6.562304],[106.727219,-6.562287],[106.727218,-6.562271],[106.727229,-6.562259]]}},{"type":"Feature","properties":{"nama":null,"jenis":"trotoar","sumber":"OSM","atribut":{},"layer_id":"inklusivitas"},"geometry":{"type":"LineString","coordinates":[[106.726986,-6.561904],[106.727003,-6.56182],[106.726696,-6.561235],[106.726562,-6.560988],[106.726522,-6.560917],[106.726508,-6.560902],[106.726449,-6.560891],[106.726231,-6.560885],[106.726185,-6.560883]]}},{"type":"Feature","properties":{"nama":null,"jenis":"trotoar","sumber":"OSM","atribut":{},"layer_id":"inklusivitas"},"geometry":{"type":"LineString","coordinates":[[106.726164,-6.560805],[106.725923,-6.560795],[106.725888,-6.560788],[106.72587,-6.560773],[106.725853,-6.56074],[106.725818,-6.560666],[106.725798,-6.560625],[106.725796,-6.560596]]}},{"type":"Feature","properties":{"nama":null,"jenis":"trotoar","sumber":"OSM","atribut":{},"layer_id":"inklusivitas"},"geometry":{"type":"LineString","coordinates":[[106.725796,-6.560596],[106.725857,-6.560492],[106.725867,-6.560476],[106.72597,-6.560331]]}},{"type":"Feature","properties":{"nama":null,"jenis":"trotoar","sumber":"OSM","atribut":{},"layer_id":"inklusivitas"},"geometry":{"type":"LineString","coordinates":[[106.725724,-6.560475],[106.725891,-6.560204],[106.725953,-6.560109],[106.726031,-6.560057],[106.726294,-6.560173],[106.726328,-6.560022],[106.726349,-6.559931],[106.726553,-6.559941]]}},{"type":"Feature","properties":{"nama":null,"jenis":"trotoar","sumber":"OSM","atribut":{},"layer_id":"inklusivitas"},"geometry":{"type":"LineString","coordinates":[[106.820379,-6.482282],[106.820367,-6.482214],[106.820641,-6.482026],[106.82105,-6.481765],[106.821467,-6.481495],[106.821616,-6.481395],[106.821828,-6.481251]]}},{"type":"Feature","properties":{"nama":null,"jenis":"trotoar","sumber":"OSM","atribut":{},"layer_id":"inklusivitas"},"geometry":{"type":"LineString","coordinates":[[106.821828,-6.481251],[106.821985,-6.481149],[106.822086,-6.481094],[106.822329,-6.481004],[106.822474,-6.480947],[106.822526,-6.480933],[106.822597,-6.480912],[106.82278,-6.48088]]}},{"type":"Feature","properties":{"nama":null,"jenis":"trotoar","sumber":"OSM","atribut":{},"layer_id":"inklusivitas"},"geometry":{"type":"LineString","coordinates":[[106.825284,-6.480898],[106.825326,-6.480898],[106.82538,-6.480899],[106.825436,-6.4809],[106.825738,-6.480906],[106.826202,-6.480914],[106.826752,-6.480921],[106.827266,-6.480928],[106.827509,-6.480936],[106.82783,-6.480946],[106.828089,-6.480954],[106.828238,-6.480978],[106.828328,-6.480996],[106.828457,-6.481022],[106.828609,-6.481073],[106.828834,-6.481147],[106.829017,-6.481221],[106.829086,-6.481248],[106.829223,-6.481301],[106.829301,-6.481338],[106.829703,-6.481524],[106.830169,-6.481742],[106.830476,-6.481887],[106.83065,-6.481969],[106.830952,-6.482114],[106.831148,-6.482209],[106.83162,-6.482445],[106.832005,-6.482639],[106.832108,-6.482692],[106.832306,-6.482794],[106.832623,-6.48296],[106.832717,-6.483011],[106.832891,-6.483105],[106.833293,-6.483354],[106.833405,-6.483418],[106.833516,-6.483481],[106.833768,-6.483608],[106.83401,-6.483737],[106.834233,-6.483845],[106.834619,-6.484035],[106.834692,-6.484071],[106.834755,-6.484096],[106.834998,-6.484197],[106.835156,-6.484251],[106.835362,-6.484332],[106.835488,-6.484381],[106.835656,-6.484444],[106.835679,-6.484441],[106.835787,-6.484479],[106.835919,-6.484529],[106.836002,-6.484562],[106.836123,-6.484609],[106.836142,-6.484616],[106.836234,-6.484653],[106.836483,-6.484751],[106.836565,-6.484784],[106.836695,-6.484833],[106.836777,-6.484864],[106.836911,-6.484894],[106.836969,-6.484902],[106.837077,-6.484918],[106.837205,-6.484929],[106.837459,-6.48495],[106.83751,-6.48495],[106.837735,-6.484948],[106.837807,-6.484948],[106.837947,-6.484949],[106.838127,-6.48495],[106.8383,-6.484949],[106.838582,-6.484946],[106.838879,-6.484946],[106.839469,-6.48489],[106.84019,-6.484823],[106.840277,-6.484815],[106.840434,-6.484802],[106.840587,-6.484789],[106.84104,-6.484753],[106.841082,-6.48475],[106.841301,-6.484743],[106.841575,-6.484733],[106.841925,-6.484718],[106.842241,-6.484718],[106.842338,-6.484721],[106.842469,-6.484724],[106.842711,-6.484741],[106.842756,-6.484746],[106.842893,-6.484761]]}},{"type":"Feature","properties":{"nama":null,"jenis":"trotoar","sumber":"OSM","atribut":{},"layer_id":"inklusivitas"},"geometry":{"type":"LineString","coordinates":[[106.820746,-6.482505],[106.820888,-6.482418],[106.821727,-6.481852],[106.822081,-6.481623],[106.822326,-6.481491],[106.822532,-6.48139],[106.822741,-6.481341],[106.822834,-6.481308],[106.822979,-6.481297],[106.823235,-6.481295],[106.823293,-6.481296],[106.823469,-6.481298],[106.823623,-6.481301],[106.824247,-6.481313],[106.824268,-6.481314],[106.824376,-6.481317],[106.824506,-6.481315],[106.824729,-6.48132],[106.824808,-6.481322],[106.824849,-6.481323],[106.824921,-6.481325],[106.825349,-6.481337],[106.825388,-6.481338],[106.825718,-6.481343],[106.82587,-6.481346],[106.825896,-6.481348],[106.825953,-6.481353],[106.826783,-6.481365],[106.826821,-6.481365],[106.826916,-6.481367],[106.827137,-6.481372],[106.827215,-6.481373],[106.827243,-6.481374],[106.827537,-6.481383],[106.827588,-6.481384],[106.827635,-6.481387],[106.827888,-6.481403],[106.828018,-6.481412],[106.828075,-6.481416],[106.828176,-6.481433],[106.828212,-6.481433],[106.828249,-6.481433],[106.828362,-6.481449],[106.828424,-6.48146],[106.828512,-6.481483],[106.828613,-6.481522],[106.828965,-6.481687],[106.829157,-6.481777],[106.829709,-6.482028],[106.830075,-6.482192],[106.830323,-6.482304],[106.830527,-6.482405],[106.830576,-6.482429],[106.830677,-6.482479],[106.830816,-6.482549],[106.831188,-6.48274],[106.831376,-6.482837],[106.831624,-6.482965],[106.831779,-6.483041],[106.831986,-6.483142],[106.832088,-6.483198],[106.83216,-6.483238],[106.832394,-6.483365],[106.832435,-6.483387],[106.832539,-6.483443],[106.832596,-6.483475],[106.832673,-6.483517],[106.832778,-6.483574],[106.833309,-6.483865],[106.833866,-6.484167],[106.833906,-6.484186],[106.834276,-6.484366],[106.834398,-6.484425],[106.834712,-6.484577],[106.834761,-6.484597],[106.834941,-6.484672],[106.835269,-6.484803],[106.835343,-6.484833],[106.835435,-6.484871],[106.83556,-6.484922],[106.835617,-6.484949],[106.835631,-6.48496],[106.835637,-6.484972],[106.83564,-6.484986],[106.83564,-6.485003],[106.835636,-6.485031],[106.835619,-6.485078],[106.835577,-6.485196],[106.835579,-6.485249],[106.835449,-6.485641],[106.835365,-6.485897],[106.835131,-6.486558],[106.835088,-6.486681],[106.834915,-6.487172],[106.834665,-6.48785],[106.834384,-6.488611],[106.834224,-6.489054],[106.834152,-6.489234],[106.834082,-6.489434],[106.834059,-6.489505],[106.834013,-6.489652],[106.83399,-6.489731],[106.833927,-6.48995],[106.833867,-6.490201],[106.833843,-6.49031],[106.833824,-6.490397],[106.833812,-6.490452],[106.833759,-6.49069],[106.83374,-6.490775],[106.833697,-6.490996],[106.833608,-6.49138],[106.833538,-6.491667],[106.833463,-6.491946],[106.833443,-6.492023],[106.83342,-6.492104]]}},{"type":"Feature","properties":{"nama":null,"jenis":"trotoar","sumber":"OSM","atribut":{},"layer_id":"inklusivitas"},"geometry":{"type":"LineString","coordinates":[[106.833661,-6.492228],[106.833668,-6.492075],[106.833775,-6.491602],[106.83383,-6.491329],[106.833852,-6.491238],[106.833967,-6.490765],[106.834029,-6.490494],[106.834057,-6.490372],[106.834126,-6.490124],[106.834148,-6.490044],[106.834299,-6.489524],[106.834362,-6.489333],[106.834637,-6.48859],[106.834683,-6.488473],[106.834713,-6.488398],[106.834949,-6.4878],[106.835043,-6.487544],[106.835248,-6.486988],[106.835335,-6.486773],[106.835446,-6.4865],[106.835593,-6.486026],[106.835714,-6.485667],[106.835731,-6.485608],[106.835777,-6.485456],[106.835807,-6.48536],[106.835821,-6.485314],[106.835872,-6.485168],[106.835887,-6.485125],[106.835891,-6.485111],[106.835903,-6.485103],[106.835924,-6.485098],[106.835947,-6.485103],[106.836025,-6.485136],[106.83615,-6.48518],[106.8362,-6.48518],[106.836241,-6.485174],[106.836322,-6.485203],[106.836394,-6.485228],[106.836477,-6.485258],[106.836572,-6.485293],[106.836704,-6.485336],[106.836769,-6.485348],[106.836792,-6.485353],[106.836923,-6.485379],[106.837015,-6.485387],[106.837086,-6.485394],[106.837189,-6.485406],[106.837375,-6.485412],[106.837487,-6.485416],[106.837865,-6.48542],[106.837977,-6.485422],[106.838188,-6.485424],[106.838421,-6.485427],[106.838539,-6.485428],[106.838601,-6.48543],[106.838747,-6.485433],[106.838775,-6.48543],[106.838905,-6.48542],[106.839283,-6.485391],[106.840016,-6.485326],[106.840257,-6.485305],[106.840549,-6.485279],[106.841096,-6.485231],[106.841246,-6.485218],[106.841851,-6.485166],[106.841957,-6.485163],[106.842028,-6.48516],[106.842273,-6.485166],[106.84257,-6.485177],[106.842746,-6.485182]]}},{"type":"Feature","properties":{"nama":null,"jenis":"trotoar","sumber":"OSM","atribut":{},"layer_id":"inklusivitas"},"geometry":{"type":"LineString","coordinates":[[106.843822,-6.484465],[106.843885,-6.484533],[106.843831,-6.484922],[106.843785,-6.485279],[106.843753,-6.485496],[106.843747,-6.485539],[106.843716,-6.485756],[106.84368,-6.48599],[106.843649,-6.486201],[106.843632,-6.486326],[106.843574,-6.486737],[106.843527,-6.487042],[106.843524,-6.487081],[106.843511,-6.487216],[106.843485,-6.487429],[106.843474,-6.487676],[106.84348,-6.487821],[106.84348,-6.487941],[106.843521,-6.488144],[106.843544,-6.488261],[106.843639,-6.488601],[106.843703,-6.488814],[106.843776,-6.489048],[106.843896,-6.489276],[106.844075,-6.489569],[106.844437,-6.490034],[106.844653,-6.490335],[106.84482,-6.490574],[106.844882,-6.490682],[106.844954,-6.490816],[106.844995,-6.490924],[106.845052,-6.491054],[106.845078,-6.491117],[106.845116,-6.491208],[106.845202,-6.491454],[106.845253,-6.491594],[106.845305,-6.491646],[106.84535,-6.491682],[106.845385,-6.491702],[106.845413,-6.49172]]}},{"type":"Feature","properties":{"nama":null,"jenis":"trotoar","sumber":"OSM","atribut":{},"layer_id":"inklusivitas"},"geometry":{"type":"LineString","coordinates":[[106.83568,-6.484453],[106.835669,-6.484448],[106.835656,-6.484444]]}},{"type":"Feature","properties":{"nama":null,"jenis":"trotoar","sumber":"OSM","atribut":{},"layer_id":"inklusivitas"},"geometry":{"type":"LineString","coordinates":[[106.836138,-6.484644],[106.836134,-6.484639],[106.836136,-6.484631],[106.836142,-6.484616]]}},{"type":"Feature","properties":{"nama":null,"jenis":"trotoar","sumber":"OSM","atribut":{},"layer_id":"inklusivitas"},"geometry":{"type":"LineString","coordinates":[[106.835947,-6.485038],[106.835931,-6.485034],[106.835919,-6.485036],[106.835911,-6.485043],[106.835896,-6.485092],[106.835891,-6.485111]]}},{"type":"Feature","properties":{"nama":null,"jenis":"trotoar","sumber":"OSM","atribut":{},"layer_id":"inklusivitas"},"geometry":{"type":"LineString","coordinates":[[106.835619,-6.485172],[106.835602,-6.485206],[106.835592,-6.485226],[106.835579,-6.485249]]}},{"type":"Feature","properties":{"nama":null,"jenis":"trotoar","sumber":"OSM","atribut":{},"layer_id":"inklusivitas"},"geometry":{"type":"LineString","coordinates":[[106.824118,-6.479918],[106.824088,-6.479964],[106.824087,-6.480141],[106.824087,-6.480166],[106.824086,-6.480429],[106.824086,-6.480523],[106.824086,-6.48072],[106.824086,-6.48081],[106.824084,-6.480848],[106.824079,-6.480862],[106.824068,-6.480869],[106.824043,-6.480875]]}},{"type":"Feature","properties":{"nama":null,"jenis":"trotoar","sumber":"OSM","atribut":{},"layer_id":"inklusivitas"},"geometry":{"type":"LineString","coordinates":[[106.824157,-6.480878],[106.824146,-6.480868],[106.824142,-6.480852],[106.824142,-6.480804],[106.824143,-6.480757],[106.824144,-6.480695],[106.824143,-6.480284],[106.824144,-6.480021],[106.824145,-6.479961],[106.824118,-6.479918]]}},{"type":"Feature","properties":{"nama":null,"jenis":"trotoar","sumber":"OSM","atribut":{},"layer_id":"inklusivitas"},"geometry":{"type":"LineString","coordinates":[[106.825377,-6.47996],[106.825339,-6.480026],[106.825324,-6.480422],[106.825307,-6.480745],[106.825304,-6.480813],[106.825303,-6.480865],[106.825302,-6.480877],[106.825298,-6.480886],[106.825292,-6.480893],[106.825284,-6.480898]]}},{"type":"Feature","properties":{"nama":null,"jenis":"trotoar","sumber":"OSM","atribut":{},"layer_id":"inklusivitas"},"geometry":{"type":"LineString","coordinates":[[106.82538,-6.480899],[106.82537,-6.480893],[106.825364,-6.480877],[106.825361,-6.480859],[106.82537,-6.480698],[106.825373,-6.480647],[106.825374,-6.480621],[106.825389,-6.480377],[106.825391,-6.48035],[106.825408,-6.480029],[106.825377,-6.47996]]}},{"type":"Feature","properties":{"nama":null,"jenis":"trotoar","sumber":"OSM","atribut":{},"layer_id":"inklusivitas"},"geometry":{"type":"LineString","coordinates":[[106.82278,-6.48088],[106.82287,-6.48087],[106.822947,-6.480861],[106.823397,-6.480869],[106.823502,-6.480871],[106.823763,-6.480873],[106.824043,-6.480875],[106.824069,-6.480875],[106.824115,-6.480876],[106.824157,-6.480878]]}},{"type":"Feature","properties":{"nama":null,"jenis":"trotoar","sumber":"OSM","atribut":{},"layer_id":"inklusivitas"},"geometry":{"type":"LineString","coordinates":[[106.824118,-6.479918],[106.824147,-6.479898],[106.824737,-6.479908],[106.824752,-6.479909],[106.824789,-6.479909],[106.824823,-6.47991],[106.824834,-6.47991],[106.825341,-6.479923],[106.825377,-6.47996]]}},{"type":"Feature","properties":{"nama":null,"jenis":"trotoar","sumber":"OSM","atribut":{},"layer_id":"inklusivitas"},"geometry":{"type":"LineString","coordinates":[[106.790805,-6.490059],[106.791106,-6.490123],[106.79135,-6.490185],[106.791487,-6.490219],[106.791592,-6.490235],[106.791671,-6.490227],[106.791727,-6.490222],[106.79194,-6.490186],[106.792039,-6.490159],[106.792169,-6.49009],[106.792236,-6.490045],[106.792342,-6.489935],[106.792421,-6.48987],[106.792487,-6.489827],[106.792556,-6.489796]]}},{"type":"Feature","properties":{"nama":null,"jenis":"trotoar","sumber":"OSM","atribut":{},"layer_id":"inklusivitas"},"geometry":{"type":"LineString","coordinates":[[106.790807,-6.489999],[106.790941,-6.490012],[106.791082,-6.490045],[106.791267,-6.490103],[106.791405,-6.49014],[106.791443,-6.490151],[106.791534,-6.490177],[106.791612,-6.490174],[106.791755,-6.490154],[106.791969,-6.4901],[106.792118,-6.490042],[106.792169,-6.490003],[106.792234,-6.489938],[106.792311,-6.489866],[106.792473,-6.48972]]}},{"type":"Feature","properties":{"nama":null,"jenis":"trotoar","sumber":"OSM","atribut":{},"layer_id":"inklusivitas"},"geometry":{"type":"LineString","coordinates":[[106.829664,-6.36126],[106.829644,-6.361276],[106.82929,-6.361582],[106.828873,-6.361952],[106.8287,-6.362152],[106.828616,-6.362325],[106.828593,-6.362366],[106.828542,-6.362425]]}},{"type":"Feature","properties":{"nama":null,"jenis":"trotoar","sumber":"OSM","atribut":{},"layer_id":"inklusivitas"},"geometry":{"type":"LineString","coordinates":[[106.828936,-6.363779],[106.828935,-6.363826],[106.82906,-6.363826],[106.829149,-6.363831],[106.829277,-6.363847],[106.829304,-6.363852],[106.829328,-6.363857],[106.829462,-6.363898],[106.829583,-6.363947],[106.829801,-6.364046],[106.829975,-6.364187],[106.830125,-6.364352],[106.830103,-6.364398]]}},{"type":"Feature","properties":{"nama":null,"jenis":"trotoar","sumber":"OSM","atribut":{},"layer_id":"inklusivitas"},"geometry":{"type":"LineString","coordinates":[[106.830587,-6.362261],[106.830105,-6.361764],[106.829644,-6.361276]]}},{"type":"Feature","properties":{"nama":null,"jenis":"trotoar","sumber":"OSM","atribut":{},"layer_id":"inklusivitas"},"geometry":{"type":"LineString","coordinates":[[106.824462,-6.371177],[106.824467,-6.371275],[106.824472,-6.371353]]}},{"type":"Feature","properties":{"nama":null,"jenis":"trotoar","sumber":"OSM","atribut":{},"layer_id":"inklusivitas"},"geometry":{"type":"LineString","coordinates":[[106.824482,-6.371525],[106.824481,-6.371507],[106.824481,-6.371501],[106.824479,-6.37148]]}},{"type":"Feature","properties":{"nama":null,"jenis":"trotoar","sumber":"OSM","atribut":{},"layer_id":"inklusivitas"},"geometry":{"type":"LineString","coordinates":[[106.859448,-6.425394],[106.859051,-6.425292],[106.859087,-6.424854],[106.859525,-6.424692],[106.859673,-6.424458]]}},{"type":"Feature","properties":{"nama":null,"jenis":"trotoar","sumber":"OSM","atribut":{},"layer_id":"inklusivitas"},"geometry":{"type":"LineString","coordinates":[[106.859673,-6.424458],[106.860006,-6.423952],[106.860195,-6.423266],[106.860055,-6.422813]]}},{"type":"Feature","properties":{"nama":"Gang Syareah 1","jenis":"trotoar","sumber":"OSM","atribut":{},"layer_id":"inklusivitas"},"geometry":{"type":"LineString","coordinates":[[106.71659,-6.239001],[106.716656,-6.238755],[106.716789,-6.23878],[106.716805,-6.238667]]}},{"type":"Feature","properties":{"nama":"Gang Syareah 2","jenis":"trotoar","sumber":"OSM","atribut":{},"layer_id":"inklusivitas"},"geometry":{"type":"LineString","coordinates":[[106.716385,-6.238913],[106.716497,-6.238496]]}},{"type":"Feature","properties":{"nama":"Gang Syareah 3","jenis":"trotoar","sumber":"OSM","atribut":{},"layer_id":"inklusivitas"},"geometry":{"type":"LineString","coordinates":[[106.716276,-6.238833],[106.716322,-6.238672],[106.716345,-6.238595],[106.71638,-6.238443]]}},{"type":"Feature","properties":{"nama":"Gang Sempit","jenis":"trotoar","sumber":"OSM","atribut":{},"layer_id":"inklusivitas"},"geometry":{"type":"LineString","coordinates":[[106.607088,-6.206809],[106.606901,-6.207091]]}},{"type":"Feature","properties":{"nama":"Jalan Salak 6","jenis":"trotoar","sumber":"OSM","atribut":{},"layer_id":"inklusivitas"},"geometry":{"type":"LineString","coordinates":[[106.609068,-6.205587],[106.609101,-6.205405]]}},{"type":"Feature","properties":{"nama":null,"jenis":"trotoar","sumber":"OSM","atribut":{},"layer_id":"inklusivitas"},"geometry":{"type":"LineString","coordinates":[[106.609101,-6.205405],[106.609102,-6.2054]]}},{"type":"Feature","properties":{"nama":null,"jenis":"trotoar","sumber":"OSM","atribut":{},"layer_id":"inklusivitas"},"geometry":{"type":"LineString","coordinates":[[106.708513,-6.322139],[106.708399,-6.321826],[106.708308,-6.321545]]}},{"type":"Feature","properties":{"nama":null,"jenis":"trotoar","sumber":"OSM","atribut":{},"layer_id":"inklusivitas"},"geometry":{"type":"LineString","coordinates":[[106.708308,-6.321545],[106.708206,-6.321143],[106.70802,-6.321191],[106.707877,-6.321327],[106.707859,-6.321391],[106.70787,-6.321432],[106.708018,-6.321525],[106.708024,-6.321558],[106.707815,-6.32189],[106.707751,-6.321982]]}},{"type":"Feature","properties":{"nama":null,"jenis":"trotoar","sumber":"OSM","atribut":{},"layer_id":"inklusivitas"},"geometry":{"type":"LineString","coordinates":[[106.708856,-6.323288],[106.708867,-6.323219],[106.708879,-6.323145],[106.708893,-6.323012],[106.70886,-6.322803],[106.708743,-6.322525],[106.708596,-6.322273],[106.708531,-6.32217],[106.708513,-6.322139]]}},{"type":"Feature","properties":{"nama":null,"jenis":"trotoar","sumber":"OSM","atribut":{},"layer_id":"inklusivitas"},"geometry":{"type":"LineString","coordinates":[[106.640783,-6.298923],[106.640484,-6.298763]]}},{"type":"Feature","properties":{"nama":null,"jenis":"trotoar","sumber":"OSM","atribut":{},"layer_id":"inklusivitas"},"geometry":{"type":"LineString","coordinates":[[106.644511,-6.302088],[106.644333,-6.301194],[106.644325,-6.301169],[106.644308,-6.301141],[106.644299,-6.301131],[106.644287,-6.301125],[106.644259,-6.301116],[106.642016,-6.301308]]}},{"type":"Feature","properties":{"nama":null,"jenis":"trotoar","sumber":"OSM","atribut":{},"layer_id":"inklusivitas"},"geometry":{"type":"LineString","coordinates":[[106.644172,-6.300383],[106.64425,-6.300822],[106.644238,-6.300848],[106.644218,-6.30086],[106.643677,-6.30092]]}},{"type":"Feature","properties":{"nama":null,"jenis":"trotoar","sumber":"OSM","atribut":{},"layer_id":"inklusivitas"},"geometry":{"type":"LineString","coordinates":[[106.648997,-6.296976],[106.648997,-6.297013],[106.648995,-6.297054],[106.64896,-6.297086],[106.648645,-6.297181],[106.648215,-6.297309],[106.648179,-6.297298],[106.648161,-6.297281],[106.648148,-6.297253],[106.648147,-6.297218],[106.648153,-6.297147]]}},{"type":"Feature","properties":{"nama":null,"jenis":"trotoar","sumber":"OSM","atribut":{},"layer_id":"inklusivitas"},"geometry":{"type":"LineString","coordinates":[[106.648994,-6.296879],[106.648988,-6.296835],[106.648963,-6.296803],[106.648592,-6.296781],[106.648262,-6.296762],[106.648216,-6.296773],[106.648184,-6.296821],[106.648179,-6.296881]]}},{"type":"Feature","properties":{"nama":null,"jenis":"trotoar","sumber":"OSM","atribut":{},"layer_id":"inklusivitas"},"geometry":{"type":"LineString","coordinates":[[106.643719,-6.307158],[106.643437,-6.306644]]}},{"type":"Feature","properties":{"nama":null,"jenis":"trotoar","sumber":"OSM","atribut":{},"layer_id":"inklusivitas"},"geometry":{"type":"LineString","coordinates":[[106.670693,-6.297754],[106.670743,-6.297798]]}},{"type":"Feature","properties":{"nama":null,"jenis":"trotoar","sumber":"OSM","atribut":{},"layer_id":"inklusivitas"},"geometry":{"type":"LineString","coordinates":[[106.670455,-6.297804],[106.670637,-6.297771]]}},{"type":"Feature","properties":{"nama":null,"jenis":"trotoar","sumber":"OSM","atribut":{},"layer_id":"inklusivitas"},"geometry":{"type":"LineString","coordinates":[[106.649249,-6.298197],[106.649345,-6.298552]]}},{"type":"Feature","properties":{"nama":null,"jenis":"trotoar","sumber":"OSM","atribut":{},"layer_id":"inklusivitas"},"geometry":{"type":"LineString","coordinates":[[106.649389,-6.29816],[106.649485,-6.298513]]}},{"type":"Feature","properties":{"nama":null,"jenis":"trotoar","sumber":"OSM","atribut":{},"layer_id":"inklusivitas"},"geometry":{"type":"LineString","coordinates":[[106.648995,-6.296133],[106.649015,-6.295736]]}},{"type":"Feature","properties":{"nama":null,"jenis":"trotoar","sumber":"OSM","atribut":{},"layer_id":"inklusivitas"},"geometry":{"type":"LineString","coordinates":[[106.649173,-6.29564],[106.649191,-6.295205]]}},{"type":"Feature","properties":{"nama":null,"jenis":"trotoar","sumber":"OSM","atribut":{},"layer_id":"inklusivitas"},"geometry":{"type":"LineString","coordinates":[[106.649084,-6.296966],[106.649094,-6.297017],[106.64912,-6.29703]]}},{"type":"Feature","properties":{"nama":null,"jenis":"trotoar","sumber":"OSM","atribut":{},"layer_id":"inklusivitas"},"geometry":{"type":"LineString","coordinates":[[106.64908,-6.296869],[106.649084,-6.296823],[106.649119,-6.296798]]}},{"type":"Feature","properties":{"nama":null,"jenis":"trotoar","sumber":"OSM","atribut":{},"layer_id":"inklusivitas"},"geometry":{"type":"LineString","coordinates":[[106.648974,-6.297171],[106.649094,-6.297628]]}},{"type":"Feature","properties":{"nama":null,"jenis":"trotoar","sumber":"OSM","atribut":{},"layer_id":"inklusivitas"},"geometry":{"type":"LineString","coordinates":[[106.649125,-6.297134],[106.649237,-6.297592]]}},{"type":"Feature","properties":{"nama":null,"jenis":"trotoar","sumber":"OSM","atribut":{},"layer_id":"inklusivitas"},"geometry":{"type":"LineString","coordinates":[[106.649119,-6.297721],[106.649221,-6.298095]]}},{"type":"Feature","properties":{"nama":null,"jenis":"trotoar","sumber":"OSM","atribut":{},"layer_id":"inklusivitas"},"geometry":{"type":"LineString","coordinates":[[106.64926,-6.297684],[106.649361,-6.298058]]}},{"type":"Feature","properties":{"nama":null,"jenis":"trotoar","sumber":"OSM","atribut":{},"layer_id":"inklusivitas"},"geometry":{"type":"LineString","coordinates":[[106.649374,-6.298658],[106.649514,-6.29862]]}},{"type":"Feature","properties":{"nama":null,"jenis":"trotoar","sumber":"OSM","atribut":{},"layer_id":"inklusivitas"},"geometry":{"type":"LineString","coordinates":[[106.648966,-6.296714],[106.648989,-6.296252]]}},{"type":"Feature","properties":{"nama":null,"jenis":"trotoar","sumber":"OSM","atribut":{},"layer_id":"inklusivitas"},"geometry":{"type":"LineString","coordinates":[[106.649123,-6.296725],[106.649144,-6.296259]]}},{"type":"Feature","properties":{"nama":null,"jenis":"trotoar","sumber":"OSM","atribut":{},"layer_id":"inklusivitas"},"geometry":{"type":"LineString","coordinates":[[106.649021,-6.295633],[106.649045,-6.295196]]}},{"type":"Feature","properties":{"nama":null,"jenis":"trotoar","sumber":"OSM","atribut":{},"layer_id":"inklusivitas"},"geometry":{"type":"LineString","coordinates":[[106.64915,-6.296141],[106.649168,-6.295743]]}},{"type":"Feature","properties":{"nama":null,"jenis":"trotoar","sumber":"OSM","atribut":{},"layer_id":"inklusivitas"},"geometry":{"type":"LineString","coordinates":[[106.680003,-6.317328],[106.680127,-6.317478],[106.680307,-6.317722],[106.68037,-6.317806],[106.680444,-6.317909],[106.680458,-6.317932],[106.680483,-6.317979],[106.680776,-6.318386],[106.680801,-6.318418],[106.681067,-6.318753],[106.681194,-6.318898],[106.681325,-6.319021],[106.681343,-6.319046],[106.68139,-6.319086],[106.681549,-6.319285],[106.681639,-6.319405],[106.681719,-6.31952],[106.681811,-6.319649],[106.681932,-6.319826],[106.681969,-6.319881],[106.682066,-6.320036],[106.682204,-6.320299],[106.682534,-6.32094]]}},{"type":"Feature","properties":{"nama":null,"jenis":"trotoar","sumber":"OSM","atribut":{},"layer_id":"inklusivitas"},"geometry":{"type":"LineString","coordinates":[[106.682638,-6.321168],[106.682851,-6.321743],[106.683127,-6.322504],[106.683358,-6.323192]]}},{"type":"Feature","properties":{"nama":null,"jenis":"trotoar","sumber":"OSM","atribut":{},"layer_id":"inklusivitas"},"geometry":{"type":"LineString","coordinates":[[106.682534,-6.32094],[106.682552,-6.320951],[106.682566,-6.320954],[106.682581,-6.320955],[106.682597,-6.320954],[106.682615,-6.320951],[106.682852,-6.320884],[106.684072,-6.32054],[106.684199,-6.320503],[106.684218,-6.320569]]}},{"type":"Feature","properties":{"nama":null,"jenis":"trotoar","sumber":"OSM","atribut":{},"layer_id":"inklusivitas"},"geometry":{"type":"LineString","coordinates":[[106.684218,-6.320569],[106.684241,-6.320642],[106.684204,-6.320653],[106.683583,-6.320837],[106.683067,-6.320991],[106.682715,-6.321096],[106.682688,-6.321106],[106.682659,-6.321126],[106.682646,-6.321146],[106.682638,-6.321168]]}},{"type":"Feature","properties":{"nama":null,"jenis":"trotoar","sumber":"OSM","atribut":{},"layer_id":"inklusivitas"},"geometry":{"type":"LineString","coordinates":[[106.681069,-6.319187],[106.680938,-6.319056],[106.680864,-6.318971],[106.680683,-6.31873],[106.680259,-6.318144],[106.680123,-6.317959]]}},{"type":"Feature","properties":{"nama":null,"jenis":"trotoar","sumber":"OSM","atribut":{},"layer_id":"inklusivitas"},"geometry":{"type":"LineString","coordinates":[[106.681268,-6.319385],[106.681343,-6.319332],[106.681186,-6.31914],[106.681069,-6.319187]]}},{"type":"Feature","properties":{"nama":null,"jenis":"trotoar","sumber":"OSM","atribut":{},"layer_id":"inklusivitas"},"geometry":{"type":"LineString","coordinates":[[106.681737,-6.320052],[106.681268,-6.319385]]}},{"type":"Feature","properties":{"nama":null,"jenis":"trotoar","sumber":"OSM","atribut":{},"layer_id":"inklusivitas"},"geometry":{"type":"LineString","coordinates":[[106.679967,-6.31775],[106.679866,-6.317615]]}},{"type":"Feature","properties":{"nama":null,"jenis":"trotoar","sumber":"OSM","atribut":{},"layer_id":"inklusivitas"},"geometry":{"type":"LineString","coordinates":[[106.680123,-6.317959],[106.680106,-6.317935],[106.68008,-6.317901]]}},{"type":"Feature","properties":{"nama":null,"jenis":"trotoar","sumber":"OSM","atribut":{},"layer_id":"inklusivitas"},"geometry":{"type":"LineString","coordinates":[[106.68008,-6.317901],[106.680017,-6.317818]]}},{"type":"Feature","properties":{"nama":null,"jenis":"trotoar","sumber":"OSM","atribut":{},"layer_id":"inklusivitas"},"geometry":{"type":"LineString","coordinates":[[106.680017,-6.317818],[106.679995,-6.317788],[106.679967,-6.31775]]}},{"type":"Feature","properties":{"nama":null,"jenis":"trotoar","sumber":"OSM","atribut":{},"layer_id":"inklusivitas"},"geometry":{"type":"LineString","coordinates":[[106.682146,-6.32082],[106.682243,-6.320782],[106.682096,-6.32048],[106.68194,-6.320226],[106.68186,-6.320096],[106.681806,-6.320013],[106.681737,-6.320052]]}},{"type":"Feature","properties":{"nama":null,"jenis":"trotoar","sumber":"OSM","atribut":{},"layer_id":"inklusivitas"},"geometry":{"type":"LineString","coordinates":[[106.679962,-6.317362],[106.680003,-6.317328]]}},{"type":"Feature","properties":{"nama":null,"jenis":"trotoar","sumber":"OSM","atribut":{},"layer_id":"inklusivitas"},"geometry":{"type":"LineString","coordinates":[[106.679866,-6.317615],[106.679985,-6.317556]]}},{"type":"Feature","properties":{"nama":null,"jenis":"trotoar","sumber":"OSM","atribut":{},"layer_id":"inklusivitas"},"geometry":{"type":"LineString","coordinates":[[106.684513,-6.327345],[106.684434,-6.327367],[106.684071,-6.326273],[106.68401,-6.326087],[106.683984,-6.326011],[106.683691,-6.325127],[106.683683,-6.325102]]}},{"type":"Feature","properties":{"nama":null,"jenis":"trotoar","sumber":"OSM","atribut":{},"layer_id":"inklusivitas"},"geometry":{"type":"LineString","coordinates":[[106.683215,-6.323687],[106.683091,-6.323312],[106.682809,-6.322468],[106.682784,-6.322402],[106.682545,-6.321755],[106.682444,-6.321485],[106.682366,-6.32128],[106.682259,-6.321057],[106.682146,-6.32082]]}},{"type":"Feature","properties":{"nama":null,"jenis":"trotoar","sumber":"OSM","atribut":{},"layer_id":"inklusivitas"},"geometry":{"type":"LineString","coordinates":[[106.683327,-6.324047],[106.683451,-6.324007],[106.683334,-6.323654],[106.683215,-6.323687]]}},{"type":"Feature","properties":{"nama":null,"jenis":"trotoar","sumber":"OSM","atribut":{},"layer_id":"inklusivitas"},"geometry":{"type":"LineString","coordinates":[[106.683562,-6.324744],[106.683436,-6.324366],[106.683327,-6.324047]]}},{"type":"Feature","properties":{"nama":null,"jenis":"trotoar","sumber":"OSM","atribut":{},"layer_id":"inklusivitas"},"geometry":{"type":"LineString","coordinates":[[106.683683,-6.325102],[106.683813,-6.325054],[106.683698,-6.324701],[106.683562,-6.324744]]}},{"type":"Feature","properties":{"nama":null,"jenis":"trotoar","sumber":"OSM","atribut":{},"layer_id":"inklusivitas"},"geometry":{"type":"LineString","coordinates":[[106.680352,-6.318076],[106.68039,-6.318048]]}},{"type":"Feature","properties":{"nama":null,"jenis":"trotoar","sumber":"OSM","atribut":{},"layer_id":"inklusivitas"},"geometry":{"type":"LineString","coordinates":[[106.683429,-6.323401],[106.683448,-6.323459],[106.683461,-6.323498]]}},{"type":"Feature","properties":{"nama":null,"jenis":"trotoar","sumber":"OSM","atribut":{},"layer_id":"inklusivitas"},"geometry":{"type":"LineString","coordinates":[[106.683461,-6.323498],[106.683579,-6.323856],[106.683878,-6.324754],[106.684346,-6.326154],[106.684664,-6.327106],[106.6846,-6.327127]]}},{"type":"Feature","properties":{"nama":null,"jenis":"trotoar","sumber":"OSM","atribut":{},"layer_id":"inklusivitas"},"geometry":{"type":"LineString","coordinates":[[106.683391,-6.323288],[106.683429,-6.323401]]}},{"type":"Feature","properties":{"nama":null,"jenis":"trotoar","sumber":"OSM","atribut":{},"layer_id":"inklusivitas"},"geometry":{"type":"LineString","coordinates":[[106.683358,-6.323192],[106.683377,-6.323247],[106.683391,-6.323288]]}},{"type":"Feature","properties":{"nama":null,"jenis":"trotoar","sumber":"OSM","atribut":{},"layer_id":"inklusivitas"},"geometry":{"type":"LineString","coordinates":[[106.642429,-6.301023],[106.641892,-6.301066]]}},{"type":"Feature","properties":{"nama":null,"jenis":"trotoar","sumber":"OSM","atribut":{},"layer_id":"inklusivitas"},"geometry":{"type":"LineString","coordinates":[[106.642858,-6.300991],[106.642842,-6.300992],[106.642492,-6.301019]]}},{"type":"Feature","properties":{"nama":null,"jenis":"trotoar","sumber":"OSM","atribut":{},"layer_id":"inklusivitas"},"geometry":{"type":"LineString","coordinates":[[106.6432,-6.300963],[106.642914,-6.300986]]}},{"type":"Feature","properties":{"nama":null,"jenis":"trotoar","sumber":"OSM","atribut":{},"layer_id":"inklusivitas"},"geometry":{"type":"LineString","coordinates":[[106.64362,-6.300925],[106.643253,-6.300959]]}},{"type":"Feature","properties":{"nama":null,"jenis":"trotoar","sumber":"OSM","atribut":{},"layer_id":"inklusivitas"},"geometry":{"type":"LineString","coordinates":[[106.644352,-6.30021],[106.644467,-6.300796],[106.644481,-6.30082],[106.644495,-6.300833],[106.644504,-6.300841],[106.64454,-6.30085],[106.644733,-6.300864]]}},{"type":"Feature","properties":{"nama":null,"jenis":"trotoar","sumber":"OSM","atribut":{},"layer_id":"inklusivitas"},"geometry":{"type":"LineString","coordinates":[[106.644612,-6.301604],[106.644532,-6.301153],[106.644543,-6.30112],[106.644565,-6.301099],[106.644591,-6.301089],[106.644625,-6.301089],[106.644996,-6.301175]]}},{"type":"Feature","properties":{"nama":null,"jenis":"trotoar","sumber":"OSM","atribut":{},"layer_id":"inklusivitas"},"geometry":{"type":"LineString","coordinates":[[106.644469,-6.300841],[106.644495,-6.300833]]}},{"type":"Feature","properties":{"nama":null,"jenis":"trotoar","sumber":"OSM","atribut":{},"layer_id":"inklusivitas"},"geometry":{"type":"LineString","coordinates":[[106.644238,-6.300848],[106.644279,-6.300855]]}},{"type":"Feature","properties":{"nama":null,"jenis":"trotoar","sumber":"OSM","atribut":{},"layer_id":"inklusivitas"},"geometry":{"type":"LineString","coordinates":[[106.644506,-6.301083],[106.644543,-6.30112]]}},{"type":"Feature","properties":{"nama":null,"jenis":"trotoar","sumber":"OSM","atribut":{},"layer_id":"inklusivitas"},"geometry":{"type":"LineString","coordinates":[[106.665727,-6.286553],[106.665749,-6.286504]]}},{"type":"Feature","properties":{"nama":null,"jenis":"trotoar","sumber":"OSM","atribut":{},"layer_id":"inklusivitas"},"geometry":{"type":"LineString","coordinates":[[106.641094,-6.298537],[106.641036,-6.298459]]}},{"type":"Feature","properties":{"nama":null,"jenis":"trotoar","sumber":"OSM","atribut":{},"layer_id":"inklusivitas"},"geometry":{"type":"LineString","coordinates":[[106.643481,-6.303261],[106.643926,-6.30317],[106.644141,-6.303126],[106.644465,-6.303066]]}},{"type":"Feature","properties":{"nama":null,"jenis":"trotoar","sumber":"OSM","atribut":{},"layer_id":"inklusivitas"},"geometry":{"type":"LineString","coordinates":[[106.643403,-6.303278],[106.643481,-6.303261]]}},{"type":"Feature","properties":{"nama":null,"jenis":"trotoar","sumber":"OSM","atribut":{},"layer_id":"inklusivitas"},"geometry":{"type":"LineString","coordinates":[[106.642958,-6.303365],[106.643403,-6.303278]]}},{"type":"Feature","properties":{"nama":null,"jenis":"trotoar","sumber":"OSM","atribut":{},"layer_id":"inklusivitas"},"geometry":{"type":"LineString","coordinates":[[106.641985,-6.303547],[106.642033,-6.303555],[106.642086,-6.303558],[106.642116,-6.303552],[106.642461,-6.303473],[106.642958,-6.303365]]}},{"type":"Feature","properties":{"nama":null,"jenis":"trotoar","sumber":"OSM","atribut":{},"layer_id":"inklusivitas"},"geometry":{"type":"LineString","coordinates":[[106.644583,-6.302812],[106.64461,-6.3028],[106.644626,-6.302783],[106.644632,-6.302761],[106.644511,-6.302088]]}},{"type":"Feature","properties":{"nama":null,"jenis":"trotoar","sumber":"OSM","atribut":{},"layer_id":"inklusivitas"},"geometry":{"type":"LineString","coordinates":[[106.642084,-6.302387],[106.642082,-6.302449],[106.642077,-6.302523],[106.641993,-6.303064],[106.641951,-6.303331]]}},{"type":"Feature","properties":{"nama":null,"jenis":"trotoar","sumber":"OSM","atribut":{},"layer_id":"inklusivitas"},"geometry":{"type":"LineString","coordinates":[[106.641951,-6.303331],[106.64197,-6.303358],[106.641999,-6.30336],[106.642419,-6.303269],[106.642673,-6.30321],[106.643479,-6.303034],[106.643603,-6.302992],[106.643678,-6.302971],[106.643745,-6.302963],[106.643851,-6.30296],[106.644094,-6.302908],[106.644205,-6.302885],[106.644583,-6.302812]]}},{"type":"Feature","properties":{"nama":null,"jenis":"trotoar","sumber":"OSM","atribut":{},"layer_id":"inklusivitas"},"geometry":{"type":"LineString","coordinates":[[106.642085,-6.302313],[106.642084,-6.302387]]}},{"type":"Feature","properties":{"nama":null,"jenis":"trotoar","sumber":"OSM","atribut":{},"layer_id":"inklusivitas"},"geometry":{"type":"LineString","coordinates":[[106.642016,-6.301308],[106.641994,-6.301332],[106.641972,-6.301363],[106.641966,-6.301412],[106.642005,-6.301665],[106.642045,-6.301926],[106.642071,-6.302136],[106.642085,-6.302313]]}},{"type":"Feature","properties":{"nama":null,"jenis":"trotoar","sumber":"OSM","atribut":{},"layer_id":"inklusivitas"},"geometry":{"type":"LineString","coordinates":[[106.646473,-6.301687],[106.646483,-6.301634],[106.646478,-6.301608],[106.646456,-6.301591],[106.645542,-6.30133],[106.645097,-6.301203],[106.644996,-6.301175]]}},{"type":"Feature","properties":{"nama":null,"jenis":"trotoar","sumber":"OSM","atribut":{},"layer_id":"inklusivitas"},"geometry":{"type":"LineString","coordinates":[[106.645219,-6.302794],[106.645287,-6.302795],[106.645377,-6.302802],[106.64545,-6.302815],[106.645651,-6.302876],[106.646044,-6.30304],[106.646067,-6.303033],[106.646085,-6.303013],[106.646473,-6.301687]]}},{"type":"Feature","properties":{"nama":null,"jenis":"trotoar","sumber":"OSM","atribut":{},"layer_id":"inklusivitas"},"geometry":{"type":"LineString","coordinates":[[106.645219,-6.302794],[106.644876,-6.302795],[106.644849,-6.30278],[106.644827,-6.302757]]}},{"type":"Feature","properties":{"nama":null,"jenis":"trotoar","sumber":"OSM","atribut":{},"layer_id":"inklusivitas"},"geometry":{"type":"LineString","coordinates":[[106.644827,-6.302757],[106.64481,-6.302725],[106.644802,-6.302696],[106.64475,-6.302412],[106.644625,-6.301676],[106.644612,-6.301604]]}},{"type":"Feature","properties":{"nama":null,"jenis":"trotoar","sumber":"OSM","atribut":{},"layer_id":"inklusivitas"},"geometry":{"type":"LineString","coordinates":[[106.646704,-6.301678],[106.646725,-6.301674],[106.647807,-6.301971],[106.648046,-6.301986],[106.648259,-6.301979],[106.648409,-6.301945],[106.648827,-6.301848],[106.648953,-6.301814],[106.648968,-6.301817]]}},{"type":"Feature","properties":{"nama":null,"jenis":"trotoar","sumber":"OSM","atribut":{},"layer_id":"inklusivitas"},"geometry":{"type":"LineString","coordinates":[[106.646289,-6.303126],[106.646281,-6.303094],[106.64629,-6.303062],[106.646669,-6.301739],[106.646677,-6.301716],[106.646687,-6.301692],[106.646704,-6.301678]]}},{"type":"Feature","properties":{"nama":null,"jenis":"trotoar","sumber":"OSM","atribut":{},"layer_id":"inklusivitas"},"geometry":{"type":"LineString","coordinates":[[106.648968,-6.301817],[106.648982,-6.301824],[106.649233,-6.302337],[106.649346,-6.30257],[106.649464,-6.302764],[106.649462,-6.302783]]}},{"type":"Feature","properties":{"nama":null,"jenis":"trotoar","sumber":"OSM","atribut":{},"layer_id":"inklusivitas"},"geometry":{"type":"LineString","coordinates":[[106.649462,-6.302783],[106.649452,-6.302801],[106.649439,-6.302809],[106.648514,-6.303317],[106.64811,-6.303527],[106.647928,-6.303586],[106.647745,-6.303611],[106.647513,-6.303614],[106.647336,-6.303583],[106.646314,-6.303152],[106.646289,-6.303126]]}},{"type":"Feature","properties":{"nama":null,"jenis":"trotoar","sumber":"OSM","atribut":{},"layer_id":"inklusivitas"},"geometry":{"type":"LineString","coordinates":[[106.693049,-6.305053],[106.692536,-6.303983],[106.692348,-6.303608],[106.692311,-6.30353],[106.692169,-6.303069],[106.691865,-6.302077],[106.691794,-6.301707],[106.69159,-6.300795],[106.69157,-6.300751],[106.691608,-6.300666]]}},{"type":"Feature","properties":{"nama":null,"jenis":"trotoar","sumber":"OSM","atribut":{},"layer_id":"inklusivitas"},"geometry":{"type":"LineString","coordinates":[[106.739273,-6.273567],[106.739256,-6.273269]]}},{"type":"Feature","properties":{"nama":null,"jenis":"trotoar","sumber":"OSM","atribut":{},"layer_id":"inklusivitas"},"geometry":{"type":"LineString","coordinates":[[106.741115,-6.274728],[106.740938,-6.277148],[106.740943,-6.277305],[106.740967,-6.277457],[106.741032,-6.277652],[106.741112,-6.27783],[106.741206,-6.277982],[106.741313,-6.278119],[106.74152,-6.278385],[106.741545,-6.278368]]}},{"type":"Feature","properties":{"nama":null,"jenis":"trotoar","sumber":"OSM","atribut":{},"layer_id":"inklusivitas"},"geometry":{"type":"LineString","coordinates":[[106.74065,-6.276973],[106.740581,-6.276976]]}},{"type":"Feature","properties":{"nama":null,"jenis":"trotoar","sumber":"OSM","atribut":{},"layer_id":"inklusivitas"},"geometry":{"type":"LineString","coordinates":[[106.740675,-6.27668],[106.740599,-6.276678]]}},{"type":"Feature","properties":{"nama":null,"jenis":"trotoar","sumber":"OSM","atribut":{},"layer_id":"inklusivitas"},"geometry":{"type":"LineString","coordinates":[[106.740687,-6.276514],[106.740617,-6.276508]]}},{"type":"Feature","properties":{"nama":null,"jenis":"trotoar","sumber":"OSM","atribut":{},"layer_id":"inklusivitas"},"geometry":{"type":"LineString","coordinates":[[106.740525,-6.275867],[106.740576,-6.275912],[106.740623,-6.275949],[106.740672,-6.275977],[106.74071,-6.27601],[106.740721,-6.276053],[106.740715,-6.276137],[106.740706,-6.276279],[106.740695,-6.276405],[106.740691,-6.276466],[106.740687,-6.276514],[106.740675,-6.27668],[106.74066,-6.276825],[106.740653,-6.276929],[106.74065,-6.276973],[106.74065,-6.277065],[106.740652,-6.277182],[106.740663,-6.27727],[106.740613,-6.27728]]}},{"type":"Feature","properties":{"nama":null,"jenis":"trotoar","sumber":"OSM","atribut":{},"layer_id":"inklusivitas"},"geometry":{"type":"LineString","coordinates":[[107.113844,-6.225309],[107.113916,-6.22482]]}}]}