{"type":"FeatureCollection","features":[{"type":"Feature","geometry":{"type":"Polygon","coordinates":[[[106.8605,-6.561246],[106.861181,-6.561459],[106.861197,-6.562339],[106.861251,-6.562408],[106.861358,-6.562381],[106.861758,-6.5628],[106.861685,-6.562949],[106.862171,-6.563143],[106.863585,-6.563428],[106.863673,-6.563035],[106.863842,-6.563034],[106.86385,-6.562581],[106.864376,-6.562493],[106.864545,-6.562044],[106.864788,-6.561984],[106.864978,-6.561588],[106.865035,-6.561295],[106.864974,-6.560639],[106.865065,-6.560596],[106.86462,-6.56009],[106.864207,-6.560191],[106.864035,-6.55929],[106.863434,-6.559104],[106.863486,-6.560015],[106.863382,-6.560133],[106.86302,-6.560159],[106.862983,-6.559978],[106.862866,-6.560003],[106.862786,-6.559844],[106.862624,-6.559827],[106.862591,-6.55971],[106.862419,-6.559664],[106.862087,-6.55943],[106.862258,-6.558987],[106.861573,-6.558917],[106.861385,-6.558843],[106.86094,-6.559786],[106.8605,-6.561246]]]},"properties":{"layer_id":"legalitas","jenis":"legal","nama":"Taman Victoria","sumber":"OSM (status: contoh)","atribut":{"status":"SHGB dalam proses","peruntukan":"Permukiman"}}},{"type":"Feature","geometry":{"type":"Polygon","coordinates":[[[106.894119,-6.349515],[106.894851,-6.349755],[106.894646,-6.350377],[106.894543,-6.350297],[106.894157,-6.350202],[106.894132,-6.350135],[106.893955,-6.350116],[106.894119,-6.349515]]]},"properties":{"layer_id":"legalitas","jenis":"legal","nama":"Calista Residence","sumber":"OSM (status: contoh)","atribut":{"status":"SHM","peruntukan":"Permukiman"}}},{"type":"Feature","geometry":{"type":"Polygon","coordinates":[[[106.755921,-6.353762],[106.756253,-6.353892],[106.756484,-6.353495],[106.756553,-6.353529],[106.756425,-6.353148],[106.756933,-6.352993],[106.757015,-6.352765],[106.757182,-6.352823],[106.757434,-6.352138],[106.757664,-6.352226],[106.757922,-6.352947],[106.757881,-6.353048],[106.757956,-6.353063],[106.758003,-6.353128],[106.757971,-6.353211],[106.758052,-6.353233],[106.758013,-6.353435],[106.757933,-6.353421],[106.757612,-6.354244],[106.757103,-6.354145],[106.756769,-6.35493],[106.755895,-6.354616],[106.755988,-6.354342],[106.755716,-6.354254],[106.755921,-6.353762]]]},"properties":{"layer_id":"legalitas","jenis":"legal","nama":"Grand Residence Pondok Cabe","sumber":"OSM (status: contoh)","atribut":{"status":"SHM","peruntukan":"Permukiman"}}},{"type":"Feature","geometry":{"type":"Polygon","coordinates":[[[106.758576,-6.353338],[106.758913,-6.352829],[106.759222,-6.352549],[106.759452,-6.352011],[106.759377,-6.351983],[106.759393,-6.351343],[106.759293,-6.350803],[106.759407,-6.35081],[106.759531,-6.35043],[106.759817,-6.350006],[106.760168,-6.349889],[106.760328,-6.349885],[106.760529,-6.350506],[106.76057,-6.350887],[106.760497,-6.351813],[106.759936,-6.353417],[106.759999,-6.354436],[106.759972,-6.355089],[106.759401,-6.354939],[106.759351,-6.35482],[106.759534,-6.354182],[106.75903,-6.354084],[106.759096,-6.353625],[106.758651,-6.353549],[106.758576,-6.353338]]]},"properties":{"layer_id":"legalitas","jenis":"legal","nama":"Komplek Bumi Pelita","sumber":"OSM (status: contoh)","atribut":{"status":"SHGB dalam proses","peruntukan":"Permukiman"}}},{"type":"Feature","geometry":{"type":"Polygon","coordinates":[[[106.891589,-6.349628],[106.891706,-6.349436],[106.892705,-6.349235],[106.893226,-6.348748],[106.893403,-6.348344],[106.892903,-6.348188],[106.893455,-6.346831],[106.893632,-6.346023],[106.893758,-6.344894],[106.893049,-6.344407],[106.892309,-6.344998],[106.892079,-6.345847],[106.891298,-6.347598],[106.891037,-6.347981],[106.891454,-6.349722],[106.891589,-6.349628]]]},"properties":{"layer_id":"legalitas","jenis":"legal","nama":"Komplek POLRI Munjul","sumber":"OSM (status: contoh)","atribut":{"status":"SHM","peruntukan":"Permukiman"}}},{"type":"Feature","geometry":{"type":"Polygon","coordinates":[[[106.893268,-6.290181],[106.892636,-6.290205],[106.892644,-6.290786],[106.891955,-6.290959],[106.89196,-6.291264],[106.892282,-6.291272],[106.892306,-6.291422],[106.892644,-6.291403],[106.892664,-6.291126],[106.89303,-6.291106],[106.893002,-6.290976],[106.893304,-6.290956],[106.893268,-6.290181]]]},"properties":{"layer_id":"legalitas","jenis":"legal","nama":"Komplek Perumahan TNI Seni AD","sumber":"OSM (status: contoh)","atribut":{"status":"SHGB dalam proses","peruntukan":"Permukiman"}}},{"type":"Feature","geometry":{"type":"Polygon","coordinates":[[[106.891483,-6.313264],[106.89101,-6.313721],[106.891317,-6.313979],[106.891289,-6.31435],[106.89144,-6.314714],[106.892017,-6.314817],[106.892408,-6.314476],[106.891993,-6.313738],[106.891483,-6.313264]]]},"properties":{"layer_id":"legalitas","jenis":"legal","nama":"Komp Kodam Ceger","sumber":"OSM (status: contoh)","atribut":{"status":"SHM","peruntukan":"Permukiman"}}},{"type":"Feature","geometry":{"type":"Polygon","coordinates":[[[106.818258,-6.280927],[106.818904,-6.28096],[106.818981,-6.280666],[106.818856,-6.280668],[106.818924,-6.279895],[106.819729,-6.279952],[106.819789,-6.280036],[106.8197,-6.280592],[106.819453,-6.280556],[106.819411,-6.280859],[106.819191,-6.280838],[106.819126,-6.281196],[106.819142,-6.281325],[106.819272,-6.281364],[106.819264,-6.281548],[106.819511,-6.281593],[106.819465,-6.281773],[106.819341,-6.281755],[106.819332,-6.281847],[106.819084,-6.281807],[106.818991,-6.282118],[106.818207,-6.281995],[106.818258,-6.280927]]]},"properties":{"layer_id":"legalitas","jenis":"legal","nama":"Asthana Kemang","sumber":"OSM (status: contoh)","atribut":{"status":"Girik","peruntukan":"Permukiman"}}},{"type":"Feature","geometry":{"type":"Polygon","coordinates":[[[106.836103,-6.292118],[106.835683,-6.293124],[106.836325,-6.293477],[106.836411,-6.292236],[106.836103,-6.292118]]]},"properties":{"layer_id":"legalitas","jenis":"legal","nama":"Komplek BI","sumber":"OSM (status: contoh)","atribut":{"status":"HGB","peruntukan":"Permukiman"}}},{"type":"Feature","geometry":{"type":"Polygon","coordinates":[[[106.84826,-6.360072],[106.849659,-6.359928],[106.849469,-6.359257],[106.847728,-6.358834],[106.847504,-6.359759],[106.847689,-6.359945],[106.84826,-6.360072]]]},"properties":{"layer_id":"legalitas","jenis":"legal","nama":"Kelapa Dua Residence","sumber":"OSM (status: contoh)","atribut":{"status":"Girik","peruntukan":"Permukiman"}}},{"type":"Feature","geometry":{"type":"Polygon","coordinates":[[[106.749103,-6.288718],[106.749663,-6.288773],[106.749663,-6.289364],[106.750186,-6.289574],[106.750454,-6.289553],[106.750706,-6.288767],[106.750733,-6.288452],[106.750599,-6.288447],[106.750444,-6.287863],[106.750478,-6.287428],[106.750607,-6.287026],[106.750478,-6.28661],[106.750551,-6.286095],[106.750511,-6.285754],[106.750556,-6.285642],[106.750457,-6.285082],[106.749097,-6.284941],[106.749097,-6.285007],[106.748612,-6.284989],[106.748282,-6.284895],[106.746393,-6.284741],[106.746214,-6.288023],[106.746788,-6.288025],[106.748051,-6.288167],[106.748046,-6.288433],[106.748491,-6.288439],[106.749113,-6.288556],[106.749103,-6.288718]]]},"properties":{"layer_id":"legalitas","jenis":"legal","nama":"Countrywoods Residence","sumber":"OSM (status: contoh)","atribut":{"status":"SHGB dalam proses","peruntukan":"Permukiman"}}},{"type":"Feature","geometry":{"type":"Polygon","coordinates":[[[106.902324,-6.343218],[106.902396,-6.342788],[106.90273,-6.342155],[106.9031,-6.342325],[106.903305,-6.34159],[106.903214,-6.341569],[106.903265,-6.341373],[106.903196,-6.341236],[106.903369,-6.340833],[106.904008,-6.341129],[106.904066,-6.340955],[106.904375,-6.341095],[106.904133,-6.341553],[106.904282,-6.341922],[106.904261,-6.341966],[106.904036,-6.341882],[106.90394,-6.342192],[106.903803,-6.342782],[106.903693,-6.342754],[106.903674,-6.34283],[106.903599,-6.34282],[106.903647,-6.342588],[106.903504,-6.342564],[106.903446,-6.342836],[106.903392,-6.342826],[106.903327,-6.343451],[106.903913,-6.343609],[106.903836,-6.343872],[106.903281,-6.343657],[106.902837,-6.343585],[106.902864,-6.343462],[106.902497,-6.343375],[106.902522,-6.343265],[106.902324,-6.343218]]]},"properties":{"layer_id":"legalitas","jenis":"legal","nama":"Nuansa Cilangkap","sumber":"OSM (status: contoh)","atribut":{"status":"SHM","peruntukan":"Permukiman"}}},{"type":"Feature","geometry":{"type":"Polygon","coordinates":[[[106.90452,-6.5022],[106.904408,-6.502397],[106.904354,-6.503223],[106.904118,-6.503767],[106.903549,-6.503767],[106.903544,-6.504118],[106.903077,-6.504795],[106.904086,-6.505046],[106.903674,-6.505543],[106.903529,-6.505629],[106.903464,-6.505787],[106.903516,-6.505801],[106.90349,-6.505889],[106.902891,-6.505681],[106.902938,-6.505524],[106.902812,-6.505497],[106.902788,-6.505599],[106.902682,-6.505601],[106.902636,-6.505716],[106.902226,-6.505589],[106.902164,-6.505896],[106.902557,-6.505997],[106.902489,-6.506281],[106.902057,-6.506232],[106.902177,-6.5066],[106.902428,-6.506855],[106.902147,-6.507086],[106.902438,-6.507356],[106.901923,-6.507761],[106.901805,-6.507657],[106.901797,-6.507936],[106.901936,-6.507953],[106.902108,-6.508109],[106.901713,-6.508421],[106.902623,-6.508797],[106.902603,-6.508939],[106.902773,-6.508995],[106.902545,-6.509443],[106.902285,-6.509571],[106.90251,-6.509792],[106.902624,-6.509684],[106.902883,-6.509917],[106.903002,-6.509928],[106.903252,-6.5094],[106.903442,-6.509504],[106.903584,-6.509203],[106.903807,-6.509272],[106.904016,-6.509275],[106.90418,-6.50947],[106.904418,-6.509574],[106.904239,-6.510045],[106.904235,-6.510496],[106.904609,-6.510513],[106.905255,-6.510236],[106.905726,-6.510125],[106.905757,-6.509988],[106.90608,-6.509928],[106.906657,-6.509699],[106.906852,-6.509732],[106.907326,-6.508127],[106.907295,-6.506059],[106.907568,-6.505371],[106.907795,-6.505045],[106.90848,-6.504512],[106.908703,-6.504058],[106.908836,-6.503319],[106.908836,-6.502246],[106.908926,-6.501213],[106.909055,-6.500369],[106.909432,-6.499083],[106.907718,-6.498991],[106.907428,-6.498655],[106.907288,-6.498637],[106.906886,-6.498831],[106.906248,-6.499417],[106.90613,-6.49979],[106.906339,-6.500004],[106.9063,-6.501463],[106.90683,-6.501776],[106.907315,-6.502328],[106.907237,-6.502645],[106.907128,-6.502626],[106.907091,-6.502717],[106.906273,-6.502579],[106.90599,-6.502476],[106.905844,-6.502735],[106.905875,-6.502929],[106.905483,-6.502935],[106.905443,-6.50267],[106.905377,-6.502545],[106.905281,-6.502541],[106.905195,-6.502332],[106.90452,-6.5022]]]},"properties":{"layer_id":"legalitas","jenis":"legal","nama":"Perumahan Puri Harmoni","sumber":"OSM (status: contoh)","atribut":{"status":"SHGB dalam proses","peruntukan":"Permukiman"}}},{"type":"Feature","geometry":{"type":"Polygon","coordinates":[[[106.890429,-6.325646],[106.888497,-6.325588],[106.888373,-6.325492],[106.888516,-6.325001],[106.888471,-6.324148],[106.888687,-6.322245],[106.890337,-6.322866],[106.890996,-6.323221],[106.891412,-6.32334],[106.891016,-6.324606],[106.891627,-6.32475],[106.891892,-6.324742],[106.891919,-6.324678],[106.892285,-6.324867],[106.892144,-6.324952],[106.891519,-6.326011],[106.891329,-6.325952],[106.891378,-6.325658],[106.890429,-6.325646]]]},"properties":{"layer_id":"legalitas","jenis":"legal","nama":"Sakura Garden City","sumber":"OSM (status: contoh)","atribut":{"status":"SHM","peruntukan":"Permukiman"}}},{"type":"Feature","geometry":{"type":"Polygon","coordinates":[[[106.750021,-6.315474],[106.750152,-6.315472],[106.75017,-6.315779],[106.750076,-6.31579],[106.749798,-6.316098],[106.749548,-6.31607],[106.749434,-6.317062],[106.749121,-6.317065],[106.749105,-6.316296],[106.748891,-6.316277],[106.748874,-6.316085],[106.748998,-6.315936],[106.749043,-6.315613],[106.749169,-6.315642],[106.749231,-6.315432],[106.749518,-6.315479],[106.749574,-6.315292],[106.749713,-6.315304],[106.749703,-6.315361],[106.749847,-6.315423],[106.750021,-6.315427],[106.750021,-6.315474]]]},"properties":{"layer_id":"legalitas","jenis":"legal","nama":"Aksara Homes","sumber":"OSM (status: contoh)","atribut":{"status":"SHM","peruntukan":"Permukiman"}}},{"type":"Feature","geometry":{"type":"Polygon","coordinates":[[[106.884777,-6.325937],[106.884597,-6.325347],[106.884387,-6.325377],[106.884314,-6.32528],[106.88421,-6.325295],[106.88384,-6.324677],[106.884085,-6.32391],[106.884367,-6.324021],[106.884737,-6.323912],[106.884773,-6.323829],[106.884419,-6.323761],[106.884722,-6.322363],[106.885039,-6.3224],[106.885228,-6.322418],[106.885266,-6.322215],[106.885575,-6.322255],[106.885565,-6.322326],[106.886118,-6.322286],[106.886585,-6.322377],[106.88658,-6.324835],[106.8863,-6.325344],[106.886021,-6.325471],[106.885884,-6.325464],[106.885663,-6.325747],[106.885236,-6.325737],[106.88505,-6.326065],[106.884777,-6.325937]]]},"properties":{"layer_id":"legalitas","jenis":"legal","nama":"LRT City Ciracas","sumber":"OSM (status: contoh)","atribut":{"status":"HGB","peruntukan":"Permukiman"}}},{"type":"Feature","geometry":{"type":"Polygon","coordinates":[[[106.79562,-6.559151],[106.795504,-6.560281],[106.795314,-6.560267],[106.795282,-6.560717],[106.795595,-6.560865],[106.796288,-6.560981],[106.79641,-6.561401],[106.797228,-6.561396],[106.797376,-6.56018],[106.797732,-6.560216],[106.79776,-6.559477],[106.796623,-6.559156],[106.79562,-6.559151]]]},"properties":{"layer_id":"legalitas","jenis":"legal","nama":"Perumahan Duta Kencana 2","sumber":"OSM (status: contoh)","atribut":{"status":"HGB","peruntukan":"Permukiman"}}},{"type":"Feature","geometry":{"type":"Polygon","coordinates":[[[106.732907,-6.338684],[106.733099,-6.338889],[106.733137,-6.339026],[106.733142,-6.339275],[106.733043,-6.339289],[106.733042,-6.339411],[106.732605,-6.339502],[106.732337,-6.339156],[106.732188,-6.339253],[106.731682,-6.339341],[106.731713,-6.3396],[106.730945,-6.33974],[106.729953,-6.339769],[106.729644,-6.340025],[106.729931,-6.340186],[106.730692,-6.340898],[106.73079,-6.341189],[106.730661,-6.341788],[106.730297,-6.341815],[106.730242,-6.341991],[106.729799,-6.341886],[106.729211,-6.341902],[106.729166,-6.342053],[106.728208,-6.341738],[106.727328,-6.341845],[106.727324,-6.342067],[106.727188,-6.342023],[106.727339,-6.343002],[106.727346,-6.343626],[106.72766,-6.343359],[106.727791,-6.34311],[106.72794,-6.343058],[106.728208,-6.343138],[106.729359,-6.343717],[106.729612,-6.343567],[106.729995,-6.34369],[106.730755,-6.344981],[106.730529,-6.345391],[106.730315,-6.345258],[106.730187,-6.345524],[106.731228,-6.346173],[106.731622,-6.346325],[106.732428,-6.346476],[106.732351,-6.347189],[106.732576,-6.347253],[106.73249,-6.347615],[106.732777,-6.347756],[106.7329,-6.347184],[106.734372,-6.347532],[106.7345,-6.346641],[106.73513,-6.346752],[106.735527,-6.345729],[106.735795,-6.345251],[106.733976,-6.344868],[106.734126,-6.343937],[106.735854,-6.344301],[106.735896,-6.34408],[106.736239,-6.343957],[106.736296,-6.343827],[106.736437,-6.344031],[106.73666,-6.343721],[106.736689,-6.342995],[106.736638,-6.342467],[106.73689,-6.341712],[106.736925,-6.340624],[106.736818,-6.340624],[106.73688,-6.340141],[106.737233,-6.340108],[106.737208,-6.33788],[106.737103,-6.33667],[106.737329,-6.335882],[106.737516,-6.335487],[106.737477,-6.334806],[106.737873,-6.333779],[106.737762,-6.333003],[106.73781,-6.332433],[106.737569,-6.331569],[106.737198,-6.330973],[106.736936,-6.331023],[106.736866,-6.331159],[106.73666,-6.331154],[106.736639,-6.331562],[106.733897,-6.331649],[106.732112,-6.331601],[106.731488,-6.331674],[106.731405,-6.33247],[106.731781,-6.333645],[106.732558,-6.334648],[106.732796,-6.336028],[106.732682,-6.336154],[106.732685,-6.336527],[106.732927,-6.337265],[106.73352,-6.337126],[106.733501,-6.336706],[106.734093,-6.336706],[106.734463,-6.338268],[106.733217,-6.338417],[106.733245,-6.33861],[106.732907,-6.338684]]]},"properties":{"layer_id":"legalitas","jenis":"legal","nama":"Pamulang Permai I","sumber":"OSM (status: contoh)","atribut":{"status":"Girik","peruntukan":"Permukiman"}}},{"type":"Feature","geometry":{"type":"Polygon","coordinates":[[[106.763717,-6.521859],[106.763793,-6.520445],[106.763741,-6.520437],[106.763736,-6.52027],[106.763807,-6.519521],[106.763493,-6.519453],[106.763516,-6.519233],[106.763361,-6.519231],[106.763414,-6.518564],[106.763678,-6.518657],[106.763868,-6.518113],[106.764558,-6.518229],[106.764579,-6.518724],[106.764848,-6.518787],[106.765153,-6.518223],[106.765174,-6.517841],[106.766307,-6.51823],[106.766012,-6.518681],[106.765973,-6.519042],[106.766294,-6.519336],[106.766231,-6.519554],[106.765569,-6.519895],[106.764578,-6.521026],[106.764696,-6.521664],[106.764375,-6.522054],[106.763716,-6.521976],[106.763717,-6.521859]]]},"properties":{"layer_id":"legalitas","jenis":"legal","nama":"Pandan Valley 2","sumber":"OSM (status: contoh)","atribut":{"status":"SHGB dalam proses","peruntukan":"Permukiman"}}},{"type":"Feature","geometry":{"type":"Polygon","coordinates":[[[106.760197,-6.518664],[106.760563,-6.517571],[106.761349,-6.517865],[106.761559,-6.517578],[106.761317,-6.516915],[106.761763,-6.516708],[106.763007,-6.516743],[106.762916,-6.519866],[106.762753,-6.519875],[106.763126,-6.521834],[106.763717,-6.521859],[106.763292,-6.523003],[106.762848,-6.523029],[106.762754,-6.522691],[106.762484,-6.522721],[106.762408,-6.522475],[106.762326,-6.522474],[106.76218,-6.52182],[106.761699,-6.521835],[106.761699,-6.522357],[106.761016,-6.522508],[106.760555,-6.521941],[106.760664,-6.521846],[106.760692,-6.521559],[106.761016,-6.521489],[106.761055,-6.51966],[106.760642,-6.519649],[106.760665,-6.518881],[106.760197,-6.518664]]]},"properties":{"layer_id":"legalitas","jenis":"legal","nama":"Pandan Valley I","sumber":"OSM (status: contoh)","atribut":{"status":"HGB","peruntukan":"Permukiman"}}},{"type":"Feature","geometry":{"type":"Polygon","coordinates":[[[106.792685,-6.534595],[106.792199,-6.534573],[106.792198,-6.534132],[106.791793,-6.534109],[106.791651,-6.534517],[106.791684,-6.534624],[106.791427,-6.534706],[106.791606,-6.535155],[106.791877,-6.535302],[106.792172,-6.535371],[106.792201,-6.536322],[106.792922,-6.53655],[106.793022,-6.536495],[106.793188,-6.535051],[106.792866,-6.535006],[106.792927,-6.534608],[106.792685,-6.534595]]]},"properties":{"layer_id":"legalitas","jenis":"legal","nama":"Perumahan Delta Kencana","sumber":"OSM (status: contoh)","atribut":{"status":"SHM","peruntukan":"Permukiman"}}},{"type":"Feature","geometry":{"type":"Polygon","coordinates":[[[106.796302,-6.538651],[106.796046,-6.538396],[106.79553,-6.537512],[106.795986,-6.53743],[106.796006,-6.537274],[106.796741,-6.537348],[106.797765,-6.537203],[106.797757,-6.537079],[106.798255,-6.537051],[106.79825,-6.536849],[106.798668,-6.536838],[106.798657,-6.537103],[106.799221,-6.537096],[106.799427,-6.537426],[106.799491,-6.53778],[106.799189,-6.540736],[106.79893,-6.540718],[106.798889,-6.540937],[106.798657,-6.540885],[106.798677,-6.540579],[106.797388,-6.540461],[106.797384,-6.540118],[106.797547,-6.540087],[106.797501,-6.539921],[106.796841,-6.539986],[106.796679,-6.539967],[106.796669,-6.539897],[106.796427,-6.539799],[106.796524,-6.539427],[106.796461,-6.539393],[106.796678,-6.538893],[106.796302,-6.538651]]]},"properties":{"layer_id":"legalitas","jenis":"legal","nama":"Cilebut Residence","sumber":"OSM (status: contoh)","atribut":{"status":"HGB","peruntukan":"Permukiman"}}},{"type":"Feature","geometry":{"type":"Polygon","coordinates":[[[106.759281,-6.409743],[106.760123,-6.409327],[106.76032,-6.409584],[106.760626,-6.409416],[106.760311,-6.408916],[106.760983,-6.408911],[106.761228,-6.408841],[106.761816,-6.408495],[106.762333,-6.408608],[106.762705,-6.408547],[106.764045,-6.40771],[106.764017,-6.407631],[106.764534,-6.4075],[106.764492,-6.407411],[106.764751,-6.407318],[106.764821,-6.407434],[106.765033,-6.407336],[106.765207,-6.407505],[106.765329,-6.407794],[106.765277,-6.407972],[106.764704,-6.408827],[106.764125,-6.41014],[106.763801,-6.410412],[106.763622,-6.410991],[106.763594,-6.411197],[106.763664,-6.411599],[106.76381,-6.411931],[106.763876,-6.41208],[106.76384,-6.412382],[106.763737,-6.412616],[106.763248,-6.412915],[106.763102,-6.412732],[106.762617,-6.413204],[106.762594,-6.41384],[106.762183,-6.413804],[106.762168,-6.413974],[106.761988,-6.413996],[106.76163,-6.41385],[106.760807,-6.41384],[106.760948,-6.414191],[106.76059,-6.414186],[106.760501,-6.414088],[106.760412,-6.413686],[106.760031,-6.413275],[106.759899,-6.413004],[106.759622,-6.412176],[106.759673,-6.412088],[106.759636,-6.411583],[106.759831,-6.410901],[106.759741,-6.410497],[106.759398,-6.410246],[106.759281,-6.409743]]]},"properties":{"layer_id":"legalitas","jenis":"legal","nama":"Bukit Rivaria","sumber":"OSM (status: contoh)","atribut":{"status":"Girik","peruntukan":"Permukiman"}}},{"type":"Feature","geometry":{"type":"Polygon","coordinates":[[[106.755218,-6.418818],[106.755147,-6.419371],[106.754755,-6.419284],[106.754524,-6.419317],[106.754416,-6.419226],[106.754005,-6.41914],[106.753908,-6.419425],[106.753836,-6.419458],[106.753831,-6.419906],[106.753759,-6.420173],[106.754083,-6.420174],[106.754084,-6.420336],[106.75393,-6.420721],[106.753965,-6.42105],[106.753942,-6.421212],[106.753848,-6.421233],[106.753873,-6.421448],[106.754027,-6.421475],[106.754067,-6.421933],[106.754123,-6.421974],[106.75409,-6.422201],[106.754253,-6.422234],[106.754213,-6.422473],[106.754165,-6.42247],[106.754158,-6.422837],[106.754387,-6.423005],[106.754589,-6.42283],[106.754646,-6.422602],[106.754676,-6.422451],[106.754578,-6.422316],[106.754614,-6.421894],[106.755183,-6.421409],[106.755569,-6.42139],[106.755592,-6.421443],[106.755775,-6.42145],[106.755777,-6.421569],[106.755687,-6.421569],[106.755689,-6.421671],[106.756155,-6.421774],[106.756162,-6.42158],[106.756312,-6.421643],[106.756409,-6.421575],[106.756402,-6.421487],[106.756298,-6.421456],[106.756284,-6.421318],[106.756888,-6.421267],[106.756996,-6.420933],[106.756992,-6.420692],[106.756634,-6.420692],[106.756764,-6.419926],[106.757001,-6.419926],[106.757378,-6.420072],[106.758187,-6.420675],[106.758186,-6.421745],[106.758328,-6.422906],[106.758328,-6.423476],[106.758229,-6.423546],[106.757844,-6.423471],[106.757364,-6.423313],[106.756785,-6.423224],[106.756546,-6.423116],[106.755464,-6.423401],[106.754562,-6.423293],[106.754624,-6.423938],[106.754902,-6.424395],[106.755208,-6.42429],[106.756012,-6.42428],[106.756059,-6.424383],[106.756033,-6.425038],[106.756527,-6.425212],[106.756764,-6.425219],[106.756757,-6.425712],[106.756285,-6.425806],[106.756212,-6.425897],[106.755866,-6.425944],[106.755854,-6.42621],[106.755969,-6.426222],[106.755969,-6.426373],[106.756375,-6.426369],[106.756393,-6.426617],[106.75616,-6.427587],[106.756277,-6.427598],[106.756274,-6.4282],[106.756437,-6.428211],[106.756492,-6.428722],[106.757018,-6.42874],[106.756997,-6.428032],[106.75732,-6.428012],[106.757346,-6.428147],[106.757509,-6.428138],[106.757496,-6.428048],[106.757852,-6.428048],[106.757845,-6.427883],[106.757612,-6.427873],[106.757599,-6.427629],[106.758012,-6.427635],[106.758024,-6.427365],[106.758656,-6.427347],[106.758663,-6.427012],[106.758747,-6.427007],[106.758701,-6.426225],[106.759288,-6.426407],[106.760022,-6.42645],[106.760135,-6.426889],[106.760873,-6.427298],[106.760847,-6.42753],[106.761229,-6.427599],[106.761263,-6.427662],[106.761189,-6.428012],[106.7609,-6.428561],[106.760714,-6.42868],[106.760657,-6.428934],[106.760441,-6.428898],[106.760474,-6.428994],[106.760358,-6.429489],[106.760175,-6.429456],[106.760052,-6.430087],[106.759823,-6.430038],[106.759733,-6.430722],[106.760045,-6.430689],[106.760115,-6.430606],[106.760385,-6.430669],[106.760411,-6.430593],[106.760627,-6.430633],[106.760674,-6.430514],[106.761043,-6.430583],[106.761432,-6.428848],[106.761748,-6.42905],[106.761944,-6.428881],[106.762719,-6.427989],[106.763258,-6.427312],[106.763268,-6.427226],[106.763002,-6.426975],[106.762626,-6.426747],[106.761186,-6.426793],[106.760577,-6.42668],[106.76022,-6.426383],[106.760208,-6.425848],[106.760315,-6.425587],[106.760491,-6.425583],[106.760567,-6.425253],[106.76081,-6.425408],[106.760896,-6.425204],[106.760881,-6.425017],[106.761076,-6.424825],[106.761168,-6.424539],[106.760983,-6.424275],[106.760607,-6.424033],[106.759999,-6.423429],[106.759693,-6.423455],[106.759656,-6.423528],[106.759872,-6.423729],[106.759819,-6.423802],[106.760193,-6.424105],[106.760067,-6.42428],[106.759907,-6.424177],[106.759776,-6.424054],[106.759585,-6.423675],[106.759322,-6.423486],[106.759409,-6.423234],[106.759251,-6.422846],[106.758953,-6.422941],[106.758706,-6.422561],[106.758687,-6.422166],[106.75895,-6.421359],[106.75887,-6.421149],[106.759077,-6.4211],[106.759449,-6.420869],[106.759738,-6.420871],[106.759737,-6.42071],[106.75959,-6.420532],[106.759228,-6.420373],[106.758688,-6.420319],[106.758212,-6.419827],[106.757668,-6.419906],[106.75752,-6.419778],[106.757297,-6.41939],[106.757071,-6.419329],[106.756319,-6.418794],[106.756307,-6.418616],[106.755898,-6.418595],[106.755879,-6.418707],[106.755486,-6.418679],[106.755455,-6.41883],[106.755228,-6.418752],[106.755218,-6.418818]]]},"properties":{"layer_id":"legalitas","jenis":"legal","nama":"Bumi Sawangan Indah 2","sumber":"OSM (status: contoh)","atribut":{"status":"SHM","peruntukan":"Permukiman"}}},{"type":"Feature","geometry":{"type":"Polygon","coordinates":[[[106.819896,-6.390394],[106.81984,-6.390746],[106.819687,-6.390778],[106.819569,-6.391234],[106.819566,-6.391721],[106.819671,-6.392674],[106.819958,-6.393133],[106.820056,-6.393419],[106.820334,-6.39346],[106.82104,-6.391676],[106.820439,-6.391469],[106.820277,-6.391321],[106.819896,-6.390394]]]},"properties":{"layer_id":"legalitas","jenis":"legal","nama":"Kampung Lio","sumber":"OSM (status: contoh)","atribut":{"status":"SHGB dalam proses","peruntukan":"Permukiman"}}},{"type":"Feature","geometry":{"type":"Polygon","coordinates":[[[106.831783,-6.295786],[106.831817,-6.295062],[106.832134,-6.295105],[106.832132,-6.295821],[106.831783,-6.295786]]]},"properties":{"layer_id":"legalitas","jenis":"legal","nama":"Komplek Perumahan Pajak","sumber":"OSM (status: contoh)","atribut":{"status":"Girik","peruntukan":"Permukiman"}}},{"type":"Feature","geometry":{"type":"Polygon","coordinates":[[[106.751832,-6.359326],[106.752145,-6.359711],[106.752225,-6.359597],[106.752438,-6.359702],[106.752363,-6.359902],[106.752467,-6.359953],[106.752489,-6.360048],[106.752906,-6.360084],[106.752925,-6.360206],[106.754542,-6.360336],[106.754936,-6.360459],[106.754945,-6.360644],[106.756174,-6.360752],[106.756427,-6.360546],[106.756584,-6.360618],[106.756511,-6.360773],[106.75683,-6.360769],[106.756766,-6.36109],[106.755851,-6.361055],[106.755737,-6.361101],[106.754541,-6.361118],[106.75305,-6.36108],[106.752276,-6.361287],[106.751584,-6.361075],[106.750531,-6.361082],[106.750422,-6.360891],[106.750058,-6.360695],[106.749992,-6.360574],[106.750933,-6.359885],[106.751832,-6.359326]]]},"properties":{"layer_id":"legalitas","jenis":"legal","nama":"Perumahan Taman Pondok Cabe","sumber":"OSM (status: contoh)","atribut":{"status":"HGB","peruntukan":"Permukiman"}}},{"type":"Feature","geometry":{"type":"Polygon","coordinates":[[[106.846772,-6.364893],[106.846283,-6.364978],[106.845227,-6.365362],[106.845163,-6.365032],[106.844626,-6.363795],[106.844323,-6.362924],[106.847523,-6.36174],[106.847745,-6.361635],[106.847724,-6.361992],[106.847615,-6.362237],[106.847699,-6.362498],[106.848797,-6.36215],[106.849433,-6.363268],[106.849569,-6.363876],[106.846772,-6.364893]]]},"properties":{"layer_id":"legalitas","jenis":"legal","nama":"Kompleks Timah","sumber":"OSM (status: contoh)","atribut":{"status":"Girik","peruntukan":"Permukiman"}}},{"type":"Feature","geometry":{"type":"Polygon","coordinates":[[[106.8488,-6.361332],[106.851042,-6.360511],[106.851375,-6.361353],[106.850924,-6.361737],[106.850849,-6.362004],[106.850914,-6.362547],[106.85101,-6.362793],[106.851773,-6.362478],[106.8519,-6.362864],[106.851922,-6.362963],[106.849594,-6.363784],[106.849392,-6.363064],[106.8487,-6.36134],[106.8488,-6.361332]]]},"properties":{"layer_id":"legalitas","jenis":"legal","nama":"Kompleks Timah","sumber":"OSM (status: contoh)","atribut":{"status":"SHGB dalam proses","peruntukan":"Permukiman"}}},{"type":"Feature","geometry":{"type":"Polygon","coordinates":[[[106.814932,-6.563474],[106.814819,-6.563421],[106.814575,-6.563434],[106.814585,-6.563677],[106.814339,-6.563586],[106.814259,-6.563458],[106.814383,-6.563453],[106.814373,-6.563315],[106.814176,-6.563329],[106.814114,-6.563225],[106.813966,-6.562106],[106.814881,-6.562094],[106.814859,-6.560937],[106.815345,-6.56096],[106.815366,-6.56064],[106.81612,-6.560651],[106.816268,-6.560168],[106.815312,-6.559967],[106.815496,-6.559326],[106.816341,-6.559534],[106.816372,-6.559416],[106.816459,-6.55944],[106.816577,-6.558991],[106.817142,-6.559182],[106.817373,-6.561522],[106.817331,-6.562445],[106.81742,-6.562969],[106.816668,-6.563062],[106.816519,-6.563387],[106.814932,-6.563474]]]},"properties":{"layer_id":"legalitas","jenis":"legal","nama":"OCBD","sumber":"OSM (status: contoh)","atribut":{"status":"HGB","peruntukan":"Permukiman"}}},{"type":"Feature","geometry":{"type":"Polygon","coordinates":[[[106.772624,-6.555549],[106.772567,-6.555766],[106.770306,-6.555968],[106.769451,-6.556106],[106.769378,-6.555199],[106.769619,-6.55511],[106.76968,-6.554792],[106.770049,-6.554611],[106.770053,-6.554182],[106.769946,-6.553645],[106.76973,-6.553185],[106.769785,-6.552749],[106.769634,-6.552447],[106.769613,-6.551982],[106.769854,-6.551822],[106.769788,-6.551493],[106.769408,-6.550535],[106.769579,-6.549026],[106.769132,-6.548195],[106.769249,-6.547607],[106.769208,-6.547105],[106.768315,-6.546792],[106.768151,-6.547206],[106.767952,-6.547341],[106.767599,-6.547417],[106.766655,-6.547108],[106.765869,-6.547632],[106.764391,-6.545785],[106.766244,-6.544235],[106.768261,-6.54612],[106.770373,-6.546651],[106.77089,-6.5478],[106.771082,-6.548106],[106.771051,-6.548848],[106.771119,-6.549112],[106.7711,-6.549321],[106.771347,-6.550259],[106.772162,-6.550866],[106.772324,-6.551521],[106.772509,-6.551867],[106.772527,-6.552206],[106.772768,-6.552172],[106.773144,-6.551874],[106.773404,-6.55152],[106.774028,-6.551274],[106.77424,-6.551528],[106.774546,-6.552736],[106.774109,-6.552853],[106.773651,-6.552705],[106.773571,-6.553828],[106.773049,-6.554393],[106.772624,-6.555549]]]},"properties":{"layer_id":"legalitas","jenis":"legal","nama":"Bogor Raya Permai","sumber":"OSM (status: contoh)","atribut":{"status":"HGB","peruntukan":"Permukiman"}}},{"type":"Feature","geometry":{"type":"Polygon","coordinates":[[[106.751152,-6.395542],[106.751366,-6.394716],[106.751618,-6.3943],[106.751162,-6.394183],[106.751294,-6.393572],[106.751447,-6.393154],[106.751569,-6.39325],[106.751975,-6.39188],[106.751964,-6.39172],[106.752249,-6.391399],[106.752302,-6.391034],[106.752689,-6.390934],[106.752729,-6.389798],[106.752855,-6.38875],[106.752839,-6.38842],[106.752319,-6.388329],[106.752284,-6.387754],[106.752166,-6.38742],[106.75197,-6.387282],[106.75154,-6.387162],[106.751589,-6.386839],[106.751683,-6.386479],[106.751857,-6.38624],[106.752887,-6.385733],[106.753013,-6.385752],[106.753507,-6.386287],[106.754158,-6.38681],[106.754328,-6.387055],[106.754413,-6.387315],[106.754386,-6.387743],[106.75422,-6.388129],[106.754271,-6.388295],[106.754265,-6.388967],[106.754016,-6.389495],[106.753869,-6.390117],[106.753507,-6.390395],[106.753373,-6.390641],[106.753252,-6.391496],[106.752946,-6.392305],[106.752981,-6.392759],[106.752897,-6.39341],[106.752962,-6.393411],[106.753055,-6.393241],[106.753323,-6.393019],[106.753293,-6.392421],[106.753567,-6.391969],[106.753654,-6.391329],[106.75365,-6.390827],[106.753782,-6.390642],[106.754231,-6.390382],[106.754545,-6.389755],[106.754707,-6.389878],[106.754925,-6.390675],[106.755141,-6.391101],[106.75566,-6.391559],[106.755692,-6.391671],[106.755687,-6.392244],[106.755441,-6.39342],[106.755443,-6.393563],[106.755522,-6.393604],[106.755528,-6.394111],[106.755626,-6.394252],[106.755169,-6.394985],[106.754698,-6.394833],[106.754258,-6.394844],[106.754179,-6.395215],[106.754179,-6.395471],[106.754402,-6.395553],[106.754451,-6.396593],[106.755062,-6.396886],[106.755202,-6.397753],[106.755008,-6.399997],[106.754364,-6.399994],[106.753315,-6.400128],[106.752947,-6.40005],[106.75236,-6.400157],[106.752564,-6.400837],[106.752493,-6.401628],[106.752662,-6.402755],[106.752627,-6.402931],[106.752673,-6.403107],[106.7526,-6.403371],[106.752773,-6.403672],[106.752797,-6.403848],[106.752553,-6.40467],[106.75228,-6.405162],[106.752263,-6.405519],[106.752136,-6.405958],[106.751943,-6.405881],[106.751785,-6.406463],[106.750032,-6.405911],[106.749955,-6.406204],[106.749532,-6.40606],[106.74971,-6.405767],[106.749404,-6.405591],[106.749055,-6.404194],[106.749296,-6.403923],[106.749623,-6.404189],[106.750704,-6.40308],[106.751074,-6.40223],[106.750862,-6.402147],[106.751099,-6.401641],[106.751223,-6.401204],[106.750307,-6.401185],[106.750141,-6.400985],[106.750111,-6.40062],[106.750189,-6.400425],[106.750127,-6.400265],[106.749505,-6.400175],[106.749499,-6.399922],[106.749081,-6.399802],[106.748907,-6.40013],[106.748928,-6.400231],[106.748582,-6.401254],[106.747745,-6.403014],[106.747665,-6.403062],[106.747292,-6.403019],[106.747217,-6.403142],[106.746536,-6.402872],[106.746994,-6.401617],[106.746418,-6.401484],[106.745841,-6.40143],[106.745331,-6.402089],[106.744934,-6.402209],[106.744417,-6.402534],[106.744336,-6.402931],[106.744068,-6.403099],[106.743786,-6.403093],[106.743513,-6.402902],[106.743363,-6.402731],[106.743303,-6.402398],[106.74301,-6.402192],[106.743019,-6.4017],[106.743232,-6.401795],[106.743443,-6.401593],[106.743303,-6.401396],[106.744394,-6.401386],[106.744882,-6.401114],[106.745161,-6.400688],[106.746019,-6.400645],[106.746224,-6.400431],[106.746679,-6.400357],[106.747199,-6.397702],[106.747284,-6.397605],[106.747614,-6.397691],[106.747853,-6.397579],[106.748569,-6.397541],[106.748504,-6.398074],[106.749148,-6.398272],[106.749124,-6.398501],[106.749419,-6.398565],[106.749826,-6.398539],[106.749765,-6.398752],[106.749896,-6.399218],[106.750342,-6.399082],[106.750717,-6.399162],[106.75091,-6.398895],[106.750814,-6.398325],[106.750824,-6.397045],[106.750942,-6.395686],[106.751023,-6.395494],[106.751152,-6.395542]]]},"properties":{"layer_id":"legalitas","jenis":"legal","nama":"Shila Sawangan","sumber":"OSM (status: contoh)","atribut":{"status":"SHM","peruntukan":"Permukiman"}}},{"type":"Feature","geometry":{"type":"Polygon","coordinates":[[[106.711988,-6.551404],[106.712472,-6.551203],[106.712512,-6.550897],[106.712389,-6.550787],[106.711984,-6.550682],[106.711632,-6.550857],[106.711342,-6.550709],[106.711249,-6.550573],[106.711091,-6.54997],[106.710941,-6.549787],[106.710814,-6.549857],[106.710743,-6.550014],[106.710721,-6.550582],[106.710836,-6.550835],[106.711042,-6.550822],[106.711104,-6.550871],[106.71124,-6.551185],[106.711187,-6.551321],[106.710941,-6.55136],[106.710893,-6.5515],[106.710981,-6.551618],[106.711315,-6.55178],[106.711438,-6.552037],[106.711267,-6.552334],[106.711346,-6.552466],[106.711478,-6.552522],[106.71154,-6.552487],[106.711566,-6.552553],[106.711509,-6.552973],[106.711667,-6.553108],[106.711949,-6.55313],[106.712054,-6.553025],[106.712067,-6.552859],[106.711856,-6.552715],[106.711825,-6.552553],[106.712217,-6.552431],[106.712384,-6.55219],[106.712221,-6.552007],[106.712191,-6.551753],[106.712054,-6.551675],[106.711988,-6.551404]]]},"properties":{"layer_id":"legalitas","jenis":"legal","nama":"-","sumber":"OSM (status: contoh)","atribut":{"status":"HGB","peruntukan":"Permukiman"}}},{"type":"Feature","geometry":{"type":"Polygon","coordinates":[[[106.743162,-6.438898],[106.743612,-6.435935],[106.745567,-6.436157],[106.745888,-6.434506],[106.746554,-6.433591],[106.747061,-6.433507],[106.748293,-6.43406],[106.74842,-6.434042],[106.748555,-6.433439],[106.748862,-6.433427],[106.749518,-6.433695],[106.749229,-6.434258],[106.748747,-6.434804],[106.748778,-6.434937],[106.748542,-6.4352],[106.748419,-6.435589],[106.74843,-6.436042],[106.748516,-6.436224],[106.748497,-6.436484],[106.749121,-6.436561],[106.749225,-6.43638],[106.749539,-6.436298],[106.750797,-6.43628],[106.750896,-6.436233],[106.751262,-6.435517],[106.751378,-6.435417],[106.751858,-6.435153],[106.75196,-6.435318],[106.752204,-6.435643],[106.75239,-6.436051],[106.75228,-6.437115],[106.751763,-6.437709],[106.751145,-6.43813],[106.750367,-6.438472],[106.750524,-6.438921],[106.750052,-6.43894],[106.749961,-6.439015],[106.749601,-6.438988],[106.748196,-6.438052],[106.748647,-6.439078],[106.747933,-6.438964],[106.74642,-6.438943],[106.745937,-6.439063],[106.745911,-6.438735],[106.744923,-6.43893],[106.743162,-6.438898]]]},"properties":{"layer_id":"legalitas","jenis":"legal","nama":"Arco Sawangan","sumber":"OSM (status: contoh)","atribut":{"status":"HGB","peruntukan":"Permukiman"}}},{"type":"Feature","geometry":{"type":"Polygon","coordinates":[[[106.797779,-6.28265],[106.798096,-6.282643],[106.798216,-6.283029],[106.798401,-6.28312],[106.798369,-6.283298],[106.798275,-6.283288],[106.797774,-6.283296],[106.797779,-6.28265]]]},"properties":{"layer_id":"legalitas","jenis":"legal","nama":"Residence 20","sumber":"OSM (status: contoh)","atribut":{"status":"SHGB dalam proses","peruntukan":"Permukiman"}}},{"type":"Feature","geometry":{"type":"Polygon","coordinates":[[[106.874344,-6.305521],[106.874535,-6.305014],[106.874756,-6.30507],[106.874826,-6.304929],[106.875074,-6.304835],[106.875302,-6.304961],[106.875632,-6.305318],[106.875673,-6.305721],[106.874816,-6.305684],[106.874344,-6.305521]]]},"properties":{"layer_id":"legalitas","jenis":"legal","nama":"Perumahan Mutiara Asgo","sumber":"OSM (status: contoh)","atribut":{"status":"SHGB dalam proses","peruntukan":"Permukiman"}}},{"type":"Feature","geometry":{"type":"Polygon","coordinates":[[[106.760765,-6.318866],[106.760109,-6.318919],[106.759951,-6.31929],[106.760032,-6.319398],[106.75996,-6.319721],[106.759317,-6.319747],[106.75932,-6.319438],[106.759119,-6.319404],[106.759059,-6.320414],[106.758633,-6.320328],[106.75856,-6.320702],[106.758536,-6.32159],[106.759096,-6.321598],[106.758913,-6.321259],[106.75891,-6.321163],[106.759189,-6.321156],[106.759192,-6.321065],[106.760126,-6.320966],[106.760192,-6.320549],[106.760129,-6.320246],[106.760521,-6.320191],[106.760464,-6.319087],[106.760845,-6.319058],[106.760765,-6.318866]]]},"properties":{"layer_id":"legalitas","jenis":"legal","nama":"Bali View Kampung Ubud","sumber":"OSM (status: contoh)","atribut":{"status":"HGB","peruntukan":"Permukiman"}}},{"type":"Feature","geometry":{"type":"Polygon","coordinates":[[[106.772089,-6.485826],[106.771231,-6.485847],[106.770877,-6.485391],[106.769708,-6.485485],[106.769804,-6.485924],[106.76974,-6.486905],[106.76783,-6.486926],[106.768585,-6.48963],[106.772314,-6.489825],[106.772367,-6.487253],[106.77236,-6.487184],[106.772175,-6.48719],[106.772089,-6.485826]]]},"properties":{"layer_id":"legalitas","jenis":"legal","nama":"Perumahan Pura Bojonggede","sumber":"OSM (status: contoh)","atribut":{"status":"HGB","peruntukan":"Permukiman"}}},{"type":"Feature","geometry":{"type":"Polygon","coordinates":[[[106.828309,-6.444996],[106.829344,-6.44499],[106.829338,-6.444825],[106.829285,-6.444809],[106.828727,-6.444249],[106.828303,-6.444234],[106.828309,-6.444996]]]},"properties":{"layer_id":"legalitas","jenis":"legal","nama":"Lotus Residence","sumber":"OSM (status: contoh)","atribut":{"status":"HGB","peruntukan":"Permukiman"}}},{"type":"Feature","geometry":{"type":"Polygon","coordinates":[[[106.829829,-6.545185],[106.829903,-6.544799],[106.829808,-6.544714],[106.829928,-6.544587],[106.829907,-6.544423],[106.830481,-6.544234],[106.830546,-6.544371],[106.830868,-6.544258],[106.831014,-6.544887],[106.830997,-6.545094],[106.830885,-6.545231],[106.830807,-6.545183],[106.829971,-6.545247],[106.829829,-6.545185]]]},"properties":{"layer_id":"legalitas","jenis":"legal","nama":"Perumahan Griya Talangsari","sumber":"OSM (status: contoh)","atribut":{"status":"SHGB dalam proses","peruntukan":"Permukiman"}}},{"type":"Feature","geometry":{"type":"Polygon","coordinates":[[[106.833013,-6.447021],[106.833517,-6.447207],[106.83363,-6.447427],[106.83353,-6.447979],[106.833659,-6.448009],[106.833726,-6.447569],[106.834032,-6.44758],[106.833996,-6.447953],[106.83459,-6.448123],[106.834389,-6.448488],[106.833954,-6.448579],[106.833587,-6.448426],[106.833651,-6.448125],[106.833503,-6.448115],[106.833289,-6.448971],[106.833474,-6.449022],[106.83353,-6.449166],[106.833686,-6.449203],[106.833648,-6.44988],[106.833434,-6.449922],[106.832992,-6.450228],[106.832742,-6.45049],[106.831739,-6.450426],[106.831591,-6.450375],[106.831454,-6.450461],[106.831017,-6.450258],[106.830797,-6.45001],[106.830706,-6.449805],[106.830478,-6.449706],[106.830926,-6.44919],[106.831492,-6.449469],[106.831695,-6.449205],[106.831843,-6.449275],[106.832082,-6.448942],[106.832042,-6.44887],[106.831841,-6.448827],[106.832197,-6.448022],[106.832737,-6.44787],[106.832813,-6.447546],[106.832742,-6.447094],[106.832801,-6.446955],[106.833013,-6.447021]]]},"properties":{"layer_id":"legalitas","jenis":"legal","nama":"Griya Melati Mas","sumber":"OSM (status: contoh)","atribut":{"status":"SHM","peruntukan":"Permukiman"}}},{"type":"Feature","geometry":{"type":"Polygon","coordinates":[[[106.825685,-6.556254],[106.825706,-6.556032],[106.825937,-6.555721],[106.825889,-6.555572],[106.826263,-6.555237],[106.826999,-6.555467],[106.827112,-6.555059],[106.827527,-6.555067],[106.827494,-6.555341],[106.82738,-6.555452],[106.827169,-6.556159],[106.827102,-6.556797],[106.826828,-6.556755],[106.826584,-6.556812],[106.826582,-6.556438],[106.825685,-6.556254]]]},"properties":{"layer_id":"legalitas","jenis":"legal","nama":"Bumi Ciluar Indah","sumber":"OSM (status: contoh)","atribut":{"status":"HGB","peruntukan":"Permukiman"}}},{"type":"Feature","geometry":{"type":"Polygon","coordinates":[[[106.775466,-6.396002],[106.77556,-6.396046],[106.775614,-6.395974],[106.775842,-6.39513],[106.776123,-6.395253],[106.776274,-6.394879],[106.77644,-6.394921],[106.776653,-6.39442],[106.776097,-6.394139],[106.776015,-6.394239],[106.775448,-6.395406],[106.7756,-6.395499],[106.775466,-6.396002]]]},"properties":{"layer_id":"legalitas","jenis":"legal","nama":"The Agathis Residence","sumber":"OSM (status: contoh)","atribut":{"status":"Girik","peruntukan":"Permukiman"}}},{"type":"Feature","geometry":{"type":"Polygon","coordinates":[[[106.84262,-6.470906],[106.843541,-6.473856],[106.844008,-6.473713],[106.844035,-6.473522],[106.844182,-6.473503],[106.844187,-6.473248],[106.844379,-6.473262],[106.844436,-6.473371],[106.844928,-6.473363],[106.845231,-6.473451],[106.845348,-6.473292],[106.845466,-6.473327],[106.845598,-6.473027],[106.845748,-6.473083],[106.846083,-6.472162],[106.846735,-6.472085],[106.847018,-6.471052],[106.848223,-6.470202],[106.848293,-6.469284],[106.847596,-6.468894],[106.844295,-6.468086],[106.843799,-6.469015],[106.844003,-6.470397],[106.844474,-6.470793],[106.844374,-6.471302],[106.843994,-6.471293],[106.843791,-6.470688],[106.843384,-6.47055],[106.843173,-6.470857],[106.84262,-6.470906]]]},"properties":{"layer_id":"legalitas","jenis":"legal","nama":"Puri Nirwana 2","sumber":"OSM (status: contoh)","atribut":{"status":"Girik","peruntukan":"Permukiman"}}},{"type":"Feature","geometry":{"type":"Polygon","coordinates":[[[106.914051,-6.320408],[106.915173,-6.320465],[106.915453,-6.320405],[106.915775,-6.319927],[106.916259,-6.32005],[106.916539,-6.319751],[106.91667,-6.319459],[106.916893,-6.319396],[106.916992,-6.319104],[106.916943,-6.319072],[106.916996,-6.31884],[106.916748,-6.318313],[106.916337,-6.318087],[106.916348,-6.317866],[106.916433,-6.317852],[106.916401,-6.31762],[106.915697,-6.317539],[106.915672,-6.317271],[106.915771,-6.316948],[106.916001,-6.316969],[106.915902,-6.316659],[106.916047,-6.316578],[106.916143,-6.316325],[106.916217,-6.316336],[106.916352,-6.315876],[106.915539,-6.315597],[106.91504,-6.315448],[106.914948,-6.315624],[106.914725,-6.315562],[106.914516,-6.316108],[106.91444,-6.316176],[106.914376,-6.316185],[106.914361,-6.316031],[106.913706,-6.315928],[106.913833,-6.316585],[106.913792,-6.319482],[106.914064,-6.319567],[106.914051,-6.320408]]]},"properties":{"layer_id":"legalitas","jenis":"legal","nama":"Perumaha Setu Indah","sumber":"OSM (status: contoh)","atribut":{"status":"SHM","peruntukan":"Permukiman"}}},{"type":"Feature","geometry":{"type":"Polygon","coordinates":[[[106.782522,-6.448563],[106.783295,-6.448528],[106.783467,-6.448528],[106.783381,-6.449125],[106.782532,-6.448905],[106.782522,-6.448563]]]},"properties":{"layer_id":"legalitas","jenis":"legal","nama":"Perumahan Java Citayam","sumber":"OSM (status: contoh)","atribut":{"status":"SHM","peruntukan":"Permukiman"}}},{"type":"Feature","geometry":{"type":"Polygon","coordinates":[[[106.782426,-6.449974],[106.783052,-6.450082],[106.782982,-6.450503],[106.782698,-6.450487],[106.782607,-6.45093],[106.782456,-6.45101],[106.782267,-6.45103],[106.782426,-6.449974]]]},"properties":{"layer_id":"legalitas","jenis":"legal","nama":"Perumahan Jaelani Residence","sumber":"OSM (status: contoh)","atribut":{"status":"HGB","peruntukan":"Permukiman"}}},{"type":"Feature","geometry":{"type":"Polygon","coordinates":[[[106.777052,-6.447739],[106.777551,-6.448726],[106.777288,-6.448827],[106.777358,-6.449296],[106.777545,-6.449392],[106.777798,-6.448944],[106.778146,-6.449061],[106.778152,-6.449237],[106.77916,-6.450031],[106.779391,-6.450469],[106.779316,-6.450559],[106.779165,-6.450474],[106.778833,-6.450613],[106.778522,-6.450543],[106.778221,-6.450319],[106.778291,-6.450063],[106.777562,-6.449802],[106.776955,-6.449776],[106.776644,-6.44896],[106.776542,-6.448992],[106.776526,-6.448342],[106.776365,-6.447846],[106.776639,-6.447745],[106.777052,-6.447739]]]},"properties":{"layer_id":"legalitas","jenis":"legal","nama":"Perumahan Griya Satria Jingga","sumber":"OSM (status: contoh)","atribut":{"status":"Girik","peruntukan":"Permukiman"}}},{"type":"Feature","geometry":{"type":"Polygon","coordinates":[[[106.788084,-6.449881],[106.78887,-6.449035],[106.788998,-6.448644],[106.788392,-6.44839],[106.788339,-6.448736],[106.78814,-6.448912],[106.788084,-6.449881]]]},"properties":{"layer_id":"legalitas","jenis":"legal","nama":"Perumahan Bukit Pesanggaran Indah 2","sumber":"OSM (status: contoh)","atribut":{"status":"HGB","peruntukan":"Permukiman"}}},{"type":"Feature","geometry":{"type":"Polygon","coordinates":[[[106.735022,-6.331871],[106.735037,-6.332066],[106.735869,-6.332003],[106.735855,-6.331808],[106.735022,-6.331871]]]},"properties":{"layer_id":"legalitas","jenis":"legal","nama":"Pamulang Permai B 29","sumber":"OSM (status: contoh)","atribut":{"status":"SHM","peruntukan":"Permukiman"}}},{"type":"Feature","geometry":{"type":"Polygon","coordinates":[[[106.734996,-6.332173],[106.735015,-6.332364],[106.735054,-6.33236],[106.735911,-6.332276],[106.735893,-6.332085],[106.734996,-6.332173]]]},"properties":{"layer_id":"legalitas","jenis":"legal","nama":"Pamulang Permai B 28","sumber":"OSM (status: contoh)","atribut":{"status":"HGB","peruntukan":"Permukiman"}}},{"type":"Feature","geometry":{"type":"Polygon","coordinates":[[[106.737022,-6.339046],[106.736834,-6.339072],[106.736945,-6.339982],[106.737152,-6.339948],[106.737089,-6.339511],[106.737022,-6.339046]]]},"properties":{"layer_id":"legalitas","jenis":"legal","nama":"Pamulang Permai A 8","sumber":"OSM (status: contoh)","atribut":{"status":"HGB","peruntukan":"Permukiman"}}},{"type":"Feature","geometry":{"type":"Polygon","coordinates":[[[106.792506,-6.483337],[106.793193,-6.483369],[106.793155,-6.48403],[106.793359,-6.484011],[106.79338,-6.484237],[106.793621,-6.484198],[106.793638,-6.484051],[106.793852,-6.484027],[106.794035,-6.484141],[106.794362,-6.48372],[106.794501,-6.483713],[106.79441,-6.48315],[106.794185,-6.483134],[106.794518,-6.481231],[106.793836,-6.480997],[106.793391,-6.482253],[106.793096,-6.482186],[106.793058,-6.481962],[106.792731,-6.481802],[106.792602,-6.481885],[106.79228,-6.481693],[106.791991,-6.482042],[106.79227,-6.482354],[106.792061,-6.482692],[106.791659,-6.482729],[106.791428,-6.482756],[106.791412,-6.483134],[106.791765,-6.483238],[106.791707,-6.483571],[106.791476,-6.483593],[106.791466,-6.483715],[106.791288,-6.483678],[106.791363,-6.484454],[106.791004,-6.485957],[106.791702,-6.48621],[106.791873,-6.48557],[106.791476,-6.485485],[106.791567,-6.484802],[106.791685,-6.484765],[106.79182,-6.484424],[106.791632,-6.484349],[106.791683,-6.484008],[106.792383,-6.484259],[106.792506,-6.483337]]]},"properties":{"layer_id":"legalitas","jenis":"legal","nama":"Perumahan Griya Yasa Lestari","sumber":"OSM (status: contoh)","atribut":{"status":"Girik","peruntukan":"Permukiman"}}},{"type":"Feature","geometry":{"type":"Polygon","coordinates":[[[106.833222,-6.454701],[106.833118,-6.455167],[106.83328,-6.455661],[106.83341,-6.456301],[106.833365,-6.456646],[106.833445,-6.456767],[106.833726,-6.457043],[106.834931,-6.457686],[106.835039,-6.457693],[106.835139,-6.457669],[106.835298,-6.457031],[106.834719,-6.456804],[106.834895,-6.456344],[106.835327,-6.456554],[106.835419,-6.455768],[106.8348,-6.455649],[106.83448,-6.455473],[106.834301,-6.455209],[106.834078,-6.45587],[106.833908,-6.455837],[106.833751,-6.455264],[106.833509,-6.455202],[106.833606,-6.454866],[106.833554,-6.454768],[106.833222,-6.454701]]]},"properties":{"layer_id":"legalitas","jenis":"legal","nama":"Depok Alam Lestari","sumber":"OSM (status: contoh)","atribut":{"status":"SHM","peruntukan":"Permukiman"}}},{"type":"Feature","geometry":{"type":"Polygon","coordinates":[[[106.736998,-6.426022],[106.737348,-6.426069],[106.737288,-6.427118],[106.736919,-6.427105],[106.736934,-6.426789],[106.736836,-6.426789],[106.736864,-6.426332],[106.73696,-6.426342],[106.736998,-6.426022]]]},"properties":{"layer_id":"legalitas","jenis":"legal","nama":"Cluster Baru","sumber":"OSM (status: contoh)","atribut":{"status":"Girik","peruntukan":"Permukiman"}}},{"type":"Feature","geometry":{"type":"Polygon","coordinates":[[[106.734803,-6.416649],[106.735303,-6.417641],[106.735536,-6.417816],[106.736132,-6.417923],[106.736272,-6.418009],[106.736362,-6.418532],[106.736392,-6.418595],[106.736527,-6.418585],[106.736562,-6.418659],[106.736404,-6.418693],[106.736458,-6.419396],[106.735947,-6.419433],[106.735918,-6.419816],[106.736113,-6.419824],[106.73614,-6.420079],[106.735773,-6.420299],[106.735659,-6.420568],[106.736519,-6.42106],[106.738505,-6.421008],[106.738791,-6.420764],[106.739053,-6.420624],[106.739106,-6.420302],[106.739407,-6.419535],[106.739595,-6.419604],[106.739616,-6.419062],[106.740283,-6.419068],[106.740378,-6.417654],[106.740626,-6.417681],[106.74066,-6.417424],[106.740109,-6.417334],[106.74016,-6.416286],[106.739889,-6.416334],[106.739649,-6.41647],[106.739286,-6.416429],[106.739252,-6.41666],[106.738943,-6.416623],[106.738875,-6.417401],[106.737432,-6.41739],[106.736491,-6.416964],[106.73603,-6.416864],[106.735572,-6.416554],[106.735347,-6.416821],[106.735031,-6.416478],[106.734803,-6.416649]]]},"properties":{"layer_id":"legalitas","jenis":"legal","nama":"Bukit Sawangan Indah","sumber":"OSM (status: contoh)","atribut":{"status":"Girik","peruntukan":"Permukiman"}}},{"type":"Feature","geometry":{"type":"Polygon","coordinates":[[[106.732741,-6.424546],[106.732569,-6.425308],[106.73278,-6.425381],[106.732676,-6.425919],[106.73286,-6.42611],[106.733059,-6.426473],[106.734091,-6.426385],[106.734084,-6.426234],[106.734954,-6.42597],[106.734987,-6.425711],[106.735049,-6.425702],[106.73499,-6.42544],[106.735091,-6.424898],[106.735466,-6.424605],[106.735678,-6.424576],[106.735722,-6.424436],[106.736183,-6.424551],[106.736386,-6.424438],[106.736277,-6.42432],[106.736102,-6.424304],[106.735989,-6.424099],[106.735851,-6.424012],[106.735577,-6.423976],[106.735488,-6.423904],[106.735478,-6.423556],[106.735326,-6.423461],[106.734943,-6.423412],[106.7349,-6.422818],[106.734577,-6.422766],[106.734617,-6.422592],[106.735046,-6.422595],[106.735313,-6.422412],[106.73532,-6.422159],[106.735082,-6.421898],[106.735252,-6.42148],[106.735358,-6.421427],[106.735479,-6.420118],[106.735196,-6.420061],[106.735149,-6.419593],[106.735073,-6.419547],[106.734182,-6.41954],[106.734158,-6.420149],[106.734083,-6.420569],[106.733957,-6.420841],[106.733877,-6.422343],[106.733818,-6.422527],[106.73318,-6.422681],[106.732976,-6.423333],[106.732814,-6.424346],[106.732831,-6.424553],[106.732741,-6.424546]]]},"properties":{"layer_id":"legalitas","jenis":"legal","nama":"Kp. Jati","sumber":"OSM (status: contoh)","atribut":{"status":"Girik","peruntukan":"Permukiman"}}},{"type":"Feature","geometry":{"type":"Polygon","coordinates":[[[106.739356,-6.426214],[106.739319,-6.426844],[106.739667,-6.426873],[106.739668,-6.426827],[106.739848,-6.426808],[106.739913,-6.426251],[106.739356,-6.426214]]]},"properties":{"layer_id":"legalitas","jenis":"legal","nama":"Cluster Baru","sumber":"OSM (status: contoh)","atribut":{"status":"HGB","peruntukan":"Permukiman"}}},{"type":"Feature","geometry":{"type":"Polygon","coordinates":[[[106.736046,-6.423716],[106.735876,-6.423423],[106.735882,-6.423326],[106.735964,-6.423261],[106.736224,-6.423329],[106.736394,-6.423248],[106.736975,-6.423232],[106.737078,-6.423172],[106.737672,-6.423248],[106.737601,-6.423868],[106.737724,-6.423876],[106.737981,-6.424091],[106.738224,-6.424393],[106.738245,-6.42516],[106.738681,-6.425152],[106.73869,-6.424479],[106.738889,-6.424499],[106.738862,-6.425662],[106.738951,-6.425711],[106.73896,-6.426037],[106.738521,-6.426052],[106.738446,-6.426903],[106.738305,-6.426875],[106.738222,-6.427289],[106.738211,-6.427528],[106.738323,-6.42754],[106.738329,-6.427656],[106.738402,-6.427706],[106.738097,-6.427992],[106.737944,-6.427947],[106.737965,-6.427637],[106.737253,-6.427659],[106.737013,-6.427692],[106.737021,-6.428207],[106.736759,-6.428226],[106.736761,-6.428533],[106.737008,-6.428538],[106.737002,-6.428963],[106.736204,-6.428994],[106.736154,-6.428275],[106.735993,-6.428281],[106.735808,-6.427283],[106.736492,-6.427241],[106.73658,-6.426697],[106.736003,-6.426578],[106.735662,-6.426216],[106.735341,-6.426192],[106.735383,-6.425905],[106.735336,-6.425418],[106.735404,-6.425248],[106.735846,-6.424753],[106.736583,-6.424635],[106.736834,-6.424459],[106.736864,-6.424374],[106.736969,-6.423932],[106.736889,-6.423823],[106.736295,-6.423809],[106.736046,-6.423716]]]},"properties":{"layer_id":"legalitas","jenis":"legal","nama":"Sawangan Elok","sumber":"OSM (status: contoh)","atribut":{"status":"SHGB dalam proses","peruntukan":"Permukiman"}}},{"type":"Feature","geometry":{"type":"Polygon","coordinates":[[[106.735291,-6.428335],[106.735969,-6.428253],[106.735808,-6.427283],[106.736492,-6.427241],[106.736532,-6.426813],[106.736378,-6.426791],[106.73636,-6.426996],[106.736143,-6.426983],[106.736135,-6.427072],[106.735904,-6.427072],[106.73566,-6.426921],[106.735527,-6.426958],[106.735552,-6.427193],[106.735587,-6.427301],[106.735399,-6.427337],[106.735298,-6.427469],[106.735199,-6.427481],[106.735125,-6.427387],[106.735234,-6.427321],[106.735217,-6.42722],[106.73513,-6.427161],[106.735006,-6.427252],[106.734799,-6.427606],[106.735196,-6.427646],[106.735291,-6.428335]]]},"properties":{"layer_id":"legalitas","jenis":"legal","nama":"Kp. Jati","sumber":"OSM (status: contoh)","atribut":{"status":"SHGB dalam proses","peruntukan":"Permukiman"}}},{"type":"Feature","geometry":{"type":"Polygon","coordinates":[[[106.750312,-6.438388],[106.749985,-6.438436],[106.750036,-6.438659],[106.750172,-6.438639],[106.750277,-6.438901],[106.750199,-6.438949],[106.750074,-6.438919],[106.750023,-6.439059],[106.749646,-6.439035],[106.749578,-6.439218],[106.749414,-6.439191],[106.749117,-6.439942],[106.749326,-6.44015],[106.749374,-6.440375],[106.749243,-6.440518],[106.749119,-6.44054],[106.748586,-6.440443],[106.748563,-6.440865],[106.748089,-6.442056],[106.748074,-6.442482],[106.748139,-6.442877],[106.748557,-6.442897],[106.748542,-6.443037],[106.749016,-6.443122],[106.749086,-6.442692],[106.749197,-6.442577],[106.749424,-6.442607],[106.749419,-6.442277],[106.749544,-6.442041],[106.749852,-6.441801],[106.749882,-6.441576],[106.749781,-6.441441],[106.749998,-6.441321],[106.75031,-6.441261],[106.750446,-6.441111],[106.750491,-6.44054],[106.750627,-6.44029],[106.750602,-6.44019],[106.750275,-6.44008],[106.7504,-6.4398],[106.751035,-6.43988],[106.751292,-6.439794],[106.751634,-6.439789],[106.751715,-6.439634],[106.75201,-6.439625],[106.752209,-6.438822],[106.75042,-6.438948],[106.750294,-6.438552],[106.750312,-6.438388]]]},"properties":{"layer_id":"legalitas","jenis":"legal","nama":"Kp. Kali Putih","sumber":"OSM (status: contoh)","atribut":{"status":"SHM","peruntukan":"Permukiman"}}},{"type":"Feature","geometry":{"type":"Polygon","coordinates":[[[106.741449,-6.423844],[106.741479,-6.424184],[106.741882,-6.424274],[106.741852,-6.425045],[106.741358,-6.425225],[106.741278,-6.425765],[106.74164,-6.426106],[106.741711,-6.426626],[106.74164,-6.427307],[106.741479,-6.427777],[106.741147,-6.427927],[106.741187,-6.428618],[106.741288,-6.428788],[106.741086,-6.428978],[106.740845,-6.429028],[106.740583,-6.428758],[106.74022,-6.428958],[106.740492,-6.430089],[106.74022,-6.430349],[106.739948,-6.430169],[106.739858,-6.430549],[106.739999,-6.43095],[106.740663,-6.43096],[106.740764,-6.430559],[106.740633,-6.430069],[106.740673,-6.429478],[106.741167,-6.429248],[106.741651,-6.429258],[106.742063,-6.429719],[106.742285,-6.430579],[106.742466,-6.430739],[106.742779,-6.430629],[106.742839,-6.430439],[106.743353,-6.4308],[106.743242,-6.43102],[106.743,-6.43113],[106.743091,-6.43144],[106.743363,-6.43141],[106.743453,-6.4317],[106.743393,-6.432491],[106.743735,-6.433021],[106.74435,-6.432961],[106.74436,-6.432521],[106.744662,-6.432521],[106.744712,-6.432251],[106.745327,-6.432301],[106.745276,-6.431991],[106.745387,-6.4318],[106.745649,-6.43187],[106.745961,-6.432061],[106.74603,-6.432533],[106.746424,-6.432511],[106.746596,-6.432351],[106.746626,-6.43201],[106.746898,-6.43153],[106.747019,-6.43113],[106.747009,-6.429488],[106.746646,-6.428418],[106.746696,-6.427467],[106.746727,-6.426986],[106.746394,-6.426806],[106.746193,-6.426876],[106.746283,-6.427237],[106.74579,-6.427637],[106.745679,-6.428107],[106.74583,-6.428287],[106.745971,-6.428648],[106.745931,-6.428848],[106.745045,-6.429228],[106.744355,-6.429128],[106.744214,-6.428733],[106.744214,-6.428568],[106.74439,-6.428388],[106.744405,-6.428212],[106.744637,-6.428177],[106.744727,-6.427992],[106.744607,-6.427737],[106.744662,-6.427552],[106.74433,-6.427532],[106.744254,-6.427607],[106.744058,-6.427517],[106.743987,-6.427372],[106.743967,-6.427041],[106.744153,-6.426531],[106.744642,-6.426306],[106.744798,-6.426146],[106.744924,-6.42585],[106.744717,-6.42572],[106.744229,-6.42568],[106.744078,-6.425575],[106.744143,-6.425175],[106.743972,-6.424734],[106.743579,-6.424474],[106.743358,-6.424179],[106.743262,-6.423889],[106.742436,-6.423629],[106.742325,-6.423874],[106.742144,-6.423884],[106.742048,-6.423819],[106.742235,-6.423328],[106.742222,-6.422835],[106.742079,-6.42286],[106.742003,-6.423303],[106.741368,-6.423124],[106.741385,-6.423462],[106.741481,-6.423651],[106.741449,-6.423844]]]},"properties":{"layer_id":"legalitas","jenis":"legal","nama":"Kp. Kandang","sumber":"OSM (status: contoh)","atribut":{"status":"SHM","peruntukan":"Permukiman"}}},{"type":"Feature","geometry":{"type":"Polygon","coordinates":[[[106.740774,-6.431245],[106.741006,-6.432196],[106.741278,-6.432416],[106.741651,-6.432436],[106.741943,-6.432656],[106.742154,-6.433217],[106.742486,-6.433327],[106.74299,-6.433267],[106.743201,-6.432976],[106.743262,-6.432656],[106.743393,-6.432491],[106.743735,-6.433021],[106.743534,-6.433517],[106.743212,-6.434047],[106.742507,-6.434658],[106.742275,-6.434598],[106.742013,-6.434638],[106.741993,-6.434928],[106.7415,-6.434931],[106.740986,-6.434668],[106.740251,-6.434638],[106.739757,-6.434898],[106.739644,-6.435566],[106.739518,-6.435711],[106.737857,-6.435892],[106.738042,-6.434861],[106.738802,-6.434755],[106.739009,-6.43446],[106.739724,-6.434165],[106.740081,-6.433605],[106.740635,-6.433194],[106.740761,-6.432959],[106.740515,-6.432794],[106.740187,-6.432704],[106.740127,-6.431948],[106.740343,-6.431328],[106.740459,-6.431213],[106.740774,-6.431245]]]},"properties":{"layer_id":"legalitas","jenis":"legal","nama":"Kp. Ragamukti","sumber":"OSM (status: contoh)","atribut":{"status":"SHM","peruntukan":"Permukiman"}}},{"type":"Feature","geometry":{"type":"Polygon","coordinates":[[[106.7302,-6.422735],[106.72981,-6.422311],[106.729712,-6.422302],[106.729795,-6.422049],[106.729861,-6.422051],[106.729925,-6.42169],[106.73011,-6.421711],[106.730264,-6.421651],[106.730358,-6.421798],[106.73063,-6.421805],[106.730623,-6.421518],[106.730673,-6.421451],[106.730957,-6.421305],[106.731231,-6.42125],[106.731495,-6.422002],[106.731622,-6.422012],[106.731668,-6.422083],[106.731067,-6.422345],[106.731144,-6.422515],[106.730874,-6.422603],[106.730841,-6.422525],[106.7302,-6.422735]]]},"properties":{"layer_id":"legalitas","jenis":"legal","nama":"Kp. Tulang Kuning","sumber":"OSM (status: contoh)","atribut":{"status":"HGB","peruntukan":"Permukiman"}}},{"type":"Feature","geometry":{"type":"Polygon","coordinates":[[[106.742786,-6.423388],[106.742686,-6.423028],[106.743058,-6.422361],[106.744082,-6.421524],[106.743937,-6.421434],[106.744018,-6.42128],[106.744363,-6.421064],[106.744544,-6.421037],[106.744744,-6.420209],[106.744852,-6.420042],[106.744494,-6.419853],[106.74451,-6.419734],[106.744241,-6.419436],[106.743817,-6.419599],[106.743769,-6.419182],[106.744161,-6.419128],[106.744227,-6.418977],[106.744107,-6.418819],[106.744205,-6.418679],[106.744158,-6.418552],[106.74459,-6.418333],[106.744533,-6.418068],[106.744766,-6.417923],[106.744914,-6.417962],[106.745013,-6.418135],[106.745192,-6.41811],[106.745199,-6.418644],[106.74534,-6.418649],[106.745469,-6.418342],[106.745401,-6.418275],[106.745437,-6.418126],[106.74551,-6.417971],[106.745632,-6.417996],[106.745888,-6.418452],[106.745673,-6.418723],[106.745666,-6.419013],[106.745834,-6.41918],[106.745768,-6.419342],[106.745893,-6.419404],[106.745972,-6.419585],[106.746121,-6.419499],[106.746013,-6.419813],[106.745829,-6.419892],[106.745749,-6.420309],[106.745514,-6.420792],[106.74531,-6.420828],[106.744832,-6.420738],[106.744592,-6.421538],[106.744934,-6.421706],[106.745258,-6.421754],[106.745301,-6.421986],[106.745118,-6.422028],[106.745052,-6.4222],[106.744891,-6.42224],[106.744794,-6.422371],[106.744628,-6.422335],[106.744465,-6.422427],[106.74434,-6.422353],[106.743876,-6.422866],[106.743917,-6.423163],[106.743853,-6.42335],[106.743617,-6.423434],[106.742988,-6.423411],[106.742897,-6.423226],[106.742786,-6.423388]]]},"properties":{"layer_id":"legalitas","jenis":"legal","nama":"Ds. Parung Poncol","sumber":"OSM (status: contoh)","atribut":{"status":"SHGB dalam proses","peruntukan":"Permukiman"}}},{"type":"Feature","geometry":{"type":"Polygon","coordinates":[[[106.825052,-6.450726],[106.825077,-6.450613],[106.825004,-6.450596],[106.825017,-6.45047],[106.825247,-6.450507],[106.825184,-6.450752],[106.825052,-6.450726]]]},"properties":{"layer_id":"legalitas","jenis":"legal","nama":"Permata Jatimulya","sumber":"OSM (status: contoh)","atribut":{"status":"Girik","peruntukan":"Permukiman"}}},{"type":"Feature","geometry":{"type":"Polygon","coordinates":[[[106.852827,-6.357255],[106.852978,-6.358663],[106.852328,-6.358715],[106.85235,-6.358798],[106.852451,-6.359039],[106.852677,-6.359137],[106.853102,-6.358998],[106.853863,-6.360091],[106.854039,-6.360421],[106.853951,-6.360623],[106.854121,-6.360812],[106.854142,-6.361396],[106.85398,-6.361396],[106.854065,-6.362233],[106.853866,-6.362324],[106.853916,-6.362894],[106.853045,-6.362936],[106.853081,-6.364217],[106.852894,-6.364761],[106.852989,-6.365244],[106.853831,-6.365145],[106.853887,-6.365321],[106.854171,-6.365384],[106.853808,-6.367078],[106.853997,-6.367936],[106.854198,-6.368076],[106.854254,-6.368201],[106.854712,-6.368261],[106.855183,-6.368233],[106.855381,-6.367628],[106.855572,-6.3675],[106.855523,-6.367094],[106.855728,-6.365785],[106.855572,-6.365391],[106.85565,-6.365364],[106.855785,-6.364653],[106.85531,-6.363956],[106.855324,-6.363126],[106.855537,-6.362971],[106.855466,-6.362578],[106.854907,-6.361564],[106.855056,-6.360326],[106.854843,-6.36001],[106.85456,-6.359841],[106.854305,-6.359763],[106.854008,-6.359925],[106.853831,-6.359679],[106.854059,-6.359532],[106.853989,-6.359333],[106.85435,-6.358818],[106.853881,-6.358701],[106.853286,-6.358758],[106.853449,-6.357836],[106.853597,-6.357414],[106.85359,-6.357189],[106.852827,-6.357255]]]},"properties":{"layer_id":"legalitas","jenis":"legal","nama":"Perumahan Bukit Cengkeh II","sumber":"OSM (status: contoh)","atribut":{"status":"SHM","peruntukan":"Permukiman"}}},{"type":"Feature","geometry":{"type":"Polygon","coordinates":[[[106.8537,-6.369635],[106.853671,-6.370009],[106.853434,-6.369996],[106.853281,-6.370146],[106.851937,-6.370021],[106.851911,-6.370193],[106.851743,-6.370384],[106.851862,-6.370414],[106.851714,-6.371111],[106.852327,-6.371338],[106.852441,-6.371418],[106.852467,-6.371589],[106.853475,-6.37177],[106.853432,-6.372218],[106.853878,-6.372282],[106.853974,-6.371967],[106.854248,-6.371802],[106.854698,-6.37193],[106.854854,-6.371413],[106.854849,-6.370944],[106.854977,-6.37056],[106.855025,-6.37049],[106.855465,-6.370544],[106.855455,-6.3708],[106.855798,-6.371109],[106.855755,-6.371637],[106.856329,-6.371908],[106.856613,-6.372084],[106.857139,-6.372282],[106.857391,-6.371781],[106.857745,-6.372143],[106.85803,-6.371887],[106.858217,-6.372047],[106.858765,-6.371493],[106.85855,-6.370862],[106.85865,-6.370753],[106.858524,-6.370158],[106.857767,-6.370149],[106.857311,-6.369792],[106.856898,-6.369819],[106.85664,-6.369643],[106.855111,-6.369408],[106.854747,-6.369392],[106.854564,-6.369456],[106.854029,-6.369333],[106.853812,-6.369345],[106.8537,-6.369635]]]},"properties":{"layer_id":"legalitas","jenis":"legal","nama":"Perumahan Bukit Cengkeh I","sumber":"OSM (status: contoh)","atribut":{"status":"SHM","peruntukan":"Permukiman"}}},{"type":"Feature","geometry":{"type":"Polygon","coordinates":[[[106.738485,-6.382005],[106.738517,-6.381379],[106.737483,-6.381459],[106.73751,-6.381757],[106.737895,-6.381747],[106.737892,-6.382002],[106.738485,-6.382005]]]},"properties":{"layer_id":"legalitas","jenis":"legal","nama":"Green Pratama Residence","sumber":"OSM (status: contoh)","atribut":{"status":"HGB","peruntukan":"Permukiman"}}},{"type":"Feature","geometry":{"type":"Polygon","coordinates":[[[106.739178,-6.386006],[106.738614,-6.387798],[106.738167,-6.387781],[106.738074,-6.387927],[106.738164,-6.388088],[106.739068,-6.388083],[106.739067,-6.388416],[106.738834,-6.388498],[106.738739,-6.389061],[106.738789,-6.389298],[106.738885,-6.389309],[106.738882,-6.389456],[106.739021,-6.389476],[106.739037,-6.389728],[106.739411,-6.389752],[106.739474,-6.389366],[106.739734,-6.389375],[106.739853,-6.389181],[106.740083,-6.389037],[106.74014,-6.388631],[106.740483,-6.388163],[106.740464,-6.387844],[106.740575,-6.387844],[106.740581,-6.387658],[106.740423,-6.387636],[106.740483,-6.3869],[106.740152,-6.386857],[106.740215,-6.386531],[106.740281,-6.386525],[106.74024,-6.386335],[106.740158,-6.386304],[106.740222,-6.385931],[106.739229,-6.385787],[106.739178,-6.386006]]]},"properties":{"layer_id":"legalitas","jenis":"legal","nama":"Kamila","sumber":"OSM (status: contoh)","atribut":{"status":"SHM","peruntukan":"Permukiman"}}},{"type":"Feature","geometry":{"type":"Polygon","coordinates":[[[106.785459,-6.383727],[106.785742,-6.384284],[106.785378,-6.384462],[106.785074,-6.383915],[106.785459,-6.383727]]]},"properties":{"layer_id":"legalitas","jenis":"legal","nama":"Villa Santika Blok J","sumber":"OSM (status: contoh)","atribut":{"status":"SHM","peruntukan":"Permukiman"}}},{"type":"Feature","geometry":{"type":"Polygon","coordinates":[[[106.785417,-6.383583],[106.785558,-6.383521],[106.785788,-6.383961],[106.785645,-6.384031],[106.785417,-6.383583]]]},"properties":{"layer_id":"legalitas","jenis":"legal","nama":"Villa Santika Blok I","sumber":"OSM (status: contoh)","atribut":{"status":"SHGB dalam proses","peruntukan":"Permukiman"}}},{"type":"Feature","geometry":{"type":"Polygon","coordinates":[[[106.784667,-6.383818],[106.785334,-6.383586],[106.785203,-6.383339],[106.784862,-6.383087],[106.78506,-6.383076],[106.785021,-6.382994],[106.784702,-6.383166],[106.784783,-6.383314],[106.784697,-6.383368],[106.784762,-6.383553],[106.784598,-6.383641],[106.784667,-6.383818]]]},"properties":{"layer_id":"legalitas","jenis":"legal","nama":"Villa Santika Blok K","sumber":"OSM (status: contoh)","atribut":{"status":"HGB","peruntukan":"Permukiman"}}},{"type":"Feature","geometry":{"type":"Polygon","coordinates":[[[106.785056,-6.383712],[106.785125,-6.383888],[106.784506,-6.384089],[106.784541,-6.383885],[106.785056,-6.383712]]]},"properties":{"layer_id":"legalitas","jenis":"legal","nama":"Villa Santika Blok L","sumber":"OSM (status: contoh)","atribut":{"status":"HGB","peruntukan":"Permukiman"}}},{"type":"Feature","geometry":{"type":"Polygon","coordinates":[[[106.784465,-6.384323],[106.784544,-6.384504],[106.784399,-6.384557],[106.78433,-6.384374],[106.784465,-6.384323]]]},"properties":{"layer_id":"legalitas","jenis":"legal","nama":"Villa Santika Blok L","sumber":"OSM (status: contoh)","atribut":{"status":"SHGB dalam proses","peruntukan":"Permukiman"}}},{"type":"Feature","geometry":{"type":"Polygon","coordinates":[[[106.785067,-6.383903],[106.785378,-6.384462],[106.78493,-6.384413],[106.784658,-6.384464],[106.784506,-6.384089],[106.785067,-6.383903]]]},"properties":{"layer_id":"legalitas","jenis":"legal","nama":"Villa Santika Blok M","sumber":"OSM (status: contoh)","atribut":{"status":"SHM","peruntukan":"Permukiman"}}},{"type":"Feature","geometry":{"type":"Polygon","coordinates":[[[106.860381,-6.342412],[106.860522,-6.342616],[106.860765,-6.342649],[106.860846,-6.342776],[106.860754,-6.343478],[106.860201,-6.343428],[106.85943,-6.343237],[106.859626,-6.341866],[106.859446,-6.341724],[106.859886,-6.341286],[106.860183,-6.341443],[106.86025,-6.341556],[106.860404,-6.341596],[106.860381,-6.342412]]]},"properties":{"layer_id":"legalitas","jenis":"legal","nama":"Komplek LAPAN Pekayon","sumber":"OSM (status: contoh)","atribut":{"status":"Girik","peruntukan":"Permukiman"}}},{"type":"Feature","geometry":{"type":"Polygon","coordinates":[[[106.838381,-6.310887],[106.838286,-6.310881],[106.838084,-6.30961],[106.838175,-6.30902],[106.838354,-6.308642],[106.838923,-6.307373],[106.838989,-6.307382],[106.838381,-6.310887]]]},"properties":{"layer_id":"legalitas","jenis":"legal","nama":"Mahata Tanjung Barat","sumber":"OSM (status: contoh)","atribut":{"status":"HGB","peruntukan":"Permukiman"}}},{"type":"Feature","geometry":{"type":"Polygon","coordinates":[[[106.743512,-6.351927],[106.743005,-6.351719],[106.743103,-6.351485],[106.743737,-6.351719],[106.743664,-6.351986],[106.743512,-6.351927]]]},"properties":{"layer_id":"legalitas","jenis":"legal","nama":"pamulang estate","sumber":"OSM (status: contoh)","atribut":{"status":"HGB","peruntukan":"Permukiman"}}},{"type":"Feature","geometry":{"type":"Polygon","coordinates":[[[106.782772,-6.297608],[106.782697,-6.297617],[106.782699,-6.298243],[106.782219,-6.298266],[106.781288,-6.298715],[106.780423,-6.298904],[106.779494,-6.299336],[106.781238,-6.300752],[106.781763,-6.301317],[106.781983,-6.301779],[106.782137,-6.302531],[106.782303,-6.30353],[106.784291,-6.303431],[106.78442,-6.303228],[106.784344,-6.301027],[106.784534,-6.300003],[106.784516,-6.299446],[106.783624,-6.298036],[106.783031,-6.297513],[106.782772,-6.297608]]]},"properties":{"layer_id":"legalitas","jenis":"legal","nama":"Taman Bona indah","sumber":"OSM (status: contoh)","atribut":{"status":"HGB","peruntukan":"Permukiman"}}},{"type":"Feature","geometry":{"type":"Polygon","coordinates":[[[106.819748,-6.333706],[106.81915,-6.333525],[106.818982,-6.333553],[106.8189,-6.33372],[106.818893,-6.333813],[106.819482,-6.333987],[106.819552,-6.333762],[106.819748,-6.333706]]]},"properties":{"layer_id":"legalitas","jenis":"legal","nama":"The Tropical Jagakarsa","sumber":"OSM (status: contoh)","atribut":{"status":"SHM","peruntukan":"Permukiman"}}},{"type":"Feature","geometry":{"type":"Polygon","coordinates":[[[106.848694,-6.367271],[106.849244,-6.367218],[106.849302,-6.367917],[106.848868,-6.367936],[106.848694,-6.367271]]]},"properties":{"layer_id":"legalitas","jenis":"legal","nama":"Rawdhah Residence","sumber":"OSM (status: contoh)","atribut":{"status":"SHM","peruntukan":"Permukiman"}}},{"type":"Feature","geometry":{"type":"Polygon","coordinates":[[[106.820857,-6.448746],[106.821453,-6.448382],[106.821646,-6.448511],[106.821567,-6.448562],[106.821492,-6.448762],[106.821669,-6.448805],[106.821649,-6.448881],[106.821863,-6.449004],[106.821917,-6.449044],[106.821716,-6.449351],[106.821522,-6.449418],[106.821369,-6.449327],[106.821538,-6.449014],[106.820857,-6.448746]]]},"properties":{"layer_id":"legalitas","jenis":"legal","nama":"Perumahan Irafael Lestari 2","sumber":"OSM (status: contoh)","atribut":{"status":"Girik","peruntukan":"Permukiman"}}},{"type":"Feature","geometry":{"type":"Polygon","coordinates":[[[106.702195,-6.300299],[106.702133,-6.299816],[106.702372,-6.29976],[106.702334,-6.299392],[106.702141,-6.299424],[106.702087,-6.299019],[106.701658,-6.299093],[106.701631,-6.298763],[106.7019,-6.298742],[106.701772,-6.29833],[106.702024,-6.29826],[106.701995,-6.298151],[106.701348,-6.298295],[106.701327,-6.298159],[106.701968,-6.298007],[106.701949,-6.297924],[106.701815,-6.297863],[106.700612,-6.298086],[106.700623,-6.298789],[106.700328,-6.298832],[106.700204,-6.299621],[106.699861,-6.299659],[106.699896,-6.29984],[106.700221,-6.299973],[106.701171,-6.30014],[106.701734,-6.300337],[106.702195,-6.300299]]]},"properties":{"layer_id":"legalitas","jenis":"legal","nama":"The View","sumber":"OSM (status: contoh)","atribut":{"status":"HGB","peruntukan":"Permukiman"}}},{"type":"Feature","geometry":{"type":"Polygon","coordinates":[[[106.910212,-6.375334],[106.910213,-6.375117],[106.909904,-6.375097],[106.910015,-6.374335],[106.911347,-6.374354],[106.911473,-6.374268],[106.911784,-6.374673],[106.911756,-6.375285],[106.911431,-6.375316],[106.911435,-6.37524],[106.911049,-6.375159],[106.911057,-6.375309],[106.91079,-6.375316],[106.910855,-6.375039],[106.91055,-6.374973],[106.910498,-6.375205],[106.910349,-6.375185],[106.910338,-6.375332],[106.910212,-6.375334]]]},"properties":{"layer_id":"legalitas","jenis":"legal","nama":"Majapahit Suites","sumber":"OSM (status: contoh)","atribut":{"status":"SHGB dalam proses","peruntukan":"Permukiman"}}},{"type":"Feature","geometry":{"type":"Polygon","coordinates":[[[106.917829,-6.386082],[106.918406,-6.384456],[106.918291,-6.384419],[106.918371,-6.384182],[106.918717,-6.384078],[106.918741,-6.384174],[106.919181,-6.384059],[106.919451,-6.383551],[106.919388,-6.383507],[106.919331,-6.383585],[106.918956,-6.383499],[106.918988,-6.383867],[106.918808,-6.383918],[106.918784,-6.383697],[106.918683,-6.38375],[106.918578,-6.383641],[106.918615,-6.383502],[106.918535,-6.383467],[106.91861,-6.383294],[106.918637,-6.38303],[106.918551,-6.383019],[106.918511,-6.383107],[106.918234,-6.383062],[106.918017,-6.383323],[106.917583,-6.383667],[106.917505,-6.383766],[106.917526,-6.38384],[106.917824,-6.383971],[106.917653,-6.384451],[106.917553,-6.384419],[106.917475,-6.384635],[106.917108,-6.384504],[106.917036,-6.384691],[106.917382,-6.384835],[106.917137,-6.385621],[106.916714,-6.385466],[106.916674,-6.385562],[106.91725,-6.385773],[106.91721,-6.385872],[106.917829,-6.386082]]]},"properties":{"layer_id":"legalitas","jenis":"legal","nama":"Clover Garden","sumber":"OSM (status: contoh)","atribut":{"status":"SHM","peruntukan":"Permukiman"}}},{"type":"Feature","geometry":{"type":"Polygon","coordinates":[[[106.772608,-6.287352],[106.772835,-6.287758],[106.774293,-6.287796],[106.774285,-6.288806],[106.774724,-6.288831],[106.774736,-6.288371],[106.77488,-6.288352],[106.774921,-6.287014],[106.775638,-6.286874],[106.77573,-6.286704],[106.775018,-6.285964],[106.774643,-6.285438],[106.774165,-6.285461],[106.774185,-6.286051],[106.773827,-6.286052],[106.77382,-6.285868],[106.772969,-6.285827],[106.772979,-6.285722],[106.772924,-6.285741],[106.772718,-6.286112],[106.772608,-6.287352]]]},"properties":{"layer_id":"legalitas","jenis":"legal","nama":"Komplek Perkantoran dan tempat tinggal milik Kementerian PUPR","sumber":"OSM (status: contoh)","atribut":{"status":"Girik","peruntukan":"Permukiman"}}},{"type":"Feature","geometry":{"type":"Polygon","coordinates":[[[106.805717,-6.443994],[106.80584,-6.444052],[106.805825,-6.444082],[106.805703,-6.444024],[106.805717,-6.443994]]]},"properties":{"layer_id":"legalitas","jenis":"legal","nama":"Rudi's Family","sumber":"OSM (status: contoh)","atribut":{"status":"SHM","peruntukan":"Permukiman"}}},{"type":"Feature","geometry":{"type":"Polygon","coordinates":[[[106.786884,-6.293749],[106.786981,-6.292968],[106.786529,-6.292968],[106.786538,-6.292524],[106.786238,-6.292566],[106.786101,-6.292744],[106.786079,-6.292894],[106.786066,-6.293101],[106.785876,-6.293461],[106.785918,-6.294093],[106.786873,-6.294067],[106.786884,-6.293749]]]},"properties":{"layer_id":"legalitas","jenis":"legal","nama":"Branz Simatupang","sumber":"OSM (status: contoh)","atribut":{"status":"SHM","peruntukan":"Permukiman"}}},{"type":"Feature","geometry":{"type":"Polygon","coordinates":[[[106.902978,-6.341543],[106.903042,-6.34133],[106.903265,-6.341373],[106.903214,-6.341569],[106.903305,-6.34159],[106.903275,-6.3417],[106.902978,-6.341543]]]},"properties":{"layer_id":"legalitas","jenis":"legal","nama":"Adhi Griya Emerald","sumber":"OSM (status: contoh)","atribut":{"status":"SHM","peruntukan":"Permukiman"}}},{"type":"Feature","geometry":{"type":"Polygon","coordinates":[[[106.9028,-6.34203],[106.902861,-6.341875],[106.903012,-6.341934],[106.903069,-6.341787],[106.903238,-6.34184],[106.903151,-6.342181],[106.9028,-6.34203]]]},"properties":{"layer_id":"legalitas","jenis":"legal","nama":"Adhi Griya Luxury","sumber":"OSM (status: contoh)","atribut":{"status":"Girik","peruntukan":"Permukiman"}}},{"type":"Feature","geometry":{"type":"Polygon","coordinates":[[[106.901986,-6.343779],[106.901606,-6.343658],[106.901675,-6.343172],[106.901946,-6.34331],[106.902227,-6.343424],[106.902204,-6.343553],[106.90204,-6.343513],[106.901986,-6.343779]]]},"properties":{"layer_id":"legalitas","jenis":"legal","nama":"Cozy Paradise","sumber":"OSM (status: contoh)","atribut":{"status":"SHM","peruntukan":"Permukiman"}}},{"type":"Feature","geometry":{"type":"Polygon","coordinates":[[[106.833533,-6.35991],[106.833266,-6.35994],[106.833415,-6.36046],[106.833899,-6.36037],[106.833876,-6.360207],[106.834032,-6.360196],[106.834041,-6.359854],[106.833533,-6.35991]]]},"properties":{"layer_id":"legalitas","jenis":"legal","nama":"Evenciio Apartment","sumber":"OSM (status: contoh)","atribut":{"status":"SHM","peruntukan":"Permukiman"}}},{"type":"Feature","geometry":{"type":"Polygon","coordinates":[[[106.825201,-6.406599],[106.825236,-6.406483],[106.824833,-6.406171],[106.824564,-6.406095],[106.824768,-6.405743],[106.824915,-6.405682],[106.825191,-6.405309],[106.82543,-6.405167],[106.825513,-6.404946],[106.825671,-6.404829],[106.825827,-6.404914],[106.826162,-6.405452],[106.826404,-6.405514],[106.82741,-6.405604],[106.827694,-6.4055],[106.827855,-6.405338],[106.827962,-6.405111],[106.827884,-6.404397],[106.827678,-6.404042],[106.827018,-6.403445],[106.826825,-6.40303],[106.826908,-6.402974],[106.827112,-6.403128],[106.827538,-6.403213],[106.828093,-6.403149],[106.828458,-6.402854],[106.829706,-6.402398],[106.831009,-6.401705],[106.831275,-6.40143],[106.831516,-6.401342],[106.831648,-6.401396],[106.831706,-6.401838],[106.831966,-6.401971],[106.83198,-6.40268],[106.831913,-6.403136],[106.831613,-6.40327],[106.831358,-6.402696],[106.831071,-6.402443],[106.830762,-6.402619],[106.830674,-6.402449],[106.830505,-6.402555],[106.830666,-6.402763],[106.830845,-6.403219],[106.83095,-6.403787],[106.83102,-6.403944],[106.833208,-6.405285],[106.833157,-6.405644],[106.830575,-6.405133],[106.829797,-6.405173],[106.829676,-6.405282],[106.829896,-6.405754],[106.829663,-6.406018],[106.829472,-6.406423],[106.829429,-6.406852],[106.829515,-6.407028],[106.830086,-6.407369],[106.829912,-6.407742],[106.829193,-6.407502],[106.828954,-6.40718],[106.82892,-6.406601],[106.827444,-6.406519],[106.827337,-6.407206],[106.82709,-6.40751],[106.827123,-6.407745],[106.827514,-6.407611],[106.828035,-6.407782],[106.827964,-6.408034],[106.827646,-6.407953],[106.827018,-6.408113],[106.827243,-6.409027],[106.827064,-6.410312],[106.826629,-6.411055],[106.826366,-6.411156],[106.826305,-6.410741],[106.826385,-6.410538],[106.826573,-6.410581],[106.826653,-6.409981],[106.826396,-6.409861],[106.826342,-6.409957],[106.825977,-6.409832],[106.825916,-6.409933],[106.825076,-6.409541],[106.824306,-6.408992],[106.824743,-6.408185],[106.82484,-6.407809],[106.824641,-6.407739],[106.824785,-6.40727],[106.824931,-6.407254],[106.825201,-6.406599]]]},"properties":{"layer_id":"legalitas","jenis":"legal","nama":"Bella Casa Residence","sumber":"OSM (status: contoh)","atribut":{"status":"HGB","peruntukan":"Permukiman"}}},{"type":"Feature","geometry":{"type":"Polygon","coordinates":[[[106.82402,-6.395949],[106.824045,-6.396563],[106.823945,-6.396539],[106.823771,-6.397111],[106.823705,-6.397091],[106.823888,-6.396448],[106.823805,-6.39611],[106.82359,-6.396022],[106.82311,-6.39647],[106.82297,-6.396395],[106.822871,-6.396619],[106.822667,-6.396443],[106.822807,-6.396145],[106.822587,-6.395923],[106.822869,-6.395633],[106.823172,-6.395862],[106.823343,-6.395771],[106.823558,-6.395433],[106.82377,-6.395273],[106.824274,-6.394673],[106.824542,-6.394809],[106.824481,-6.394966],[106.824719,-6.395124],[106.824322,-6.395715],[106.82402,-6.395949]]]},"properties":{"layer_id":"legalitas","jenis":"legal","nama":"ZamZam","sumber":"OSM (status: contoh)","atribut":{"status":"SHGB dalam proses","peruntukan":"Permukiman"}}},{"type":"Feature","geometry":{"type":"Polygon","coordinates":[[[106.735887,-6.330275],[106.736193,-6.330294],[106.736263,-6.33019],[106.735683,-6.329758],[106.735158,-6.329217],[106.735053,-6.329025],[106.73494,-6.32906],[106.73497,-6.329249],[106.734924,-6.329294],[106.73475,-6.329289],[106.734806,-6.329489],[106.734498,-6.329529],[106.73455,-6.329833],[106.734776,-6.329815],[106.73479,-6.329988],[106.735198,-6.330004],[106.735345,-6.330084],[106.735431,-6.329838],[106.735665,-6.329974],[106.735887,-6.330275]]]},"properties":{"layer_id":"legalitas","jenis":"legal","nama":"Pamulang Heritage 3","sumber":"OSM (status: contoh)","atribut":{"status":"Girik","peruntukan":"Permukiman"}}},{"type":"Feature","geometry":{"type":"Polygon","coordinates":[[[106.731953,-6.31798],[106.731462,-6.317703],[106.731346,-6.318002],[106.7317,-6.318212],[106.731652,-6.31829],[106.731735,-6.318346],[106.731657,-6.318455],[106.731311,-6.318223],[106.73121,-6.318415],[106.731041,-6.318519],[106.730625,-6.3185],[106.730458,-6.318404],[106.730429,-6.317818],[106.729876,-6.31781],[106.729664,-6.3177],[106.729772,-6.316842],[106.729729,-6.316653],[106.728999,-6.315797],[106.729292,-6.314683],[106.729029,-6.314555],[106.72861,-6.314533],[106.728562,-6.314139],[106.7286,-6.313648],[106.72916,-6.313635],[106.729168,-6.313707],[106.729391,-6.313731],[106.729745,-6.314019],[106.730161,-6.314109],[106.730922,-6.313955],[106.730901,-6.313795],[106.731236,-6.313678],[106.731298,-6.31355],[106.731711,-6.313464],[106.732057,-6.313942],[106.732044,-6.314069],[106.732162,-6.314222],[106.732476,-6.314432],[106.733058,-6.313491],[106.733256,-6.31367],[106.733323,-6.314379],[106.733476,-6.314374],[106.733535,-6.31415],[106.733672,-6.314195],[106.733556,-6.314424],[106.733623,-6.314451],[106.733554,-6.31492],[106.734224,-6.314979],[106.734358,-6.315317],[106.734377,-6.315682],[106.734608,-6.315748],[106.734629,-6.315805],[106.734753,-6.31657],[106.73521,-6.317053],[106.735253,-6.31732],[106.735989,-6.31787],[106.736151,-6.317886],[106.736367,-6.317721],[106.736212,-6.31854],[106.73574,-6.318559],[106.735863,-6.319063],[106.735783,-6.319593],[106.735855,-6.319607],[106.735788,-6.320052],[106.73574,-6.320037],[106.735694,-6.320492],[106.735592,-6.320483],[106.735586,-6.32056],[106.735516,-6.320563],[106.735516,-6.320678],[106.736032,-6.320806],[106.735841,-6.321492],[106.735878,-6.321878],[106.735987,-6.322076],[106.736353,-6.322215],[106.736437,-6.322137],[106.736507,-6.322216],[106.736445,-6.322397],[106.736711,-6.322653],[106.736426,-6.322719],[106.736373,-6.322816],[106.736146,-6.322906],[106.73602,-6.322847],[106.735626,-6.3229],[106.735603,-6.323159],[106.735293,-6.323072],[106.735327,-6.322414],[106.734944,-6.322325],[106.734876,-6.322571],[106.734586,-6.322499],[106.734648,-6.322257],[106.734396,-6.322214],[106.734404,-6.322009],[106.734122,-6.321969],[106.734138,-6.321742],[106.733712,-6.321723],[106.733712,-6.321339],[106.733495,-6.321305],[106.733484,-6.321033],[106.733977,-6.321001],[106.733967,-6.320737],[106.733768,-6.320766],[106.733766,-6.320372],[106.733945,-6.320374],[106.733921,-6.320209],[106.733766,-6.320209],[106.733766,-6.320015],[106.733845,-6.319999],[106.733873,-6.319853],[106.733528,-6.319787],[106.733593,-6.319325],[106.733948,-6.319367],[106.734014,-6.319056],[106.73409,-6.319057],[106.734126,-6.318775],[106.734224,-6.318788],[106.734308,-6.31845],[106.734254,-6.318223],[106.734061,-6.318153],[106.734088,-6.317975],[106.733581,-6.317841],[106.733089,-6.317611],[106.733013,-6.31779],[106.732881,-6.317764],[106.73293,-6.317559],[106.732471,-6.317485],[106.732466,-6.317694],[106.732275,-6.31766],[106.732179,-6.317776],[106.732019,-6.317753],[106.731953,-6.31798]]]},"properties":{"layer_id":"legalitas","jenis":"legal","nama":"Paradise Resort City","sumber":"OSM (status: contoh)","atribut":{"status":"SHM","peruntukan":"Permukiman"}}},{"type":"Feature","geometry":{"type":"Polygon","coordinates":[[[106.71998,-6.328265],[106.719842,-6.328263],[106.719856,-6.327967],[106.71952,-6.327956],[106.719495,-6.328393],[106.719595,-6.328563],[106.719982,-6.32858],[106.71998,-6.328265]]]},"properties":{"layer_id":"legalitas","jenis":"legal","nama":"Cluster Graha Indah","sumber":"OSM (status: contoh)","atribut":{"status":"Girik","peruntukan":"Permukiman"}}},{"type":"Feature","geometry":{"type":"Polygon","coordinates":[[[106.712298,-6.336236],[106.711887,-6.336235],[106.711809,-6.335915],[106.711518,-6.335517],[106.711351,-6.335014],[106.711358,-6.334896],[106.7115,-6.334841],[106.711541,-6.334321],[106.711432,-6.334185],[106.711395,-6.333576],[106.71127,-6.333426],[106.711195,-6.332967],[106.711206,-6.332484],[106.711285,-6.332276],[106.711701,-6.332409],[106.711696,-6.332976],[106.711742,-6.33369],[106.712235,-6.334145],[106.712285,-6.334119],[106.712388,-6.334238],[106.712416,-6.334402],[106.712906,-6.334945],[106.712915,-6.33511],[106.712397,-6.335261],[106.712095,-6.33476],[106.711917,-6.334752],[106.711833,-6.334811],[106.711852,-6.335212],[106.712024,-6.335528],[106.712016,-6.336026],[106.712284,-6.336036],[106.712298,-6.336236]]]},"properties":{"layer_id":"legalitas","jenis":"legal","nama":"Asanna Village","sumber":"OSM (status: contoh)","atribut":{"status":"HGB","peruntukan":"Permukiman"}}},{"type":"Feature","geometry":{"type":"Polygon","coordinates":[[[106.712762,-6.300307],[106.712708,-6.300586],[106.713355,-6.300786],[106.713585,-6.300047],[106.713378,-6.299969],[106.713477,-6.29957],[106.713336,-6.299543],[106.713292,-6.299716],[106.713204,-6.2997],[106.713005,-6.30035],[106.712762,-6.300307]]]},"properties":{"layer_id":"legalitas","jenis":"legal","nama":"Ardina Residence","sumber":"OSM (status: contoh)","atribut":{"status":"HGB","peruntukan":"Permukiman"}}},{"type":"Feature","geometry":{"type":"Polygon","coordinates":[[[106.750221,-6.302846],[106.750497,-6.302603],[106.750312,-6.302051],[106.750028,-6.302123],[106.749797,-6.301521],[106.74947,-6.301001],[106.749398,-6.301044],[106.749328,-6.300926],[106.749269,-6.300625],[106.748917,-6.300436],[106.74859,-6.30046],[106.748228,-6.299897],[106.748016,-6.299743],[106.747815,-6.299348],[106.748657,-6.298788],[106.748566,-6.298623],[106.747665,-6.299212],[106.74733,-6.298935],[106.747203,-6.299191],[106.746646,-6.299788],[106.746705,-6.299881],[106.746584,-6.300012],[106.746694,-6.300201],[106.74653,-6.300542],[106.747238,-6.301419],[106.747386,-6.301297],[106.747764,-6.301651],[106.747635,-6.301841],[106.747901,-6.302342],[106.748727,-6.302811],[106.749005,-6.303047],[106.748968,-6.303456],[106.749757,-6.303147],[106.749937,-6.303189],[106.750221,-6.302846]]]},"properties":{"layer_id":"legalitas","jenis":"legal","nama":"Graha Hijau 2","sumber":"OSM (status: contoh)","atribut":{"status":"SHGB dalam proses","peruntukan":"Permukiman"}}},{"type":"Feature","geometry":{"type":"Polygon","coordinates":[[[106.71579,-6.317851],[106.715899,-6.31841],[106.716662,-6.318267],[106.716617,-6.317894],[106.716252,-6.317934],[106.716231,-6.317777],[106.71579,-6.317851]]]},"properties":{"layer_id":"legalitas","jenis":"legal","nama":"Tria Adara Residence 16","sumber":"OSM (status: contoh)","atribut":{"status":"Girik","peruntukan":"Permukiman"}}},{"type":"Feature","geometry":{"type":"Polygon","coordinates":[[[106.716701,-6.319369],[106.716621,-6.318972],[106.716748,-6.318944],[106.71668,-6.318742],[106.716558,-6.31875],[106.716485,-6.3183],[106.715899,-6.31841],[106.715677,-6.317173],[106.715819,-6.317162],[106.715771,-6.316751],[106.715631,-6.31677],[106.715586,-6.31657],[106.715237,-6.316682],[106.715556,-6.318514],[106.714963,-6.318692],[106.714819,-6.318202],[106.714572,-6.318252],[106.714202,-6.318492],[106.714247,-6.318711],[106.714084,-6.318743],[106.714159,-6.319151],[106.714338,-6.319143],[106.714368,-6.31942],[106.714293,-6.319425],[106.714309,-6.319583],[106.714373,-6.319588],[106.714411,-6.319935],[106.714253,-6.319988],[106.714309,-6.320156],[106.713898,-6.320436],[106.714086,-6.320492],[106.714094,-6.320638],[106.714279,-6.320873],[106.714325,-6.321038],[106.714102,-6.321233],[106.714314,-6.321627],[106.713939,-6.321942],[106.713405,-6.321782],[106.713335,-6.32163],[106.712807,-6.321491],[106.712826,-6.321446],[106.712458,-6.321411],[106.712463,-6.321787],[106.712047,-6.321808],[106.711391,-6.324253],[106.711726,-6.324309],[106.711758,-6.324184],[106.712254,-6.324312],[106.712287,-6.324195],[106.713118,-6.324411],[106.7133,-6.32376],[106.713609,-6.32384],[106.713665,-6.323635],[106.71389,-6.323696],[106.713974,-6.323533],[106.714569,-6.323741],[106.714534,-6.323869],[106.714789,-6.323947],[106.714878,-6.323582],[106.715116,-6.323645],[106.715172,-6.32355],[106.715548,-6.323596],[106.715697,-6.323379],[106.715865,-6.32337],[106.715871,-6.323311],[106.716129,-6.323362],[106.716087,-6.323189],[106.715773,-6.322811],[106.715921,-6.322643],[106.715462,-6.322201],[106.715596,-6.322099],[106.715521,-6.322011],[106.715918,-6.321737],[106.716324,-6.322114],[106.716602,-6.322273],[106.716911,-6.322033],[106.716975,-6.322078],[106.717211,-6.32183],[106.717283,-6.321875],[106.717361,-6.321811],[106.717297,-6.321465],[106.716892,-6.321579],[106.716841,-6.321078],[106.716742,-6.320889],[106.716624,-6.320945],[106.716388,-6.320708],[106.715864,-6.321102],[106.715728,-6.321134],[106.715473,-6.32086],[106.71535,-6.320921],[106.715261,-6.320764],[106.715999,-6.320505],[106.715942,-6.320345],[106.716151,-6.320305],[106.716232,-6.320529],[106.717027,-6.320299],[106.716776,-6.319585],[106.71672,-6.319596],[106.716701,-6.319369]]]},"properties":{"layer_id":"legalitas","jenis":"legal","nama":"Bukit Indah","sumber":"OSM (status: contoh)","atribut":{"status":"SHGB dalam proses","peruntukan":"Permukiman"}}},{"type":"Feature","geometry":{"type":"Polygon","coordinates":[[[106.711664,-6.318727],[106.711911,-6.318986],[106.712692,-6.319415],[106.71259,-6.319969],[106.713694,-6.319891],[106.71392,-6.319823],[106.71389,-6.319625],[106.714309,-6.319583],[106.714293,-6.319425],[106.714368,-6.31942],[106.714338,-6.319143],[106.714159,-6.319151],[106.714084,-6.318743],[106.714247,-6.318711],[106.714202,-6.318492],[106.713526,-6.318615],[106.7134,-6.318255],[106.713515,-6.317807],[106.713462,-6.317192],[106.713389,-6.317242],[106.713418,-6.317487],[106.713062,-6.317607],[106.713155,-6.317911],[106.712973,-6.318564],[106.712981,-6.318866],[106.712708,-6.318892],[106.712673,-6.318716],[106.712426,-6.318684],[106.712395,-6.318928],[106.712109,-6.318874],[106.712134,-6.318708],[106.711946,-6.318675],[106.711911,-6.318746],[106.711664,-6.318727]]]},"properties":{"layer_id":"legalitas","jenis":"legal","nama":"Urban Town Serpong","sumber":"OSM (status: contoh)","atribut":{"status":"Girik","peruntukan":"Permukiman"}}},{"type":"Feature","geometry":{"type":"Polygon","coordinates":[[[106.699804,-6.32372],[106.70108,-6.323867],[106.701142,-6.323446],[106.701611,-6.323515],[106.701831,-6.32339],[106.701987,-6.322776],[106.702394,-6.322523],[106.70263,-6.322003],[106.703089,-6.321798],[106.703602,-6.321081],[106.703419,-6.320897],[106.703038,-6.320966],[106.702614,-6.320798],[106.702386,-6.320833],[106.701839,-6.320689],[106.701606,-6.320966],[106.701579,-6.321219],[106.701373,-6.321177],[106.701217,-6.321542],[106.701311,-6.321627],[106.701268,-6.321782],[106.70111,-6.321779],[106.70108,-6.322059],[106.701348,-6.322163],[106.701429,-6.322059],[106.701681,-6.322097],[106.701598,-6.322358],[106.701324,-6.322307],[106.701284,-6.322371],[106.700785,-6.322278],[106.700665,-6.322984],[106.699798,-6.322819],[106.699734,-6.323347],[106.699412,-6.323315],[106.699348,-6.323499],[106.699817,-6.323565],[106.699804,-6.32372]]]},"properties":{"layer_id":"legalitas","jenis":"legal","nama":"Cendana Residence 2","sumber":"OSM (status: contoh)","atribut":{"status":"Girik","peruntukan":"Permukiman"}}},{"type":"Feature","geometry":{"type":"Polygon","coordinates":[[[106.763822,-6.320589],[106.764445,-6.320636],[106.764471,-6.31978],[106.763814,-6.319761],[106.763731,-6.318975],[106.763489,-6.318738],[106.763064,-6.318494],[106.762967,-6.318546],[106.763171,-6.31886],[106.763045,-6.319151],[106.762851,-6.319209],[106.762733,-6.319716],[106.762512,-6.319762],[106.762559,-6.319969],[106.762189,-6.320038],[106.762208,-6.320318],[106.762418,-6.32029],[106.763095,-6.320396],[106.763283,-6.321107],[106.763707,-6.321115],[106.76368,-6.320796],[106.763822,-6.320589]]]},"properties":{"layer_id":"legalitas","jenis":"legal","nama":"Synthesis Homes","sumber":"OSM (status: contoh)","atribut":{"status":"HGB","peruntukan":"Permukiman"}}},{"type":"Feature","geometry":{"type":"Polygon","coordinates":[[[106.70058,-6.366681],[106.700466,-6.366233],[106.700989,-6.366086],[106.700778,-6.365453],[106.69999,-6.365718],[106.700148,-6.366561],[106.700304,-6.366707],[106.70058,-6.366681]]]},"properties":{"layer_id":"legalitas","jenis":"legal","nama":"Salz Residence","sumber":"OSM (status: contoh)","atribut":{"status":"SHM","peruntukan":"Permukiman"}}},{"type":"Feature","geometry":{"type":"Polygon","coordinates":[[[106.72695,-6.299679],[106.726527,-6.299576],[106.726693,-6.298924],[106.727159,-6.299041],[106.727307,-6.298599],[106.727318,-6.298311],[106.726905,-6.298146],[106.72696,-6.29766],[106.727293,-6.297647],[106.727291,-6.297354],[106.727564,-6.297311],[106.727693,-6.297333],[106.727709,-6.297666],[106.72809,-6.297692],[106.728101,-6.298167],[106.728342,-6.298183],[106.728331,-6.298476],[106.728074,-6.298455],[106.728071,-6.298199],[106.727913,-6.298204],[106.7279,-6.298993],[106.727822,-6.299356],[106.727218,-6.299316],[106.727069,-6.299715],[106.72695,-6.299679]]]},"properties":{"layer_id":"legalitas","jenis":"legal","nama":"U-House","sumber":"OSM (status: contoh)","atribut":{"status":"Girik","peruntukan":"Permukiman"}}},{"type":"Feature","geometry":{"type":"Polygon","coordinates":[[[106.732099,-6.295276],[106.732518,-6.295264],[106.732703,-6.29441],[106.732347,-6.294468],[106.732099,-6.295276]]]},"properties":{"layer_id":"legalitas","jenis":"legal","nama":"Swarga Asterloka","sumber":"OSM (status: contoh)","atribut":{"status":"SHM","peruntukan":"Permukiman"}}},{"type":"Feature","geometry":{"type":"Polygon","coordinates":[[[106.732284,-6.296269],[106.732304,-6.296729],[106.732647,-6.296698],[106.732669,-6.296413],[106.733454,-6.296351],[106.733507,-6.296858],[106.733979,-6.296885],[106.734266,-6.295874],[106.732876,-6.295867],[106.732879,-6.295972],[106.732725,-6.295973],[106.732685,-6.295674],[106.732355,-6.295701],[106.732333,-6.29546],[106.732484,-6.295441],[106.732473,-6.295265],[106.732099,-6.295276],[106.732284,-6.296269]]]},"properties":{"layer_id":"legalitas","jenis":"legal","nama":"Harvest Bintaro","sumber":"OSM (status: contoh)","atribut":{"status":"SHM","peruntukan":"Permukiman"}}},{"type":"Feature","geometry":{"type":"Polygon","coordinates":[[[106.731277,-6.293199],[106.730736,-6.293281],[106.730737,-6.293342],[106.730351,-6.29336],[106.730366,-6.293992],[106.730815,-6.294019],[106.731082,-6.294084],[106.731094,-6.294159],[106.731268,-6.294132],[106.731337,-6.294271],[106.731344,-6.294384],[106.731113,-6.29493],[106.731142,-6.295349],[106.73153,-6.295328],[106.731651,-6.29561],[106.731323,-6.295622],[106.731322,-6.29571],[106.731446,-6.295704],[106.731435,-6.295943],[106.731557,-6.295989],[106.731405,-6.296661],[106.731572,-6.296666],[106.731735,-6.29581],[106.731842,-6.295824],[106.731859,-6.296133],[106.732269,-6.296115],[106.732099,-6.295276],[106.732347,-6.294468],[106.732237,-6.294245],[106.732235,-6.294097],[106.732155,-6.294116],[106.732101,-6.294003],[106.732184,-6.293967],[106.732038,-6.293739],[106.731446,-6.293559],[106.73138,-6.292295],[106.731262,-6.292019],[106.731172,-6.291983],[106.73116,-6.291417],[106.730909,-6.291409],[106.730861,-6.291955],[106.731091,-6.29199],[106.731239,-6.292536],[106.731277,-6.293199]]]},"properties":{"layer_id":"legalitas","jenis":"legal","nama":"Anwa Residence","sumber":"OSM (status: contoh)","atribut":{"status":"HGB","peruntukan":"Permukiman"}}},{"type":"Feature","geometry":{"type":"Polygon","coordinates":[[[106.727984,-6.304449],[106.727497,-6.303598],[106.727305,-6.302818],[106.727665,-6.302682],[106.727949,-6.302346],[106.728354,-6.30201],[106.728547,-6.301973],[106.728566,-6.302085],[106.728268,-6.302183],[106.728328,-6.302349],[106.729116,-6.302215],[106.729105,-6.302002],[106.729159,-6.302003],[106.729341,-6.303215],[106.729569,-6.303538],[106.729703,-6.303551],[106.729677,-6.303756],[106.730521,-6.305681],[106.730623,-6.305633],[106.730696,-6.305873],[106.73094,-6.306159],[106.731129,-6.306568],[106.73153,-6.306377],[106.731342,-6.305932],[106.73146,-6.305894],[106.731769,-6.306526],[106.731989,-6.30642],[106.732211,-6.306851],[106.731905,-6.307041],[106.732053,-6.30759],[106.731967,-6.308011],[106.731994,-6.308227],[106.732134,-6.308596],[106.731945,-6.308597],[106.731938,-6.308969],[106.732084,-6.308961],[106.73218,-6.308857],[106.732188,-6.309027],[106.732008,-6.309044],[106.73196,-6.309605],[106.731394,-6.309549],[106.731371,-6.308993],[106.731263,-6.308762],[106.731168,-6.308709],[106.731127,-6.308765],[106.730967,-6.308709],[106.730952,-6.308773],[106.73083,-6.308759],[106.730825,-6.308853],[106.730503,-6.30885],[106.730494,-6.308965],[106.730177,-6.308963],[106.730185,-6.308752],[106.730512,-6.308777],[106.730558,-6.308493],[106.730685,-6.308482],[106.730623,-6.307608],[106.730125,-6.307696],[106.729194,-6.307713],[106.729221,-6.308335],[106.729435,-6.309256],[106.729754,-6.309216],[106.729778,-6.309448],[106.730087,-6.309483],[106.730047,-6.309939],[106.729658,-6.309893],[106.729564,-6.310498],[106.729017,-6.310488],[106.728977,-6.310757],[106.72825,-6.310728],[106.728268,-6.31085],[106.727896,-6.31088],[106.727908,-6.31119],[106.727409,-6.311168],[106.727396,-6.311344],[106.727318,-6.311348],[106.727322,-6.311443],[106.727233,-6.311453],[106.72712,-6.311322],[106.727208,-6.310755],[106.727441,-6.310695],[106.727491,-6.310191],[106.72769,-6.310216],[106.727747,-6.309918],[106.727618,-6.30987],[106.727736,-6.308101],[106.728296,-6.308092],[106.728283,-6.307597],[106.728358,-6.307586],[106.728354,-6.307217],[106.728326,-6.30708],[106.728109,-6.306832],[106.728057,-6.306562],[106.72665,-6.306591],[106.726368,-6.306562],[106.726373,-6.306417],[106.726635,-6.306442],[106.726679,-6.306299],[106.72723,-6.306339],[106.727249,-6.306084],[106.727429,-6.306086],[106.727448,-6.305893],[106.727585,-6.305888],[106.7276,-6.306164],[106.727823,-6.306205],[106.727853,-6.305814],[106.728011,-6.305214],[106.72828,-6.305193],[106.72822,-6.304421],[106.727984,-6.304449]]]},"properties":{"layer_id":"legalitas","jenis":"legal","nama":"Citra Garden Bintaro","sumber":"OSM (status: contoh)","atribut":{"status":"HGB","peruntukan":"Permukiman"}}},{"type":"Feature","geometry":{"type":"Polygon","coordinates":[[[106.746121,-6.419499],[106.746198,-6.419323],[106.746635,-6.419373],[106.746766,-6.418345],[106.74734,-6.418529],[106.748081,-6.41863],[106.747764,-6.419531],[106.748113,-6.419654],[106.748333,-6.419662],[106.748376,-6.419521],[106.749101,-6.419695],[106.749105,-6.419862],[106.748402,-6.419699],[106.748341,-6.420152],[106.747839,-6.42004],[106.747791,-6.420195],[106.747437,-6.420211],[106.74723,-6.420059],[106.746983,-6.42043],[106.746898,-6.42036],[106.746672,-6.420541],[106.746208,-6.420472],[106.746265,-6.420096],[106.745829,-6.419892],[106.746013,-6.419813],[106.746121,-6.419499]]]},"properties":{"layer_id":"legalitas","jenis":"legal","nama":"Mulqi Mansion Premiere","sumber":"OSM (status: contoh)","atribut":{"status":"SHM","peruntukan":"Permukiman"}}},{"type":"Feature","geometry":{"type":"Polygon","coordinates":[[[106.785122,-6.373359],[106.785218,-6.373866],[106.784872,-6.373943],[106.785001,-6.374295],[106.785449,-6.37414],[106.785782,-6.37438],[106.785792,-6.374532],[106.785704,-6.374569],[106.78579,-6.374788],[106.785449,-6.374999],[106.78558,-6.375292],[106.785481,-6.37535],[106.78579,-6.375857],[106.785674,-6.375921],[106.78491,-6.374903],[106.784712,-6.374039],[106.784366,-6.373226],[106.783969,-6.373343],[106.783783,-6.372856],[106.783617,-6.372898],[106.783507,-6.372242],[106.783255,-6.372096],[106.783319,-6.3718],[106.783826,-6.371509],[106.784199,-6.371477],[106.784293,-6.371585],[106.784529,-6.37167],[106.784799,-6.371658],[106.786112,-6.371275],[106.786128,-6.371344],[106.787061,-6.371232],[106.787249,-6.371909],[106.787257,-6.372138],[106.784915,-6.372616],[106.785122,-6.373359]]]},"properties":{"layer_id":"legalitas","jenis":"legal","nama":"YVE Habitat Limo","sumber":"OSM (status: contoh)","atribut":{"status":"Girik","peruntukan":"Permukiman"}}},{"type":"Feature","geometry":{"type":"Polygon","coordinates":[[[106.750972,-6.411523],[106.750977,-6.412127],[106.751142,-6.412165],[106.751444,-6.412121],[106.751452,-6.412329],[106.751723,-6.412337],[106.751677,-6.412081],[106.751828,-6.41202],[106.75193,-6.412361],[106.752211,-6.412311],[106.752187,-6.412193],[106.752316,-6.412169],[106.752238,-6.411868],[106.752316,-6.411831],[106.752123,-6.41142],[106.751962,-6.411306],[106.751691,-6.410874],[106.751471,-6.410826],[106.751294,-6.411434],[106.751211,-6.41153],[106.750972,-6.411523]]]},"properties":{"layer_id":"legalitas","jenis":"legal","nama":"Grand Thoibah Residence","sumber":"OSM (status: contoh)","atribut":{"status":"SHM","peruntukan":"Permukiman"}}},{"type":"Feature","geometry":{"type":"Polygon","coordinates":[[[106.70829,-6.344343],[106.708338,-6.344722],[106.708966,-6.344615],[106.708872,-6.343994],[106.70826,-6.344085],[106.708188,-6.344343],[106.70829,-6.344343]]]},"properties":{"layer_id":"legalitas","jenis":"legal","nama":"Buaran Elok Residence","sumber":"OSM (status: contoh)","atribut":{"status":"HGB","peruntukan":"Permukiman"}}},{"type":"Feature","geometry":{"type":"Polygon","coordinates":[[[106.703147,-6.339149],[106.703396,-6.33879],[106.703603,-6.33887],[106.703647,-6.339133],[106.703925,-6.339114],[106.703916,-6.338841],[106.70458,-6.338924],[106.704581,-6.338434],[106.705434,-6.338293],[106.705438,-6.338199],[106.705846,-6.338186],[106.706932,-6.338459],[106.707173,-6.338424],[106.707281,-6.338343],[106.70729,-6.338552],[106.707164,-6.338664],[106.707152,-6.338755],[106.706958,-6.338782],[106.706663,-6.338987],[106.70666,-6.339179],[106.705889,-6.339284],[106.705886,-6.339913],[106.706406,-6.339913],[106.706502,-6.340051],[106.706367,-6.340731],[106.705702,-6.340662],[106.705032,-6.34068],[106.704916,-6.340465],[106.705241,-6.339991],[106.705238,-6.339802],[106.704942,-6.339335],[106.704603,-6.339241],[106.704407,-6.339659],[106.704193,-6.339525],[106.703909,-6.339535],[106.703675,-6.339657],[106.703532,-6.339888],[106.703339,-6.339908],[106.703215,-6.339806],[106.703134,-6.339582],[106.703147,-6.339149]]]},"properties":{"layer_id":"legalitas","jenis":"legal","nama":"Casa Arjuna","sumber":"OSM (status: contoh)","atribut":{"status":"SHM","peruntukan":"Permukiman"}}},{"type":"Feature","geometry":{"type":"Polygon","coordinates":[[[106.705082,-6.342104],[106.705075,-6.342007],[106.70497,-6.342004],[106.70492,-6.341799],[106.705121,-6.341695],[106.705111,-6.341493],[106.704925,-6.341456],[106.704449,-6.341521],[106.704417,-6.341413],[106.703987,-6.341462],[106.704026,-6.341858],[106.704138,-6.341958],[106.704197,-6.342471],[106.704049,-6.342517],[106.704085,-6.342897],[106.704273,-6.342877],[106.704335,-6.343316],[106.704429,-6.34331],[106.704457,-6.343613],[106.704757,-6.343528],[106.704535,-6.342709],[106.704986,-6.342669],[106.705128,-6.342501],[106.705082,-6.342104]]]},"properties":{"layer_id":"legalitas","jenis":"legal","nama":"Pesona Remboelan","sumber":"OSM (status: contoh)","atribut":{"status":"SHM","peruntukan":"Permukiman"}}},{"type":"Feature","geometry":{"type":"Polygon","coordinates":[[[106.74343,-6.381292],[106.743522,-6.381323],[106.743461,-6.381616],[106.743628,-6.381625],[106.743628,-6.381724],[106.743906,-6.381697],[106.743902,-6.381859],[106.74399,-6.381855],[106.743993,-6.381719],[106.744724,-6.381737],[106.744733,-6.381531],[106.744953,-6.381507],[106.745221,-6.381543],[106.745436,-6.381941],[106.7455,-6.381941],[106.745563,-6.381791],[106.746498,-6.381802],[106.746474,-6.382254],[106.746303,-6.382249],[106.746021,-6.382446],[106.745495,-6.382604],[106.745576,-6.382967],[106.744725,-6.382899],[106.744604,-6.382734],[106.744342,-6.382644],[106.743765,-6.38263],[106.743682,-6.382662],[106.743628,-6.382835],[106.743491,-6.382831],[106.743403,-6.382716],[106.74337,-6.382055],[106.74321,-6.38204],[106.74343,-6.381292]]]},"properties":{"layer_id":"legalitas","jenis":"legal","nama":"Sutera Sawangan","sumber":"OSM (status: contoh)","atribut":{"status":"SHGB dalam proses","peruntukan":"Permukiman"}}},{"type":"Feature","geometry":{"type":"Polygon","coordinates":[[[106.747107,-6.411887],[106.747418,-6.412063],[106.747332,-6.412417],[106.747582,-6.412481],[106.747536,-6.412713],[106.747603,-6.412719],[106.747501,-6.413316],[106.747748,-6.413369],[106.747737,-6.413489],[106.748083,-6.41351],[106.748048,-6.413363],[106.748349,-6.413299],[106.748577,-6.413638],[106.748786,-6.413534],[106.748421,-6.41275],[106.748242,-6.412817],[106.748107,-6.412535],[106.748223,-6.41242],[106.748376,-6.411975],[106.748882,-6.412089],[106.748985,-6.411578],[106.74877,-6.411516],[106.748915,-6.410986],[106.749156,-6.410973],[106.74921,-6.410829],[106.749615,-6.410821],[106.749588,-6.4098],[106.75013,-6.409664],[106.750672,-6.409749],[106.750736,-6.409856],[106.750739,-6.41037],[106.750795,-6.410514],[106.750859,-6.410567],[106.751122,-6.410549],[106.751267,-6.410727],[106.751398,-6.410757],[106.751688,-6.410253],[106.752061,-6.410154],[106.751661,-6.409573],[106.75164,-6.409349],[106.751036,-6.408187],[106.750897,-6.408259],[106.750782,-6.408243],[106.750401,-6.407838],[106.750191,-6.407707],[106.750017,-6.407726],[106.749819,-6.407542],[106.749508,-6.407046],[106.749247,-6.406921],[106.749524,-6.406599],[106.749663,-6.406273],[106.748499,-6.405903],[106.747818,-6.405783],[106.747536,-6.406886],[106.747622,-6.406921],[106.747566,-6.407137],[106.748,-6.407273],[106.747989,-6.407771],[106.748124,-6.408659],[106.747721,-6.408707],[106.747925,-6.409789],[106.747753,-6.409827],[106.747694,-6.410138],[106.747788,-6.410394],[106.747713,-6.41073],[106.747185,-6.410637],[106.747002,-6.411127],[106.746235,-6.410933],[106.746061,-6.410781],[106.746147,-6.410512],[106.745801,-6.410378],[106.745685,-6.410751],[106.745334,-6.41085],[106.745127,-6.411037],[106.744905,-6.411026],[106.744827,-6.411924],[106.74506,-6.412073],[106.745221,-6.412028],[106.745554,-6.412116],[106.745806,-6.412073],[106.745819,-6.411847],[106.746047,-6.411804],[106.746517,-6.411908],[106.745999,-6.412351],[106.746222,-6.412495],[106.746265,-6.412694],[106.746831,-6.41287],[106.74689,-6.412708],[106.747069,-6.412532],[106.746965,-6.412393],[106.746833,-6.412364],[106.747107,-6.411887]]]},"properties":{"layer_id":"legalitas","jenis":"legal","nama":"Vila Rizki Ilhami 2","sumber":"OSM (status: contoh)","atribut":{"status":"SHGB dalam proses","peruntukan":"Permukiman"}}},{"type":"Feature","geometry":{"type":"Polygon","coordinates":[[[106.748955,-6.414246],[106.748831,-6.414515],[106.748644,-6.414715],[106.748974,-6.414877],[106.748968,-6.415232],[106.748614,-6.415629],[106.748537,-6.415824],[106.74811,-6.415673],[106.748031,-6.41584],[106.747583,-6.415684],[106.747672,-6.415511],[106.74743,-6.415387],[106.747802,-6.414672],[106.748523,-6.413966],[106.748263,-6.413579],[106.748212,-6.413329],[106.748349,-6.413299],[106.748577,-6.413638],[106.748786,-6.413534],[106.748421,-6.41275],[106.748242,-6.412817],[106.748107,-6.412535],[106.748223,-6.41242],[106.748376,-6.411975],[106.748807,-6.412097],[106.748794,-6.412846],[106.748931,-6.413321],[106.749094,-6.413244],[106.74984,-6.414033],[106.750028,-6.414776],[106.750202,-6.414768],[106.750276,-6.415121],[106.749634,-6.415251],[106.749537,-6.414939],[106.749261,-6.414488],[106.749,-6.414198],[106.748955,-6.414246]]]},"properties":{"layer_id":"legalitas","jenis":"legal","nama":"Taman Melati Premiere","sumber":"OSM (status: contoh)","atribut":{"status":"HGB","peruntukan":"Permukiman"}}},{"type":"Feature","geometry":{"type":"Polygon","coordinates":[[[106.749678,-6.419715],[106.749111,-6.419642],[106.749101,-6.419695],[106.748816,-6.419614],[106.748991,-6.419002],[106.749175,-6.419065],[106.749266,-6.418665],[106.749403,-6.418476],[106.749854,-6.418327],[106.749977,-6.418409],[106.74987,-6.418598],[106.749929,-6.418657],[106.750122,-6.418516],[106.750803,-6.418518],[106.750465,-6.418689],[106.750025,-6.419577],[106.749845,-6.419505],[106.749678,-6.419715]]]},"properties":{"layer_id":"legalitas","jenis":"legal","nama":"Gardenia Residence","sumber":"OSM (status: contoh)","atribut":{"status":"SHM","peruntukan":"Permukiman"}}},{"type":"Feature","geometry":{"type":"Polygon","coordinates":[[[106.729201,-6.369376],[106.729565,-6.369423],[106.729684,-6.369254],[106.72975,-6.369057],[106.729578,-6.368828],[106.729616,-6.368729],[106.730261,-6.368805],[106.730421,-6.36797],[106.730595,-6.367976],[106.730579,-6.368292],[106.730664,-6.36831],[106.730668,-6.368519],[106.730737,-6.368518],[106.73073,-6.368868],[106.730873,-6.368916],[106.730701,-6.369656],[106.730771,-6.369671],[106.730705,-6.369857],[106.730375,-6.369742],[106.730176,-6.36983],[106.729811,-6.370358],[106.728938,-6.370295],[106.729022,-6.369701],[106.728784,-6.369671],[106.728752,-6.369786],[106.728418,-6.369738],[106.728503,-6.369289],[106.728654,-6.369321],[106.728892,-6.368964],[106.729201,-6.369376]]]},"properties":{"layer_id":"legalitas","jenis":"legal","nama":"Tamaruma Sawangan","sumber":"OSM (status: contoh)","atribut":{"status":"SHM","peruntukan":"Permukiman"}}},{"type":"Feature","geometry":{"type":"Polygon","coordinates":[[[106.732227,-6.38041],[106.732553,-6.380407],[106.733025,-6.380636],[106.733841,-6.380066],[106.734189,-6.380061],[106.734152,-6.380558],[106.734271,-6.381193],[106.734959,-6.381791],[106.73585,-6.381799],[106.736067,-6.381095],[106.736239,-6.380927],[106.736298,-6.3807],[106.737349,-6.380599],[106.737314,-6.380458],[106.737558,-6.380428],[106.739398,-6.380474],[106.740112,-6.380375],[106.741303,-6.38035],[106.741507,-6.380144],[106.741619,-6.379794],[106.741903,-6.379256],[106.742182,-6.379288],[106.742392,-6.378813],[106.743674,-6.378659],[106.74435,-6.378845],[106.745954,-6.37876],[106.746082,-6.379245],[106.745932,-6.379293],[106.74421,-6.379293],[106.744205,-6.37909],[106.743808,-6.378936],[106.74274,-6.379016],[106.742547,-6.379106],[106.741571,-6.380588],[106.741072,-6.380924],[106.740847,-6.38117],[106.74042,-6.381958],[106.73994,-6.381737],[106.739953,-6.38158],[106.739476,-6.381513],[106.739441,-6.381335],[106.738963,-6.381338],[106.738954,-6.381041],[106.737344,-6.381026],[106.73736,-6.383142],[106.737252,-6.385013],[106.73835,-6.385036],[106.738347,-6.385127],[106.73861,-6.385135],[106.738597,-6.386001],[106.739178,-6.386006],[106.739229,-6.385787],[106.740222,-6.385931],[106.740158,-6.386304],[106.74024,-6.386335],[106.740281,-6.386525],[106.740215,-6.386531],[106.740152,-6.386857],[106.740483,-6.3869],[106.740423,-6.387636],[106.740581,-6.387658],[106.740575,-6.387844],[106.740464,-6.387844],[106.740483,-6.388163],[106.74014,-6.388631],[106.740083,-6.389037],[106.739853,-6.389181],[106.739734,-6.389375],[106.739474,-6.389366],[106.739411,-6.389752],[106.739037,-6.389728],[106.739021,-6.389476],[106.738882,-6.389456],[106.738885,-6.389309],[106.738789,-6.389298],[106.738739,-6.389061],[106.738834,-6.388498],[106.739067,-6.388416],[106.739068,-6.388083],[106.738164,-6.388088],[106.738074,-6.387927],[106.738167,-6.387781],[106.738614,-6.387798],[106.738935,-6.386663],[106.738996,-6.386674],[106.739027,-6.38638],[106.738779,-6.386367],[106.738457,-6.386135],[106.738095,-6.38615],[106.738071,-6.386593],[106.737883,-6.386582],[106.737889,-6.386364],[106.737516,-6.386337],[106.737524,-6.385815],[106.737315,-6.385801],[106.737352,-6.385259],[106.736951,-6.385248],[106.736951,-6.385653],[106.736752,-6.385658],[106.736741,-6.386095],[106.737133,-6.386095],[106.737122,-6.386378],[106.736452,-6.386373],[106.736441,-6.386847],[106.735658,-6.386843],[106.735654,-6.38698],[106.735553,-6.386981],[106.735555,-6.387052],[106.735387,-6.387054],[106.735389,-6.386833],[106.734976,-6.386775],[106.734971,-6.386479],[106.734621,-6.386394],[106.734605,-6.386493],[106.73443,-6.386454],[106.734424,-6.386784],[106.734577,-6.386796],[106.734616,-6.386876],[106.734543,-6.387127],[106.734869,-6.387181],[106.734757,-6.387672],[106.73436,-6.387601],[106.734155,-6.388035],[106.734014,-6.387978],[106.73394,-6.388139],[106.733589,-6.388031],[106.733603,-6.38795],[106.73326,-6.387896],[106.733292,-6.38741],[106.733469,-6.387417],[106.73349,-6.387246],[106.733686,-6.387263],[106.733812,-6.387059],[106.733759,-6.386811],[106.733964,-6.386772],[106.733883,-6.386379],[106.733672,-6.385926],[106.733563,-6.385992],[106.733216,-6.385962],[106.733037,-6.385786],[106.733022,-6.385682],[106.732878,-6.385678],[106.732447,-6.385889],[106.732312,-6.385845],[106.732304,-6.385755],[106.731874,-6.385812],[106.731875,-6.385607],[106.731733,-6.385512],[106.73175,-6.385237],[106.732249,-6.38524],[106.732285,-6.385135],[106.732452,-6.385122],[106.732453,-6.385029],[106.731702,-6.385014],[106.731626,-6.384966],[106.731428,-6.384407],[106.731409,-6.383689],[106.731858,-6.383645],[106.732368,-6.383481],[106.732462,-6.383992],[106.732753,-6.383976],[106.7328,-6.38347],[106.732759,-6.383306],[106.732626,-6.38315],[106.73265,-6.382945],[106.732312,-6.38287],[106.731872,-6.38291],[106.731794,-6.382702],[106.731325,-6.382739],[106.731285,-6.382361],[106.730909,-6.382497],[106.73092,-6.382078],[106.73018,-6.382116],[106.730174,-6.382308],[106.729512,-6.382458],[106.729477,-6.382773],[106.729551,-6.383003],[106.729626,-6.383026],[106.729474,-6.384002],[106.729348,-6.383998],[106.729343,-6.384088],[106.729136,-6.384054],[106.729155,-6.383915],[106.728915,-6.383856],[106.728818,-6.384235],[106.728691,-6.384224],[106.728661,-6.384392],[106.728755,-6.3844],[106.728734,-6.384523],[106.728889,-6.384552],[106.728873,-6.384629],[106.728959,-6.384653],[106.728898,-6.385119],[106.72878,-6.385101],[106.728629,-6.385762],[106.728669,-6.385898],[106.729032,-6.385904],[106.729206,-6.386072],[106.729308,-6.386061],[106.729528,-6.386639],[106.72974,-6.386714],[106.729745,-6.386903],[106.730351,-6.386997],[106.730381,-6.387172],[106.729243,-6.387076],[106.729209,-6.387194],[106.729281,-6.388105],[106.729455,-6.388105],[106.729466,-6.388292],[106.729538,-6.388281],[106.729715,-6.390352],[106.730512,-6.390376],[106.730759,-6.390315],[106.730771,-6.390643],[106.730934,-6.390653],[106.730975,-6.391025],[106.732465,-6.390935],[106.73269,-6.391797],[106.732315,-6.391853],[106.732328,-6.392591],[106.732154,-6.392559],[106.732167,-6.393069],[106.732095,-6.393127],[106.731888,-6.392719],[106.731553,-6.392477],[106.731124,-6.39245],[106.730745,-6.392266],[106.730193,-6.392141],[106.729801,-6.392141],[106.728825,-6.392757],[106.728718,-6.392973],[106.728238,-6.392951],[106.72802,-6.393165],[106.727944,-6.393449],[106.727559,-6.3933],[106.727323,-6.392957],[106.72768,-6.392634],[106.727744,-6.392455],[106.727597,-6.392077],[106.727301,-6.391989],[106.727234,-6.391794],[106.727272,-6.391045],[106.727454,-6.390315],[106.727248,-6.38971],[106.727417,-6.38955],[106.727583,-6.389558],[106.728036,-6.389878],[106.728586,-6.389939],[106.72886,-6.389819],[106.728916,-6.389681],[106.72883,-6.389134],[106.728704,-6.389014],[106.728643,-6.388846],[106.728509,-6.387964],[106.728366,-6.387735],[106.728243,-6.387668],[106.728117,-6.387695],[106.728044,-6.387348],[106.728294,-6.387298],[106.728297,-6.38677],[106.728525,-6.385984],[106.728415,-6.385802],[106.728603,-6.385063],[106.728428,-6.38502],[106.728442,-6.384699],[106.728317,-6.384666],[106.72829,-6.384353],[106.728346,-6.384095],[106.72802,-6.384027],[106.728015,-6.383913],[106.727652,-6.383851],[106.727616,-6.383657],[106.727324,-6.383667],[106.727287,-6.382844],[106.727448,-6.382863],[106.727543,-6.381871],[106.727418,-6.381852],[106.727442,-6.381672],[106.727052,-6.381625],[106.727079,-6.381367],[106.727457,-6.381409],[106.727537,-6.380996],[106.727419,-6.380874],[106.727444,-6.380519],[106.7271,-6.380469],[106.727131,-6.380055],[106.729205,-6.380287],[106.730649,-6.380386],[106.732227,-6.38041]]]},"properties":{"layer_id":"legalitas","jenis":"legal","nama":"Gardens at Candi Sawangan","sumber":"OSM (status: contoh)","atribut":{"status":"SHM","peruntukan":"Permukiman"}}},{"type":"Feature","geometry":{"type":"Polygon","coordinates":[[[106.732682,-6.38838],[106.73288,-6.388694],[106.732669,-6.388908],[106.732717,-6.389025],[106.733135,-6.38923],[106.733393,-6.389212],[106.733492,-6.389068],[106.733921,-6.388822],[106.734155,-6.388035],[106.734014,-6.387978],[106.73394,-6.388139],[106.733589,-6.388031],[106.733603,-6.38795],[106.732867,-6.38782],[106.732899,-6.387615],[106.732382,-6.387548],[106.7324,-6.387889],[106.731904,-6.387887],[106.731923,-6.388289],[106.732124,-6.388305],[106.732167,-6.388417],[106.73247,-6.388436],[106.732682,-6.38838]]]},"properties":{"layer_id":"legalitas","jenis":"legal","nama":"Pesona Remboelan Resort","sumber":"OSM (status: contoh)","atribut":{"status":"SHGB dalam proses","peruntukan":"Permukiman"}}},{"type":"Feature","geometry":{"type":"Polygon","coordinates":[[[106.737126,-6.397832],[106.736964,-6.39776],[106.736857,-6.397849],[106.736573,-6.398426],[106.736259,-6.398317],[106.736512,-6.397479],[106.736457,-6.397244],[106.736319,-6.397088],[106.736327,-6.396507],[106.736689,-6.396622],[106.737314,-6.396518],[106.737148,-6.395929],[106.73803,-6.395883],[106.738484,-6.395759],[106.73851,-6.395862],[106.738598,-6.395833],[106.738842,-6.396491],[106.739351,-6.397253],[106.739221,-6.397335],[106.739202,-6.397464],[106.739068,-6.397504],[106.739097,-6.397579],[106.738796,-6.397676],[106.738915,-6.397987],[106.738724,-6.398053],[106.738726,-6.398181],[106.738983,-6.39829],[106.739154,-6.398525],[106.738028,-6.399102],[106.737637,-6.399045],[106.737656,-6.398477],[106.737475,-6.398496],[106.737169,-6.398322],[106.737322,-6.397949],[106.737126,-6.397832]]]},"properties":{"layer_id":"legalitas","jenis":"legal","nama":"Yukari Sawangan","sumber":"OSM (status: contoh)","atribut":{"status":"Girik","peruntukan":"Permukiman"}}},{"type":"Feature","geometry":{"type":"Polygon","coordinates":[[[106.726348,-6.386747],[106.726214,-6.386555],[106.725952,-6.386725],[106.726077,-6.386899],[106.725808,-6.387107],[106.725765,-6.387381],[106.725604,-6.387755],[106.724957,-6.387759],[106.724963,-6.387428],[106.724678,-6.387218],[106.725596,-6.386502],[106.726003,-6.38639],[106.726314,-6.386431],[106.72647,-6.386677],[106.726348,-6.386747]]]},"properties":{"layer_id":"legalitas","jenis":"legal","nama":"Graha Idaman 15","sumber":"OSM (status: contoh)","atribut":{"status":"SHGB dalam proses","peruntukan":"Permukiman"}}},{"type":"Feature","geometry":{"type":"Polygon","coordinates":[[[106.713499,-6.349081],[106.713616,-6.349547],[106.714136,-6.349464],[106.714067,-6.348646],[106.714026,-6.34865],[106.714058,-6.349054],[106.713764,-6.349069],[106.713725,-6.348804],[106.713074,-6.348903],[106.713142,-6.349168],[106.713499,-6.349081]]]},"properties":{"layer_id":"legalitas","jenis":"legal","nama":"Kalimaya Park","sumber":"OSM (status: contoh)","atribut":{"status":"SHM","peruntukan":"Permukiman"}}},{"type":"Feature","geometry":{"type":"Polygon","coordinates":[[[106.73535,-6.392514],[106.73534,-6.392863],[106.735104,-6.39289],[106.735139,-6.393564],[106.735233,-6.393679],[106.73504,-6.393969],[106.734433,-6.393967],[106.734498,-6.393836],[106.734554,-6.393239],[106.734039,-6.393229],[106.734058,-6.393612],[106.733876,-6.393564],[106.733699,-6.393639],[106.733862,-6.393261],[106.733715,-6.392549],[106.734683,-6.392485],[106.734329,-6.392125],[106.734171,-6.391509],[106.734259,-6.391448],[106.73405,-6.390872],[106.734433,-6.390795],[106.734616,-6.390846],[106.734621,-6.391365],[106.735235,-6.391341],[106.735195,-6.391061],[106.735418,-6.39104],[106.735504,-6.39181],[106.736839,-6.3918],[106.736874,-6.391994],[106.737239,-6.391986],[106.737228,-6.39184],[106.737319,-6.391837],[106.737312,-6.391621],[106.737497,-6.391621],[106.737486,-6.391264],[106.73814,-6.391235],[106.738215,-6.391994],[106.738146,-6.392197],[106.737955,-6.392304],[106.737963,-6.392487],[106.73766,-6.392466],[106.737674,-6.39293],[106.738669,-6.392909],[106.738717,-6.393343],[106.737666,-6.39333],[106.737868,-6.39493],[106.736264,-6.39475],[106.735563,-6.394285],[106.735581,-6.394689],[106.735681,-6.394929],[106.735997,-6.395265],[106.736543,-6.394969],[106.736847,-6.395138],[106.736927,-6.395248],[106.737042,-6.395771],[106.736847,-6.395801],[106.736907,-6.396097],[106.737169,-6.396005],[106.737314,-6.396518],[106.736689,-6.396622],[106.736327,-6.396507],[106.736319,-6.397088],[106.736457,-6.397244],[106.736512,-6.397479],[106.736259,-6.398317],[106.736573,-6.398426],[106.736857,-6.397849],[106.736964,-6.39776],[106.737322,-6.397949],[106.737169,-6.398322],[106.737475,-6.398496],[106.737656,-6.398477],[106.737637,-6.399045],[106.738028,-6.399102],[106.739154,-6.398525],[106.739618,-6.399226],[106.740332,-6.398978],[106.740396,-6.399101],[106.739811,-6.399295],[106.739707,-6.39946],[106.73904,-6.399929],[106.738824,-6.399586],[106.738551,-6.399687],[106.738258,-6.399487],[106.737821,-6.399599],[106.737601,-6.399786],[106.737829,-6.400343],[106.736571,-6.400982],[106.736113,-6.399999],[106.736303,-6.399932],[106.736075,-6.399748],[106.736005,-6.399612],[106.736027,-6.399173],[106.735791,-6.39861],[106.735831,-6.398378],[106.735965,-6.398381],[106.735984,-6.39816],[106.735852,-6.398138],[106.735909,-6.397523],[106.735673,-6.397496],[106.735678,-6.396912],[106.735536,-6.39691],[106.73553,-6.395753],[106.735447,-6.395769],[106.735418,-6.395513],[106.735147,-6.395545],[106.735152,-6.395715],[106.734865,-6.395745],[106.734844,-6.396395],[106.73464,-6.396398],[106.7346,-6.395505],[106.73435,-6.395486],[106.734348,-6.395342],[106.734112,-6.395324],[106.733876,-6.395044],[106.733967,-6.394377],[106.734163,-6.394431],[106.734535,-6.394345],[106.734589,-6.394639],[106.734887,-6.394596],[106.734871,-6.394521],[106.735147,-6.394183],[106.735455,-6.394297],[106.735547,-6.393866],[106.736,-6.393156],[106.735962,-6.392919],[106.73574,-6.392901],[106.735708,-6.392687],[106.73559,-6.392709],[106.735581,-6.392506],[106.73535,-6.392514]]]},"properties":{"layer_id":"legalitas","jenis":"legal","nama":"Tamansari Puri Bali","sumber":"OSM (status: contoh)","atribut":{"status":"HGB","peruntukan":"Permukiman"}}},{"type":"Feature","geometry":{"type":"Polygon","coordinates":[[[106.805488,-6.294152],[106.805507,-6.294412],[106.805921,-6.294427],[106.806242,-6.294568],[106.806326,-6.294754],[106.80637,-6.295149],[106.806836,-6.295632],[106.806841,-6.295793],[106.806346,-6.295821],[106.80619,-6.295528],[106.805623,-6.295522],[106.805105,-6.295422],[106.805233,-6.295093],[106.805246,-6.294655],[106.805389,-6.294341],[106.805386,-6.294144],[106.805488,-6.294152]]]},"properties":{"layer_id":"legalitas","jenis":"legal","nama":"The Izzara","sumber":"OSM (status: contoh)","atribut":{"status":"SHM","peruntukan":"Permukiman"}}},{"type":"Feature","geometry":{"type":"Polygon","coordinates":[[[106.790618,-6.313551],[106.790929,-6.313652],[106.79089,-6.314424],[106.790337,-6.314133],[106.790618,-6.313551]]]},"properties":{"layer_id":"legalitas","jenis":"legal","nama":"Mess Dislitbangal","sumber":"OSM (status: contoh)","atribut":{"status":"Girik","peruntukan":"Permukiman"}}},{"type":"Feature","geometry":{"type":"Polygon","coordinates":[[[106.786843,-6.516107],[106.786992,-6.515089],[106.787255,-6.515109],[106.787398,-6.515489],[106.788056,-6.515843],[106.789187,-6.517605],[106.789552,-6.519473],[106.790119,-6.52153],[106.790369,-6.52219],[106.790396,-6.522519],[106.790114,-6.522979],[106.789961,-6.523701],[106.789891,-6.523768],[106.789639,-6.525699],[106.788425,-6.525554],[106.788362,-6.525508],[106.788378,-6.525134],[106.788264,-6.524474],[106.78839,-6.524103],[106.788534,-6.523994],[106.788708,-6.523066],[106.788629,-6.522954],[106.788574,-6.522207],[106.788181,-6.521369],[106.787528,-6.521047],[106.787264,-6.520995],[106.786907,-6.520033],[106.786617,-6.516803],[106.786843,-6.516107]]]},"properties":{"layer_id":"legalitas","jenis":"legal","nama":"Perumahan Griya Kencana","sumber":"OSM (status: contoh)","atribut":{"status":"SHGB dalam proses","peruntukan":"Permukiman"}}},{"type":"Feature","geometry":{"type":"Polygon","coordinates":[[[106.786517,-6.535205],[106.787654,-6.535322],[106.787643,-6.536548],[106.789843,-6.536642],[106.789908,-6.536834],[106.791192,-6.536921],[106.791139,-6.537759],[106.790686,-6.53777],[106.790655,-6.538426],[106.790569,-6.53852],[106.790487,-6.539222],[106.790125,-6.539236],[106.790116,-6.539665],[106.789557,-6.539663],[106.789527,-6.539207],[106.789002,-6.539204],[106.789098,-6.53982],[106.788928,-6.540304],[106.788063,-6.540272],[106.788058,-6.540534],[106.787982,-6.540607],[106.787425,-6.540663],[106.787424,-6.540982],[106.786979,-6.541063],[106.787013,-6.541435],[106.788055,-6.541357],[106.788056,-6.541264],[106.788967,-6.541166],[106.789093,-6.541762],[106.789497,-6.541698],[106.789527,-6.541795],[106.789997,-6.541789],[106.790083,-6.543537],[106.789463,-6.54359],[106.789548,-6.544308],[106.78913,-6.544273],[106.788895,-6.543755],[106.788306,-6.544269],[106.787825,-6.543656],[106.787372,-6.54413],[106.786226,-6.542755],[106.786391,-6.542609],[106.786447,-6.538197],[106.786061,-6.538187],[106.786104,-6.535154],[106.786517,-6.535205]]]},"properties":{"layer_id":"legalitas","jenis":"legal","nama":"Perumahan BCC","sumber":"OSM (status: contoh)","atribut":{"status":"HGB","peruntukan":"Permukiman"}}},{"type":"Feature","geometry":{"type":"Polygon","coordinates":[[[106.768975,-6.539676],[106.769066,-6.541028],[106.769581,-6.541005],[106.769871,-6.540891],[106.770343,-6.540856],[106.77037,-6.540033],[106.76997,-6.540035],[106.77,-6.538865],[106.76953,-6.538844],[106.769482,-6.538436],[106.768339,-6.538634],[106.768369,-6.538935],[106.769434,-6.538884],[106.76946,-6.539694],[106.768975,-6.539676]]]},"properties":{"layer_id":"legalitas","jenis":"legal","nama":"Pasar Induk Kemang (Pasar TU)","sumber":"OSM (status: contoh)","atribut":{"status":"HGB","peruntukan":"Permukiman"}}},{"type":"Feature","geometry":{"type":"Polygon","coordinates":[[[106.795285,-6.303639],[106.795306,-6.302883],[106.796445,-6.302807],[106.796464,-6.304413],[106.795768,-6.304407],[106.795794,-6.303648],[106.795285,-6.303639]]]},"properties":{"layer_id":"legalitas","jenis":"legal","nama":"Aspen Residence","sumber":"OSM (status: contoh)","atribut":{"status":"HGB","peruntukan":"Permukiman"}}},{"type":"Feature","geometry":{"type":"Polygon","coordinates":[[[106.812803,-6.31283],[106.812758,-6.312653],[106.812637,-6.312643],[106.812629,-6.312477],[106.812421,-6.312465],[106.812394,-6.312297],[106.811343,-6.312094],[106.811183,-6.312512],[106.810901,-6.312482],[106.810788,-6.312679],[106.810524,-6.312646],[106.810408,-6.313138],[106.810567,-6.313131],[106.810531,-6.313325],[106.810307,-6.313529],[106.810206,-6.313508],[106.810199,-6.313618],[106.810894,-6.313839],[106.810954,-6.313588],[106.811123,-6.313593],[106.811163,-6.313211],[106.811427,-6.313261],[106.811596,-6.312854],[106.812786,-6.312908],[106.812803,-6.31283]]]},"properties":{"layer_id":"legalitas","jenis":"legal","nama":"Taman Botanik","sumber":"OSM (status: contoh)","atribut":{"status":"SHM","peruntukan":"Permukiman"}}},{"type":"Feature","geometry":{"type":"Polygon","coordinates":[[[106.805085,-6.317705],[106.805184,-6.318294],[106.80495,-6.319052],[106.804629,-6.319036],[106.804526,-6.319498],[106.805386,-6.319619],[106.805429,-6.319357],[106.805779,-6.319415],[106.805724,-6.318637],[106.806601,-6.318582],[106.80662,-6.318846],[106.807165,-6.31881],[106.807144,-6.318624],[106.807493,-6.318569],[106.807466,-6.318368],[106.807737,-6.318312],[106.80761,-6.317855],[106.807773,-6.317321],[106.807919,-6.317273],[106.808249,-6.316813],[106.808735,-6.316729],[106.808754,-6.316505],[106.808592,-6.316388],[106.808568,-6.316159],[106.808629,-6.316014],[106.809051,-6.316011],[106.809164,-6.315586],[106.809131,-6.314852],[106.808755,-6.314871],[106.808731,-6.315073],[106.808502,-6.315076],[106.808349,-6.3159],[106.808223,-6.315893],[106.808212,-6.315994],[106.808143,-6.316033],[106.808173,-6.316644],[106.807999,-6.316897],[106.807525,-6.316908],[106.807328,-6.317054],[106.807024,-6.317092],[106.807018,-6.316306],[106.80662,-6.315963],[106.806645,-6.315585],[106.806799,-6.315507],[106.806826,-6.314846],[106.806444,-6.314883],[106.8064,-6.315131],[106.805835,-6.315101],[106.805796,-6.314901],[106.80444,-6.314963],[106.804424,-6.315399],[106.804156,-6.315414],[106.804161,-6.31591],[106.804739,-6.315937],[106.804866,-6.316974],[106.805085,-6.317705]]]},"properties":{"layer_id":"legalitas","jenis":"legal","nama":"Green Andara","sumber":"OSM (status: contoh)","atribut":{"status":"SHM","peruntukan":"Permukiman"}}},{"type":"Feature","geometry":{"type":"Polygon","coordinates":[[[106.822399,-6.279163],[106.822368,-6.279555],[106.822281,-6.279538],[106.822211,-6.279832],[106.821751,-6.279752],[106.821745,-6.279796],[106.821632,-6.279783],[106.821601,-6.27993],[106.821711,-6.279954],[106.821672,-6.280162],[106.822103,-6.2802],[106.822087,-6.280303],[106.822987,-6.28047],[106.823098,-6.279568],[106.823695,-6.279575],[106.823724,-6.279074],[106.823,-6.279034],[106.822995,-6.278917],[106.822437,-6.27887],[106.822399,-6.279163]]]},"properties":{"layer_id":"legalitas","jenis":"legal","nama":"Komplek Pejaten Barat","sumber":"OSM (status: contoh)","atribut":{"status":"HGB","peruntukan":"Permukiman"}}},{"type":"Feature","geometry":{"type":"Polygon","coordinates":[[[106.820422,-6.286034],[106.820422,-6.286399],[106.819975,-6.286402],[106.819985,-6.286007],[106.820039,-6.285972],[106.820422,-6.286034]]]},"properties":{"layer_id":"legalitas","jenis":"legal","nama":"Ncasa Townhouse","sumber":"OSM (status: contoh)","atribut":{"status":"SHM","peruntukan":"Permukiman"}}},{"type":"Feature","geometry":{"type":"Polygon","coordinates":[[[106.820664,-6.286782],[106.819962,-6.286788],[106.819973,-6.286531],[106.820544,-6.286574],[106.820543,-6.286524],[106.820674,-6.286514],[106.820664,-6.286782]]]},"properties":{"layer_id":"legalitas","jenis":"legal","nama":"Kemang Hills Residence","sumber":"OSM (status: contoh)","atribut":{"status":"SHGB dalam proses","peruntukan":"Permukiman"}}},{"type":"Feature","geometry":{"type":"Polygon","coordinates":[[[106.824215,-6.281707],[106.824229,-6.2814],[106.824521,-6.281395],[106.824497,-6.281709],[106.824215,-6.281707]]]},"properties":{"layer_id":"legalitas","jenis":"legal","nama":"Green Amani","sumber":"OSM (status: contoh)","atribut":{"status":"SHM","peruntukan":"Permukiman"}}},{"type":"Feature","geometry":{"type":"Polygon","coordinates":[[[106.824832,-6.280731],[106.824219,-6.280647],[106.824165,-6.280953],[106.824882,-6.281055],[106.824832,-6.280889],[106.824832,-6.280731]]]},"properties":{"layer_id":"legalitas","jenis":"legal","nama":"Pekayon Townhouse","sumber":"OSM (status: contoh)","atribut":{"status":"HGB","peruntukan":"Permukiman"}}},{"type":"Feature","geometry":{"type":"Polygon","coordinates":[[[106.827298,-6.282383],[106.827149,-6.282654],[106.82635,-6.282277],[106.826452,-6.282128],[106.826357,-6.282065],[106.826628,-6.281641],[106.826793,-6.281455],[106.827207,-6.281815],[106.826929,-6.282132],[106.827298,-6.282383]]]},"properties":{"layer_id":"legalitas","jenis":"legal","nama":"Pejaten Park Residence","sumber":"OSM (status: contoh)","atribut":{"status":"SHGB dalam proses","peruntukan":"Permukiman"}}},{"type":"Feature","geometry":{"type":"Polygon","coordinates":[[[106.726843,-6.312774],[106.726384,-6.312507],[106.726237,-6.312809],[106.725853,-6.312614],[106.725735,-6.312878],[106.72563,-6.312894],[106.725394,-6.313206],[106.725376,-6.313399],[106.725586,-6.313487],[106.725601,-6.313746],[106.725341,-6.313767],[106.725177,-6.313946],[106.725195,-6.314065],[106.725421,-6.314164],[106.725707,-6.313998],[106.72593,-6.314377],[106.726251,-6.314644],[106.726726,-6.314776],[106.726933,-6.314747],[106.726989,-6.314903],[106.727661,-6.315148],[106.727744,-6.31534],[106.728022,-6.315493],[106.727916,-6.31584],[106.728216,-6.315954],[106.728377,-6.316112],[106.728468,-6.316266],[106.728463,-6.316437],[106.727747,-6.316586],[106.727849,-6.317286],[106.728243,-6.317303],[106.728294,-6.317427],[106.728865,-6.317365],[106.729407,-6.317858],[106.729402,-6.3181],[106.729345,-6.318119],[106.729394,-6.318298],[106.729689,-6.318258],[106.729691,-6.318575],[106.730035,-6.318506],[106.730048,-6.318282],[106.730458,-6.318404],[106.730429,-6.317818],[106.729876,-6.31781],[106.729664,-6.3177],[106.729772,-6.316842],[106.729729,-6.316653],[106.728999,-6.315797],[106.729292,-6.314683],[106.729029,-6.314555],[106.727969,-6.314456],[106.727969,-6.313744],[106.727243,-6.313083],[106.726972,-6.313355],[106.726591,-6.313123],[106.726843,-6.312774]]]},"properties":{"layer_id":"legalitas","jenis":"legal","nama":"Griya Kedaung Asri","sumber":"OSM (status: contoh)","atribut":{"status":"SHM","peruntukan":"Permukiman"}}},{"type":"Feature","geometry":{"type":"Polygon","coordinates":[[[106.751636,-6.305406],[106.752127,-6.305395],[106.752129,-6.305187],[106.752315,-6.305182],[106.75233,-6.304954],[106.752326,-6.304853],[106.752208,-6.304861],[106.752209,-6.304723],[106.751632,-6.304695],[106.751636,-6.305406]]]},"properties":{"layer_id":"legalitas","jenis":"legal","nama":"Homeland Townhouse","sumber":"OSM (status: contoh)","atribut":{"status":"SHM","peruntukan":"Permukiman"}}},{"type":"Feature","geometry":{"type":"Polygon","coordinates":[[[106.788328,-6.492656],[106.788328,-6.492692],[106.788233,-6.492691],[106.788233,-6.492656],[106.788328,-6.492656]]]},"properties":{"layer_id":"legalitas","jenis":"legal","nama":"yogop","sumber":"OSM (status: contoh)","atribut":{"status":"SHM","peruntukan":"Permukiman"}}},{"type":"Feature","geometry":{"type":"Polygon","coordinates":[[[106.715452,-6.371688],[106.715599,-6.371628],[106.716514,-6.371693],[106.71645,-6.372545],[106.716721,-6.372594],[106.716681,-6.372868],[106.715866,-6.372689],[106.715929,-6.372184],[106.715653,-6.372171],[106.715452,-6.371688]]]},"properties":{"layer_id":"legalitas","jenis":"legal","nama":"Perumahan Taman Anggrek Rawakalong","sumber":"OSM (status: contoh)","atribut":{"status":"HGB","peruntukan":"Permukiman"}}},{"type":"Feature","geometry":{"type":"Polygon","coordinates":[[[106.804191,-6.374421],[106.80462,-6.374421],[106.804658,-6.374237],[106.804856,-6.374261],[106.804915,-6.373808],[106.80484,-6.373781],[106.804828,-6.373471],[106.804442,-6.373361],[106.804422,-6.372736],[106.804027,-6.372682],[106.804003,-6.372512],[106.803419,-6.372512],[106.803354,-6.372981],[106.803188,-6.372976],[106.803177,-6.373296],[106.803354,-6.37329],[106.803354,-6.373164],[106.804015,-6.373219],[106.803955,-6.373424],[106.804113,-6.373442],[106.8041,-6.373755],[106.803778,-6.373813],[106.803805,-6.374149],[106.80408,-6.374282],[106.804191,-6.374421]]]},"properties":{"layer_id":"legalitas","jenis":"legal","nama":"Orchid Green Village","sumber":"OSM (status: contoh)","atribut":{"status":"HGB","peruntukan":"Permukiman"}}},{"type":"Feature","geometry":{"type":"Polygon","coordinates":[[[106.919375,-6.392739],[106.919618,-6.392087],[106.919514,-6.392048],[106.919667,-6.391688],[106.920839,-6.392176],[106.920604,-6.392654],[106.92056,-6.392943],[106.920651,-6.393231],[106.920826,-6.39342],[106.921928,-6.394201],[106.92139,-6.394596],[106.921435,-6.394645],[106.921319,-6.39479],[106.919862,-6.394222],[106.919595,-6.393948],[106.919011,-6.393598],[106.919375,-6.392739]]]},"properties":{"layer_id":"legalitas","jenis":"legal","nama":"Green Valley","sumber":"OSM (status: contoh)","atribut":{"status":"SHGB dalam proses","peruntukan":"Permukiman"}}},{"type":"Feature","geometry":{"type":"Polygon","coordinates":[[[106.917511,-6.394245],[106.917659,-6.393888],[106.917761,-6.39382],[106.918019,-6.393804],[106.918076,-6.393726],[106.918382,-6.392974],[106.918849,-6.39312],[106.918772,-6.39332],[106.918688,-6.393294],[106.918442,-6.393918],[106.918474,-6.394163],[106.918002,-6.394253],[106.917511,-6.394245]]]},"properties":{"layer_id":"legalitas","jenis":"legal","nama":"Zephyr Valley","sumber":"OSM (status: contoh)","atribut":{"status":"SHGB dalam proses","peruntukan":"Permukiman"}}},{"type":"Feature","geometry":{"type":"Polygon","coordinates":[[[106.919256,-6.394402],[106.918704,-6.39409],[106.918635,-6.394181],[106.917511,-6.394245],[106.91693,-6.395294],[106.917375,-6.395454],[106.917651,-6.395571],[106.918974,-6.395569],[106.918965,-6.395493],[106.918902,-6.395486],[106.919219,-6.394685],[106.919385,-6.394552],[106.919256,-6.394402]]]},"properties":{"layer_id":"legalitas","jenis":"legal","nama":"Mansion Garden","sumber":"OSM (status: contoh)","atribut":{"status":"Girik","peruntukan":"Permukiman"}}},{"type":"Feature","geometry":{"type":"Polygon","coordinates":[[[106.920313,-6.394998],[106.919517,-6.394705],[106.919385,-6.394552],[106.919219,-6.394685],[106.918902,-6.395486],[106.918965,-6.395493],[106.918974,-6.395569],[106.919431,-6.395545],[106.919868,-6.395767],[106.920417,-6.396076],[106.920619,-6.396294],[106.920776,-6.396624],[106.920989,-6.396696],[106.921098,-6.396663],[106.92134,-6.396089],[106.921194,-6.39535],[106.920313,-6.394998]]]},"properties":{"layer_id":"legalitas","jenis":"legal","nama":"Rosewood Garden","sumber":"OSM (status: contoh)","atribut":{"status":"SHM","peruntukan":"Permukiman"}}},{"type":"Feature","geometry":{"type":"Polygon","coordinates":[[[106.916315,-6.395436],[106.916176,-6.395363],[106.916053,-6.395172],[106.915345,-6.393729],[106.915737,-6.393511],[106.916229,-6.393117],[106.916975,-6.392895],[106.918146,-6.392714],[106.918331,-6.392945],[106.91819,-6.393286],[106.917902,-6.393153],[106.917745,-6.393396],[106.917883,-6.393472],[106.917803,-6.393686],[106.917646,-6.393596],[106.917555,-6.393931],[106.91712,-6.39474],[106.91697,-6.39464],[106.916804,-6.394893],[106.916716,-6.395102],[106.916905,-6.395174],[106.916853,-6.395286],[106.916465,-6.395122],[106.916315,-6.395436]]]},"properties":{"layer_id":"legalitas","jenis":"legal","nama":"The Prairie","sumber":"OSM (status: contoh)","atribut":{"status":"Girik","peruntukan":"Permukiman"}}},{"type":"Feature","geometry":{"type":"Polygon","coordinates":[[[106.914071,-6.39415],[106.914868,-6.393957],[106.915345,-6.393729],[106.916176,-6.395363],[106.915886,-6.395252],[106.915533,-6.395228],[106.915406,-6.39534],[106.914615,-6.395132],[106.913887,-6.39617],[106.913673,-6.39611],[106.913551,-6.396164],[106.913441,-6.396343],[106.913117,-6.396278],[106.913121,-6.394304],[106.913179,-6.394152],[106.914071,-6.39415]]]},"properties":{"layer_id":"legalitas","jenis":"legal","nama":"The Cypress","sumber":"OSM (status: contoh)","atribut":{"status":"SHGB dalam proses","peruntukan":"Permukiman"}}},{"type":"Feature","geometry":{"type":"Polygon","coordinates":[[[106.91056,-6.393766],[106.910319,-6.394253],[106.91011,-6.394171],[106.910081,-6.3944],[106.909564,-6.394297],[106.909488,-6.39458],[106.909587,-6.394605],[106.909542,-6.394768],[106.909599,-6.394801],[106.909576,-6.395012],[106.911086,-6.395514],[106.911559,-6.394111],[106.91056,-6.393766]]]},"properties":{"layer_id":"legalitas","jenis":"legal","nama":"The Varden","sumber":"OSM (status: contoh)","atribut":{"status":"Girik","peruntukan":"Permukiman"}}},{"type":"Feature","geometry":{"type":"Polygon","coordinates":[[[106.911563,-6.393646],[106.911503,-6.392209],[106.910227,-6.392225],[106.909874,-6.392685],[106.909772,-6.393151],[106.909579,-6.393058],[106.909544,-6.393197],[106.910317,-6.39353],[106.910267,-6.393648],[106.911559,-6.394111],[106.911563,-6.393646]]]},"properties":{"layer_id":"legalitas","jenis":"legal","nama":"The Westpoint","sumber":"OSM (status: contoh)","atribut":{"status":"Girik","peruntukan":"Permukiman"}}},{"type":"Feature","geometry":{"type":"Polygon","coordinates":[[[106.712072,-6.343572],[106.711873,-6.343643],[106.711785,-6.343618],[106.71177,-6.343522],[106.710995,-6.343642],[106.710893,-6.343456],[106.710348,-6.343366],[106.710267,-6.343732],[106.710707,-6.343819],[106.710842,-6.344794],[106.711366,-6.344708],[106.711435,-6.344991],[106.711831,-6.344921],[106.711804,-6.34478],[106.712111,-6.344722],[106.711946,-6.344061],[106.712058,-6.344024],[106.711969,-6.343692],[106.712072,-6.343572]]]},"properties":{"layer_id":"legalitas","jenis":"legal","nama":"Pamulang Residence","sumber":"OSM (status: contoh)","atribut":{"status":"Girik","peruntukan":"Permukiman"}}},{"type":"Feature","geometry":{"type":"Polygon","coordinates":[[[106.714969,-6.334773],[106.714976,-6.334877],[106.714968,-6.335062],[106.714336,-6.335128],[106.714303,-6.334825],[106.714529,-6.3348],[106.714969,-6.334773]]]},"properties":{"layer_id":"legalitas","jenis":"legal","nama":"Pesona Anggrek","sumber":"OSM (status: contoh)","atribut":{"status":"HGB","peruntukan":"Permukiman"}}},{"type":"Feature","geometry":{"type":"Polygon","coordinates":[[[106.71544,-6.334712],[106.715434,-6.334974],[106.715038,-6.335004],[106.715046,-6.33487],[106.715027,-6.334736],[106.71544,-6.334712]]]},"properties":{"layer_id":"legalitas","jenis":"legal","nama":"Nirwana Anggrek","sumber":"OSM (status: contoh)","atribut":{"status":"SHM","peruntukan":"Permukiman"}}},{"type":"Feature","geometry":{"type":"Polygon","coordinates":[[[106.714573,-6.333277],[106.715929,-6.33324],[106.715925,-6.333561],[106.714618,-6.333686],[106.714573,-6.333277]]]},"properties":{"layer_id":"legalitas","jenis":"legal","nama":"Nano Town 4","sumber":"OSM (status: contoh)","atribut":{"status":"Girik","peruntukan":"Permukiman"}}},{"type":"Feature","geometry":{"type":"Polygon","coordinates":[[[106.713425,-6.336065],[106.713507,-6.336514],[106.713184,-6.336589],[106.713347,-6.337051],[106.714494,-6.336867],[106.714422,-6.336105],[106.714158,-6.336137],[106.714175,-6.336315],[106.713786,-6.336371],[106.71373,-6.335963],[106.713425,-6.336065]]]},"properties":{"layer_id":"legalitas","jenis":"legal","nama":"Sutera Mansion","sumber":"OSM (status: contoh)","atribut":{"status":"HGB","peruntukan":"Permukiman"}}},{"type":"Feature","geometry":{"type":"Polygon","coordinates":[[[106.711986,-6.33683],[106.712018,-6.336684],[106.711949,-6.336364],[106.712144,-6.336307],[106.712266,-6.336679],[106.712375,-6.336643],[106.712404,-6.336724],[106.712904,-6.33657],[106.712995,-6.336857],[106.712659,-6.336959],[106.712975,-6.337744],[106.713343,-6.337649],[106.713407,-6.337917],[106.713877,-6.33784],[106.713896,-6.337995],[106.714403,-6.338013],[106.714433,-6.338287],[106.712459,-6.338489],[106.711931,-6.33697],[106.711986,-6.33683]]]},"properties":{"layer_id":"legalitas","jenis":"legal","nama":"Wellington","sumber":"OSM (status: contoh)","atribut":{"status":"SHM","peruntukan":"Permukiman"}}},{"type":"Feature","geometry":{"type":"Polygon","coordinates":[[[106.711769,-6.339243],[106.711579,-6.337782],[106.712111,-6.337605],[106.712382,-6.338394],[106.712566,-6.338643],[106.711987,-6.338796],[106.712076,-6.339188],[106.711769,-6.339243]]]},"properties":{"layer_id":"legalitas","jenis":"legal","nama":"Kencana Pamulang","sumber":"OSM (status: contoh)","atribut":{"status":"HGB","peruntukan":"Permukiman"}}},{"type":"Feature","geometry":{"type":"Polygon","coordinates":[[[106.711793,-6.336378],[106.711818,-6.336838],[106.711877,-6.336839],[106.712111,-6.337605],[106.711579,-6.337782],[106.711084,-6.33781],[106.711082,-6.337633],[106.711223,-6.337299],[106.711326,-6.33718],[106.711449,-6.337179],[106.711428,-6.336453],[106.711793,-6.336378]]]},"properties":{"layer_id":"legalitas","jenis":"legal","nama":"Griya Pamulang Asri","sumber":"OSM (status: contoh)","atribut":{"status":"SHGB dalam proses","peruntukan":"Permukiman"}}},{"type":"Feature","geometry":{"type":"Polygon","coordinates":[[[106.71041,-6.341017],[106.710055,-6.341118],[106.709605,-6.341475],[106.70946,-6.341422],[106.709492,-6.341059],[106.709127,-6.340345],[106.708328,-6.340478],[106.7078,-6.340273],[106.707534,-6.34034],[106.707373,-6.340505],[106.707083,-6.340393],[106.707101,-6.339843],[106.706681,-6.339808],[106.706509,-6.34063],[106.706493,-6.341091],[106.706965,-6.341278],[106.706842,-6.341481],[106.706493,-6.34139],[106.706188,-6.341571],[106.706225,-6.342062],[106.706574,-6.342035],[106.706687,-6.343021],[106.707394,-6.342922],[106.707464,-6.343311],[106.707802,-6.343288],[106.708049,-6.343731],[106.709207,-6.34357],[106.709176,-6.343139],[106.709409,-6.343025],[106.709347,-6.342654],[106.709889,-6.342488],[106.709744,-6.34201],[106.710052,-6.341379],[106.710496,-6.34117],[106.71041,-6.341017]]]},"properties":{"layer_id":"legalitas","jenis":"legal","nama":"Bumi Serpong Residence","sumber":"OSM (status: contoh)","atribut":{"status":"Girik","peruntukan":"Permukiman"}}},{"type":"Feature","geometry":{"type":"Polygon","coordinates":[[[106.734337,-6.29804],[106.73489,-6.298214],[106.734883,-6.298503],[106.734764,-6.298891],[106.7348,-6.299423],[106.734488,-6.299481],[106.734397,-6.298785],[106.734331,-6.298782],[106.734337,-6.29804]]]},"properties":{"layer_id":"legalitas","jenis":"legal","nama":"Bintaro Garden Residence","sumber":"OSM (status: contoh)","atribut":{"status":"Girik","peruntukan":"Permukiman"}}},{"type":"Feature","geometry":{"type":"Polygon","coordinates":[[[106.881878,-6.388539],[106.881883,-6.38848],[106.882084,-6.388513],[106.882296,-6.387919],[106.882601,-6.388021],[106.882696,-6.388116],[106.882398,-6.38861],[106.881878,-6.388539]]]},"properties":{"layer_id":"legalitas","jenis":"legal","nama":"Kemang Residence","sumber":"OSM (status: contoh)","atribut":{"status":"SHGB dalam proses","peruntukan":"Permukiman"}}},{"type":"Feature","geometry":{"type":"Polygon","coordinates":[[[106.879607,-6.392224],[106.879529,-6.392408],[106.879226,-6.392318],[106.87917,-6.392518],[106.87881,-6.392482],[106.878668,-6.392421],[106.8787,-6.392184],[106.87803,-6.392038],[106.878047,-6.391794],[106.87833,-6.391688],[106.878417,-6.39165],[106.8786,-6.391758],[106.879686,-6.391994],[106.879607,-6.392224]]]},"properties":{"layer_id":"legalitas","jenis":"legal","nama":"Oma Indah","sumber":"OSM (status: contoh)","atribut":{"status":"HGB","peruntukan":"Permukiman"}}},{"type":"Feature","geometry":{"type":"Polygon","coordinates":[[[106.878284,-6.393854],[106.8783,-6.39368],[106.878081,-6.39365],[106.878075,-6.393463],[106.877331,-6.393278],[106.877244,-6.393743],[106.877374,-6.393876],[106.877351,-6.393999],[106.877418,-6.39408],[106.877916,-6.394054],[106.877926,-6.393998],[106.878261,-6.394042],[106.878284,-6.393854]]]},"properties":{"layer_id":"legalitas","jenis":"legal","nama":"Puri Kemang Permai","sumber":"OSM (status: contoh)","atribut":{"status":"SHM","peruntukan":"Permukiman"}}},{"type":"Feature","geometry":{"type":"Polygon","coordinates":[[[106.880368,-6.38439],[106.880212,-6.384358],[106.880021,-6.384559],[106.879778,-6.385],[106.880389,-6.385293],[106.880606,-6.384727],[106.880293,-6.384572],[106.880368,-6.38439]]]},"properties":{"layer_id":"legalitas","jenis":"legal","nama":"Alam Kencana","sumber":"OSM (status: contoh)","atribut":{"status":"Girik","peruntukan":"Permukiman"}}},{"type":"Feature","geometry":{"type":"Polygon","coordinates":[[[106.829109,-6.510315],[106.829288,-6.510364],[106.829202,-6.510645],[106.830052,-6.510878],[106.83008,-6.510795],[106.83085,-6.51101],[106.830736,-6.51138],[106.828698,-6.510827],[106.828769,-6.510592],[106.829015,-6.510632],[106.829109,-6.510315]]]},"properties":{"layer_id":"legalitas","jenis":"legal","nama":"Gramayuda Residence","sumber":"OSM (status: contoh)","atribut":{"status":"HGB","peruntukan":"Permukiman"}}},{"type":"Feature","geometry":{"type":"Polygon","coordinates":[[[106.772491,-6.55277],[106.773213,-6.552704],[106.773478,-6.552786],[106.773486,-6.553724],[106.773347,-6.553887],[106.772281,-6.553967],[106.772245,-6.553667],[106.773137,-6.55352],[106.773128,-6.553174],[106.773072,-6.553108],[106.772528,-6.553146],[106.772491,-6.55277]]]},"properties":{"layer_id":"legalitas","jenis":"legal","nama":"FA VI","sumber":"OSM (status: contoh)","atribut":{"status":"SHGB dalam proses","peruntukan":"Permukiman"}}},{"type":"Feature","geometry":{"type":"Polygon","coordinates":[[[106.772476,-6.55237],[106.772498,-6.552711],[106.773057,-6.552635],[106.773568,-6.552693],[106.773666,-6.552321],[106.773215,-6.552254],[106.772476,-6.55237]]]},"properties":{"layer_id":"legalitas","jenis":"legal","nama":"FA I","sumber":"OSM (status: contoh)","atribut":{"status":"SHGB dalam proses","peruntukan":"Permukiman"}}},{"type":"Feature","geometry":{"type":"Polygon","coordinates":[[[106.771303,-6.552487],[106.771339,-6.552846],[106.772421,-6.55272],[106.772412,-6.552379],[106.771303,-6.552487]]]},"properties":{"layer_id":"legalitas","jenis":"legal","nama":"FA II","sumber":"OSM (status: contoh)","atribut":{"status":"SHM","peruntukan":"Permukiman"}}},{"type":"Feature","geometry":{"type":"Polygon","coordinates":[[[106.772435,-6.552792],[106.772471,-6.553137],[106.772169,-6.553182],[106.772128,-6.553258],[106.772209,-6.553993],[106.772309,-6.55406],[106.77322,-6.553988],[106.772954,-6.554311],[106.771939,-6.554418],[106.771736,-6.552868],[106.772435,-6.552792]]]},"properties":{"layer_id":"legalitas","jenis":"legal","nama":"FA V","sumber":"OSM (status: contoh)","atribut":{"status":"SHM","peruntukan":"Permukiman"}}},{"type":"Feature","geometry":{"type":"Polygon","coordinates":[[[106.771339,-6.552917],[106.771668,-6.552877],[106.771858,-6.554427],[106.77193,-6.554499],[106.772918,-6.554392],[106.772778,-6.554732],[106.77156,-6.554889],[106.771339,-6.552917]]]},"properties":{"layer_id":"legalitas","jenis":"legal","nama":"FA IV","sumber":"OSM (status: contoh)","atribut":{"status":"Girik","peruntukan":"Permukiman"}}},{"type":"Feature","geometry":{"type":"Polygon","coordinates":[[[106.770964,-6.552516],[106.77124,-6.552485],[106.771483,-6.554896],[106.77119,-6.55495],[106.771127,-6.554631],[106.771086,-6.553946],[106.771167,-6.553878],[106.770964,-6.552516]]]},"properties":{"layer_id":"legalitas","jenis":"legal","nama":"FA III","sumber":"OSM (status: contoh)","atribut":{"status":"SHGB dalam proses","peruntukan":"Permukiman"}}},{"type":"Feature","geometry":{"type":"Polygon","coordinates":[[[106.771202,-6.55501],[106.771497,-6.554974],[106.771615,-6.555367],[106.772234,-6.5553],[106.772412,-6.554953],[106.772398,-6.554872],[106.77275,-6.554808],[106.772658,-6.55519],[106.772476,-6.555582],[106.771304,-6.555721],[106.771202,-6.55501]]]},"properties":{"layer_id":"legalitas","jenis":"legal","nama":"FA IX","sumber":"OSM (status: contoh)","atribut":{"status":"SHM","peruntukan":"Permukiman"}}},{"type":"Feature","geometry":{"type":"Polygon","coordinates":[[[106.771541,-6.554949],[106.772347,-6.554866],[106.772242,-6.555211],[106.771653,-6.555309],[106.771541,-6.554949]]]},"properties":{"layer_id":"legalitas","jenis":"legal","nama":"FA VIII","sumber":"OSM (status: contoh)","atribut":{"status":"SHM","peruntukan":"Permukiman"}}},{"type":"Feature","geometry":{"type":"Polygon","coordinates":[[[106.894087,-6.394211],[106.893722,-6.394655],[106.893909,-6.394736],[106.893915,-6.394852],[106.893752,-6.395154],[106.894199,-6.395308],[106.89428,-6.395043],[106.894462,-6.395085],[106.894545,-6.394855],[106.894735,-6.39491],[106.89465,-6.395146],[106.894901,-6.395187],[106.894942,-6.394964],[106.895204,-6.394984],[106.895188,-6.395246],[106.895169,-6.395419],[106.895503,-6.395455],[106.895542,-6.395198],[106.895763,-6.395217],[106.895396,-6.39359],[106.894906,-6.393433],[106.894718,-6.393825],[106.894523,-6.393814],[106.894087,-6.394211]]]},"properties":{"layer_id":"legalitas","jenis":"legal","nama":"Rose Garden","sumber":"OSM (status: contoh)","atribut":{"status":"HGB","peruntukan":"Permukiman"}}},{"type":"Feature","geometry":{"type":"Polygon","coordinates":[[[106.898325,-6.394439],[106.898515,-6.394351],[106.899371,-6.394365],[106.899372,-6.394677],[106.899432,-6.394794],[106.899656,-6.394755],[106.89968,-6.393901],[106.899697,-6.393151],[106.898192,-6.393124],[106.898168,-6.394176],[106.898325,-6.394439]]]},"properties":{"layer_id":"legalitas","jenis":"legal","nama":"Blok L","sumber":"OSM (status: contoh)","atribut":{"status":"SHM","peruntukan":"Permukiman"}}},{"type":"Feature","geometry":{"type":"Polygon","coordinates":[[[106.897515,-6.394064],[106.897551,-6.392877],[106.898197,-6.392896],[106.898192,-6.393124],[106.89817,-6.394084],[106.897515,-6.394064]]]},"properties":{"layer_id":"legalitas","jenis":"legal","nama":"Stanley Grande","sumber":"OSM (status: contoh)","atribut":{"status":"SHM","peruntukan":"Permukiman"}}},{"type":"Feature","geometry":{"type":"Polygon","coordinates":[[[106.898216,-6.391629],[106.89757,-6.391615],[106.897595,-6.390487],[106.898241,-6.390502],[106.898216,-6.391629]]]},"properties":{"layer_id":"legalitas","jenis":"legal","nama":"Stanley Shine","sumber":"OSM (status: contoh)","atribut":{"status":"SHM","peruntukan":"Permukiman"}}},{"type":"Feature","geometry":{"type":"Polygon","coordinates":[[[106.897547,-6.392636],[106.898193,-6.39265],[106.898198,-6.392406],[106.898216,-6.391629],[106.89757,-6.391615],[106.897547,-6.392636]]]},"properties":{"layer_id":"legalitas","jenis":"legal","nama":"Stanley Spring","sumber":"OSM (status: contoh)","atribut":{"status":"SHM","peruntukan":"Permukiman"}}},{"type":"Feature","geometry":{"type":"Polygon","coordinates":[[[106.897484,-6.389002],[106.898302,-6.388814],[106.898287,-6.38907],[106.898248,-6.390294],[106.897596,-6.390267],[106.897615,-6.389116],[106.897484,-6.389002]]]},"properties":{"layer_id":"legalitas","jenis":"legal","nama":"Stanley Rise","sumber":"OSM (status: contoh)","atribut":{"status":"SHM","peruntukan":"Permukiman"}}},{"type":"Feature","geometry":{"type":"Polygon","coordinates":[[[106.898198,-6.392406],[106.898241,-6.390502],[106.898433,-6.390502],[106.898434,-6.390663],[106.901823,-6.390721],[106.901819,-6.39058],[106.902135,-6.39057],[106.90212,-6.391137],[106.901989,-6.391514],[106.901754,-6.39192],[106.901313,-6.392262],[106.901046,-6.392371],[106.900527,-6.392463],[106.898198,-6.392406]]]},"properties":{"layer_id":"legalitas","jenis":"legal","nama":"Blok J","sumber":"OSM (status: contoh)","atribut":{"status":"SHM","peruntukan":"Permukiman"}}},{"type":"Feature","geometry":{"type":"Polygon","coordinates":[[[106.89817,-6.394084],[106.898325,-6.394439],[106.898412,-6.394882],[106.898491,-6.394978],[106.898481,-6.395178],[106.89843,-6.395384],[106.897471,-6.395357],[106.897515,-6.394064],[106.89817,-6.394084]]]},"properties":{"layer_id":"legalitas","jenis":"legal","nama":"Blok Q","sumber":"OSM (status: contoh)","atribut":{"status":"HGB","peruntukan":"Permukiman"}}},{"type":"Feature","geometry":{"type":"Polygon","coordinates":[[[106.895143,-6.398775],[106.894914,-6.398863],[106.895137,-6.399133],[106.895499,-6.399251],[106.895462,-6.399035],[106.895293,-6.398861],[106.895143,-6.398775]]]},"properties":{"layer_id":"legalitas","jenis":"legal","nama":"Vila Tapos","sumber":"OSM (status: contoh)","atribut":{"status":"Girik","peruntukan":"Permukiman"}}},{"type":"Feature","geometry":{"type":"Polygon","coordinates":[[[106.885211,-6.405327],[106.885332,-6.405452],[106.884924,-6.405524],[106.884836,-6.405437],[106.884766,-6.405455],[106.884769,-6.405562],[106.884114,-6.405666],[106.884128,-6.405551],[106.883881,-6.405636],[106.88372,-6.405572],[106.883781,-6.405341],[106.883642,-6.405338],[106.883082,-6.405602],[106.882977,-6.405402],[106.882971,-6.405295],[106.883119,-6.405247],[106.883309,-6.405039],[106.883588,-6.404975],[106.883857,-6.404706],[106.884337,-6.404712],[106.884728,-6.404634],[106.885056,-6.404309],[106.885198,-6.404317],[106.885345,-6.404197],[106.885627,-6.404261],[106.885211,-6.405327]]]},"properties":{"layer_id":"legalitas","jenis":"legal","nama":"Uenos","sumber":"OSM (status: contoh)","atribut":{"status":"SHGB dalam proses","peruntukan":"Permukiman"}}},{"type":"Feature","geometry":{"type":"Polygon","coordinates":[[[106.887545,-6.40746],[106.887722,-6.406974],[106.887858,-6.406881],[106.887684,-6.406569],[106.887689,-6.406369],[106.887582,-6.406196],[106.887445,-6.40625],[106.887327,-6.406215],[106.887212,-6.406058],[106.887156,-6.405738],[106.887494,-6.405578],[106.887891,-6.404823],[106.887311,-6.404477],[106.887142,-6.40449],[106.886979,-6.404421],[106.886863,-6.404522],[106.886627,-6.404437],[106.886528,-6.404528],[106.886257,-6.404589],[106.886086,-6.404546],[106.885753,-6.404224],[106.885627,-6.404261],[106.885211,-6.405327],[106.8856,-6.405692],[106.88528,-6.406601],[106.887545,-6.40746]]]},"properties":{"layer_id":"legalitas","jenis":"legal","nama":"Margata","sumber":"OSM (status: contoh)","atribut":{"status":"SHM","peruntukan":"Permukiman"}}},{"type":"Feature","geometry":{"type":"Polygon","coordinates":[[[106.885927,-6.409368],[106.886324,-6.408963],[106.886989,-6.408656],[106.887113,-6.408539],[106.887545,-6.40746],[106.88528,-6.406601],[106.885192,-6.407036],[106.884951,-6.407633],[106.884821,-6.408939],[106.885927,-6.409368]]]},"properties":{"layer_id":"legalitas","jenis":"legal","nama":"Nahara","sumber":"OSM (status: contoh)","atribut":{"status":"SHM","peruntukan":"Permukiman"}}},{"type":"Feature","geometry":{"type":"Polygon","coordinates":[[[106.889827,-6.419979],[106.890817,-6.420115],[106.890978,-6.420064],[106.891276,-6.419603],[106.892072,-6.419113],[106.891936,-6.418612],[106.891093,-6.418708],[106.890653,-6.418673],[106.888089,-6.41709],[106.887703,-6.418374],[106.887593,-6.41894],[106.887872,-6.41899],[106.889554,-6.419934],[106.889615,-6.41977],[106.889864,-6.419866],[106.889827,-6.419979]]]},"properties":{"layer_id":"legalitas","jenis":"legal","nama":"Garden Residence","sumber":"OSM (status: contoh)","atribut":{"status":"SHM","peruntukan":"Permukiman"}}},{"type":"Feature","geometry":{"type":"Polygon","coordinates":[[[106.858953,-6.430734],[106.859451,-6.430734],[106.859471,-6.430826],[106.860175,-6.430467],[106.860393,-6.430477],[106.860796,-6.430337],[106.860525,-6.429697],[106.860421,-6.429704],[106.859937,-6.430195],[106.859454,-6.430387],[106.859239,-6.430282],[106.859023,-6.430271],[106.858905,-6.430718],[106.858953,-6.430734]]]},"properties":{"layer_id":"legalitas","jenis":"legal","nama":"Jayana Valey","sumber":"OSM (status: contoh)","atribut":{"status":"SHGB dalam proses","peruntukan":"Permukiman"}}},{"type":"Feature","geometry":{"type":"Polygon","coordinates":[[[106.864734,-6.42797],[106.864385,-6.42777],[106.863992,-6.428352],[106.863774,-6.428235],[106.86366,-6.428671],[106.864416,-6.429117],[106.865018,-6.428136],[106.864734,-6.42797]]]},"properties":{"layer_id":"legalitas","jenis":"legal","nama":"Rusunawa Banjaran Pucung","sumber":"OSM (status: contoh)","atribut":{"status":"HGB","peruntukan":"Permukiman"}}},{"type":"Feature","geometry":{"type":"Polygon","coordinates":[[[106.869534,-6.416605],[106.86913,-6.416469],[106.868867,-6.416805],[106.868851,-6.416855],[106.869201,-6.416983],[106.869484,-6.416721],[106.869534,-6.416605]]]},"properties":{"layer_id":"legalitas","jenis":"legal","nama":"Cluster Tiara Jatijajar","sumber":"OSM (status: contoh)","atribut":{"status":"HGB","peruntukan":"Permukiman"}}},{"type":"Feature","geometry":{"type":"Polygon","coordinates":[[[106.750779,-6.330831],[106.750881,-6.331143],[106.751052,-6.331316],[106.751353,-6.331228],[106.751374,-6.331297],[106.751657,-6.331247],[106.752216,-6.330977],[106.752107,-6.330747],[106.751768,-6.330465],[106.751717,-6.330337],[106.751235,-6.330513],[106.75121,-6.330681],[106.750779,-6.330831]]]},"properties":{"layer_id":"legalitas","jenis":"legal","nama":"Ciputat Residence One","sumber":"OSM (status: contoh)","atribut":{"status":"HGB","peruntukan":"Permukiman"}}},{"type":"Feature","geometry":{"type":"Polygon","coordinates":[[[106.750008,-6.33256],[106.750218,-6.332534],[106.750231,-6.332965],[106.750062,-6.333028],[106.750008,-6.33256]]]},"properties":{"layer_id":"legalitas","jenis":"legal","nama":"Green Urban Townhouse","sumber":"OSM (status: contoh)","atribut":{"status":"HGB","peruntukan":"Permukiman"}}},{"type":"Feature","geometry":{"type":"Polygon","coordinates":[[[106.751612,-6.332518],[106.751739,-6.332804],[106.7521,-6.332736],[106.752023,-6.332365],[106.751822,-6.332384],[106.75172,-6.332419],[106.751735,-6.332494],[106.751612,-6.332518]]]},"properties":{"layer_id":"legalitas","jenis":"legal","nama":"Becik San Townhome","sumber":"OSM (status: contoh)","atribut":{"status":"HGB","peruntukan":"Permukiman"}}},{"type":"Feature","geometry":{"type":"Polygon","coordinates":[[[106.807404,-6.30676],[106.807109,-6.306735],[106.807164,-6.306298],[106.807054,-6.306262],[106.807141,-6.305858],[106.807563,-6.305959],[106.807404,-6.30676]]]},"properties":{"layer_id":"legalitas","jenis":"legal","nama":"Arden Residence Bango","sumber":"OSM (status: contoh)","atribut":{"status":"HGB","peruntukan":"Permukiman"}}},{"type":"Feature","geometry":{"type":"Polygon","coordinates":[[[106.802757,-6.415197],[106.802465,-6.415435],[106.802573,-6.415493],[106.802525,-6.415692],[106.803017,-6.415806],[106.803026,-6.415878],[106.803453,-6.415904],[106.803526,-6.415608],[106.803648,-6.415638],[106.803677,-6.415487],[106.802757,-6.415197]]]},"properties":{"layer_id":"legalitas","jenis":"legal","nama":"Mutiara Cagar Alam 3","sumber":"OSM (status: contoh)","atribut":{"status":"HGB","peruntukan":"Permukiman"}}},{"type":"Feature","geometry":{"type":"Polygon","coordinates":[[[106.731423,-6.383754],[106.731428,-6.384407],[106.731634,-6.384987],[106.732453,-6.385029],[106.732452,-6.385122],[106.732285,-6.385135],[106.732249,-6.38524],[106.73175,-6.385237],[106.731733,-6.385512],[106.731875,-6.385607],[106.731874,-6.385812],[106.732304,-6.385755],[106.732312,-6.385845],[106.732447,-6.385889],[106.732878,-6.385678],[106.733022,-6.385682],[106.733037,-6.385786],[106.733216,-6.385962],[106.733563,-6.385992],[106.733672,-6.385926],[106.733679,-6.384468],[106.733525,-6.384257],[106.733534,-6.384169],[106.733648,-6.384231],[106.733654,-6.383992],[106.733323,-6.383875],[106.733461,-6.3832],[106.733038,-6.38312],[106.732996,-6.383279],[106.732848,-6.38332],[106.732753,-6.383976],[106.732462,-6.383992],[106.732368,-6.383481],[106.731858,-6.383645],[106.731409,-6.383689],[106.731423,-6.383754]]]},"properties":{"layer_id":"legalitas","jenis":"legal","nama":"Insani","sumber":"OSM (status: contoh)","atribut":{"status":"SHGB dalam proses","peruntukan":"Permukiman"}}},{"type":"Feature","geometry":{"type":"Polygon","coordinates":[[[106.733292,-6.38741],[106.73326,-6.387896],[106.733603,-6.38795],[106.733589,-6.388031],[106.73394,-6.388139],[106.734014,-6.387978],[106.734155,-6.388035],[106.73436,-6.387601],[106.734757,-6.387672],[106.734869,-6.387181],[106.734543,-6.387127],[106.734616,-6.386876],[106.734577,-6.386796],[106.734424,-6.386784],[106.73443,-6.386454],[106.733883,-6.386379],[106.733964,-6.386772],[106.733759,-6.386811],[106.733812,-6.387059],[106.733686,-6.387263],[106.73349,-6.387246],[106.733469,-6.387417],[106.733292,-6.38741]]]},"properties":{"layer_id":"legalitas","jenis":"legal","nama":"Seruni","sumber":"OSM (status: contoh)","atribut":{"status":"SHM","peruntukan":"Permukiman"}}},{"type":"Feature","geometry":{"type":"Polygon","coordinates":[[[106.700241,-6.310265],[106.700182,-6.310661],[106.700361,-6.310668],[106.70045,-6.311206],[106.699875,-6.311185],[106.699865,-6.31179],[106.700042,-6.311822],[106.700023,-6.311905],[106.70016,-6.311932],[106.700149,-6.312123],[106.699804,-6.312057],[106.699758,-6.312425],[106.700104,-6.312417],[106.700085,-6.312707],[106.700557,-6.312779],[106.70053,-6.31297],[106.702134,-6.313161],[106.702156,-6.312982],[106.702046,-6.312958],[106.702124,-6.312169],[106.701866,-6.312138],[106.701788,-6.312593],[106.70148,-6.312555],[106.701563,-6.312129],[106.701434,-6.31211],[106.701481,-6.311746],[106.701523,-6.311486],[106.702282,-6.311617],[106.702413,-6.310791],[106.702493,-6.310805],[106.702521,-6.310599],[106.701791,-6.310449],[106.701786,-6.310588],[106.701357,-6.310529],[106.701322,-6.310345],[106.700887,-6.310332],[106.700903,-6.310177],[106.70107,-6.310185],[106.70115,-6.309657],[106.70137,-6.309609],[106.701373,-6.309399],[106.701292,-6.309396],[106.701297,-6.309239],[106.701394,-6.309241],[106.701407,-6.309135],[106.701649,-6.30914],[106.701662,-6.309263],[106.701729,-6.30929],[106.701668,-6.309386],[106.701732,-6.309386],[106.702293,-6.308969],[106.702284,-6.30892],[106.701794,-6.308897],[106.701793,-6.308831],[106.701444,-6.308838],[106.701441,-6.308755],[106.70178,-6.308635],[106.702235,-6.308573],[106.702376,-6.30873],[106.702427,-6.308686],[106.702517,-6.308874],[106.70172,-6.309471],[106.701887,-6.309489],[106.702121,-6.309314],[106.70233,-6.309407],[106.70269,-6.309386],[106.702748,-6.309684],[106.703749,-6.309761],[106.70387,-6.309695],[106.703805,-6.309324],[106.703245,-6.30918],[106.702923,-6.308972],[106.70314,-6.308892],[106.703194,-6.308799],[106.703137,-6.308666],[106.70328,-6.308508],[106.703344,-6.308109],[106.703564,-6.307874],[106.703398,-6.307677],[106.702781,-6.307591],[106.702604,-6.307677],[106.702234,-6.308013],[106.701807,-6.307836],[106.701611,-6.307599],[106.701509,-6.307567],[106.701281,-6.307685],[106.700949,-6.308162],[106.700823,-6.308204],[106.700267,-6.308124],[106.699908,-6.307927],[106.699876,-6.307767],[106.6999,-6.307562],[106.700305,-6.307279],[106.700206,-6.307085],[106.699793,-6.30721],[106.699022,-6.307273],[106.699011,-6.307706],[106.699187,-6.308033],[106.699079,-6.308583],[106.698775,-6.308556],[106.698774,-6.308319],[106.698153,-6.308338],[106.698147,-6.307912],[106.698052,-6.307897],[106.698064,-6.307736],[106.697451,-6.30773],[106.697451,-6.307962],[106.697572,-6.307981],[106.697583,-6.308735],[106.697684,-6.308751],[106.697693,-6.308946],[106.697604,-6.308938],[106.697609,-6.309164],[106.69777,-6.309463],[106.698205,-6.309444],[106.69821,-6.309217],[106.699001,-6.309372],[106.699004,-6.309713],[106.699315,-6.309673],[106.699324,-6.30921],[106.699772,-6.309194],[106.699798,-6.309028],[106.700018,-6.309055],[106.700072,-6.308823],[106.700243,-6.308863],[106.700284,-6.308687],[106.7006,-6.308759],[106.70045,-6.309823],[106.700489,-6.309867],[106.700666,-6.309821],[106.700575,-6.310297],[106.700241,-6.310265]]]},"properties":{"layer_id":"legalitas","jenis":"legal","nama":"The Savia","sumber":"OSM (status: contoh)","atribut":{"status":"SHM","peruntukan":"Permukiman"}}},{"type":"Feature","geometry":{"type":"Polygon","coordinates":[[[106.732564,-6.353141],[106.734077,-6.353315],[106.73408,-6.353287],[106.733586,-6.353235],[106.733618,-6.352906],[106.732604,-6.352781],[106.732564,-6.353141]]]},"properties":{"layer_id":"legalitas","jenis":"legal","nama":"Pamulang Residence","sumber":"OSM (status: contoh)","atribut":{"status":"SHM","peruntukan":"Permukiman"}}},{"type":"Feature","geometry":{"type":"Polygon","coordinates":[[[106.734204,-6.329904],[106.734195,-6.329794],[106.734104,-6.329797],[106.734063,-6.329585],[106.734546,-6.329385],[106.734588,-6.329506],[106.734498,-6.329529],[106.73455,-6.329833],[106.734204,-6.329904]]]},"properties":{"layer_id":"legalitas","jenis":"legal","nama":"Green Oscar Residence","sumber":"OSM (status: contoh)","atribut":{"status":"Girik","peruntukan":"Permukiman"}}},{"type":"Feature","geometry":{"type":"Polygon","coordinates":[[[106.819702,-6.357638],[106.81987,-6.357402],[106.820069,-6.35753],[106.81992,-6.35776],[106.819702,-6.357638]]]},"properties":{"layer_id":"legalitas","jenis":"legal","nama":"Griya Rawa Pule","sumber":"OSM (status: contoh)","atribut":{"status":"SHM","peruntukan":"Permukiman"}}},{"type":"Feature","geometry":{"type":"Polygon","coordinates":[[[106.734377,-6.551661],[106.735288,-6.551605],[106.735398,-6.552298],[106.734438,-6.552343],[106.734377,-6.551661]]]},"properties":{"layer_id":"legalitas","jenis":"legal","nama":"Kawasan Aparkost IPB","sumber":"OSM (status: contoh)","atribut":{"status":"SHM","peruntukan":"Permukiman"}}},{"type":"Feature","geometry":{"type":"Polygon","coordinates":[[[106.782244,-6.292328],[106.782331,-6.292993],[106.782983,-6.292999],[106.783008,-6.292799],[106.783265,-6.292795],[106.78326,-6.292355],[106.782244,-6.292328]]]},"properties":{"layer_id":"legalitas","jenis":"legal","nama":"Arumaya Residences","sumber":"OSM (status: contoh)","atribut":{"status":"SHGB dalam proses","peruntukan":"Permukiman"}}},{"type":"Feature","geometry":{"type":"Polygon","coordinates":[[[106.802123,-6.374523],[106.802137,-6.374779],[106.802472,-6.374768],[106.802542,-6.375312],[106.802477,-6.375325],[106.802435,-6.375914],[106.801855,-6.375901],[106.801818,-6.375624],[106.801685,-6.375476],[106.801686,-6.374824],[106.801804,-6.374797],[106.801812,-6.374484],[106.802123,-6.374473],[106.802123,-6.374523]]]},"properties":{"layer_id":"legalitas","jenis":"legal","nama":"Putra Mandiri Regency","sumber":"OSM (status: contoh)","atribut":{"status":"SHM","peruntukan":"Permukiman"}}},{"type":"Feature","geometry":{"type":"Polygon","coordinates":[[[106.914062,-6.35267],[106.913901,-6.353262],[106.913617,-6.353151],[106.913653,-6.353056],[106.91358,-6.353047],[106.91377,-6.35258],[106.914062,-6.35267]]]},"properties":{"layer_id":"legalitas","jenis":"legal","nama":"Kavling Mandiri","sumber":"OSM (status: contoh)","atribut":{"status":"SHGB dalam proses","peruntukan":"Permukiman"}}},{"type":"Feature","geometry":{"type":"Polygon","coordinates":[[[106.794534,-6.53384],[106.794413,-6.534099],[106.793998,-6.534265],[106.793876,-6.534566],[106.793605,-6.534588],[106.793578,-6.534929],[106.793258,-6.534955],[106.793011,-6.536534],[106.792897,-6.536573],[106.792057,-6.536396],[106.791107,-6.536351],[106.79108,-6.536803],[106.791359,-6.536858],[106.791264,-6.537644],[106.791268,-6.537745],[106.791372,-6.537825],[106.791321,-6.538216],[106.79102,-6.538203],[106.790982,-6.538784],[106.790823,-6.538776],[106.790815,-6.538519],[106.790569,-6.53852],[106.790487,-6.539222],[106.790125,-6.539236],[106.790116,-6.539665],[106.790921,-6.539648],[106.790905,-6.540036],[106.79029,-6.540053],[106.790311,-6.54053],[106.792703,-6.540596],[106.7927,-6.540639],[106.793205,-6.540736],[106.793242,-6.540319],[106.793507,-6.540341],[106.793569,-6.540303],[106.793611,-6.539984],[106.793965,-6.540008],[106.793982,-6.539619],[106.793833,-6.539603],[106.793858,-6.539277],[106.793205,-6.539184],[106.793213,-6.539112],[106.793007,-6.539085],[106.793048,-6.538772],[106.793608,-6.538807],[106.793626,-6.538528],[106.793506,-6.53847],[106.793552,-6.537919],[106.793418,-6.537875],[106.793448,-6.537443],[106.793712,-6.53746],[106.793801,-6.536653],[106.794495,-6.536736],[106.794502,-6.535933],[106.794774,-6.535945],[106.794841,-6.535501],[106.794913,-6.535506],[106.794961,-6.534954],[106.794654,-6.534928],[106.79475,-6.534172],[106.794714,-6.534058],[106.794629,-6.534022],[106.794649,-6.533851],[106.794534,-6.53384]]]},"properties":{"layer_id":"legalitas","jenis":"legal","nama":"Perumahan Pesona Cilebut 2","sumber":"OSM (status: contoh)","atribut":{"status":"HGB","peruntukan":"Permukiman"}}},{"type":"Feature","geometry":{"type":"Polygon","coordinates":[[[106.778741,-6.398261],[106.778657,-6.398175],[106.779168,-6.397111],[106.779239,-6.396916],[106.779267,-6.397449],[106.779621,-6.39927],[106.778741,-6.398261]]]},"properties":{"layer_id":"legalitas","jenis":"legal","nama":"Pesona Madani","sumber":"OSM (status: contoh)","atribut":{"status":"HGB","peruntukan":"Permukiman"}}},{"type":"Feature","geometry":{"type":"Polygon","coordinates":[[[106.704717,-6.370587],[106.704669,-6.370075],[106.704728,-6.370054],[106.704637,-6.369563],[106.704567,-6.369345],[106.704288,-6.369366],[106.704283,-6.368694],[106.704835,-6.368534],[106.704857,-6.369025],[106.705334,-6.368908],[106.705227,-6.368374],[106.705737,-6.368209],[106.705967,-6.369217],[106.705688,-6.369339],[106.705726,-6.369435],[106.705967,-6.369388],[106.705983,-6.369638],[106.706364,-6.369803],[106.706434,-6.369985],[106.706557,-6.371205],[106.705238,-6.371312],[106.705205,-6.371083],[106.704916,-6.371099],[106.7049,-6.371024],[106.704808,-6.371035],[106.704808,-6.37112],[106.704551,-6.371142],[106.704181,-6.371323],[106.703972,-6.370875],[106.704717,-6.370587]]]},"properties":{"layer_id":"legalitas","jenis":"legal","nama":"Bali Resort","sumber":"OSM (status: contoh)","atribut":{"status":"SHM","peruntukan":"Permukiman"}}},{"type":"Feature","geometry":{"type":"Polygon","coordinates":[[[106.694978,-6.347081],[106.695059,-6.347373],[106.694706,-6.347547],[106.694336,-6.347562],[106.694349,-6.347861],[106.694486,-6.347855],[106.694447,-6.348152],[106.694314,-6.348152],[106.694309,-6.348042],[106.693799,-6.348079],[106.693772,-6.347591],[106.693436,-6.34763],[106.693519,-6.348638],[106.693895,-6.348555],[106.693921,-6.34864],[106.694179,-6.348638],[106.694182,-6.348928],[106.693846,-6.349005],[106.693849,-6.349112],[106.693557,-6.349152],[106.693589,-6.349347],[106.693755,-6.349349],[106.693771,-6.349448],[106.693945,-6.349464],[106.693945,-6.349656],[106.693473,-6.349672],[106.693473,-6.34977],[106.693302,-6.349773],[106.6932,-6.349848],[106.693237,-6.350685],[106.693077,-6.350696],[106.693023,-6.350925],[106.692669,-6.350866],[106.692336,-6.350717],[106.692358,-6.350936],[106.692154,-6.350936],[106.692095,-6.351287],[106.691945,-6.351378],[106.691982,-6.352364],[106.691735,-6.35237],[106.691719,-6.352775],[106.691923,-6.352754],[106.691934,-6.353372],[106.691998,-6.353521],[106.691751,-6.353564],[106.691773,-6.353729],[106.691955,-6.353697],[106.692004,-6.35391],[106.692181,-6.354001],[106.692229,-6.354129],[106.692116,-6.354188],[106.692191,-6.354454],[106.692427,-6.354385],[106.692508,-6.354667],[106.692379,-6.354694],[106.69239,-6.354838],[106.692588,-6.355121],[106.692975,-6.355137],[106.69298,-6.355009],[106.693243,-6.354998],[106.693243,-6.355398],[106.693868,-6.355529],[106.693862,-6.355987],[106.693938,-6.356115],[106.694479,-6.356134],[106.694466,-6.356752],[106.695354,-6.3562],[106.695413,-6.356099],[106.695386,-6.355294],[106.695675,-6.355283],[106.695697,-6.355014],[106.696249,-6.355001],[106.696325,-6.355062],[106.696314,-6.355491],[106.696134,-6.355494],[106.696145,-6.35571],[106.696035,-6.35571],[106.696051,-6.356211],[106.695743,-6.356203],[106.695769,-6.356371],[106.695614,-6.357093],[106.695697,-6.357251],[106.695689,-6.358208],[106.69559,-6.358333],[106.695767,-6.358496],[106.695871,-6.358405],[106.695976,-6.358533],[106.696673,-6.358005],[106.697805,-6.358743],[106.697896,-6.358634],[106.698079,-6.358642],[106.698226,-6.358746],[106.699136,-6.358941],[106.69994,-6.358994],[106.700378,-6.35889],[106.70049,-6.358669],[106.700496,-6.358208],[106.700361,-6.358186],[106.700332,-6.358072],[106.70012,-6.358034],[106.700112,-6.357744],[106.699919,-6.357749],[106.699908,-6.356931],[106.699991,-6.356656],[106.699854,-6.356637],[106.700131,-6.356038],[106.700216,-6.355987],[106.70064,-6.356099],[106.70075,-6.355662],[106.700772,-6.355177],[106.700426,-6.355174],[106.700571,-6.354785],[106.700748,-6.354558],[106.700898,-6.354524],[106.701128,-6.354545],[106.701134,-6.354646],[106.701314,-6.354638],[106.701359,-6.353988],[106.701222,-6.353964],[106.701306,-6.353697],[106.701013,-6.353631],[106.701048,-6.353497],[106.700807,-6.353516],[106.700809,-6.353383],[106.700694,-6.353249],[106.70056,-6.353244],[106.700538,-6.353404],[106.700356,-6.353388],[106.700458,-6.353041],[106.699903,-6.352993],[106.699551,-6.352812],[106.699546,-6.352636],[106.699809,-6.351983],[106.700085,-6.35177],[106.700131,-6.351519],[106.699989,-6.351413],[106.699769,-6.351079],[106.699514,-6.351463],[106.699259,-6.351247],[106.699028,-6.351242],[106.69902,-6.351013],[106.699187,-6.351007],[106.69916,-6.350887],[106.699036,-6.350877],[106.699128,-6.350608],[106.69865,-6.350586],[106.698629,-6.350701],[106.698427,-6.350666],[106.698409,-6.350512],[106.698065,-6.350344],[106.697896,-6.350754],[106.698162,-6.350936],[106.698189,-6.351279],[106.69846,-6.351351],[106.698436,-6.351743],[106.698476,-6.351796],[106.698747,-6.35181],[106.698755,-6.351997],[106.69894,-6.352004],[106.698948,-6.352151],[106.699122,-6.352154],[106.699112,-6.35225],[106.698798,-6.352274],[106.6988,-6.352575],[106.698937,-6.352834],[106.698816,-6.352857],[106.698814,-6.353103],[106.698696,-6.353081],[106.69868,-6.353337],[106.698586,-6.353329],[106.698578,-6.353431],[106.698653,-6.353425],[106.69868,-6.353532],[106.69887,-6.353559],[106.69887,-6.35407],[106.698586,-6.354052],[106.698594,-6.354164],[106.698484,-6.354174],[106.69846,-6.354284],[106.698371,-6.354321],[106.698264,-6.354305],[106.698261,-6.354148],[106.697309,-6.354204],[106.697304,-6.354667],[106.696866,-6.354633],[106.696775,-6.354041],[106.696539,-6.35407],[106.696547,-6.353436],[106.696478,-6.353116],[106.696349,-6.353137],[106.696249,-6.352817],[106.696019,-6.352748],[106.696022,-6.352476],[106.696196,-6.352468],[106.696115,-6.352154],[106.695898,-6.352154],[106.695818,-6.351892],[106.695402,-6.351855],[106.695316,-6.351687],[106.695118,-6.351535],[106.695204,-6.350898],[106.695544,-6.350826],[106.695794,-6.35057],[106.69604,-6.350536],[106.695962,-6.350133],[106.696137,-6.350074],[106.696153,-6.349989],[106.69637,-6.349965],[106.696327,-6.349669],[106.696225,-6.349504],[106.695976,-6.349611],[106.695952,-6.349528],[106.695284,-6.349509],[106.695228,-6.34892],[106.695338,-6.348752],[106.695949,-6.348318],[106.695461,-6.347085],[106.694978,-6.347081]]]},"properties":{"layer_id":"legalitas","jenis":"legal","nama":"Paradise Serpong City","sumber":"OSM (status: contoh)","atribut":{"status":"HGB","peruntukan":"Permukiman"}}},{"type":"Feature","geometry":{"type":"Polygon","coordinates":[[[106.703982,-6.365522],[106.703896,-6.365032],[106.703028,-6.363965],[106.702706,-6.363086],[106.702706,-6.362862],[106.70255,-6.362318],[106.702459,-6.362233],[106.702078,-6.362206],[106.701246,-6.361572],[106.701171,-6.361422],[106.700994,-6.360207],[106.702421,-6.360026],[106.702223,-6.359093],[106.70225,-6.358863],[106.702636,-6.358815],[106.70269,-6.359109],[106.702931,-6.35913],[106.703896,-6.359055],[106.705377,-6.358837],[106.705656,-6.35889],[106.70564,-6.359002],[106.705769,-6.359029],[106.705779,-6.358901],[106.706439,-6.359018],[106.706938,-6.359327],[106.706858,-6.35954],[106.707056,-6.359674],[106.706906,-6.359818],[106.706643,-6.360495],[106.706396,-6.36034],[106.70616,-6.360457],[106.705876,-6.360681],[106.705576,-6.361279],[106.705538,-6.361598],[106.705613,-6.361785],[106.706117,-6.362734],[106.706364,-6.362915],[106.706455,-6.363288],[106.706461,-6.364056],[106.706305,-6.364557],[106.706434,-6.36533],[106.706144,-6.365464],[106.706246,-6.365682],[106.706536,-6.365602],[106.706938,-6.365682],[106.707051,-6.365757],[106.707292,-6.366146],[106.70733,-6.366381],[106.707185,-6.366834],[106.707008,-6.36693],[106.707416,-6.367841],[106.707024,-6.367745],[106.70674,-6.367788],[106.705806,-6.368097],[106.705431,-6.367218],[106.704771,-6.367303],[106.704857,-6.367822],[106.704295,-6.367926],[106.703991,-6.366893],[106.702992,-6.367308],[106.702377,-6.367323],[106.701306,-6.364515],[106.700324,-6.362547],[106.701241,-6.362185],[106.701542,-6.362377],[106.701992,-6.362547],[106.702373,-6.363203],[106.70248,-6.363694],[106.702727,-6.364019],[106.703081,-6.364968],[106.703446,-6.365213],[106.70351,-6.36533],[106.703473,-6.365464],[106.703741,-6.36565],[106.703907,-6.365629],[106.703982,-6.365522]]]},"properties":{"layer_id":"legalitas","jenis":"legal","nama":"Bukit Dago","sumber":"OSM (status: contoh)","atribut":{"status":"HGB","peruntukan":"Permukiman"}}},{"type":"Feature","geometry":{"type":"Polygon","coordinates":[[[106.737553,-6.295339],[106.737516,-6.295293],[106.737602,-6.295016],[106.737046,-6.295051],[106.737017,-6.294984],[106.736572,-6.294974],[106.736569,-6.294768],[106.736993,-6.294766],[106.736982,-6.2944],[106.737089,-6.294304],[106.737062,-6.294187],[106.736859,-6.294038],[106.73682,-6.293923],[106.736902,-6.293811],[106.736843,-6.29351],[106.737025,-6.29329],[106.737135,-6.293318],[106.737414,-6.293425],[106.737621,-6.293319],[106.737776,-6.29334],[106.737859,-6.293457],[106.738302,-6.293683],[106.738929,-6.293574],[106.739071,-6.294088],[106.739141,-6.295259],[106.739018,-6.29532],[106.739026,-6.295568],[106.738814,-6.295637],[106.738653,-6.295437],[106.738047,-6.295429],[106.737553,-6.295339]]]},"properties":{"layer_id":"legalitas","jenis":"legal","nama":"Graha Permai","sumber":"OSM (status: contoh)","atribut":{"status":"HGB","peruntukan":"Permukiman"}}},{"type":"Feature","geometry":{"type":"Polygon","coordinates":[[[106.728342,-6.298183],[106.728559,-6.298183],[106.72861,-6.297818],[106.728216,-6.2977],[106.72809,-6.297692],[106.728101,-6.298167],[106.728342,-6.298183]]]},"properties":{"layer_id":"legalitas","jenis":"legal","nama":"Amala Vilase","sumber":"OSM (status: contoh)","atribut":{"status":"Girik","peruntukan":"Permukiman"}}},{"type":"Feature","geometry":{"type":"Polygon","coordinates":[[[106.729302,-6.300542],[106.730153,-6.300297],[106.730064,-6.29999],[106.730501,-6.299873],[106.730416,-6.299681],[106.73008,-6.299735],[106.730027,-6.299305],[106.729512,-6.299337],[106.729404,-6.299415],[106.729399,-6.299596],[106.729125,-6.299633],[106.729117,-6.2999],[106.729302,-6.300542]]]},"properties":{"layer_id":"legalitas","jenis":"legal","nama":"Plataran Indah Bintaro","sumber":"OSM (status: contoh)","atribut":{"status":"Girik","peruntukan":"Permukiman"}}},{"type":"Feature","geometry":{"type":"Polygon","coordinates":[[[106.728483,-6.299564],[106.728694,-6.299164],[106.728321,-6.299161],[106.728125,-6.299167],[106.728109,-6.299567],[106.728483,-6.299564]]]},"properties":{"layer_id":"legalitas","jenis":"legal","nama":"Pares Bintaro","sumber":"OSM (status: contoh)","atribut":{"status":"Girik","peruntukan":"Permukiman"}}},{"type":"Feature","geometry":{"type":"Polygon","coordinates":[[[106.728071,-6.298199],[106.727913,-6.298204],[106.7279,-6.298993],[106.727822,-6.299356],[106.727838,-6.299996],[106.728482,-6.29994],[106.728447,-6.299635],[106.728483,-6.299564],[106.728109,-6.299567],[106.728125,-6.299167],[106.728321,-6.299161],[106.728305,-6.29872],[106.728073,-6.298718],[106.728071,-6.298199]]]},"properties":{"layer_id":"legalitas","jenis":"legal","nama":"Pesona Bintaro","sumber":"OSM (status: contoh)","atribut":{"status":"Girik","peruntukan":"Permukiman"}}},{"type":"Feature","geometry":{"type":"Polygon","coordinates":[[[106.728699,-6.298844],[106.728694,-6.298476],[106.728074,-6.298455],[106.728073,-6.298718],[106.728305,-6.29872],[106.728309,-6.29882],[106.728699,-6.298844]]]},"properties":{"layer_id":"legalitas","jenis":"legal","nama":"Bintaro Grande","sumber":"OSM (status: contoh)","atribut":{"status":"SHGB dalam proses","peruntukan":"Permukiman"}}},{"type":"Feature","geometry":{"type":"Polygon","coordinates":[[[106.727865,-6.300361],[106.728256,-6.300334],[106.728256,-6.300409],[106.728535,-6.300396],[106.728482,-6.29994],[106.727838,-6.299996],[106.727822,-6.299804],[106.727495,-6.299807],[106.727503,-6.300148],[106.727792,-6.300132],[106.727865,-6.300361]]]},"properties":{"layer_id":"legalitas","jenis":"legal","nama":"Bintaro Lestari","sumber":"OSM (status: contoh)","atribut":{"status":"SHGB dalam proses","peruntukan":"Permukiman"}}},{"type":"Feature","geometry":{"type":"Polygon","coordinates":[[[106.726095,-6.301419],[106.72629,-6.303167],[106.727882,-6.302284],[106.727741,-6.302246],[106.727626,-6.301905],[106.727551,-6.30139],[106.727752,-6.300844],[106.726736,-6.300886],[106.726733,-6.300806],[106.726076,-6.300846],[106.726095,-6.301419]]]},"properties":{"layer_id":"legalitas","jenis":"legal","nama":"Urbana Place","sumber":"OSM (status: contoh)","atribut":{"status":"HGB","peruntukan":"Permukiman"}}},{"type":"Feature","geometry":{"type":"Polygon","coordinates":[[[106.724244,-6.303494],[106.72401,-6.303486],[106.723994,-6.303128],[106.723825,-6.302915],[106.723748,-6.302435],[106.724187,-6.301249],[106.724338,-6.301017],[106.724716,-6.300742],[106.725,-6.300406],[106.725089,-6.300548],[106.72555,-6.30054],[106.725573,-6.300461],[106.725782,-6.300534],[106.725775,-6.300753],[106.725523,-6.30074],[106.725512,-6.301032],[106.725767,-6.301025],[106.725716,-6.30183],[106.725373,-6.301851],[106.725343,-6.302486],[106.725432,-6.302979],[106.724297,-6.303083],[106.724244,-6.303494]]]},"properties":{"layer_id":"legalitas","jenis":"legal","nama":"U-Ville","sumber":"OSM (status: contoh)","atribut":{"status":"HGB","peruntukan":"Permukiman"}}},{"type":"Feature","geometry":{"type":"Polygon","coordinates":[[[106.783962,-6.501796],[106.784464,-6.502087],[106.784546,-6.502129],[106.784503,-6.502219],[106.784599,-6.502263],[106.784044,-6.50351],[106.783291,-6.503182],[106.78358,-6.502454],[106.783962,-6.501796]]]},"properties":{"layer_id":"legalitas","jenis":"legal","nama":"Sentra Danau Kemuning","sumber":"OSM (status: contoh)","atribut":{"status":"SHM","peruntukan":"Permukiman"}}},{"type":"Feature","geometry":{"type":"Polygon","coordinates":[[[106.7138,-6.316932],[106.713898,-6.317818],[106.714224,-6.317815],[106.714427,-6.316821],[106.714808,-6.316866],[106.715248,-6.316754],[106.715556,-6.318514],[106.714963,-6.318692],[106.714819,-6.318202],[106.714572,-6.318252],[106.714202,-6.318492],[106.713913,-6.318524],[106.713847,-6.318159],[106.7134,-6.318255],[106.713515,-6.317807],[106.713462,-6.317192],[106.7138,-6.316932]]]},"properties":{"layer_id":"legalitas","jenis":"legal","nama":"Loftvilles City","sumber":"OSM (status: contoh)","atribut":{"status":"SHGB dalam proses","peruntukan":"Permukiman"}}},{"type":"Feature","geometry":{"type":"Polygon","coordinates":[[[106.709073,-6.31737],[106.709508,-6.317394],[106.709354,-6.317005],[106.709628,-6.316887],[106.709859,-6.317434],[106.710176,-6.317786],[106.710189,-6.317959],[106.710441,-6.318268],[106.711664,-6.318727],[106.711911,-6.318986],[106.712692,-6.319415],[106.71259,-6.319969],[106.713694,-6.319891],[106.713813,-6.320327],[106.713898,-6.320436],[106.714086,-6.320492],[106.714094,-6.320638],[106.714279,-6.320873],[106.714325,-6.321038],[106.714102,-6.321233],[106.714314,-6.321627],[106.713939,-6.321942],[106.713464,-6.321785],[106.713276,-6.321402],[106.712748,-6.320676],[106.712227,-6.320745],[106.712214,-6.32062],[106.712125,-6.320593],[106.712002,-6.320382],[106.711493,-6.320374],[106.711527,-6.319855],[106.711305,-6.319412],[106.710013,-6.318438],[106.709567,-6.317935],[106.709095,-6.317911],[106.709052,-6.317863],[106.709132,-6.317551],[106.709073,-6.31737]]]},"properties":{"layer_id":"legalitas","jenis":"legal","nama":"Sarua Makmur","sumber":"OSM (status: contoh)","atribut":{"status":"Girik","peruntukan":"Permukiman"}}},{"type":"Feature","geometry":{"type":"Polygon","coordinates":[[[106.710629,-6.319935],[106.709762,-6.319757],[106.710082,-6.31883],[106.710173,-6.318567],[106.710248,-6.318591],[106.711117,-6.319263],[106.710629,-6.319935]]]},"properties":{"layer_id":"legalitas","jenis":"legal","nama":"Puri Jayasri Serpong","sumber":"OSM (status: contoh)","atribut":{"status":"HGB","peruntukan":"Permukiman"}}},{"type":"Feature","geometry":{"type":"Polygon","coordinates":[[[106.718228,-6.315989],[106.718284,-6.316354],[106.718579,-6.31628],[106.718598,-6.31612],[106.719008,-6.316026],[106.718928,-6.315557],[106.718866,-6.315557],[106.718753,-6.315219],[106.718527,-6.315177],[106.718024,-6.31534],[106.718228,-6.315989]]]},"properties":{"layer_id":"legalitas","jenis":"legal","nama":"Cluster Hakiki","sumber":"OSM (status: contoh)","atribut":{"status":"SHM","peruntukan":"Permukiman"}}},{"type":"Feature","geometry":{"type":"Polygon","coordinates":[[[106.717393,-6.315349],[106.717318,-6.316394],[106.71756,-6.316418],[106.717549,-6.316794],[106.71764,-6.316802],[106.717632,-6.316389],[106.718169,-6.31628],[106.718142,-6.316002],[106.718228,-6.315989],[106.718024,-6.31534],[106.717882,-6.315386],[106.717822,-6.315184],[106.717627,-6.315232],[106.717611,-6.315131],[106.717399,-6.315144],[106.717393,-6.315349]]]},"properties":{"layer_id":"legalitas","jenis":"legal","nama":"TreVista Bintaro","sumber":"OSM (status: contoh)","atribut":{"status":"SHGB dalam proses","peruntukan":"Permukiman"}}},{"type":"Feature","geometry":{"type":"Polygon","coordinates":[[[106.707957,-6.314227],[106.707947,-6.314549],[106.708867,-6.314531],[106.708877,-6.314845],[106.709065,-6.315181],[106.70903,-6.315613],[106.708894,-6.315789],[106.708663,-6.315909],[106.70858,-6.316149],[106.708699,-6.316181],[106.708779,-6.315975],[106.709015,-6.315853],[106.709347,-6.315933],[106.709618,-6.315533],[106.709666,-6.315384],[106.709556,-6.315131],[106.709604,-6.314717],[106.709553,-6.314323],[106.70961,-6.314259],[106.71006,-6.314395],[106.710095,-6.314283],[106.710272,-6.314299],[106.710457,-6.314083],[106.710763,-6.313992],[106.710937,-6.313792],[106.710902,-6.313446],[106.710546,-6.313033],[106.710503,-6.312633],[106.710744,-6.311969],[106.710366,-6.311417],[106.710157,-6.311534],[106.710208,-6.311628],[106.710111,-6.312218],[106.709577,-6.312137],[106.709523,-6.312926],[106.709936,-6.313001],[106.709698,-6.313395],[106.709435,-6.313686],[106.709239,-6.313712],[106.709156,-6.31379],[106.709097,-6.313992],[106.708877,-6.314192],[106.708778,-6.314104],[106.708476,-6.314077],[106.708486,-6.314202],[106.707957,-6.314227]]]},"properties":{"layer_id":"legalitas","jenis":"legal","nama":"Grand Serpong Residence","sumber":"OSM (status: contoh)","atribut":{"status":"HGB","peruntukan":"Permukiman"}}},{"type":"Feature","geometry":{"type":"Polygon","coordinates":[[[106.710272,-6.314299],[106.710457,-6.314083],[106.710763,-6.313992],[106.711055,-6.314022],[106.711066,-6.314435],[106.710744,-6.314384],[106.710734,-6.314565],[106.710522,-6.314549],[106.710489,-6.314995],[106.710672,-6.315024],[106.710551,-6.315912],[106.710036,-6.315821],[106.709956,-6.316277],[106.710146,-6.316322],[106.71009,-6.316621],[106.709494,-6.316437],[106.709521,-6.316024],[106.709438,-6.315832],[106.709666,-6.315384],[106.709556,-6.315131],[106.709604,-6.314717],[106.709553,-6.314323],[106.70961,-6.314259],[106.71006,-6.314395],[106.710095,-6.314283],[106.710272,-6.314299]]]},"properties":{"layer_id":"legalitas","jenis":"legal","nama":"Griya Serpong Serua","sumber":"OSM (status: contoh)","atribut":{"status":"Girik","peruntukan":"Permukiman"}}},{"type":"Feature","geometry":{"type":"Polygon","coordinates":[[[106.713163,-6.317287],[106.712863,-6.317303],[106.712396,-6.317157],[106.71245,-6.317039],[106.712268,-6.316978],[106.711879,-6.31665],[106.71178,-6.316503],[106.711718,-6.316074],[106.711578,-6.315957],[106.711179,-6.316197],[106.710996,-6.316224],[106.710551,-6.315912],[106.710661,-6.31512],[106.711541,-6.315328],[106.711739,-6.315789],[106.711914,-6.315901],[106.712911,-6.315829],[106.713024,-6.316901],[106.713163,-6.317287]]]},"properties":{"layer_id":"legalitas","jenis":"legal","nama":"Grand Serpong 2","sumber":"OSM (status: contoh)","atribut":{"status":"HGB","peruntukan":"Permukiman"}}},{"type":"Feature","geometry":{"type":"Polygon","coordinates":[[[106.707874,-6.309705],[106.708244,-6.309735],[106.708215,-6.309393],[106.707915,-6.309375],[106.70774,-6.30898],[106.707853,-6.308906],[106.706369,-6.307002],[106.705997,-6.307135],[106.705913,-6.306994],[106.705256,-6.307261],[106.705114,-6.30693],[106.705136,-6.306474],[106.704782,-6.306429],[106.704733,-6.306946],[106.704484,-6.30705],[106.704428,-6.306631],[106.704508,-6.306085],[106.704277,-6.306061],[106.704256,-6.306288],[106.703977,-6.3062],[106.703966,-6.306408],[106.703618,-6.306394],[106.703604,-6.30593],[106.703443,-6.305925],[106.703459,-6.305501],[106.702287,-6.305299],[106.702279,-6.305864],[106.701651,-6.305877],[106.700638,-6.305784],[106.700624,-6.305523],[106.700037,-6.305498],[106.699951,-6.305056],[106.699881,-6.304976],[106.699597,-6.304973],[106.699567,-6.304621],[106.699321,-6.304628],[106.69917,-6.304717],[106.699098,-6.305043],[106.698838,-6.305195],[106.698645,-6.305517],[106.699023,-6.306138],[106.69913,-6.306626],[106.699093,-6.307089],[106.699817,-6.307087],[106.70001,-6.306925],[106.700415,-6.306935],[106.70052,-6.30705],[106.700643,-6.307058],[106.700638,-6.307258],[106.700058,-6.307589],[106.700042,-6.307882],[106.700632,-6.308039],[106.700804,-6.308055],[106.700898,-6.307983],[106.701279,-6.307429],[106.701673,-6.307426],[106.701711,-6.307223],[106.702276,-6.307218],[106.702287,-6.30741],[106.70351,-6.307423],[106.703698,-6.307943],[106.703497,-6.308124],[106.703331,-6.308668],[106.703419,-6.309004],[106.703513,-6.309095],[106.704033,-6.309215],[106.7042,-6.309364],[106.704326,-6.309521],[106.704331,-6.309719],[106.704521,-6.309916],[106.70465,-6.310263],[106.704686,-6.311435],[106.703961,-6.31139],[106.70388,-6.312531],[106.70391,-6.312747],[106.703988,-6.312822],[106.703969,-6.313171],[106.704092,-6.313192],[106.704106,-6.313328],[106.704229,-6.313366],[106.704176,-6.313699],[106.704682,-6.313726],[106.704884,-6.312697],[106.705326,-6.312787],[106.705618,-6.312649],[106.70583,-6.312406],[106.705836,-6.312201],[106.70571,-6.311918],[106.70545,-6.311713],[106.705246,-6.311675],[106.705286,-6.311382],[106.705044,-6.311321],[106.705034,-6.31118],[106.705315,-6.310945],[106.705648,-6.310881],[106.706074,-6.310953],[106.706391,-6.310774],[106.706565,-6.310183],[106.707126,-6.310012],[106.707268,-6.310076],[106.707837,-6.310095],[106.707874,-6.309705]]]},"properties":{"layer_id":"legalitas","jenis":"legal","nama":"Vila Dago Tol","sumber":"OSM (status: contoh)","atribut":{"status":"Girik","peruntukan":"Permukiman"}}},{"type":"Feature","geometry":{"type":"Polygon","coordinates":[[[106.704902,-6.314264],[106.705399,-6.314323],[106.705254,-6.31319],[106.705326,-6.312787],[106.704884,-6.312697],[106.704682,-6.313726],[106.704176,-6.313699],[106.704229,-6.313366],[106.703953,-6.313312],[106.70362,-6.314637],[106.704224,-6.314739],[106.704481,-6.314229],[106.704902,-6.314264]]]},"properties":{"layer_id":"legalitas","jenis":"legal","nama":"Serpong Riverside Residence","sumber":"OSM (status: contoh)","atribut":{"status":"SHM","peruntukan":"Permukiman"}}},{"type":"Feature","geometry":{"type":"Polygon","coordinates":[[[106.705686,-6.316506],[106.706097,-6.316341],[106.706168,-6.316021],[106.706115,-6.315925],[106.706139,-6.315757],[106.70642,-6.315866],[106.706992,-6.316224],[106.706716,-6.316599],[106.706905,-6.316662],[106.707094,-6.317298],[106.707188,-6.317674],[106.70704,-6.318095],[106.70685,-6.31817],[106.706737,-6.318455],[106.70656,-6.318458],[106.706455,-6.317938],[106.706203,-6.317514],[106.706077,-6.31685],[106.705686,-6.316506]]]},"properties":{"layer_id":"legalitas","jenis":"legal","nama":"Beranda Serpong","sumber":"OSM (status: contoh)","atribut":{"status":"SHGB dalam proses","peruntukan":"Permukiman"}}},{"type":"Feature","geometry":{"type":"Polygon","coordinates":[[[106.706391,-6.310774],[106.706565,-6.310183],[106.707126,-6.310012],[106.707268,-6.310076],[106.708188,-6.310145],[106.708145,-6.311217],[106.70777,-6.311212],[106.707737,-6.311549],[106.707345,-6.311505],[106.707319,-6.312143],[106.706796,-6.312073],[106.706726,-6.312769],[106.706742,-6.313488],[106.706174,-6.313552],[106.705828,-6.313742],[106.705715,-6.313734],[106.705476,-6.313499],[106.70542,-6.31327],[106.705474,-6.312867],[106.706061,-6.312491],[106.706056,-6.312185],[106.705916,-6.311867],[106.705669,-6.31166],[106.705259,-6.311462],[106.705286,-6.311382],[106.705044,-6.311321],[106.705034,-6.31118],[106.705315,-6.310945],[106.705648,-6.310881],[106.706074,-6.310953],[106.706391,-6.310774]]]},"properties":{"layer_id":"legalitas","jenis":"legal","nama":"Serpong Green Park","sumber":"OSM (status: contoh)","atribut":{"status":"SHM","peruntukan":"Permukiman"}}},{"type":"Feature","geometry":{"type":"Polygon","coordinates":[[[106.746979,-6.334843],[106.747707,-6.334711],[106.747792,-6.335107],[106.748361,-6.335111],[106.748387,-6.335684],[106.748624,-6.33567],[106.74863,-6.335718],[106.747862,-6.335761],[106.747866,-6.335882],[106.746935,-6.335956],[106.74692,-6.33539],[106.747112,-6.335328],[106.746979,-6.334843]]]},"properties":{"layer_id":"legalitas","jenis":"legal","nama":"Puri Mahessa","sumber":"OSM (status: contoh)","atribut":{"status":"SHGB dalam proses","peruntukan":"Permukiman"}}},{"type":"Feature","geometry":{"type":"Polygon","coordinates":[[[106.736241,-6.27699],[106.736231,-6.27675],[106.735474,-6.276836],[106.735568,-6.277686],[106.735651,-6.277838],[106.736292,-6.278145],[106.73685,-6.278526],[106.737285,-6.279011],[106.736823,-6.279307],[106.736354,-6.279043],[106.736062,-6.278595],[106.735801,-6.27847],[106.735635,-6.278454],[106.735372,-6.278678],[106.73505,-6.278579],[106.73493,-6.278169],[106.735083,-6.277825],[106.735185,-6.276946],[106.735005,-6.276913],[106.734905,-6.276998],[106.734865,-6.277572],[106.734476,-6.277518],[106.734458,-6.277643],[106.734345,-6.277638],[106.734098,-6.279065],[106.734425,-6.279035],[106.734468,-6.279425],[106.734637,-6.279832],[106.734956,-6.280264],[106.734432,-6.280526],[106.734462,-6.280648],[106.734163,-6.280723],[106.734208,-6.281097],[106.733674,-6.281175],[106.733661,-6.281455],[106.734195,-6.281381],[106.73418,-6.281248],[106.734597,-6.281176],[106.734675,-6.28172],[106.734487,-6.281827],[106.734686,-6.282117],[106.73505,-6.281941],[106.735525,-6.282554],[106.737368,-6.281792],[106.737059,-6.281211],[106.736882,-6.281259],[106.736847,-6.281184],[106.736923,-6.281144],[106.736818,-6.280859],[106.736982,-6.280792],[106.737129,-6.280376],[106.736968,-6.280219],[106.737314,-6.279939],[106.737207,-6.279681],[106.737877,-6.279408],[106.738298,-6.279075],[106.737851,-6.278363],[106.737751,-6.277985],[106.737733,-6.277548],[106.736791,-6.277654],[106.73626,-6.277089],[106.736241,-6.27699]]]},"properties":{"layer_id":"legalitas","jenis":"legal","nama":"Kuricang","sumber":"OSM (status: contoh)","atribut":{"status":"HGB","peruntukan":"Permukiman"}}},{"type":"Feature","geometry":{"type":"Polygon","coordinates":[[[106.734903,-6.292878],[106.735209,-6.292875],[106.73519,-6.292747],[106.735479,-6.292704],[106.735659,-6.292195],[106.735555,-6.291638],[106.735568,-6.291272],[106.735525,-6.291033],[106.735362,-6.290707],[106.735034,-6.290422],[106.734543,-6.290345],[106.734479,-6.290281],[106.734447,-6.290062],[106.734881,-6.289988],[106.734838,-6.289721],[106.735525,-6.289572],[106.735509,-6.289209],[106.734318,-6.28938],[106.734264,-6.289113],[106.734195,-6.289124],[106.733932,-6.288607],[106.733476,-6.288681],[106.733535,-6.28899],[106.73324,-6.289177],[106.733444,-6.289604],[106.733717,-6.289721],[106.733926,-6.289977],[106.733959,-6.290147],[106.733674,-6.290329],[106.733632,-6.290622],[106.733723,-6.290707],[106.733996,-6.290745],[106.734259,-6.291054],[106.734125,-6.292307],[106.734264,-6.292712],[106.734527,-6.292979],[106.734737,-6.293011],[106.734903,-6.292878]]]},"properties":{"layer_id":"legalitas","jenis":"legal","nama":"Nuri","sumber":"OSM (status: contoh)","atribut":{"status":"HGB","peruntukan":"Permukiman"}}},{"type":"Feature","geometry":{"type":"Polygon","coordinates":[[[106.737882,-6.454898],[106.737985,-6.455084],[106.738273,-6.455101],[106.738245,-6.455672],[106.738186,-6.455686],[106.738228,-6.455782],[106.738399,-6.455913],[106.738988,-6.456012],[106.738958,-6.456256],[106.739033,-6.456292],[106.739048,-6.456154],[106.73912,-6.456161],[106.739129,-6.456071],[106.739291,-6.456075],[106.739297,-6.455985],[106.739669,-6.455977],[106.739681,-6.455865],[106.740424,-6.455899],[106.740439,-6.455782],[106.740099,-6.455248],[106.740436,-6.45522],[106.740423,-6.454877],[106.739886,-6.454901],[106.739892,-6.454642],[106.739605,-6.454637],[106.739585,-6.454803],[106.739117,-6.454782],[106.739168,-6.453905],[106.738476,-6.45387],[106.738455,-6.454168],[106.738279,-6.454167],[106.73826,-6.454908],[106.737882,-6.454898]]]},"properties":{"layer_id":"legalitas","jenis":"legal","nama":"Perumahan AHP","sumber":"OSM (status: contoh)","atribut":{"status":"SHM","peruntukan":"Permukiman"}}},{"type":"Feature","geometry":{"type":"Polygon","coordinates":[[[106.801384,-6.347236],[106.801825,-6.347269],[106.801701,-6.347826],[106.801372,-6.347826],[106.801378,-6.347406],[106.801384,-6.347236]]]},"properties":{"layer_id":"legalitas","jenis":"legal","nama":"Raisan Residence","sumber":"OSM (status: contoh)","atribut":{"status":"HGB","peruntukan":"Permukiman"}}},{"type":"Feature","geometry":{"type":"Polygon","coordinates":[[[106.896491,-6.354097],[106.896484,-6.353975],[106.895996,-6.354466],[106.89589,-6.354663],[106.895717,-6.355597],[106.897136,-6.355752],[106.897441,-6.355991],[106.897783,-6.356022],[106.898082,-6.355939],[106.897952,-6.355393],[106.898078,-6.354837],[106.897599,-6.354629],[106.897379,-6.355279],[106.896769,-6.355092],[106.896993,-6.354401],[106.89656,-6.354215],[106.896491,-6.354097]]]},"properties":{"layer_id":"legalitas","jenis":"legal","nama":"Perumahan Karyawan Kwarnas","sumber":"OSM (status: contoh)","atribut":{"status":"SHM","peruntukan":"Permukiman"}}},{"type":"Feature","geometry":{"type":"Polygon","coordinates":[[[106.80299,-6.369995],[106.803226,-6.37003],[106.803239,-6.370379],[106.803073,-6.370375],[106.803064,-6.370131],[106.802991,-6.370134],[106.80299,-6.369995]]]},"properties":{"layer_id":"legalitas","jenis":"legal","nama":"GRYA TANAH BARU","sumber":"OSM (status: contoh)","atribut":{"status":"SHM","peruntukan":"Permukiman"}}},{"type":"Feature","geometry":{"type":"Polygon","coordinates":[[[106.846443,-6.403009],[106.846801,-6.403007],[106.84679,-6.403349],[106.846421,-6.403324],[106.846443,-6.403009]]]},"properties":{"layer_id":"legalitas","jenis":"legal","nama":"Neomera Residence","sumber":"OSM (status: contoh)","atribut":{"status":"SHGB dalam proses","peruntukan":"Permukiman"}}},{"type":"Feature","geometry":{"type":"Polygon","coordinates":[[[106.715174,-6.3309],[106.716385,-6.330892],[106.716674,-6.330945],[106.717133,-6.331164],[106.717258,-6.330953],[106.717376,-6.331023],[106.717256,-6.331226],[106.717552,-6.331433],[106.717739,-6.331975],[106.71766,-6.333707],[106.717046,-6.333709],[106.717022,-6.332799],[106.717264,-6.332762],[106.717247,-6.332403],[106.717,-6.332406],[106.716998,-6.332272],[106.716495,-6.332306],[106.716495,-6.3321],[106.716238,-6.332075],[106.716234,-6.331633],[106.715827,-6.331632],[106.715813,-6.331975],[106.715506,-6.331988],[106.7155,-6.331816],[106.715298,-6.331816],[106.715301,-6.33201],[106.715182,-6.332015],[106.715174,-6.3309]]]},"properties":{"layer_id":"legalitas","jenis":"legal","nama":"Kintamani","sumber":"OSM (status: contoh)","atribut":{"status":"Girik","peruntukan":"Permukiman"}}},{"type":"Feature","geometry":{"type":"Polygon","coordinates":[[[106.712407,-6.332023],[106.712424,-6.331703],[106.712905,-6.331686],[106.713015,-6.330745],[106.713599,-6.330742],[106.713585,-6.331147],[106.713885,-6.331142],[106.713888,-6.331284],[106.713823,-6.331288],[106.713832,-6.332115],[106.712868,-6.332165],[106.712865,-6.332012],[106.712407,-6.332023]]]},"properties":{"layer_id":"legalitas","jenis":"legal","nama":"Emerald 8 Townhouse","sumber":"OSM (status: contoh)","atribut":{"status":"SHM","peruntukan":"Permukiman"}}},{"type":"Feature","geometry":{"type":"Polygon","coordinates":[[[106.713832,-6.332115],[106.713831,-6.331554],[106.714044,-6.331552],[106.714054,-6.331896],[106.714059,-6.332104],[106.713832,-6.332115]]]},"properties":{"layer_id":"legalitas","jenis":"legal","nama":"Emerald Dago Townhouse","sumber":"OSM (status: contoh)","atribut":{"status":"HGB","peruntukan":"Permukiman"}}},{"type":"Feature","geometry":{"type":"Polygon","coordinates":[[[106.72033,-6.337187],[106.720222,-6.337217],[106.720175,-6.3379],[106.721402,-6.337916],[106.721478,-6.337607],[106.721391,-6.33756],[106.721435,-6.337501],[106.721275,-6.337363],[106.721114,-6.337396],[106.720639,-6.336927],[106.72033,-6.337187]]]},"properties":{"layer_id":"legalitas","jenis":"legal","nama":"Namara","sumber":"OSM (status: contoh)","atribut":{"status":"SHM","peruntukan":"Permukiman"}}},{"type":"Feature","geometry":{"type":"Polygon","coordinates":[[[106.714502,-6.334556],[106.714649,-6.334544],[106.714947,-6.334531],[106.714969,-6.334773],[106.714529,-6.3348],[106.714502,-6.334556]]]},"properties":{"layer_id":"legalitas","jenis":"legal","nama":"Amanah Garden Village","sumber":"OSM (status: contoh)","atribut":{"status":"SHM","peruntukan":"Permukiman"}}},{"type":"Feature","geometry":{"type":"Polygon","coordinates":[[[106.715597,-6.337207],[106.715621,-6.337652],[106.716247,-6.337664],[106.71628,-6.33787],[106.715239,-6.33789],[106.715206,-6.337612],[106.715353,-6.337604],[106.715328,-6.337212],[106.715597,-6.337207]]]},"properties":{"layer_id":"legalitas","jenis":"legal","nama":"Britania Hills","sumber":"OSM (status: contoh)","atribut":{"status":"Girik","peruntukan":"Permukiman"}}},{"type":"Feature","geometry":{"type":"Polygon","coordinates":[[[106.716851,-6.337099],[106.716802,-6.336724],[106.716775,-6.336479],[106.716969,-6.336452],[106.717197,-6.337071],[106.717005,-6.337087],[106.716851,-6.337099]]]},"properties":{"layer_id":"legalitas","jenis":"legal","nama":"Camara 2","sumber":"OSM (status: contoh)","atribut":{"status":"Girik","peruntukan":"Permukiman"}}},{"type":"Feature","geometry":{"type":"Polygon","coordinates":[[[106.716461,-6.337131],[106.71643,-6.336886],[106.716577,-6.336855],[106.716566,-6.336753],[106.716802,-6.336724],[106.716851,-6.337099],[106.716461,-6.337131]]]},"properties":{"layer_id":"legalitas","jenis":"legal","nama":"Royal Mansion 2","sumber":"OSM (status: contoh)","atribut":{"status":"HGB","peruntukan":"Permukiman"}}},{"type":"Feature","geometry":{"type":"Polygon","coordinates":[[[106.715663,-6.33854],[106.716392,-6.338479],[106.716427,-6.338843],[106.715697,-6.338898],[106.715663,-6.33854]]]},"properties":{"layer_id":"legalitas","jenis":"legal","nama":"Kinara Anggrek Village","sumber":"OSM (status: contoh)","atribut":{"status":"SHM","peruntukan":"Permukiman"}}},{"type":"Feature","geometry":{"type":"Polygon","coordinates":[[[106.716543,-6.338815],[106.717045,-6.338787],[106.717023,-6.337925],[106.717352,-6.338067],[106.717417,-6.338942],[106.717353,-6.338953],[106.717349,-6.339312],[106.716575,-6.339354],[106.716543,-6.338815]]]},"properties":{"layer_id":"legalitas","jenis":"legal","nama":"Dago View Town House","sumber":"OSM (status: contoh)","atribut":{"status":"HGB","peruntukan":"Permukiman"}}},{"type":"Feature","geometry":{"type":"Polygon","coordinates":[[[106.714504,-6.339323],[106.714854,-6.339278],[106.714943,-6.339969],[106.714553,-6.339976],[106.714504,-6.339323]]]},"properties":{"layer_id":"legalitas","jenis":"legal","nama":"Cattleya","sumber":"OSM (status: contoh)","atribut":{"status":"Girik","peruntukan":"Permukiman"}}},{"type":"Feature","geometry":{"type":"Polygon","coordinates":[[[106.745916,-6.332989],[106.746316,-6.332972],[106.746347,-6.333519],[106.746972,-6.333491],[106.747032,-6.333711],[106.746949,-6.333764],[106.746933,-6.333891],[106.746807,-6.3339],[106.746839,-6.334458],[106.746442,-6.334479],[106.746172,-6.333575],[106.74594,-6.333582],[106.745916,-6.332989]]]},"properties":{"layer_id":"legalitas","jenis":"legal","nama":"Grand Ciputat Residence","sumber":"OSM (status: contoh)","atribut":{"status":"SHGB dalam proses","peruntukan":"Permukiman"}}},{"type":"Feature","geometry":{"type":"Polygon","coordinates":[[[106.789381,-6.535425],[106.789329,-6.53584],[106.789966,-6.535935],[106.790028,-6.535517],[106.789381,-6.535425]]]},"properties":{"layer_id":"legalitas","jenis":"legal","nama":"Terrascotta Residence","sumber":"OSM (status: contoh)","atribut":{"status":"SHGB dalam proses","peruntukan":"Permukiman"}}},{"type":"Feature","geometry":{"type":"Polygon","coordinates":[[[106.873772,-6.515466],[106.873182,-6.515007],[106.873766,-6.514282],[106.87405,-6.514421],[106.875274,-6.514272],[106.875488,-6.51433],[106.875502,-6.514096],[106.875716,-6.513581],[106.876153,-6.513792],[106.876325,-6.513688],[106.87651,-6.513368],[106.87703,-6.513651],[106.877856,-6.513979],[106.878374,-6.51404],[106.878372,-6.514208],[106.878106,-6.514474],[106.878031,-6.514642],[106.878095,-6.514906],[106.877784,-6.515199],[106.877814,-6.51533],[106.877639,-6.515705],[106.877267,-6.515953],[106.876875,-6.516905],[106.876663,-6.516646],[106.876446,-6.516529],[106.876223,-6.516526],[106.875754,-6.516611],[106.87551,-6.516747],[106.875172,-6.517067],[106.875173,-6.51661],[106.874913,-6.516468],[106.874547,-6.516509],[106.874359,-6.51646],[106.873812,-6.515665],[106.873772,-6.515466]]]},"properties":{"layer_id":"legalitas","jenis":"legal","nama":"Pondok Citeureup Indah","sumber":"OSM (status: contoh)","atribut":{"status":"SHGB dalam proses","peruntukan":"Permukiman"}}},{"type":"Feature","geometry":{"type":"Polygon","coordinates":[[[106.863665,-6.519847],[106.863901,-6.519367],[106.864191,-6.518989],[106.864942,-6.518642],[106.865441,-6.518621],[106.865945,-6.518754],[106.866331,-6.519084],[106.866471,-6.519308],[106.866792,-6.519532],[106.867104,-6.520065],[106.867447,-6.520438],[106.868311,-6.519916],[106.869295,-6.519814],[106.870604,-6.522821],[106.871263,-6.524681],[106.873118,-6.527409],[106.874222,-6.527747],[106.875552,-6.526411],[106.876344,-6.526297],[106.876765,-6.527282],[106.876733,-6.527511],[106.876025,-6.528369],[106.875703,-6.528529],[106.874952,-6.528561],[106.875038,-6.529088],[106.874823,-6.53016],[106.874571,-6.530687],[106.874126,-6.531076],[106.873975,-6.531321],[106.873981,-6.531535],[106.874276,-6.532494],[106.874378,-6.532601],[106.874866,-6.532462],[106.875016,-6.532505],[106.875193,-6.533016],[106.875193,-6.533416],[106.874426,-6.533986],[106.873696,-6.534141],[106.873605,-6.535303],[106.873412,-6.536107],[106.873074,-6.536699],[106.872704,-6.536923],[106.871856,-6.537131],[106.872184,-6.539023],[106.87242,-6.539641],[106.872388,-6.539939],[106.872216,-6.540232],[106.871921,-6.540515],[106.871427,-6.540488],[106.870918,-6.540334],[106.870644,-6.539961],[106.870483,-6.538964],[106.870049,-6.538309],[106.869727,-6.538191],[106.868745,-6.537951],[106.868622,-6.537616],[106.868584,-6.537147],[106.868423,-6.536528],[106.868423,-6.535777],[106.868927,-6.534722],[106.869743,-6.53388],[106.869603,-6.53356],[106.868284,-6.532441],[106.867919,-6.532014],[106.867629,-6.53179],[106.867211,-6.531812],[106.866685,-6.532089],[106.86631,-6.532526],[106.865644,-6.533016],[106.864765,-6.533549],[106.864199,-6.533421],[106.863499,-6.533443],[106.862061,-6.533144],[106.862008,-6.532841],[106.861925,-6.532812],[106.861979,-6.532673],[106.861892,-6.531905],[106.861683,-6.531044],[106.861659,-6.53063],[106.861031,-6.527207],[106.860967,-6.526376],[106.861138,-6.525214],[106.861632,-6.523689],[106.862007,-6.523007],[106.863263,-6.521206],[106.863295,-6.520545],[106.863488,-6.520113],[106.862447,-6.51926],[106.862142,-6.518941],[106.861846,-6.518514],[106.861782,-6.518269],[106.861535,-6.517827],[106.861235,-6.517571],[106.861407,-6.517368],[106.861846,-6.517832],[106.862292,-6.518631],[106.863665,-6.519847]]]},"properties":{"layer_id":"legalitas","jenis":"legal","nama":"Permata Sentul","sumber":"OSM (status: contoh)","atribut":{"status":"SHM","peruntukan":"Permukiman"}}},{"type":"Feature","geometry":{"type":"Polygon","coordinates":[[[106.859529,-6.531428],[106.85895,-6.532846],[106.858832,-6.533347],[106.858832,-6.533997],[106.85984,-6.537408],[106.859819,-6.537781],[106.859357,-6.538751],[106.859357,-6.539081],[106.85955,-6.539454],[106.860913,-6.541373],[106.861577,-6.540576],[106.862184,-6.540435],[106.862211,-6.54036],[106.861728,-6.53849],[106.861621,-6.538503],[106.861551,-6.53821],[106.861626,-6.537975],[106.861511,-6.537901],[106.861503,-6.537549],[106.861372,-6.537488],[106.861219,-6.536959],[106.861578,-6.536919],[106.861704,-6.537216],[106.86195,-6.537183],[106.862344,-6.537016],[106.862219,-6.535737],[106.862683,-6.535593],[106.862715,-6.535508],[106.863,-6.535444],[106.863223,-6.535156],[106.863622,-6.535335],[106.863917,-6.535622],[106.864159,-6.535372],[106.864255,-6.535068],[106.864,-6.534531],[106.864244,-6.534253],[106.864311,-6.533829],[106.864199,-6.533421],[106.863499,-6.533443],[106.862061,-6.533144],[106.862008,-6.532841],[106.861925,-6.532812],[106.861979,-6.532673],[106.861892,-6.531905],[106.861683,-6.531044],[106.861659,-6.53063],[106.861091,-6.527554],[106.860618,-6.528396],[106.859529,-6.531428]]]},"properties":{"layer_id":"legalitas","jenis":"legal","nama":"Citra Sentul Raya","sumber":"OSM (status: contoh)","atribut":{"status":"Girik","peruntukan":"Permukiman"}}},{"type":"Feature","geometry":{"type":"Polygon","coordinates":[[[106.703261,-6.344483],[106.703203,-6.344324],[106.703067,-6.3442],[106.702713,-6.344164],[106.70236,-6.344264],[106.701838,-6.344614],[106.701964,-6.345682],[106.702679,-6.345649],[106.702614,-6.344537],[106.703261,-6.344483]]]},"properties":{"layer_id":"legalitas","jenis":"legal","nama":"Tria Adara Residence 12","sumber":"OSM (status: contoh)","atribut":{"status":"HGB","peruntukan":"Permukiman"}}},{"type":"Feature","geometry":{"type":"Polygon","coordinates":[[[106.845005,-6.399717],[106.844884,-6.400547],[106.844992,-6.400575],[106.845008,-6.400988],[106.845152,-6.400986],[106.845302,-6.40077],[106.845309,-6.40065],[106.845583,-6.400605],[106.845669,-6.400383],[106.845329,-6.400341],[106.845203,-6.400249],[106.84533,-6.399769],[106.845005,-6.399717]]]},"properties":{"layer_id":"legalitas","jenis":"legal","nama":"Hill Top Residence","sumber":"OSM (status: contoh)","atribut":{"status":"SHM","peruntukan":"Permukiman"}}},{"type":"Feature","geometry":{"type":"Polygon","coordinates":[[[106.84543,-6.399779],[106.845414,-6.399894],[106.845519,-6.399908],[106.845524,-6.400205],[106.845853,-6.400245],[106.845805,-6.400388],[106.846174,-6.400514],[106.84616,-6.400239],[106.845847,-6.400032],[106.845825,-6.399818],[106.84543,-6.399779]]]},"properties":{"layer_id":"legalitas","jenis":"legal","nama":"Perumahan Irenk 2","sumber":"OSM (status: contoh)","atribut":{"status":"HGB","peruntukan":"Permukiman"}}},{"type":"Feature","geometry":{"type":"Polygon","coordinates":[[[106.845876,-6.400986],[106.84582,-6.401279],[106.84606,-6.401322],[106.846299,-6.401719],[106.846401,-6.401721],[106.846504,-6.40134],[106.84657,-6.401174],[106.846513,-6.401047],[106.846338,-6.401029],[106.846315,-6.401079],[106.845876,-6.400986]]]},"properties":{"layer_id":"legalitas","jenis":"legal","nama":"Perumahan Irenk 8","sumber":"OSM (status: contoh)","atribut":{"status":"Girik","peruntukan":"Permukiman"}}},{"type":"Feature","geometry":{"type":"Polygon","coordinates":[[[106.846472,-6.401653],[106.846434,-6.401772],[106.846533,-6.401894],[106.846927,-6.402273],[106.847098,-6.402277],[106.8471,-6.402124],[106.847383,-6.402132],[106.847373,-6.401564],[106.847476,-6.401584],[106.847507,-6.401443],[106.847183,-6.401398],[106.84717,-6.401505],[106.847069,-6.401497],[106.847068,-6.401314],[106.846582,-6.40134],[106.846472,-6.401653]]]},"properties":{"layer_id":"legalitas","jenis":"legal","nama":"Perumahan Bumi Ampel Raya","sumber":"OSM (status: contoh)","atribut":{"status":"Girik","peruntukan":"Permukiman"}}},{"type":"Feature","geometry":{"type":"Polygon","coordinates":[[[106.739776,-6.286564],[106.739868,-6.286735],[106.739986,-6.286715],[106.739986,-6.286624],[106.740064,-6.28647],[106.739977,-6.286441],[106.739866,-6.286596],[106.739776,-6.286564]]]},"properties":{"layer_id":"legalitas","jenis":"legal","nama":"Pondok H. Gadung","sumber":"OSM (status: contoh)","atribut":{"status":"SHM","peruntukan":"Permukiman"}}},{"type":"Feature","geometry":{"type":"Polygon","coordinates":[[[106.814249,-6.321733],[106.814432,-6.321726],[106.814435,-6.321802],[106.814255,-6.321816],[106.814249,-6.321733]]]},"properties":{"layer_id":"legalitas","jenis":"legal","nama":"House Development","sumber":"OSM (status: contoh)","atribut":{"status":"SHGB dalam proses","peruntukan":"Permukiman"}}},{"type":"Feature","geometry":{"type":"Polygon","coordinates":[[[106.888038,-6.436624],[106.889205,-6.437005],[106.888467,-6.439196],[106.886222,-6.438458],[106.88607,-6.438453],[106.88608,-6.437895],[106.886244,-6.437293],[106.886375,-6.437197],[106.886499,-6.437205],[106.887102,-6.437685],[106.887276,-6.437685],[106.887577,-6.437581],[106.887698,-6.437469],[106.888038,-6.436624]]]},"properties":{"layer_id":"legalitas","jenis":"legal","nama":"Juniper","sumber":"OSM (status: contoh)","atribut":{"status":"SHM","peruntukan":"Permukiman"}}},{"type":"Feature","geometry":{"type":"Polygon","coordinates":[[[106.892721,-6.431307],[106.893247,-6.429806],[106.892488,-6.429556],[106.892335,-6.429817],[106.891895,-6.430155],[106.891509,-6.430465],[106.891691,-6.430705],[106.891616,-6.430904],[106.892721,-6.431307]]]},"properties":{"layer_id":"legalitas","jenis":"legal","nama":"Hickory","sumber":"OSM (status: contoh)","atribut":{"status":"SHM","peruntukan":"Permukiman"}}},{"type":"Feature","geometry":{"type":"Polygon","coordinates":[[[106.892721,-6.431307],[106.891616,-6.430904],[106.891547,-6.431078],[106.891238,-6.430987],[106.891042,-6.430846],[106.890806,-6.43119],[106.890383,-6.432237],[106.890444,-6.432312],[106.890557,-6.432269],[106.890908,-6.432059],[106.891174,-6.432144],[106.891504,-6.432482],[106.891898,-6.433066],[106.892134,-6.432943],[106.892721,-6.431307]]]},"properties":{"layer_id":"legalitas","jenis":"legal","nama":"Iroko","sumber":"OSM (status: contoh)","atribut":{"status":"HGB","peruntukan":"Permukiman"}}},{"type":"Feature","geometry":{"type":"Polygon","coordinates":[[[106.768169,-6.493122],[106.76785,-6.492191],[106.76729,-6.491877],[106.767287,-6.491203],[106.766946,-6.491153],[106.766995,-6.490729],[106.766019,-6.490652],[106.766088,-6.490074],[106.766373,-6.489308],[106.766622,-6.48879],[106.766901,-6.488386],[106.766982,-6.487777],[106.766937,-6.487159],[106.767363,-6.486772],[106.767752,-6.486937],[106.767943,-6.488606],[106.768216,-6.489435],[106.76813,-6.489759],[106.768306,-6.490633],[106.768242,-6.492003],[106.768136,-6.492136],[106.768494,-6.493089],[106.768472,-6.493414],[106.768387,-6.493494],[106.768093,-6.493441],[106.768169,-6.493122]]]},"properties":{"layer_id":"legalitas","jenis":"legal","nama":"Perumahan Teras Country","sumber":"OSM (status: contoh)","atribut":{"status":"SHM","peruntukan":"Permukiman"}}},{"type":"Feature","geometry":{"type":"Polygon","coordinates":[[[106.77138,-6.494349],[106.771273,-6.493581],[106.771508,-6.49278],[106.772636,-6.492795],[106.77234,-6.494352],[106.77138,-6.494349]]]},"properties":{"layer_id":"legalitas","jenis":"legal","nama":"Perumahan Sevaha Village","sumber":"OSM (status: contoh)","atribut":{"status":"SHM","peruntukan":"Permukiman"}}},{"type":"Feature","geometry":{"type":"Polygon","coordinates":[[[106.888671,-6.368885],[106.888902,-6.368257],[106.888987,-6.368288],[106.888756,-6.368916],[106.888671,-6.368885]]]},"properties":{"layer_id":"legalitas","jenis":"legal","nama":"Perumahan Dinas Kwarnas","sumber":"OSM (status: contoh)","atribut":{"status":"SHM","peruntukan":"Permukiman"}}},{"type":"Feature","geometry":{"type":"Polygon","coordinates":[[[106.911926,-6.380405],[106.912173,-6.379837],[106.912556,-6.379946],[106.912559,-6.379733],[106.913613,-6.379717],[106.91372,-6.379642],[106.91398,-6.379618],[106.914056,-6.379261],[106.914061,-6.378674],[106.914466,-6.378445],[106.914715,-6.378437],[106.91471,-6.378147],[106.914812,-6.377659],[106.913983,-6.377608],[106.914029,-6.377432],[106.914093,-6.377424],[106.914077,-6.376995],[106.91368,-6.376987],[106.91368,-6.376758],[106.913224,-6.376753],[106.913224,-6.376571],[106.912564,-6.376574],[106.91257,-6.376294],[106.912299,-6.376289],[106.912296,-6.375697],[106.912371,-6.37558],[106.912084,-6.375585],[106.912149,-6.375692],[106.912154,-6.376262],[106.911888,-6.376265],[106.911899,-6.376529],[106.911178,-6.376534],[106.911178,-6.376737],[106.910813,-6.377006],[106.910799,-6.377219],[106.910915,-6.377347],[106.910896,-6.378112],[106.910708,-6.378421],[106.910601,-6.378571],[106.910403,-6.378629],[106.909525,-6.379352],[106.909147,-6.37977],[106.908774,-6.380434],[106.908305,-6.380919],[106.908345,-6.381159],[106.909069,-6.381329],[106.909501,-6.380756],[106.909702,-6.380732],[106.910118,-6.380199],[106.91033,-6.380354],[106.910639,-6.379877],[106.910875,-6.379879],[106.910875,-6.380322],[106.911328,-6.380442],[106.911379,-6.380074],[106.911626,-6.380165],[106.91165,-6.379989],[106.911856,-6.380029],[106.911714,-6.38033],[106.911926,-6.380405]]]},"properties":{"layer_id":"legalitas","jenis":"legal","nama":"Taman Laguna","sumber":"OSM (status: contoh)","atribut":{"status":"SHM","peruntukan":"Permukiman"}}},{"type":"Feature","geometry":{"type":"Polygon","coordinates":[[[106.701692,-6.413961],[106.701064,-6.414019],[106.700855,-6.413673],[106.700882,-6.412964],[106.700732,-6.412777],[106.700587,-6.412031],[106.700104,-6.412052],[106.700056,-6.412249],[106.699573,-6.412116],[106.699401,-6.412223],[106.699578,-6.412484],[106.69953,-6.412569],[106.699138,-6.41258],[106.69923,-6.412233],[106.698908,-6.412116],[106.697674,-6.412004],[106.697534,-6.411876],[106.697213,-6.411919],[106.697647,-6.412436],[106.697851,-6.412383],[106.698006,-6.412638],[106.698167,-6.412532],[106.698425,-6.412697],[106.69917,-6.412873],[106.699213,-6.413076],[106.699417,-6.413118],[106.69961,-6.41282],[106.699718,-6.412905],[106.699814,-6.412553],[106.700066,-6.412606],[106.700104,-6.413006],[106.699793,-6.413257],[106.69982,-6.413443],[106.699691,-6.41363],[106.699696,-6.413945],[106.699825,-6.413929],[106.699852,-6.413635],[106.700018,-6.413705],[106.699975,-6.41411],[106.70012,-6.414126],[106.700152,-6.414893],[106.700565,-6.41587],[106.701112,-6.415704],[106.70122,-6.415373],[106.701391,-6.415144],[106.701708,-6.414936],[106.701938,-6.415059],[106.702201,-6.415592],[106.702346,-6.415693],[106.70248,-6.416157],[106.703172,-6.417132],[106.703414,-6.41734],[106.703913,-6.416626],[106.704234,-6.415725],[106.703795,-6.41549],[106.703435,-6.41516],[106.703044,-6.414248],[106.703032,-6.413947],[106.701839,-6.414027],[106.701692,-6.413961]]]},"properties":{"layer_id":"legalitas","jenis":"legal","nama":"Golden Hills","sumber":"OSM (status: contoh)","atribut":{"status":"HGB","peruntukan":"Permukiman"}}},{"type":"Feature","geometry":{"type":"Polygon","coordinates":[[[106.698548,-6.397641],[106.698587,-6.397688],[106.698932,-6.397623],[106.698908,-6.397513],[106.699228,-6.397484],[106.699267,-6.398169],[106.69946,-6.398512],[106.699707,-6.398493],[106.699848,-6.39857],[106.700215,-6.398361],[106.70045,-6.398504],[106.700439,-6.398184],[106.700565,-6.39813],[106.700659,-6.398165],[106.700753,-6.397914],[106.700739,-6.397267],[106.701306,-6.397381],[106.701241,-6.397605],[106.701987,-6.397781],[106.701955,-6.398005],[106.701536,-6.398357],[106.701627,-6.398906],[106.701537,-6.399248],[106.701263,-6.399151],[106.701107,-6.398927],[106.700819,-6.398879],[106.700721,-6.399108],[106.700866,-6.399439],[106.700903,-6.399908],[106.701051,-6.400092],[106.700796,-6.400548],[106.70071,-6.400972],[106.70085,-6.401182],[106.700388,-6.401366],[106.700387,-6.401446],[106.700599,-6.401454],[106.700769,-6.40163],[106.700646,-6.402227],[106.700496,-6.40255],[106.700439,-6.402974],[106.700528,-6.403198],[106.700917,-6.403728],[106.701045,-6.403885],[106.701257,-6.403923],[106.701297,-6.404064],[106.701195,-6.404152],[106.700796,-6.40404],[106.700329,-6.404226],[106.699723,-6.404085],[106.699251,-6.403507],[106.699173,-6.402792],[106.698983,-6.402806],[106.698768,-6.402984],[106.698283,-6.403595],[106.697663,-6.404037],[106.696875,-6.404008],[106.696362,-6.403757],[106.696019,-6.403723],[106.695775,-6.404354],[106.694691,-6.40464],[106.69463,-6.404237],[106.694519,-6.404424],[106.693911,-6.404549],[106.693876,-6.40465],[106.693629,-6.404775],[106.693227,-6.404663],[106.693098,-6.404741],[106.693192,-6.404981],[106.692835,-6.405117],[106.692293,-6.404381],[106.693063,-6.404208],[106.69295,-6.403875],[106.694066,-6.403611],[106.693962,-6.402872],[106.694927,-6.403219],[106.695448,-6.402931],[106.695287,-6.402787],[106.695544,-6.402307],[106.695158,-6.402254],[106.695163,-6.402019],[106.695329,-6.401811],[106.695716,-6.401977],[106.695855,-6.401673],[106.695528,-6.401524],[106.695056,-6.401678],[106.694788,-6.401849],[106.694482,-6.401508],[106.694401,-6.401518],[106.694385,-6.40115],[106.694096,-6.40115],[106.693586,-6.400697],[106.693661,-6.399146],[106.694587,-6.398637],[106.694503,-6.398474],[106.694388,-6.398442],[106.694423,-6.39805],[106.694364,-6.397768],[106.694533,-6.397701],[106.694898,-6.397792],[106.695241,-6.397784],[106.695201,-6.397515],[106.69468,-6.397437],[106.694857,-6.396894],[106.695035,-6.396808],[106.695077,-6.396428],[106.695312,-6.396411],[106.695363,-6.395983],[106.695496,-6.396013],[106.695469,-6.396346],[106.695871,-6.396329],[106.695772,-6.396758],[106.696104,-6.396985],[106.695973,-6.397189],[106.695981,-6.397571],[106.696386,-6.397627],[106.696872,-6.397507],[106.696996,-6.397856],[106.697096,-6.397856],[106.697137,-6.398245],[106.697601,-6.398354],[106.697819,-6.398501],[106.698146,-6.398466],[106.698124,-6.397909],[106.698548,-6.397641]]]},"properties":{"layer_id":"legalitas","jenis":"legal","nama":"Nirwana Hill","sumber":"OSM (status: contoh)","atribut":{"status":"SHM","peruntukan":"Permukiman"}}},{"type":"Feature","geometry":{"type":"Polygon","coordinates":[[[106.847852,-6.419316],[106.84827,-6.419351],[106.848262,-6.419168],[106.847878,-6.419116],[106.847852,-6.419316]]]},"properties":{"layer_id":"legalitas","jenis":"legal","nama":"Perumahan Jess Icon","sumber":"OSM (status: contoh)","atribut":{"status":"Girik","peruntukan":"Permukiman"}}},{"type":"Feature","geometry":{"type":"Polygon","coordinates":[[[106.858974,-6.488939],[106.859159,-6.489608],[106.85984,-6.489421],[106.859779,-6.489171],[106.859628,-6.48909],[106.859746,-6.488677],[106.859387,-6.487428],[106.858672,-6.487739],[106.858974,-6.488939]]]},"properties":{"layer_id":"legalitas","jenis":"legal","nama":"Rusunawa Peneliti","sumber":"OSM (status: contoh)","atribut":{"status":"Girik","peruntukan":"Permukiman"}}},{"type":"Feature","geometry":{"type":"Polygon","coordinates":[[[106.844104,-6.509728],[106.844589,-6.509888],[106.844691,-6.509563],[106.845115,-6.509789],[106.845061,-6.509971],[106.845329,-6.510034],[106.845606,-6.509664],[106.84589,-6.509859],[106.846035,-6.50968],[106.846609,-6.509923],[106.846204,-6.51057],[106.846421,-6.510698],[106.846665,-6.510368],[106.846874,-6.51048],[106.847373,-6.510221],[106.847491,-6.510306],[106.848374,-6.50976],[106.848653,-6.509272],[106.848677,-6.509059],[106.848457,-6.506743],[106.847829,-6.50637],[106.847529,-6.506306],[106.84736,-6.506618],[106.847749,-6.506938],[106.84743,-6.50737],[106.847199,-6.507186],[106.847057,-6.507367],[106.847145,-6.507431],[106.846936,-6.507649],[106.846646,-6.50782],[106.846488,-6.507732],[106.846389,-6.507828],[106.845764,-6.508017],[106.845324,-6.507684],[106.845198,-6.507857],[106.844916,-6.507639],[106.845265,-6.507356],[106.844476,-6.506994],[106.843506,-6.506871],[106.843173,-6.506975],[106.843127,-6.507447],[106.843277,-6.507649],[106.843227,-6.507929],[106.844275,-6.508142],[106.843844,-6.508841],[106.844334,-6.509139],[106.844104,-6.509728]]]},"properties":{"layer_id":"legalitas","jenis":"legal","nama":"Bumi Sentosa","sumber":"OSM (status: contoh)","atribut":{"status":"SHM","peruntukan":"Permukiman"}}},{"type":"Feature","geometry":{"type":"Polygon","coordinates":[[[106.717016,-6.312024],[106.717761,-6.311927],[106.717856,-6.312286],[106.717742,-6.31241],[106.717828,-6.313069],[106.717216,-6.313288],[106.717016,-6.312024]]]},"properties":{"layer_id":"legalitas","jenis":"legal","nama":"Rusunawa Serua","sumber":"OSM (status: contoh)","atribut":{"status":"HGB","peruntukan":"Permukiman"}}},{"type":"Feature","geometry":{"type":"Polygon","coordinates":[[[106.863219,-6.446703],[106.86382,-6.446784],[106.863804,-6.44725],[106.863868,-6.447645],[106.863479,-6.448607],[106.864295,-6.448897],[106.864028,-6.449468],[106.864123,-6.449565],[106.86404,-6.449693],[106.863835,-6.449593],[106.863751,-6.449773],[106.86358,-6.449712],[106.86363,-6.449536],[106.863341,-6.449447],[106.863376,-6.449323],[106.863123,-6.449246],[106.863053,-6.449384],[106.862804,-6.449285],[106.863036,-6.448773],[106.863107,-6.448449],[106.863219,-6.446703]]]},"properties":{"layer_id":"legalitas","jenis":"legal","nama":"Banjaran Village","sumber":"OSM (status: contoh)","atribut":{"status":"SHM","peruntukan":"Permukiman"}}},{"type":"Feature","geometry":{"type":"Polygon","coordinates":[[[106.922357,-6.401823],[106.92216,-6.401747],[106.922236,-6.401529],[106.922451,-6.401622],[106.922572,-6.401284],[106.922413,-6.401236],[106.922617,-6.401065],[106.922797,-6.40102],[106.922948,-6.400257],[106.921357,-6.399687],[106.920909,-6.399967],[106.92063,-6.399882],[106.920367,-6.400127],[106.920147,-6.39993],[106.919519,-6.39994],[106.919165,-6.400281],[106.918719,-6.401098],[106.918234,-6.402321],[106.920641,-6.403],[106.920646,-6.4028],[106.920777,-6.402635],[106.920882,-6.402336],[106.922,-6.4028],[106.92188,-6.403056],[106.92231,-6.40301],[106.922384,-6.402627],[106.922513,-6.402361],[106.922851,-6.402526],[106.922939,-6.402025],[106.922341,-6.401875],[106.922357,-6.401823]]]},"properties":{"layer_id":"legalitas","jenis":"legal","nama":"Asana Residence Cibubur","sumber":"OSM (status: contoh)","atribut":{"status":"SHM","peruntukan":"Permukiman"}}},{"type":"Feature","geometry":{"type":"Polygon","coordinates":[[[106.805794,-6.441483],[106.806041,-6.441028],[106.806556,-6.441308],[106.806073,-6.442225],[106.80641,-6.442374],[106.806353,-6.442547],[106.806248,-6.442731],[106.806159,-6.442714],[106.80615,-6.442449],[106.805492,-6.442049],[106.805794,-6.441483]]]},"properties":{"layer_id":"legalitas","jenis":"legal","nama":"The Marsaid Residence","sumber":"OSM (status: contoh)","atribut":{"status":"SHM","peruntukan":"Permukiman"}}},{"type":"Feature","geometry":{"type":"Polygon","coordinates":[[[106.769524,-6.531149],[106.770092,-6.531871],[106.770226,-6.531789],[106.769642,-6.531037],[106.769524,-6.531149]]]},"properties":{"layer_id":"legalitas","jenis":"legal","nama":"Perumahan Kayumanis Residence","sumber":"OSM (status: contoh)","atribut":{"status":"SHM","peruntukan":"Permukiman"}}},{"type":"Feature","geometry":{"type":"Polygon","coordinates":[[[106.803512,-6.374492],[106.804105,-6.37448],[106.804406,-6.374625],[106.804451,-6.374771],[106.804382,-6.375021],[106.804158,-6.375397],[106.804162,-6.375514],[106.803638,-6.375502],[106.803674,-6.375005],[106.803268,-6.375037],[106.803251,-6.374763],[106.803576,-6.374733],[106.803512,-6.374492]]]},"properties":{"layer_id":"legalitas","jenis":"legal","nama":"Komplek Bali Ceni","sumber":"OSM (status: contoh)","atribut":{"status":"SHM","peruntukan":"Permukiman"}}},{"type":"Feature","geometry":{"type":"Polygon","coordinates":[[[106.70273,-6.347008],[106.70276,-6.346714],[106.702471,-6.346317],[106.702433,-6.34566],[106.702679,-6.345649],[106.702614,-6.344537],[106.703261,-6.344483],[106.703203,-6.344324],[106.703067,-6.3442],[106.702713,-6.344164],[106.70236,-6.344264],[106.701838,-6.344614],[106.701676,-6.344263],[106.701397,-6.344356],[106.70132,-6.343589],[106.701579,-6.343526],[106.701554,-6.343269],[106.701754,-6.343206],[106.701852,-6.343444],[106.702335,-6.343223],[106.702239,-6.34299],[106.702422,-6.342929],[106.702584,-6.34304],[106.702566,-6.343147],[106.702839,-6.343253],[106.703286,-6.343664],[106.703454,-6.343731],[106.703785,-6.344172],[106.703963,-6.344001],[106.704066,-6.344109],[106.703932,-6.344319],[106.703694,-6.344483],[106.703797,-6.344678],[106.703797,-6.344881],[106.703926,-6.34509],[106.703288,-6.3455],[106.703095,-6.345146],[106.703111,-6.345041],[106.703371,-6.344783],[106.703354,-6.344718],[106.70305,-6.345033],[106.70304,-6.345182],[106.703171,-6.34537],[106.703281,-6.345913],[106.703173,-6.346626],[106.703182,-6.347019],[106.70273,-6.347008]]]},"properties":{"layer_id":"legalitas","jenis":"legal","nama":"The Symphony","sumber":"OSM (status: contoh)","atribut":{"status":"HGB","peruntukan":"Permukiman"}}},{"type":"Feature","geometry":{"type":"Polygon","coordinates":[[[106.874743,-6.371797],[106.875169,-6.371975],[106.875301,-6.372239],[106.87551,-6.372114],[106.875371,-6.37184],[106.875608,-6.371688],[106.875667,-6.371528],[106.875773,-6.371456],[106.875384,-6.37124],[106.875355,-6.371181],[106.875456,-6.371098],[106.875344,-6.371056],[106.875244,-6.371344],[106.875057,-6.371264],[106.874743,-6.371797]]]},"properties":{"layer_id":"legalitas","jenis":"legal","nama":"Taman Intan Town House","sumber":"OSM (status: contoh)","atribut":{"status":"SHGB dalam proses","peruntukan":"Permukiman"}}},{"type":"Feature","geometry":{"type":"Polygon","coordinates":[[[106.79227,-6.371983],[106.792359,-6.371659],[106.79262,-6.371764],[106.792822,-6.370579],[106.793051,-6.370649],[106.793132,-6.370342],[106.793734,-6.370416],[106.793649,-6.370779],[106.79427,-6.370932],[106.7944,-6.370439],[106.795238,-6.370205],[106.795246,-6.369574],[106.795026,-6.369437],[106.79449,-6.36955],[106.794432,-6.369483],[106.794912,-6.368977],[106.794878,-6.368891],[106.795405,-6.368712],[106.795966,-6.369417],[106.795962,-6.370391],[106.795653,-6.37052],[106.795433,-6.370471],[106.795311,-6.371142],[106.795446,-6.371273],[106.795555,-6.371708],[106.795766,-6.372055],[106.795514,-6.37229],[106.795295,-6.373736],[106.794376,-6.373785],[106.794173,-6.37389],[106.793564,-6.373821],[106.793351,-6.373898],[106.79262,-6.373752],[106.792311,-6.37355],[106.791823,-6.37355],[106.79214,-6.372274],[106.79227,-6.371983]]]},"properties":{"layer_id":"legalitas","jenis":"legal","nama":"Villa Mutiara Cinere","sumber":"OSM (status: contoh)","atribut":{"status":"HGB","peruntukan":"Permukiman"}}},{"type":"Feature","geometry":{"type":"Polygon","coordinates":[[[106.824361,-6.554897],[106.824604,-6.554387],[106.82478,-6.554229],[106.825153,-6.554272],[106.824846,-6.555323],[106.824881,-6.555624],[106.824631,-6.556136],[106.824347,-6.556384],[106.823953,-6.556233],[106.823949,-6.555828],[106.824361,-6.554897]]]},"properties":{"layer_id":"legalitas","jenis":"legal","nama":"Perumahan Hollywood","sumber":"OSM (status: contoh)","atribut":{"status":"Girik","peruntukan":"Permukiman"}}},{"type":"Feature","geometry":{"type":"Polygon","coordinates":[[[106.83677,-6.417436],[106.836819,-6.418199],[106.837054,-6.418169],[106.836974,-6.417599],[106.836953,-6.417423],[106.83677,-6.417436]]]},"properties":{"layer_id":"legalitas","jenis":"legal","nama":"Kirana Premier","sumber":"OSM (status: contoh)","atribut":{"status":"Girik","peruntukan":"Permukiman"}}},{"type":"Feature","geometry":{"type":"Polygon","coordinates":[[[106.786471,-6.350941],[106.786291,-6.350885],[106.786377,-6.350312],[106.786259,-6.350258],[106.786369,-6.349456],[106.785626,-6.349328],[106.785546,-6.349661],[106.785347,-6.349701],[106.78439,-6.34956],[106.784105,-6.351447],[106.783816,-6.351431],[106.783794,-6.352743],[106.783724,-6.353095],[106.783692,-6.354006],[106.782866,-6.353948],[106.7827,-6.354044],[106.782635,-6.35422],[106.782582,-6.355654],[106.782324,-6.355654],[106.782244,-6.356581],[106.782485,-6.356821],[106.782695,-6.357008],[106.783247,-6.357083],[106.783773,-6.357317],[106.783735,-6.357493],[106.783858,-6.357541],[106.783848,-6.357733],[106.784851,-6.357861],[106.785323,-6.357712],[106.785618,-6.357722],[106.785607,-6.358192],[106.788381,-6.358266],[106.78837,-6.357029],[106.788424,-6.356448],[106.78874,-6.35511],[106.787812,-6.354742],[106.787876,-6.352977],[106.787758,-6.352775],[106.787201,-6.352716],[106.787222,-6.352242],[106.786417,-6.352188],[106.786471,-6.350941]]]},"properties":{"layer_id":"legalitas","jenis":"legal","nama":"Graha Cinere","sumber":"OSM (status: contoh)","atribut":{"status":"Girik","peruntukan":"Permukiman"}}},{"type":"Feature","geometry":{"type":"Polygon","coordinates":[[[106.773301,-6.349155],[106.77332,-6.348051],[106.772513,-6.348078],[106.771718,-6.347989],[106.771571,-6.348531],[106.770611,-6.348403],[106.770466,-6.348861],[106.770343,-6.348816],[106.770279,-6.348992],[106.770037,-6.348917],[106.769804,-6.349419],[106.770952,-6.349637],[106.771094,-6.349797],[106.771217,-6.349826],[106.771349,-6.349776],[106.772194,-6.349077],[106.773301,-6.349155]]]},"properties":{"layer_id":"legalitas","jenis":"legal","nama":"Lereng Indah","sumber":"OSM (status: contoh)","atribut":{"status":"HGB","peruntukan":"Permukiman"}}},{"type":"Feature","geometry":{"type":"Polygon","coordinates":[[[106.7727,-6.349112],[106.772406,-6.349835],[106.773165,-6.350376],[106.77379,-6.350032],[106.77369,-6.349699],[106.773744,-6.349267],[106.773301,-6.349155],[106.7727,-6.349112]]]},"properties":{"layer_id":"legalitas","jenis":"legal","nama":"Taman Dhika Cinere","sumber":"OSM (status: contoh)","atribut":{"status":"HGB","peruntukan":"Permukiman"}}},{"type":"Feature","geometry":{"type":"Polygon","coordinates":[[[106.775675,-6.348158],[106.775571,-6.348368],[106.775643,-6.348446],[106.776152,-6.348451],[106.776099,-6.350682],[106.776145,-6.352527],[106.775603,-6.352524],[106.775608,-6.351882],[106.775404,-6.351871],[106.775402,-6.351263],[106.77531,-6.351263],[106.775321,-6.349776],[106.775227,-6.349693],[106.775418,-6.348128],[106.775675,-6.348158]]]},"properties":{"layer_id":"legalitas","jenis":"legal","nama":"Griya Cinere II","sumber":"OSM (status: contoh)","atribut":{"status":"SHM","peruntukan":"Permukiman"}}},{"type":"Feature","geometry":{"type":"Polygon","coordinates":[[[106.774809,-6.349629],[106.774026,-6.349477],[106.774157,-6.348861],[106.774071,-6.348515],[106.774581,-6.348435],[106.774718,-6.348582],[106.775053,-6.348456],[106.775133,-6.348379],[106.775147,-6.347969],[106.775734,-6.348059],[106.775675,-6.348158],[106.775418,-6.348128],[106.775227,-6.349693],[106.775055,-6.349661],[106.775031,-6.349901],[106.774782,-6.349861],[106.774809,-6.349629]]]},"properties":{"layer_id":"legalitas","jenis":"legal","nama":"Panorama Cinere","sumber":"OSM (status: contoh)","atribut":{"status":"SHM","peruntukan":"Permukiman"}}},{"type":"Feature","geometry":{"type":"Polygon","coordinates":[[[106.767046,-6.360873],[106.767202,-6.359732],[106.767132,-6.359594],[106.766955,-6.359466],[106.766886,-6.359237],[106.766918,-6.358634],[106.765957,-6.358378],[106.766242,-6.357045],[106.765619,-6.357104],[106.765491,-6.357722],[106.765839,-6.357786],[106.765721,-6.358325],[106.764876,-6.358218],[106.765003,-6.357794],[106.76464,-6.357725],[106.764689,-6.357488],[106.764957,-6.357546],[106.764976,-6.357493],[106.76497,-6.35647],[106.766628,-6.355995],[106.766784,-6.354993],[106.765839,-6.354774],[106.765684,-6.355489],[106.765212,-6.355345],[106.764589,-6.355275],[106.764777,-6.354113],[106.766188,-6.354316],[106.766655,-6.352743],[106.76703,-6.352834],[106.766853,-6.353409],[106.767374,-6.353564],[106.767679,-6.35254],[106.767492,-6.352484],[106.767628,-6.352116],[106.767751,-6.351301],[106.767932,-6.350845],[106.767814,-6.350797],[106.76776,-6.350104],[106.767907,-6.349583],[106.767932,-6.349117],[106.768349,-6.34918],[106.768409,-6.348579],[106.769112,-6.348728],[106.769214,-6.347998],[106.769638,-6.348057],[106.769278,-6.349645],[106.769441,-6.349691],[106.769396,-6.349933],[106.769659,-6.349971],[106.76923,-6.351197],[106.769401,-6.351229],[106.769262,-6.352242],[106.769412,-6.353553],[106.769557,-6.354081],[106.76953,-6.35495],[106.770056,-6.35478],[106.770544,-6.355947],[106.770549,-6.356587],[106.770791,-6.357296],[106.770748,-6.357499],[106.770201,-6.357664],[106.76967,-6.358671],[106.767368,-6.358058],[106.767159,-6.358554],[106.767181,-6.359359],[106.768865,-6.359759],[106.768624,-6.361108],[106.767046,-6.360873]]]},"properties":{"layer_id":"legalitas","jenis":"legal","nama":"Modernhill","sumber":"OSM (status: contoh)","atribut":{"status":"SHGB dalam proses","peruntukan":"Permukiman"}}},{"type":"Feature","geometry":{"type":"Polygon","coordinates":[[[106.777861,-6.32858],[106.778564,-6.32866],[106.778961,-6.328815],[106.778961,-6.328626],[106.779605,-6.328836],[106.779503,-6.32915],[106.781042,-6.329545],[106.780811,-6.330617],[106.781209,-6.330718],[106.781225,-6.33099],[106.781439,-6.331043],[106.781412,-6.331198],[106.781745,-6.331278],[106.781879,-6.330963],[106.782094,-6.331022],[106.78226,-6.330355],[106.782732,-6.330483],[106.782555,-6.331139],[106.782775,-6.331198],[106.782625,-6.331704],[106.782737,-6.331736],[106.782625,-6.332174],[106.78315,-6.332355],[106.781681,-6.336434],[106.781251,-6.337351],[106.777695,-6.336508],[106.777555,-6.337351],[106.776472,-6.336844],[106.776601,-6.336338],[106.776177,-6.336156],[106.775839,-6.335703],[106.775699,-6.335159],[106.775705,-6.33412],[106.776091,-6.334104],[106.775973,-6.333816],[106.775501,-6.333304],[106.775453,-6.333112],[106.775528,-6.332957],[106.77579,-6.33284],[106.776439,-6.332835],[106.776665,-6.332728],[106.776777,-6.332552],[106.776777,-6.332248],[106.776617,-6.331843],[106.776348,-6.33163],[106.776198,-6.331225],[106.776563,-6.330654],[106.777233,-6.330307],[106.777523,-6.330062],[106.777732,-6.329732],[106.778076,-6.328937],[106.777861,-6.32858]]]},"properties":{"layer_id":"legalitas","jenis":"legal","nama":"Mega Cinere","sumber":"OSM (status: contoh)","atribut":{"status":"HGB","peruntukan":"Permukiman"}}},{"type":"Feature","geometry":{"type":"Polygon","coordinates":[[[106.776171,-6.345348],[106.774723,-6.345039],[106.773473,-6.344575],[106.772593,-6.344159],[106.772556,-6.343999],[106.772684,-6.343775],[106.773559,-6.343024],[106.773639,-6.342816],[106.773698,-6.34249],[106.773505,-6.34216],[106.773156,-6.341835],[106.773135,-6.341568],[106.773478,-6.340283],[106.773436,-6.33999],[106.773242,-6.339729],[106.773146,-6.339473],[106.773264,-6.339195],[106.773677,-6.339115],[106.773763,-6.33902],[106.773725,-6.338801],[106.773532,-6.338534],[106.773296,-6.338444],[106.772636,-6.338577],[106.772454,-6.338518],[106.772341,-6.338401],[106.772443,-6.338198],[106.77269,-6.338049],[106.773339,-6.33791],[106.774428,-6.338204],[106.774787,-6.338209],[106.775141,-6.337974],[106.775243,-6.33774],[106.775168,-6.337505],[106.774777,-6.336866],[106.774492,-6.336556],[106.774417,-6.336316],[106.774476,-6.336162],[106.774734,-6.336108],[106.775098,-6.336274],[106.775554,-6.336311],[106.776177,-6.336156],[106.776601,-6.336338],[106.776472,-6.336844],[106.777555,-6.337351],[106.777695,-6.336508],[106.781251,-6.337351],[106.778017,-6.343919],[106.777722,-6.343802],[106.777582,-6.344138],[106.777469,-6.344095],[106.777303,-6.344591],[106.777464,-6.34465],[106.777351,-6.344953],[106.776311,-6.34466],[106.776171,-6.345348]]]},"properties":{"layer_id":"legalitas","jenis":"legal","nama":"Bukit Cinere Indah","sumber":"OSM (status: contoh)","atribut":{"status":"Girik","peruntukan":"Permukiman"}}},{"type":"Feature","geometry":{"type":"Polygon","coordinates":[[[106.766175,-6.34415],[106.766349,-6.343477],[106.767306,-6.343684],[106.767084,-6.344298],[106.766175,-6.34415]]]},"properties":{"layer_id":"legalitas","jenis":"legal","nama":"Casa de Ramos","sumber":"OSM (status: contoh)","atribut":{"status":"SHM","peruntukan":"Permukiman"}}},{"type":"Feature","geometry":{"type":"Polygon","coordinates":[[[106.773816,-6.348035],[106.772513,-6.348078],[106.771649,-6.347982],[106.770839,-6.347801],[106.77071,-6.347587],[106.769026,-6.347278],[106.769139,-6.346686],[106.767916,-6.346548],[106.76725,-6.346329],[106.767272,-6.346009],[106.767411,-6.345641],[106.767266,-6.345508],[106.76725,-6.34538],[106.767331,-6.345193],[106.765485,-6.34481],[106.765577,-6.344053],[106.767084,-6.344298],[106.768125,-6.341424],[106.768516,-6.340614],[106.769224,-6.340694],[106.769321,-6.340022],[106.769723,-6.340022],[106.769713,-6.340608],[106.770737,-6.340646],[106.770898,-6.340821],[106.770742,-6.341925],[106.771354,-6.342341],[106.77114,-6.342506],[106.771998,-6.343658],[106.772298,-6.344468],[106.772856,-6.345076],[106.772878,-6.345391],[106.772754,-6.345982],[106.773301,-6.346212],[106.773832,-6.34626],[106.774197,-6.346185],[106.774959,-6.345839],[106.775308,-6.346345],[106.775608,-6.346617],[106.775394,-6.347017],[106.775216,-6.34707],[106.774567,-6.346889],[106.773216,-6.346947],[106.77321,-6.347251],[106.773752,-6.347635],[106.773816,-6.348035]]]},"properties":{"layer_id":"legalitas","jenis":"legal","nama":"SouthCity","sumber":"OSM (status: contoh)","atribut":{"status":"Girik","peruntukan":"Permukiman"}}},{"type":"Feature","geometry":{"type":"Polygon","coordinates":[[[106.737368,-6.385018],[106.73835,-6.385036],[106.738347,-6.385127],[106.73861,-6.385135],[106.738597,-6.386001],[106.738178,-6.385998],[106.738173,-6.386153],[106.738095,-6.38615],[106.738071,-6.386593],[106.737883,-6.386582],[106.737889,-6.386364],[106.737516,-6.386337],[106.737524,-6.385815],[106.737315,-6.385801],[106.737368,-6.385018]]]},"properties":{"layer_id":"legalitas","jenis":"legal","nama":"Saviya","sumber":"OSM (status: contoh)","atribut":{"status":"SHGB dalam proses","peruntukan":"Permukiman"}}},{"type":"Feature","geometry":{"type":"Polygon","coordinates":[[[106.733753,-6.385216],[106.735352,-6.385232],[106.735356,-6.385703],[106.735738,-6.38571],[106.735733,-6.385233],[106.736951,-6.385248],[106.736951,-6.385653],[106.736752,-6.385658],[106.736741,-6.386095],[106.737133,-6.386095],[106.737122,-6.386378],[106.736452,-6.386373],[106.736441,-6.386847],[106.735658,-6.386843],[106.735654,-6.38698],[106.735553,-6.386981],[106.735555,-6.387052],[106.735387,-6.387054],[106.735389,-6.386833],[106.734976,-6.386775],[106.734971,-6.386479],[106.734805,-6.386479],[106.734794,-6.386408],[106.734621,-6.386394],[106.734605,-6.386493],[106.734012,-6.386397],[106.733743,-6.385765],[106.733753,-6.385216]]]},"properties":{"layer_id":"legalitas","jenis":"legal","nama":"Amity","sumber":"OSM (status: contoh)","atribut":{"status":"HGB","peruntukan":"Permukiman"}}},{"type":"Feature","geometry":{"type":"Polygon","coordinates":[[[106.733686,-6.384316],[106.735099,-6.384289],[106.735104,-6.384068],[106.735492,-6.384066],[106.735497,-6.385144],[106.733708,-6.385141],[106.733686,-6.384316]]]},"properties":{"layer_id":"legalitas","jenis":"legal","nama":"Gardena","sumber":"OSM (status: contoh)","atribut":{"status":"SHM","peruntukan":"Permukiman"}}},{"type":"Feature","geometry":{"type":"Polygon","coordinates":[[[106.853424,-6.442464],[106.853102,-6.440486],[106.852856,-6.439729],[106.852394,-6.438727],[106.852266,-6.438258],[106.852255,-6.437746],[106.85233,-6.43716],[106.852534,-6.436669],[106.853113,-6.436019],[106.854331,-6.436568],[106.85454,-6.436915],[106.854857,-6.437075],[106.854449,-6.437885],[106.854722,-6.438194],[106.855264,-6.438455],[106.856595,-6.438876],[106.856337,-6.439814],[106.856053,-6.440166],[106.855897,-6.440225],[106.855801,-6.440507],[106.855034,-6.440806],[106.854851,-6.441286],[106.854916,-6.441989],[106.854873,-6.442123],[106.854647,-6.44233],[106.853424,-6.442464]]]},"properties":{"layer_id":"legalitas","jenis":"legal","nama":"Komplek TNI AU Dwikora","sumber":"OSM (status: contoh)","atribut":{"status":"HGB","peruntukan":"Permukiman"}}},{"type":"Feature","geometry":{"type":"Polygon","coordinates":[[[106.713334,-6.344426],[106.713606,-6.344398],[106.713548,-6.343759],[106.713249,-6.34378],[106.713334,-6.344426]]]},"properties":{"layer_id":"legalitas","jenis":"legal","nama":"Arimbi Mas","sumber":"OSM (status: contoh)","atribut":{"status":"SHM","peruntukan":"Permukiman"}}},{"type":"Feature","geometry":{"type":"Polygon","coordinates":[[[106.812801,-6.529027],[106.812925,-6.529041],[106.812883,-6.529678],[106.812593,-6.529819],[106.812657,-6.528988],[106.812801,-6.529027]]]},"properties":{"layer_id":"legalitas","jenis":"legal","nama":"Blok C1","sumber":"OSM (status: contoh)","atribut":{"status":"SHM","peruntukan":"Permukiman"}}},{"type":"Feature","geometry":{"type":"Polygon","coordinates":[[[106.812989,-6.52905],[106.813199,-6.529102],[106.81317,-6.529676],[106.812934,-6.529652],[106.812989,-6.52905]]]},"properties":{"layer_id":"legalitas","jenis":"legal","nama":"Blok C5","sumber":"OSM (status: contoh)","atribut":{"status":"HGB","peruntukan":"Permukiman"}}},{"type":"Feature","geometry":{"type":"Polygon","coordinates":[[[106.813247,-6.529123],[106.813462,-6.529176],[106.813431,-6.529518],[106.813223,-6.529507],[106.813247,-6.529123]]]},"properties":{"layer_id":"legalitas","jenis":"legal","nama":"Blok C6","sumber":"OSM (status: contoh)","atribut":{"status":"Girik","peruntukan":"Permukiman"}}},{"type":"Feature","geometry":{"type":"Polygon","coordinates":[[[106.813513,-6.529197],[106.813745,-6.529247],[106.813706,-6.529723],[106.813472,-6.529702],[106.813513,-6.529197]]]},"properties":{"layer_id":"legalitas","jenis":"legal","nama":"Blok C7","sumber":"OSM (status: contoh)","atribut":{"status":"HGB","peruntukan":"Permukiman"}}},{"type":"Feature","geometry":{"type":"Polygon","coordinates":[[[106.813793,-6.529262],[106.81402,-6.529312],[106.813983,-6.529746],[106.813757,-6.529723],[106.813793,-6.529262]]]},"properties":{"layer_id":"legalitas","jenis":"legal","nama":"Blok C8","sumber":"OSM (status: contoh)","atribut":{"status":"Girik","peruntukan":"Permukiman"}}},{"type":"Feature","geometry":{"type":"Polygon","coordinates":[[[106.814067,-6.529323],[106.814292,-6.529353],[106.81427,-6.529768],[106.814032,-6.529749],[106.814067,-6.529323]]]},"properties":{"layer_id":"legalitas","jenis":"legal","nama":"Blok C9","sumber":"OSM (status: contoh)","atribut":{"status":"HGB","peruntukan":"Permukiman"}}},{"type":"Feature","geometry":{"type":"Polygon","coordinates":[[[106.814336,-6.529369],[106.814519,-6.529384],[106.814494,-6.52978],[106.81431,-6.529757],[106.814336,-6.529369]]]},"properties":{"layer_id":"legalitas","jenis":"legal","nama":"Blok c10","sumber":"OSM (status: contoh)","atribut":{"status":"SHM","peruntukan":"Permukiman"}}},{"type":"Feature","geometry":{"type":"Polygon","coordinates":[[[106.812501,-6.529907],[106.812622,-6.529918],[106.812671,-6.529998],[106.812589,-6.530075],[106.812467,-6.530019],[106.812501,-6.529907]]]},"properties":{"layer_id":"legalitas","jenis":"legal","nama":"Vila Bogor Indah 6","sumber":"OSM (status: contoh)","atribut":{"status":"SHM","peruntukan":"Permukiman"}}},{"type":"Feature","geometry":{"type":"Polygon","coordinates":[[[106.747237,-6.341194],[106.747874,-6.340917],[106.748387,-6.341329],[106.748486,-6.341901],[106.748413,-6.341971],[106.748486,-6.342474],[106.748668,-6.34257],[106.748491,-6.343],[106.748038,-6.342863],[106.747206,-6.342848],[106.747195,-6.342424],[106.746503,-6.34248],[106.746469,-6.3421],[106.74701,-6.342048],[106.74689,-6.341392],[106.747237,-6.341194]]]},"properties":{"layer_id":"legalitas","jenis":"legal","nama":"Bukit Pamulang Indah V","sumber":"OSM (status: contoh)","atribut":{"status":"SHGB dalam proses","peruntukan":"Permukiman"}}},{"type":"Feature","geometry":{"type":"Polygon","coordinates":[[[106.727442,-6.381672],[106.728832,-6.381891],[106.728482,-6.384186],[106.728535,-6.384724],[106.728317,-6.384666],[106.72829,-6.384353],[106.728346,-6.384095],[106.72802,-6.384027],[106.728015,-6.383913],[106.727652,-6.383851],[106.727616,-6.383657],[106.727324,-6.383667],[106.727287,-6.382844],[106.727448,-6.382863],[106.727506,-6.382559],[106.727543,-6.381871],[106.727418,-6.381852],[106.727442,-6.381672]]]},"properties":{"layer_id":"legalitas","jenis":"legal","nama":"Evergreen","sumber":"OSM (status: contoh)","atribut":{"status":"SHM","peruntukan":"Permukiman"}}},{"type":"Feature","geometry":{"type":"Polygon","coordinates":[[[106.864322,-6.398412],[106.863731,-6.398674],[106.863046,-6.399424],[106.862443,-6.400358],[106.862082,-6.400908],[106.863206,-6.401499],[106.864038,-6.399876],[106.864322,-6.398412]]]},"properties":{"layer_id":"legalitas","jenis":"legal","nama":"RT. 01 RW.01","sumber":"OSM (status: contoh)","atribut":{"status":"SHM","peruntukan":"Permukiman"}}},{"type":"Feature","geometry":{"type":"Polygon","coordinates":[[[106.798567,-6.531127],[106.79932,-6.53115],[106.799329,-6.531926],[106.798164,-6.531971],[106.798156,-6.531853],[106.798343,-6.531845],[106.798335,-6.531733],[106.798404,-6.531734],[106.798378,-6.531124],[106.798567,-6.531127]]]},"properties":{"layer_id":"legalitas","jenis":"legal","nama":"Pesona Cilebut 1","sumber":"OSM (status: contoh)","atribut":{"status":"SHGB dalam proses","peruntukan":"Permukiman"}}},{"type":"Feature","geometry":{"type":"Polygon","coordinates":[[[106.799109,-6.528465],[106.799657,-6.527663],[106.799748,-6.527583],[106.799921,-6.527574],[106.799944,-6.527985],[106.799762,-6.528291],[106.799976,-6.528493],[106.799643,-6.529007],[106.799919,-6.529056],[106.799951,-6.529479],[106.800098,-6.529577],[106.800065,-6.52982],[106.799677,-6.529832],[106.799668,-6.53033],[106.799774,-6.530336],[106.799773,-6.530717],[106.798338,-6.53069],[106.798335,-6.529628],[106.798481,-6.529307],[106.798506,-6.529018],[106.798591,-6.529011],[106.798674,-6.529104],[106.799109,-6.528465]]]},"properties":{"layer_id":"legalitas","jenis":"legal","nama":"Pesona Cilebut 1","sumber":"OSM (status: contoh)","atribut":{"status":"SHM","peruntukan":"Permukiman"}}},{"type":"Feature","geometry":{"type":"Polygon","coordinates":[[[106.795757,-6.527387],[106.79763,-6.527425],[106.797631,-6.527262],[106.797783,-6.527257],[106.797869,-6.528644],[106.796833,-6.528659],[106.796823,-6.530084],[106.796687,-6.530116],[106.796652,-6.530659],[106.796415,-6.5307],[106.796402,-6.530918],[106.795553,-6.530933],[106.795455,-6.530034],[106.795712,-6.530013],[106.795623,-6.52978],[106.795659,-6.529565],[106.796026,-6.529466],[106.796044,-6.529198],[106.796644,-6.529133],[106.796563,-6.52811],[106.796045,-6.528112],[106.795995,-6.527671],[106.795753,-6.527652],[106.795757,-6.527387]]]},"properties":{"layer_id":"legalitas","jenis":"legal","nama":"Pesona Cilebut 1","sumber":"OSM (status: contoh)","atribut":{"status":"SHM","peruntukan":"Permukiman"}}},{"type":"Feature","geometry":{"type":"Polygon","coordinates":[[[106.799489,-6.534603],[106.79919,-6.53455],[106.799233,-6.534014],[106.798751,-6.533986],[106.798749,-6.534191],[106.798279,-6.53418],[106.798278,-6.534282],[106.797749,-6.534281],[106.797765,-6.534049],[106.796616,-6.534001],[106.796573,-6.534359],[106.796187,-6.53436],[106.796205,-6.53479],[106.796403,-6.534797],[106.796488,-6.534992],[106.796488,-6.535237],[106.796245,-6.535241],[106.796155,-6.534941],[106.795225,-6.534971],[106.795155,-6.535284],[106.795174,-6.535551],[106.795204,-6.535651],[106.795371,-6.535764],[106.795346,-6.535951],[106.795292,-6.536473],[106.795334,-6.537076],[106.795617,-6.537028],[106.795618,-6.536725],[106.795694,-6.536707],[106.795712,-6.536474],[106.795925,-6.53644],[106.796483,-6.535909],[106.797009,-6.535894],[106.797022,-6.535582],[106.79794,-6.535535],[106.797945,-6.53512],[106.798306,-6.535124],[106.798308,-6.535031],[106.798731,-6.535044],[106.798729,-6.534954],[106.799174,-6.534939],[106.799237,-6.534688],[106.799464,-6.534728],[106.799489,-6.534603]]]},"properties":{"layer_id":"legalitas","jenis":"legal","nama":"Cilebut Residence 2","sumber":"OSM (status: contoh)","atribut":{"status":"SHM","peruntukan":"Permukiman"}}},{"type":"Feature","geometry":{"type":"Polygon","coordinates":[[[106.799212,-6.536433],[106.798937,-6.536496],[106.79896,-6.535747],[106.798906,-6.535708],[106.797799,-6.535736],[106.797741,-6.536115],[106.796876,-6.536175],[106.796874,-6.535898],[106.796483,-6.535909],[106.796429,-6.535946],[106.796447,-6.536256],[106.796031,-6.536334],[106.795925,-6.53644],[106.795712,-6.536474],[106.795694,-6.536707],[106.795618,-6.536725],[106.795617,-6.537028],[106.795334,-6.537076],[106.795466,-6.537524],[106.795986,-6.53743],[106.796006,-6.537274],[106.796741,-6.537348],[106.797765,-6.537203],[106.797757,-6.537079],[106.798255,-6.537051],[106.79825,-6.536849],[106.798668,-6.536838],[106.798657,-6.537103],[106.799199,-6.537084],[106.798975,-6.536663],[106.799005,-6.536575],[106.799236,-6.536517],[106.799212,-6.536433]]]},"properties":{"layer_id":"legalitas","jenis":"legal","nama":"Perumahan RS PMI Bogor","sumber":"OSM (status: contoh)","atribut":{"status":"Girik","peruntukan":"Permukiman"}}},{"type":"Feature","geometry":{"type":"Polygon","coordinates":[[[106.799148,-6.54435],[106.798855,-6.544338],[106.798905,-6.543133],[106.799043,-6.541866],[106.798911,-6.541861],[106.798924,-6.541702],[106.798024,-6.54165],[106.797892,-6.541712],[106.797942,-6.541825],[106.79729,-6.542078],[106.797276,-6.542196],[106.797164,-6.542204],[106.796988,-6.542511],[106.796744,-6.542719],[106.796832,-6.542985],[106.796454,-6.54282],[106.796362,-6.543014],[106.796609,-6.543117],[106.796646,-6.543052],[106.796799,-6.543097],[106.796728,-6.543646],[106.796829,-6.543729],[106.796768,-6.543789],[106.797016,-6.54417],[106.796554,-6.545173],[106.796946,-6.545765],[106.797707,-6.54589],[106.797707,-6.545968],[106.797853,-6.546107],[106.79799,-6.546125],[106.797981,-6.546258],[106.797691,-6.546457],[106.797691,-6.54697],[106.797879,-6.546975],[106.797893,-6.546893],[106.798051,-6.546882],[106.798629,-6.546946],[106.798631,-6.54629],[106.798711,-6.545993],[106.798841,-6.544434],[106.799142,-6.544454],[106.799148,-6.54435]]]},"properties":{"layer_id":"legalitas","jenis":"legal","nama":"Permata Bogor Residence","sumber":"OSM (status: contoh)","atribut":{"status":"SHGB dalam proses","peruntukan":"Permukiman"}}},{"type":"Feature","geometry":{"type":"Polygon","coordinates":[[[106.775451,-6.413037],[106.775443,-6.413569],[106.775692,-6.413566],[106.775724,-6.41303],[106.775451,-6.413037]]]},"properties":{"layer_id":"legalitas","jenis":"legal","nama":"Alief Residence V","sumber":"OSM (status: contoh)","atribut":{"status":"HGB","peruntukan":"Permukiman"}}},{"type":"Feature","geometry":{"type":"Polygon","coordinates":[[[106.849854,-6.368562],[106.849941,-6.368767],[106.84963,-6.368946],[106.849534,-6.368726],[106.849854,-6.368562]]]},"properties":{"layer_id":"legalitas","jenis":"legal","nama":"Kavling pondok duta 1 1060m","sumber":"OSM (status: contoh)","atribut":{"status":"SHGB dalam proses","peruntukan":"Permukiman"}}},{"type":"Feature","geometry":{"type":"Polygon","coordinates":[[[106.732038,-6.293739],[106.732178,-6.293621],[106.731884,-6.293019],[106.732058,-6.292954],[106.7321,-6.293045],[106.732443,-6.292981],[106.732787,-6.292834],[106.732606,-6.292516],[106.732335,-6.292619],[106.732304,-6.292568],[106.731715,-6.292846],[106.731824,-6.293511],[106.731625,-6.293376],[106.731441,-6.29338],[106.731446,-6.293559],[106.732038,-6.293739]]]},"properties":{"layer_id":"legalitas","jenis":"legal","nama":"Jasmine Residence","sumber":"OSM (status: contoh)","atribut":{"status":"SHM","peruntukan":"Permukiman"}}},{"type":"Feature","geometry":{"type":"Polygon","coordinates":[[[106.717204,-6.375236],[106.717866,-6.375301],[106.717787,-6.375966],[106.717629,-6.375937],[106.717665,-6.375541],[106.717202,-6.375525],[106.717204,-6.375236]]]},"properties":{"layer_id":"legalitas","jenis":"legal","nama":"Cluster Ciater Residence One","sumber":"OSM (status: contoh)","atribut":{"status":"SHGB dalam proses","peruntukan":"Permukiman"}}},{"type":"Feature","geometry":{"type":"Polygon","coordinates":[[[106.783884,-6.298302],[106.784725,-6.297892],[106.78495,-6.29801],[106.785098,-6.298146],[106.785074,-6.298487],[106.785194,-6.298828],[106.785441,-6.299023],[106.785642,-6.299537],[106.786067,-6.299921],[106.786097,-6.300104],[106.785932,-6.300428],[106.786035,-6.300604],[106.786177,-6.300692],[106.786365,-6.301074],[106.78591,-6.301534],[106.785661,-6.301576],[106.785682,-6.301318],[106.785578,-6.301316],[106.785524,-6.30122],[106.78567,-6.301091],[106.785536,-6.300848],[106.784481,-6.300809],[106.784599,-6.299401],[106.783884,-6.298302]]]},"properties":{"layer_id":"legalitas","jenis":"legal","nama":"Apartemen Bona Vista","sumber":"OSM (status: contoh)","atribut":{"status":"SHM","peruntukan":"Permukiman"}}},{"type":"Feature","geometry":{"type":"Polygon","coordinates":[[[106.785918,-6.294093],[106.786873,-6.294067],[106.786912,-6.29498],[106.786683,-6.29501],[106.786036,-6.294994],[106.785918,-6.294093]]]},"properties":{"layer_id":"legalitas","jenis":"legal","nama":"Pondok Klub Vila","sumber":"OSM (status: contoh)","atribut":{"status":"SHM","peruntukan":"Permukiman"}}},{"type":"Feature","geometry":{"type":"Polygon","coordinates":[[[106.785387,-6.295194],[106.785784,-6.295173],[106.786173,-6.295834],[106.785971,-6.29675],[106.785665,-6.296769],[106.785087,-6.295832],[106.785052,-6.295461],[106.785387,-6.295194]]]},"properties":{"layer_id":"legalitas","jenis":"legal","nama":"SQ Res","sumber":"OSM (status: contoh)","atribut":{"status":"SHM","peruntukan":"Permukiman"}}},{"type":"Feature","geometry":{"type":"Polygon","coordinates":[[[106.795226,-6.534469],[106.796187,-6.53436],[106.796205,-6.53479],[106.796403,-6.534797],[106.796488,-6.534992],[106.796488,-6.535237],[106.796245,-6.535241],[106.796202,-6.534973],[106.795674,-6.534935],[106.795659,-6.534594],[106.795373,-6.53457],[106.79538,-6.534647],[106.795245,-6.534655],[106.795226,-6.534469]]]},"properties":{"layer_id":"legalitas","jenis":"legal","nama":"Raqilla Residence","sumber":"OSM (status: contoh)","atribut":{"status":"HGB","peruntukan":"Permukiman"}}},{"type":"Feature","geometry":{"type":"Polygon","coordinates":[[[106.732778,-6.297262],[106.732852,-6.297592],[106.733088,-6.297579],[106.733071,-6.297254],[106.732778,-6.297262]]]},"properties":{"layer_id":"legalitas","jenis":"legal","nama":"Lily House","sumber":"OSM (status: contoh)","atribut":{"status":"Girik","peruntukan":"Permukiman"}}},{"type":"Feature","geometry":{"type":"Polygon","coordinates":[[[106.732319,-6.297302],[106.732176,-6.296807],[106.732646,-6.296715],[106.732644,-6.296874],[106.732917,-6.29689],[106.732922,-6.296997],[106.733008,-6.297026],[106.733017,-6.297187],[106.732773,-6.29718],[106.732319,-6.297302]]]},"properties":{"layer_id":"legalitas","jenis":"legal","nama":"Aeera Bintaro","sumber":"OSM (status: contoh)","atribut":{"status":"HGB","peruntukan":"Permukiman"}}},{"type":"Feature","geometry":{"type":"Polygon","coordinates":[[[106.730324,-6.292488],[106.730314,-6.292276],[106.72986,-6.29225],[106.729799,-6.292551],[106.729831,-6.292963],[106.730122,-6.292887],[106.730107,-6.292496],[106.730324,-6.292488]]]},"properties":{"layer_id":"legalitas","jenis":"legal","nama":"Firdaus Residence","sumber":"OSM (status: contoh)","atribut":{"status":"SHM","peruntukan":"Permukiman"}}},{"type":"Feature","geometry":{"type":"Polygon","coordinates":[[[106.729775,-6.293088],[106.730045,-6.293077],[106.730052,-6.293172],[106.730186,-6.29318],[106.730284,-6.293363],[106.730247,-6.293932],[106.729652,-6.293859],[106.72958,-6.294099],[106.72937,-6.294225],[106.72908,-6.294133],[106.72914,-6.294048],[106.728907,-6.293873],[106.728942,-6.293781],[106.729147,-6.29366],[106.72931,-6.293357],[106.729285,-6.293128],[106.729109,-6.292863],[106.729001,-6.292519],[106.729089,-6.292483],[106.728923,-6.292075],[106.729398,-6.291759],[106.729609,-6.291943],[106.72973,-6.291829],[106.72995,-6.291799],[106.729962,-6.292047],[106.730057,-6.29205],[106.730064,-6.292267],[106.729784,-6.292216],[106.729573,-6.292412],[106.729587,-6.292532],[106.729799,-6.292551],[106.729831,-6.292963],[106.729674,-6.292999],[106.729775,-6.293088]]]},"properties":{"layer_id":"legalitas","jenis":"legal","nama":"Griya Bintaro Estate","sumber":"OSM (status: contoh)","atribut":{"status":"Girik","peruntukan":"Permukiman"}}},{"type":"Feature","geometry":{"type":"Polygon","coordinates":[[[106.728467,-6.29077],[106.728848,-6.290658],[106.728789,-6.29021],[106.728596,-6.289556],[106.728129,-6.289789],[106.728467,-6.29077]]]},"properties":{"layer_id":"legalitas","jenis":"legal","nama":"Perumahan Puri Kristal","sumber":"OSM (status: contoh)","atribut":{"status":"HGB","peruntukan":"Permukiman"}}},{"type":"Feature","geometry":{"type":"Polygon","coordinates":[[[106.72892,-6.293221],[106.728911,-6.293425],[106.729002,-6.293733],[106.729147,-6.29366],[106.72931,-6.293357],[106.729321,-6.293197],[106.729109,-6.292863],[106.729001,-6.292519],[106.729089,-6.292483],[106.728923,-6.292075],[106.729398,-6.291759],[106.729231,-6.291607],[106.728914,-6.291127],[106.728838,-6.290733],[106.728423,-6.290851],[106.728538,-6.291385],[106.728484,-6.291795],[106.72885,-6.292125],[106.728353,-6.29217],[106.728351,-6.292218],[106.728462,-6.292568],[106.728821,-6.292596],[106.72892,-6.293221]]]},"properties":{"layer_id":"legalitas","jenis":"legal","nama":"The Paradise Park Residence","sumber":"OSM (status: contoh)","atribut":{"status":"SHM","peruntukan":"Permukiman"}}},{"type":"Feature","geometry":{"type":"Polygon","coordinates":[[[106.726754,-6.292547],[106.726546,-6.292468],[106.72696,-6.291606],[106.727377,-6.291758],[106.727243,-6.292174],[106.727103,-6.292179],[106.727071,-6.292296],[106.726942,-6.292243],[106.726754,-6.292547]]]},"properties":{"layer_id":"legalitas","jenis":"legal","nama":"U-Town Home","sumber":"OSM (status: contoh)","atribut":{"status":"HGB","peruntukan":"Permukiman"}}},{"type":"Feature","geometry":{"type":"Polygon","coordinates":[[[106.724154,-6.293045],[106.724159,-6.292993],[106.724299,-6.293001],[106.724375,-6.292472],[106.724922,-6.292592],[106.725005,-6.292412],[106.725251,-6.292479],[106.725171,-6.292872],[106.72507,-6.292846],[106.725046,-6.292943],[106.7249,-6.292907],[106.724783,-6.293054],[106.724433,-6.293003],[106.724327,-6.293069],[106.724154,-6.293045]]]},"properties":{"layer_id":"legalitas","jenis":"legal","nama":"V Townhouse","sumber":"OSM (status: contoh)","atribut":{"status":"HGB","peruntukan":"Permukiman"}}},{"type":"Feature","geometry":{"type":"Polygon","coordinates":[[[106.73641,-6.319673],[106.736509,-6.319425],[106.736571,-6.318644],[106.736269,-6.318433],[106.736212,-6.31854],[106.735884,-6.318535],[106.73574,-6.318559],[106.735863,-6.319063],[106.735783,-6.319593],[106.73641,-6.319673]]]},"properties":{"layer_id":"legalitas","jenis":"legal","nama":"Griya Hijau Regency","sumber":"OSM (status: contoh)","atribut":{"status":"SHGB dalam proses","peruntukan":"Permukiman"}}},{"type":"Feature","geometry":{"type":"Polygon","coordinates":[[[106.735788,-6.320052],[106.736357,-6.320087],[106.73641,-6.319673],[106.735855,-6.319607],[106.735788,-6.320052]]]},"properties":{"layer_id":"legalitas","jenis":"legal","nama":"Amarta Residence","sumber":"OSM (status: contoh)","atribut":{"status":"Girik","peruntukan":"Permukiman"}}},{"type":"Feature","geometry":{"type":"Polygon","coordinates":[[[106.730901,-6.313795],[106.730987,-6.313422],[106.730272,-6.313498],[106.73026,-6.313774],[106.730325,-6.314076],[106.730922,-6.313955],[106.730901,-6.313795]]]},"properties":{"layer_id":"legalitas","jenis":"legal","nama":"Cubico Townhouse","sumber":"OSM (status: contoh)","atribut":{"status":"HGB","peruntukan":"Permukiman"}}},{"type":"Feature","geometry":{"type":"Polygon","coordinates":[[[106.718626,-6.299679],[106.719003,-6.299677],[106.719005,-6.29944],[106.719307,-6.299431],[106.719319,-6.299659],[106.719207,-6.299663],[106.719202,-6.300186],[106.71865,-6.30018],[106.718626,-6.299679]]]},"properties":{"layer_id":"legalitas","jenis":"legal","nama":"Green Valley","sumber":"OSM (status: contoh)","atribut":{"status":"SHGB dalam proses","peruntukan":"Permukiman"}}},{"type":"Feature","geometry":{"type":"Polygon","coordinates":[[[106.720701,-6.305424],[106.720668,-6.304659],[106.72111,-6.304659],[106.721138,-6.305213],[106.720886,-6.305205],[106.720891,-6.305469],[106.720701,-6.305424]]]},"properties":{"layer_id":"legalitas","jenis":"legal","nama":"Mansion Garden","sumber":"OSM (status: contoh)","atribut":{"status":"SHM","peruntukan":"Permukiman"}}},{"type":"Feature","geometry":{"type":"Polygon","coordinates":[[[106.719695,-6.30472],[106.719668,-6.305264],[106.719944,-6.305277],[106.719963,-6.304728],[106.719695,-6.30472]]]},"properties":{"layer_id":"legalitas","jenis":"legal","nama":"Terrace Garden","sumber":"OSM (status: contoh)","atribut":{"status":"SHGB dalam proses","peruntukan":"Permukiman"}}},{"type":"Feature","geometry":{"type":"Polygon","coordinates":[[[106.720076,-6.305392],[106.719633,-6.305378],[106.719569,-6.305752],[106.719993,-6.305869],[106.720076,-6.305392]]]},"properties":{"layer_id":"legalitas","jenis":"legal","nama":"Taman Rusa","sumber":"OSM (status: contoh)","atribut":{"status":"HGB","peruntukan":"Permukiman"}}},{"type":"Feature","geometry":{"type":"Polygon","coordinates":[[[106.719582,-6.303712],[106.71959,-6.303384],[106.720081,-6.303408],[106.720068,-6.303744],[106.719582,-6.303712]]]},"properties":{"layer_id":"legalitas","jenis":"legal","nama":"Bintaro Village 2","sumber":"OSM (status: contoh)","atribut":{"status":"SHGB dalam proses","peruntukan":"Permukiman"}}},{"type":"Feature","geometry":{"type":"Polygon","coordinates":[[[106.72135,-6.303254],[106.721334,-6.303494],[106.721178,-6.303494],[106.721175,-6.303862],[106.721309,-6.303851],[106.721311,-6.304142],[106.720963,-6.304123],[106.720958,-6.303891],[106.720829,-6.303891],[106.720762,-6.303616],[106.720773,-6.303139],[106.72135,-6.303254]]]},"properties":{"layer_id":"legalitas","jenis":"legal","nama":"Merpati Residence","sumber":"OSM (status: contoh)","atribut":{"status":"HGB","peruntukan":"Permukiman"}}},{"type":"Feature","geometry":{"type":"Polygon","coordinates":[[[106.724203,-6.307219],[106.724161,-6.307386],[106.723817,-6.307298],[106.723758,-6.307554],[106.722476,-6.307109],[106.722559,-6.306733],[106.723592,-6.306789],[106.723557,-6.307047],[106.724203,-6.307219]]]},"properties":{"layer_id":"legalitas","jenis":"legal","nama":"Bintaro Village","sumber":"OSM (status: contoh)","atribut":{"status":"HGB","peruntukan":"Permukiman"}}},{"type":"Feature","geometry":{"type":"Polygon","coordinates":[[[106.724203,-6.307219],[106.724351,-6.307258],[106.724381,-6.307037],[106.724799,-6.307127],[106.72474,-6.307506],[106.724965,-6.30757],[106.724853,-6.307938],[106.724273,-6.308338],[106.724144,-6.308543],[106.723788,-6.309508],[106.723839,-6.309636],[106.723986,-6.309745],[106.72467,-6.310081],[106.724721,-6.310212],[106.72466,-6.310652],[106.724796,-6.310806],[106.724271,-6.310897],[106.724096,-6.310508],[106.724144,-6.310244],[106.723793,-6.310196],[106.723353,-6.310393],[106.723072,-6.309844],[106.722629,-6.310036],[106.722396,-6.310071],[106.722425,-6.310247],[106.722001,-6.310284],[106.722018,-6.310079],[106.722342,-6.310049],[106.722482,-6.309404],[106.722798,-6.309444],[106.7229,-6.309185],[106.723174,-6.309244],[106.723278,-6.308975],[106.723576,-6.309065],[106.723739,-6.308631],[106.723192,-6.30845],[106.723254,-6.308298],[106.723107,-6.308244],[106.72308,-6.308151],[106.723104,-6.307847],[106.723021,-6.307693],[106.723235,-6.307351],[106.723758,-6.307554],[106.723817,-6.307298],[106.724161,-6.307386],[106.724203,-6.307219]]]},"properties":{"layer_id":"legalitas","jenis":"legal","nama":"Green Hills","sumber":"OSM (status: contoh)","atribut":{"status":"HGB","peruntukan":"Permukiman"}}},{"type":"Feature","geometry":{"type":"Polygon","coordinates":[[[106.717477,-6.307231],[106.71749,-6.307519],[106.717691,-6.307519],[106.717713,-6.307855],[106.717949,-6.307786],[106.717967,-6.307671],[106.718158,-6.307482],[106.717943,-6.307202],[106.717477,-6.307231]]]},"properties":{"layer_id":"legalitas","jenis":"legal","nama":"Aria Putra Lestari","sumber":"OSM (status: contoh)","atribut":{"status":"HGB","peruntukan":"Permukiman"}}},{"type":"Feature","geometry":{"type":"Polygon","coordinates":[[[106.715602,-6.302891],[106.715595,-6.302213],[106.715438,-6.302214],[106.715446,-6.301937],[106.715744,-6.301934],[106.715756,-6.302173],[106.716134,-6.302217],[106.716117,-6.302538],[106.716051,-6.302538],[106.716026,-6.302902],[106.715602,-6.302891]]]},"properties":{"layer_id":"legalitas","jenis":"legal","nama":"Bintaro Asri Residence","sumber":"OSM (status: contoh)","atribut":{"status":"HGB","peruntukan":"Permukiman"}}},{"type":"Feature","geometry":{"type":"Polygon","coordinates":[[[106.722393,-6.304851],[106.72242,-6.303973],[106.722296,-6.303976],[106.722361,-6.303248],[106.721833,-6.303243],[106.721789,-6.303648],[106.721548,-6.303638],[106.72154,-6.303843],[106.721309,-6.303851],[106.721312,-6.30436],[106.720977,-6.304363],[106.720972,-6.304459],[106.7211,-6.304461],[106.721138,-6.305213],[106.721736,-6.305117],[106.72176,-6.304856],[106.722393,-6.304851]]]},"properties":{"layer_id":"legalitas","jenis":"legal","nama":"Grand Bintaro Garden Residences","sumber":"OSM (status: contoh)","atribut":{"status":"SHGB dalam proses","peruntukan":"Permukiman"}}},{"type":"Feature","geometry":{"type":"Polygon","coordinates":[[[106.716066,-6.304903],[106.716076,-6.305061],[106.716377,-6.305069],[106.716388,-6.305181],[106.717125,-6.305099],[106.717077,-6.304717],[106.716376,-6.304824],[106.716377,-6.304893],[106.716066,-6.304903]]]},"properties":{"layer_id":"legalitas","jenis":"legal","nama":"Havana Park Bintaro","sumber":"OSM (status: contoh)","atribut":{"status":"HGB","peruntukan":"Permukiman"}}},{"type":"Feature","geometry":{"type":"Polygon","coordinates":[[[106.725445,-6.310695],[106.725478,-6.310287],[106.725939,-6.310345],[106.725915,-6.310774],[106.725445,-6.310695]]]},"properties":{"layer_id":"legalitas","jenis":"legal","nama":"Rumah Kebun","sumber":"OSM (status: contoh)","atribut":{"status":"Girik","peruntukan":"Permukiman"}}},{"type":"Feature","geometry":{"type":"Polygon","coordinates":[[[106.725026,-6.308914],[106.725105,-6.308191],[106.724555,-6.308106],[106.724273,-6.308338],[106.724144,-6.308543],[106.724078,-6.30882],[106.725026,-6.308914]]]},"properties":{"layer_id":"legalitas","jenis":"legal","nama":"Taman Merpati 2 Residence","sumber":"OSM (status: contoh)","atribut":{"status":"HGB","peruntukan":"Permukiman"}}},{"type":"Feature","geometry":{"type":"Polygon","coordinates":[[[106.723814,-6.309424],[106.724576,-6.309492],[106.724609,-6.309266],[106.725258,-6.309322],[106.725292,-6.30894],[106.725026,-6.308914],[106.724078,-6.30882],[106.723814,-6.309424]]]},"properties":{"layer_id":"legalitas","jenis":"legal","nama":"Villa Prasadha","sumber":"OSM (status: contoh)","atribut":{"status":"SHM","peruntukan":"Permukiman"}}},{"type":"Feature","geometry":{"type":"Polygon","coordinates":[[[106.722846,-6.307645],[106.723021,-6.307693],[106.723104,-6.307847],[106.723107,-6.308244],[106.723254,-6.308298],[106.722996,-6.308895],[106.722527,-6.308722],[106.722165,-6.308666],[106.722213,-6.307615],[106.722626,-6.307711],[106.722846,-6.307645]]]},"properties":{"layer_id":"legalitas","jenis":"legal","nama":"Green Village Bintaro","sumber":"OSM (status: contoh)","atribut":{"status":"SHGB dalam proses","peruntukan":"Permukiman"}}},{"type":"Feature","geometry":{"type":"Polygon","coordinates":[[[106.722908,-6.30677],[106.723592,-6.306789],[106.723365,-6.305949],[106.7231,-6.305881],[106.723097,-6.306122],[106.722943,-6.306159],[106.722908,-6.30677]]]},"properties":{"layer_id":"legalitas","jenis":"legal","nama":"The Green Park 2 Residences","sumber":"OSM (status: contoh)","atribut":{"status":"HGB","peruntukan":"Permukiman"}}},{"type":"Feature","geometry":{"type":"Polygon","coordinates":[[[106.723915,-6.306541],[106.723512,-6.306509],[106.723365,-6.305949],[106.7231,-6.305881],[106.723097,-6.306122],[106.723038,-6.306176],[106.72264,-6.306106],[106.7227,-6.305564],[106.723337,-6.305625],[106.723381,-6.305868],[106.723635,-6.305914],[106.723624,-6.306208],[106.723927,-6.306221],[106.723915,-6.306541]]]},"properties":{"layer_id":"legalitas","jenis":"legal","nama":"Amaryllis Bintaro","sumber":"OSM (status: contoh)","atribut":{"status":"SHM","peruntukan":"Permukiman"}}},{"type":"Feature","geometry":{"type":"Polygon","coordinates":[[[106.724947,-6.306202],[106.724858,-6.306149],[106.724826,-6.306032],[106.724847,-6.305904],[106.724973,-6.30576],[106.725413,-6.305696],[106.725528,-6.304685],[106.725724,-6.304683],[106.725762,-6.30415],[106.725499,-6.304136],[106.725491,-6.303702],[106.724957,-6.303968],[106.724976,-6.304197],[106.724794,-6.304301],[106.724571,-6.304299],[106.724566,-6.304376],[106.723715,-6.304165],[106.723608,-6.304645],[106.723294,-6.304608],[106.723257,-6.304989],[106.72331,-6.305147],[106.723581,-6.305155],[106.723504,-6.305901],[106.723635,-6.305914],[106.723624,-6.306208],[106.723927,-6.306221],[106.723906,-6.306765],[106.724864,-6.306839],[106.724845,-6.306565],[106.724938,-6.306573],[106.724947,-6.306202]]]},"properties":{"layer_id":"legalitas","jenis":"legal","nama":"Bintaro Hill","sumber":"OSM (status: contoh)","atribut":{"status":"SHGB dalam proses","peruntukan":"Permukiman"}}},{"type":"Feature","geometry":{"type":"Polygon","coordinates":[[[106.725726,-6.307261],[106.72577,-6.306869],[106.725429,-6.306837],[106.725475,-6.306594],[106.725362,-6.306434],[106.725392,-6.306218],[106.724947,-6.306202],[106.724938,-6.306573],[106.724845,-6.306565],[106.724869,-6.306903],[106.725378,-6.306978],[106.725352,-6.307229],[106.725726,-6.307261]]]},"properties":{"layer_id":"legalitas","jenis":"legal","nama":"Golden Prime Bintaro","sumber":"OSM (status: contoh)","atribut":{"status":"HGB","peruntukan":"Permukiman"}}},{"type":"Feature","geometry":{"type":"Polygon","coordinates":[[[106.726137,-6.307527],[106.725338,-6.30749],[106.725338,-6.307359],[106.724933,-6.307338],[106.724839,-6.307061],[106.724869,-6.306903],[106.725378,-6.306978],[106.725352,-6.307229],[106.726156,-6.307298],[106.726137,-6.307527]]]},"properties":{"layer_id":"legalitas","jenis":"legal","nama":"The Green Park Residences","sumber":"OSM (status: contoh)","atribut":{"status":"Girik","peruntukan":"Permukiman"}}},{"type":"Feature","geometry":{"type":"Polygon","coordinates":[[[106.716637,-6.302995],[106.716811,-6.304429],[106.716371,-6.304411],[106.716377,-6.304893],[106.71576,-6.304912],[106.715561,-6.3052],[106.715063,-6.305314],[106.714743,-6.303198],[106.714894,-6.303038],[106.715108,-6.302976],[106.716637,-6.302995]]]},"properties":{"layer_id":"legalitas","jenis":"legal","nama":"Villa Jombang Baru","sumber":"OSM (status: contoh)","atribut":{"status":"SHM","peruntukan":"Permukiman"}}},{"type":"Feature","geometry":{"type":"Polygon","coordinates":[[[106.710555,-6.310153],[106.712037,-6.311417],[106.712614,-6.311398],[106.712611,-6.311033],[106.713582,-6.310966],[106.713662,-6.312051],[106.714472,-6.31187],[106.714652,-6.312734],[106.714904,-6.312702],[106.715006,-6.312939],[106.715942,-6.312641],[106.715902,-6.312313],[106.71565,-6.311761],[106.715814,-6.311707],[106.715679,-6.311156],[106.716004,-6.311092],[106.715969,-6.310623],[106.716779,-6.310561],[106.716795,-6.31034],[106.718836,-6.310324],[106.719212,-6.310396],[106.719354,-6.310356],[106.719477,-6.309985],[106.719421,-6.309719],[106.719137,-6.30974],[106.719099,-6.309172],[106.719247,-6.30913],[106.719091,-6.308607],[106.718563,-6.308727],[106.718501,-6.308404],[106.717517,-6.308532],[106.717528,-6.308642],[106.717063,-6.30866],[106.717039,-6.308567],[106.715913,-6.308618],[106.715894,-6.308159],[106.715497,-6.308135],[106.7155,-6.307815],[106.714333,-6.307762],[106.714129,-6.307549],[106.71411,-6.306815],[106.713657,-6.30677],[106.713676,-6.307314],[106.71337,-6.307298],[106.712898,-6.307429],[106.711884,-6.307314],[106.711828,-6.306634],[106.711903,-6.30588],[106.711785,-6.305874],[106.711789,-6.305486],[106.709425,-6.305504],[106.709167,-6.305709],[106.708714,-6.305653],[106.70855,-6.30548],[106.708287,-6.30565],[106.708722,-6.306048],[106.708861,-6.306696],[106.708869,-6.307031],[106.708024,-6.307191],[106.70803,-6.307559],[106.708118,-6.307642],[106.708432,-6.307703],[106.708459,-6.308103],[106.708647,-6.308111],[106.708655,-6.308268],[106.708845,-6.308268],[106.708851,-6.308508],[106.709097,-6.308812],[106.709336,-6.308812],[106.70935,-6.309036],[106.709596,-6.309052],[106.709602,-6.309234],[106.709773,-6.309231],[106.709765,-6.309476],[106.709854,-6.30958],[106.710036,-6.309585],[106.710044,-6.309724],[106.71039,-6.309796],[106.710454,-6.310641],[106.71042,-6.310846],[106.710307,-6.31095],[106.710908,-6.31183],[106.710951,-6.311412],[106.711189,-6.311454],[106.711208,-6.311249],[106.710758,-6.310892],[106.710514,-6.31079],[106.710555,-6.310153]]]},"properties":{"layer_id":"legalitas","jenis":"legal","nama":"Bukit Nusa Indah","sumber":"OSM (status: contoh)","atribut":{"status":"SHM","peruntukan":"Permukiman"}}},{"type":"Feature","geometry":{"type":"Polygon","coordinates":[[[106.715001,-6.302686],[106.714835,-6.302683],[106.714843,-6.302814],[106.71443,-6.302873],[106.714497,-6.303131],[106.714279,-6.30319],[106.714325,-6.303542],[106.713051,-6.303512],[106.712906,-6.3036],[106.712651,-6.303568],[106.712603,-6.303192],[106.711935,-6.303155],[106.711879,-6.302841],[106.711487,-6.302606],[106.710353,-6.302278],[106.709296,-6.301585],[106.70913,-6.301243],[106.709194,-6.301089],[106.709403,-6.30106],[106.709312,-6.300772],[106.70907,-6.300814],[106.70892,-6.300007],[106.708754,-6.299657],[106.70796,-6.2999],[106.708024,-6.299948],[106.708011,-6.300494],[106.708743,-6.300377],[106.708851,-6.300953],[106.708046,-6.3011],[106.707965,-6.301361],[106.708148,-6.301505],[106.708354,-6.301897],[106.708454,-6.302222],[106.708456,-6.302632],[106.70859,-6.302942],[106.708389,-6.30336],[106.707904,-6.303926],[106.708126,-6.304171],[106.708043,-6.304439],[106.708644,-6.305037],[106.708977,-6.305125],[106.709425,-6.305504],[106.711509,-6.305498],[106.711973,-6.305477],[106.712244,-6.305363],[106.715063,-6.305314],[106.714743,-6.303198],[106.714894,-6.303038],[106.715108,-6.302976],[106.715001,-6.302686]]]},"properties":{"layer_id":"legalitas","jenis":"legal","nama":"Villa Gunung Lestari","sumber":"OSM (status: contoh)","atribut":{"status":"HGB","peruntukan":"Permukiman"}}},{"type":"Feature","geometry":{"type":"Polygon","coordinates":[[[106.717919,-6.302838],[106.717093,-6.302827],[106.717101,-6.302345],[106.716771,-6.302326],[106.716736,-6.302081],[106.717163,-6.301278],[106.717243,-6.301228],[106.717359,-6.300774],[106.717321,-6.300305],[106.717994,-6.300247],[106.718569,-6.300321],[106.718697,-6.300356],[106.718828,-6.301686],[106.718603,-6.301702],[106.718523,-6.301465],[106.718321,-6.30155],[106.718319,-6.301878],[106.717836,-6.301875],[106.717919,-6.302838]]]},"properties":{"layer_id":"legalitas","jenis":"legal","nama":"Sudimara Forestwalk","sumber":"OSM (status: contoh)","atribut":{"status":"SHM","peruntukan":"Permukiman"}}},{"type":"Feature","geometry":{"type":"Polygon","coordinates":[[[106.70078,-6.280912],[106.700589,-6.278849],[106.70181,-6.278846],[106.703499,-6.278652],[106.703585,-6.279009],[106.703044,-6.27903],[106.703054,-6.279504],[106.703725,-6.279462],[106.703816,-6.279515],[106.703151,-6.280848],[106.702952,-6.280736],[106.702572,-6.280736],[106.70251,-6.281121],[106.702317,-6.281208],[106.701882,-6.280923],[106.70078,-6.280912]]]},"properties":{"layer_id":"legalitas","jenis":"legal","nama":"Emerald Residence","sumber":"OSM (status: contoh)","atribut":{"status":"SHM","peruntukan":"Permukiman"}}},{"type":"Feature","geometry":{"type":"Polygon","coordinates":[[[106.701482,-6.283376],[106.700216,-6.282584],[106.700627,-6.282035],[106.700783,-6.281653],[106.70078,-6.280912],[106.701882,-6.280923],[106.702317,-6.281208],[106.70251,-6.281121],[106.702518,-6.281304],[106.702432,-6.281467],[106.702732,-6.281659],[106.70218,-6.282773],[106.702166,-6.283402],[106.701482,-6.283376]]]},"properties":{"layer_id":"legalitas","jenis":"legal","nama":"Emerald Townhouse","sumber":"OSM (status: contoh)","atribut":{"status":"HGB","peruntukan":"Permukiman"}}},{"type":"Feature","geometry":{"type":"Polygon","coordinates":[[[106.70432,-6.283392],[106.704301,-6.282789],[106.703094,-6.282472],[106.703038,-6.282933],[106.702655,-6.282869],[106.702628,-6.283162],[106.702271,-6.283181],[106.70229,-6.283514],[106.702781,-6.283496],[106.702832,-6.283768],[106.703387,-6.283717],[106.703408,-6.283482],[106.70432,-6.283392]]]},"properties":{"layer_id":"legalitas","jenis":"legal","nama":"The Orchid","sumber":"OSM (status: contoh)","atribut":{"status":"HGB","peruntukan":"Permukiman"}}},{"type":"Feature","geometry":{"type":"Polygon","coordinates":[[[106.703856,-6.282667],[106.703896,-6.282416],[106.704159,-6.282456],[106.704385,-6.280918],[106.703304,-6.280856],[106.702978,-6.281447],[106.703298,-6.281553],[106.703244,-6.281762],[106.702861,-6.281658],[106.702783,-6.2818],[106.703001,-6.281883],[106.702864,-6.282437],[106.703856,-6.282667]]]},"properties":{"layer_id":"legalitas","jenis":"legal","nama":"Embarcadero Bintaro","sumber":"OSM (status: contoh)","atribut":{"status":"SHGB dalam proses","peruntukan":"Permukiman"}}},{"type":"Feature","geometry":{"type":"Polygon","coordinates":[[[106.700517,-6.337087],[106.700273,-6.336156],[106.700721,-6.336191],[106.700914,-6.336084],[106.701139,-6.336026],[106.701324,-6.336576],[106.700943,-6.336797],[106.700809,-6.337044],[106.700517,-6.337087]]]},"properties":{"layer_id":"legalitas","jenis":"legal","nama":"The Villas","sumber":"OSM (status: contoh)","atribut":{"status":"SHGB dalam proses","peruntukan":"Permukiman"}}},{"type":"Feature","geometry":{"type":"Polygon","coordinates":[[[106.701276,-6.339478],[106.70132,-6.339716],[106.700911,-6.33979],[106.700902,-6.339702],[106.700874,-6.339551],[106.701276,-6.339478]]]},"properties":{"layer_id":"legalitas","jenis":"legal","nama":"Sienna Serpong","sumber":"OSM (status: contoh)","atribut":{"status":"SHM","peruntukan":"Permukiman"}}},{"type":"Feature","geometry":{"type":"Polygon","coordinates":[[[106.704599,-6.347182],[106.704661,-6.347942],[106.705694,-6.347651],[106.70615,-6.348057],[106.706348,-6.348104],[106.706235,-6.348486],[106.706477,-6.349163],[106.705896,-6.349251],[106.705876,-6.349071],[106.705289,-6.349163],[106.705385,-6.349352],[106.705385,-6.349861],[106.705466,-6.350112],[106.705476,-6.350698],[106.705388,-6.351047],[106.705377,-6.351586],[106.70575,-6.35201],[106.705278,-6.35206],[106.70513,-6.351975],[106.705063,-6.351756],[106.704924,-6.351741],[106.704956,-6.35145],[106.704841,-6.351421],[106.704854,-6.351157],[106.704436,-6.351135],[106.704438,-6.351317],[106.703773,-6.351255],[106.70406,-6.350594],[106.704082,-6.350317],[106.703956,-6.349968],[106.703703,-6.349648],[106.703674,-6.349032],[106.703808,-6.348768],[106.703939,-6.348683],[106.704031,-6.348246],[106.704237,-6.348374],[106.704398,-6.347497],[106.704385,-6.347188],[106.704599,-6.347182]]]},"properties":{"layer_id":"legalitas","jenis":"legal","nama":"Panorama Serpong","sumber":"OSM (status: contoh)","atribut":{"status":"SHGB dalam proses","peruntukan":"Permukiman"}}},{"type":"Feature","geometry":{"type":"Polygon","coordinates":[[[106.699079,-6.355509],[106.699068,-6.356262],[106.699983,-6.356287],[106.700216,-6.355987],[106.70064,-6.356099],[106.700755,-6.35555],[106.699079,-6.355509]]]},"properties":{"layer_id":"legalitas","jenis":"legal","nama":"Carara","sumber":"OSM (status: contoh)","atribut":{"status":"Girik","peruntukan":"Permukiman"}}},{"type":"Feature","geometry":{"type":"Polygon","coordinates":[[[106.699326,-6.35261],[106.699237,-6.352692],[106.698913,-6.352556],[106.6988,-6.352575],[106.698798,-6.352274],[106.699112,-6.35225],[106.699122,-6.352154],[106.698948,-6.352151],[106.69894,-6.352004],[106.698755,-6.351997],[106.698747,-6.35181],[106.698476,-6.351796],[106.69846,-6.351351],[106.698189,-6.351279],[106.698162,-6.350936],[106.697896,-6.350754],[106.698065,-6.350344],[106.698409,-6.350512],[106.698427,-6.350666],[106.698629,-6.350701],[106.69865,-6.350586],[106.699128,-6.350608],[106.699036,-6.350877],[106.69916,-6.350887],[106.699187,-6.351007],[106.69902,-6.351013],[106.699028,-6.351242],[106.699259,-6.351247],[106.699514,-6.351463],[106.699769,-6.351079],[106.699989,-6.351413],[106.700131,-6.351519],[106.700085,-6.35177],[106.699809,-6.351983],[106.699557,-6.352727],[106.699326,-6.35261]]]},"properties":{"layer_id":"legalitas","jenis":"legal","nama":"Voyage","sumber":"OSM (status: contoh)","atribut":{"status":"Girik","peruntukan":"Permukiman"}}},{"type":"Feature","geometry":{"type":"Polygon","coordinates":[[[106.699141,-6.354313],[106.701339,-6.354355],[106.701359,-6.353988],[106.701222,-6.353964],[106.701306,-6.353697],[106.701013,-6.353631],[106.701048,-6.353497],[106.700807,-6.353516],[106.700809,-6.353383],[106.700694,-6.353249],[106.70056,-6.353244],[106.700538,-6.353404],[106.700356,-6.353388],[106.700458,-6.353041],[106.699903,-6.352993],[106.699551,-6.352812],[106.699364,-6.352855],[106.699149,-6.353249],[106.699141,-6.354313]]]},"properties":{"layer_id":"legalitas","jenis":"legal","nama":"Grand Canyon","sumber":"OSM (status: contoh)","atribut":{"status":"SHM","peruntukan":"Permukiman"}}},{"type":"Feature","geometry":{"type":"Polygon","coordinates":[[[106.700755,-6.35555],[106.700772,-6.355177],[106.700426,-6.355174],[106.700453,-6.355027],[106.700565,-6.354899],[106.700614,-6.354667],[106.700748,-6.354558],[106.701128,-6.354545],[106.701134,-6.354646],[106.701314,-6.354638],[106.701339,-6.354355],[106.699141,-6.354313],[106.699141,-6.354851],[106.699439,-6.354868],[106.69943,-6.355518],[106.700755,-6.35555]]]},"properties":{"layer_id":"legalitas","jenis":"legal","nama":"Balmoral","sumber":"OSM (status: contoh)","atribut":{"status":"SHM","peruntukan":"Permukiman"}}},{"type":"Feature","geometry":{"type":"Polygon","coordinates":[[[106.696676,-6.357674],[106.696724,-6.357549],[106.699925,-6.357637],[106.699919,-6.357749],[106.700112,-6.357744],[106.70012,-6.358034],[106.700332,-6.358072],[106.700361,-6.358186],[106.700496,-6.358208],[106.70049,-6.358669],[106.700378,-6.35889],[106.69994,-6.358994],[106.699136,-6.358941],[106.698226,-6.358746],[106.698079,-6.358642],[106.697896,-6.358634],[106.697805,-6.358743],[106.696673,-6.358005],[106.696676,-6.357674]]]},"properties":{"layer_id":"legalitas","jenis":"legal","nama":"Rasamala","sumber":"OSM (status: contoh)","atribut":{"status":"SHGB dalam proses","peruntukan":"Permukiman"}}},{"type":"Feature","geometry":{"type":"Polygon","coordinates":[[[106.698545,-6.33983],[106.698492,-6.339387],[106.698554,-6.338851],[106.698468,-6.338641],[106.698159,-6.338236],[106.698751,-6.337802],[106.699001,-6.338142],[106.699358,-6.338081],[106.699433,-6.338438],[106.699235,-6.338486],[106.699331,-6.338894],[106.699524,-6.338876],[106.699578,-6.339097],[106.699401,-6.339123],[106.699484,-6.339427],[106.6999,-6.339385],[106.699844,-6.339113],[106.700415,-6.339038],[106.700434,-6.33963],[106.698545,-6.33983]]]},"properties":{"layer_id":"legalitas","jenis":"legal","nama":"The Spring","sumber":"OSM (status: contoh)","atribut":{"status":"Girik","peruntukan":"Permukiman"}}},{"type":"Feature","geometry":{"type":"Polygon","coordinates":[[[106.699093,-6.341925],[106.699018,-6.341931],[106.698808,-6.340368],[106.698602,-6.340139],[106.698545,-6.33983],[106.700434,-6.33963],[106.700436,-6.339726],[106.700902,-6.339702],[106.700946,-6.34012],[106.70038,-6.340115],[106.700378,-6.340398],[106.700107,-6.340416],[106.700112,-6.34048],[106.699854,-6.340494],[106.699879,-6.340224],[106.699396,-6.340315],[106.699463,-6.340952],[106.699626,-6.341365],[106.699476,-6.341448],[106.699567,-6.3417],[106.699093,-6.341925]]]},"properties":{"layer_id":"legalitas","jenis":"legal","nama":"The Height","sumber":"OSM (status: contoh)","atribut":{"status":"SHGB dalam proses","peruntukan":"Permukiman"}}},{"type":"Feature","geometry":{"type":"Polygon","coordinates":[[[106.699125,-6.341995],[106.699023,-6.342016],[106.698768,-6.343335],[106.698806,-6.343674],[106.698905,-6.343709],[106.698924,-6.343887],[106.69901,-6.34398],[106.699299,-6.343967],[106.699686,-6.344615],[106.699777,-6.344578],[106.700013,-6.344685],[106.700997,-6.345292],[106.701145,-6.345287],[106.701322,-6.345167],[106.701236,-6.344881],[106.701297,-6.344815],[106.701251,-6.344712],[106.70112,-6.344663],[106.701035,-6.344762],[106.700453,-6.344587],[106.700458,-6.344292],[106.700209,-6.344262],[106.700208,-6.343909],[106.700078,-6.343911],[106.69949,-6.343564],[106.699566,-6.343108],[106.699793,-6.342944],[106.699978,-6.342461],[106.699803,-6.342044],[106.699867,-6.342006],[106.699839,-6.341899],[106.700213,-6.341814],[106.700152,-6.341597],[106.699742,-6.341707],[106.699125,-6.341995]]]},"properties":{"layer_id":"legalitas","jenis":"legal","nama":"The Garden","sumber":"OSM (status: contoh)","atribut":{"status":"HGB","peruntukan":"Permukiman"}}},{"type":"Feature","geometry":{"type":"Polygon","coordinates":[[[106.697899,-6.340726],[106.698213,-6.340803],[106.698258,-6.340675],[106.698039,-6.340598],[106.698095,-6.340371],[106.697998,-6.34035],[106.698031,-6.340219],[106.697915,-6.340203],[106.697921,-6.340134],[106.69776,-6.340126],[106.697778,-6.339952],[106.698041,-6.339918],[106.698028,-6.339665],[106.697762,-6.339686],[106.697684,-6.33943],[106.697853,-6.339409],[106.697784,-6.339166],[106.69843,-6.339094],[106.698446,-6.338822],[106.698103,-6.33831],[106.697347,-6.337665],[106.697119,-6.337305],[106.69721,-6.337223],[106.696952,-6.336884],[106.697623,-6.336564],[106.69754,-6.336356],[106.697046,-6.33653],[106.696963,-6.336287],[106.696829,-6.336332],[106.696767,-6.336108],[106.697886,-6.335826],[106.698146,-6.33642],[106.698006,-6.336474],[106.698044,-6.336658],[106.69828,-6.336964],[106.698465,-6.336847],[106.698387,-6.336729],[106.698653,-6.336631],[106.699165,-6.3373],[106.698688,-6.337716],[106.699001,-6.338142],[106.699358,-6.338081],[106.699433,-6.338438],[106.699235,-6.338486],[106.699331,-6.338894],[106.699524,-6.338876],[106.699578,-6.339097],[106.699401,-6.339123],[106.699484,-6.339427],[106.6999,-6.339385],[106.699844,-6.339113],[106.700415,-6.339038],[106.700436,-6.339726],[106.700902,-6.339702],[106.700946,-6.34012],[106.70038,-6.340115],[106.700378,-6.340398],[106.699854,-6.340494],[106.699879,-6.340224],[106.699396,-6.340315],[106.699463,-6.340952],[106.699626,-6.341365],[106.699476,-6.341448],[106.699594,-6.341776],[106.700152,-6.341597],[106.700213,-6.341814],[106.699839,-6.341899],[106.699867,-6.342006],[106.699803,-6.342044],[106.699978,-6.342461],[106.699793,-6.342944],[106.699566,-6.343108],[106.699516,-6.343427],[106.69949,-6.343564],[106.69955,-6.343636],[106.700078,-6.343911],[106.700208,-6.343909],[106.700209,-6.344262],[106.700458,-6.344292],[106.700453,-6.344587],[106.701035,-6.344762],[106.70112,-6.344663],[106.701251,-6.344712],[106.701297,-6.344815],[106.701236,-6.344881],[106.701322,-6.345167],[106.701145,-6.345287],[106.700997,-6.345292],[106.700522,-6.345044],[106.700453,-6.34493],[106.700233,-6.344855],[106.700286,-6.345497],[106.70005,-6.345524],[106.699955,-6.34539],[106.699668,-6.345402],[106.699949,-6.345608],[106.699787,-6.34699],[106.699436,-6.346961],[106.699428,-6.346796],[106.699259,-6.346785],[106.699259,-6.346302],[106.69935,-6.346102],[106.699187,-6.345188],[106.699106,-6.345127],[106.699052,-6.344935],[106.69894,-6.344921],[106.698921,-6.344772],[106.698417,-6.343759],[106.698511,-6.343333],[106.698162,-6.34325],[106.697701,-6.343381],[106.697406,-6.343639],[106.697202,-6.344316],[106.696598,-6.34446],[106.696392,-6.344303],[106.696231,-6.34433],[106.695847,-6.344676],[106.695187,-6.345793],[106.694857,-6.345991],[106.69423,-6.3459],[106.694232,-6.345609],[106.694469,-6.345361],[106.69497,-6.345297],[106.695493,-6.34425],[106.696241,-6.343852],[106.696048,-6.343431],[106.696569,-6.343154],[106.696794,-6.343559],[106.697089,-6.343386],[106.69758,-6.342919],[106.69777,-6.342826],[106.69817,-6.342824],[106.698629,-6.342576],[106.698768,-6.341866],[106.698524,-6.34182],[106.698242,-6.341888],[106.698218,-6.341701],[106.697988,-6.341699],[106.697974,-6.341917],[106.697687,-6.341931],[106.697717,-6.341408],[106.697931,-6.341427],[106.697947,-6.341304],[106.697853,-6.34128],[106.697899,-6.340726]]]},"properties":{"layer_id":"legalitas","jenis":"legal","nama":"Serpong Jaya","sumber":"OSM (status: contoh)","atribut":{"status":"HGB","peruntukan":"Permukiman"}}},{"type":"Feature","geometry":{"type":"Polygon","coordinates":[[[106.779464,-6.360957],[106.779479,-6.361029],[106.779574,-6.361002],[106.779563,-6.360936],[106.779464,-6.360957]]]},"properties":{"layer_id":"legalitas","jenis":"legal","nama":"Jl Pendowo I No 51","sumber":"OSM (status: contoh)","atribut":{"status":"Girik","peruntukan":"Permukiman"}}},{"type":"Feature","geometry":{"type":"Polygon","coordinates":[[[106.861189,-6.318599],[106.860857,-6.319632],[106.861508,-6.319851],[106.861828,-6.321064],[106.862099,-6.321315],[106.862642,-6.321507],[106.862823,-6.321406],[106.862935,-6.321418],[106.862978,-6.321479],[106.863597,-6.321665],[106.863641,-6.321568],[106.86379,-6.321572],[106.863802,-6.32152],[106.863668,-6.321472],[106.863727,-6.321278],[106.864071,-6.32134],[106.86406,-6.321421],[106.864304,-6.321469],[106.86435,-6.321204],[106.864652,-6.321287],[106.864754,-6.320678],[106.864522,-6.320674],[106.864521,-6.320757],[106.864265,-6.320913],[106.863946,-6.320894],[106.863966,-6.320423],[106.863748,-6.320428],[106.863446,-6.320297],[106.863253,-6.319969],[106.862307,-6.319699],[106.862541,-6.319087],[106.862042,-6.318951],[106.861222,-6.318538],[106.861189,-6.318599]]]},"properties":{"layer_id":"legalitas","jenis":"legal","nama":"Synthesis Huis","sumber":"OSM (status: contoh)","atribut":{"status":"SHM","peruntukan":"Permukiman"}}},{"type":"Feature","geometry":{"type":"Polygon","coordinates":[[[106.794853,-6.300582],[106.794794,-6.301387],[106.797667,-6.301566],[106.797795,-6.301537],[106.797691,-6.301014],[106.797698,-6.300714],[106.795091,-6.30055],[106.794853,-6.300582]]]},"properties":{"layer_id":"legalitas","jenis":"legal","nama":"Fatmawati Golf Mansion","sumber":"OSM (status: contoh)","atribut":{"status":"HGB","peruntukan":"Permukiman"}}},{"type":"Feature","geometry":{"type":"Polygon","coordinates":[[[106.79556,-6.307842],[106.795768,-6.304407],[106.79759,-6.304449],[106.797727,-6.304575],[106.798121,-6.304324],[106.79814,-6.306041],[106.798316,-6.306046],[106.798329,-6.306308],[106.797731,-6.306505],[106.797803,-6.306793],[106.797251,-6.306845],[106.797266,-6.307038],[106.797128,-6.307053],[106.797131,-6.30729],[106.79687,-6.307342],[106.796921,-6.307678],[106.796404,-6.307807],[106.79556,-6.307842]]]},"properties":{"layer_id":"legalitas","jenis":"legal","nama":"Admiralty Residence","sumber":"OSM (status: contoh)","atribut":{"status":"HGB","peruntukan":"Permukiman"}}},{"type":"Feature","geometry":{"type":"Polygon","coordinates":[[[106.719909,-6.292178],[106.719925,-6.291914],[106.71987,-6.291888],[106.719848,-6.292046],[106.719728,-6.29205],[106.719727,-6.291918],[106.719135,-6.291944],[106.718929,-6.291834],[106.718815,-6.292131],[106.718657,-6.292168],[106.718469,-6.292206],[106.718478,-6.292342],[106.718667,-6.292324],[106.718732,-6.29253],[106.718763,-6.292826],[106.718539,-6.292834],[106.718604,-6.292969],[106.71953,-6.293057],[106.719636,-6.29288],[106.719884,-6.292823],[106.719909,-6.292178]]]},"properties":{"layer_id":"legalitas","jenis":"legal","nama":"Mazenta Residence","sumber":"OSM (status: contoh)","atribut":{"status":"SHGB dalam proses","peruntukan":"Permukiman"}}},{"type":"Feature","geometry":{"type":"Polygon","coordinates":[[[106.721012,-6.291681],[106.721717,-6.291006],[106.72168,-6.290883],[106.72146,-6.290878],[106.721449,-6.290675],[106.721041,-6.290654],[106.721047,-6.290835],[106.720628,-6.290723],[106.720548,-6.291878],[106.721012,-6.291681]]]},"properties":{"layer_id":"legalitas","jenis":"legal","nama":"Tria Adara Residence 7","sumber":"OSM (status: contoh)","atribut":{"status":"HGB","peruntukan":"Permukiman"}}},{"type":"Feature","geometry":{"type":"Polygon","coordinates":[[[106.701359,-6.292526],[106.701201,-6.292654],[106.701064,-6.292683],[106.700908,-6.292624],[106.70074,-6.292288],[106.699889,-6.291411],[106.698858,-6.29148],[106.698854,-6.291694],[106.698983,-6.291683],[106.699321,-6.292414],[106.69902,-6.292435],[106.699042,-6.29252],[106.699192,-6.292531],[106.699203,-6.292691],[106.69939,-6.292931],[106.699616,-6.29291],[106.699642,-6.293112],[106.699482,-6.29315],[106.699659,-6.293528],[106.699938,-6.293501],[106.699916,-6.293171],[106.700109,-6.293118],[106.700436,-6.293221],[106.700498,-6.293648],[106.700697,-6.293608],[106.700619,-6.293165],[106.701233,-6.293221],[106.701359,-6.292526]]]},"properties":{"layer_id":"legalitas","jenis":"legal","nama":"Vania Permata","sumber":"OSM (status: contoh)","atribut":{"status":"SHM","peruntukan":"Permukiman"}}},{"type":"Feature","geometry":{"type":"Polygon","coordinates":[[[106.701359,-6.292526],[106.701257,-6.292299],[106.701083,-6.292198],[106.701593,-6.291899],[106.701705,-6.291931],[106.701874,-6.292038],[106.702172,-6.292907],[106.702475,-6.292966],[106.702585,-6.29312],[106.702931,-6.293334],[106.703073,-6.293568],[106.703127,-6.293717],[106.703092,-6.295221],[106.70318,-6.295389],[106.703457,-6.295538],[106.703548,-6.295701],[106.70303,-6.295845],[106.703014,-6.29592],[106.70263,-6.296072],[106.702912,-6.296466],[106.702574,-6.296482],[106.70247,-6.296317],[106.702293,-6.296245],[106.702239,-6.295765],[106.701941,-6.29505],[106.702322,-6.295042],[106.702325,-6.294424],[106.702239,-6.294427],[106.702086,-6.294195],[106.702059,-6.294043],[106.701711,-6.294029],[106.701711,-6.293917],[106.701367,-6.293576],[106.701233,-6.293221],[106.701359,-6.292526]]]},"properties":{"layer_id":"legalitas","jenis":"legal","nama":"Oriana Permata","sumber":"OSM (status: contoh)","atribut":{"status":"HGB","peruntukan":"Permukiman"}}},{"type":"Feature","geometry":{"type":"Polygon","coordinates":[[[106.699683,-6.289945],[106.699862,-6.290782],[106.700042,-6.291177],[106.700576,-6.291838],[106.700957,-6.292174],[106.701239,-6.292142],[106.701593,-6.291899],[106.701705,-6.291931],[106.701829,-6.291579],[106.702107,-6.291566],[106.702049,-6.291126],[106.701131,-6.291179],[106.701024,-6.291054],[106.700833,-6.290436],[106.700222,-6.290534],[106.699986,-6.290374],[106.699873,-6.28999],[106.699699,-6.289756],[106.699683,-6.289945]]]},"properties":{"layer_id":"legalitas","jenis":"legal","nama":"Callysta Permata","sumber":"OSM (status: contoh)","atribut":{"status":"HGB","peruntukan":"Permukiman"}}},{"type":"Feature","geometry":{"type":"Polygon","coordinates":[[[106.702545,-6.289061],[106.702939,-6.289037],[106.702895,-6.288785],[106.702707,-6.288829],[106.702669,-6.288569],[106.702468,-6.288604],[106.702545,-6.289061]]]},"properties":{"layer_id":"legalitas","jenis":"legal","nama":"Springfield Bintaro","sumber":"OSM (status: contoh)","atribut":{"status":"SHGB dalam proses","peruntukan":"Permukiman"}}},{"type":"Feature","geometry":{"type":"Polygon","coordinates":[[[106.700616,-6.289544],[106.700579,-6.289108],[106.700699,-6.289089],[106.700683,-6.288921],[106.701171,-6.288892],[106.701177,-6.288977],[106.701268,-6.288961],[106.701322,-6.289449],[106.700616,-6.289544]]]},"properties":{"layer_id":"legalitas","jenis":"legal","nama":"Medina Residence","sumber":"OSM (status: contoh)","atribut":{"status":"SHM","peruntukan":"Permukiman"}}},{"type":"Feature","geometry":{"type":"Polygon","coordinates":[[[106.700616,-6.289544],[106.700514,-6.289558],[106.700359,-6.289457],[106.700294,-6.289254],[106.700474,-6.288919],[106.700563,-6.288908],[106.700616,-6.289544]]]},"properties":{"layer_id":"legalitas","jenis":"legal","nama":"Avania Bintaro","sumber":"OSM (status: contoh)","atribut":{"status":"HGB","peruntukan":"Permukiman"}}},{"type":"Feature","geometry":{"type":"Polygon","coordinates":[[[106.701579,-6.288305],[106.702236,-6.288271],[106.702773,-6.288156],[106.702867,-6.288484],[106.702293,-6.288601],[106.701563,-6.288753],[106.701579,-6.288305]]]},"properties":{"layer_id":"legalitas","jenis":"legal","nama":"Bintaro Terrace","sumber":"OSM (status: contoh)","atribut":{"status":"Girik","peruntukan":"Permukiman"}}},{"type":"Feature","geometry":{"type":"Polygon","coordinates":[[[106.709686,-6.28943],[106.709573,-6.28925],[106.709374,-6.289328],[106.70951,-6.289524],[106.709686,-6.28943]]]},"properties":{"layer_id":"legalitas","jenis":"legal","nama":"Ubud Ville Bintaro","sumber":"OSM (status: contoh)","atribut":{"status":"SHGB dalam proses","peruntukan":"Permukiman"}}},{"type":"Feature","geometry":{"type":"Polygon","coordinates":[[[106.709812,-6.290025],[106.709691,-6.289744],[106.709569,-6.289556],[106.709961,-6.289372],[106.710044,-6.289609],[106.710126,-6.289972],[106.709812,-6.290025]]]},"properties":{"layer_id":"legalitas","jenis":"legal","nama":"Samaya Bintaro","sumber":"OSM (status: contoh)","atribut":{"status":"SHM","peruntukan":"Permukiman"}}},{"type":"Feature","geometry":{"type":"Polygon","coordinates":[[[106.710339,-6.290395],[106.709931,-6.290462],[106.710027,-6.290875],[106.71041,-6.290833],[106.710339,-6.290395]]]},"properties":{"layer_id":"legalitas","jenis":"legal","nama":"Grand Pinang Senayan","sumber":"OSM (status: contoh)","atribut":{"status":"Girik","peruntukan":"Permukiman"}}},{"type":"Feature","geometry":{"type":"Polygon","coordinates":[[[106.710339,-6.290395],[106.710316,-6.290253],[106.7105,-6.290223],[106.710453,-6.289957],[106.709848,-6.290051],[106.709931,-6.290462],[106.710339,-6.290395]]]},"properties":{"layer_id":"legalitas","jenis":"legal","nama":"Balboa Estate","sumber":"OSM (status: contoh)","atribut":{"status":"SHM","peruntukan":"Permukiman"}}},{"type":"Feature","geometry":{"type":"Polygon","coordinates":[[[106.707064,-6.288057],[106.706962,-6.288047],[106.706943,-6.288127],[106.707252,-6.288926],[106.707142,-6.28898],[106.70752,-6.289873],[106.707619,-6.289817],[106.707917,-6.290459],[106.707764,-6.290523],[106.707866,-6.291025],[106.707617,-6.291054],[106.707676,-6.291886],[106.709226,-6.291691],[106.709285,-6.292208],[106.70958,-6.292206],[106.709658,-6.292763],[106.710447,-6.29271],[106.710868,-6.294027],[106.710336,-6.294141],[106.708746,-6.294221],[106.70855,-6.294171],[106.707544,-6.293459],[106.707099,-6.29292],[106.706943,-6.290883],[106.706429,-6.290993],[106.70642,-6.291177],[106.705307,-6.291166],[106.705157,-6.290225],[106.704688,-6.289578],[106.704943,-6.289393],[106.704819,-6.289158],[106.704986,-6.289022],[106.704862,-6.288862],[106.705211,-6.288676],[106.705275,-6.288508],[106.704892,-6.288372],[106.704232,-6.288375],[106.704216,-6.289022],[106.703325,-6.288329],[106.702907,-6.286962],[106.703548,-6.286938],[106.703569,-6.287116],[106.703805,-6.287087],[106.70387,-6.287465],[106.703781,-6.287572],[106.703816,-6.287668],[106.704994,-6.287681],[106.705932,-6.287964],[106.707118,-6.28566],[106.706946,-6.285189],[106.707437,-6.285194],[106.707501,-6.285226],[106.707472,-6.285341],[106.707582,-6.285407],[106.70755,-6.285764],[106.707459,-6.285754],[106.707,-6.286626],[106.707056,-6.286799],[106.706949,-6.287028],[106.706989,-6.287471],[106.707163,-6.287567],[106.707743,-6.287497],[106.707813,-6.288129],[106.707461,-6.288159],[106.707429,-6.287863],[106.707123,-6.2879],[106.707064,-6.288057]]]},"properties":{"layer_id":"legalitas","jenis":"legal","nama":"Pondok Pucung Indah","sumber":"OSM (status: contoh)","atribut":{"status":"SHM","peruntukan":"Permukiman"}}},{"type":"Feature","geometry":{"type":"Polygon","coordinates":[[[106.711053,-6.291723],[106.711055,-6.292107],[106.711592,-6.292111],[106.711628,-6.2924],[106.711393,-6.292436],[106.711387,-6.292368],[106.711061,-6.292402],[106.711069,-6.292475],[106.710484,-6.292511],[106.710497,-6.292646],[106.710241,-6.292674],[106.710196,-6.292023],[106.710351,-6.292008],[106.710333,-6.291756],[106.711053,-6.291723]]]},"properties":{"layer_id":"legalitas","jenis":"legal","nama":"Green Grass","sumber":"OSM (status: contoh)","atribut":{"status":"SHM","peruntukan":"Permukiman"}}},{"type":"Feature","geometry":{"type":"Polygon","coordinates":[[[106.712466,-6.293831],[106.712832,-6.293799],[106.712855,-6.294159],[106.712486,-6.294183],[106.712466,-6.293831]]]},"properties":{"layer_id":"legalitas","jenis":"legal","nama":"Residence 21","sumber":"OSM (status: contoh)","atribut":{"status":"SHM","peruntukan":"Permukiman"}}},{"type":"Feature","geometry":{"type":"Polygon","coordinates":[[[106.711691,-6.293455],[106.712505,-6.293346],[106.712524,-6.293525],[106.712297,-6.293552],[106.712327,-6.29378],[106.711753,-6.293857],[106.711691,-6.293455]]]},"properties":{"layer_id":"legalitas","jenis":"legal","nama":"Bhuvana Residence","sumber":"OSM (status: contoh)","atribut":{"status":"Girik","peruntukan":"Permukiman"}}},{"type":"Feature","geometry":{"type":"Polygon","coordinates":[[[106.711533,-6.293916],[106.711432,-6.293507],[106.711691,-6.293455],[106.711753,-6.293857],[106.711533,-6.293916]]]},"properties":{"layer_id":"legalitas","jenis":"legal","nama":"Casa Palma","sumber":"OSM (status: contoh)","atribut":{"status":"HGB","peruntukan":"Permukiman"}}},{"type":"Feature","geometry":{"type":"Polygon","coordinates":[[[106.706369,-6.292339],[106.706909,-6.292214],[106.706914,-6.292064],[106.707035,-6.292059],[106.707008,-6.291579],[106.706922,-6.291582],[106.706903,-6.291193],[106.706018,-6.291302],[106.706171,-6.292067],[106.705989,-6.292123],[106.706369,-6.292339]]]},"properties":{"layer_id":"legalitas","jenis":"legal","nama":"Bintaro Prime Residence","sumber":"OSM (status: contoh)","atribut":{"status":"Girik","peruntukan":"Permukiman"}}},{"type":"Feature","geometry":{"type":"Polygon","coordinates":[[[106.708094,-6.295413],[106.707917,-6.295013],[106.707483,-6.295016],[106.707526,-6.295242],[106.707635,-6.295517],[106.708094,-6.295413]]]},"properties":{"layer_id":"legalitas","jenis":"legal","nama":"Griya Rahmah Bintaro","sumber":"OSM (status: contoh)","atribut":{"status":"SHGB dalam proses","peruntukan":"Permukiman"}}},{"type":"Feature","geometry":{"type":"Polygon","coordinates":[[[106.708094,-6.295413],[106.707635,-6.295517],[106.707794,-6.295922],[106.708212,-6.295952],[106.708094,-6.295413]]]},"properties":{"layer_id":"legalitas","jenis":"legal","nama":"Vinaya Terrace","sumber":"OSM (status: contoh)","atribut":{"status":"HGB","peruntukan":"Permukiman"}}},{"type":"Feature","geometry":{"type":"Polygon","coordinates":[[[106.703795,-6.296378],[106.703591,-6.295674],[106.703202,-6.295248],[106.70321,-6.293864],[106.703269,-6.293597],[106.703076,-6.293088],[106.702893,-6.292171],[106.702762,-6.291926],[106.702185,-6.292016],[106.702028,-6.290501],[106.703371,-6.290217],[106.703478,-6.291569],[106.704308,-6.291632],[106.704614,-6.292283],[106.705061,-6.292374],[106.705077,-6.292544],[106.705688,-6.292475],[106.705863,-6.293152],[106.707003,-6.292963],[106.707153,-6.293182],[106.707054,-6.293283],[106.707332,-6.294315],[106.707461,-6.295144],[106.707724,-6.295946],[106.706764,-6.295933],[106.706863,-6.297492],[106.706237,-6.297487],[106.7064,-6.29833],[106.706504,-6.298527],[106.706693,-6.298511],[106.706709,-6.29858],[106.706505,-6.298715],[106.706404,-6.298593],[106.705737,-6.298164],[106.705535,-6.298202],[106.705471,-6.298308],[106.704994,-6.29833],[106.704905,-6.298524],[106.704776,-6.298572],[106.70453,-6.298404],[106.704331,-6.297346],[106.703982,-6.296882],[106.703795,-6.296378]]]},"properties":{"layer_id":"legalitas","jenis":"legal","nama":"Villa Bintaro Indah","sumber":"OSM (status: contoh)","atribut":{"status":"HGB","peruntukan":"Permukiman"}}},{"type":"Feature","geometry":{"type":"Polygon","coordinates":[[[106.70387,-6.300103],[106.703446,-6.300289],[106.703167,-6.299689],[106.70354,-6.299559],[106.703663,-6.299436],[106.703467,-6.299353],[106.702743,-6.298039],[106.702553,-6.297959],[106.702467,-6.297708],[106.703009,-6.297463],[106.702928,-6.296565],[106.703795,-6.296378],[106.703982,-6.296882],[106.704331,-6.297346],[106.704452,-6.298194],[106.70453,-6.298404],[106.704776,-6.298572],[106.704905,-6.298524],[106.704994,-6.29833],[106.705262,-6.298279],[106.705766,-6.29841],[106.706415,-6.298799],[106.704739,-6.300209],[106.704511,-6.299777],[106.704056,-6.299583],[106.703974,-6.299631],[106.703846,-6.299527],[106.70369,-6.299625],[106.70387,-6.300103]]]},"properties":{"layer_id":"legalitas","jenis":"legal","nama":"Puri Bintaro Indah","sumber":"OSM (status: contoh)","atribut":{"status":"SHM","peruntukan":"Permukiman"}}},{"type":"Feature","geometry":{"type":"Polygon","coordinates":[[[106.700756,-6.298059],[106.700584,-6.297178],[106.701295,-6.296927],[106.701375,-6.296946],[106.701815,-6.297863],[106.700756,-6.298059]]]},"properties":{"layer_id":"legalitas","jenis":"legal","nama":"Bintaro Terrace 2","sumber":"OSM (status: contoh)","atribut":{"status":"SHM","peruntukan":"Permukiman"}}},{"type":"Feature","geometry":{"type":"Polygon","coordinates":[[[106.69939,-6.298745],[106.70001,-6.298627],[106.699978,-6.298212],[106.699633,-6.298219],[106.699288,-6.298314],[106.69939,-6.298745]]]},"properties":{"layer_id":"legalitas","jenis":"legal","nama":"Tria Adara Residence","sumber":"OSM (status: contoh)","atribut":{"status":"Girik","peruntukan":"Permukiman"}}},{"type":"Feature","geometry":{"type":"Polygon","coordinates":[[[106.708084,-6.299191],[106.707981,-6.299067],[106.708027,-6.299038],[106.707968,-6.298856],[106.708171,-6.298825],[106.708126,-6.298611],[106.708313,-6.298579],[106.708217,-6.298358],[106.708419,-6.298322],[106.708517,-6.29835],[106.708536,-6.298419],[106.70878,-6.29838],[106.709009,-6.298667],[106.708471,-6.299084],[106.708084,-6.299191]]]},"properties":{"layer_id":"legalitas","jenis":"legal","nama":"Al-Kahfi Residence","sumber":"OSM (status: contoh)","atribut":{"status":"SHGB dalam proses","peruntukan":"Permukiman"}}},{"type":"Feature","geometry":{"type":"Polygon","coordinates":[[[106.711727,-6.298207],[106.711267,-6.298391],[106.711391,-6.298881],[106.711876,-6.298957],[106.711876,-6.298626],[106.711727,-6.298207]]]},"properties":{"layer_id":"legalitas","jenis":"legal","nama":"Bintaro Garden Residence 2","sumber":"OSM (status: contoh)","atribut":{"status":"SHM","peruntukan":"Permukiman"}}},{"type":"Feature","geometry":{"type":"Polygon","coordinates":[[[106.711876,-6.298957],[106.71181,-6.299209],[106.711484,-6.299193],[106.711508,-6.298899],[106.711876,-6.298957]]]},"properties":{"layer_id":"legalitas","jenis":"legal","nama":"Vilamas Sudimara","sumber":"OSM (status: contoh)","atribut":{"status":"SHM","peruntukan":"Permukiman"}}},{"type":"Feature","geometry":{"type":"Polygon","coordinates":[[[106.713204,-6.2997],[106.712346,-6.299444],[106.712049,-6.299414],[106.711961,-6.299882],[106.7122,-6.299929],[106.712705,-6.300309],[106.712671,-6.300641],[106.712418,-6.300619],[106.712393,-6.300791],[106.712222,-6.300788],[106.7122,-6.301005],[106.712776,-6.301196],[106.712793,-6.301054],[106.712884,-6.301062],[106.712929,-6.30082],[106.713194,-6.300872],[106.713218,-6.300751],[106.712708,-6.300586],[106.712762,-6.300307],[106.713005,-6.30035],[106.713204,-6.2997]]]},"properties":{"layer_id":"legalitas","jenis":"legal","nama":"Cluster Sudimara Bintaro","sumber":"OSM (status: contoh)","atribut":{"status":"SHM","peruntukan":"Permukiman"}}},{"type":"Feature","geometry":{"type":"Polygon","coordinates":[[[106.712138,-6.299917],[106.712058,-6.300709],[106.712393,-6.300791],[106.712418,-6.300619],[106.712671,-6.300641],[106.712705,-6.300309],[106.712138,-6.299917]]]},"properties":{"layer_id":"legalitas","jenis":"legal","nama":"Cluster Sudimara Jombang","sumber":"OSM (status: contoh)","atribut":{"status":"SHGB dalam proses","peruntukan":"Permukiman"}}},{"type":"Feature","geometry":{"type":"Polygon","coordinates":[[[106.714918,-6.30051],[106.714633,-6.300493],[106.714623,-6.300643],[106.714077,-6.300614],[106.714072,-6.300498],[106.713837,-6.300493],[106.713837,-6.300317],[106.714139,-6.300324],[106.714132,-6.300162],[106.714626,-6.300152],[106.71464,-6.30044],[106.714916,-6.300448],[106.714918,-6.30051]]]},"properties":{"layer_id":"legalitas","jenis":"legal","nama":"Royale Bintaro 2","sumber":"OSM (status: contoh)","atribut":{"status":"SHM","peruntukan":"Permukiman"}}},{"type":"Feature","geometry":{"type":"Polygon","coordinates":[[[106.714673,-6.29611],[106.714319,-6.296321],[106.714306,-6.296679],[106.714423,-6.2967],[106.714472,-6.296568],[106.714714,-6.296629],[106.714673,-6.29611]]]},"properties":{"layer_id":"legalitas","jenis":"legal","nama":"Boston Residence Sudimara","sumber":"OSM (status: contoh)","atribut":{"status":"Girik","peruntukan":"Permukiman"}}},{"type":"Feature","geometry":{"type":"Polygon","coordinates":[[[106.715734,-6.295712],[106.715719,-6.296284],[106.716971,-6.296362],[106.716889,-6.295925],[106.716813,-6.29579],[106.716373,-6.295428],[106.716092,-6.295705],[106.715734,-6.295712]]]},"properties":{"layer_id":"legalitas","jenis":"legal","nama":"Griya Sudimara","sumber":"OSM (status: contoh)","atribut":{"status":"HGB","peruntukan":"Permukiman"}}},{"type":"Feature","geometry":{"type":"Polygon","coordinates":[[[106.717417,-6.296551],[106.717208,-6.295787],[106.717411,-6.295718],[106.717579,-6.295979],[106.717433,-6.296089],[106.717613,-6.296479],[106.717417,-6.296551]]]},"properties":{"layer_id":"legalitas","jenis":"legal","nama":"Griya Teras Bintaro","sumber":"OSM (status: contoh)","atribut":{"status":"Girik","peruntukan":"Permukiman"}}},{"type":"Feature","geometry":{"type":"Polygon","coordinates":[[[106.718174,-6.296127],[106.717776,-6.295746],[106.717512,-6.294729],[106.717148,-6.29481],[106.717292,-6.295448],[106.717694,-6.296158],[106.718003,-6.296025],[106.718104,-6.296192],[106.718174,-6.296127]]]},"properties":{"layer_id":"legalitas","jenis":"legal","nama":"Griya Rajawali 3 Bintaro","sumber":"OSM (status: contoh)","atribut":{"status":"Girik","peruntukan":"Permukiman"}}},{"type":"Feature","geometry":{"type":"Polygon","coordinates":[[[106.718174,-6.296127],[106.718334,-6.29602],[106.718123,-6.295541],[106.718382,-6.295446],[106.718284,-6.295067],[106.718162,-6.295101],[106.718092,-6.294853],[106.717579,-6.295013],[106.717776,-6.295746],[106.718174,-6.296127]]]},"properties":{"layer_id":"legalitas","jenis":"legal","nama":"Griya Rajawali 2 Bintaro","sumber":"OSM (status: contoh)","atribut":{"status":"SHM","peruntukan":"Permukiman"}}},{"type":"Feature","geometry":{"type":"Polygon","coordinates":[[[106.719696,-6.294609],[106.72099,-6.294436],[106.720959,-6.293549],[106.720803,-6.293196],[106.720596,-6.293285],[106.719705,-6.293941],[106.719759,-6.294187],[106.719592,-6.294242],[106.719696,-6.294609]]]},"properties":{"layer_id":"legalitas","jenis":"legal","nama":"Griya Rajawali 1 Bintaro","sumber":"OSM (status: contoh)","atribut":{"status":"SHM","peruntukan":"Permukiman"}}},{"type":"Feature","geometry":{"type":"Polygon","coordinates":[[[106.719696,-6.294609],[106.719592,-6.294242],[106.719491,-6.294284],[106.71956,-6.294638],[106.719696,-6.294609]]]},"properties":{"layer_id":"legalitas","jenis":"legal","nama":"Hunian Cendrawasih Lima","sumber":"OSM (status: contoh)","atribut":{"status":"SHGB dalam proses","peruntukan":"Permukiman"}}},{"type":"Feature","geometry":{"type":"Polygon","coordinates":[[[106.719677,-6.294677],[106.719725,-6.295119],[106.719481,-6.295154],[106.719426,-6.294712],[106.719677,-6.294677]]]},"properties":{"layer_id":"legalitas","jenis":"legal","nama":"The Minimanis","sumber":"OSM (status: contoh)","atribut":{"status":"HGB","peruntukan":"Permukiman"}}},{"type":"Feature","geometry":{"type":"Polygon","coordinates":[[[106.794629,-6.52371],[106.794992,-6.523707],[106.794974,-6.523346],[106.795774,-6.523268],[106.795806,-6.523202],[106.79654,-6.523224],[106.796542,-6.523569],[106.796681,-6.523591],[106.796678,-6.523885],[106.796519,-6.523884],[106.79652,-6.524659],[106.79575,-6.524683],[106.79576,-6.524784],[106.795577,-6.524813],[106.795559,-6.524662],[106.795001,-6.524797],[106.794995,-6.524738],[106.794816,-6.524723],[106.794718,-6.524552],[106.794714,-6.524419],[106.795348,-6.524371],[106.795509,-6.524252],[106.795433,-6.524038],[106.795203,-6.524123],[106.794993,-6.524119],[106.794916,-6.523934],[106.794655,-6.523955],[106.794629,-6.52371]]]},"properties":{"layer_id":"legalitas","jenis":"legal","nama":"Emerald Cilebut Cluster Brescia","sumber":"OSM (status: contoh)","atribut":{"status":"HGB","peruntukan":"Permukiman"}}},{"type":"Feature","geometry":{"type":"Polygon","coordinates":[[[106.726539,-6.294333],[106.726609,-6.294097],[106.72675,-6.294111],[106.7268,-6.293991],[106.726825,-6.293524],[106.727223,-6.293628],[106.727565,-6.293698],[106.727576,-6.293978],[106.726943,-6.293941],[106.726904,-6.294158],[106.726973,-6.294173],[106.726915,-6.294403],[106.726539,-6.294333]]]},"properties":{"layer_id":"legalitas","jenis":"legal","nama":"Villa Lalita Bintaro","sumber":"OSM (status: contoh)","atribut":{"status":"SHGB dalam proses","peruntukan":"Permukiman"}}},{"type":"Feature","geometry":{"type":"Polygon","coordinates":[[[106.817606,-6.279832],[106.817552,-6.28059],[106.817359,-6.280563],[106.817432,-6.279838],[106.817606,-6.279832]]]},"properties":{"layer_id":"legalitas","jenis":"legal","nama":"Cavana Townhouse","sumber":"OSM (status: contoh)","atribut":{"status":"SHGB dalam proses","peruntukan":"Permukiman"}}},{"type":"Feature","geometry":{"type":"Polygon","coordinates":[[[106.815757,-6.280496],[106.815884,-6.279846],[106.816761,-6.27987],[106.816657,-6.280571],[106.816089,-6.28178],[106.815315,-6.281517],[106.815753,-6.280843],[106.815757,-6.280496]]]},"properties":{"layer_id":"legalitas","jenis":"legal","nama":"Mutiara Kemang","sumber":"OSM (status: contoh)","atribut":{"status":"HGB","peruntukan":"Permukiman"}}},{"type":"Feature","geometry":{"type":"Polygon","coordinates":[[[106.823215,-6.284762],[106.822933,-6.284837],[106.822952,-6.284903],[106.822807,-6.284941],[106.822791,-6.285301],[106.822126,-6.285231],[106.822034,-6.285653],[106.821951,-6.285663],[106.821573,-6.285607],[106.820154,-6.285143],[106.819387,-6.284986],[106.819462,-6.284669],[106.819315,-6.284621],[106.819577,-6.283408],[106.819857,-6.283482],[106.820119,-6.282411],[106.820803,-6.282533],[106.821021,-6.281347],[106.823115,-6.281773],[106.82296,-6.282315],[106.823528,-6.282453],[106.823467,-6.282779],[106.823625,-6.282821],[106.823644,-6.282954],[106.823544,-6.282981],[106.823499,-6.283248],[106.824314,-6.283642],[106.824161,-6.283848],[106.823582,-6.28356],[106.823435,-6.284432],[106.823791,-6.284613],[106.823534,-6.284951],[106.823335,-6.284741],[106.823215,-6.284762]]]},"properties":{"layer_id":"legalitas","jenis":"legal","nama":"Komplek Polri Ragunan","sumber":"OSM (status: contoh)","atribut":{"status":"SHGB dalam proses","peruntukan":"Permukiman"}}},{"type":"Feature","geometry":{"type":"Polygon","coordinates":[[[106.818416,-6.461211],[106.816509,-6.461451],[106.816168,-6.461099],[106.815777,-6.460827],[106.815353,-6.460673],[106.814479,-6.460561],[106.813953,-6.460369],[106.81391,-6.460155],[106.815015,-6.459932],[106.815804,-6.459937],[106.816142,-6.459841],[106.816463,-6.459655],[106.816785,-6.458652],[106.816651,-6.457864],[106.81641,-6.457442],[106.815841,-6.456776],[106.815128,-6.456216],[106.815026,-6.455891],[106.815592,-6.45559],[106.81572,-6.455819],[106.815804,-6.455793],[106.815804,-6.45567],[106.81615,-6.455675],[106.816115,-6.456033],[106.816222,-6.456112],[106.816429,-6.456097],[106.816423,-6.45624],[106.816651,-6.456222],[106.817024,-6.456891],[106.816734,-6.456968],[106.816764,-6.457154],[106.817011,-6.457189],[106.817062,-6.457299],[106.817252,-6.457232],[106.817453,-6.457789],[106.817574,-6.457765],[106.817684,-6.457997],[106.817748,-6.458356],[106.817609,-6.45837],[106.817636,-6.458487],[106.81729,-6.458519],[106.817303,-6.459183],[106.817743,-6.459169],[106.817831,-6.459487],[106.817936,-6.459473],[106.817971,-6.459764],[106.818228,-6.459737],[106.818395,-6.460217],[106.817995,-6.460235],[106.817984,-6.460593],[106.818491,-6.460545],[106.818556,-6.460723],[106.818424,-6.460747],[106.818416,-6.461211]]]},"properties":{"layer_id":"legalitas","jenis":"legal","nama":"The Green Hill","sumber":"OSM (status: contoh)","atribut":{"status":"HGB","peruntukan":"Permukiman"}}},{"type":"Feature","geometry":{"type":"Polygon","coordinates":[[[106.823282,-6.460102],[106.823115,-6.460076],[106.823016,-6.460273],[106.823113,-6.460435],[106.823059,-6.46051],[106.821702,-6.460633],[106.821737,-6.460062],[106.822525,-6.459801],[106.8227,-6.459196],[106.822563,-6.459148],[106.8227,-6.458461],[106.822866,-6.458493],[106.822895,-6.458098],[106.82259,-6.458138],[106.822249,-6.457157],[106.822335,-6.456971],[106.822241,-6.456848],[106.822477,-6.456635],[106.822616,-6.456411],[106.822517,-6.456339],[106.822638,-6.456158],[106.822912,-6.456248],[106.823684,-6.456192],[106.823587,-6.456331],[106.822909,-6.456776],[106.822963,-6.456917],[106.824298,-6.457139],[106.824357,-6.456939],[106.82495,-6.457069],[106.824921,-6.457261],[106.825025,-6.457288],[106.824805,-6.458269],[106.824411,-6.458197],[106.824341,-6.458514],[106.823708,-6.458429],[106.823282,-6.460102]]]},"properties":{"layer_id":"legalitas","jenis":"legal","nama":"Griya Pondok Rajeg","sumber":"OSM (status: contoh)","atribut":{"status":"SHM","peruntukan":"Permukiman"}}},{"type":"Feature","geometry":{"type":"Polygon","coordinates":[[[106.818931,-6.459729],[106.818647,-6.459585],[106.818639,-6.459401],[106.818738,-6.459169],[106.818507,-6.459084],[106.818529,-6.458991],[106.818298,-6.458977],[106.818293,-6.458791],[106.818754,-6.458794],[106.818765,-6.458655],[106.818687,-6.458642],[106.818698,-6.458463],[106.818995,-6.458437],[106.819604,-6.458522],[106.819545,-6.458767],[106.819599,-6.458991],[106.819038,-6.459217],[106.81899,-6.459487],[106.819057,-6.459532],[106.818931,-6.459729]]]},"properties":{"layer_id":"legalitas","jenis":"legal","nama":"Green Bali Resort II","sumber":"OSM (status: contoh)","atribut":{"status":"HGB","peruntukan":"Permukiman"}}},{"type":"Feature","geometry":{"type":"Polygon","coordinates":[[[106.836419,-6.412889],[106.836336,-6.412473],[106.836017,-6.411999],[106.834867,-6.411305],[106.834601,-6.411025],[106.834029,-6.410885],[106.833925,-6.410778],[106.833823,-6.4106],[106.833933,-6.409869],[106.834327,-6.409722],[106.834786,-6.409893],[106.83493,-6.409885],[106.835164,-6.409613],[106.835869,-6.409709],[106.83595,-6.409211],[106.836124,-6.409131],[106.836679,-6.409152],[106.83676,-6.408374],[106.836878,-6.408275],[106.836695,-6.407609],[106.836741,-6.40731],[106.83639,-6.406785],[106.836478,-6.406513],[106.836733,-6.406337],[106.836695,-6.406273],[106.83709,-6.406073],[106.837058,-6.405996],[106.837183,-6.40593],[106.837165,-6.405687],[106.837583,-6.40569],[106.837666,-6.405628],[106.838007,-6.405714],[106.838039,-6.405511],[106.838114,-6.405554],[106.838162,-6.405423],[106.838804,-6.405599],[106.838962,-6.405591],[106.839243,-6.405375],[106.839337,-6.40525],[106.839496,-6.404584],[106.83952,-6.404074],[106.839734,-6.404085],[106.839705,-6.404474],[106.83953,-6.404818],[106.839453,-6.405359],[106.839675,-6.405397],[106.83959,-6.406623],[106.839691,-6.406775],[106.84048,-6.406812],[106.840456,-6.407204],[106.839756,-6.407041],[106.839568,-6.407401],[106.839418,-6.407438],[106.839182,-6.407284],[106.839032,-6.407276],[106.838876,-6.407036],[106.838425,-6.406892],[106.838187,-6.407476],[106.838334,-6.407705],[106.838739,-6.407798],[106.838745,-6.407918],[106.838495,-6.407894],[106.838449,-6.408233],[106.838318,-6.408163],[106.838281,-6.408544],[106.83816,-6.408579],[106.838071,-6.408118],[106.83812,-6.407902],[106.837996,-6.407849],[106.837953,-6.407955],[106.837725,-6.407875],[106.837771,-6.407702],[106.837712,-6.407603],[106.837224,-6.407934],[106.837345,-6.408403],[106.837591,-6.408478],[106.837653,-6.408675],[106.837615,-6.408894],[106.838061,-6.409224],[106.838037,-6.409304],[106.837795,-6.409341],[106.837401,-6.409048],[106.837237,-6.409019],[106.837363,-6.409331],[106.837245,-6.409744],[106.837181,-6.409733],[106.837197,-6.409949],[106.837503,-6.41028],[106.837234,-6.410549],[106.837015,-6.410517],[106.836907,-6.411183],[106.837189,-6.41125],[106.837108,-6.411538],[106.837328,-6.411591],[106.83728,-6.411842],[106.837674,-6.411924],[106.837704,-6.411778],[106.837994,-6.41182],[106.837951,-6.412236],[106.837859,-6.412487],[106.837704,-6.412476],[106.837677,-6.412753],[106.836838,-6.41263],[106.836811,-6.412964],[106.836419,-6.412889]]]},"properties":{"layer_id":"legalitas","jenis":"legal","nama":"Gema Pesona Estate","sumber":"OSM (status: contoh)","atribut":{"status":"SHGB dalam proses","peruntukan":"Permukiman"}}},{"type":"Feature","geometry":{"type":"Polygon","coordinates":[[[106.832911,-6.41169],[106.833034,-6.411588],[106.833039,-6.411439],[106.833276,-6.411452],[106.833195,-6.41181],[106.833842,-6.41189],[106.834035,-6.411994],[106.834582,-6.412108],[106.834624,-6.411594],[106.834858,-6.411671],[106.835048,-6.411828],[106.835008,-6.412297],[106.835628,-6.412313],[106.835767,-6.412508],[106.835805,-6.41283],[106.835226,-6.412921],[106.83504,-6.413081],[106.834842,-6.413086],[106.83478,-6.41326],[106.834654,-6.413281],[106.83459,-6.413406],[106.834388,-6.413351],[106.834488,-6.41295],[106.834035,-6.412788],[106.833879,-6.413257],[106.833214,-6.413142],[106.833179,-6.413238],[106.83287,-6.413132],[106.832919,-6.41298],[106.832318,-6.412809],[106.832412,-6.412537],[106.832347,-6.412513],[106.83242,-6.412273],[106.832554,-6.412311],[106.832613,-6.411799],[106.83279,-6.411794],[106.832783,-6.411677],[106.832911,-6.41169]]]},"properties":{"layer_id":"legalitas","jenis":"legal","nama":"Perumahan Muslim Qoryatussalam Sani","sumber":"OSM (status: contoh)","atribut":{"status":"SHM","peruntukan":"Permukiman"}}},{"type":"Feature","geometry":{"type":"Polygon","coordinates":[[[106.830894,-6.393986],[106.82999,-6.393895],[106.829504,-6.393628],[106.829869,-6.392226],[106.829342,-6.392088],[106.828778,-6.393586],[106.828928,-6.39394],[106.82925,-6.394311],[106.829684,-6.394495],[106.830765,-6.394647],[106.831492,-6.394876],[106.831599,-6.395054],[106.831559,-6.395313],[106.831361,-6.395422],[106.830336,-6.395404],[106.829193,-6.395244],[106.828815,-6.395348],[106.828721,-6.395172],[106.82856,-6.395164],[106.828488,-6.394649],[106.828179,-6.394665],[106.827737,-6.394513],[106.827788,-6.394409],[106.827597,-6.394295],[106.827793,-6.393959],[106.827734,-6.393922],[106.828067,-6.393186],[106.827659,-6.392893],[106.827064,-6.39232],[106.826916,-6.39226],[106.826884,-6.392302],[106.826229,-6.391986],[106.825882,-6.391928],[106.825016,-6.391493],[106.825068,-6.391393],[106.825953,-6.391808],[106.826127,-6.391829],[106.826331,-6.391752],[106.826216,-6.391592],[106.82701,-6.391],[106.827072,-6.390864],[106.827554,-6.390814],[106.827782,-6.390371],[106.827922,-6.390427],[106.828222,-6.389931],[106.82837,-6.389915],[106.828563,-6.389774],[106.82915,-6.389857],[106.829322,-6.389817],[106.829394,-6.389603],[106.829778,-6.389726],[106.829754,-6.389915],[106.829413,-6.390022],[106.829225,-6.390264],[106.829193,-6.390925],[106.829394,-6.391933],[106.829894,-6.392108],[106.829939,-6.39189],[106.829582,-6.390638],[106.829633,-6.390491],[106.829864,-6.390352],[106.830073,-6.39036],[106.830162,-6.390486],[106.830247,-6.390859],[106.830108,-6.391067],[106.830382,-6.391848],[106.830376,-6.392165],[106.830529,-6.39237],[106.830856,-6.392597],[106.83146,-6.392551],[106.83191,-6.392293],[106.832373,-6.391793],[106.832908,-6.391976],[106.833415,-6.392261],[106.833453,-6.392149],[106.833951,-6.392314],[106.833909,-6.392487],[106.83367,-6.392807],[106.833479,-6.392749],[106.83327,-6.392994],[106.833606,-6.393114],[106.833466,-6.393359],[106.833045,-6.393778],[106.832972,-6.394001],[106.83272,-6.394303],[106.832812,-6.394444],[106.832806,-6.394649],[106.832576,-6.394838],[106.832171,-6.394431],[106.832055,-6.394196],[106.832117,-6.393863],[106.832036,-6.393556],[106.831688,-6.393604],[106.831664,-6.393759],[106.83124,-6.393607],[106.831092,-6.394044],[106.830894,-6.393986]]]},"properties":{"layer_id":"legalitas","jenis":"legal","nama":"Pesona Depok Estate","sumber":"OSM (status: contoh)","atribut":{"status":"Girik","peruntukan":"Permukiman"}}},{"type":"Feature","geometry":{"type":"Polygon","coordinates":[[[106.705138,-6.354009],[106.704772,-6.353981],[106.70476,-6.354287],[106.705134,-6.354322],[106.705138,-6.354009]]]},"properties":{"layer_id":"legalitas","jenis":"legal","nama":"CL","sumber":"OSM (status: contoh)","atribut":{"status":"SHGB dalam proses","peruntukan":"Permukiman"}}},{"type":"Feature","geometry":{"type":"Polygon","coordinates":[[[106.708524,-6.289326],[106.708639,-6.289662],[106.708924,-6.289676],[106.708854,-6.289449],[106.7088,-6.289466],[106.708739,-6.289269],[106.708524,-6.289326]]]},"properties":{"layer_id":"legalitas","jenis":"legal","nama":"Senayan Village Bintaro","sumber":"OSM (status: contoh)","atribut":{"status":"SHGB dalam proses","peruntukan":"Permukiman"}}},{"type":"Feature","geometry":{"type":"Polygon","coordinates":[[[106.710536,-6.291164],[106.710111,-6.291206],[106.710153,-6.291426],[106.710562,-6.291377],[106.710536,-6.291164]]]},"properties":{"layer_id":"legalitas","jenis":"legal","nama":"Bintaro Tropical Garden","sumber":"OSM (status: contoh)","atribut":{"status":"HGB","peruntukan":"Permukiman"}}},{"type":"Feature","geometry":{"type":"Polygon","coordinates":[[[106.712627,-6.28714],[106.712614,-6.287734],[106.712533,-6.287731],[106.712569,-6.28748],[106.712164,-6.287537],[106.712174,-6.287191],[106.712627,-6.28714]]]},"properties":{"layer_id":"legalitas","jenis":"legal","nama":"Taman Pesona Townhouse","sumber":"OSM (status: contoh)","atribut":{"status":"HGB","peruntukan":"Permukiman"}}},{"type":"Feature","geometry":{"type":"Polygon","coordinates":[[[106.714761,-6.285135],[106.714792,-6.285282],[106.715114,-6.285333],[106.715549,-6.285358],[106.715608,-6.285254],[106.715559,-6.285236],[106.715058,-6.285034],[106.714761,-6.285135]]]},"properties":{"layer_id":"legalitas","jenis":"legal","nama":"Palem Puri Residence","sumber":"OSM (status: contoh)","atribut":{"status":"SHM","peruntukan":"Permukiman"}}},{"type":"Feature","geometry":{"type":"Polygon","coordinates":[[[106.742499,-6.335053],[106.743151,-6.335138],[106.743151,-6.334927],[106.743352,-6.33493],[106.743613,-6.335363],[106.743567,-6.335934],[106.742411,-6.335799],[106.742499,-6.335053]]]},"properties":{"layer_id":"legalitas","jenis":"legal","nama":"Perumahan Andrawina Praja Sarana","sumber":"OSM (status: contoh)","atribut":{"status":"HGB","peruntukan":"Permukiman"}}},{"type":"Feature","geometry":{"type":"Polygon","coordinates":[[[106.752701,-6.351811],[106.753376,-6.351935],[106.75341,-6.351678],[106.753524,-6.351644],[106.753087,-6.353528],[106.752927,-6.353316],[106.752463,-6.353143],[106.752701,-6.351811]]]},"properties":{"layer_id":"legalitas","jenis":"legal","nama":"Prive Hills Residence","sumber":"OSM (status: contoh)","atribut":{"status":"SHGB dalam proses","peruntukan":"Permukiman"}}},{"type":"Feature","geometry":{"type":"Polygon","coordinates":[[[106.716752,-6.451019],[106.716779,-6.450889],[106.717785,-6.451078],[106.717906,-6.451294],[106.718418,-6.451104],[106.718815,-6.451915],[106.719115,-6.451877],[106.718992,-6.4516],[106.719679,-6.451243],[106.720489,-6.451904],[106.720918,-6.452613],[106.720634,-6.452911],[106.72125,-6.453807],[106.721368,-6.453754],[106.721685,-6.453903],[106.72198,-6.453898],[106.721999,-6.454146],[106.722133,-6.454132],[106.722189,-6.454359],[106.722267,-6.454359],[106.722278,-6.454439],[106.722511,-6.454391],[106.722594,-6.454815],[106.722419,-6.454825],[106.722455,-6.45506],[106.722372,-6.455068],[106.722376,-6.455189],[106.72233,-6.455198],[106.722321,-6.455645],[106.721803,-6.455835],[106.721956,-6.456198],[106.721763,-6.456326],[106.721833,-6.456702],[106.721857,-6.457645],[106.721795,-6.457688],[106.721991,-6.458194],[106.722058,-6.458263],[106.722345,-6.458258],[106.722471,-6.458341],[106.722715,-6.458239],[106.722739,-6.458037],[106.722484,-6.457474],[106.722581,-6.457053],[106.722508,-6.456805],[106.723195,-6.456736],[106.723292,-6.457296],[106.72352,-6.457821],[106.723399,-6.457938],[106.723748,-6.4587],[106.723868,-6.459183],[106.724099,-6.459129],[106.724362,-6.459447],[106.72444,-6.45987],[106.724641,-6.46022],[106.724592,-6.460363],[106.725048,-6.460761],[106.725048,-6.461051],[106.725217,-6.461291],[106.725317,-6.461576],[106.725577,-6.461523],[106.725547,-6.461286],[106.726384,-6.460974],[106.726615,-6.461136],[106.726685,-6.461336],[106.726644,-6.461869],[106.726811,-6.462002],[106.726867,-6.462258],[106.727079,-6.462557],[106.727218,-6.462685],[106.727334,-6.462693],[106.727664,-6.463039],[106.727881,-6.462986],[106.72783,-6.462762],[106.728141,-6.462541],[106.728479,-6.462666],[106.728793,-6.46265],[106.729657,-6.462866],[106.729882,-6.461803],[106.729654,-6.461776],[106.729742,-6.461637],[106.729917,-6.461624],[106.729957,-6.461376],[106.729635,-6.461307],[106.729715,-6.460902],[106.72945,-6.460857],[106.729402,-6.461208],[106.729112,-6.461022],[106.728997,-6.461195],[106.728541,-6.460846],[106.728522,-6.460611],[106.728342,-6.460587],[106.728334,-6.460787],[106.728238,-6.460779],[106.728224,-6.460886],[106.728331,-6.460904],[106.728318,-6.461048],[106.728235,-6.461059],[106.728219,-6.461272],[106.727728,-6.461302],[106.727792,-6.461597],[106.727084,-6.461501],[106.726945,-6.460854],[106.726655,-6.46051],[106.726494,-6.460198],[106.725537,-6.45914],[106.725209,-6.459396],[106.724944,-6.459388],[106.724694,-6.459241],[106.724405,-6.458618],[106.724118,-6.458247],[106.724043,-6.458005],[106.723855,-6.457043],[106.723823,-6.45656],[106.723957,-6.456387],[106.723917,-6.456041],[106.723651,-6.455561],[106.724043,-6.455363],[106.724257,-6.455478],[106.724533,-6.455366],[106.724579,-6.455046],[106.7243,-6.454929],[106.72401,-6.454313],[106.723769,-6.454039],[106.723485,-6.45398],[106.722766,-6.453343],[106.722514,-6.453221],[106.722203,-6.452925],[106.72172,-6.45261],[106.721406,-6.452152],[106.721245,-6.452147],[106.720837,-6.451598],[106.72028,-6.451304],[106.720432,-6.451067],[106.720253,-6.450694],[106.72014,-6.45055],[106.719904,-6.45046],[106.71977,-6.450502],[106.719137,-6.449703],[106.718944,-6.449298],[106.71889,-6.44901],[106.71881,-6.448999],[106.718718,-6.44877],[106.718563,-6.448637],[106.718434,-6.44862],[106.717769,-6.447908],[106.71738,-6.448074],[106.717139,-6.448066],[106.717082,-6.44788],[106.716991,-6.447869],[106.71698,-6.447688],[106.717045,-6.447672],[106.716927,-6.447437],[106.71664,-6.447323],[106.716398,-6.447341],[106.71642,-6.447589],[106.716036,-6.447653],[106.715242,-6.447944],[106.715146,-6.447669],[106.713762,-6.446632],[106.712201,-6.447576],[106.712801,-6.448237],[106.712898,-6.448588],[106.713445,-6.448951],[106.714266,-6.450348],[106.714845,-6.450598],[106.715451,-6.450987],[106.715736,-6.451414],[106.715988,-6.451536],[106.716213,-6.451808],[106.716245,-6.452021],[106.716074,-6.4524],[106.71616,-6.452634],[106.716412,-6.452762],[106.716776,-6.453562],[106.717034,-6.453855],[106.717458,-6.453695],[106.717506,-6.453876],[106.717688,-6.453818],[106.717581,-6.453223],[106.717836,-6.453285],[106.717822,-6.453058],[106.717739,-6.452744],[106.717318,-6.452864],[106.71709,-6.452075],[106.717265,-6.452011],[106.717187,-6.451568],[106.717018,-6.451606],[106.716956,-6.451166],[106.716838,-6.451185],[106.716752,-6.451019]]]},"properties":{"layer_id":"legalitas","jenis":"legal","nama":"Grand Duta City","sumber":"OSM (status: contoh)","atribut":{"status":"HGB","peruntukan":"Permukiman"}}},{"type":"Feature","geometry":{"type":"Polygon","coordinates":[[[106.828419,-6.419304],[106.828885,-6.419303],[106.829477,-6.419455],[106.829233,-6.419961],[106.829024,-6.420619],[106.828917,-6.420662],[106.828627,-6.419908],[106.828603,-6.419679],[106.828419,-6.419304]]]},"properties":{"layer_id":"legalitas","jenis":"legal","nama":"Cluster Orchid 1","sumber":"OSM (status: contoh)","atribut":{"status":"Girik","peruntukan":"Permukiman"}}},{"type":"Feature","geometry":{"type":"Polygon","coordinates":[[[106.796815,-6.299404],[106.79752,-6.298915],[106.798446,-6.299129],[106.798259,-6.299748],[106.798049,-6.300196],[106.797051,-6.300141],[106.79705,-6.299804],[106.796815,-6.299705],[106.796815,-6.299404]]]},"properties":{"layer_id":"legalitas","jenis":"legal","nama":"Fatmawati Parc Suite","sumber":"OSM (status: contoh)","atribut":{"status":"SHM","peruntukan":"Permukiman"}}},{"type":"Feature","geometry":{"type":"Polygon","coordinates":[[[106.795132,-6.30001],[106.796152,-6.300075],[106.79663,-6.299753],[106.796529,-6.299592],[106.796815,-6.299404],[106.796815,-6.299705],[106.79705,-6.299804],[106.797051,-6.300141],[106.798049,-6.300196],[106.797698,-6.300714],[106.795091,-6.30055],[106.795132,-6.30001]]]},"properties":{"layer_id":"legalitas","jenis":"legal","nama":"Botany Hills","sumber":"OSM (status: contoh)","atribut":{"status":"SHGB dalam proses","peruntukan":"Permukiman"}}},{"type":"Feature","geometry":{"type":"Polygon","coordinates":[[[106.795113,-6.299408],[106.795057,-6.298584],[106.795123,-6.297893],[106.797392,-6.298009],[106.797301,-6.298574],[106.795932,-6.299465],[106.795113,-6.299408]]]},"properties":{"layer_id":"legalitas","jenis":"legal","nama":"Botany Garden","sumber":"OSM (status: contoh)","atribut":{"status":"SHM","peruntukan":"Permukiman"}}},{"type":"Feature","geometry":{"type":"Polygon","coordinates":[[[106.900277,-6.317756],[106.900494,-6.31786],[106.900619,-6.317611],[106.900609,-6.317369],[106.900472,-6.317375],[106.900439,-6.317194],[106.900307,-6.317216],[106.90033,-6.317405],[106.900379,-6.317419],[106.900277,-6.317756]]]},"properties":{"layer_id":"legalitas","jenis":"legal","nama":"Astana Residence","sumber":"OSM (status: contoh)","atribut":{"status":"HGB","peruntukan":"Permukiman"}}},{"type":"Feature","geometry":{"type":"Polygon","coordinates":[[[106.757612,-6.354244],[106.758351,-6.354495],[106.75841,-6.354369],[106.758551,-6.354675],[106.758448,-6.354654],[106.758186,-6.35553],[106.758702,-6.355615],[106.758819,-6.355347],[106.758978,-6.355372],[106.758076,-6.353423],[106.757933,-6.353421],[106.757612,-6.354244]]]},"properties":{"layer_id":"legalitas","jenis":"legal","nama":"The Hills Residence","sumber":"OSM (status: contoh)","atribut":{"status":"SHGB dalam proses","peruntukan":"Permukiman"}}},{"type":"Feature","geometry":{"type":"Polygon","coordinates":[[[106.703341,-6.367177],[106.703991,-6.366893],[106.704321,-6.368089],[106.704063,-6.368202],[106.703913,-6.367479],[106.703531,-6.367615],[106.703341,-6.367177]]]},"properties":{"layer_id":"legalitas","jenis":"legal","nama":"Grand Hidayah 4","sumber":"OSM (status: contoh)","atribut":{"status":"HGB","peruntukan":"Permukiman"}}},{"type":"Feature","geometry":{"type":"Polygon","coordinates":[[[106.704405,-6.368563],[106.704976,-6.368345],[106.704857,-6.367822],[106.704295,-6.367926],[106.704405,-6.368563]]]},"properties":{"layer_id":"legalitas","jenis":"legal","nama":"Cendana 88","sumber":"OSM (status: contoh)","atribut":{"status":"SHM","peruntukan":"Permukiman"}}},{"type":"Feature","geometry":{"type":"Polygon","coordinates":[[[106.747394,-6.330166],[106.747994,-6.33068],[106.747928,-6.330841],[106.747987,-6.33087],[106.747936,-6.330973],[106.747721,-6.330903],[106.746945,-6.331257],[106.74677,-6.33168],[106.746671,-6.331644],[106.74655,-6.331994],[106.746201,-6.332907],[106.745256,-6.332515],[106.74609,-6.330321],[106.746538,-6.330523],[106.746605,-6.330348],[106.747152,-6.330635],[106.747394,-6.330166]]]},"properties":{"layer_id":"legalitas","jenis":"legal","nama":"Oase Park","sumber":"OSM (status: contoh)","atribut":{"status":"Girik","peruntukan":"Permukiman"}}},{"type":"Feature","geometry":{"type":"Polygon","coordinates":[[[106.905416,-6.347945],[106.905872,-6.348147],[106.905818,-6.348268],[106.905362,-6.348066],[106.905416,-6.347945]]]},"properties":{"layer_id":"legalitas","jenis":"legal","nama":"Adhigriya Felice","sumber":"OSM (status: contoh)","atribut":{"status":"HGB","peruntukan":"Permukiman"}}},{"type":"Feature","geometry":{"type":"Polygon","coordinates":[[[106.902721,-6.322458],[106.903094,-6.322527],[106.903067,-6.322839],[106.902899,-6.322868],[106.902423,-6.322928],[106.90251,-6.322421],[106.902721,-6.322458]]]},"properties":{"layer_id":"legalitas","jenis":"legal","nama":"Panca Residence","sumber":"OSM (status: contoh)","atribut":{"status":"SHM","peruntukan":"Permukiman"}}},{"type":"Feature","geometry":{"type":"Polygon","coordinates":[[[106.916774,-6.308389],[106.917208,-6.308555],[106.917297,-6.308276],[106.917021,-6.308179],[106.91705,-6.308033],[106.916873,-6.308064],[106.916774,-6.308389]]]},"properties":{"layer_id":"legalitas","jenis":"legal","nama":"Ayana Boutique Townhouse","sumber":"OSM (status: contoh)","atribut":{"status":"Girik","peruntukan":"Permukiman"}}},{"type":"Feature","geometry":{"type":"Polygon","coordinates":[[[106.789347,-6.297549],[106.789722,-6.297556],[106.789772,-6.297849],[106.789708,-6.298143],[106.789496,-6.298117],[106.789535,-6.297804],[106.789335,-6.297808],[106.789347,-6.297549]]]},"properties":{"layer_id":"legalitas","jenis":"legal","nama":"The Lebak Bulus Residence","sumber":"OSM (status: contoh)","atribut":{"status":"Girik","peruntukan":"Permukiman"}}},{"type":"Feature","geometry":{"type":"Polygon","coordinates":[[[106.789782,-6.29757],[106.78977,-6.29815],[106.789979,-6.298175],[106.79017,-6.298184],[106.790146,-6.29792],[106.790413,-6.297906],[106.790364,-6.29758],[106.789782,-6.29757]]]},"properties":{"layer_id":"legalitas","jenis":"legal","nama":"Double Seven Residences","sumber":"OSM (status: contoh)","atribut":{"status":"SHGB dalam proses","peruntukan":"Permukiman"}}},{"type":"Feature","geometry":{"type":"Polygon","coordinates":[[[106.79046,-6.296568],[106.790453,-6.296887],[106.790251,-6.296887],[106.790246,-6.29703],[106.789978,-6.297018],[106.789974,-6.297221],[106.790029,-6.297221],[106.790042,-6.297571],[106.790576,-6.297561],[106.790661,-6.296591],[106.79046,-6.296568]]]},"properties":{"layer_id":"legalitas","jenis":"legal","nama":"Villa Fatmawati","sumber":"OSM (status: contoh)","atribut":{"status":"SHM","peruntukan":"Permukiman"}}},{"type":"Feature","geometry":{"type":"Polygon","coordinates":[[[106.791989,-6.296724],[106.791915,-6.297263],[106.792226,-6.297288],[106.792287,-6.296761],[106.791989,-6.296724]]]},"properties":{"layer_id":"legalitas","jenis":"legal","nama":"Mansion 8","sumber":"OSM (status: contoh)","atribut":{"status":"HGB","peruntukan":"Permukiman"}}},{"type":"Feature","geometry":{"type":"Polygon","coordinates":[[[106.788383,-6.297392],[106.788087,-6.297363],[106.788061,-6.29686],[106.788125,-6.29686],[106.788118,-6.296572],[106.788345,-6.29654],[106.788322,-6.296929],[106.788405,-6.296929],[106.788383,-6.297392]]]},"properties":{"layer_id":"legalitas","jenis":"legal","nama":"Puri Lebusa","sumber":"OSM (status: contoh)","atribut":{"status":"SHM","peruntukan":"Permukiman"}}},{"type":"Feature","geometry":{"type":"Polygon","coordinates":[[[106.790576,-6.297561],[106.790626,-6.297856],[106.790953,-6.29787],[106.79096,-6.298152],[106.791138,-6.298155],[106.791157,-6.297872],[106.791943,-6.297907],[106.791964,-6.297448],[106.791862,-6.29745],[106.791888,-6.29725],[106.791455,-6.297213],[106.791481,-6.296821],[106.791129,-6.296789],[106.791092,-6.297152],[106.790617,-6.297086],[106.790576,-6.297561]]]},"properties":{"layer_id":"legalitas","jenis":"legal","nama":"Komplek Koperasi","sumber":"OSM (status: contoh)","atribut":{"status":"SHGB dalam proses","peruntukan":"Permukiman"}}},{"type":"Feature","geometry":{"type":"Polygon","coordinates":[[[106.791414,-6.298161],[106.791754,-6.298143],[106.791765,-6.297899],[106.791423,-6.297884],[106.791414,-6.298161]]]},"properties":{"layer_id":"legalitas","jenis":"legal","nama":"Ruma Cila","sumber":"OSM (status: contoh)","atribut":{"status":"HGB","peruntukan":"Permukiman"}}},{"type":"Feature","geometry":{"type":"Polygon","coordinates":[[[106.790112,-6.299363],[106.790346,-6.299382],[106.790346,-6.299579],[106.790631,-6.299605],[106.790682,-6.299965],[106.790484,-6.299976],[106.790323,-6.300063],[106.79008,-6.299884],[106.790112,-6.299363]]]},"properties":{"layer_id":"legalitas","jenis":"legal","nama":"Kanaka Residence","sumber":"OSM (status: contoh)","atribut":{"status":"Girik","peruntukan":"Permukiman"}}},{"type":"Feature","geometry":{"type":"Polygon","coordinates":[[[106.785698,-6.299268],[106.785868,-6.299644],[106.78614,-6.2998],[106.786189,-6.300084],[106.786032,-6.300413],[106.786344,-6.300707],[106.786439,-6.300815],[106.786586,-6.300686],[106.786367,-6.300478],[106.786449,-6.300352],[106.786847,-6.300146],[106.78697,-6.299969],[106.787032,-6.299691],[106.786913,-6.299185],[106.787069,-6.299144],[106.786909,-6.298875],[106.786347,-6.299103],[106.785698,-6.299268]]]},"properties":{"layer_id":"legalitas","jenis":"legal","nama":"Panorama Townhouse","sumber":"OSM (status: contoh)","atribut":{"status":"SHGB dalam proses","peruntukan":"Permukiman"}}},{"type":"Feature","geometry":{"type":"Polygon","coordinates":[[[106.784091,-6.297215],[106.784552,-6.297135],[106.784415,-6.296349],[106.783935,-6.296386],[106.784091,-6.297215]]]},"properties":{"layer_id":"legalitas","jenis":"legal","nama":"South Grove","sumber":"OSM (status: contoh)","atribut":{"status":"SHM","peruntukan":"Permukiman"}}},{"type":"Feature","geometry":{"type":"Polygon","coordinates":[[[106.790901,-6.302008],[106.790735,-6.30051],[106.791049,-6.300526],[106.791061,-6.300637],[106.791135,-6.30063],[106.791149,-6.300866],[106.791256,-6.300854],[106.791303,-6.301354],[106.791207,-6.301363],[106.791242,-6.302042],[106.790901,-6.302008]]]},"properties":{"layer_id":"legalitas","jenis":"legal","nama":"Casa 23","sumber":"OSM (status: contoh)","atribut":{"status":"SHGB dalam proses","peruntukan":"Permukiman"}}},{"type":"Feature","geometry":{"type":"Polygon","coordinates":[[[106.78711,-6.302504],[106.78716,-6.30207],[106.787041,-6.302053],[106.787103,-6.301669],[106.787432,-6.301657],[106.787459,-6.301759],[106.787616,-6.301842],[106.788172,-6.301852],[106.788172,-6.302457],[106.78711,-6.302504]]]},"properties":{"layer_id":"legalitas","jenis":"legal","nama":"Dahlia Townhouse","sumber":"OSM (status: contoh)","atribut":{"status":"SHM","peruntukan":"Permukiman"}}},{"type":"Feature","geometry":{"type":"Polygon","coordinates":[[[106.788172,-6.302457],[106.788724,-6.302447],[106.788751,-6.301859],[106.788172,-6.301852],[106.788172,-6.302457]]]},"properties":{"layer_id":"legalitas","jenis":"legal","nama":"Permata Lebak Bulus Residence","sumber":"OSM (status: contoh)","atribut":{"status":"HGB","peruntukan":"Permukiman"}}},{"type":"Feature","geometry":{"type":"Polygon","coordinates":[[[106.786664,-6.303362],[106.78699,-6.303302],[106.786978,-6.302584],[106.786797,-6.302587],[106.786646,-6.302661],[106.786664,-6.303362]]]},"properties":{"layer_id":"legalitas","jenis":"legal","nama":"Winville","sumber":"OSM (status: contoh)","atribut":{"status":"HGB","peruntukan":"Permukiman"}}},{"type":"Feature","geometry":{"type":"Polygon","coordinates":[[[106.746482,-6.295072],[106.746546,-6.295245],[106.747316,-6.295064],[106.747421,-6.295213],[106.746992,-6.295392],[106.747022,-6.295763],[106.746943,-6.295783],[106.746919,-6.296001],[106.746691,-6.295979],[106.74669,-6.295862],[106.746529,-6.295881],[106.746505,-6.29574],[106.746334,-6.295762],[106.746235,-6.29512],[106.746482,-6.295072]]]},"properties":{"layer_id":"legalitas","jenis":"legal","nama":"Cleverton","sumber":"OSM (status: contoh)","atribut":{"status":"HGB","peruntukan":"Permukiman"}}},{"type":"Feature","geometry":{"type":"Polygon","coordinates":[[[106.749888,-6.30099],[106.749467,-6.300534],[106.750092,-6.300095],[106.750347,-6.300262],[106.750629,-6.300532],[106.750682,-6.300641],[106.749888,-6.30099]]]},"properties":{"layer_id":"legalitas","jenis":"legal","nama":"Maison des Claire","sumber":"OSM (status: contoh)","atribut":{"status":"Girik","peruntukan":"Permukiman"}}},{"type":"Feature","geometry":{"type":"Polygon","coordinates":[[[106.74653,-6.300542],[106.7462,-6.300033],[106.745849,-6.299777],[106.745616,-6.299007],[106.745739,-6.298719],[106.746267,-6.298474],[106.747273,-6.298874],[106.747013,-6.299279],[106.746592,-6.299716],[106.746705,-6.299881],[106.746584,-6.300012],[106.746694,-6.300201],[106.74653,-6.300542]]]},"properties":{"layer_id":"legalitas","jenis":"legal","nama":"Graha Hijau Riviera","sumber":"OSM (status: contoh)","atribut":{"status":"SHM","peruntukan":"Permukiman"}}},{"type":"Feature","geometry":{"type":"Polygon","coordinates":[[[106.745968,-6.30338],[106.745563,-6.303326],[106.745768,-6.302843],[106.745825,-6.302894],[106.745895,-6.302999],[106.745866,-6.303139],[106.745979,-6.303162],[106.745968,-6.30338]]]},"properties":{"layer_id":"legalitas","jenis":"legal","nama":"Bukit Bintaro Residence","sumber":"OSM (status: contoh)","atribut":{"status":"Girik","peruntukan":"Permukiman"}}},{"type":"Feature","geometry":{"type":"Polygon","coordinates":[[[106.746175,-6.30338],[106.746182,-6.303091],[106.746513,-6.303098],[106.746525,-6.303567],[106.74638,-6.303592],[106.746381,-6.30345],[106.746222,-6.303444],[106.746175,-6.30338]]]},"properties":{"layer_id":"legalitas","jenis":"legal","nama":"Awani","sumber":"OSM (status: contoh)","atribut":{"status":"SHM","peruntukan":"Permukiman"}}},{"type":"Feature","geometry":{"type":"Polygon","coordinates":[[[106.739375,-6.303202],[106.740405,-6.303192],[106.740393,-6.303326],[106.740809,-6.303347],[106.7408,-6.303064],[106.740928,-6.303062],[106.740943,-6.302951],[106.740879,-6.302334],[106.74106,-6.301849],[106.741512,-6.301755],[106.741509,-6.301694],[106.741693,-6.301646],[106.741724,-6.301745],[106.741557,-6.301783],[106.74176,-6.30251],[106.741335,-6.302605],[106.741368,-6.30301],[106.741048,-6.303068],[106.740962,-6.303371],[106.740672,-6.303818],[106.740196,-6.30383],[106.740204,-6.303462],[106.739481,-6.303465],[106.7395,-6.303402],[106.739375,-6.303202]]]},"properties":{"layer_id":"legalitas","jenis":"legal","nama":"Graha Pesona Ciputat","sumber":"OSM (status: contoh)","atribut":{"status":"HGB","peruntukan":"Permukiman"}}},{"type":"Feature","geometry":{"type":"Polygon","coordinates":[[[106.742087,-6.302713],[106.741733,-6.30288],[106.741708,-6.302695],[106.741572,-6.302726],[106.741578,-6.302814],[106.74137,-6.302848],[106.741368,-6.30301],[106.741048,-6.303068],[106.740962,-6.303371],[106.740672,-6.303818],[106.740196,-6.30383],[106.740204,-6.303462],[106.739481,-6.303465],[106.739426,-6.30403],[106.739629,-6.304054],[106.739625,-6.304191],[106.739984,-6.304167],[106.73998,-6.304795],[106.74053,-6.304413],[106.741333,-6.304194],[106.741242,-6.303596],[106.741993,-6.303148],[106.741945,-6.303024],[106.742071,-6.302981],[106.742036,-6.302862],[106.742148,-6.302815],[106.742087,-6.302713]]]},"properties":{"layer_id":"legalitas","jenis":"legal","nama":"Grand Bintaro Asri","sumber":"OSM (status: contoh)","atribut":{"status":"SHM","peruntukan":"Permukiman"}}},{"type":"Feature","geometry":{"type":"Polygon","coordinates":[[[106.738183,-6.304552],[106.73841,-6.303251],[106.738796,-6.303266],[106.739357,-6.303174],[106.7395,-6.303402],[106.739471,-6.303492],[106.739268,-6.303528],[106.739157,-6.303975],[106.739027,-6.30402],[106.739007,-6.304139],[106.73873,-6.304175],[106.738675,-6.304419],[106.738552,-6.304579],[106.738183,-6.304552]]]},"properties":{"layer_id":"legalitas","jenis":"legal","nama":"Palm Residence","sumber":"OSM (status: contoh)","atribut":{"status":"HGB","peruntukan":"Permukiman"}}},{"type":"Feature","geometry":{"type":"Polygon","coordinates":[[[106.74298,-6.301889],[106.742873,-6.302121],[106.742486,-6.302191],[106.742468,-6.302109],[106.742322,-6.302142],[106.742245,-6.30197],[106.74208,-6.301998],[106.74204,-6.301701],[106.741816,-6.301759],[106.741795,-6.301666],[106.742027,-6.301618],[106.741996,-6.301419],[106.742504,-6.30131],[106.742604,-6.301875],[106.74298,-6.301889]]]},"properties":{"layer_id":"legalitas","jenis":"legal","nama":"Chiku Gaden Bintaro","sumber":"OSM (status: contoh)","atribut":{"status":"Girik","peruntukan":"Permukiman"}}},{"type":"Feature","geometry":{"type":"Polygon","coordinates":[[[106.743183,-6.301771],[106.743055,-6.302087],[106.743022,-6.302461],[106.742913,-6.302493],[106.743004,-6.302775],[106.74307,-6.302789],[106.743122,-6.302615],[106.743271,-6.302672],[106.743325,-6.302593],[106.743448,-6.301971],[106.743683,-6.302007],[106.743672,-6.302078],[106.743864,-6.302143],[106.743892,-6.301886],[106.743183,-6.301771]]]},"properties":{"layer_id":"legalitas","jenis":"legal","nama":"Clarity House","sumber":"OSM (status: contoh)","atribut":{"status":"Girik","peruntukan":"Permukiman"}}},{"type":"Feature","geometry":{"type":"Polygon","coordinates":[[[106.743215,-6.301731],[106.743211,-6.301498],[106.743033,-6.3012],[106.743253,-6.301074],[106.743393,-6.301322],[106.743914,-6.301358],[106.743941,-6.301838],[106.743215,-6.301731]]]},"properties":{"layer_id":"legalitas","jenis":"legal","nama":"Luminance House","sumber":"OSM (status: contoh)","atribut":{"status":"SHM","peruntukan":"Permukiman"}}},{"type":"Feature","geometry":{"type":"Polygon","coordinates":[[[106.743888,-6.298331],[106.743954,-6.298172],[106.744219,-6.298106],[106.744638,-6.298246],[106.7447,-6.29833],[106.744761,-6.298835],[106.744717,-6.298908],[106.744124,-6.298947],[106.744185,-6.298692],[106.743888,-6.298331]]]},"properties":{"layer_id":"legalitas","jenis":"legal","nama":"Royale Bintaro 3","sumber":"OSM (status: contoh)","atribut":{"status":"SHM","peruntukan":"Permukiman"}}},{"type":"Feature","geometry":{"type":"Polygon","coordinates":[[[106.743387,-6.299351],[106.743845,-6.298588],[106.743667,-6.298484],[106.743758,-6.298354],[106.743666,-6.298307],[106.743578,-6.298474],[106.743505,-6.298448],[106.743442,-6.298635],[106.743283,-6.298848],[106.743266,-6.299025],[106.743127,-6.298969],[106.743094,-6.299155],[106.74314,-6.299172],[106.743095,-6.299291],[106.743387,-6.299351]]]},"properties":{"layer_id":"legalitas","jenis":"legal","nama":"Saka Living","sumber":"OSM (status: contoh)","atribut":{"status":"SHGB dalam proses","peruntukan":"Permukiman"}}},{"type":"Feature","geometry":{"type":"Polygon","coordinates":[[[106.751778,-6.302917],[106.751848,-6.303042],[106.751903,-6.3031],[106.75275,-6.302873],[106.752685,-6.302664],[106.751778,-6.302917]]]},"properties":{"layer_id":"legalitas","jenis":"legal","nama":"Sahid Residence","sumber":"OSM (status: contoh)","atribut":{"status":"SHGB dalam proses","peruntukan":"Permukiman"}}},{"type":"Feature","geometry":{"type":"Polygon","coordinates":[[[106.752504,-6.302105],[106.752685,-6.302664],[106.751778,-6.302917],[106.751565,-6.302345],[106.752504,-6.302105]]]},"properties":{"layer_id":"legalitas","jenis":"legal","nama":"Paris Residence","sumber":"OSM (status: contoh)","atribut":{"status":"SHM","peruntukan":"Permukiman"}}},{"type":"Feature","geometry":{"type":"Polygon","coordinates":[[[106.782375,-6.452454],[106.782365,-6.452967],[106.782665,-6.45297],[106.782647,-6.452443],[106.782375,-6.452454]]]},"properties":{"layer_id":"legalitas","jenis":"legal","nama":"Sapphire Regency 1","sumber":"OSM (status: contoh)","atribut":{"status":"HGB","peruntukan":"Permukiman"}}},{"type":"Feature","geometry":{"type":"Polygon","coordinates":[[[106.750634,-6.405495],[106.750779,-6.405365],[106.750846,-6.405162],[106.751275,-6.404762],[106.751441,-6.404448],[106.752031,-6.402483],[106.752646,-6.402654],[106.752673,-6.403107],[106.7526,-6.403371],[106.752773,-6.403672],[106.752736,-6.404117],[106.752553,-6.40467],[106.752327,-6.405015],[106.752136,-6.405958],[106.751943,-6.405881],[106.751785,-6.406463],[106.750476,-6.406052],[106.750634,-6.405495]]]},"properties":{"layer_id":"legalitas","jenis":"legal","nama":"Tilia","sumber":"OSM (status: contoh)","atribut":{"status":"SHM","peruntukan":"Permukiman"}}},{"type":"Feature","geometry":{"type":"Polygon","coordinates":[[[106.852366,-6.327035],[106.852676,-6.327122],[106.852504,-6.327756],[106.852233,-6.32774],[106.852366,-6.327035]]]},"properties":{"layer_id":"legalitas","jenis":"legal","nama":"Eastwood","sumber":"OSM (status: contoh)","atribut":{"status":"SHGB dalam proses","peruntukan":"Permukiman"}}},{"type":"Feature","geometry":{"type":"Polygon","coordinates":[[[106.864041,-6.311386],[106.864805,-6.311397],[106.864778,-6.3118],[106.864578,-6.312233],[106.864545,-6.31256],[106.863895,-6.312457],[106.864055,-6.311731],[106.864041,-6.311386]]]},"properties":{"layer_id":"legalitas","jenis":"legal","nama":"Komplek BLK Pasar Rebo","sumber":"OSM (status: contoh)","atribut":{"status":"Girik","peruntukan":"Permukiman"}}},{"type":"Feature","geometry":{"type":"Polygon","coordinates":[[[106.74269,-6.372173],[106.742671,-6.372686],[106.743367,-6.37269],[106.743366,-6.37228],[106.743312,-6.372203],[106.74269,-6.372173]]]},"properties":{"layer_id":"legalitas","jenis":"legal","nama":"New Royal Recidences","sumber":"OSM (status: contoh)","atribut":{"status":"HGB","peruntukan":"Permukiman"}}},{"type":"Feature","geometry":{"type":"Polygon","coordinates":[[[106.761017,-6.298575],[106.761028,-6.298495],[106.761078,-6.298511],[106.761081,-6.298596],[106.761017,-6.298575]]]},"properties":{"layer_id":"legalitas","jenis":"legal","nama":"pemukiman","sumber":"OSM (status: contoh)","atribut":{"status":"SHM","peruntukan":"Permukiman"}}},{"type":"Feature","geometry":{"type":"Polygon","coordinates":[[[106.765099,-6.29275],[106.765099,-6.292624],[106.765182,-6.292635],[106.765177,-6.292752],[106.765099,-6.29275]]]},"properties":{"layer_id":"legalitas","jenis":"legal","nama":"pemukiiman","sumber":"OSM (status: contoh)","atribut":{"status":"SHM","peruntukan":"Permukiman"}}},{"type":"Feature","geometry":{"type":"Polygon","coordinates":[[[106.746194,-6.369494],[106.746965,-6.369586],[106.746959,-6.37002],[106.74706,-6.370568],[106.74643,-6.370516],[106.746443,-6.370281],[106.746039,-6.370216],[106.746194,-6.369494]]]},"properties":{"layer_id":"legalitas","jenis":"legal","nama":"Pesona Kedaung Residence - Cluster PKR 1","sumber":"OSM (status: contoh)","atribut":{"status":"Girik","peruntukan":"Permukiman"}}},{"type":"Feature","geometry":{"type":"Polygon","coordinates":[[[106.746996,-6.369792],[106.747648,-6.369811],[106.747658,-6.369566],[106.748008,-6.369592],[106.748119,-6.369636],[106.748084,-6.369752],[106.748155,-6.369794],[106.748038,-6.370148],[106.747912,-6.370336],[106.747437,-6.370385],[106.747398,-6.370773],[106.747142,-6.370841],[106.746983,-6.370024],[106.746996,-6.369792]]]},"properties":{"layer_id":"legalitas","jenis":"legal","nama":"Pesona Kedaung Residence - Cluster PKR 2","sumber":"OSM (status: contoh)","atribut":{"status":"Girik","peruntukan":"Permukiman"}}},{"type":"Feature","geometry":{"type":"Polygon","coordinates":[[[106.886472,-6.376531],[106.886541,-6.376785],[106.886903,-6.376672],[106.886847,-6.37648],[106.886663,-6.376511],[106.886472,-6.376531]]]},"properties":{"layer_id":"legalitas","jenis":"legal","nama":"Paradesa Cibubur","sumber":"OSM (status: contoh)","atribut":{"status":"SHM","peruntukan":"Permukiman"}}},{"type":"Feature","geometry":{"type":"Polygon","coordinates":[[[106.802647,-6.291055],[106.802975,-6.29107],[106.802964,-6.291285],[106.802638,-6.291259],[106.802647,-6.291055]]]},"properties":{"layer_id":"legalitas","jenis":"legal","nama":"Ruma Cilandak","sumber":"OSM (status: contoh)","atribut":{"status":"SHGB dalam proses","peruntukan":"Permukiman"}}},{"type":"Feature","geometry":{"type":"Polygon","coordinates":[[[106.919943,-6.31736],[106.920235,-6.317423],[106.920149,-6.317903],[106.919871,-6.317843],[106.919943,-6.31736]]]},"properties":{"layer_id":"legalitas","jenis":"legal","nama":"Ruma Setu Dua","sumber":"OSM (status: contoh)","atribut":{"status":"HGB","peruntukan":"Permukiman"}}},{"type":"Feature","geometry":{"type":"Polygon","coordinates":[[[106.741276,-6.294302],[106.741267,-6.293804],[106.740963,-6.293822],[106.74098,-6.29433],[106.741276,-6.294302]]]},"properties":{"layer_id":"legalitas","jenis":"legal","nama":"Neville Bintaro","sumber":"OSM (status: contoh)","atribut":{"status":"SHGB dalam proses","peruntukan":"Permukiman"}}},{"type":"Feature","geometry":{"type":"Polygon","coordinates":[[[106.775398,-6.302949],[106.775309,-6.302967],[106.775293,-6.303274],[106.775672,-6.303455],[106.775959,-6.303428],[106.776618,-6.303374],[106.776675,-6.302989],[106.775398,-6.302949]]]},"properties":{"layer_id":"legalitas","jenis":"legal","nama":"Ruma Saila","sumber":"OSM (status: contoh)","atribut":{"status":"SHGB dalam proses","peruntukan":"Permukiman"}}},{"type":"Feature","geometry":{"type":"Polygon","coordinates":[[[106.917507,-6.315796],[106.918006,-6.315879],[106.917989,-6.316013],[106.918052,-6.316205],[106.917438,-6.316069],[106.917507,-6.315796]]]},"properties":{"layer_id":"legalitas","jenis":"legal","nama":"Paradesa Setu","sumber":"OSM (status: contoh)","atribut":{"status":"SHM","peruntukan":"Permukiman"}}},{"type":"Feature","geometry":{"type":"Polygon","coordinates":[[[106.72089,-6.351769],[106.720921,-6.351442],[106.720658,-6.351423],[106.720632,-6.351754],[106.72089,-6.351769]]]},"properties":{"layer_id":"legalitas","jenis":"legal","nama":"Paradesa Pamulang","sumber":"OSM (status: contoh)","atribut":{"status":"SHM","peruntukan":"Permukiman"}}},{"type":"Feature","geometry":{"type":"Polygon","coordinates":[[[106.861227,-6.540983],[106.860571,-6.540107],[106.860263,-6.539364],[106.859993,-6.538959],[106.860024,-6.538905],[106.860939,-6.538737],[106.861145,-6.539438],[106.861932,-6.539425],[106.862211,-6.54036],[106.862184,-6.540435],[106.862029,-6.540488],[106.861577,-6.540576],[106.861227,-6.540983]]]},"properties":{"layer_id":"legalitas","jenis":"legal","nama":"Hanalei","sumber":"OSM (status: contoh)","atribut":{"status":"Girik","peruntukan":"Permukiman"}}},{"type":"Feature","geometry":{"type":"Polygon","coordinates":[[[106.860024,-6.538905],[106.860555,-6.537934],[106.860677,-6.53697],[106.861219,-6.536959],[106.861372,-6.537488],[106.861503,-6.537549],[106.861511,-6.537901],[106.861626,-6.537975],[106.861551,-6.53821],[106.861621,-6.538503],[106.861728,-6.53849],[106.861932,-6.539425],[106.861145,-6.539438],[106.860939,-6.538737],[106.860024,-6.538905]]]},"properties":{"layer_id":"legalitas","jenis":"legal","nama":"Seine","sumber":"OSM (status: contoh)","atribut":{"status":"SHM","peruntukan":"Permukiman"}}},{"type":"Feature","geometry":{"type":"Polygon","coordinates":[[[106.860153,-6.535111],[106.862668,-6.535109],[106.862635,-6.534774],[106.862537,-6.534618],[106.862642,-6.534351],[106.863,-6.534556],[106.863815,-6.534548],[106.863845,-6.534327],[106.864201,-6.533734],[106.864095,-6.533502],[106.863835,-6.533519],[106.863469,-6.533494],[106.86329,-6.533421],[106.863249,-6.533521],[106.863103,-6.533509],[106.862628,-6.533369],[106.862528,-6.53369],[106.862409,-6.533771],[106.862414,-6.533867],[106.859713,-6.533872],[106.860153,-6.535111]]]},"properties":{"layer_id":"legalitas","jenis":"legal","nama":"Danube","sumber":"OSM (status: contoh)","atribut":{"status":"SHM","peruntukan":"Permukiman"}}},{"type":"Feature","geometry":{"type":"Polygon","coordinates":[[[106.862219,-6.535737],[106.86214,-6.535496],[106.860283,-6.535476],[106.860591,-6.536345],[106.86068,-6.536825],[106.861285,-6.536818],[106.861373,-6.536919],[106.861578,-6.536919],[106.861704,-6.537216],[106.86195,-6.537183],[106.862344,-6.537016],[106.862219,-6.535737]]]},"properties":{"layer_id":"legalitas","jenis":"legal","nama":"Thames","sumber":"OSM (status: contoh)","atribut":{"status":"HGB","peruntukan":"Permukiman"}}},{"type":"Feature","geometry":{"type":"Polygon","coordinates":[[[106.859713,-6.533872],[106.859606,-6.533419],[106.860019,-6.531802],[106.860324,-6.53188],[106.860856,-6.532173],[106.860976,-6.532519],[106.861153,-6.532721],[106.861923,-6.532709],[106.861925,-6.532812],[106.862008,-6.532841],[106.862061,-6.533144],[106.862407,-6.533225],[106.862414,-6.533867],[106.859713,-6.533872]]]},"properties":{"layer_id":"legalitas","jenis":"legal","nama":"Orinoco","sumber":"OSM (status: contoh)","atribut":{"status":"HGB","peruntukan":"Permukiman"}}},{"type":"Feature","geometry":{"type":"Polygon","coordinates":[[[106.859943,-6.531672],[106.859974,-6.531535],[106.860084,-6.531573],[106.860401,-6.530628],[106.861659,-6.53063],[106.861683,-6.531044],[106.861892,-6.531905],[106.861979,-6.532673],[106.861872,-6.532619],[106.861162,-6.532584],[106.860859,-6.532039],[106.859943,-6.531672]]]},"properties":{"layer_id":"legalitas","jenis":"legal","nama":"Rhine","sumber":"OSM (status: contoh)","atribut":{"status":"Girik","peruntukan":"Permukiman"}}},{"type":"Feature","geometry":{"type":"Polygon","coordinates":[[[106.860401,-6.530628],[106.86014,-6.530629],[106.861044,-6.528379],[106.861261,-6.528377],[106.861659,-6.53063],[106.860401,-6.530628]]]},"properties":{"layer_id":"legalitas","jenis":"legal","nama":"Volga","sumber":"OSM (status: contoh)","atribut":{"status":"Girik","peruntukan":"Permukiman"}}},{"type":"Feature","geometry":{"type":"Polygon","coordinates":[[[106.859869,-6.535557],[106.859391,-6.534302],[106.858951,-6.53447],[106.859046,-6.53485],[106.85933,-6.535764],[106.859869,-6.535557]]]},"properties":{"layer_id":"legalitas","jenis":"legal","nama":"8 Park Avenue","sumber":"OSM (status: contoh)","atribut":{"status":"HGB","peruntukan":"Permukiman"}}},{"type":"Feature","geometry":{"type":"Polygon","coordinates":[[[106.751362,-6.345696],[106.751104,-6.345032],[106.752192,-6.344999],[106.752192,-6.344703],[106.752345,-6.344246],[106.752609,-6.344231],[106.752559,-6.343732],[106.753935,-6.344983],[106.754052,-6.345124],[106.752866,-6.345712],[106.752216,-6.345816],[106.752204,-6.345693],[106.751775,-6.345764],[106.751862,-6.345944],[106.751557,-6.345935],[106.751362,-6.345696]]]},"properties":{"layer_id":"legalitas","jenis":"legal","nama":"Villa Asean","sumber":"OSM (status: contoh)","atribut":{"status":"SHM","peruntukan":"Permukiman"}}},{"type":"Feature","geometry":{"type":"Polygon","coordinates":[[[106.752968,-6.346318],[106.752962,-6.347209],[106.752385,-6.347347],[106.752573,-6.349032],[106.754467,-6.348838],[106.754086,-6.348063],[106.753926,-6.347264],[106.754077,-6.347212],[106.75408,-6.346998],[106.753907,-6.346982],[106.753914,-6.346428],[106.753621,-6.345969],[106.752968,-6.346318]]]},"properties":{"layer_id":"legalitas","jenis":"legal","nama":"Taman Harmoni","sumber":"OSM (status: contoh)","atribut":{"status":"SHM","peruntukan":"Permukiman"}}},{"type":"Feature","geometry":{"type":"Polygon","coordinates":[[[106.752016,-6.347403],[106.752015,-6.347175],[106.752366,-6.347173],[106.752377,-6.347399],[106.752016,-6.347403]]]},"properties":{"layer_id":"legalitas","jenis":"legal","nama":"Puri Pondok Cabe Townhouse","sumber":"OSM (status: contoh)","atribut":{"status":"HGB","peruntukan":"Permukiman"}}},{"type":"Feature","geometry":{"type":"Polygon","coordinates":[[[106.752019,-6.347608],[106.752031,-6.347845],[106.752439,-6.347825],[106.752414,-6.347602],[106.752019,-6.347608]]]},"properties":{"layer_id":"legalitas","jenis":"legal","nama":"Vista Living","sumber":"OSM (status: contoh)","atribut":{"status":"SHM","peruntukan":"Permukiman"}}},{"type":"Feature","geometry":{"type":"Polygon","coordinates":[[[106.749888,-6.345844],[106.74989,-6.345536],[106.750311,-6.345565],[106.750311,-6.345379],[106.750842,-6.345465],[106.750836,-6.34586],[106.749888,-6.345844]]]},"properties":{"layer_id":"legalitas","jenis":"legal","nama":"Arkamaya Residence","sumber":"OSM (status: contoh)","atribut":{"status":"HGB","peruntukan":"Permukiman"}}},{"type":"Feature","geometry":{"type":"Polygon","coordinates":[[[106.750773,-6.351155],[106.75122,-6.351199],[106.751249,-6.350635],[106.750803,-6.350617],[106.750773,-6.351155]]]},"properties":{"layer_id":"legalitas","jenis":"legal","nama":"Balboa Estate Pondok Cabe","sumber":"OSM (status: contoh)","atribut":{"status":"Girik","peruntukan":"Permukiman"}}},{"type":"Feature","geometry":{"type":"Polygon","coordinates":[[[106.754118,-6.352373],[106.754676,-6.352561],[106.754933,-6.351753],[106.754475,-6.351623],[106.754569,-6.351298],[106.75449,-6.351307],[106.754118,-6.352373]]]},"properties":{"layer_id":"legalitas","jenis":"legal","nama":"Mutiara Residence","sumber":"OSM (status: contoh)","atribut":{"status":"Girik","peruntukan":"Permukiman"}}},{"type":"Feature","geometry":{"type":"Polygon","coordinates":[[[106.75182,-6.357699],[106.750948,-6.35705],[106.750765,-6.356743],[106.750625,-6.356167],[106.750431,-6.356161],[106.750327,-6.354724],[106.749403,-6.354261],[106.749507,-6.353891],[106.749771,-6.354019],[106.749705,-6.354222],[106.750437,-6.354587],[106.750527,-6.355645],[106.751036,-6.355581],[106.750943,-6.355196],[106.751801,-6.355616],[106.752935,-6.356426],[106.752919,-6.356779],[106.752754,-6.357249],[106.75266,-6.357309],[106.752567,-6.357258],[106.752046,-6.357697],[106.751865,-6.35765],[106.75182,-6.357699]]]},"properties":{"layer_id":"legalitas","jenis":"legal","nama":"Martadinata Residence","sumber":"OSM (status: contoh)","atribut":{"status":"HGB","peruntukan":"Permukiman"}}},{"type":"Feature","geometry":{"type":"Polygon","coordinates":[[[106.754362,-6.354817],[106.754535,-6.354255],[106.755246,-6.354516],[106.755117,-6.354807],[106.754677,-6.354634],[106.754564,-6.354886],[106.754362,-6.354817]]]},"properties":{"layer_id":"legalitas","jenis":"legal","nama":"Kemiri Loka","sumber":"OSM (status: contoh)","atribut":{"status":"SHGB dalam proses","peruntukan":"Permukiman"}}},{"type":"Feature","geometry":{"type":"Polygon","coordinates":[[[106.758616,-6.356488],[106.757543,-6.356276],[106.757725,-6.355503],[106.758775,-6.355696],[106.758616,-6.356488]]]},"properties":{"layer_id":"legalitas","jenis":"legal","nama":"Green Qmiri Estate","sumber":"OSM (status: contoh)","atribut":{"status":"HGB","peruntukan":"Permukiman"}}},{"type":"Feature","geometry":{"type":"Polygon","coordinates":[[[106.756646,-6.356208],[106.756606,-6.356423],[106.756794,-6.35645],[106.756758,-6.35675],[106.757083,-6.356792],[106.757079,-6.356887],[106.757186,-6.356902],[106.757302,-6.356264],[106.756646,-6.356208]]]},"properties":{"layer_id":"legalitas","jenis":"legal","nama":"Harvest Pondok Cabe Residence","sumber":"OSM (status: contoh)","atribut":{"status":"SHM","peruntukan":"Permukiman"}}},{"type":"Feature","geometry":{"type":"Polygon","coordinates":[[[106.760138,-6.320766],[106.760512,-6.320685],[106.760445,-6.320202],[106.760129,-6.320246],[106.760131,-6.320376],[106.760192,-6.320549],[106.760138,-6.320766]]]},"properties":{"layer_id":"legalitas","jenis":"legal","nama":"Bangun Lestari Asri","sumber":"OSM (status: contoh)","atribut":{"status":"HGB","peruntukan":"Permukiman"}}},{"type":"Feature","geometry":{"type":"Polygon","coordinates":[[[106.756961,-6.320316],[106.756959,-6.320036],[106.758182,-6.320041],[106.758112,-6.320646],[106.75856,-6.320702],[106.758546,-6.321209],[106.758227,-6.32121],[106.758252,-6.320849],[106.757983,-6.320801],[106.757718,-6.321212],[106.757267,-6.321214],[106.757263,-6.321913],[106.756873,-6.321937],[106.756786,-6.321256],[106.757003,-6.321233],[106.756961,-6.320316]]]},"properties":{"layer_id":"legalitas","jenis":"legal","nama":"Perumahan Peruri","sumber":"OSM (status: contoh)","atribut":{"status":"HGB","peruntukan":"Permukiman"}}},{"type":"Feature","geometry":{"type":"Polygon","coordinates":[[[106.755374,-6.321145],[106.756235,-6.321052],[106.756218,-6.320825],[106.756731,-6.320724],[106.756723,-6.320337],[106.756961,-6.320316],[106.757003,-6.321233],[106.756441,-6.321292],[106.756433,-6.321222],[106.755427,-6.321356],[106.755374,-6.321145]]]},"properties":{"layer_id":"legalitas","jenis":"legal","nama":"Griya Pesona Rama","sumber":"OSM (status: contoh)","atribut":{"status":"SHM","peruntukan":"Permukiman"}}},{"type":"Feature","geometry":{"type":"Polygon","coordinates":[[[106.759134,-6.321859],[106.759096,-6.321598],[106.758536,-6.32159],[106.758546,-6.321209],[106.757267,-6.321214],[106.757262,-6.322043],[106.75779,-6.321926],[106.757922,-6.322238],[106.758085,-6.322323],[106.758184,-6.322539],[106.758353,-6.322662],[106.758713,-6.322595],[106.758689,-6.322294],[106.758764,-6.322265],[106.758764,-6.321905],[106.759134,-6.321859]]]},"properties":{"layer_id":"legalitas","jenis":"legal","nama":"Citra Kencana","sumber":"OSM (status: contoh)","atribut":{"status":"SHM","peruntukan":"Permukiman"}}},{"type":"Feature","geometry":{"type":"Polygon","coordinates":[[[106.758109,-6.323275],[106.757745,-6.323254],[106.757699,-6.323006],[106.758075,-6.322974],[106.758109,-6.323275]]]},"properties":{"layer_id":"legalitas","jenis":"legal","nama":"Blanca Casa","sumber":"OSM (status: contoh)","atribut":{"status":"SHM","peruntukan":"Permukiman"}}},{"type":"Feature","geometry":{"type":"Polygon","coordinates":[[[106.758171,-6.32364],[106.758217,-6.323928],[106.757712,-6.323989],[106.757672,-6.323662],[106.758171,-6.32364]]]},"properties":{"layer_id":"legalitas","jenis":"legal","nama":"La Vida Legoso","sumber":"OSM (status: contoh)","atribut":{"status":"SHM","peruntukan":"Permukiman"}}},{"type":"Feature","geometry":{"type":"Polygon","coordinates":[[[106.754826,-6.322856],[106.754829,-6.322113],[106.755395,-6.322195],[106.7554,-6.322633],[106.755977,-6.322662],[106.755953,-6.322262],[106.75621,-6.322254],[106.756224,-6.323131],[106.755779,-6.323139],[106.755781,-6.323232],[106.754861,-6.323246],[106.754826,-6.322856]]]},"properties":{"layer_id":"legalitas","jenis":"legal","nama":"Graha Intan Residence","sumber":"OSM (status: contoh)","atribut":{"status":"SHM","peruntukan":"Permukiman"}}},{"type":"Feature","geometry":{"type":"Polygon","coordinates":[[[106.756159,-6.324435],[106.755719,-6.324456],[106.755711,-6.323645],[106.755036,-6.323677],[106.755038,-6.323238],[106.754861,-6.323246],[106.754826,-6.322856],[106.754488,-6.322872],[106.754486,-6.322744],[106.7544,-6.32275],[106.754419,-6.32296],[106.754301,-6.322979],[106.754322,-6.323424],[106.753984,-6.323427],[106.753957,-6.324107],[106.754641,-6.324115],[106.754665,-6.324552],[106.753906,-6.324557],[106.753941,-6.32545],[106.754486,-6.325541],[106.755014,-6.325802],[106.756178,-6.325712],[106.756159,-6.324435]]]},"properties":{"layer_id":"legalitas","jenis":"legal","nama":"Griya Satwika Telkom","sumber":"OSM (status: contoh)","atribut":{"status":"Girik","peruntukan":"Permukiman"}}},{"type":"Feature","geometry":{"type":"Polygon","coordinates":[[[106.75201,-6.323134],[106.752361,-6.323176],[106.752386,-6.32286],[106.752005,-6.322814],[106.75201,-6.323134]]]},"properties":{"layer_id":"legalitas","jenis":"legal","nama":"Pelangi Residence","sumber":"OSM (status: contoh)","atribut":{"status":"HGB","peruntukan":"Permukiman"}}},{"type":"Feature","geometry":{"type":"Polygon","coordinates":[[[106.753567,-6.32463],[106.753438,-6.324633],[106.75345,-6.325201],[106.753598,-6.325205],[106.753584,-6.324933],[106.753567,-6.32463]]]},"properties":{"layer_id":"legalitas","jenis":"legal","nama":"Graha Puspita","sumber":"OSM (status: contoh)","atribut":{"status":"Girik","peruntukan":"Permukiman"}}},{"type":"Feature","geometry":{"type":"Polygon","coordinates":[[[106.753863,-6.324615],[106.753877,-6.32493],[106.753584,-6.324933],[106.753567,-6.32463],[106.753863,-6.324615]]]},"properties":{"layer_id":"legalitas","jenis":"legal","nama":"Legoso Mansion","sumber":"OSM (status: contoh)","atribut":{"status":"SHM","peruntukan":"Permukiman"}}},{"type":"Feature","geometry":{"type":"Polygon","coordinates":[[[106.757923,-6.324829],[106.758017,-6.324824],[106.75802,-6.325093],[106.758112,-6.325109],[106.758032,-6.325272],[106.757956,-6.325246],[106.757857,-6.325533],[106.757936,-6.32579],[106.758374,-6.325874],[106.758525,-6.326078],[106.758416,-6.326131],[106.758579,-6.326283],[106.758458,-6.326591],[106.758045,-6.326462],[106.758099,-6.325949],[106.757619,-6.325978],[106.757535,-6.325842],[106.757246,-6.325837],[106.757177,-6.326038],[106.756934,-6.326058],[106.756945,-6.325827],[106.756837,-6.325464],[106.756837,-6.325144],[106.75792,-6.325054],[106.757923,-6.324829]]]},"properties":{"layer_id":"legalitas","jenis":"legal","nama":"Belle Legoso Residence","sumber":"OSM (status: contoh)","atribut":{"status":"Girik","peruntukan":"Permukiman"}}},{"type":"Feature","geometry":{"type":"Polygon","coordinates":[[[106.757415,-6.328336],[106.757398,-6.328473],[106.757541,-6.328487],[106.757474,-6.329214],[106.757669,-6.329233],[106.757616,-6.329299],[106.758565,-6.329788],[106.75875,-6.329009],[106.759029,-6.328375],[106.758946,-6.328127],[106.758702,-6.327898],[106.757683,-6.327775],[106.75764,-6.327514],[106.757364,-6.327452],[106.757407,-6.326826],[106.757154,-6.326413],[106.757177,-6.326038],[106.757022,-6.326032],[106.75642,-6.326214],[106.756524,-6.326767],[106.756491,-6.327091],[106.756534,-6.327143],[106.757145,-6.327192],[106.757287,-6.327314],[106.757226,-6.327922],[106.757415,-6.328336]]]},"properties":{"layer_id":"legalitas","jenis":"legal","nama":"Pondok Payung Mas","sumber":"OSM (status: contoh)","atribut":{"status":"HGB","peruntukan":"Permukiman"}}},{"type":"Feature","geometry":{"type":"Polygon","coordinates":[[[106.749919,-6.327547],[106.749916,-6.328091],[106.749782,-6.328099],[106.74977,-6.327555],[106.749919,-6.327547]]]},"properties":{"layer_id":"legalitas","jenis":"legal","nama":"Griya Cendrawasih","sumber":"OSM (status: contoh)","atribut":{"status":"HGB","peruntukan":"Permukiman"}}},{"type":"Feature","geometry":{"type":"Polygon","coordinates":[[[106.750307,-6.328043],[106.750146,-6.32806],[106.750146,-6.327527],[106.750293,-6.32753],[106.750307,-6.328043]]]},"properties":{"layer_id":"legalitas","jenis":"legal","nama":"Puri Cendrawasih 26","sumber":"OSM (status: contoh)","atribut":{"status":"SHM","peruntukan":"Permukiman"}}},{"type":"Feature","geometry":{"type":"Polygon","coordinates":[[[106.752882,-6.328279],[106.753173,-6.32824],[106.753186,-6.327778],[106.753005,-6.327788],[106.75278,-6.327796],[106.752882,-6.328279]]]},"properties":{"layer_id":"legalitas","jenis":"legal","nama":"Cluster Cipayung Baru","sumber":"OSM (status: contoh)","atribut":{"status":"SHM","peruntukan":"Permukiman"}}},{"type":"Feature","geometry":{"type":"Polygon","coordinates":[[[106.751793,-6.326898],[106.751773,-6.327077],[106.751858,-6.327127],[106.752439,-6.327267],[106.752698,-6.327251],[106.752705,-6.327471],[106.752984,-6.327487],[106.753005,-6.327788],[106.75278,-6.327796],[106.752898,-6.328653],[106.752469,-6.328613],[106.752561,-6.328323],[106.751742,-6.328043],[106.751816,-6.327844],[106.751679,-6.327832],[106.751681,-6.327675],[106.7514,-6.327696],[106.751388,-6.327926],[106.75098,-6.327856],[106.751529,-6.326866],[106.751793,-6.326898]]]},"properties":{"layer_id":"legalitas","jenis":"legal","nama":"Grand Cendrawasih Asri","sumber":"OSM (status: contoh)","atribut":{"status":"HGB","peruntukan":"Permukiman"}}},{"type":"Feature","geometry":{"type":"Polygon","coordinates":[[[106.750889,-6.327854],[106.750791,-6.328119],[106.750449,-6.328047],[106.750441,-6.327524],[106.751102,-6.32754],[106.750889,-6.327854]]]},"properties":{"layer_id":"legalitas","jenis":"legal","nama":"Cendrawasih 25 Townhouse","sumber":"OSM (status: contoh)","atribut":{"status":"SHGB dalam proses","peruntukan":"Permukiman"}}},{"type":"Feature","geometry":{"type":"Polygon","coordinates":[[[106.752718,-6.327146],[106.752698,-6.327251],[106.752439,-6.327267],[106.751773,-6.327077],[106.751838,-6.326679],[106.752144,-6.326143],[106.752324,-6.325962],[106.752579,-6.325927],[106.753134,-6.326109],[106.753254,-6.325863],[106.753418,-6.325712],[106.753863,-6.325664],[106.754038,-6.325584],[106.754287,-6.325664],[106.754834,-6.326055],[106.756347,-6.326255],[106.756465,-6.326525],[106.756403,-6.327159],[106.756487,-6.327244],[106.757122,-6.327279],[106.75723,-6.327431],[106.757226,-6.327922],[106.757415,-6.328336],[106.756847,-6.328349],[106.756827,-6.328513],[106.756371,-6.32858],[106.756382,-6.328167],[106.756078,-6.328192],[106.756057,-6.327823],[106.755972,-6.327592],[106.756025,-6.32737],[106.755715,-6.327348],[106.755603,-6.327542],[106.755325,-6.32745],[106.755242,-6.32765],[106.754651,-6.327444],[106.754707,-6.32718],[106.753692,-6.326974],[106.753504,-6.327826],[106.753689,-6.327855],[106.753676,-6.328282],[106.753488,-6.328282],[106.753472,-6.32874],[106.753351,-6.328703],[106.753397,-6.327804],[106.753472,-6.327495],[106.753067,-6.327466],[106.753069,-6.327391],[106.752858,-6.32738],[106.752863,-6.327151],[106.752718,-6.327146]]]},"properties":{"layer_id":"legalitas","jenis":"legal","nama":"Nerada Estate","sumber":"OSM (status: contoh)","atribut":{"status":"SHM","peruntukan":"Permukiman"}}},{"type":"Feature","geometry":{"type":"Polygon","coordinates":[[[106.75017,-6.328132],[106.750213,-6.328727],[106.750653,-6.328692],[106.750572,-6.328108],[106.75017,-6.328132]]]},"properties":{"layer_id":"legalitas","jenis":"legal","nama":"Puri Cendrawasih II","sumber":"OSM (status: contoh)","atribut":{"status":"SHM","peruntukan":"Permukiman"}}},{"type":"Feature","geometry":{"type":"Polygon","coordinates":[[[106.758497,-6.348804],[106.758552,-6.348652],[106.758017,-6.348491],[106.758154,-6.348126],[106.758888,-6.34823],[106.758856,-6.348284],[106.759229,-6.348316],[106.758996,-6.348919],[106.758497,-6.348804]]]},"properties":{"layer_id":"legalitas","jenis":"legal","nama":"Candela Residence","sumber":"OSM (status: contoh)","atribut":{"status":"SHM","peruntukan":"Permukiman"}}},{"type":"Feature","geometry":{"type":"Polygon","coordinates":[[[106.758799,-6.335178],[106.758651,-6.335499],[106.758434,-6.33557],[106.758408,-6.335483],[106.758292,-6.335453],[106.75817,-6.335045],[106.758015,-6.335063],[106.757948,-6.334484],[106.758061,-6.334292],[106.758159,-6.334277],[106.758307,-6.333977],[106.758253,-6.333521],[106.758467,-6.333479],[106.758442,-6.333679],[106.75861,-6.334158],[106.758682,-6.334847],[106.758753,-6.33519],[106.758799,-6.335178]]]},"properties":{"layer_id":"legalitas","jenis":"legal","nama":"Kalimaya Indah","sumber":"OSM (status: contoh)","atribut":{"status":"Girik","peruntukan":"Permukiman"}}},{"type":"Feature","geometry":{"type":"Polygon","coordinates":[[[106.753879,-6.336303],[106.75543,-6.336538],[106.756245,-6.33653],[106.756245,-6.336156],[106.756025,-6.336127],[106.7561,-6.335706],[106.755344,-6.335431],[106.754496,-6.335325],[106.754537,-6.335039],[106.754309,-6.335018],[106.754226,-6.335567],[106.753837,-6.335501],[106.754,-6.334549],[106.753284,-6.334389],[106.753171,-6.335756],[106.753327,-6.335791],[106.753276,-6.336163],[106.753197,-6.336146],[106.753169,-6.336347],[106.753847,-6.336403],[106.753879,-6.336303]]]},"properties":{"layer_id":"legalitas","jenis":"legal","nama":"TreVista Ciputat","sumber":"OSM (status: contoh)","atribut":{"status":"HGB","peruntukan":"Permukiman"}}},{"type":"Feature","geometry":{"type":"Polygon","coordinates":[[[106.755132,-6.344519],[106.755432,-6.344556],[106.755462,-6.344007],[106.755888,-6.344034],[106.755934,-6.343717],[106.755607,-6.343701],[106.755647,-6.343533],[106.755561,-6.343519],[106.755631,-6.343146],[106.755465,-6.343109],[106.75543,-6.343047],[106.75517,-6.343058],[106.754966,-6.344402],[106.755135,-6.344423],[106.755132,-6.344519]]]},"properties":{"layer_id":"legalitas","jenis":"legal","nama":"The Upper House","sumber":"OSM (status: contoh)","atribut":{"status":"SHM","peruntukan":"Permukiman"}}},{"type":"Feature","geometry":{"type":"Polygon","coordinates":[[[106.755124,-6.344834],[106.754829,-6.344844],[106.754842,-6.344386],[106.754966,-6.344402],[106.755135,-6.344423],[106.755132,-6.344519],[106.755124,-6.344834]]]},"properties":{"layer_id":"legalitas","jenis":"legal","nama":"Dream Residence","sumber":"OSM (status: contoh)","atribut":{"status":"HGB","peruntukan":"Permukiman"}}},{"type":"Feature","geometry":{"type":"Polygon","coordinates":[[[106.737337,-6.300295],[106.737054,-6.300461],[106.736942,-6.300376],[106.736799,-6.299828],[106.736585,-6.299882],[106.736505,-6.299606],[106.736724,-6.299508],[106.736581,-6.299263],[106.736709,-6.299162],[106.736812,-6.299271],[106.736895,-6.29921],[106.736975,-6.29933],[106.737166,-6.2992],[106.737401,-6.299525],[106.737266,-6.299636],[106.737346,-6.300058],[106.737531,-6.300045],[106.737554,-6.300256],[106.737337,-6.300295]]]},"properties":{"layer_id":"legalitas","jenis":"legal","nama":"Villa Amarta 2","sumber":"OSM (status: contoh)","atribut":{"status":"HGB","peruntukan":"Permukiman"}}},{"type":"Feature","geometry":{"type":"Polygon","coordinates":[[[106.714414,-6.332771],[106.713868,-6.332782],[106.713855,-6.332525],[106.714383,-6.332537],[106.714414,-6.332771]]]},"properties":{"layer_id":"legalitas","jenis":"legal","nama":"Magani Residence 3","sumber":"OSM (status: contoh)","atribut":{"status":"HGB","peruntukan":"Permukiman"}}},{"type":"Feature","geometry":{"type":"Polygon","coordinates":[[[106.714383,-6.332537],[106.713855,-6.332525],[106.713848,-6.332389],[106.713924,-6.332393],[106.714371,-6.332397],[106.714383,-6.332537]]]},"properties":{"layer_id":"legalitas","jenis":"legal","nama":"Chatra Residence","sumber":"OSM (status: contoh)","atribut":{"status":"Girik","peruntukan":"Permukiman"}}},{"type":"Feature","geometry":{"type":"Polygon","coordinates":[[[106.713504,-6.334901],[106.714303,-6.334825],[106.714265,-6.334467],[106.714037,-6.334483],[106.714047,-6.334593],[106.713604,-6.334623],[106.713615,-6.334727],[106.713487,-6.33474],[106.713504,-6.334901]]]},"properties":{"layer_id":"legalitas","jenis":"legal","nama":"Omnia Hills","sumber":"OSM (status: contoh)","atribut":{"status":"Girik","peruntukan":"Permukiman"}}},{"type":"Feature","geometry":{"type":"Polygon","coordinates":[[[106.784782,-6.426838],[106.784965,-6.426844],[106.784986,-6.42691],[106.785062,-6.426989],[106.784919,-6.427083],[106.784806,-6.427027],[106.784782,-6.426838]]]},"properties":{"layer_id":"legalitas","jenis":"legal","nama":"Perum Anisa","sumber":"OSM (status: contoh)","atribut":{"status":"Girik","peruntukan":"Permukiman"}}},{"type":"Feature","geometry":{"type":"Polygon","coordinates":[[[106.785134,-6.427008],[106.785284,-6.42693],[106.785449,-6.427144],[106.785294,-6.427247],[106.785134,-6.427008]]]},"properties":{"layer_id":"legalitas","jenis":"legal","nama":"Perumahan Qlay","sumber":"OSM (status: contoh)","atribut":{"status":"SHM","peruntukan":"Permukiman"}}},{"type":"Feature","geometry":{"type":"Polygon","coordinates":[[[106.716896,-6.356878],[106.717201,-6.356709],[106.717759,-6.35668],[106.717705,-6.357193],[106.718172,-6.357165],[106.71807,-6.356575],[106.718172,-6.356125],[106.718313,-6.356086],[106.718446,-6.355884],[106.718642,-6.355819],[106.718649,-6.355935],[106.718481,-6.355991],[106.718343,-6.35619],[106.718525,-6.357253],[106.718453,-6.357504],[106.718385,-6.357539],[106.718373,-6.357925],[106.717642,-6.357965],[106.71764,-6.357817],[106.717965,-6.357757],[106.717962,-6.357592],[106.717115,-6.357603],[106.717103,-6.357241],[106.716896,-6.356878]]]},"properties":{"layer_id":"legalitas","jenis":"legal","nama":"D'hills Residence","sumber":"OSM (status: contoh)","atribut":{"status":"HGB","peruntukan":"Permukiman"}}},{"type":"Feature","geometry":{"type":"Polygon","coordinates":[[[106.810076,-6.310866],[106.809672,-6.310968],[106.809574,-6.311061],[106.809473,-6.311878],[106.809592,-6.313122],[106.809987,-6.313078],[106.809968,-6.312488],[106.810199,-6.312493],[106.810522,-6.311188],[106.810108,-6.311172],[106.810076,-6.310866]]]},"properties":{"layer_id":"legalitas","jenis":"legal","nama":"Rumah Susun Jagakarsa","sumber":"OSM (status: contoh)","atribut":{"status":"HGB","peruntukan":"Permukiman"}}},{"type":"Feature","geometry":{"type":"Polygon","coordinates":[[[106.759718,-6.508979],[106.759114,-6.509811],[106.75877,-6.509922],[106.758494,-6.510197],[106.758531,-6.510865],[106.758479,-6.51105],[106.758247,-6.51111],[106.75833,-6.511347],[106.758808,-6.511147],[106.759166,-6.511169],[106.759122,-6.511949],[106.759615,-6.512394],[106.760063,-6.512387],[106.76007,-6.511496],[106.760312,-6.511462],[106.760698,-6.511623],[106.760766,-6.511763],[106.760927,-6.511673],[106.761108,-6.511662],[106.761357,-6.511462],[106.760904,-6.511069],[106.760817,-6.51088],[106.760556,-6.510776],[106.760542,-6.510399],[106.760658,-6.510329],[106.760754,-6.510112],[106.760768,-6.509319],[106.760678,-6.509285],[106.760672,-6.509158],[106.760302,-6.509088],[106.760319,-6.508963],[106.759718,-6.508979]]]},"properties":{"layer_id":"legalitas","jenis":"legal","nama":"The Eminence Kemang","sumber":"OSM (status: contoh)","atribut":{"status":"HGB","peruntukan":"Permukiman"}}},{"type":"Feature","geometry":{"type":"Polygon","coordinates":[[[106.762082,-6.496205],[106.762133,-6.496583],[106.762645,-6.496832],[106.762841,-6.496746],[106.762962,-6.496735],[106.762972,-6.496137],[106.762082,-6.496205]]]},"properties":{"layer_id":"legalitas","jenis":"legal","nama":"PERUMAHAN TERAS KEMANG","sumber":"OSM (status: contoh)","atribut":{"status":"SHGB dalam proses","peruntukan":"Permukiman"}}},{"type":"Feature","geometry":{"type":"Polygon","coordinates":[[[106.889233,-6.348619],[106.889527,-6.348647],[106.889432,-6.34889],[106.88942,-6.348931],[106.889156,-6.348895],[106.889233,-6.348619]]]},"properties":{"layer_id":"legalitas","jenis":"legal","nama":"Cibubur Indah Town House","sumber":"OSM (status: contoh)","atribut":{"status":"HGB","peruntukan":"Permukiman"}}},{"type":"Feature","geometry":{"type":"Polygon","coordinates":[[[106.802614,-6.337237],[106.803012,-6.337335],[106.803048,-6.337197],[106.80309,-6.337128],[106.803119,-6.336877],[106.802672,-6.336805],[106.802614,-6.337237]]]},"properties":{"layer_id":"legalitas","jenis":"legal","nama":"Adigriya Kahfi Residence","sumber":"OSM (status: contoh)","atribut":{"status":"HGB","peruntukan":"Permukiman"}}},{"type":"Feature","geometry":{"type":"Polygon","coordinates":[[[106.818816,-6.336066],[106.818212,-6.335875],[106.81802,-6.336331],[106.818327,-6.336426],[106.818634,-6.336524],[106.818816,-6.336066]]]},"properties":{"layer_id":"legalitas","jenis":"legal","nama":"Komplek Sirsak Jagakarsa","sumber":"OSM (status: contoh)","atribut":{"status":"HGB","peruntukan":"Permukiman"}}},{"type":"Feature","geometry":{"type":"Polygon","coordinates":[[[106.808662,-6.330507],[106.808683,-6.330453],[106.808875,-6.330535],[106.808925,-6.330403],[106.809197,-6.33052],[106.809103,-6.330776],[106.809415,-6.33087],[106.809335,-6.331145],[106.808713,-6.330957],[106.808792,-6.330751],[106.808709,-6.330719],[106.808772,-6.330551],[106.808662,-6.330507]]]},"properties":{"layer_id":"legalitas","jenis":"legal","nama":"Puri Rinda Residence","sumber":"OSM (status: contoh)","atribut":{"status":"HGB","peruntukan":"Permukiman"}}},{"type":"Feature","geometry":{"type":"Polygon","coordinates":[[[106.706833,-6.275551],[106.707091,-6.276436],[106.706851,-6.276531],[106.707064,-6.277085],[106.708165,-6.277599],[106.708688,-6.278215],[106.710519,-6.278947],[106.711141,-6.279583],[106.711395,-6.280406],[106.711726,-6.280649],[106.712184,-6.280551],[106.713848,-6.280553],[106.714041,-6.281285],[106.714733,-6.282997],[106.715725,-6.282725],[106.71639,-6.283045],[106.716653,-6.283024],[106.716818,-6.284129],[106.716739,-6.283637],[106.71675,-6.284293],[106.716691,-6.284421],[106.715559,-6.285236],[106.715058,-6.285034],[106.714448,-6.285194],[106.714996,-6.287497],[106.714797,-6.287796],[106.713703,-6.287881],[106.713708,-6.28882],[106.715006,-6.288799],[106.715051,-6.289],[106.715167,-6.289046],[106.715403,-6.289348],[106.715103,-6.290462],[106.715333,-6.291832],[106.715777,-6.292355],[106.715634,-6.292499],[106.715564,-6.292408],[106.715258,-6.292328],[106.715087,-6.292472],[106.715334,-6.292839],[106.714181,-6.293556],[106.713746,-6.293645],[106.713381,-6.292835],[106.713477,-6.292622],[106.714167,-6.292544],[106.71447,-6.29235],[106.714309,-6.29211],[106.714159,-6.291475],[106.713982,-6.291315],[106.713789,-6.291346],[106.713644,-6.291486],[106.713901,-6.292104],[106.713681,-6.292179],[106.713354,-6.292094],[106.713472,-6.292563],[106.713314,-6.292636],[106.713265,-6.292763],[106.712496,-6.292979],[106.712399,-6.292542],[106.712447,-6.292046],[106.712131,-6.290947],[106.712238,-6.290611],[106.712179,-6.29019],[106.712823,-6.290147],[106.712839,-6.289852],[106.71307,-6.289868],[106.713086,-6.290017],[106.713201,-6.289953],[106.713142,-6.289585],[106.713,-6.289593],[106.712877,-6.28899],[106.71271,-6.289009],[106.71263,-6.288329],[106.712418,-6.288324],[106.712407,-6.287991],[106.71252,-6.288009],[106.712512,-6.287788],[106.712804,-6.287793],[106.712756,-6.287228],[106.712662,-6.287244],[106.712627,-6.28714],[106.712174,-6.287191],[106.712158,-6.287759],[106.711855,-6.287804],[106.711906,-6.287991],[106.71135,-6.288031],[106.711356,-6.288223],[106.711436,-6.288239],[106.711428,-6.288436],[106.711283,-6.288465],[106.711334,-6.288615],[106.711415,-6.288596],[106.711434,-6.288778],[106.711608,-6.288756],[106.711637,-6.288932],[106.711635,-6.289441],[106.711396,-6.289494],[106.711527,-6.28994],[106.711672,-6.289958],[106.71178,-6.290755],[106.711305,-6.290755],[106.711415,-6.29127],[106.710562,-6.291377],[106.710524,-6.291065],[106.710616,-6.291059],[106.710471,-6.290265],[106.710693,-6.290225],[106.710827,-6.290177],[106.710715,-6.28991],[106.710843,-6.289833],[106.710685,-6.289308],[106.710489,-6.289321],[106.710406,-6.289164],[106.710098,-6.289209],[106.710007,-6.289086],[106.710001,-6.288934],[106.709762,-6.288964],[106.709484,-6.288391],[106.709299,-6.28842],[106.709229,-6.288055],[106.708982,-6.288073],[106.708939,-6.287945],[106.708854,-6.287919],[106.708859,-6.287769],[106.709186,-6.287631],[106.709132,-6.287444],[106.70925,-6.287327],[106.709223,-6.287114],[106.709452,-6.287081],[106.709363,-6.28682],[106.709138,-6.286847],[106.709068,-6.286596],[106.70921,-6.286548],[106.709089,-6.286335],[106.708859,-6.286378],[106.708816,-6.286138],[106.708639,-6.28618],[106.708617,-6.286026],[106.708462,-6.286026],[106.708354,-6.28545],[106.708735,-6.285381],[106.708698,-6.285215],[106.708843,-6.285189],[106.708746,-6.284778],[106.708387,-6.284826],[106.708322,-6.28449],[106.708129,-6.284239],[106.708124,-6.283973],[106.707501,-6.284021],[106.707485,-6.284181],[106.707341,-6.284197],[106.707437,-6.285194],[106.706946,-6.285189],[106.706965,-6.285418],[106.705962,-6.285343],[106.705978,-6.285082],[106.705806,-6.285066],[106.705887,-6.284634],[106.70586,-6.284351],[106.705731,-6.284309],[106.705715,-6.284122],[106.705468,-6.284101],[106.705463,-6.283952],[106.704873,-6.284069],[106.70498,-6.284442],[106.704846,-6.284442],[106.704857,-6.284719],[106.7052,-6.284714],[106.705259,-6.285455],[106.705109,-6.285754],[106.705114,-6.286074],[106.705313,-6.286084],[106.705307,-6.286623],[106.705973,-6.286655],[106.706193,-6.286362],[106.706166,-6.2865],[106.706375,-6.286564],[106.706434,-6.286484],[106.70659,-6.286564],[106.706262,-6.287178],[106.705956,-6.287044],[106.705806,-6.287625],[106.705618,-6.287593],[106.705533,-6.28786],[106.705114,-6.287711],[106.705238,-6.28738],[106.705404,-6.287412],[106.705601,-6.286778],[106.704878,-6.286703],[106.704712,-6.287456],[106.704133,-6.287455],[106.704159,-6.287327],[106.703939,-6.287263],[106.704133,-6.285871],[106.703741,-6.285866],[106.703698,-6.285498],[106.703038,-6.285525],[106.702448,-6.285732],[106.702432,-6.285285],[106.702979,-6.285226],[106.70292,-6.284554],[106.703365,-6.284463],[106.703365,-6.284149],[106.703795,-6.284058],[106.703773,-6.283936],[106.703505,-6.283941],[106.703518,-6.283745],[106.703387,-6.283717],[106.703408,-6.283482],[106.70432,-6.283392],[106.704347,-6.282464],[106.704819,-6.282464],[106.705152,-6.281355],[106.705275,-6.281142],[106.705297,-6.280987],[106.705195,-6.280566],[106.704776,-6.280475],[106.704701,-6.27983],[106.704964,-6.279734],[106.704814,-6.279121],[106.704905,-6.279099],[106.704862,-6.278667],[106.705087,-6.278667],[106.705157,-6.278539],[106.705307,-6.278539],[106.705297,-6.278342],[106.705924,-6.278438],[106.70601,-6.278646],[106.706144,-6.278598],[106.706289,-6.27863],[106.706552,-6.278523],[106.7066,-6.277996],[106.706729,-6.277633],[106.706579,-6.277601],[106.706611,-6.277377],[106.70675,-6.276998],[106.706922,-6.276956],[106.706504,-6.275793],[106.706833,-6.275551]]]},"properties":{"layer_id":"legalitas","jenis":"legal","nama":"Sektor 9","sumber":"OSM (status: contoh)","atribut":{"status":"SHM","peruntukan":"Permukiman"}}},{"type":"Feature","geometry":{"type":"Polygon","coordinates":[[[106.72908,-6.27847],[106.729472,-6.278241],[106.729989,-6.278854],[106.730306,-6.278683],[106.730279,-6.277996],[106.731824,-6.277723],[106.731872,-6.277932],[106.731641,-6.27799],[106.731754,-6.278177],[106.731566,-6.278299],[106.731931,-6.278262],[106.732054,-6.278673],[106.731475,-6.278774],[106.731636,-6.279739],[106.731834,-6.280582],[106.732333,-6.280528],[106.732398,-6.280806],[106.732537,-6.282027],[106.732406,-6.282204],[106.732516,-6.283018],[106.732382,-6.283509],[106.732414,-6.283925],[106.731799,-6.282898],[106.730909,-6.281603],[106.73039,-6.28166],[106.730279,-6.280521],[106.729072,-6.278601],[106.72908,-6.27847]]]},"properties":{"layer_id":"legalitas","jenis":"legal","nama":"Menteng Residence","sumber":"OSM (status: contoh)","atribut":{"status":"SHGB dalam proses","peruntukan":"Permukiman"}}},{"type":"Feature","geometry":{"type":"Polygon","coordinates":[[[106.726875,-6.280899],[106.727175,-6.280856],[106.727678,-6.281135],[106.728566,-6.281486],[106.729619,-6.280584],[106.729726,-6.28027],[106.728962,-6.279175],[106.728663,-6.279158],[106.728541,-6.278835],[106.728286,-6.278679],[106.728342,-6.27803],[106.726196,-6.274826],[106.725673,-6.275203],[106.725626,-6.275324],[106.726444,-6.276568],[106.726835,-6.276965],[106.727216,-6.277121],[106.727442,-6.277301],[106.727527,-6.277593],[106.726193,-6.277932],[106.726309,-6.27844],[106.726217,-6.278579],[106.72626,-6.278885],[106.726311,-6.279012],[106.726597,-6.279228],[106.726764,-6.279728],[106.726875,-6.280899]]]},"properties":{"layer_id":"legalitas","jenis":"legal","nama":"Bukit Menteng","sumber":"OSM (status: contoh)","atribut":{"status":"SHGB dalam proses","peruntukan":"Permukiman"}}},{"type":"Feature","geometry":{"type":"Polygon","coordinates":[[[106.708327,-6.312358],[106.70826,-6.312361],[106.708285,-6.312457],[106.708759,-6.31243],[106.708747,-6.31274],[106.709517,-6.312665],[106.709524,-6.312393],[106.708327,-6.312358]]]},"properties":{"layer_id":"legalitas","jenis":"legal","nama":"The Green Palapa","sumber":"OSM (status: contoh)","atribut":{"status":"Girik","peruntukan":"Permukiman"}}},{"type":"Feature","geometry":{"type":"Polygon","coordinates":[[[106.708183,-6.313318],[106.708211,-6.313047],[106.708466,-6.313068],[106.708486,-6.312799],[106.709517,-6.312665],[106.709523,-6.312926],[106.709091,-6.312898],[106.709105,-6.313287],[106.708892,-6.31329],[106.708894,-6.313183],[106.708684,-6.313184],[106.708645,-6.313587],[106.708478,-6.313559],[106.708509,-6.313346],[106.708183,-6.313318]]]},"properties":{"layer_id":"legalitas","jenis":"legal","nama":"Alstonia Townhouse","sumber":"OSM (status: contoh)","atribut":{"status":"Girik","peruntukan":"Permukiman"}}},{"type":"Feature","geometry":{"type":"Polygon","coordinates":[[[106.708327,-6.312358],[106.708384,-6.311172],[106.708904,-6.31119],[106.70892,-6.31082],[106.709215,-6.310828],[106.709203,-6.311006],[106.70913,-6.311017],[106.709117,-6.311556],[106.709363,-6.311564],[106.709364,-6.311464],[106.709662,-6.311454],[106.709663,-6.311518],[106.71009,-6.311538],[106.710139,-6.311611],[106.710084,-6.311854],[106.709718,-6.311801],[106.709683,-6.311941],[106.709348,-6.311933],[106.709332,-6.311744],[106.709113,-6.311748],[106.709111,-6.312371],[106.708327,-6.312358]]]},"properties":{"layer_id":"legalitas","jenis":"legal","nama":"Perumahan Serua Barokah","sumber":"OSM (status: contoh)","atribut":{"status":"Girik","peruntukan":"Permukiman"}}},{"type":"Feature","geometry":{"type":"Polygon","coordinates":[[[106.707209,-6.312777],[106.707375,-6.312785],[106.707408,-6.312646],[106.707826,-6.312713],[106.707893,-6.31219],[106.707676,-6.312171],[106.707689,-6.31199],[106.707922,-6.312018],[106.707952,-6.311877],[106.707845,-6.311862],[106.707909,-6.311545],[106.708129,-6.311557],[106.708137,-6.31138],[106.707755,-6.311368],[106.707737,-6.311549],[106.707345,-6.311505],[106.707319,-6.312143],[106.706796,-6.312073],[106.706726,-6.312769],[106.707209,-6.312777]]]},"properties":{"layer_id":"legalitas","jenis":"legal","nama":"Stellar","sumber":"OSM (status: contoh)","atribut":{"status":"SHM","peruntukan":"Permukiman"}}},{"type":"Feature","geometry":{"type":"Polygon","coordinates":[[[106.706804,-6.314741],[106.70674,-6.314672],[106.706748,-6.314459],[106.706836,-6.314453],[106.706866,-6.314366],[106.706866,-6.313488],[106.706952,-6.313283],[106.707061,-6.31327],[106.707067,-6.313086],[106.70745,-6.313107],[106.707568,-6.313195],[106.707511,-6.313531],[106.707134,-6.313531],[106.70722,-6.313811],[106.707031,-6.313812],[106.707025,-6.314129],[106.707287,-6.314151],[106.707261,-6.314612],[106.706804,-6.314741]]]},"properties":{"layer_id":"legalitas","jenis":"legal","nama":"Akasia Eight","sumber":"OSM (status: contoh)","atribut":{"status":"SHGB dalam proses","peruntukan":"Permukiman"}}},{"type":"Feature","geometry":{"type":"Polygon","coordinates":[[[106.707526,-6.313644],[106.707966,-6.31374],[106.708027,-6.3135],[106.707568,-6.313398],[106.707526,-6.313644]]]},"properties":{"layer_id":"legalitas","jenis":"legal","nama":"The Green Palapa 2","sumber":"OSM (status: contoh)","atribut":{"status":"HGB","peruntukan":"Permukiman"}}},{"type":"Feature","geometry":{"type":"Polygon","coordinates":[[[106.708463,-6.313668],[106.708478,-6.313559],[106.708509,-6.313346],[106.708183,-6.313318],[106.708089,-6.313642],[106.708463,-6.313668]]]},"properties":{"layer_id":"legalitas","jenis":"legal","nama":"The Patio Premiere","sumber":"OSM (status: contoh)","atribut":{"status":"SHM","peruntukan":"Permukiman"}}},{"type":"Feature","geometry":{"type":"Polygon","coordinates":[[[106.708509,-6.31408],[106.708551,-6.313727],[106.70807,-6.313695],[106.708006,-6.313883],[106.707983,-6.314108],[106.708476,-6.314077],[106.708509,-6.31408]]]},"properties":{"layer_id":"legalitas","jenis":"legal","nama":"The Patio Residence","sumber":"OSM (status: contoh)","atribut":{"status":"Girik","peruntukan":"Permukiman"}}},{"type":"Feature","geometry":{"type":"Polygon","coordinates":[[[106.700952,-6.316578],[106.701314,-6.316653],[106.701373,-6.316592],[106.70097,-6.316505],[106.701051,-6.316357],[106.701123,-6.315784],[106.701032,-6.31576],[106.700992,-6.315869],[106.700721,-6.315789],[106.70079,-6.315477],[106.699798,-6.315288],[106.699648,-6.316589],[106.700394,-6.316757],[106.700415,-6.316639],[106.700694,-6.316671],[106.700723,-6.316501],[106.700952,-6.316578]]]},"properties":{"layer_id":"legalitas","jenis":"legal","nama":"New Serpong Estate","sumber":"OSM (status: contoh)","atribut":{"status":"Girik","peruntukan":"Permukiman"}}},{"type":"Feature","geometry":{"type":"Polygon","coordinates":[[[106.701412,-6.320396],[106.701708,-6.320538],[106.701788,-6.320241],[106.702059,-6.320356],[106.702252,-6.320382],[106.70229,-6.320252],[106.702743,-6.320374],[106.702719,-6.32054],[106.70317,-6.320556],[106.703387,-6.320673],[106.703352,-6.320809],[106.703438,-6.32083],[106.703419,-6.320897],[106.703528,-6.321007],[106.703877,-6.320484],[106.70376,-6.32035],[106.703264,-6.320199],[106.703242,-6.319956],[106.703339,-6.319636],[106.703336,-6.319295],[106.702943,-6.319244],[106.703017,-6.318864],[106.702793,-6.318823],[106.702739,-6.319196],[106.702578,-6.319178],[106.702598,-6.319024],[106.702471,-6.319031],[106.702478,-6.319196],[106.702201,-6.319152],[106.70214,-6.319333],[106.70185,-6.319293],[106.70183,-6.319683],[106.701536,-6.319595],[106.701485,-6.319751],[106.700993,-6.319587],[106.700952,-6.319757],[106.700746,-6.319647],[106.70073,-6.319808],[106.700961,-6.319861],[106.700899,-6.32029],[106.701412,-6.320396]]]},"properties":{"layer_id":"legalitas","jenis":"legal","nama":"Serpong Green Park 2","sumber":"OSM (status: contoh)","atribut":{"status":"HGB","peruntukan":"Permukiman"}}},{"type":"Feature","geometry":{"type":"Polygon","coordinates":[[[106.700626,-6.320222],[106.700644,-6.319741],[106.699732,-6.319596],[106.699802,-6.319148],[106.699366,-6.31908],[106.699329,-6.319552],[106.699283,-6.320072],[106.700626,-6.320222]]]},"properties":{"layer_id":"legalitas","jenis":"legal","nama":"Mulia Serpong","sumber":"OSM (status: contoh)","atribut":{"status":"HGB","peruntukan":"Permukiman"}}},{"type":"Feature","geometry":{"type":"Polygon","coordinates":[[[106.700659,-6.319571],[106.700186,-6.319488],[106.700214,-6.319315],[106.700691,-6.319395],[106.700659,-6.319571]]]},"properties":{"layer_id":"legalitas","jenis":"legal","nama":"Cathliniya Residence","sumber":"OSM (status: contoh)","atribut":{"status":"Girik","peruntukan":"Permukiman"}}},{"type":"Feature","geometry":{"type":"Polygon","coordinates":[[[106.699412,-6.333259],[106.699404,-6.333326],[106.699801,-6.333941],[106.699905,-6.333984],[106.700544,-6.333931],[106.700683,-6.333368],[106.700883,-6.333185],[106.701305,-6.33363],[106.701544,-6.33373],[106.70175,-6.333726],[106.701562,-6.333443],[106.70142,-6.332902],[106.701572,-6.332876],[106.701638,-6.333141],[106.701772,-6.333123],[106.701754,-6.33244],[106.702056,-6.332387],[106.701956,-6.331274],[106.701672,-6.331286],[106.701652,-6.330807],[106.70154,-6.330761],[106.701538,-6.330055],[106.702685,-6.330112],[106.702685,-6.330005],[106.702903,-6.330011],[106.702978,-6.329504],[106.70273,-6.329484],[106.702708,-6.328809],[106.702617,-6.328791],[106.702668,-6.327999],[106.702588,-6.327511],[106.702958,-6.327482],[106.703006,-6.327576],[106.703429,-6.327476],[106.703583,-6.32731],[106.70384,-6.327442],[106.704182,-6.32608],[106.704542,-6.326087],[106.704583,-6.325739],[106.705069,-6.325794],[106.705012,-6.325087],[106.705511,-6.323732],[106.705877,-6.323861],[106.705978,-6.323569],[106.706479,-6.32371],[106.706555,-6.323368],[106.706826,-6.323409],[106.706861,-6.323187],[106.707066,-6.323187],[106.707145,-6.322986],[106.707065,-6.322964],[106.706598,-6.323184],[106.706294,-6.322915],[106.705924,-6.323052],[106.705962,-6.322781],[106.705467,-6.322439],[106.705603,-6.322108],[106.705328,-6.322078],[106.705142,-6.322513],[106.705578,-6.322737],[106.705427,-6.323085],[106.705612,-6.323155],[106.70541,-6.323312],[106.704965,-6.32313],[106.70488,-6.323353],[106.704981,-6.323403],[106.704915,-6.32376],[106.705072,-6.323817],[106.705003,-6.324017],[106.704845,-6.323961],[106.70476,-6.324444],[106.704549,-6.324359],[106.704454,-6.324237],[106.704643,-6.323663],[106.70388,-6.323488],[106.703776,-6.323776],[106.703533,-6.323688],[106.703889,-6.322362],[106.703574,-6.322287],[106.703558,-6.322202],[106.703874,-6.321541],[106.704188,-6.321677],[106.704253,-6.321498],[106.703693,-6.321158],[106.703382,-6.321731],[106.702679,-6.322185],[106.702488,-6.322787],[106.702161,-6.32291],[106.701922,-6.323851],[106.702062,-6.323907],[106.702166,-6.32389],[106.702369,-6.323124],[106.70246,-6.323074],[106.703359,-6.323318],[106.703249,-6.323747],[106.703273,-6.32388],[106.703695,-6.324184],[106.703937,-6.32465],[106.703883,-6.326045],[106.703803,-6.326514],[106.703532,-6.326911],[106.703116,-6.327186],[106.702813,-6.326927],[106.702659,-6.327012],[106.701397,-6.326951],[106.701228,-6.328236],[106.701574,-6.328297],[106.701807,-6.328513],[106.701775,-6.329332],[106.701499,-6.329585],[106.700654,-6.329646],[106.700436,-6.329585],[106.700243,-6.329302],[106.699986,-6.329375],[106.700026,-6.330305],[106.700616,-6.330425],[106.700925,-6.330582],[106.700935,-6.331502],[106.700887,-6.331779],[106.700522,-6.332461],[106.699412,-6.333259]]]},"properties":{"layer_id":"legalitas","jenis":"legal","nama":"Cendana Residence","sumber":"OSM (status: contoh)","atribut":{"status":"HGB","peruntukan":"Permukiman"}}},{"type":"Feature","geometry":{"type":"Polygon","coordinates":[[[106.703688,-6.323069],[106.704008,-6.323163],[106.704054,-6.323028],[106.7045,-6.323157],[106.704738,-6.322511],[106.705046,-6.322609],[106.705244,-6.322081],[106.705481,-6.322095],[106.705679,-6.321569],[106.705914,-6.321609],[106.706556,-6.321069],[106.706742,-6.320544],[106.706963,-6.320594],[106.707067,-6.320173],[106.70643,-6.320044],[106.706284,-6.320593],[106.706099,-6.320537],[106.706012,-6.320737],[106.705797,-6.320641],[106.705673,-6.321005],[106.705305,-6.320873],[106.705395,-6.320607],[106.704973,-6.320454],[106.704592,-6.321173],[106.705491,-6.321473],[106.705329,-6.321913],[106.705011,-6.321803],[106.704943,-6.321931],[106.703874,-6.321541],[106.703558,-6.322202],[106.703574,-6.322287],[106.703889,-6.322362],[106.703688,-6.323069]]]},"properties":{"layer_id":"legalitas","jenis":"legal","nama":"Taman Fasco","sumber":"OSM (status: contoh)","atribut":{"status":"HGB","peruntukan":"Permukiman"}}},{"type":"Feature","geometry":{"type":"Polygon","coordinates":[[[106.706774,-6.320114],[106.706841,-6.319715],[106.706909,-6.319574],[106.706572,-6.319527],[106.706538,-6.319639],[106.70643,-6.320044],[106.706774,-6.320114]]]},"properties":{"layer_id":"legalitas","jenis":"legal","nama":"Casa Calma","sumber":"OSM (status: contoh)","atribut":{"status":"HGB","peruntukan":"Permukiman"}}},{"type":"Feature","geometry":{"type":"Polygon","coordinates":[[[106.831174,-6.419808],[106.831307,-6.419832],[106.831302,-6.419868],[106.831168,-6.419843],[106.831174,-6.419808]]]},"properties":{"layer_id":"legalitas","jenis":"legal","nama":"Gerbang Anggrek III","sumber":"OSM (status: contoh)","atribut":{"status":"HGB","peruntukan":"Permukiman"}}},{"type":"Feature","geometry":{"type":"Polygon","coordinates":[[[106.711444,-6.335388],[106.711266,-6.335416],[106.711296,-6.335634],[106.710343,-6.335602],[106.710305,-6.335101],[106.709215,-6.335243],[106.709143,-6.33408],[106.709267,-6.334067],[106.709099,-6.332221],[106.708918,-6.332212],[106.708927,-6.331922],[106.708683,-6.331417],[106.708667,-6.331177],[106.70857,-6.330943],[106.708426,-6.330776],[106.708364,-6.330816],[106.707583,-6.329934],[106.707281,-6.329184],[106.707153,-6.328355],[106.706762,-6.328351],[106.70659,-6.327187],[106.706406,-6.327206],[106.706368,-6.326979],[106.706215,-6.326896],[106.706188,-6.326673],[106.706239,-6.326666],[106.70603,-6.325083],[106.707178,-6.325207],[106.707707,-6.325141],[106.707718,-6.32433],[106.708392,-6.324323],[106.708398,-6.324371],[106.708829,-6.324316],[106.708849,-6.324019],[106.70987,-6.323882],[106.709958,-6.323953],[106.710735,-6.324057],[106.710733,-6.324543],[106.710595,-6.324561],[106.710673,-6.325208],[106.710932,-6.32518],[106.711339,-6.325255],[106.711437,-6.325397],[106.711548,-6.325414],[106.711599,-6.32578],[106.71205,-6.326216],[106.712325,-6.326959],[106.712436,-6.32831],[106.712581,-6.328774],[106.712558,-6.329326],[106.712261,-6.329809],[106.712452,-6.329941],[106.712369,-6.330139],[106.712264,-6.33022],[106.712151,-6.330192],[106.711894,-6.330672],[106.711826,-6.331366],[106.711726,-6.331601],[106.711252,-6.332173],[106.711155,-6.332458],[106.711114,-6.332965],[106.711203,-6.333044],[106.711246,-6.333544],[106.711354,-6.333603],[106.711404,-6.334322],[106.711513,-6.334352],[106.711469,-6.334825],[106.711324,-6.334895],[106.711444,-6.335388]]]},"properties":{"layer_id":"legalitas","jenis":"legal","nama":"Pamulang Permai II","sumber":"OSM (status: contoh)","atribut":{"status":"HGB","peruntukan":"Permukiman"}}},{"type":"Feature","geometry":{"type":"Polygon","coordinates":[[[106.721983,-6.315511],[106.722244,-6.315513],[106.722612,-6.315321],[106.722301,-6.314957],[106.722208,-6.314967],[106.722209,-6.314897],[106.721954,-6.314935],[106.721983,-6.315511]]]},"properties":{"layer_id":"legalitas","jenis":"legal","nama":"Puri Andora","sumber":"OSM (status: contoh)","atribut":{"status":"Girik","peruntukan":"Permukiman"}}},{"type":"Feature","geometry":{"type":"Polygon","coordinates":[[[106.72274,-6.314745],[106.722487,-6.314811],[106.722452,-6.314684],[106.722195,-6.314739],[106.722424,-6.315096],[106.722938,-6.314963],[106.72314,-6.314969],[106.723094,-6.314719],[106.722762,-6.314825],[106.72274,-6.314745]]]},"properties":{"layer_id":"legalitas","jenis":"legal","nama":"Villa Magnifa","sumber":"OSM (status: contoh)","atribut":{"status":"SHM","peruntukan":"Permukiman"}}},{"type":"Feature","geometry":{"type":"Polygon","coordinates":[[[106.723107,-6.314412],[106.723165,-6.314741],[106.723841,-6.314752],[106.723844,-6.314409],[106.723107,-6.314412]]]},"properties":{"layer_id":"legalitas","jenis":"legal","nama":"Kirana Serua","sumber":"OSM (status: contoh)","atribut":{"status":"SHGB dalam proses","peruntukan":"Permukiman"}}},{"type":"Feature","geometry":{"type":"Polygon","coordinates":[[[106.725619,-6.318371],[106.725255,-6.318398],[106.725111,-6.317337],[106.72536,-6.317346],[106.725362,-6.317738],[106.725428,-6.317803],[106.725587,-6.317787],[106.725619,-6.318371]]]},"properties":{"layer_id":"legalitas","jenis":"legal","nama":"Kav D2","sumber":"OSM (status: contoh)","atribut":{"status":"SHGB dalam proses","peruntukan":"Permukiman"}}},{"type":"Feature","geometry":{"type":"Polygon","coordinates":[[[106.725652,-6.318969],[106.725786,-6.319052],[106.72625,-6.31905],[106.728613,-6.318849],[106.728559,-6.318474],[106.728238,-6.318242],[106.725907,-6.318391],[106.725824,-6.317229],[106.725555,-6.317226],[106.725652,-6.318969]]]},"properties":{"layer_id":"legalitas","jenis":"legal","nama":"Griya Serua Permai","sumber":"OSM (status: contoh)","atribut":{"status":"HGB","peruntukan":"Permukiman"}}},{"type":"Feature","geometry":{"type":"Polygon","coordinates":[[[106.723082,-6.326978],[106.723423,-6.327039],[106.723369,-6.327348],[106.723169,-6.327328],[106.723203,-6.327202],[106.723021,-6.32715],[106.723082,-6.326978]]]},"properties":{"layer_id":"legalitas","jenis":"legal","nama":"Permata Serua","sumber":"OSM (status: contoh)","atribut":{"status":"HGB","peruntukan":"Permukiman"}}},{"type":"Feature","geometry":{"type":"Polygon","coordinates":[[[106.72293,-6.327023],[106.72224,-6.326961],[106.722219,-6.327108],[106.721921,-6.327079],[106.72201,-6.326399],[106.722334,-6.326439],[106.722372,-6.326124],[106.721872,-6.326016],[106.721859,-6.32633],[106.721629,-6.326314],[106.721642,-6.326021],[106.721233,-6.326122],[106.721213,-6.32641],[106.720915,-6.32641],[106.720907,-6.326706],[106.721433,-6.326721],[106.72146,-6.327378],[106.722806,-6.327508],[106.72293,-6.327023]]]},"properties":{"layer_id":"legalitas","jenis":"legal","nama":"Pamulang Regency","sumber":"OSM (status: contoh)","atribut":{"status":"HGB","peruntukan":"Permukiman"}}},{"type":"Feature","geometry":{"type":"Polygon","coordinates":[[[106.721084,-6.322782],[106.721075,-6.322566],[106.719369,-6.322579],[106.719319,-6.322098],[106.719078,-6.322058],[106.719018,-6.322699],[106.719133,-6.322768],[106.719331,-6.322794],[106.719271,-6.32316],[106.71981,-6.323403],[106.719925,-6.3229],[106.719747,-6.322872],[106.719738,-6.32278],[106.721084,-6.322782]]]},"properties":{"layer_id":"legalitas","jenis":"legal","nama":"Green Serua Residence","sumber":"OSM (status: contoh)","atribut":{"status":"SHM","peruntukan":"Permukiman"}}},{"type":"Feature","geometry":{"type":"Polygon","coordinates":[[[106.724833,-6.325042],[106.724778,-6.325161],[106.724995,-6.325341],[106.724901,-6.325681],[106.725188,-6.325822],[106.725822,-6.325927],[106.725838,-6.325839],[106.725468,-6.325814],[106.725487,-6.325686],[106.725412,-6.32567],[106.72549,-6.325238],[106.725056,-6.325154],[106.724833,-6.325042]]]},"properties":{"layer_id":"legalitas","jenis":"legal","nama":"Griya Mulya","sumber":"OSM (status: contoh)","atribut":{"status":"SHGB dalam proses","peruntukan":"Permukiman"}}},{"type":"Feature","geometry":{"type":"Polygon","coordinates":[[[106.724833,-6.325042],[106.725056,-6.325154],[106.725834,-6.32524],[106.72585,-6.324905],[106.725511,-6.32491],[106.72546,-6.324979],[106.724997,-6.324862],[106.724931,-6.324994],[106.724868,-6.324976],[106.724833,-6.325042]]]},"properties":{"layer_id":"legalitas","jenis":"legal","nama":"The Fit 2","sumber":"OSM (status: contoh)","atribut":{"status":"Girik","peruntukan":"Permukiman"}}},{"type":"Feature","geometry":{"type":"Polygon","coordinates":[[[106.722636,-6.324015],[106.72281,-6.324219],[106.723034,-6.324135],[106.723097,-6.324331],[106.723304,-6.324311],[106.72299,-6.323727],[106.722636,-6.324015]]]},"properties":{"layer_id":"legalitas","jenis":"legal","nama":"Green Sarua View","sumber":"OSM (status: contoh)","atribut":{"status":"HGB","peruntukan":"Permukiman"}}},{"type":"Feature","geometry":{"type":"Polygon","coordinates":[[[106.723077,-6.324576],[106.723088,-6.325072],[106.723699,-6.325032],[106.723635,-6.324472],[106.723557,-6.324259],[106.723434,-6.324168],[106.723371,-6.324303],[106.723196,-6.324324],[106.723233,-6.324544],[106.723077,-6.324576]]]},"properties":{"layer_id":"legalitas","jenis":"legal","nama":"Teras Pamulang","sumber":"OSM (status: contoh)","atribut":{"status":"SHGB dalam proses","peruntukan":"Permukiman"}}},{"type":"Feature","geometry":{"type":"Polygon","coordinates":[[[106.721572,-6.322713],[106.721549,-6.323255],[106.721693,-6.323279],[106.721716,-6.323063],[106.721851,-6.323084],[106.721783,-6.322719],[106.721572,-6.322713]]]},"properties":{"layer_id":"legalitas","jenis":"legal","nama":"Buaran Asri 2","sumber":"OSM (status: contoh)","atribut":{"status":"HGB","peruntukan":"Permukiman"}}},{"type":"Feature","geometry":{"type":"Polygon","coordinates":[[[106.721867,-6.32306],[106.721867,-6.323351],[106.721976,-6.323427],[106.722027,-6.323318],[106.72216,-6.323352],[106.722178,-6.323242],[106.722511,-6.32324],[106.722508,-6.322687],[106.722263,-6.322642],[106.721447,-6.322119],[106.721385,-6.322708],[106.721783,-6.322719],[106.721867,-6.32306]]]},"properties":{"layer_id":"legalitas","jenis":"legal","nama":"Amanraya Residence","sumber":"OSM (status: contoh)","atribut":{"status":"SHGB dalam proses","peruntukan":"Permukiman"}}},{"type":"Feature","geometry":{"type":"Polygon","coordinates":[[[106.720686,-6.318734],[106.720721,-6.318448],[106.720356,-6.31838],[106.720347,-6.318566],[106.720405,-6.318582],[106.720383,-6.31868],[106.720686,-6.318734]]]},"properties":{"layer_id":"legalitas","jenis":"legal","nama":"Green Karya Soenito","sumber":"OSM (status: contoh)","atribut":{"status":"SHM","peruntukan":"Permukiman"}}},{"type":"Feature","geometry":{"type":"Polygon","coordinates":[[[106.721217,-6.319836],[106.721298,-6.319458],[106.721474,-6.319503],[106.721507,-6.319236],[106.721653,-6.319323],[106.721606,-6.319449],[106.72176,-6.319495],[106.721655,-6.319945],[106.721457,-6.319929],[106.721444,-6.320001],[106.721498,-6.319985],[106.721611,-6.320265],[106.721504,-6.320308],[106.721469,-6.32046],[106.721229,-6.320389],[106.721238,-6.320313],[106.721146,-6.320298],[106.721217,-6.319836]]]},"properties":{"layer_id":"legalitas","jenis":"legal","nama":"Taman Buaran Indah","sumber":"OSM (status: contoh)","atribut":{"status":"HGB","peruntukan":"Permukiman"}}},{"type":"Feature","geometry":{"type":"Polygon","coordinates":[[[106.721217,-6.319836],[106.721143,-6.320155],[106.720941,-6.320164],[106.720919,-6.319779],[106.721217,-6.319836]]]},"properties":{"layer_id":"legalitas","jenis":"legal","nama":"Buahan Asri Residence","sumber":"OSM (status: contoh)","atribut":{"status":"SHM","peruntukan":"Permukiman"}}},{"type":"Feature","geometry":{"type":"Polygon","coordinates":[[[106.723023,-6.319688],[106.722857,-6.319662],[106.722932,-6.319279],[106.722211,-6.319087],[106.722152,-6.319215],[106.721851,-6.319026],[106.722086,-6.318622],[106.722503,-6.318841],[106.722645,-6.31882],[106.722806,-6.31838],[106.723073,-6.318504],[106.723058,-6.318566],[106.723169,-6.318646],[106.723668,-6.31844],[106.723866,-6.318674],[106.723939,-6.318984],[106.723726,-6.318992],[106.723525,-6.320197],[106.723623,-6.320469],[106.723423,-6.320582],[106.723376,-6.320757],[106.724017,-6.320865],[106.724023,-6.321016],[106.724941,-6.321033],[106.724961,-6.321369],[106.724233,-6.321397],[106.724248,-6.321991],[106.723506,-6.321991],[106.723497,-6.321718],[106.723286,-6.321737],[106.723301,-6.320986],[106.723143,-6.320953],[106.723286,-6.320341],[106.723015,-6.320349],[106.723023,-6.319688]]]},"properties":{"layer_id":"legalitas","jenis":"legal","nama":"Pamulang Asri","sumber":"OSM (status: contoh)","atribut":{"status":"HGB","peruntukan":"Permukiman"}}},{"type":"Feature","geometry":{"type":"Polygon","coordinates":[[[106.724941,-6.321033],[106.72492,-6.3208],[106.724114,-6.320797],[106.72411,-6.320864],[106.724017,-6.320865],[106.724023,-6.321016],[106.724941,-6.321033]]]},"properties":{"layer_id":"legalitas","jenis":"legal","nama":"Serua Mansion","sumber":"OSM (status: contoh)","atribut":{"status":"HGB","peruntukan":"Permukiman"}}},{"type":"Feature","geometry":{"type":"Polygon","coordinates":[[[106.724118,-6.323254],[106.724316,-6.323223],[106.724288,-6.322963],[106.72424,-6.322952],[106.724202,-6.322621],[106.724021,-6.322633],[106.724118,-6.323254]]]},"properties":{"layer_id":"legalitas","jenis":"legal","nama":"Cluster Mujair","sumber":"OSM (status: contoh)","atribut":{"status":"HGB","peruntukan":"Permukiman"}}},{"type":"Feature","geometry":{"type":"Polygon","coordinates":[[[106.725385,-6.323131],[106.725311,-6.322848],[106.724914,-6.322939],[106.724898,-6.322844],[106.724795,-6.322852],[106.724757,-6.322631],[106.724587,-6.322641],[106.724599,-6.322718],[106.724413,-6.322724],[106.724433,-6.322904],[106.724627,-6.322895],[106.724672,-6.323159],[106.725385,-6.323131]]]},"properties":{"layer_id":"legalitas","jenis":"legal","nama":"Bazoori Park","sumber":"OSM (status: contoh)","atribut":{"status":"SHGB dalam proses","peruntukan":"Permukiman"}}},{"type":"Feature","geometry":{"type":"Polygon","coordinates":[[[106.725101,-6.322254],[106.725,-6.321955],[106.724275,-6.322013],[106.724303,-6.322318],[106.725101,-6.322254]]]},"properties":{"layer_id":"legalitas","jenis":"legal","nama":"Pamulang Small Village","sumber":"OSM (status: contoh)","atribut":{"status":"HGB","peruntukan":"Permukiman"}}},{"type":"Feature","geometry":{"type":"Polygon","coordinates":[[[106.724971,-6.3202],[106.725579,-6.320181],[106.725636,-6.320797],[106.725353,-6.320813],[106.725335,-6.320513],[106.725262,-6.320509],[106.725247,-6.320236],[106.724977,-6.320248],[106.724971,-6.3202]]]},"properties":{"layer_id":"legalitas","jenis":"legal","nama":"Verde Valley Village","sumber":"OSM (status: contoh)","atribut":{"status":"SHM","peruntukan":"Permukiman"}}},{"type":"Feature","geometry":{"type":"Polygon","coordinates":[[[106.725548,-6.319386],[106.72584,-6.319373],[106.725856,-6.319697],[106.726482,-6.319668],[106.726467,-6.320232],[106.726879,-6.32021],[106.7269,-6.320488],[106.727112,-6.320477],[106.727123,-6.32073],[106.726825,-6.32075],[106.726902,-6.321838],[106.725837,-6.321785],[106.725734,-6.320786],[106.726005,-6.320769],[106.726021,-6.319895],[106.72559,-6.319928],[106.725548,-6.319386]]]},"properties":{"layer_id":"legalitas","jenis":"legal","nama":"Grand Pamulang Residence","sumber":"OSM (status: contoh)","atribut":{"status":"SHGB dalam proses","peruntukan":"Permukiman"}}},{"type":"Feature","geometry":{"type":"Polygon","coordinates":[[[106.724933,-6.319124],[106.725442,-6.319111],[106.725465,-6.319395],[106.724942,-6.319411],[106.724933,-6.319124]]]},"properties":{"layer_id":"legalitas","jenis":"legal","nama":"Cluster Sukamulya","sumber":"OSM (status: contoh)","atribut":{"status":"HGB","peruntukan":"Permukiman"}}},{"type":"Feature","geometry":{"type":"Polygon","coordinates":[[[106.725671,-6.319109],[106.725667,-6.319373],[106.72584,-6.319373],[106.725856,-6.319697],[106.726372,-6.31968],[106.72636,-6.319368],[106.725919,-6.319367],[106.725924,-6.31912],[106.725671,-6.319109]]]},"properties":{"layer_id":"legalitas","jenis":"legal","nama":"Green Gardenia Townhouse","sumber":"OSM (status: contoh)","atribut":{"status":"SHM","peruntukan":"Permukiman"}}},{"type":"Feature","geometry":{"type":"Polygon","coordinates":[[[106.727331,-6.32229],[106.727574,-6.322311],[106.727548,-6.322123],[106.727499,-6.321938],[106.727284,-6.321931],[106.727331,-6.32229]]]},"properties":{"layer_id":"legalitas","jenis":"legal","nama":"D'Lavia Residence","sumber":"OSM (status: contoh)","atribut":{"status":"HGB","peruntukan":"Permukiman"}}},{"type":"Feature","geometry":{"type":"Polygon","coordinates":[[[106.727075,-6.322267],[106.727331,-6.32229],[106.727284,-6.321931],[106.727076,-6.321907],[106.727075,-6.322267]]]},"properties":{"layer_id":"legalitas","jenis":"legal","nama":"Oscar Indah 3","sumber":"OSM (status: contoh)","atribut":{"status":"Girik","peruntukan":"Permukiman"}}},{"type":"Feature","geometry":{"type":"Polygon","coordinates":[[[106.728844,-6.319991],[106.729579,-6.319907],[106.729577,-6.320216],[106.729214,-6.320207],[106.728828,-6.32019],[106.728844,-6.319991]]]},"properties":{"layer_id":"legalitas","jenis":"legal","nama":"Jasmine Garden 1","sumber":"OSM (status: contoh)","atribut":{"status":"Girik","peruntukan":"Permukiman"}}},{"type":"Feature","geometry":{"type":"Polygon","coordinates":[[[106.728841,-6.320658],[106.728569,-6.320672],[106.728538,-6.319708],[106.72882,-6.319688],[106.728844,-6.319991],[106.728828,-6.32019],[106.728841,-6.320658]]]},"properties":{"layer_id":"legalitas","jenis":"legal","nama":"Jasmine Garden 2","sumber":"OSM (status: contoh)","atribut":{"status":"SHM","peruntukan":"Permukiman"}}},{"type":"Feature","geometry":{"type":"Polygon","coordinates":[[[106.729208,-6.320662],[106.728841,-6.320658],[106.728828,-6.32019],[106.729214,-6.320207],[106.72921,-6.320488],[106.729577,-6.320496],[106.729553,-6.32065],[106.729208,-6.320662]]]},"properties":{"layer_id":"legalitas","jenis":"legal","nama":"Griya Verina 2","sumber":"OSM (status: contoh)","atribut":{"status":"Girik","peruntukan":"Permukiman"}}},{"type":"Feature","geometry":{"type":"Polygon","coordinates":[[[106.727076,-6.321907],[106.727074,-6.322712],[106.727186,-6.322739],[106.727151,-6.322942],[106.726593,-6.322904],[106.726419,-6.321899],[106.727076,-6.321907]]]},"properties":{"layer_id":"legalitas","jenis":"legal","nama":"Puri Angkasa Residence 2","sumber":"OSM (status: contoh)","atribut":{"status":"SHM","peruntukan":"Permukiman"}}},{"type":"Feature","geometry":{"type":"Polygon","coordinates":[[[106.727532,-6.321108],[106.7275,-6.321627],[106.727505,-6.321849],[106.727841,-6.321851],[106.727843,-6.321105],[106.727532,-6.321108]]]},"properties":{"layer_id":"legalitas","jenis":"legal","nama":"Griya Rosela","sumber":"OSM (status: contoh)","atribut":{"status":"SHGB dalam proses","peruntukan":"Permukiman"}}},{"type":"Feature","geometry":{"type":"Polygon","coordinates":[[[106.728138,-6.320654],[106.728093,-6.319751],[106.728538,-6.319708],[106.728569,-6.320672],[106.728396,-6.320676],[106.728417,-6.321068],[106.727532,-6.321108],[106.727546,-6.320681],[106.728138,-6.320654]]]},"properties":{"layer_id":"legalitas","jenis":"legal","nama":"D'daunan","sumber":"OSM (status: contoh)","atribut":{"status":"HGB","peruntukan":"Permukiman"}}},{"type":"Feature","geometry":{"type":"Polygon","coordinates":[[[106.730242,-6.323385],[106.730236,-6.322574],[106.729868,-6.322542],[106.729863,-6.322675],[106.729597,-6.322686],[106.7296,-6.322998],[106.729742,-6.323008],[106.729724,-6.323126],[106.729954,-6.323174],[106.729946,-6.323364],[106.730242,-6.323385]]]},"properties":{"layer_id":"legalitas","jenis":"legal","nama":"Villamas Bellevue","sumber":"OSM (status: contoh)","atribut":{"status":"HGB","peruntukan":"Permukiman"}}},{"type":"Feature","geometry":{"type":"Polygon","coordinates":[[[106.721099,-6.319407],[106.721298,-6.319458],[106.721474,-6.319503],[106.721507,-6.319236],[106.721092,-6.319112],[106.721099,-6.319407]]]},"properties":{"layer_id":"legalitas","jenis":"legal","nama":"Grand Serua Indah","sumber":"OSM (status: contoh)","atribut":{"status":"SHM","peruntukan":"Permukiman"}}},{"type":"Feature","geometry":{"type":"Polygon","coordinates":[[[106.722135,-6.319433],[106.722152,-6.319215],[106.722211,-6.319087],[106.722479,-6.31917],[106.722396,-6.319476],[106.722135,-6.319433]]]},"properties":{"layer_id":"legalitas","jenis":"legal","nama":"Terraria Cluster","sumber":"OSM (status: contoh)","atribut":{"status":"HGB","peruntukan":"Permukiman"}}},{"type":"Feature","geometry":{"type":"Polygon","coordinates":[[[106.719161,-6.319158],[106.719276,-6.318648],[106.719751,-6.318655],[106.71999,-6.318706],[106.720127,-6.318819],[106.720111,-6.318944],[106.719933,-6.318939],[106.719887,-6.319236],[106.719161,-6.319158]]]},"properties":{"layer_id":"legalitas","jenis":"legal","nama":"Griya Taman","sumber":"OSM (status: contoh)","atribut":{"status":"SHGB dalam proses","peruntukan":"Permukiman"}}},{"type":"Feature","geometry":{"type":"Polygon","coordinates":[[[106.722337,-6.317791],[106.722291,-6.318191],[106.722637,-6.318362],[106.722589,-6.318548],[106.722248,-6.318458],[106.722178,-6.318594],[106.721739,-6.318503],[106.721776,-6.318343],[106.721307,-6.318087],[106.721403,-6.317991],[106.72106,-6.317261],[106.721175,-6.317191],[106.721291,-6.317421],[106.721427,-6.317359],[106.721572,-6.317626],[106.721843,-6.317501],[106.72205,-6.317714],[106.722337,-6.317791]]]},"properties":{"layer_id":"legalitas","jenis":"legal","nama":"Roswood Garden","sumber":"OSM (status: contoh)","atribut":{"status":"HGB","peruntukan":"Permukiman"}}},{"type":"Feature","geometry":{"type":"Polygon","coordinates":[[[106.721961,-6.31737],[106.721725,-6.316866],[106.721731,-6.316738],[106.722205,-6.3168],[106.722208,-6.316365],[106.722565,-6.316264],[106.722747,-6.31693],[106.72352,-6.31685],[106.723581,-6.317554],[106.722908,-6.317583],[106.722919,-6.317746],[106.722377,-6.317698],[106.722331,-6.317618],[106.722044,-6.317498],[106.721961,-6.31737]]]},"properties":{"layer_id":"legalitas","jenis":"legal","nama":"E-Lagoon Townhouse","sumber":"OSM (status: contoh)","atribut":{"status":"HGB","peruntukan":"Permukiman"}}},{"type":"Feature","geometry":{"type":"Polygon","coordinates":[[[106.722127,-6.322342],[106.721607,-6.321958],[106.721588,-6.321435],[106.72235,-6.321452],[106.722353,-6.321251],[106.722439,-6.321254],[106.722422,-6.320945],[106.722779,-6.321012],[106.722774,-6.321332],[106.723254,-6.321345],[106.723131,-6.322371],[106.723195,-6.322425],[106.723603,-6.322467],[106.723627,-6.322353],[106.724292,-6.322344],[106.724313,-6.322614],[106.724021,-6.322633],[106.724118,-6.323254],[106.723697,-6.323062],[106.723579,-6.322558],[106.72323,-6.322515],[106.723048,-6.322584],[106.723021,-6.322758],[106.722127,-6.322342]]]},"properties":{"layer_id":"legalitas","jenis":"legal","nama":"Tria Adara Residence 9","sumber":"OSM (status: contoh)","atribut":{"status":"SHM","peruntukan":"Permukiman"}}},{"type":"Feature","geometry":{"type":"Polygon","coordinates":[[[106.735479,-6.292704],[106.735493,-6.292942],[106.735708,-6.292923],[106.735737,-6.293158],[106.735345,-6.293238],[106.735217,-6.292987],[106.73519,-6.292747],[106.735479,-6.292704]]]},"properties":{"layer_id":"legalitas","jenis":"legal","nama":"Mirage Residence 2","sumber":"OSM (status: contoh)","atribut":{"status":"SHM","peruntukan":"Permukiman"}}},{"type":"Feature","geometry":{"type":"Polygon","coordinates":[[[106.736695,-6.291491],[106.736949,-6.29164],[106.736904,-6.291385],[106.736968,-6.291363],[106.736847,-6.290846],[106.736609,-6.290891],[106.736695,-6.291491]]]},"properties":{"layer_id":"legalitas","jenis":"legal","nama":"Puri Menjangan","sumber":"OSM (status: contoh)","atribut":{"status":"SHM","peruntukan":"Permukiman"}}},{"type":"Feature","geometry":{"type":"Polygon","coordinates":[[[106.736104,-6.290985],[106.736137,-6.291403],[106.73622,-6.291505],[106.736536,-6.291462],[106.736695,-6.291491],[106.736609,-6.290891],[106.736104,-6.290985]]]},"properties":{"layer_id":"legalitas","jenis":"legal","nama":"Griya Larasati 2","sumber":"OSM (status: contoh)","atribut":{"status":"SHM","peruntukan":"Permukiman"}}},{"type":"Feature","geometry":{"type":"Polygon","coordinates":[[[106.73596,-6.292139],[106.736507,-6.292192],[106.736665,-6.291768],[106.736389,-6.29179],[106.73629,-6.291569],[106.736158,-6.291646],[106.736056,-6.291785],[106.73596,-6.292139]]]},"properties":{"layer_id":"legalitas","jenis":"legal","nama":"Amara Botanica","sumber":"OSM (status: contoh)","atribut":{"status":"HGB","peruntukan":"Permukiman"}}},{"type":"Feature","geometry":{"type":"Polygon","coordinates":[[[106.72687,-6.297647],[106.72688,-6.296509],[106.726525,-6.296485],[106.726663,-6.295778],[106.726915,-6.295832],[106.727243,-6.29504],[106.727079,-6.294986],[106.7271,-6.29488],[106.726956,-6.294842],[106.727114,-6.294397],[106.727605,-6.294376],[106.727682,-6.294112],[106.727854,-6.294096],[106.728428,-6.294247],[106.728789,-6.293723],[106.728952,-6.293628],[106.729002,-6.293733],[106.728942,-6.293781],[106.728907,-6.293873],[106.72914,-6.294048],[106.728919,-6.294349],[106.728683,-6.29528],[106.728364,-6.29596],[106.728417,-6.296498],[106.728366,-6.297063],[106.728685,-6.297079],[106.728694,-6.297135],[106.72861,-6.297818],[106.728216,-6.2977],[106.727709,-6.297666],[106.727693,-6.297333],[106.727564,-6.297311],[106.727291,-6.297354],[106.727293,-6.297647],[106.72687,-6.297647]]]},"properties":{"layer_id":"legalitas","jenis":"legal","nama":"Pondok Sawah Indah","sumber":"OSM (status: contoh)","atribut":{"status":"HGB","peruntukan":"Permukiman"}}},{"type":"Feature","geometry":{"type":"Polygon","coordinates":[[[106.728677,-6.297498],[106.728694,-6.297135],[106.72905,-6.297154],[106.729053,-6.297458],[106.728994,-6.297498],[106.728677,-6.297498]]]},"properties":{"layer_id":"legalitas","jenis":"legal","nama":"Bintaro Lestari Residence 2","sumber":"OSM (status: contoh)","atribut":{"status":"SHGB dalam proses","peruntukan":"Permukiman"}}},{"type":"Feature","geometry":{"type":"Polygon","coordinates":[[[106.725802,-6.301745],[106.725808,-6.301451],[106.726095,-6.301419],[106.726129,-6.301726],[106.725802,-6.301745]]]},"properties":{"layer_id":"legalitas","jenis":"legal","nama":"5 Boutique Bintaro","sumber":"OSM (status: contoh)","atribut":{"status":"SHM","peruntukan":"Permukiman"}}},{"type":"Feature","geometry":{"type":"Polygon","coordinates":[[[106.729922,-6.298514],[106.729965,-6.29822],[106.729944,-6.298138],[106.729466,-6.298167],[106.729463,-6.298479],[106.729707,-6.298466],[106.729922,-6.298514]]]},"properties":{"layer_id":"legalitas","jenis":"legal","nama":"Toha Boutique Residence","sumber":"OSM (status: contoh)","atribut":{"status":"SHGB dalam proses","peruntukan":"Permukiman"}}},{"type":"Feature","geometry":{"type":"Polygon","coordinates":[[[106.732711,-6.299236],[106.732228,-6.30007],[106.732001,-6.299359],[106.731883,-6.299292],[106.731781,-6.299113],[106.731657,-6.298987],[106.7324,-6.298676],[106.732711,-6.299236]]]},"properties":{"layer_id":"legalitas","jenis":"legal","nama":"Sing Asri Residence 2","sumber":"OSM (status: contoh)","atribut":{"status":"SHM","peruntukan":"Permukiman"}}},{"type":"Feature","geometry":{"type":"Polygon","coordinates":[[[106.733893,-6.300436],[106.733421,-6.300497],[106.733463,-6.300866],[106.73394,-6.300742],[106.734026,-6.301146],[106.733238,-6.301329],[106.73317,-6.301008],[106.732878,-6.301073],[106.732741,-6.30064],[106.732925,-6.300577],[106.732974,-6.300494],[106.732918,-6.300337],[106.732998,-6.300071],[106.733267,-6.300037],[106.733196,-6.299581],[106.733611,-6.299495],[106.733626,-6.299712],[106.733893,-6.300436]]]},"properties":{"layer_id":"legalitas","jenis":"legal","nama":"Green Bintaro Residence","sumber":"OSM (status: contoh)","atribut":{"status":"SHM","peruntukan":"Permukiman"}}},{"type":"Feature","geometry":{"type":"Polygon","coordinates":[[[106.73394,-6.300742],[106.733463,-6.300866],[106.733452,-6.300702],[106.733916,-6.300597],[106.73394,-6.300742]]]},"properties":{"layer_id":"legalitas","jenis":"legal","nama":"Smalvile","sumber":"OSM (status: contoh)","atribut":{"status":"HGB","peruntukan":"Permukiman"}}},{"type":"Feature","geometry":{"type":"Polygon","coordinates":[[[106.735273,-6.300066],[106.735884,-6.300005],[106.735779,-6.299664],[106.735234,-6.299871],[106.735273,-6.300066]]]},"properties":{"layer_id":"legalitas","jenis":"legal","nama":"Mahkota Bintaro Village","sumber":"OSM (status: contoh)","atribut":{"status":"SHGB dalam proses","peruntukan":"Permukiman"}}},{"type":"Feature","geometry":{"type":"Polygon","coordinates":[[[106.734884,-6.298458],[106.735262,-6.29844],[106.735246,-6.299011],[106.734963,-6.299028],[106.734995,-6.299397],[106.7348,-6.299423],[106.734764,-6.298891],[106.734884,-6.298458]]]},"properties":{"layer_id":"legalitas","jenis":"legal","nama":"Elang Bintaro Residence","sumber":"OSM (status: contoh)","atribut":{"status":"HGB","peruntukan":"Permukiman"}}},{"type":"Feature","geometry":{"type":"Polygon","coordinates":[[[106.734126,-6.298795],[106.734228,-6.299527],[106.734488,-6.299485],[106.734488,-6.299481],[106.734397,-6.298785],[106.734331,-6.298782],[106.734126,-6.298795]]]},"properties":{"layer_id":"legalitas","jenis":"legal","nama":"The Amara Pavillion","sumber":"OSM (status: contoh)","atribut":{"status":"SHM","peruntukan":"Permukiman"}}},{"type":"Feature","geometry":{"type":"Polygon","coordinates":[[[106.739086,-6.299309],[106.739125,-6.299508],[106.738702,-6.299576],[106.738729,-6.299832],[106.738454,-6.29984],[106.738508,-6.300352],[106.737771,-6.300444],[106.737775,-6.300522],[106.737462,-6.300554],[106.737418,-6.30028],[106.737554,-6.300256],[106.737531,-6.300045],[106.737346,-6.300058],[106.737266,-6.299636],[106.737401,-6.299525],[106.737166,-6.2992],[106.737413,-6.299103],[106.737395,-6.298973],[106.73742,-6.298889],[106.737649,-6.298864],[106.737625,-6.298478],[106.738089,-6.29836],[106.738132,-6.298427],[106.73832,-6.298335],[106.738536,-6.298736],[106.738537,-6.299168],[106.738795,-6.299143],[106.738862,-6.299219],[106.738938,-6.299179],[106.739009,-6.299335],[106.739086,-6.299309]]]},"properties":{"layer_id":"legalitas","jenis":"legal","nama":"Perumahan Departemen Kesehatan","sumber":"OSM (status: contoh)","atribut":{"status":"HGB","peruntukan":"Permukiman"}}},{"type":"Feature","geometry":{"type":"Polygon","coordinates":[[[106.736585,-6.299882],[106.736167,-6.299985],[106.736335,-6.300324],[106.735941,-6.30043],[106.735978,-6.300581],[106.736025,-6.300565],[106.736942,-6.300376],[106.736799,-6.299828],[106.736585,-6.299882]]]},"properties":{"layer_id":"legalitas","jenis":"legal","nama":"Villa Amarta","sumber":"OSM (status: contoh)","atribut":{"status":"SHM","peruntukan":"Permukiman"}}},{"type":"Feature","geometry":{"type":"Polygon","coordinates":[[[106.734987,-6.30162],[106.735301,-6.301521],[106.735179,-6.300853],[106.734864,-6.300908],[106.734987,-6.30162]]]},"properties":{"layer_id":"legalitas","jenis":"legal","nama":"Permata Bintaro Residence","sumber":"OSM (status: contoh)","atribut":{"status":"HGB","peruntukan":"Permukiman"}}},{"type":"Feature","geometry":{"type":"Polygon","coordinates":[[[106.734032,-6.300806],[106.733983,-6.30059],[106.734436,-6.300522],[106.734464,-6.300745],[106.734032,-6.300806]]]},"properties":{"layer_id":"legalitas","jenis":"legal","nama":"Bloomington Residence","sumber":"OSM (status: contoh)","atribut":{"status":"HGB","peruntukan":"Permukiman"}}},{"type":"Feature","geometry":{"type":"Polygon","coordinates":[[[106.734125,-6.301333],[106.734032,-6.300806],[106.734464,-6.300745],[106.734515,-6.300998],[106.734686,-6.30096],[106.734729,-6.30116],[106.734125,-6.301333]]]},"properties":{"layer_id":"legalitas","jenis":"legal","nama":"Bintaro View Residence 1","sumber":"OSM (status: contoh)","atribut":{"status":"SHM","peruntukan":"Permukiman"}}},{"type":"Feature","geometry":{"type":"Polygon","coordinates":[[[106.734157,-6.30155],[106.734125,-6.301333],[106.734549,-6.3012],[106.734729,-6.30116],[106.734899,-6.301122],[106.734935,-6.301319],[106.734157,-6.30155]]]},"properties":{"layer_id":"legalitas","jenis":"legal","nama":"Ten Townhouses","sumber":"OSM (status: contoh)","atribut":{"status":"SHGB dalam proses","peruntukan":"Permukiman"}}},{"type":"Feature","geometry":{"type":"Polygon","coordinates":[[[106.734191,-6.301875],[106.734157,-6.30155],[106.734935,-6.301319],[106.734987,-6.30162],[106.73477,-6.301715],[106.734191,-6.301875]]]},"properties":{"layer_id":"legalitas","jenis":"legal","nama":"Bintaro View Residence 2","sumber":"OSM (status: contoh)","atribut":{"status":"HGB","peruntukan":"Permukiman"}}},{"type":"Feature","geometry":{"type":"Polygon","coordinates":[[[106.736151,-6.301485],[106.736902,-6.301358],[106.736876,-6.300878],[106.736102,-6.301],[106.73615,-6.301399],[106.736098,-6.301404],[106.736151,-6.301485]]]},"properties":{"layer_id":"legalitas","jenis":"legal","nama":"Pratama Bintaro Residence","sumber":"OSM (status: contoh)","atribut":{"status":"SHM","peruntukan":"Permukiman"}}},{"type":"Feature","geometry":{"type":"Polygon","coordinates":[[[106.736597,-6.301735],[106.736632,-6.301867],[106.736805,-6.301946],[106.737204,-6.301815],[106.737153,-6.301539],[106.737071,-6.301651],[106.736597,-6.301735]]]},"properties":{"layer_id":"legalitas","jenis":"legal","nama":"Equator Townhouse","sumber":"OSM (status: contoh)","atribut":{"status":"SHGB dalam proses","peruntukan":"Permukiman"}}},{"type":"Feature","geometry":{"type":"Polygon","coordinates":[[[106.736707,-6.301977],[106.73639,-6.302899],[106.735807,-6.302777],[106.735903,-6.302518],[106.736138,-6.302623],[106.736454,-6.301863],[106.736707,-6.301977]]]},"properties":{"layer_id":"legalitas","jenis":"legal","nama":"Merpati Bintaro Residence","sumber":"OSM (status: contoh)","atribut":{"status":"SHM","peruntukan":"Permukiman"}}},{"type":"Feature","geometry":{"type":"Polygon","coordinates":[[[106.735276,-6.304979],[106.735203,-6.304464],[106.735234,-6.303851],[106.73552,-6.303912],[106.735493,-6.304417],[106.73554,-6.305064],[106.735276,-6.304979]]]},"properties":{"layer_id":"legalitas","jenis":"legal","nama":"Cattleya Bintaro Residence","sumber":"OSM (status: contoh)","atribut":{"status":"HGB","peruntukan":"Permukiman"}}},{"type":"Feature","geometry":{"type":"Polygon","coordinates":[[[106.734737,-6.304024],[106.734337,-6.304091],[106.734286,-6.30384],[106.733896,-6.303833],[106.733988,-6.303371],[106.734956,-6.303531],[106.734747,-6.303862],[106.734737,-6.304024]]]},"properties":{"layer_id":"legalitas","jenis":"legal","nama":"Cendana Prime Bintaro","sumber":"OSM (status: contoh)","atribut":{"status":"SHGB dalam proses","peruntukan":"Permukiman"}}},{"type":"Feature","geometry":{"type":"Polygon","coordinates":[[[106.733896,-6.303833],[106.734286,-6.30384],[106.734337,-6.304091],[106.734573,-6.3046],[106.734015,-6.304757],[106.733896,-6.303833]]]},"properties":{"layer_id":"legalitas","jenis":"legal","nama":"Asterloka Savanya","sumber":"OSM (status: contoh)","atribut":{"status":"SHM","peruntukan":"Permukiman"}}},{"type":"Feature","geometry":{"type":"Polygon","coordinates":[[[106.7346,-6.308858],[106.734565,-6.308252],[106.734905,-6.30822],[106.73493,-6.308836],[106.7346,-6.308858]]]},"properties":{"layer_id":"legalitas","jenis":"legal","nama":"Keuangan Residence","sumber":"OSM (status: contoh)","atribut":{"status":"Girik","peruntukan":"Permukiman"}}},{"type":"Feature","geometry":{"type":"Polygon","coordinates":[[[106.73401,-6.309551],[106.733693,-6.309575],[106.733605,-6.308719],[106.733688,-6.3087],[106.733613,-6.30809],[106.733854,-6.30806],[106.733766,-6.307426],[106.733886,-6.307399],[106.733865,-6.307239],[106.734077,-6.307186],[106.733972,-6.306559],[106.733881,-6.306567],[106.733798,-6.306128],[106.733626,-6.306136],[106.73357,-6.305888],[106.733406,-6.305896],[106.73339,-6.305773],[106.733151,-6.305461],[106.732164,-6.305637],[106.73207,-6.304805],[106.731939,-6.304421],[106.731606,-6.304568],[106.731687,-6.304795],[106.730684,-6.305208],[106.731378,-6.305523],[106.731636,-6.305744],[106.731606,-6.305842],[106.73146,-6.305894],[106.731651,-6.306345],[106.731769,-6.306526],[106.731989,-6.30642],[106.732211,-6.306851],[106.731905,-6.307041],[106.732034,-6.307377],[106.732053,-6.30759],[106.731967,-6.308011],[106.732188,-6.309027],[106.732336,-6.30906],[106.732859,-6.308988],[106.732918,-6.309412],[106.733159,-6.309383],[106.733234,-6.309889],[106.733634,-6.309804],[106.734055,-6.309815],[106.73401,-6.309551]]]},"properties":{"layer_id":"legalitas","jenis":"legal","nama":"Sarana Indah Permai","sumber":"OSM (status: contoh)","atribut":{"status":"HGB","peruntukan":"Permukiman"}}},{"type":"Feature","geometry":{"type":"Polygon","coordinates":[[[106.734782,-6.30612],[106.735356,-6.306093],[106.735351,-6.306845],[106.735265,-6.306839],[106.735249,-6.307095],[106.735437,-6.307138],[106.735394,-6.307287],[106.735058,-6.30725],[106.734954,-6.30648],[106.734884,-6.306477],[106.734782,-6.30612]]]},"properties":{"layer_id":"legalitas","jenis":"legal","nama":"Buana Bintaro Lestari","sumber":"OSM (status: contoh)","atribut":{"status":"SHM","peruntukan":"Permukiman"}}},{"type":"Feature","geometry":{"type":"Polygon","coordinates":[[[106.734254,-6.306512],[106.734321,-6.306768],[106.734997,-6.306717],[106.734954,-6.30648],[106.734884,-6.306477],[106.734782,-6.30612],[106.734514,-6.30613],[106.734543,-6.30648],[106.734254,-6.306512]]]},"properties":{"layer_id":"legalitas","jenis":"legal","nama":"Nuansa Bintaro Residence","sumber":"OSM (status: contoh)","atribut":{"status":"HGB","peruntukan":"Permukiman"}}},{"type":"Feature","geometry":{"type":"Polygon","coordinates":[[[106.734254,-6.306512],[106.734171,-6.30577],[106.734731,-6.305714],[106.734782,-6.30612],[106.734514,-6.30613],[106.734543,-6.30648],[106.734254,-6.306512]]]},"properties":{"layer_id":"legalitas","jenis":"legal","nama":"Providence House","sumber":"OSM (status: contoh)","atribut":{"status":"SHM","peruntukan":"Permukiman"}}},{"type":"Feature","geometry":{"type":"Polygon","coordinates":[[[106.730818,-6.299943],[106.730654,-6.300004],[106.730542,-6.299757],[106.730686,-6.299721],[106.73063,-6.299541],[106.730882,-6.299501],[106.730868,-6.299313],[106.731041,-6.299292],[106.731114,-6.299451],[106.731403,-6.299753],[106.730818,-6.299943]]]},"properties":{"layer_id":"legalitas","jenis":"legal","nama":"Green Bintaro Terrace","sumber":"OSM (status: contoh)","atribut":{"status":"Girik","peruntukan":"Permukiman"}}},{"type":"Feature","geometry":{"type":"Polygon","coordinates":[[[106.729211,-6.300224],[106.728936,-6.300289],[106.728958,-6.300396],[106.728593,-6.300448],[106.728559,-6.299937],[106.729117,-6.2999],[106.729211,-6.300224]]]},"properties":{"layer_id":"legalitas","jenis":"legal","nama":"Carani Residence 2","sumber":"OSM (status: contoh)","atribut":{"status":"HGB","peruntukan":"Permukiman"}}},{"type":"Feature","geometry":{"type":"Polygon","coordinates":[[[106.722806,-6.327508],[106.722788,-6.328012],[106.722291,-6.327926],[106.722243,-6.328103],[106.722089,-6.328087],[106.721703,-6.327838],[106.721573,-6.327838],[106.721581,-6.327744],[106.720946,-6.327778],[106.720908,-6.328088],[106.720706,-6.328055],[106.720701,-6.327935],[106.720163,-6.327932],[106.720174,-6.328175],[106.720371,-6.328188],[106.720387,-6.328095],[106.720545,-6.328095],[106.720516,-6.328495],[106.72062,-6.328497],[106.720601,-6.329065],[106.720006,-6.329052],[106.719995,-6.329116],[106.720105,-6.329316],[106.720743,-6.329287],[106.720725,-6.329524],[106.721081,-6.329425],[106.721084,-6.329593],[106.721261,-6.329609],[106.721183,-6.330036],[106.720073,-6.32982],[106.72007,-6.329652],[106.719531,-6.329609],[106.719547,-6.329182],[106.719421,-6.329097],[106.719634,-6.328564],[106.719982,-6.32858],[106.71998,-6.328265],[106.719842,-6.328263],[106.719859,-6.327346],[106.720865,-6.32742],[106.720894,-6.327009],[106.721478,-6.327018],[106.72146,-6.327378],[106.722806,-6.327508]]]},"properties":{"layer_id":"legalitas","jenis":"legal","nama":"Graha Indah 2 Pamulang","sumber":"OSM (status: contoh)","atribut":{"status":"SHM","peruntukan":"Permukiman"}}},{"type":"Feature","geometry":{"type":"Polygon","coordinates":[[[106.726022,-6.326353],[106.726041,-6.326095],[106.726279,-6.326103],[106.726271,-6.326385],[106.726022,-6.326353]]]},"properties":{"layer_id":"legalitas","jenis":"legal","nama":"Oscar by Permata","sumber":"OSM (status: contoh)","atribut":{"status":"SHM","peruntukan":"Permukiman"}}},{"type":"Feature","geometry":{"type":"Polygon","coordinates":[[[106.724012,-6.326423],[106.724082,-6.326251],[106.724163,-6.325355],[106.724736,-6.325426],[106.724793,-6.325596],[106.725188,-6.325822],[106.725822,-6.325927],[106.72582,-6.326211],[106.725058,-6.326103],[106.725028,-6.326361],[106.72522,-6.326385],[106.725126,-6.326907],[106.72462,-6.32656],[106.724542,-6.326659],[106.724126,-6.326651],[106.723983,-6.326584],[106.724012,-6.326423]]]},"properties":{"layer_id":"legalitas","jenis":"legal","nama":"Graha Indah Pamulang","sumber":"OSM (status: contoh)","atribut":{"status":"Girik","peruntukan":"Permukiman"}}},{"type":"Feature","geometry":{"type":"Polygon","coordinates":[[[106.723753,-6.331508],[106.724416,-6.331507],[106.72446,-6.331069],[106.724249,-6.331057],[106.724072,-6.330929],[106.72412,-6.330561],[106.724284,-6.330182],[106.724178,-6.329841],[106.724335,-6.329596],[106.724217,-6.328843],[106.724602,-6.32894],[106.724625,-6.328828],[106.724732,-6.328849],[106.724799,-6.328601],[106.724611,-6.328541],[106.724604,-6.328177],[106.724902,-6.328189],[106.725176,-6.327426],[106.724944,-6.32739],[106.724964,-6.327154],[106.725817,-6.327306],[106.725822,-6.327185],[106.725612,-6.327156],[106.72496,-6.326823],[106.724742,-6.326597],[106.72462,-6.32656],[106.724542,-6.326659],[106.724126,-6.326651],[106.723983,-6.326584],[106.723966,-6.327808],[106.723707,-6.327907],[106.723529,-6.32871],[106.723402,-6.329008],[106.723152,-6.329217],[106.723067,-6.329489],[106.722983,-6.329494],[106.722886,-6.329742],[106.722718,-6.32972],[106.722718,-6.32983],[106.722586,-6.329824],[106.722543,-6.329978],[106.722632,-6.331508],[106.723753,-6.331508]]]},"properties":{"layer_id":"legalitas","jenis":"legal","nama":"Vila Pamulang Mas 2","sumber":"OSM (status: contoh)","atribut":{"status":"SHM","peruntukan":"Permukiman"}}},{"type":"Feature","geometry":{"type":"Polygon","coordinates":[[[106.724416,-6.331507],[106.723753,-6.331508],[106.723683,-6.331806],[106.723877,-6.332198],[106.723864,-6.333511],[106.724255,-6.338665],[106.723984,-6.339441],[106.723726,-6.339369],[106.723477,-6.339513],[106.723026,-6.340614],[106.723042,-6.341133],[106.723412,-6.341243],[106.72353,-6.341152],[106.723608,-6.341205],[106.723426,-6.341549],[106.723428,-6.341749],[106.723099,-6.341795],[106.72316,-6.342354],[106.723267,-6.342533],[106.723557,-6.342325],[106.723766,-6.342261],[106.723785,-6.341333],[106.723782,-6.34027],[106.723908,-6.339995],[106.724088,-6.340134],[106.724692,-6.340203],[106.724799,-6.33935],[106.725118,-6.339379],[106.725123,-6.339249],[106.725234,-6.339257],[106.725298,-6.338756],[106.725091,-6.338737],[106.725102,-6.338302],[106.725231,-6.338254],[106.725156,-6.337825],[106.724928,-6.337812],[106.724985,-6.337103],[106.724663,-6.337095],[106.724653,-6.337192],[106.724372,-6.337173],[106.724366,-6.336448],[106.72422,-6.335764],[106.724328,-6.335739],[106.724296,-6.335613],[106.72499,-6.335484],[106.724985,-6.334537],[106.724852,-6.333535],[106.724671,-6.33353],[106.724622,-6.332403],[106.724666,-6.332251],[106.72441,-6.33222],[106.724416,-6.331507]]]},"properties":{"layer_id":"legalitas","jenis":"legal","nama":"Puri Pamulang","sumber":"OSM (status: contoh)","atribut":{"status":"HGB","peruntukan":"Permukiman"}}},{"type":"Feature","geometry":{"type":"Polygon","coordinates":[[[106.724852,-6.333535],[106.725139,-6.333549],[106.725131,-6.333165],[106.724839,-6.333151],[106.724844,-6.332757],[106.724625,-6.33274],[106.724671,-6.33353],[106.724852,-6.333535]]]},"properties":{"layer_id":"legalitas","jenis":"legal","nama":"Flourist Terrace Pamulang","sumber":"OSM (status: contoh)","atribut":{"status":"SHM","peruntukan":"Permukiman"}}},{"type":"Feature","geometry":{"type":"Polygon","coordinates":[[[106.733055,-6.331634],[106.732651,-6.33162],[106.732634,-6.331023],[106.732791,-6.331011],[106.732763,-6.330649],[106.732997,-6.330633],[106.733055,-6.331634]]]},"properties":{"layer_id":"legalitas","jenis":"legal","nama":"Citra Pamulang","sumber":"OSM (status: contoh)","atribut":{"status":"SHM","peruntukan":"Permukiman"}}},{"type":"Feature","geometry":{"type":"Polygon","coordinates":[[[106.729365,-6.330577],[106.729391,-6.330314],[106.729567,-6.330277],[106.72967,-6.330555],[106.729493,-6.330579],[106.729365,-6.330577]]]},"properties":{"layer_id":"legalitas","jenis":"legal","nama":"The 8 Residence","sumber":"OSM (status: contoh)","atribut":{"status":"SHM","peruntukan":"Permukiman"}}},{"type":"Feature","geometry":{"type":"Polygon","coordinates":[[[106.734055,-6.328711],[106.734645,-6.328473],[106.734562,-6.32834],[106.733996,-6.328596],[106.734055,-6.328711]]]},"properties":{"layer_id":"legalitas","jenis":"legal","nama":"Pamulang Heritage 1","sumber":"OSM (status: contoh)","atribut":{"status":"SHGB dalam proses","peruntukan":"Permukiman"}}},{"type":"Feature","geometry":{"type":"Polygon","coordinates":[[[106.733036,-6.328533],[106.733005,-6.328333],[106.733104,-6.327883],[106.732958,-6.327782],[106.732919,-6.327308],[106.732611,-6.327308],[106.732612,-6.32771],[106.732518,-6.327711],[106.732516,-6.328011],[106.732384,-6.328017],[106.732387,-6.328186],[106.732476,-6.328188],[106.732517,-6.3288],[106.733013,-6.328767],[106.733036,-6.328533]]]},"properties":{"layer_id":"legalitas","jenis":"legal","nama":"Griya Asri Bambu Apus","sumber":"OSM (status: contoh)","atribut":{"status":"SHGB dalam proses","peruntukan":"Permukiman"}}},{"type":"Feature","geometry":{"type":"Polygon","coordinates":[[[106.732304,-6.32802],[106.732516,-6.328011],[106.732518,-6.327711],[106.732612,-6.32771],[106.732611,-6.327308],[106.732433,-6.327315],[106.732431,-6.327431],[106.732356,-6.327432],[106.732304,-6.32802]]]},"properties":{"layer_id":"legalitas","jenis":"legal","nama":"Oscar Indah Residence","sumber":"OSM (status: contoh)","atribut":{"status":"Girik","peruntukan":"Permukiman"}}},{"type":"Feature","geometry":{"type":"Polygon","coordinates":[[[106.731239,-6.326986],[106.730745,-6.326498],[106.730311,-6.326298],[106.730378,-6.325213],[106.730606,-6.324712],[106.730593,-6.324485],[106.730349,-6.32379],[106.730381,-6.323395],[106.730242,-6.323385],[106.730236,-6.322574],[106.729868,-6.322542],[106.729858,-6.322278],[106.730367,-6.322368],[106.730413,-6.322009],[106.730834,-6.322078],[106.730791,-6.322496],[106.730987,-6.323096],[106.730896,-6.323749],[106.731067,-6.324248],[106.732572,-6.324544],[106.732623,-6.324253],[106.732086,-6.324128],[106.732257,-6.3229],[106.731767,-6.322087],[106.730929,-6.321887],[106.731234,-6.321106],[106.731841,-6.321969],[106.732569,-6.323392],[106.732695,-6.323533],[106.732711,-6.323771],[106.7328,-6.323792],[106.732827,-6.323872],[106.732757,-6.324261],[106.732685,-6.324293],[106.732599,-6.324842],[106.732492,-6.325072],[106.732384,-6.325898],[106.731899,-6.326799],[106.731582,-6.326725],[106.731475,-6.326911],[106.731239,-6.326986]]]},"properties":{"layer_id":"legalitas","jenis":"legal","nama":"Komplek Departemen Agama","sumber":"OSM (status: contoh)","atribut":{"status":"HGB","peruntukan":"Permukiman"}}},{"type":"Feature","geometry":{"type":"Polygon","coordinates":[[[106.7314,-6.331696],[106.73034,-6.33176],[106.73026,-6.331347],[106.730289,-6.330867],[106.730244,-6.330665],[106.730356,-6.330635],[106.730287,-6.330553],[106.730201,-6.330598],[106.730161,-6.330537],[106.73022,-6.330497],[106.730131,-6.330348],[106.729667,-6.329724],[106.729482,-6.329252],[106.729418,-6.328857],[106.729543,-6.328806],[106.729203,-6.328031],[106.728879,-6.328017],[106.728782,-6.328124],[106.728801,-6.328692],[106.728541,-6.328881],[106.728592,-6.329942],[106.726918,-6.329942],[106.726905,-6.330036],[106.726738,-6.330049],[106.726226,-6.329937],[106.726274,-6.329721],[106.72614,-6.329665],[106.726288,-6.329228],[106.726086,-6.329164],[106.726076,-6.328641],[106.726253,-6.328639],[106.726264,-6.328282],[106.726001,-6.328276],[106.725993,-6.327799],[106.726145,-6.327338],[106.726368,-6.327351],[106.726416,-6.327159],[106.726634,-6.327189],[106.72662,-6.327298],[106.726905,-6.327359],[106.726907,-6.327252],[106.727366,-6.327282],[106.727371,-6.326903],[106.727782,-6.3269],[106.72779,-6.326546],[106.728637,-6.326527],[106.72864,-6.325845],[106.728844,-6.32524],[106.728546,-6.325042],[106.728372,-6.324984],[106.728407,-6.324805],[106.729056,-6.324915],[106.729037,-6.324467],[106.729517,-6.324456],[106.729495,-6.324888],[106.729764,-6.324904],[106.729898,-6.32336],[106.730381,-6.323395],[106.730349,-6.32379],[106.730593,-6.324485],[106.730606,-6.324712],[106.730378,-6.325213],[106.730338,-6.325624],[106.729893,-6.325568],[106.729571,-6.325965],[106.729581,-6.326581],[106.729801,-6.326602],[106.730069,-6.326354],[106.730311,-6.326298],[106.730745,-6.326498],[106.731239,-6.326986],[106.730815,-6.327284],[106.730804,-6.327639],[106.729957,-6.327607],[106.729895,-6.328151],[106.730131,-6.328226],[106.73008,-6.328479],[106.729469,-6.328383],[106.729642,-6.328766],[106.729718,-6.328735],[106.729858,-6.328887],[106.730069,-6.329292],[106.730252,-6.329233],[106.730488,-6.329681],[106.730552,-6.32966],[106.730606,-6.329788],[106.730365,-6.329878],[106.730684,-6.33043],[106.730979,-6.331206],[106.731113,-6.331318],[106.731448,-6.331307],[106.7314,-6.331696]]]},"properties":{"layer_id":"legalitas","jenis":"legal","nama":"Villa Pamulang Mas","sumber":"OSM (status: contoh)","atribut":{"status":"SHM","peruntukan":"Permukiman"}}},{"type":"Feature","geometry":{"type":"Polygon","coordinates":[[[106.730804,-6.327639],[106.729957,-6.327607],[106.729895,-6.328151],[106.730131,-6.328226],[106.73008,-6.328479],[106.730469,-6.328535],[106.731102,-6.32854],[106.731134,-6.3281],[106.730748,-6.328025],[106.730804,-6.327639]]]},"properties":{"layer_id":"legalitas","jenis":"legal","nama":"Bumi Pamulang Asri","sumber":"OSM (status: contoh)","atribut":{"status":"HGB","peruntukan":"Permukiman"}}},{"type":"Feature","geometry":{"type":"Polygon","coordinates":[[[106.730252,-6.329233],[106.730225,-6.328833],[106.73011,-6.328839],[106.730094,-6.32854],[106.72978,-6.328495],[106.729718,-6.328735],[106.730069,-6.329292],[106.730252,-6.329233]]]},"properties":{"layer_id":"legalitas","jenis":"legal","nama":"Puri Angkasa 1","sumber":"OSM (status: contoh)","atribut":{"status":"HGB","peruntukan":"Permukiman"}}},{"type":"Feature","geometry":{"type":"Polygon","coordinates":[[[106.729026,-6.330905],[106.729039,-6.330571],[106.72967,-6.330555],[106.729707,-6.330665],[106.729536,-6.330681],[106.729514,-6.330918],[106.729026,-6.330905]]]},"properties":{"layer_id":"legalitas","jenis":"legal","nama":"Pamulang Heritage 2","sumber":"OSM (status: contoh)","atribut":{"status":"SHGB dalam proses","peruntukan":"Permukiman"}}},{"type":"Feature","geometry":{"type":"Polygon","coordinates":[[[106.727146,-6.332613],[106.726422,-6.332675],[106.72644,-6.332784],[106.726328,-6.332797],[106.726331,-6.33288],[106.726516,-6.332867],[106.726529,-6.332979],[106.726585,-6.332973],[106.726593,-6.333224],[106.727151,-6.333216],[106.727151,-6.332992],[106.727194,-6.332994],[106.727146,-6.332613]]]},"properties":{"layer_id":"legalitas","jenis":"legal","nama":"Kavling Lele","sumber":"OSM (status: contoh)","atribut":{"status":"SHGB dalam proses","peruntukan":"Permukiman"}}},{"type":"Feature","geometry":{"type":"Polygon","coordinates":[[[106.727838,-6.332256],[106.727626,-6.332232],[106.727631,-6.331942],[106.72757,-6.331942],[106.727559,-6.331771],[106.727953,-6.331787],[106.727953,-6.331886],[106.727881,-6.331886],[106.727838,-6.332256]]]},"properties":{"layer_id":"legalitas","jenis":"legal","nama":"Kayu Manis Greenhill","sumber":"OSM (status: contoh)","atribut":{"status":"SHM","peruntukan":"Permukiman"}}},{"type":"Feature","geometry":{"type":"Polygon","coordinates":[[[106.724732,-6.328849],[106.724625,-6.328828],[106.724602,-6.32894],[106.724508,-6.328919],[106.724592,-6.329237],[106.724916,-6.329298],[106.724968,-6.329109],[106.725232,-6.329174],[106.725276,-6.328988],[106.724732,-6.328849]]]},"properties":{"layer_id":"legalitas","jenis":"legal","nama":"Taman Rusa Residence 3","sumber":"OSM (status: contoh)","atribut":{"status":"SHGB dalam proses","peruntukan":"Permukiman"}}},{"type":"Feature","geometry":{"type":"Polygon","coordinates":[[[106.723373,-6.339844],[106.72287,-6.339747],[106.722887,-6.339126],[106.723753,-6.339262],[106.723726,-6.339369],[106.723477,-6.339513],[106.723373,-6.339844]]]},"properties":{"layer_id":"legalitas","jenis":"legal","nama":"Harmoni Mas","sumber":"OSM (status: contoh)","atribut":{"status":"SHM","peruntukan":"Permukiman"}}},{"type":"Feature","geometry":{"type":"Polygon","coordinates":[[[106.728565,-6.336828],[106.728519,-6.337188],[106.728854,-6.337129],[106.728935,-6.337017],[106.7289,-6.336871],[106.729718,-6.336705],[106.729758,-6.336881],[106.729579,-6.336911],[106.729627,-6.337247],[106.729796,-6.337241],[106.729895,-6.338129],[106.72952,-6.338193],[106.729587,-6.338516],[106.729922,-6.338476],[106.729922,-6.33899],[106.730037,-6.338985],[106.730062,-6.339137],[106.72908,-6.339326],[106.729174,-6.339933],[106.729218,-6.340062],[106.729606,-6.340349],[106.72991,-6.340529],[106.730454,-6.340661],[106.730692,-6.340898],[106.73079,-6.341189],[106.730712,-6.341535],[106.730118,-6.341587],[106.729997,-6.341357],[106.729096,-6.341432],[106.729093,-6.341581],[106.728841,-6.341563],[106.728793,-6.34193],[106.728623,-6.341874],[106.728613,-6.3414],[106.728707,-6.341387],[106.728608,-6.340611],[106.728286,-6.34067],[106.727959,-6.340883],[106.727881,-6.3408],[106.727543,-6.34091],[106.727594,-6.341075],[106.727132,-6.341136],[106.727071,-6.340824],[106.726918,-6.340859],[106.726843,-6.340494],[106.728182,-6.340256],[106.728489,-6.340252],[106.728487,-6.34019],[106.728577,-6.340178],[106.728531,-6.339842],[106.728066,-6.339908],[106.728018,-6.339675],[106.726856,-6.339897],[106.726642,-6.33851],[106.726572,-6.338526],[106.72665,-6.338156],[106.727154,-6.338062],[106.727194,-6.338297],[106.727897,-6.338206],[106.728278,-6.338222],[106.728066,-6.336919],[106.728406,-6.3369],[106.728411,-6.336844],[106.728007,-6.336852],[106.728007,-6.336068],[106.727846,-6.33606],[106.727835,-6.335063],[106.727781,-6.335057],[106.727766,-6.335247],[106.726926,-6.335103],[106.726939,-6.334776],[106.727261,-6.333539],[106.727151,-6.33352],[106.727151,-6.332992],[106.728002,-6.333032],[106.728002,-6.333432],[106.728415,-6.333525],[106.728396,-6.333616],[106.728763,-6.333701],[106.728745,-6.333837],[106.728944,-6.333764],[106.729028,-6.333004],[106.729544,-6.333059],[106.729479,-6.333624],[106.729817,-6.333656],[106.729785,-6.334201],[106.729548,-6.334194],[106.729563,-6.334102],[106.72873,-6.333953],[106.728715,-6.334061],[106.728047,-6.333952],[106.72802,-6.33432],[106.727841,-6.334312],[106.727789,-6.334956],[106.727841,-6.334958],[106.727849,-6.334813],[106.728074,-6.334786],[106.728648,-6.334906],[106.728672,-6.334831],[106.729066,-6.334885],[106.729069,-6.334941],[106.729284,-6.335005],[106.729238,-6.33521],[106.729141,-6.335202],[106.729133,-6.335391],[106.729077,-6.335397],[106.729066,-6.336466],[106.72886,-6.336727],[106.728565,-6.336828]]]},"properties":{"layer_id":"legalitas","jenis":"legal","nama":"Gria Jakarta","sumber":"OSM (status: contoh)","atribut":{"status":"SHM","peruntukan":"Permukiman"}}},{"type":"Feature","geometry":{"type":"Polygon","coordinates":[[[106.731183,-6.334365],[106.731526,-6.334266],[106.731014,-6.333581],[106.730966,-6.333477],[106.73067,-6.333485],[106.730617,-6.334221],[106.731043,-6.334269],[106.731183,-6.334365]]]},"properties":{"layer_id":"legalitas","jenis":"legal","nama":"Kavling Alam Segar","sumber":"OSM (status: contoh)","atribut":{"status":"SHM","peruntukan":"Permukiman"}}},{"type":"Feature","geometry":{"type":"Polygon","coordinates":[[[106.730893,-6.33332],[106.730888,-6.333192],[106.731462,-6.332936],[106.731488,-6.333032],[106.730893,-6.33332]]]},"properties":{"layer_id":"legalitas","jenis":"legal","nama":"Oscar Indah Residence 2","sumber":"OSM (status: contoh)","atribut":{"status":"SHM","peruntukan":"Permukiman"}}},{"type":"Feature","geometry":{"type":"Polygon","coordinates":[[[106.730893,-6.33332],[106.730966,-6.333477],[106.731014,-6.333581],[106.731582,-6.333277],[106.731488,-6.333032],[106.730893,-6.33332]]]},"properties":{"layer_id":"legalitas","jenis":"legal","nama":"Oscar Residence","sumber":"OSM (status: contoh)","atribut":{"status":"SHGB dalam proses","peruntukan":"Permukiman"}}},{"type":"Feature","geometry":{"type":"Polygon","coordinates":[[[106.731427,-6.334117],[106.73133,-6.333978],[106.731716,-6.333733],[106.731794,-6.333853],[106.731427,-6.334117]]]},"properties":{"layer_id":"legalitas","jenis":"legal","nama":"Casavilla Townhouse","sumber":"OSM (status: contoh)","atribut":{"status":"SHM","peruntukan":"Permukiman"}}},{"type":"Feature","geometry":{"type":"Polygon","coordinates":[[[106.732682,-6.336154],[106.732086,-6.336298],[106.731698,-6.335562],[106.732237,-6.335453],[106.732143,-6.335098],[106.732505,-6.335013],[106.732406,-6.334663],[106.732323,-6.334663],[106.732282,-6.334549],[106.732349,-6.334522],[106.732084,-6.334192],[106.731904,-6.334117],[106.731609,-6.33432],[106.731389,-6.334389],[106.731454,-6.334757],[106.731282,-6.334776],[106.731287,-6.335226],[106.731336,-6.335226],[106.731378,-6.335658],[106.730904,-6.335705],[106.731,-6.336799],[106.731252,-6.336807],[106.731277,-6.337121],[106.731415,-6.337354],[106.731464,-6.338089],[106.731995,-6.338154],[106.732046,-6.338286],[106.732331,-6.338196],[106.732315,-6.337612],[106.732626,-6.337508],[106.732927,-6.337265],[106.732685,-6.336527],[106.732682,-6.336154]]]},"properties":{"layer_id":"legalitas","jenis":"legal","nama":"Gria Jakarta 2","sumber":"OSM (status: contoh)","atribut":{"status":"Girik","peruntukan":"Permukiman"}}},{"type":"Feature","geometry":{"type":"Polygon","coordinates":[[[106.72444,-6.329958],[106.724262,-6.32998],[106.724284,-6.330182],[106.72412,-6.330561],[106.724072,-6.330929],[106.724249,-6.331057],[106.724386,-6.331067],[106.724431,-6.330598],[106.724944,-6.330771],[106.724989,-6.330366],[106.725199,-6.330369],[106.725164,-6.330116],[106.724665,-6.33015],[106.724639,-6.329854],[106.72444,-6.329958]]]},"properties":{"layer_id":"legalitas","jenis":"legal","nama":"Bamboo Prime Residence","sumber":"OSM (status: contoh)","atribut":{"status":"SHGB dalam proses","peruntukan":"Permukiman"}}},{"type":"Feature","geometry":{"type":"Polygon","coordinates":[[[106.726592,-6.332277],[106.726389,-6.332302],[106.726355,-6.331659],[106.726416,-6.331651],[106.726398,-6.331374],[106.726768,-6.331358],[106.726669,-6.331505],[106.726685,-6.332043],[106.726607,-6.332032],[106.726592,-6.332277]]]},"properties":{"layer_id":"legalitas","jenis":"legal","nama":"Griya Pratama Asri","sumber":"OSM (status: contoh)","atribut":{"status":"SHGB dalam proses","peruntukan":"Permukiman"}}},{"type":"Feature","geometry":{"type":"Polygon","coordinates":[[[106.726588,-6.332336],[106.726607,-6.332032],[106.726685,-6.332043],[106.726682,-6.331774],[106.727079,-6.331824],[106.727108,-6.332291],[106.726588,-6.332336]]]},"properties":{"layer_id":"legalitas","jenis":"legal","nama":"D'Green Residence","sumber":"OSM (status: contoh)","atribut":{"status":"SHGB dalam proses","peruntukan":"Permukiman"}}},{"type":"Feature","geometry":{"type":"Polygon","coordinates":[[[106.781376,-6.556343],[106.781497,-6.556302],[106.781402,-6.555948],[106.781769,-6.555931],[106.782034,-6.556017],[106.782006,-6.556181],[106.781947,-6.556195],[106.781965,-6.556312],[106.781397,-6.556399],[106.781376,-6.556343]]]},"properties":{"layer_id":"legalitas","jenis":"legal","nama":"Residence 28","sumber":"OSM (status: contoh)","atribut":{"status":"HGB","peruntukan":"Permukiman"}}},{"type":"Feature","geometry":{"type":"Polygon","coordinates":[[[106.71704,-6.338618],[106.716531,-6.338658],[106.716543,-6.338815],[106.717045,-6.338787],[106.71704,-6.338618]]]},"properties":{"layer_id":"legalitas","jenis":"legal","nama":"Rosela 4","sumber":"OSM (status: contoh)","atribut":{"status":"HGB","peruntukan":"Permukiman"}}},{"type":"Feature","geometry":{"type":"Polygon","coordinates":[[[106.718445,-6.339707],[106.718383,-6.33947],[106.71903,-6.339505],[106.71904,-6.339726],[106.71882,-6.339731],[106.718855,-6.339824],[106.718582,-6.33992],[106.718445,-6.339707]]]},"properties":{"layer_id":"legalitas","jenis":"legal","nama":"Tanjung Benoa","sumber":"OSM (status: contoh)","atribut":{"status":"SHGB dalam proses","peruntukan":"Permukiman"}}},{"type":"Feature","geometry":{"type":"Polygon","coordinates":[[[106.718283,-6.338349],[106.718315,-6.338777],[106.718549,-6.338757],[106.718552,-6.338976],[106.718606,-6.33903],[106.719038,-6.339065],[106.719086,-6.338676],[106.718855,-6.338654],[106.718879,-6.338308],[106.718283,-6.338349]]]},"properties":{"layer_id":"legalitas","jenis":"legal","nama":"Sanur","sumber":"OSM (status: contoh)","atribut":{"status":"Girik","peruntukan":"Permukiman"}}},{"type":"Feature","geometry":{"type":"Polygon","coordinates":[[[106.718496,-6.337099],[106.718166,-6.337139],[106.718264,-6.338224],[106.718655,-6.338178],[106.718622,-6.337729],[106.718743,-6.337702],[106.718637,-6.337089],[106.718496,-6.337099]]]},"properties":{"layer_id":"legalitas","jenis":"legal","nama":"Jimbaran","sumber":"OSM (status: contoh)","atribut":{"status":"SHGB dalam proses","peruntukan":"Permukiman"}}},{"type":"Feature","geometry":{"type":"Polygon","coordinates":[[[106.718142,-6.336567],[106.718177,-6.337091],[106.71849,-6.337041],[106.718474,-6.336551],[106.718142,-6.336567]]]},"properties":{"layer_id":"legalitas","jenis":"legal","nama":"Legian","sumber":"OSM (status: contoh)","atribut":{"status":"HGB","peruntukan":"Permukiman"}}},{"type":"Feature","geometry":{"type":"Polygon","coordinates":[[[106.713897,-6.327593],[106.713832,-6.325334],[106.713341,-6.32513],[106.712992,-6.324837],[106.712469,-6.32468],[106.71226,-6.325008],[106.711847,-6.325141],[106.711991,-6.32536],[106.711599,-6.32578],[106.71205,-6.326216],[106.712279,-6.326746],[106.712354,-6.327099],[106.712352,-6.327678],[106.713897,-6.327593]]]},"properties":{"layer_id":"legalitas","jenis":"legal","nama":"Alam Asri 3","sumber":"OSM (status: contoh)","atribut":{"status":"Girik","peruntukan":"Permukiman"}}},{"type":"Feature","geometry":{"type":"Polygon","coordinates":[[[106.714526,-6.329539],[106.713925,-6.328647],[106.713897,-6.327593],[106.712352,-6.327678],[106.712436,-6.32831],[106.712581,-6.328774],[106.712558,-6.329326],[106.712261,-6.329809],[106.712452,-6.329941],[106.712369,-6.330139],[106.712264,-6.33022],[106.712151,-6.330192],[106.711894,-6.330672],[106.711789,-6.331341],[106.712305,-6.331448],[106.712195,-6.331694],[106.712905,-6.331686],[106.713015,-6.330745],[106.713671,-6.330745],[106.713676,-6.330399],[106.713373,-6.330408],[106.713363,-6.329557],[106.714526,-6.329539]]]},"properties":{"layer_id":"legalitas","jenis":"legal","nama":"Alam Asri 1","sumber":"OSM (status: contoh)","atribut":{"status":"HGB","peruntukan":"Permukiman"}}},{"type":"Feature","geometry":{"type":"Polygon","coordinates":[[[106.714515,-6.328953],[106.714261,-6.328577],[106.71418,-6.325362],[106.714459,-6.325394],[106.714676,-6.325717],[106.714827,-6.326253],[106.714832,-6.326951],[106.715028,-6.328164],[106.714972,-6.328904],[106.714515,-6.328953]]]},"properties":{"layer_id":"legalitas","jenis":"legal","nama":"Alam Asri 2","sumber":"OSM (status: contoh)","atribut":{"status":"HGB","peruntukan":"Permukiman"}}},{"type":"Feature","geometry":{"type":"Polygon","coordinates":[[[106.71808,-6.332904],[106.718122,-6.33316],[106.718394,-6.333149],[106.718689,-6.333315],[106.719178,-6.334069],[106.718458,-6.334496],[106.718072,-6.334533],[106.718077,-6.33484],[106.71841,-6.334815],[106.718418,-6.334722],[106.71874,-6.334741],[106.718724,-6.335141],[106.71922,-6.335055],[106.719319,-6.335215],[106.719679,-6.335359],[106.719668,-6.33654],[106.71973,-6.336793],[106.720446,-6.336791],[106.72043,-6.336167],[106.720743,-6.336142],[106.720671,-6.335906],[106.720735,-6.335604],[106.721422,-6.335234],[106.721537,-6.334671],[106.721073,-6.333661],[106.720481,-6.332893],[106.719284,-6.333624],[106.718895,-6.332992],[106.718753,-6.332876],[106.71808,-6.332904]]]},"properties":{"layer_id":"legalitas","jenis":"legal","nama":"Maribaya","sumber":"OSM (status: contoh)","atribut":{"status":"HGB","peruntukan":"Permukiman"}}},{"type":"Feature","geometry":{"type":"Polygon","coordinates":[[[106.717418,-6.331308],[106.717515,-6.331114],[106.717663,-6.331206],[106.71773,-6.331286],[106.717496,-6.331381],[106.717418,-6.331308]]]},"properties":{"layer_id":"legalitas","jenis":"legal","nama":"Gianyar 1","sumber":"OSM (status: contoh)","atribut":{"status":"Girik","peruntukan":"Permukiman"}}},{"type":"Feature","geometry":{"type":"Polygon","coordinates":[[[106.716834,-6.331019],[106.716964,-6.331079],[106.717092,-6.330883],[106.716959,-6.330815],[106.716834,-6.331019]]]},"properties":{"layer_id":"legalitas","jenis":"legal","nama":"Gianyar 2","sumber":"OSM (status: contoh)","atribut":{"status":"Girik","peruntukan":"Permukiman"}}},{"type":"Feature","geometry":{"type":"Polygon","coordinates":[[[106.716564,-6.330925],[106.716674,-6.330945],[106.716834,-6.331019],[106.716959,-6.330815],[106.716683,-6.330718],[106.716564,-6.330925]]]},"properties":{"layer_id":"legalitas","jenis":"legal","nama":"Gianyar 3","sumber":"OSM (status: contoh)","atribut":{"status":"SHM","peruntukan":"Permukiman"}}},{"type":"Feature","geometry":{"type":"Polygon","coordinates":[[[106.716385,-6.330892],[106.716386,-6.330678],[106.716683,-6.330718],[106.716564,-6.330925],[106.716385,-6.330892]]]},"properties":{"layer_id":"legalitas","jenis":"legal","nama":"Gianyar 4","sumber":"OSM (status: contoh)","atribut":{"status":"Girik","peruntukan":"Permukiman"}}},{"type":"Feature","geometry":{"type":"Polygon","coordinates":[[[106.716211,-6.330369],[106.716172,-6.330529],[106.716636,-6.330442],[106.716661,-6.330346],[106.716256,-6.330238],[106.716211,-6.330369]]]},"properties":{"layer_id":"legalitas","jenis":"legal","nama":"Tanah Lot 4","sumber":"OSM (status: contoh)","atribut":{"status":"SHM","peruntukan":"Permukiman"}}},{"type":"Feature","geometry":{"type":"Polygon","coordinates":[[[106.718063,-6.331351],[106.718123,-6.331634],[106.718333,-6.331606],[106.718278,-6.331288],[106.718063,-6.331351]]]},"properties":{"layer_id":"legalitas","jenis":"legal","nama":"Tanah Lot 1","sumber":"OSM (status: contoh)","atribut":{"status":"Girik","peruntukan":"Permukiman"}}},{"type":"Feature","geometry":{"type":"Polygon","coordinates":[[[106.718159,-6.330977],[106.717942,-6.331065],[106.718063,-6.331351],[106.718278,-6.331288],[106.71826,-6.331227],[106.718159,-6.330977]]]},"properties":{"layer_id":"legalitas","jenis":"legal","nama":"Tanah Lot 2","sumber":"OSM (status: contoh)","atribut":{"status":"SHM","peruntukan":"Permukiman"}}},{"type":"Feature","geometry":{"type":"Polygon","coordinates":[[[106.717878,-6.330986],[106.717675,-6.330739],[106.717849,-6.330585],[106.718091,-6.330841],[106.717878,-6.330986]]]},"properties":{"layer_id":"legalitas","jenis":"legal","nama":"Tanah Lot 3","sumber":"OSM (status: contoh)","atribut":{"status":"HGB","peruntukan":"Permukiman"}}},{"type":"Feature","geometry":{"type":"Polygon","coordinates":[[[106.718371,-6.335293],[106.718085,-6.335309],[106.718067,-6.334959],[106.7184,-6.334938],[106.718371,-6.335293]]]},"properties":{"layer_id":"legalitas","jenis":"legal","nama":"Kuta","sumber":"OSM (status: contoh)","atribut":{"status":"HGB","peruntukan":"Permukiman"}}},{"type":"Feature","geometry":{"type":"Polygon","coordinates":[[[106.71826,-6.331227],[106.718091,-6.330841],[106.717619,-6.330382],[106.717005,-6.330233],[106.716943,-6.330118],[106.717659,-6.32991],[106.717652,-6.329788],[106.718399,-6.329636],[106.718568,-6.329828],[106.718753,-6.329962],[106.718461,-6.330048],[106.718552,-6.330328],[106.719056,-6.330282],[106.719139,-6.330751],[106.719679,-6.330761],[106.719697,-6.331201],[106.718582,-6.331265],[106.718552,-6.331182],[106.71826,-6.331227]]]},"properties":{"layer_id":"legalitas","jenis":"legal","nama":"Ubud","sumber":"OSM (status: contoh)","atribut":{"status":"Girik","peruntukan":"Permukiman"}}},{"type":"Feature","geometry":{"type":"Polygon","coordinates":[[[106.719697,-6.331201],[106.719689,-6.331137],[106.720493,-6.331131],[106.720506,-6.331061],[106.720947,-6.331134],[106.720415,-6.331675],[106.720398,-6.332027],[106.720482,-6.332569],[106.720481,-6.332893],[106.719284,-6.333624],[106.718895,-6.332992],[106.718753,-6.332876],[106.718387,-6.332885],[106.718346,-6.331699],[106.71826,-6.331227],[106.718552,-6.331182],[106.718582,-6.331265],[106.719697,-6.331201]]]},"properties":{"layer_id":"legalitas","jenis":"legal","nama":"Tampak Siring","sumber":"OSM (status: contoh)","atribut":{"status":"SHM","peruntukan":"Permukiman"}}},{"type":"Feature","geometry":{"type":"Polygon","coordinates":[[[106.717788,-6.337025],[106.71766,-6.333707],[106.717046,-6.333709],[106.717045,-6.333874],[106.715939,-6.333901],[106.71595,-6.334358],[106.716031,-6.336226],[106.716849,-6.336266],[106.716975,-6.33646],[106.717297,-6.336447],[106.717308,-6.337051],[106.717788,-6.337025]]]},"properties":{"layer_id":"legalitas","jenis":"legal","nama":"Parangtritis","sumber":"OSM (status: contoh)","atribut":{"status":"SHM","peruntukan":"Permukiman"}}},{"type":"Feature","geometry":{"type":"Polygon","coordinates":[[[106.718504,-6.341168],[106.718445,-6.340608],[106.718045,-6.339803],[106.717967,-6.339438],[106.717788,-6.337025],[106.717308,-6.337051],[106.717326,-6.33718],[106.716943,-6.337319],[106.71661,-6.337252],[106.716489,-6.337636],[106.716691,-6.33779],[106.717031,-6.337868],[106.717023,-6.337925],[106.717352,-6.338067],[106.717417,-6.338942],[106.717353,-6.338953],[106.717359,-6.339856],[106.716817,-6.339888],[106.716924,-6.340256],[106.717026,-6.340235],[106.71708,-6.34075],[106.716675,-6.340797],[106.716731,-6.341099],[106.717292,-6.341064],[106.717305,-6.341179],[106.717967,-6.340998],[106.718088,-6.341568],[106.718115,-6.342096],[106.718587,-6.34204],[106.718504,-6.341168]]]},"properties":{"layer_id":"legalitas","jenis":"legal","nama":"Nusa Dua","sumber":"OSM (status: contoh)","atribut":{"status":"HGB","peruntukan":"Permukiman"}}},{"type":"Feature","geometry":{"type":"Polygon","coordinates":[[[106.718957,-6.342264],[106.719095,-6.341817],[106.719205,-6.341843],[106.719373,-6.341765],[106.719467,-6.341829],[106.719435,-6.342109],[106.719217,-6.342069],[106.719181,-6.342252],[106.718957,-6.342264]]]},"properties":{"layer_id":"legalitas","jenis":"legal","nama":"Dream Land","sumber":"OSM (status: contoh)","atribut":{"status":"SHGB dalam proses","peruntukan":"Permukiman"}}},{"type":"Feature","geometry":{"type":"Polygon","coordinates":[[[106.718958,-6.342843],[106.718845,-6.34243],[106.718386,-6.342549],[106.718507,-6.342941],[106.71874,-6.342866],[106.718769,-6.34293],[106.718958,-6.342843]]]},"properties":{"layer_id":"legalitas","jenis":"legal","nama":"Uluwatu","sumber":"OSM (status: contoh)","atribut":{"status":"HGB","peruntukan":"Permukiman"}}},{"type":"Feature","geometry":{"type":"Polygon","coordinates":[[[106.720679,-6.34206],[106.720719,-6.341667],[106.720129,-6.341687],[106.72014,-6.341801],[106.71999,-6.341808],[106.719979,-6.342042],[106.720061,-6.342044],[106.72005,-6.342371],[106.721165,-6.342298],[106.721161,-6.342234],[106.720695,-6.342246],[106.720679,-6.34206]]]},"properties":{"layer_id":"legalitas","jenis":"legal","nama":"Graha Mutiara","sumber":"OSM (status: contoh)","atribut":{"status":"SHGB dalam proses","peruntukan":"Permukiman"}}},{"type":"Feature","geometry":{"type":"Polygon","coordinates":[[[106.72005,-6.342371],[106.720057,-6.342509],[106.719936,-6.342536],[106.71988,-6.34237],[106.719389,-6.342588],[106.719445,-6.342714],[106.719316,-6.342767],[106.719634,-6.343322],[106.720256,-6.343247],[106.72037,-6.343143],[106.721044,-6.343066],[106.721165,-6.342298],[106.72005,-6.342371]]]},"properties":{"layer_id":"legalitas","jenis":"legal","nama":"Komplek Makadam","sumber":"OSM (status: contoh)","atribut":{"status":"SHM","peruntukan":"Permukiman"}}},{"type":"Feature","geometry":{"type":"Polygon","coordinates":[[[106.721161,-6.342234],[106.721162,-6.342059],[106.720679,-6.34206],[106.720695,-6.342246],[106.721161,-6.342234]]]},"properties":{"layer_id":"legalitas","jenis":"legal","nama":"Cluster 7","sumber":"OSM (status: contoh)","atribut":{"status":"SHM","peruntukan":"Permukiman"}}},{"type":"Feature","geometry":{"type":"Polygon","coordinates":[[[106.721666,-6.340323],[106.721462,-6.34035],[106.721478,-6.340454],[106.721562,-6.34044],[106.721792,-6.340971],[106.721999,-6.340893],[106.721666,-6.340323]]]},"properties":{"layer_id":"legalitas","jenis":"legal","nama":"Bintang Residence 2","sumber":"OSM (status: contoh)","atribut":{"status":"HGB","peruntukan":"Permukiman"}}},{"type":"Feature","geometry":{"type":"Polygon","coordinates":[[[106.72016,-6.339795],[106.720183,-6.339467],[106.720313,-6.339575],[106.720517,-6.339673],[106.720473,-6.339851],[106.72016,-6.339795]]]},"properties":{"layer_id":"legalitas","jenis":"legal","nama":"Orchid Garden 1","sumber":"OSM (status: contoh)","atribut":{"status":"SHM","peruntukan":"Permukiman"}}},{"type":"Feature","geometry":{"type":"Polygon","coordinates":[[[106.720011,-6.33941],[106.720003,-6.339774],[106.719826,-6.339751],[106.719793,-6.339719],[106.719795,-6.339377],[106.720011,-6.33941]]]},"properties":{"layer_id":"legalitas","jenis":"legal","nama":"Kayu Manis Residence","sumber":"OSM (status: contoh)","atribut":{"status":"SHM","peruntukan":"Permukiman"}}},{"type":"Feature","geometry":{"type":"Polygon","coordinates":[[[106.719795,-6.339377],[106.719857,-6.338923],[106.720086,-6.339006],[106.720168,-6.338586],[106.72041,-6.338613],[106.720387,-6.338705],[106.720835,-6.338834],[106.720788,-6.339042],[106.720857,-6.339119],[106.720827,-6.339275],[106.720636,-6.339233],[106.720584,-6.339499],[106.719795,-6.339377]]]},"properties":{"layer_id":"legalitas","jenis":"legal","nama":"Orchid Garden 3","sumber":"OSM (status: contoh)","atribut":{"status":"SHM","peruntukan":"Permukiman"}}},{"type":"Feature","geometry":{"type":"Polygon","coordinates":[[[106.719397,-6.339187],[106.719748,-6.339245],[106.719764,-6.339074],[106.719417,-6.33902],[106.719397,-6.339187]]]},"properties":{"layer_id":"legalitas","jenis":"legal","nama":"Griya Verina","sumber":"OSM (status: contoh)","atribut":{"status":"SHM","peruntukan":"Permukiman"}}},{"type":"Feature","geometry":{"type":"Polygon","coordinates":[[[106.719449,-6.338376],[106.719746,-6.338378],[106.719697,-6.338854],[106.719432,-6.338839],[106.719443,-6.338621],[106.719449,-6.338376]]]},"properties":{"layer_id":"legalitas","jenis":"legal","nama":"Tree Residence","sumber":"OSM (status: contoh)","atribut":{"status":"SHGB dalam proses","peruntukan":"Permukiman"}}},{"type":"Feature","geometry":{"type":"Polygon","coordinates":[[[106.719139,-6.338357],[106.719127,-6.338608],[106.719443,-6.338621],[106.719449,-6.338376],[106.719139,-6.338357]]]},"properties":{"layer_id":"legalitas","jenis":"legal","nama":"Grand Citra Gading","sumber":"OSM (status: contoh)","atribut":{"status":"SHM","peruntukan":"Permukiman"}}},{"type":"Feature","geometry":{"type":"Polygon","coordinates":[[[106.718527,-6.335919],[106.718563,-6.335602],[106.718806,-6.335602],[106.718807,-6.335923],[106.718527,-6.335919]]]},"properties":{"layer_id":"legalitas","jenis":"legal","nama":"Cluster Camara","sumber":"OSM (status: contoh)","atribut":{"status":"HGB","peruntukan":"Permukiman"}}},{"type":"Feature","geometry":{"type":"Polygon","coordinates":[[[106.718862,-6.335912],[106.718866,-6.336151],[106.719189,-6.336147],[106.71919,-6.335898],[106.718862,-6.335912]]]},"properties":{"layer_id":"legalitas","jenis":"legal","nama":"Griya Shafa","sumber":"OSM (status: contoh)","atribut":{"status":"SHM","peruntukan":"Permukiman"}}},{"type":"Feature","geometry":{"type":"Polygon","coordinates":[[[106.718806,-6.336199],[106.718519,-6.336191],[106.718527,-6.335919],[106.718807,-6.335923],[106.718806,-6.336199]]]},"properties":{"layer_id":"legalitas","jenis":"legal","nama":"The Royal Dago","sumber":"OSM (status: contoh)","atribut":{"status":"HGB","peruntukan":"Permukiman"}}},{"type":"Feature","geometry":{"type":"Polygon","coordinates":[[[106.718875,-6.336574],[106.718858,-6.336356],[106.719188,-6.336343],[106.719182,-6.336563],[106.718875,-6.336574]]]},"properties":{"layer_id":"legalitas","jenis":"legal","nama":"Villa Bunda","sumber":"OSM (status: contoh)","atribut":{"status":"Girik","peruntukan":"Permukiman"}}},{"type":"Feature","geometry":{"type":"Polygon","coordinates":[[[106.716154,-6.333896],[106.716141,-6.333379],[106.717021,-6.33336],[106.717027,-6.333528],[106.717046,-6.333709],[106.717045,-6.333874],[106.716154,-6.333896]]]},"properties":{"layer_id":"legalitas","jenis":"legal","nama":"Taman Anggrek","sumber":"OSM (status: contoh)","atribut":{"status":"SHM","peruntukan":"Permukiman"}}},{"type":"Feature","geometry":{"type":"Polygon","coordinates":[[[106.713599,-6.330742],[106.713015,-6.330745],[106.712905,-6.331686],[106.712195,-6.331694],[106.712305,-6.331448],[106.711789,-6.331341],[106.711894,-6.330672],[106.712151,-6.330192],[106.712264,-6.33022],[106.712369,-6.330139],[106.712452,-6.329941],[106.712261,-6.329809],[106.712558,-6.329326],[106.712581,-6.328774],[106.712436,-6.32831],[106.712279,-6.326746],[106.71205,-6.326216],[106.711599,-6.32578],[106.711991,-6.32536],[106.711847,-6.325141],[106.71226,-6.325008],[106.712469,-6.32468],[106.712992,-6.324837],[106.713341,-6.32513],[106.713668,-6.325296],[106.714459,-6.325394],[106.714574,-6.325522],[106.714827,-6.326253],[106.714832,-6.326951],[106.715028,-6.328164],[106.714963,-6.329015],[106.715132,-6.329294],[106.71536,-6.329329],[106.715508,-6.329494],[106.715513,-6.33026],[106.716211,-6.330369],[106.716256,-6.330238],[106.7166,-6.330325],[106.716748,-6.330065],[106.716943,-6.330118],[106.717659,-6.32991],[106.717652,-6.329788],[106.718399,-6.329636],[106.718753,-6.329962],[106.718461,-6.330048],[106.718552,-6.330328],[106.719056,-6.330282],[106.719139,-6.330751],[106.719679,-6.330761],[106.719689,-6.331137],[106.720493,-6.331131],[106.720506,-6.331061],[106.720947,-6.331134],[106.720415,-6.331675],[106.720481,-6.332893],[106.721073,-6.333661],[106.721537,-6.334671],[106.721422,-6.335234],[106.720735,-6.335604],[106.720671,-6.335906],[106.720743,-6.336142],[106.72043,-6.336167],[106.720446,-6.336791],[106.71973,-6.336793],[106.719668,-6.33654],[106.719679,-6.335359],[106.719319,-6.335215],[106.71922,-6.335055],[106.718724,-6.335141],[106.71874,-6.334741],[106.718418,-6.334722],[106.718364,-6.33537],[106.718209,-6.335837],[106.718102,-6.335858],[106.718142,-6.336567],[106.718474,-6.336551],[106.718496,-6.337099],[106.718637,-6.337089],[106.718743,-6.337702],[106.718622,-6.337729],[106.718665,-6.338305],[106.718879,-6.338308],[106.718855,-6.338654],[106.719086,-6.338676],[106.719038,-6.339065],[106.718606,-6.33903],[106.718611,-6.339134],[106.718364,-6.339145],[106.718383,-6.33947],[106.71903,-6.339505],[106.71904,-6.339726],[106.71882,-6.339731],[106.718855,-6.339824],[106.718582,-6.33992],[106.718791,-6.34039],[106.719011,-6.340318],[106.71911,-6.340752],[106.718879,-6.340774],[106.718901,-6.341086],[106.719467,-6.341829],[106.719435,-6.342109],[106.719217,-6.342069],[106.719181,-6.342252],[106.719105,-6.342257],[106.719125,-6.342446],[106.719634,-6.343322],[106.71992,-6.343318],[106.720256,-6.343247],[106.72037,-6.343143],[106.720773,-6.343103],[106.72075,-6.343577],[106.720457,-6.344228],[106.719679,-6.344244],[106.719679,-6.343503],[106.718988,-6.343552],[106.718998,-6.34341],[106.71874,-6.342866],[106.718507,-6.342941],[106.718386,-6.342549],[106.718606,-6.34249],[106.718587,-6.34204],[106.718115,-6.342096],[106.718088,-6.341568],[106.717967,-6.340998],[106.717305,-6.341179],[106.717292,-6.341064],[106.716731,-6.341099],[106.716675,-6.340797],[106.71708,-6.34075],[106.717026,-6.340235],[106.716924,-6.340256],[106.716817,-6.339888],[106.717359,-6.339856],[106.717353,-6.338953],[106.717417,-6.338942],[106.717352,-6.338067],[106.717023,-6.337925],[106.717031,-6.337868],[106.716691,-6.33779],[106.716489,-6.337636],[106.71661,-6.337252],[106.716943,-6.337319],[106.717326,-6.33718],[106.717297,-6.336447],[106.716975,-6.33646],[106.716849,-6.336266],[106.716031,-6.336226],[106.715939,-6.333901],[106.717045,-6.333874],[106.717005,-6.332922],[106.717022,-6.332799],[106.717264,-6.332762],[106.717247,-6.332403],[106.717,-6.332406],[106.716998,-6.332272],[106.716495,-6.332306],[106.716495,-6.3321],[106.716238,-6.332075],[106.716234,-6.331633],[106.715827,-6.331632],[106.715813,-6.331975],[106.715506,-6.331988],[106.7155,-6.331816],[106.715298,-6.331816],[106.715301,-6.33201],[106.715182,-6.332015],[106.715176,-6.331234],[106.714732,-6.331218],[106.714728,-6.331441],[106.714308,-6.331455],[106.714291,-6.331262],[106.713888,-6.331284],[106.713885,-6.331142],[106.713585,-6.331147],[106.713599,-6.330742]]]},"properties":{"layer_id":"legalitas","jenis":"legal","nama":"Vila Dago","sumber":"OSM (status: contoh)","atribut":{"status":"HGB","peruntukan":"Permukiman"}}},{"type":"Feature","geometry":{"type":"Polygon","coordinates":[[[106.712826,-6.321446],[106.712991,-6.320981],[106.713276,-6.321402],[106.713464,-6.321785],[106.713405,-6.321782],[106.713335,-6.32163],[106.712807,-6.321491],[106.712826,-6.321446]]]},"properties":{"layer_id":"legalitas","jenis":"legal","nama":"South Serpong Residence","sumber":"OSM (status: contoh)","atribut":{"status":"SHM","peruntukan":"Permukiman"}}},{"type":"Feature","geometry":{"type":"Polygon","coordinates":[[[106.716602,-6.322273],[106.716184,-6.322521],[106.716287,-6.322644],[106.716033,-6.322746],[106.715462,-6.322201],[106.715596,-6.322099],[106.715521,-6.322011],[106.71558,-6.321963],[106.715948,-6.322323],[106.716355,-6.322089],[106.716602,-6.322273]]]},"properties":{"layer_id":"legalitas","jenis":"legal","nama":"Somerhill House","sumber":"OSM (status: contoh)","atribut":{"status":"SHM","peruntukan":"Permukiman"}}},{"type":"Feature","geometry":{"type":"Polygon","coordinates":[[[106.716774,-6.326082],[106.716402,-6.326129],[106.716291,-6.326182],[106.716522,-6.326509],[106.716585,-6.326515],[106.716846,-6.32677],[106.716774,-6.326082]]]},"properties":{"layer_id":"legalitas","jenis":"legal","nama":"Nara Home","sumber":"OSM (status: contoh)","atribut":{"status":"SHM","peruntukan":"Permukiman"}}},{"type":"Feature","geometry":{"type":"Polygon","coordinates":[[[106.714894,-6.325493],[106.715537,-6.325616],[106.715881,-6.326343],[106.715521,-6.326493],[106.715623,-6.326951],[106.716184,-6.326842],[106.716503,-6.327727],[106.716911,-6.327666],[106.716894,-6.327535],[106.717163,-6.327436],[106.717104,-6.327314],[106.717187,-6.327189],[106.71734,-6.32729],[106.717446,-6.327533],[106.71754,-6.327582],[106.717595,-6.328015],[106.717766,-6.328433],[106.717388,-6.328484],[106.71774,-6.329776],[106.717652,-6.329788],[106.717659,-6.32991],[106.716943,-6.330118],[106.716748,-6.330065],[106.7166,-6.330325],[106.716256,-6.330238],[106.716211,-6.330369],[106.715513,-6.33026],[106.715508,-6.329494],[106.71536,-6.329329],[106.715132,-6.329294],[106.714963,-6.329015],[106.715028,-6.328164],[106.714832,-6.326951],[106.714827,-6.326253],[106.714676,-6.325717],[106.714894,-6.325493]]]},"properties":{"layer_id":"legalitas","jenis":"legal","nama":"Perumahan Benda Baru","sumber":"OSM (status: contoh)","atribut":{"status":"SHM","peruntukan":"Permukiman"}}},{"type":"Feature","geometry":{"type":"Polygon","coordinates":[[[106.71734,-6.32729],[106.717187,-6.327189],[106.716846,-6.32677],[106.716774,-6.326082],[106.716889,-6.325794],[106.716836,-6.325325],[106.715755,-6.325352],[106.715728,-6.32556],[106.715537,-6.325616],[106.714894,-6.325493],[106.714676,-6.325717],[106.714459,-6.325394],[106.713832,-6.325334],[106.713767,-6.32516],[106.713858,-6.32464],[106.714054,-6.324675],[106.714102,-6.324392],[106.714379,-6.324328],[106.714494,-6.324096],[106.715325,-6.324261],[106.715481,-6.323597],[106.716315,-6.323754],[106.716325,-6.323647],[106.716504,-6.323633],[106.716575,-6.324147],[106.716433,-6.324168],[106.716495,-6.324459],[106.717342,-6.324557],[106.717461,-6.324107],[106.717345,-6.324051],[106.716978,-6.323136],[106.717047,-6.322947],[106.716945,-6.322803],[106.716988,-6.322723],[106.717434,-6.322616],[106.717458,-6.322472],[106.718037,-6.322571],[106.718115,-6.322169],[106.717922,-6.322118],[106.717981,-6.321694],[106.718163,-6.321737],[106.718198,-6.321326],[106.718289,-6.321315],[106.718203,-6.320225],[106.717866,-6.320231],[106.717825,-6.318834],[106.717565,-6.318586],[106.717332,-6.31865],[106.717273,-6.318602],[106.716825,-6.318748],[106.716758,-6.31869],[106.716964,-6.317876],[106.716908,-6.317279],[106.717005,-6.317205],[106.718582,-6.318919],[106.719091,-6.319588],[106.719086,-6.319863],[106.719156,-6.320038],[106.719445,-6.320233],[106.719952,-6.320404],[106.720534,-6.321262],[106.720588,-6.321441],[106.719456,-6.321555],[106.718877,-6.321438],[106.718456,-6.323536],[106.718963,-6.323645],[106.719628,-6.323933],[106.719644,-6.323835],[106.719891,-6.323923],[106.719636,-6.325581],[106.719196,-6.32548],[106.719239,-6.325357],[106.71863,-6.325224],[106.718501,-6.325869],[106.718654,-6.325903],[106.718638,-6.325965],[106.719496,-6.326146],[106.719486,-6.326293],[106.719598,-6.326303],[106.719483,-6.327175],[106.719338,-6.327154],[106.719319,-6.327303],[106.718083,-6.327157],[106.71734,-6.32729]]]},"properties":{"layer_id":"legalitas","jenis":"legal","nama":"Sarua Permai","sumber":"OSM (status: contoh)","atribut":{"status":"HGB","peruntukan":"Permukiman"}}},{"type":"Feature","geometry":{"type":"Polygon","coordinates":[[[106.717308,-6.320217],[106.717417,-6.32057],[106.716773,-6.320789],[106.716628,-6.320613],[106.716451,-6.320693],[106.716374,-6.320489],[106.717308,-6.320217]]]},"properties":{"layer_id":"legalitas","jenis":"legal","nama":"Bukit Mutiara Indah","sumber":"OSM (status: contoh)","atribut":{"status":"SHM","peruntukan":"Permukiman"}}},{"type":"Feature","geometry":{"type":"Polygon","coordinates":[[[106.715819,-6.317162],[106.716361,-6.317154],[106.716363,-6.317663],[106.716071,-6.317717],[106.716062,-6.317561],[106.715741,-6.317604],[106.715677,-6.317173],[106.715819,-6.317162]]]},"properties":{"layer_id":"legalitas","jenis":"legal","nama":"Bukit Padma Indah","sumber":"OSM (status: contoh)","atribut":{"status":"HGB","peruntukan":"Permukiman"}}},{"type":"Feature","geometry":{"type":"Polygon","coordinates":[[[106.787815,-6.350079],[106.787292,-6.35001],[106.786985,-6.350001],[106.7869,-6.350437],[106.787749,-6.350518],[106.787757,-6.350445],[106.787815,-6.350079]]]},"properties":{"layer_id":"legalitas","jenis":"legal","nama":"Perum Lincoln 2","sumber":"OSM (status: contoh)","atribut":{"status":"SHGB dalam proses","peruntukan":"Permukiman"}}},{"type":"Feature","geometry":{"type":"Polygon","coordinates":[[[106.78857,-6.351025],[106.788185,-6.350962],[106.788197,-6.350506],[106.787757,-6.350445],[106.787815,-6.350079],[106.788319,-6.350106],[106.788334,-6.35004],[106.788555,-6.350059],[106.788544,-6.350713],[106.788619,-6.350811],[106.78857,-6.351025]]]},"properties":{"layer_id":"legalitas","jenis":"legal","nama":"Green Ambara Gardenia","sumber":"OSM (status: contoh)","atribut":{"status":"SHM","peruntukan":"Permukiman"}}},{"type":"Feature","geometry":{"type":"Polygon","coordinates":[[[106.78865,-6.35198],[106.788866,-6.351143],[106.788145,-6.351091],[106.788023,-6.351754],[106.788163,-6.351773],[106.788146,-6.351847],[106.78865,-6.35198]]]},"properties":{"layer_id":"legalitas","jenis":"legal","nama":"Amanila Residence","sumber":"OSM (status: contoh)","atribut":{"status":"HGB","peruntukan":"Permukiman"}}},{"type":"Feature","geometry":{"type":"Polygon","coordinates":[[[106.794597,-6.349337],[106.79462,-6.348983],[106.794896,-6.349022],[106.794849,-6.349391],[106.794597,-6.349337]]]},"properties":{"layer_id":"legalitas","jenis":"legal","nama":"D'Aselih Mansion","sumber":"OSM (status: contoh)","atribut":{"status":"SHGB dalam proses","peruntukan":"Permukiman"}}},{"type":"Feature","geometry":{"type":"Polygon","coordinates":[[[106.795318,-6.347041],[106.795367,-6.347077],[106.795569,-6.347104],[106.795525,-6.347427],[106.795292,-6.347403],[106.795294,-6.347343],[106.795318,-6.347041]]]},"properties":{"layer_id":"legalitas","jenis":"legal","nama":"Villa Matoa 2","sumber":"OSM (status: contoh)","atribut":{"status":"HGB","peruntukan":"Permukiman"}}},{"type":"Feature","geometry":{"type":"Polygon","coordinates":[[[106.794738,-6.347603],[106.794848,-6.346974],[106.795318,-6.347041],[106.795294,-6.347343],[106.795143,-6.347329],[106.795139,-6.347669],[106.794738,-6.347603]]]},"properties":{"layer_id":"legalitas","jenis":"legal","nama":"De Viva Residence","sumber":"OSM (status: contoh)","atribut":{"status":"HGB","peruntukan":"Permukiman"}}},{"type":"Feature","geometry":{"type":"Polygon","coordinates":[[[106.79725,-6.347637],[106.797036,-6.347642],[106.797016,-6.34803],[106.797228,-6.348022],[106.79725,-6.347637]]]},"properties":{"layer_id":"legalitas","jenis":"legal","nama":"Aselih Village","sumber":"OSM (status: contoh)","atribut":{"status":"HGB","peruntukan":"Permukiman"}}},{"type":"Feature","geometry":{"type":"Polygon","coordinates":[[[106.7976,-6.349248],[106.797468,-6.349395],[106.79753,-6.349416],[106.797846,-6.34944],[106.797881,-6.349299],[106.7976,-6.349248]]]},"properties":{"layer_id":"legalitas","jenis":"legal","nama":"Aselih Hill","sumber":"OSM (status: contoh)","atribut":{"status":"HGB","peruntukan":"Permukiman"}}},{"type":"Feature","geometry":{"type":"Polygon","coordinates":[[[106.797251,-6.349332],[106.797283,-6.349094],[106.797583,-6.349137],[106.797565,-6.349211],[106.797538,-6.349241],[106.797427,-6.349341],[106.797251,-6.349332]]]},"properties":{"layer_id":"legalitas","jenis":"legal","nama":"Griya Badzlin","sumber":"OSM (status: contoh)","atribut":{"status":"HGB","peruntukan":"Permukiman"}}},{"type":"Feature","geometry":{"type":"Polygon","coordinates":[[[106.795173,-6.350233],[106.795513,-6.350236],[106.795644,-6.349044],[106.795148,-6.348929],[106.795135,-6.34956],[106.794815,-6.349553],[106.79486,-6.349945],[106.795183,-6.349958],[106.795173,-6.350233]]]},"properties":{"layer_id":"legalitas","jenis":"legal","nama":"Lanata 2 Residence","sumber":"OSM (status: contoh)","atribut":{"status":"HGB","peruntukan":"Permukiman"}}},{"type":"Feature","geometry":{"type":"Polygon","coordinates":[[[106.79624,-6.350164],[106.796175,-6.350486],[106.795582,-6.350436],[106.795619,-6.35012],[106.79624,-6.350164]]]},"properties":{"layer_id":"legalitas","jenis":"legal","nama":"Lanata Residence","sumber":"OSM (status: contoh)","atribut":{"status":"HGB","peruntukan":"Permukiman"}}},{"type":"Feature","geometry":{"type":"Polygon","coordinates":[[[106.795668,-6.349788],[106.795619,-6.35012],[106.79624,-6.350164],[106.796273,-6.349844],[106.795668,-6.349788]]]},"properties":{"layer_id":"legalitas","jenis":"legal","nama":"Villa Lontar Asri","sumber":"OSM (status: contoh)","atribut":{"status":"Girik","peruntukan":"Permukiman"}}},{"type":"Feature","geometry":{"type":"Polygon","coordinates":[[[106.796293,-6.34952],[106.796313,-6.349269],[106.795833,-6.349115],[106.79578,-6.349112],[106.795751,-6.349135],[106.7957,-6.349471],[106.796293,-6.34952]]]},"properties":{"layer_id":"legalitas","jenis":"legal","nama":"Fontana Residence 1","sumber":"OSM (status: contoh)","atribut":{"status":"SHM","peruntukan":"Permukiman"}}},{"type":"Feature","geometry":{"type":"Polygon","coordinates":[[[106.796293,-6.34952],[106.796273,-6.349844],[106.795668,-6.349788],[106.7957,-6.349471],[106.796293,-6.34952]]]},"properties":{"layer_id":"legalitas","jenis":"legal","nama":"Akasha Jagakarsa","sumber":"OSM (status: contoh)","atribut":{"status":"SHM","peruntukan":"Permukiman"}}},{"type":"Feature","geometry":{"type":"Polygon","coordinates":[[[106.79635,-6.349176],[106.796653,-6.349224],[106.796828,-6.348416],[106.796808,-6.348374],[106.796401,-6.34835],[106.79635,-6.349176]]]},"properties":{"layer_id":"legalitas","jenis":"legal","nama":"Alam Aselih Residence","sumber":"OSM (status: contoh)","atribut":{"status":"HGB","peruntukan":"Permukiman"}}},{"type":"Feature","geometry":{"type":"Polygon","coordinates":[[[106.79657,-6.350974],[106.796926,-6.349799],[106.797306,-6.349865],[106.797353,-6.349986],[106.79761,-6.349803],[106.797877,-6.350114],[106.797858,-6.350249],[106.797915,-6.350258],[106.797905,-6.350497],[106.797252,-6.350544],[106.797162,-6.350502],[106.797072,-6.35059],[106.796905,-6.351032],[106.79657,-6.350974]]]},"properties":{"layer_id":"legalitas","jenis":"legal","nama":"Pomentia Residence","sumber":"OSM (status: contoh)","atribut":{"status":"Girik","peruntukan":"Permukiman"}}},{"type":"Feature","geometry":{"type":"Polygon","coordinates":[[[106.797078,-6.351037],[106.797252,-6.350544],[106.797502,-6.350533],[106.797507,-6.350712],[106.797456,-6.351038],[106.797078,-6.351037]]]},"properties":{"layer_id":"legalitas","jenis":"legal","nama":"Mango Tree Residence","sumber":"OSM (status: contoh)","atribut":{"status":"HGB","peruntukan":"Permukiman"}}},{"type":"Feature","geometry":{"type":"Polygon","coordinates":[[[106.796159,-6.351599],[106.79622,-6.351014],[106.796053,-6.350989],[106.796009,-6.351345],[106.795876,-6.351338],[106.79586,-6.351585],[106.796159,-6.351599]]]},"properties":{"layer_id":"legalitas","jenis":"legal","nama":"Mutiara Matoa Residence 2","sumber":"OSM (status: contoh)","atribut":{"status":"SHM","peruntukan":"Permukiman"}}},{"type":"Feature","geometry":{"type":"Polygon","coordinates":[[[106.796498,-6.351939],[106.795939,-6.351916],[106.795927,-6.352024],[106.795764,-6.352026],[106.795764,-6.351855],[106.795624,-6.35185],[106.795647,-6.351574],[106.796159,-6.351599],[106.796455,-6.351614],[106.79645,-6.351793],[106.796651,-6.351769],[106.796655,-6.35184],[106.79673,-6.351842],[106.796737,-6.352178],[106.796497,-6.352182],[106.796498,-6.351939]]]},"properties":{"layer_id":"legalitas","jenis":"legal","nama":"Mutiara Matoa Residence","sumber":"OSM (status: contoh)","atribut":{"status":"SHGB dalam proses","peruntukan":"Permukiman"}}},{"type":"Feature","geometry":{"type":"Polygon","coordinates":[[[106.793515,-6.354428],[106.793893,-6.35406],[106.794097,-6.353946],[106.794031,-6.35381],[106.794114,-6.353768],[106.794186,-6.353429],[106.794917,-6.353489],[106.794914,-6.353756],[106.795229,-6.353765],[106.795232,-6.353479],[106.795301,-6.353399],[106.795612,-6.353399],[106.79562,-6.353175],[106.79677,-6.353212],[106.796773,-6.354734],[106.796098,-6.354699],[106.796075,-6.355113],[106.794786,-6.355017],[106.794365,-6.354598],[106.79422,-6.354153],[106.794094,-6.354068],[106.793871,-6.354268],[106.793949,-6.354452],[106.79392,-6.354556],[106.79356,-6.354649],[106.793171,-6.354857],[106.792863,-6.355305],[106.793013,-6.355579],[106.792965,-6.35611],[106.79315,-6.356467],[106.793174,-6.356861],[106.792932,-6.35692],[106.792543,-6.35688],[106.792278,-6.356011],[106.792149,-6.355848],[106.792069,-6.355837],[106.792093,-6.355593],[106.791296,-6.355457],[106.791353,-6.355051],[106.791672,-6.35507],[106.791653,-6.354844],[106.791803,-6.354556],[106.791911,-6.354593],[106.791964,-6.35433],[106.792598,-6.354432],[106.792796,-6.353737],[106.793096,-6.353784],[106.793092,-6.353901],[106.793332,-6.354058],[106.793327,-6.354206],[106.793515,-6.354428]]]},"properties":{"layer_id":"legalitas","jenis":"legal","nama":"Grand Matoa","sumber":"OSM (status: contoh)","atribut":{"status":"SHGB dalam proses","peruntukan":"Permukiman"}}},{"type":"Feature","geometry":{"type":"Polygon","coordinates":[[[106.794535,-6.352964],[106.794593,-6.352635],[106.794861,-6.352664],[106.794856,-6.352955],[106.794535,-6.352964]]]},"properties":{"layer_id":"legalitas","jenis":"legal","nama":"D'Aselih Residence","sumber":"OSM (status: contoh)","atribut":{"status":"HGB","peruntukan":"Permukiman"}}},{"type":"Feature","geometry":{"type":"Polygon","coordinates":[[[106.79393,-6.352608],[106.793975,-6.352359],[106.793744,-6.352279],[106.793704,-6.352394],[106.793592,-6.352374],[106.793596,-6.352308],[106.793468,-6.352219],[106.793414,-6.352258],[106.793397,-6.352542],[106.79393,-6.352608]]]},"properties":{"layer_id":"legalitas","jenis":"legal","nama":"Bamboo Aselih Residence","sumber":"OSM (status: contoh)","atribut":{"status":"SHM","peruntukan":"Permukiman"}}},{"type":"Feature","geometry":{"type":"Polygon","coordinates":[[[106.792519,-6.352114],[106.792683,-6.352106],[106.792852,-6.351965],[106.793029,-6.351674],[106.792965,-6.351389],[106.792291,-6.351335],[106.792101,-6.351263],[106.791854,-6.351898],[106.792519,-6.352114]]]},"properties":{"layer_id":"legalitas","jenis":"legal","nama":"NewLand Matoa","sumber":"OSM (status: contoh)","atribut":{"status":"Girik","peruntukan":"Permukiman"}}},{"type":"Feature","geometry":{"type":"Polygon","coordinates":[[[106.792299,-6.353068],[106.792219,-6.352562],[106.791505,-6.352471],[106.79168,-6.352023],[106.791854,-6.351898],[106.792165,-6.352039],[106.792519,-6.352114],[106.792466,-6.352343],[106.792726,-6.352924],[106.792299,-6.353068]]]},"properties":{"layer_id":"legalitas","jenis":"legal","nama":"Matoa Hill","sumber":"OSM (status: contoh)","atribut":{"status":"HGB","peruntukan":"Permukiman"}}},{"type":"Feature","geometry":{"type":"Polygon","coordinates":[[[106.791609,-6.353913],[106.791551,-6.354165],[106.791968,-6.354278],[106.79201,-6.353997],[106.791609,-6.353913]]]},"properties":{"layer_id":"legalitas","jenis":"legal","nama":"Tenaya","sumber":"OSM (status: contoh)","atribut":{"status":"HGB","peruntukan":"Permukiman"}}},{"type":"Feature","geometry":{"type":"Polygon","coordinates":[[[106.790048,-6.355231],[106.79008,-6.354995],[106.790254,-6.355043],[106.790421,-6.354546],[106.790807,-6.354504],[106.79076,-6.354772],[106.790646,-6.355199],[106.790787,-6.355237],[106.790712,-6.355637],[106.790302,-6.355509],[106.790352,-6.355285],[106.790048,-6.355231]]]},"properties":{"layer_id":"legalitas","jenis":"legal","nama":"Pelangi Matoa","sumber":"OSM (status: contoh)","atribut":{"status":"Girik","peruntukan":"Permukiman"}}},{"type":"Feature","geometry":{"type":"Polygon","coordinates":[[[106.791629,-6.356824],[106.791677,-6.356416],[106.791795,-6.35644],[106.791838,-6.356115],[106.7912,-6.356022],[106.791256,-6.355723],[106.792149,-6.355848],[106.792278,-6.356011],[106.792543,-6.35688],[106.791629,-6.356824]]]},"properties":{"layer_id":"legalitas","jenis":"legal","nama":"De Green Terraces","sumber":"OSM (status: contoh)","atribut":{"status":"HGB","peruntukan":"Permukiman"}}},{"type":"Feature","geometry":{"type":"Polygon","coordinates":[[[106.790894,-6.357221],[106.790915,-6.356751],[106.790126,-6.356721],[106.790112,-6.356968],[106.790167,-6.356971],[106.790164,-6.357208],[106.790894,-6.357221]]]},"properties":{"layer_id":"legalitas","jenis":"legal","nama":"Royal Matoa","sumber":"OSM (status: contoh)","atribut":{"status":"SHM","peruntukan":"Permukiman"}}},{"type":"Feature","geometry":{"type":"Polygon","coordinates":[[[106.790388,-6.360088],[106.790104,-6.360082],[106.790115,-6.359824],[106.789839,-6.359819],[106.789796,-6.359434],[106.789857,-6.359278],[106.790875,-6.359376],[106.790879,-6.35964],[106.790657,-6.359624],[106.790618,-6.359874],[106.790517,-6.359876],[106.790506,-6.360026],[106.79041,-6.360007],[106.790388,-6.360088]]]},"properties":{"layer_id":"legalitas","jenis":"legal","nama":"Laveria Residence","sumber":"OSM (status: contoh)","atribut":{"status":"Girik","peruntukan":"Permukiman"}}},{"type":"Feature","geometry":{"type":"Polygon","coordinates":[[[106.791367,-6.360797],[106.791425,-6.361157],[106.79107,-6.361154],[106.791032,-6.361343],[106.790956,-6.361322],[106.790898,-6.361465],[106.790595,-6.361154],[106.790462,-6.361108],[106.790606,-6.360724],[106.791367,-6.360797]]]},"properties":{"layer_id":"legalitas","jenis":"legal","nama":"Puri Kanaya","sumber":"OSM (status: contoh)","atribut":{"status":"SHM","peruntukan":"Permukiman"}}},{"type":"Feature","geometry":{"type":"Polygon","coordinates":[[[106.791617,-6.36152],[106.791606,-6.361192],[106.792232,-6.36116],[106.792576,-6.361216],[106.792582,-6.361149],[106.793289,-6.361267],[106.793286,-6.361578],[106.792932,-6.361566],[106.792911,-6.361996],[106.792731,-6.361988],[106.792741,-6.361821],[106.792409,-6.361793],[106.792413,-6.36169],[106.792083,-6.36168],[106.792116,-6.361528],[106.791617,-6.36152]]]},"properties":{"layer_id":"legalitas","jenis":"legal","nama":"Coridia Residence","sumber":"OSM (status: contoh)","atribut":{"status":"SHGB dalam proses","peruntukan":"Permukiman"}}},{"type":"Feature","geometry":{"type":"Polygon","coordinates":[[[106.791568,-6.361912],[106.791617,-6.36152],[106.792116,-6.361528],[106.792083,-6.36168],[106.792006,-6.362033],[106.791568,-6.361912]]]},"properties":{"layer_id":"legalitas","jenis":"legal","nama":"Valeria Residence","sumber":"OSM (status: contoh)","atribut":{"status":"Girik","peruntukan":"Permukiman"}}},{"type":"Feature","geometry":{"type":"Polygon","coordinates":[[[106.744865,-6.296614],[106.744784,-6.296645],[106.744878,-6.296914],[106.7448,-6.296951],[106.745449,-6.29854],[106.746152,-6.298262],[106.74608,-6.298091],[106.746546,-6.297888],[106.746432,-6.29776],[106.746537,-6.297714],[106.746412,-6.29723],[106.746262,-6.297018],[106.746181,-6.296711],[106.7459,-6.296719],[106.745798,-6.296481],[106.745384,-6.296623],[106.745327,-6.296497],[106.744865,-6.296614]]]},"properties":{"layer_id":"legalitas","jenis":"legal","nama":"Komplek Cempaka Hijau","sumber":"OSM (status: contoh)","atribut":{"status":"SHM","peruntukan":"Permukiman"}}},{"type":"Feature","geometry":{"type":"Polygon","coordinates":[[[106.746691,-6.293933],[106.746685,-6.293871],[106.746502,-6.293904],[106.746481,-6.293665],[106.746341,-6.293689],[106.74632,-6.293492],[106.745434,-6.293605],[106.74553,-6.29398],[106.745913,-6.29392],[106.745952,-6.294412],[106.746115,-6.294411],[106.746112,-6.294261],[106.746281,-6.293989],[106.746691,-6.293933]]]},"properties":{"layer_id":"legalitas","jenis":"legal","nama":"Komplek Perhubungan Udara","sumber":"OSM (status: contoh)","atribut":{"status":"SHM","peruntukan":"Permukiman"}}},{"type":"Feature","geometry":{"type":"Polygon","coordinates":[[[106.745327,-6.296497],[106.744865,-6.296614],[106.744816,-6.296323],[106.744717,-6.296337],[106.744529,-6.296407],[106.744583,-6.29667],[106.744395,-6.296578],[106.744308,-6.296667],[106.74414,-6.296341],[106.744146,-6.296122],[106.744202,-6.296106],[106.744159,-6.29492],[106.744567,-6.294898],[106.744623,-6.294251],[106.744422,-6.294259],[106.744395,-6.29408],[106.744464,-6.293504],[106.744865,-6.293679],[106.744936,-6.293412],[106.745342,-6.293244],[106.74553,-6.29398],[106.745913,-6.29392],[106.745952,-6.294412],[106.746692,-6.294356],[106.746785,-6.294251],[106.746865,-6.294429],[106.745685,-6.294582],[106.746017,-6.295809],[106.745674,-6.295982],[106.745622,-6.295783],[106.745213,-6.295864],[106.745327,-6.296497]]]},"properties":{"layer_id":"legalitas","jenis":"legal","nama":"Vila Cendana","sumber":"OSM (status: contoh)","atribut":{"status":"HGB","peruntukan":"Permukiman"}}},{"type":"Feature","geometry":{"type":"Polygon","coordinates":[[[106.745329,-6.289568],[106.74538,-6.289128],[106.745094,-6.289075],[106.745055,-6.289289],[106.744693,-6.289285],[106.744573,-6.289995],[106.744531,-6.290265],[106.745219,-6.290345],[106.745329,-6.289568]]]},"properties":{"layer_id":"legalitas","jenis":"legal","nama":"Komplek Harda","sumber":"OSM (status: contoh)","atribut":{"status":"HGB","peruntukan":"Permukiman"}}},{"type":"Feature","geometry":{"type":"Polygon","coordinates":[[[106.744869,-6.292057],[106.744234,-6.292004],[106.74421,-6.292643],[106.744228,-6.292819],[106.74447,-6.292778],[106.744808,-6.292767],[106.744869,-6.292057]]]},"properties":{"layer_id":"legalitas","jenis":"legal","nama":"Banana Estate","sumber":"OSM (status: contoh)","atribut":{"status":"SHM","peruntukan":"Permukiman"}}},{"type":"Feature","geometry":{"type":"Polygon","coordinates":[[[106.744761,-6.291836],[106.744692,-6.291831],[106.744726,-6.291327],[106.744364,-6.291269],[106.744209,-6.29105],[106.743975,-6.290954],[106.743678,-6.290935],[106.743147,-6.290557],[106.742956,-6.290341],[106.742837,-6.289538],[106.743241,-6.28952],[106.743282,-6.290078],[106.743329,-6.290148],[106.743876,-6.290115],[106.74447,-6.290262],[106.74435,-6.290923],[106.744579,-6.29099],[106.744532,-6.291135],[106.744613,-6.291237],[106.744796,-6.291253],[106.744761,-6.291836]]]},"properties":{"layer_id":"legalitas","jenis":"legal","nama":"Lakewood Residence","sumber":"OSM (status: contoh)","atribut":{"status":"SHGB dalam proses","peruntukan":"Permukiman"}}},{"type":"Feature","geometry":{"type":"Polygon","coordinates":[[[106.744761,-6.291836],[106.744796,-6.291253],[106.745043,-6.291279],[106.745031,-6.291879],[106.744761,-6.291836]]]},"properties":{"layer_id":"legalitas","jenis":"legal","nama":"Puri Armata Townhouse","sumber":"OSM (status: contoh)","atribut":{"status":"HGB","peruntukan":"Permukiman"}}},{"type":"Feature","geometry":{"type":"Polygon","coordinates":[[[106.745566,-6.293024],[106.745553,-6.292658],[106.745239,-6.292664],[106.745154,-6.291998],[106.744878,-6.291951],[106.744808,-6.292767],[106.74447,-6.292778],[106.744532,-6.293276],[106.744481,-6.293284],[106.744464,-6.293504],[106.744865,-6.293679],[106.744936,-6.293412],[106.74546,-6.293172],[106.745444,-6.293039],[106.745566,-6.293024]]]},"properties":{"layer_id":"legalitas","jenis":"legal","nama":"Greenwoods Townhouses II","sumber":"OSM (status: contoh)","atribut":{"status":"SHGB dalam proses","peruntukan":"Permukiman"}}},{"type":"Feature","geometry":{"type":"Polygon","coordinates":[[[106.747925,-6.292302],[106.748463,-6.29226],[106.748492,-6.292783],[106.748101,-6.292818],[106.748126,-6.293352],[106.747888,-6.293382],[106.747925,-6.292302]]]},"properties":{"layer_id":"legalitas","jenis":"legal","nama":"Evertree House","sumber":"OSM (status: contoh)","atribut":{"status":"SHGB dalam proses","peruntukan":"Permukiman"}}},{"type":"Feature","geometry":{"type":"Polygon","coordinates":[[[106.748606,-6.292203],[106.748007,-6.292247],[106.747871,-6.292118],[106.747866,-6.291878],[106.748987,-6.291862],[106.749371,-6.291808],[106.74937,-6.292195],[106.748606,-6.292203]]]},"properties":{"layer_id":"legalitas","jenis":"legal","nama":"The Groove","sumber":"OSM (status: contoh)","atribut":{"status":"Girik","peruntukan":"Permukiman"}}},{"type":"Feature","geometry":{"type":"Polygon","coordinates":[[[106.747925,-6.292302],[106.747847,-6.292232],[106.746342,-6.292278],[106.746534,-6.292622],[106.746907,-6.292592],[106.74693,-6.29287],[106.747045,-6.292868],[106.747061,-6.292948],[106.746847,-6.292981],[106.746851,-6.293055],[106.746923,-6.29305],[106.746939,-6.293227],[106.747614,-6.293144],[106.74763,-6.293387],[106.746966,-6.293417],[106.747001,-6.293692],[106.747662,-6.293657],[106.747665,-6.29392],[106.747839,-6.293917],[106.747794,-6.293443],[106.74789,-6.293433],[106.747866,-6.292867],[106.747928,-6.29284],[106.747925,-6.292302]]]},"properties":{"layer_id":"legalitas","jenis":"legal","nama":"Harvest","sumber":"OSM (status: contoh)","atribut":{"status":"HGB","peruntukan":"Permukiman"}}},{"type":"Feature","geometry":{"type":"Polygon","coordinates":[[[106.747839,-6.291436],[106.747794,-6.292175],[106.746311,-6.292225],[106.746224,-6.292079],[106.746886,-6.292007],[106.74693,-6.291449],[106.747054,-6.291468],[106.747096,-6.29089],[106.74752,-6.290922],[106.747513,-6.29143],[106.747839,-6.291436]]]},"properties":{"layer_id":"legalitas","jenis":"legal","nama":"Greenwoods Townhouses","sumber":"OSM (status: contoh)","atribut":{"status":"SHGB dalam proses","peruntukan":"Permukiman"}}},{"type":"Feature","geometry":{"type":"Polygon","coordinates":[[[106.74677,-6.290893],[106.746774,-6.290545],[106.746671,-6.290541],[106.746702,-6.290074],[106.746849,-6.290086],[106.746825,-6.29026],[106.747285,-6.290252],[106.747309,-6.290889],[106.74677,-6.290893]]]},"properties":{"layer_id":"legalitas","jenis":"legal","nama":"Bintan Residence","sumber":"OSM (status: contoh)","atribut":{"status":"Girik","peruntukan":"Permukiman"}}},{"type":"Feature","geometry":{"type":"Polygon","coordinates":[[[106.748724,-6.289965],[106.748653,-6.290226],[106.748476,-6.290202],[106.748464,-6.290391],[106.749273,-6.290412],[106.749284,-6.289968],[106.748724,-6.289965]]]},"properties":{"layer_id":"legalitas","jenis":"legal","nama":"Cemara Residence","sumber":"OSM (status: contoh)","atribut":{"status":"HGB","peruntukan":"Permukiman"}}},{"type":"Feature","geometry":{"type":"Polygon","coordinates":[[[106.745956,-6.280278],[106.746399,-6.280252],[106.746379,-6.280034],[106.74662,-6.280035],[106.746639,-6.279827],[106.74608,-6.279816],[106.746111,-6.279991],[106.745908,-6.280011],[106.745884,-6.279766],[106.745541,-6.279771],[106.745559,-6.280161],[106.745852,-6.280134],[106.745872,-6.280284],[106.745956,-6.280278]]]},"properties":{"layer_id":"legalitas","jenis":"legal","nama":"Residencee 39","sumber":"OSM (status: contoh)","atribut":{"status":"HGB","peruntukan":"Permukiman"}}},{"type":"Feature","geometry":{"type":"Polygon","coordinates":[[[106.744017,-6.283],[106.744738,-6.282813],[106.744913,-6.282875],[106.744969,-6.283437],[106.744768,-6.283485],[106.744824,-6.28392],[106.745186,-6.283872],[106.745031,-6.284333],[106.744733,-6.284541],[106.74443,-6.284621],[106.744301,-6.284519],[106.744175,-6.28381],[106.744173,-6.28341],[106.744097,-6.28341],[106.744017,-6.283]]]},"properties":{"layer_id":"legalitas","jenis":"legal","nama":"Astya Puri","sumber":"OSM (status: contoh)","atribut":{"status":"SHM","peruntukan":"Permukiman"}}},{"type":"Feature","geometry":{"type":"Polygon","coordinates":[[[106.744097,-6.28341],[106.743843,-6.283424],[106.743837,-6.28393],[106.743655,-6.283938],[106.743666,-6.284042],[106.743569,-6.284047],[106.743599,-6.284655],[106.744057,-6.284567],[106.744304,-6.284954],[106.744175,-6.286332],[106.745286,-6.286391],[106.744894,-6.288284],[106.744172,-6.288257],[106.744059,-6.288607],[106.744147,-6.288904],[106.744087,-6.289286],[106.74344,-6.289244],[106.743389,-6.288241],[106.741801,-6.288265],[106.741801,-6.288756],[106.741431,-6.288737],[106.741506,-6.288212],[106.741262,-6.288201],[106.741329,-6.288017],[106.741152,-6.287716],[106.740997,-6.287092],[106.741413,-6.2871],[106.741463,-6.286642],[106.74185,-6.28662],[106.741895,-6.286346],[106.740804,-6.286364],[106.740796,-6.285461],[106.74094,-6.285423],[106.740895,-6.285061],[106.740855,-6.285066],[106.740785,-6.284541],[106.740465,-6.284533],[106.740073,-6.280502],[106.742826,-6.278304],[106.743532,-6.280203],[106.743561,-6.280483],[106.743438,-6.280827],[106.743529,-6.2814],[106.743338,-6.281733],[106.743148,-6.282563],[106.743397,-6.282861],[106.743969,-6.282864],[106.744097,-6.28341]]]},"properties":{"layer_id":"legalitas","jenis":"legal","nama":"Komplek Pertamina","sumber":"OSM (status: contoh)","atribut":{"status":"Girik","peruntukan":"Permukiman"}}},{"type":"Feature","geometry":{"type":"Polygon","coordinates":[[[106.790578,-6.524468],[106.790358,-6.5245],[106.790286,-6.524094],[106.790317,-6.523973],[106.78988,-6.523922],[106.790114,-6.522979],[106.790271,-6.522735],[106.790515,-6.52288],[106.790559,-6.522812],[106.790319,-6.522653],[106.790396,-6.522519],[106.790369,-6.52219],[106.790119,-6.52153],[106.789743,-6.520182],[106.790281,-6.519976],[106.790184,-6.519797],[106.790451,-6.519653],[106.790674,-6.519834],[106.790768,-6.519783],[106.790514,-6.519284],[106.79094,-6.519242],[106.790959,-6.51959],[106.79183,-6.519587],[106.791792,-6.519905],[106.791197,-6.519871],[106.790921,-6.51994],[106.791132,-6.520257],[106.791498,-6.520209],[106.791787,-6.520202],[106.792066,-6.520091],[106.792544,-6.520138],[106.792499,-6.520657],[106.791192,-6.520838],[106.791347,-6.521465],[106.791567,-6.521591],[106.791603,-6.522338],[106.791378,-6.522367],[106.791441,-6.522786],[106.790757,-6.52291],[106.79063,-6.522849],[106.79058,-6.522926],[106.790932,-6.523394],[106.790991,-6.52375],[106.791444,-6.523672],[106.791778,-6.523872],[106.791313,-6.524013],[106.791357,-6.524092],[106.790958,-6.524181],[106.790988,-6.524381],[106.79069,-6.524439],[106.790738,-6.52475],[106.790649,-6.524766],[106.790578,-6.524468]]]},"properties":{"layer_id":"legalitas","jenis":"legal","nama":"Perumahan Nuansa Alam Cilebut Asri","sumber":"OSM (status: contoh)","atribut":{"status":"SHM","peruntukan":"Permukiman"}}},{"type":"Feature","geometry":{"type":"Polygon","coordinates":[[[106.822785,-6.506711],[106.823068,-6.50671],[106.823139,-6.506767],[106.823437,-6.506761],[106.823431,-6.506695],[106.823575,-6.506686],[106.823574,-6.506734],[106.823873,-6.506722],[106.823874,-6.506577],[106.824094,-6.506437],[106.824215,-6.506464],[106.824248,-6.507],[106.824314,-6.507083],[106.824238,-6.507224],[106.824427,-6.507362],[106.824433,-6.507278],[106.82459,-6.50728],[106.824591,-6.507174],[106.824758,-6.507176],[106.824757,-6.507033],[106.82491,-6.507029],[106.824941,-6.507175],[106.825082,-6.507212],[106.825284,-6.507596],[106.825306,-6.508125],[106.825429,-6.508136],[106.825452,-6.50835],[106.825606,-6.508605],[106.825382,-6.508702],[106.825369,-6.508762],[106.825438,-6.508906],[106.825624,-6.508926],[106.825537,-6.509202],[106.825289,-6.509448],[106.824699,-6.509244],[106.824645,-6.509333],[106.824486,-6.50933],[106.82449,-6.509523],[106.824351,-6.509461],[106.82416,-6.509782],[106.824285,-6.509827],[106.824289,-6.509919],[106.824125,-6.510204],[106.824411,-6.510267],[106.82443,-6.51048],[106.824724,-6.510543],[106.824742,-6.510793],[106.82468,-6.510899],[106.82446,-6.510917],[106.824412,-6.511112],[106.824221,-6.511095],[106.824194,-6.511243],[106.824307,-6.511371],[106.824284,-6.5115],[106.82444,-6.511552],[106.824404,-6.511607],[106.823729,-6.51146],[106.823741,-6.511874],[106.823942,-6.511864],[106.823884,-6.512339],[106.823734,-6.512359],[106.82375,-6.512247],[106.823605,-6.512203],[106.82334,-6.512196],[106.823315,-6.512415],[106.822721,-6.512359],[106.822569,-6.513077],[106.822314,-6.512958],[106.822437,-6.512359],[106.822248,-6.512399],[106.821949,-6.512339],[106.821992,-6.512213],[106.822207,-6.512245],[106.822236,-6.511781],[106.822344,-6.511777],[106.822421,-6.511589],[106.822389,-6.511543],[106.822322,-6.511584],[106.821704,-6.511441],[106.821703,-6.511306],[106.820155,-6.510803],[106.820116,-6.510549],[106.820377,-6.510524],[106.820401,-6.509974],[106.820118,-6.509889],[106.819894,-6.509666],[106.819858,-6.509712],[106.819767,-6.509484],[106.81959,-6.509394],[106.819565,-6.509315],[106.819689,-6.509189],[106.819801,-6.509191],[106.81987,-6.508958],[106.819874,-6.508857],[106.819816,-6.508854],[106.819796,-6.508773],[106.819807,-6.508697],[106.819899,-6.50872],[106.819961,-6.508371],[106.819959,-6.507975],[106.819888,-6.507969],[106.81992,-6.507681],[106.819876,-6.507619],[106.819751,-6.507623],[106.819729,-6.507961],[106.819428,-6.507906],[106.819498,-6.507555],[106.81934,-6.507364],[106.819461,-6.506718],[106.819246,-6.506459],[106.819015,-6.50582],[106.819033,-6.505301],[106.819184,-6.50525],[106.819439,-6.505407],[106.819512,-6.50526],[106.819527,-6.505128],[106.819233,-6.504941],[106.819283,-6.504804],[106.819232,-6.504768],[106.819488,-6.50475],[106.819715,-6.504302],[106.819672,-6.504136],[106.819504,-6.504122],[106.819563,-6.503796],[106.819713,-6.503805],[106.819718,-6.504013],[106.820014,-6.504057],[106.819947,-6.503433],[106.8198,-6.503436],[106.819702,-6.503455],[106.819551,-6.503645],[106.819393,-6.503721],[106.819277,-6.503581],[106.819302,-6.503183],[106.818971,-6.50301],[106.818833,-6.503366],[106.818682,-6.503314],[106.818863,-6.502829],[106.819182,-6.502947],[106.819343,-6.502441],[106.818495,-6.50233],[106.818324,-6.501703],[106.818413,-6.501375],[106.818791,-6.501062],[106.818859,-6.500877],[106.819071,-6.500931],[106.819389,-6.500879],[106.819476,-6.500778],[106.81966,-6.500781],[106.819866,-6.501427],[106.819838,-6.501587],[106.819808,-6.501629],[106.81954,-6.501575],[106.819581,-6.501338],[106.819192,-6.501367],[106.819052,-6.502033],[106.8195,-6.502116],[106.819486,-6.502521],[106.819816,-6.502638],[106.819753,-6.502819],[106.819568,-6.502765],[106.819516,-6.503055],[106.819608,-6.502978],[106.819862,-6.50313],[106.819903,-6.502946],[106.820099,-6.502928],[106.820119,-6.503055],[106.820216,-6.503058],[106.820227,-6.503181],[106.82041,-6.503191],[106.820524,-6.503499],[106.820474,-6.503609],[106.820841,-6.503994],[106.820784,-6.504073],[106.820956,-6.504292],[106.821096,-6.505003],[106.82088,-6.505044],[106.820782,-6.50499],[106.82056,-6.505294],[106.820651,-6.505361],[106.820495,-6.505596],[106.820645,-6.505741],[106.821068,-6.505734],[106.821396,-6.5057],[106.821586,-6.505534],[106.821786,-6.50567],[106.821884,-6.505852],[106.822046,-6.505734],[106.822145,-6.505433],[106.822146,-6.50527],[106.822088,-6.505207],[106.822259,-6.5051],[106.822327,-6.505333],[106.822612,-6.505077],[106.822894,-6.505051],[106.82282,-6.505651],[106.823097,-6.50595],[106.823138,-6.506293],[106.822992,-6.506315],[106.822768,-6.50652],[106.822497,-6.506511],[106.822238,-6.506418],[106.822076,-6.506448],[106.822021,-6.506323],[106.821904,-6.506422],[106.821574,-6.506058],[106.821212,-6.506412],[106.821577,-6.506729],[106.821546,-6.506897],[106.821667,-6.507603],[106.821824,-6.507521],[106.822094,-6.507494],[106.822394,-6.507265],[106.822345,-6.507086],[106.822408,-6.507069],[106.822516,-6.50707],[106.822639,-6.507412],[106.82243,-6.507747],[106.822361,-6.50777],[106.822274,-6.507787],[106.822198,-6.507547],[106.821894,-6.507588],[106.821878,-6.507714],[106.821658,-6.507825],[106.821084,-6.507781],[106.821157,-6.508186],[106.821303,-6.508202],[106.821293,-6.508462],[106.821339,-6.508475],[106.821355,-6.508951],[106.821175,-6.508939],[106.821176,-6.509103],[106.821309,-6.509113],[106.821324,-6.509432],[106.821562,-6.50975],[106.821496,-6.50977],[106.821453,-6.510261],[106.821707,-6.510307],[106.821791,-6.510607],[106.82283,-6.511014],[106.82319,-6.510963],[106.823139,-6.510808],[106.823332,-6.510747],[106.823459,-6.509059],[106.823767,-6.509058],[106.823761,-6.508974],[106.823824,-6.508966],[106.823807,-6.508344],[106.823309,-6.508281],[106.823154,-6.507743],[106.823184,-6.507386],[106.823026,-6.507377],[106.822825,-6.507139],[106.822785,-6.506711]]]},"properties":{"layer_id":"legalitas","jenis":"legal","nama":"Bogor Asri","sumber":"OSM (status: contoh)","atribut":{"status":"Girik","peruntukan":"Permukiman"}}},{"type":"Feature","geometry":{"type":"Polygon","coordinates":[[[106.821851,-6.505797],[106.821746,-6.50563],[106.821586,-6.505534],[106.821353,-6.505072],[106.821838,-6.505008],[106.821876,-6.504657],[106.822099,-6.504627],[106.822059,-6.504327],[106.822198,-6.504305],[106.822446,-6.504507],[106.822914,-6.504456],[106.823174,-6.504175],[106.823497,-6.504142],[106.823487,-6.504211],[106.823187,-6.504224],[106.823026,-6.504453],[106.823118,-6.504463],[106.823069,-6.504682],[106.823134,-6.504689],[106.823027,-6.505125],[106.823117,-6.505125],[106.823115,-6.505334],[106.823218,-6.505315],[106.823204,-6.505388],[106.822854,-6.505403],[106.822894,-6.505051],[106.822612,-6.505077],[106.822327,-6.505333],[106.822259,-6.5051],[106.822088,-6.505207],[106.822154,-6.505377],[106.822046,-6.505734],[106.821884,-6.505852],[106.821851,-6.505797]]]},"properties":{"layer_id":"legalitas","jenis":"legal","nama":"Taman Nusa Citra","sumber":"OSM (status: contoh)","atribut":{"status":"SHM","peruntukan":"Permukiman"}}},{"type":"Feature","geometry":{"type":"Polygon","coordinates":[[[106.83475,-6.464062],[106.83485,-6.464097],[106.834824,-6.464313],[106.835088,-6.464374],[106.835029,-6.464697],[106.834938,-6.464683],[106.834815,-6.465121],[106.834351,-6.465018],[106.834392,-6.464418],[106.834458,-6.46426],[106.834323,-6.463993],[106.83475,-6.464062]]]},"properties":{"layer_id":"legalitas","jenis":"legal","nama":"Alam Persada Cibinong","sumber":"OSM (status: contoh)","atribut":{"status":"SHM","peruntukan":"Permukiman"}}},{"type":"Feature","geometry":{"type":"Polygon","coordinates":[[[106.82328,-6.474929],[106.822927,-6.475778],[106.822497,-6.475651],[106.82245,-6.475765],[106.822271,-6.475841],[106.822221,-6.475962],[106.822043,-6.475884],[106.821948,-6.476139],[106.821661,-6.476024],[106.821529,-6.476305],[106.821372,-6.476237],[106.821302,-6.47638],[106.821175,-6.476321],[106.820826,-6.477062],[106.820507,-6.476906],[106.820451,-6.477054],[106.820583,-6.477146],[106.820485,-6.477446],[106.820384,-6.477432],[106.819946,-6.476302],[106.820681,-6.475779],[106.821404,-6.475821],[106.82169,-6.475686],[106.822019,-6.475289],[106.822352,-6.47459],[106.82328,-6.474929]]]},"properties":{"layer_id":"legalitas","jenis":"legal","nama":"Cibinong Raya Residence","sumber":"OSM (status: contoh)","atribut":{"status":"SHGB dalam proses","peruntukan":"Permukiman"}}},{"type":"Feature","geometry":{"type":"Polygon","coordinates":[[[106.833306,-6.511936],[106.833354,-6.511409],[106.83373,-6.510203],[106.833901,-6.510267],[106.833996,-6.510021],[106.833872,-6.509968],[106.834031,-6.509617],[106.833909,-6.509485],[106.833921,-6.509346],[106.834103,-6.509201],[106.834226,-6.509165],[106.834296,-6.509294],[106.834697,-6.509586],[106.83546,-6.510007],[106.835894,-6.510352],[106.836175,-6.511295],[106.835951,-6.511273],[106.83579,-6.511639],[106.835673,-6.511633],[106.835584,-6.511922],[106.835414,-6.511979],[106.835413,-6.513034],[106.83533,-6.514082],[106.834825,-6.51509],[106.834919,-6.515685],[106.835123,-6.516055],[106.836115,-6.516514],[106.836335,-6.516643],[106.836317,-6.516728],[106.836571,-6.516782],[106.836857,-6.517106],[106.8367,-6.517338],[106.836111,-6.51698],[106.835951,-6.517353],[106.835718,-6.517334],[106.83509,-6.51703],[106.83358,-6.515336],[106.83333,-6.513952],[106.833389,-6.51308],[106.833177,-6.513048],[106.833306,-6.511936]]]},"properties":{"layer_id":"legalitas","jenis":"legal","nama":"Metro Residence","sumber":"OSM (status: contoh)","atribut":{"status":"SHGB dalam proses","peruntukan":"Permukiman"}}},{"type":"Feature","geometry":{"type":"Polygon","coordinates":[[[106.843415,-6.473333],[106.843928,-6.473251],[106.844013,-6.473632],[106.843762,-6.47367],[106.843686,-6.473328],[106.843426,-6.473395],[106.843415,-6.473333]]]},"properties":{"layer_id":"legalitas","jenis":"legal","nama":"Cluster Pesona Sembilan","sumber":"OSM (status: contoh)","atribut":{"status":"SHGB dalam proses","peruntukan":"Permukiman"}}},{"type":"Feature","geometry":{"type":"Polygon","coordinates":[[[106.843732,-6.456609],[106.843725,-6.456445],[106.843797,-6.456427],[106.843805,-6.45631],[106.844023,-6.456326],[106.844056,-6.456455],[106.844037,-6.456646],[106.843732,-6.456609]]]},"properties":{"layer_id":"legalitas","jenis":"legal","nama":"Madinah Residence 5","sumber":"OSM (status: contoh)","atribut":{"status":"SHM","peruntukan":"Permukiman"}}},{"type":"Feature","geometry":{"type":"Polygon","coordinates":[[[106.834861,-6.506113],[106.835317,-6.506209],[106.835321,-6.506165],[106.835571,-6.506258],[106.835663,-6.50585],[106.83574,-6.505874],[106.835883,-6.505286],[106.835825,-6.50518],[106.835715,-6.505153],[106.835767,-6.504898],[106.835873,-6.504769],[106.836657,-6.504967],[106.83669,-6.504602],[106.836353,-6.504603],[106.8363,-6.504484],[106.836195,-6.504643],[106.836062,-6.504583],[106.836119,-6.504468],[106.835838,-6.504408],[106.83571,-6.504126],[106.834691,-6.503977],[106.834614,-6.503028],[106.834432,-6.502059],[106.834465,-6.50191],[106.834648,-6.501903],[106.834571,-6.501685],[106.83476,-6.501485],[106.835043,-6.501328],[106.834938,-6.501237],[106.835264,-6.501183],[106.83529,-6.501302],[106.835708,-6.501699],[106.835988,-6.502387],[106.83648,-6.502081],[106.836538,-6.502221],[106.835989,-6.502507],[106.836083,-6.502841],[106.836442,-6.503425],[106.836443,-6.5038],[106.836875,-6.503901],[106.83675,-6.504288],[106.83684,-6.504399],[106.836967,-6.504297],[106.837302,-6.504684],[106.837507,-6.505109],[106.837799,-6.505422],[106.838338,-6.505725],[106.837873,-6.506486],[106.837734,-6.506492],[106.837694,-6.506657],[106.837497,-6.506663],[106.837221,-6.50758],[106.837024,-6.50752],[106.837113,-6.507246],[106.836973,-6.507196],[106.837202,-6.506711],[106.836958,-6.506655],[106.836969,-6.506589],[106.836836,-6.506566],[106.836694,-6.50686],[106.836413,-6.506713],[106.83623,-6.506726],[106.83606,-6.506504],[106.83579,-6.506422],[106.835807,-6.50634],[106.835476,-6.506271],[106.835349,-6.50635],[106.835324,-6.506599],[106.835088,-6.506533],[106.835106,-6.506325],[106.834646,-6.506271],[106.834266,-6.50609],[106.834335,-6.505843],[106.834824,-6.504911],[106.835052,-6.504956],[106.83493,-6.505587],[106.835031,-6.505671],[106.835005,-6.505788],[106.835077,-6.505804],[106.835062,-6.505878],[106.834913,-6.505912],[106.834861,-6.506113]]]},"properties":{"layer_id":"legalitas","jenis":"legal","nama":"Puri Alam Kencana","sumber":"OSM (status: contoh)","atribut":{"status":"SHM","peruntukan":"Permukiman"}}},{"type":"Feature","geometry":{"type":"Polygon","coordinates":[[[106.835823,-6.499508],[106.836231,-6.499424],[106.837119,-6.498992],[106.837141,-6.499326],[106.837054,-6.499609],[106.837155,-6.500001],[106.837766,-6.499854],[106.838085,-6.500123],[106.838379,-6.501648],[106.837576,-6.501838],[106.837585,-6.502062],[106.83758,-6.502161],[106.836939,-6.502336],[106.837016,-6.5028],[106.836924,-6.502903],[106.836706,-6.50294],[106.836483,-6.502075],[106.836304,-6.502191],[106.836217,-6.501816],[106.836065,-6.501608],[106.835999,-6.500902],[106.835736,-6.50018],[106.835837,-6.499963],[106.835823,-6.499508]]]},"properties":{"layer_id":"legalitas","jenis":"legal","nama":"Nanggewer Indah","sumber":"OSM (status: contoh)","atribut":{"status":"HGB","peruntukan":"Permukiman"}}},{"type":"Feature","geometry":{"type":"Polygon","coordinates":[[[106.83227,-6.500838],[106.832098,-6.500983],[106.831896,-6.500929],[106.831874,-6.500213],[106.831819,-6.500109],[106.831283,-6.499848],[106.831101,-6.499825],[106.830436,-6.500755],[106.830006,-6.50046],[106.829744,-6.500889],[106.829346,-6.500625],[106.82887,-6.501104],[106.828443,-6.501841],[106.828236,-6.501744],[106.82852,-6.501067],[106.828272,-6.501],[106.82855,-6.500363],[106.828326,-6.500242],[106.828239,-6.500384],[106.827711,-6.500079],[106.827814,-6.499909],[106.827669,-6.499868],[106.827733,-6.499666],[106.828246,-6.499827],[106.82839,-6.499843],[106.828375,-6.499772],[106.828451,-6.499288],[106.828942,-6.499209],[106.82923,-6.499087],[106.831422,-6.499099],[106.832234,-6.498922],[106.833212,-6.499091],[106.833014,-6.500409],[106.832837,-6.500578],[106.83227,-6.500838]]]},"properties":{"layer_id":"legalitas","jenis":"legal","nama":"Erfina Kencana Regency","sumber":"OSM (status: contoh)","atribut":{"status":"HGB","peruntukan":"Permukiman"}}},{"type":"Feature","geometry":{"type":"Polygon","coordinates":[[[106.828065,-6.506713],[106.82824,-6.506807],[106.828186,-6.506928],[106.827702,-6.506797],[106.827684,-6.506868],[106.827179,-6.507149],[106.827077,-6.507455],[106.827124,-6.50754],[106.826821,-6.507618],[106.826782,-6.507919],[106.827489,-6.507934],[106.827502,-6.508171],[106.826618,-6.508137],[106.826554,-6.508252],[106.826387,-6.508202],[106.826418,-6.508126],[106.826212,-6.508043],[106.826507,-6.507173],[106.825772,-6.506956],[106.825639,-6.507108],[106.825549,-6.507066],[106.825502,-6.507021],[106.825596,-6.506896],[106.825491,-6.506855],[106.825535,-6.506742],[106.825647,-6.506785],[106.825902,-6.506714],[106.825959,-6.506112],[106.826447,-6.506331],[106.826523,-6.506004],[106.82666,-6.50586],[106.826741,-6.505911],[106.826637,-6.506192],[106.826721,-6.506317],[106.826725,-6.506611],[106.827376,-6.506795],[106.827546,-6.506391],[106.827813,-6.50654],[106.828089,-6.506603],[106.828065,-6.506713]]]},"properties":{"layer_id":"legalitas","jenis":"legal","nama":"Bogor Asri Kopasus","sumber":"OSM (status: contoh)","atribut":{"status":"Girik","peruntukan":"Permukiman"}}},{"type":"Feature","geometry":{"type":"Polygon","coordinates":[[[106.825343,-6.504988],[106.825245,-6.505164],[106.824892,-6.50496],[106.824625,-6.505449],[106.824021,-6.505263],[106.824058,-6.505102],[106.824297,-6.505139],[106.824348,-6.504942],[106.824436,-6.504956],[106.82447,-6.504729],[106.824434,-6.504662],[106.824332,-6.50465],[106.824354,-6.504235],[106.824184,-6.504221],[106.824164,-6.504354],[106.823957,-6.504393],[106.823978,-6.504192],[106.824226,-6.504129],[106.824528,-6.503855],[106.825161,-6.503885],[106.825096,-6.50364],[106.824799,-6.503739],[106.82468,-6.503525],[106.825115,-6.503123],[106.82519,-6.502895],[106.825345,-6.502923],[106.825394,-6.502797],[106.825228,-6.502741],[106.825198,-6.502835],[106.824871,-6.502754],[106.82481,-6.502969],[106.824676,-6.502949],[106.824625,-6.503098],[106.824497,-6.503056],[106.82439,-6.503512],[106.823952,-6.503381],[106.823994,-6.503242],[106.823682,-6.503199],[106.823672,-6.503038],[106.823933,-6.503154],[106.823985,-6.503032],[106.824155,-6.503084],[106.824209,-6.50299],[106.824228,-6.502913],[106.824032,-6.502809],[106.824081,-6.502683],[106.824479,-6.502835],[106.824563,-6.502605],[106.824752,-6.502675],[106.824798,-6.502314],[106.825195,-6.502351],[106.825367,-6.50169],[106.824967,-6.501604],[106.825048,-6.501183],[106.825182,-6.500898],[106.825668,-6.501115],[106.82552,-6.50184],[106.825378,-6.502157],[106.825419,-6.502169],[106.825365,-6.502345],[106.825663,-6.50245],[106.825423,-6.502976],[106.825506,-6.502997],[106.825346,-6.50335],[106.825474,-6.503574],[106.825216,-6.503721],[106.82522,-6.50392],[106.825044,-6.503924],[106.825069,-6.504332],[106.825417,-6.504418],[106.82543,-6.50465],[106.825587,-6.504795],[106.825567,-6.505032],[106.825343,-6.504988]]]},"properties":{"layer_id":"legalitas","jenis":"legal","nama":"Buana Asri Cibinong","sumber":"OSM (status: contoh)","atribut":{"status":"HGB","peruntukan":"Permukiman"}}},{"type":"Feature","geometry":{"type":"Polygon","coordinates":[[[106.821711,-6.516022],[106.821645,-6.51582],[106.821942,-6.515382],[106.822136,-6.5146],[106.822226,-6.514572],[106.822446,-6.514046],[106.822446,-6.513599],[106.822534,-6.513502],[106.822657,-6.513484],[106.822757,-6.513305],[106.822799,-6.513337],[106.822704,-6.513531],[106.822827,-6.514068],[106.82263,-6.515135],[106.822748,-6.515308],[106.822824,-6.515272],[106.824233,-6.515532],[106.824319,-6.515999],[106.824327,-6.516503],[106.824272,-6.516564],[106.823435,-6.516362],[106.823333,-6.516635],[106.822968,-6.516693],[106.8229,-6.516502],[106.822793,-6.516451],[106.822733,-6.515945],[106.822481,-6.515894],[106.822085,-6.516153],[106.821745,-6.51608],[106.821711,-6.516022]]]},"properties":{"layer_id":"legalitas","jenis":"legal","nama":"Adiwira Persada","sumber":"OSM (status: contoh)","atribut":{"status":"HGB","peruntukan":"Permukiman"}}},{"type":"Feature","geometry":{"type":"Polygon","coordinates":[[[106.826615,-6.514555],[106.82649,-6.515104],[106.82664,-6.515118],[106.826601,-6.515268],[106.826754,-6.515307],[106.82668,-6.515586],[106.826899,-6.515503],[106.826989,-6.515574],[106.827012,-6.516295],[106.827278,-6.516382],[106.827347,-6.516267],[106.827937,-6.516367],[106.827852,-6.516435],[106.827842,-6.516588],[106.828025,-6.51658],[106.828018,-6.516814],[106.828198,-6.516841],[106.828187,-6.517005],[106.82839,-6.517057],[106.828465,-6.516921],[106.82857,-6.516957],[106.828463,-6.517221],[106.828277,-6.517197],[106.828175,-6.517457],[106.828407,-6.517606],[106.828289,-6.517882],[106.8282,-6.517862],[106.828123,-6.518029],[106.828244,-6.51809],[106.828187,-6.518096],[106.828131,-6.518237],[106.828033,-6.518185],[106.82799,-6.518259],[106.828183,-6.518424],[106.828076,-6.518598],[106.827983,-6.518598],[106.82776,-6.518645],[106.827695,-6.51872],[106.827094,-6.518479],[106.826823,-6.518502],[106.826858,-6.51841],[106.826733,-6.518172],[106.826732,-6.518008],[106.826323,-6.51807],[106.826318,-6.517964],[106.826245,-6.517972],[106.826247,-6.517671],[106.82632,-6.51767],[106.826154,-6.517477],[106.826271,-6.517262],[106.826243,-6.516991],[106.826131,-6.516966],[106.826163,-6.516747],[106.826058,-6.516706],[106.825932,-6.51649],[106.825945,-6.515045],[106.825675,-6.515049],[106.825662,-6.514853],[106.82583,-6.514419],[106.826615,-6.514555]]]},"properties":{"layer_id":"legalitas","jenis":"legal","nama":"Bumi Sentosa 2","sumber":"OSM (status: contoh)","atribut":{"status":"SHM","peruntukan":"Permukiman"}}},{"type":"Feature","geometry":{"type":"Polygon","coordinates":[[[106.837228,-6.499162],[106.837408,-6.499107],[106.837373,-6.49898],[106.837437,-6.498957],[106.837487,-6.499105],[106.837616,-6.499062],[106.837717,-6.499281],[106.83767,-6.499509],[106.837834,-6.499499],[106.837848,-6.499663],[106.837218,-6.499706],[106.837168,-6.499429],[106.837228,-6.499162]]]},"properties":{"layer_id":"legalitas","jenis":"legal","nama":"Bumi Mekar Perdana (BMP)","sumber":"OSM (status: contoh)","atribut":{"status":"Girik","peruntukan":"Permukiman"}}},{"type":"Feature","geometry":{"type":"Polygon","coordinates":[[[106.830495,-6.510595],[106.830597,-6.51043],[106.83133,-6.510779],[106.831324,-6.510897],[106.831225,-6.510873],[106.831161,-6.511069],[106.830209,-6.510834],[106.830355,-6.510511],[106.830495,-6.510595]]]},"properties":{"layer_id":"legalitas","jenis":"legal","nama":"Alam Cibinong Residence","sumber":"OSM (status: contoh)","atribut":{"status":"HGB","peruntukan":"Permukiman"}}},{"type":"Feature","geometry":{"type":"Polygon","coordinates":[[[106.828508,-6.51069],[106.828309,-6.511333],[106.828321,-6.511617],[106.828243,-6.511947],[106.827724,-6.511811],[106.82771,-6.511519],[106.827666,-6.511522],[106.827675,-6.511614],[106.827411,-6.511603],[106.827424,-6.511483],[106.827298,-6.511781],[106.827022,-6.511729],[106.826998,-6.511521],[106.82725,-6.511408],[106.827696,-6.511463],[106.827591,-6.511133],[106.827667,-6.510576],[106.827591,-6.510728],[106.82756,-6.511183],[106.827431,-6.511195],[106.827302,-6.51096],[106.827263,-6.510608],[106.826872,-6.510423],[106.826787,-6.510722],[106.826637,-6.510761],[106.826567,-6.510916],[106.825815,-6.510705],[106.825504,-6.510698],[106.825489,-6.510559],[106.82516,-6.51052],[106.825164,-6.510264],[106.825515,-6.51035],[106.825591,-6.510192],[106.826774,-6.510375],[106.826839,-6.510183],[106.826987,-6.510239],[106.82703,-6.510127],[106.827224,-6.510129],[106.827478,-6.510249],[106.827596,-6.509985],[106.827707,-6.509989],[106.827773,-6.510015],[106.827656,-6.510513],[106.827729,-6.51051],[106.82811,-6.50957],[106.82798,-6.5095],[106.827822,-6.509757],[106.827318,-6.509559],[106.827673,-6.508693],[106.827837,-6.508725],[106.828003,-6.508501],[106.828326,-6.508556],[106.828276,-6.508824],[106.828003,-6.509447],[106.82813,-6.509502],[106.828322,-6.509024],[106.828716,-6.508886],[106.828897,-6.50866],[106.828899,-6.508271],[106.828422,-6.507972],[106.828506,-6.507581],[106.829038,-6.507817],[106.829373,-6.508075],[106.830062,-6.508344],[106.83,-6.508506],[106.829701,-6.508387],[106.82959,-6.508645],[106.829879,-6.508765],[106.829826,-6.508877],[106.829078,-6.509647],[106.828788,-6.509548],[106.8286,-6.509755],[106.828527,-6.509949],[106.828885,-6.510101],[106.828508,-6.51069]]]},"properties":{"layer_id":"legalitas","jenis":"legal","nama":"Permata Bintang","sumber":"OSM (status: contoh)","atribut":{"status":"HGB","peruntukan":"Permukiman"}}},{"type":"Feature","geometry":{"type":"Polygon","coordinates":[[[106.818528,-6.510545],[106.818088,-6.510465],[106.817962,-6.510374],[106.818222,-6.510119],[106.818333,-6.50986],[106.818335,-6.509656],[106.818206,-6.509565],[106.81819,-6.50914],[106.819205,-6.509085],[106.819474,-6.509396],[106.819445,-6.509537],[106.819266,-6.509491],[106.819204,-6.509764],[106.819048,-6.509907],[106.819094,-6.510063],[106.819028,-6.510278],[106.818953,-6.510279],[106.818922,-6.510605],[106.818636,-6.510606],[106.818528,-6.510545]]]},"properties":{"layer_id":"legalitas","jenis":"legal","nama":"Cibipark Residence","sumber":"OSM (status: contoh)","atribut":{"status":"HGB","peruntukan":"Permukiman"}}},{"type":"Feature","geometry":{"type":"Polygon","coordinates":[[[106.813953,-6.507994],[106.813935,-6.508235],[106.813074,-6.508065],[106.813223,-6.507027],[106.814055,-6.507213],[106.813953,-6.507994]]]},"properties":{"layer_id":"legalitas","jenis":"legal","nama":"Shaffa Residence","sumber":"OSM (status: contoh)","atribut":{"status":"HGB","peruntukan":"Permukiman"}}},{"type":"Feature","geometry":{"type":"Polygon","coordinates":[[[106.815679,-6.508296],[106.815745,-6.508306],[106.815784,-6.508214],[106.815693,-6.508196],[106.81572,-6.508027],[106.815553,-6.507968],[106.815643,-6.507597],[106.815811,-6.507595],[106.815817,-6.507383],[106.815632,-6.50739],[106.815655,-6.507217],[106.816035,-6.507304],[106.816089,-6.507456],[106.816263,-6.507519],[106.816257,-6.508339],[106.81595,-6.508251],[106.815892,-6.5084],[106.815807,-6.508384],[106.815781,-6.508625],[106.815396,-6.508607],[106.815342,-6.50879],[106.815437,-6.508848],[106.815427,-6.509014],[106.814692,-6.509002],[106.814693,-6.508924],[106.814591,-6.508913],[106.81458,-6.508976],[106.814358,-6.508947],[106.814369,-6.508843],[106.814288,-6.50884],[106.814278,-6.508772],[106.814404,-6.508782],[106.814437,-6.508638],[106.814619,-6.508686],[106.814598,-6.508814],[106.814971,-6.508838],[106.815003,-6.508474],[106.81512,-6.508484],[106.815098,-6.508592],[106.815309,-6.508634],[106.815378,-6.508422],[106.815383,-6.508286],[106.815316,-6.508258],[106.815353,-6.508175],[106.815679,-6.508296]]]},"properties":{"layer_id":"legalitas","jenis":"legal","nama":"Purimas Perkasa","sumber":"OSM (status: contoh)","atribut":{"status":"Girik","peruntukan":"Permukiman"}}},{"type":"Feature","geometry":{"type":"Polygon","coordinates":[[[106.813116,-6.509768],[106.813517,-6.509788],[106.8135,-6.510262],[106.813732,-6.510263],[106.813355,-6.510578],[106.813357,-6.510314],[106.812829,-6.510268],[106.812903,-6.509393],[106.81314,-6.509414],[106.813116,-6.509768]]]},"properties":{"layer_id":"legalitas","jenis":"legal","nama":"Este Villa Regency","sumber":"OSM (status: contoh)","atribut":{"status":"SHGB dalam proses","peruntukan":"Permukiman"}}},{"type":"Feature","geometry":{"type":"Polygon","coordinates":[[[106.815807,-6.515041],[106.816039,-6.515022],[106.816098,-6.515299],[106.816044,-6.515701],[106.81583,-6.515707],[106.815838,-6.515392],[106.81559,-6.515389],[106.815594,-6.515036],[106.815807,-6.515041]]]},"properties":{"layer_id":"legalitas","jenis":"legal","nama":"Griya Raden Town House","sumber":"OSM (status: contoh)","atribut":{"status":"HGB","peruntukan":"Permukiman"}}},{"type":"Feature","geometry":{"type":"Polygon","coordinates":[[[106.815655,-6.511255],[106.81452,-6.511101],[106.814546,-6.510507],[106.814609,-6.510355],[106.815146,-6.510213],[106.815169,-6.510005],[106.815575,-6.50992],[106.815916,-6.50995],[106.816023,-6.51059],[106.816294,-6.510643],[106.816421,-6.510485],[106.816607,-6.510623],[106.816508,-6.510773],[106.81653,-6.511024],[106.816727,-6.511051],[106.816846,-6.511408],[106.817233,-6.511295],[106.81727,-6.511529],[106.817509,-6.511787],[106.818047,-6.512071],[106.818045,-6.512209],[106.817692,-6.51272],[106.817598,-6.512657],[106.817366,-6.512659],[106.817268,-6.513471],[106.817524,-6.513997],[106.817951,-6.514131],[106.81805,-6.514252],[106.81813,-6.514804],[106.818065,-6.514861],[106.818581,-6.515329],[106.818419,-6.515545],[106.818676,-6.515605],[106.818543,-6.515982],[106.818352,-6.516362],[106.818273,-6.516363],[106.818149,-6.517012],[106.818,-6.516992],[106.817899,-6.517708],[106.817972,-6.518045],[106.817865,-6.518178],[106.818302,-6.518774],[106.818176,-6.518907],[106.818433,-6.519216],[106.818248,-6.519201],[106.818235,-6.51935],[106.818049,-6.519376],[106.817194,-6.519274],[106.817598,-6.516385],[106.817515,-6.516381],[106.81746,-6.516267],[106.817238,-6.515563],[106.816248,-6.515609],[106.816257,-6.515071],[106.816325,-6.515064],[106.816092,-6.514513],[106.816092,-6.514001],[106.816001,-6.513867],[106.81574,-6.513928],[106.815613,-6.513394],[106.815811,-6.513364],[106.816016,-6.513739],[106.816257,-6.513644],[106.815956,-6.512996],[106.81582,-6.512882],[106.816049,-6.512541],[106.816083,-6.512241],[106.815973,-6.512231],[106.816023,-6.51171],[106.815849,-6.511689],[106.815884,-6.511274],[106.815655,-6.511255]]]},"properties":{"layer_id":"legalitas","jenis":"legal","nama":"Taman Cibinong Asri","sumber":"OSM (status: contoh)","atribut":{"status":"SHM","peruntukan":"Permukiman"}}},{"type":"Feature","geometry":{"type":"Polygon","coordinates":[[[106.828142,-6.513083],[106.828223,-6.513089],[106.828423,-6.512574],[106.82816,-6.51238],[106.828406,-6.51174],[106.828597,-6.511726],[106.829444,-6.512163],[106.829339,-6.512413],[106.829461,-6.512471],[106.829362,-6.512654],[106.829606,-6.51278],[106.829514,-6.512947],[106.82989,-6.513166],[106.829683,-6.513675],[106.830297,-6.513962],[106.830458,-6.514077],[106.830409,-6.514131],[106.830328,-6.51404],[106.829229,-6.51351],[106.828948,-6.514192],[106.828479,-6.51394],[106.828418,-6.514115],[106.828459,-6.514401],[106.828265,-6.514444],[106.828094,-6.513969],[106.82787,-6.513755],[106.827779,-6.513534],[106.827879,-6.513037],[106.828142,-6.513083]]]},"properties":{"layer_id":"legalitas","jenis":"legal","nama":"Griya Cibinong Indah","sumber":"OSM (status: contoh)","atribut":{"status":"SHM","peruntukan":"Permukiman"}}},{"type":"Feature","geometry":{"type":"Polygon","coordinates":[[[106.83118,-6.511063],[106.831322,-6.511158],[106.831138,-6.511502],[106.831032,-6.51216],[106.830925,-6.512222],[106.830701,-6.512025],[106.830624,-6.512347],[106.829835,-6.512097],[106.829865,-6.511988],[106.829551,-6.511895],[106.829678,-6.511428],[106.829144,-6.511298],[106.828934,-6.511904],[106.828355,-6.511594],[106.828563,-6.510776],[106.830732,-6.51138],[106.83086,-6.510977],[106.83118,-6.511063]]]},"properties":{"layer_id":"legalitas","jenis":"legal","nama":"Griya Indah Cibinong","sumber":"OSM (status: contoh)","atribut":{"status":"HGB","peruntukan":"Permukiman"}}},{"type":"Feature","geometry":{"type":"Polygon","coordinates":[[[106.81907,-6.522698],[106.818396,-6.522391],[106.818159,-6.52237],[106.818157,-6.522244],[106.818689,-6.522331],[106.818785,-6.522132],[106.81891,-6.522146],[106.818894,-6.522038],[106.819242,-6.522116],[106.819224,-6.522624],[106.81907,-6.522698]]]},"properties":{"layer_id":"legalitas","jenis":"legal","nama":"Griya Asri Karadenan","sumber":"OSM (status: contoh)","atribut":{"status":"HGB","peruntukan":"Permukiman"}}},{"type":"Feature","geometry":{"type":"Polygon","coordinates":[[[106.81276,-6.524378],[106.812641,-6.524353],[106.812657,-6.524258],[106.812519,-6.52408],[106.812533,-6.523529],[106.813305,-6.523639],[106.813244,-6.524364],[106.813067,-6.524336],[106.81305,-6.524503],[106.812905,-6.52448],[106.812862,-6.524817],[106.813006,-6.524842],[106.81299,-6.52494],[106.813112,-6.524955],[106.813093,-6.525079],[106.813239,-6.525102],[106.813312,-6.524661],[106.813937,-6.52483],[106.813954,-6.52469],[106.81432,-6.524702],[106.814628,-6.526163],[106.81471,-6.526264],[106.813938,-6.526177],[106.813929,-6.526268],[106.813763,-6.526253],[106.813654,-6.526875],[106.813102,-6.526748],[106.813116,-6.526649],[106.812939,-6.526582],[106.813017,-6.52612],[106.813322,-6.526174],[106.813352,-6.526038],[106.813779,-6.526123],[106.81384,-6.525619],[106.813481,-6.525541],[106.813383,-6.525896],[106.812735,-6.525793],[106.812787,-6.52542],[106.812633,-6.52535],[106.812536,-6.525384],[106.81244,-6.52573],[106.812294,-6.525698],[106.812344,-6.525349],[106.812491,-6.525397],[106.812527,-6.525341],[106.81267,-6.524779],[106.812816,-6.524794],[106.812893,-6.52436],[106.81276,-6.524378]]]},"properties":{"layer_id":"legalitas","jenis":"legal","nama":"Graha Pandak Permai","sumber":"OSM (status: contoh)","atribut":{"status":"HGB","peruntukan":"Permukiman"}}},{"type":"Feature","geometry":{"type":"Polygon","coordinates":[[[106.813173,-6.518596],[106.813136,-6.519199],[106.812322,-6.519089],[106.812329,-6.518786],[106.812608,-6.518801],[106.81264,-6.518553],[106.813173,-6.518596]]]},"properties":{"layer_id":"legalitas","jenis":"legal","nama":"Puri Karadenan 3","sumber":"OSM (status: contoh)","atribut":{"status":"HGB","peruntukan":"Permukiman"}}},{"type":"Feature","geometry":{"type":"Polygon","coordinates":[[[106.814936,-6.517117],[106.815196,-6.517152],[106.815108,-6.517508],[106.81476,-6.517483],[106.814725,-6.517785],[106.814613,-6.517813],[106.814586,-6.517937],[106.81447,-6.517935],[106.814494,-6.517441],[106.814358,-6.517422],[106.814388,-6.517201],[106.814405,-6.517028],[106.813639,-6.516918],[106.813712,-6.516508],[106.814116,-6.51655],[106.81423,-6.516598],[106.814221,-6.516662],[106.814571,-6.516753],[106.814552,-6.517064],[106.814936,-6.517117]]]},"properties":{"layer_id":"legalitas","jenis":"legal","nama":"Pondok Karadenan Asri","sumber":"OSM (status: contoh)","atribut":{"status":"HGB","peruntukan":"Permukiman"}}},{"type":"Feature","geometry":{"type":"Polygon","coordinates":[[[106.812789,-6.51844],[106.812837,-6.517956],[106.813128,-6.517979],[106.81322,-6.517016],[106.813304,-6.516774],[106.813398,-6.516785],[106.813384,-6.516897],[106.814405,-6.517028],[106.814358,-6.517422],[106.814494,-6.517441],[106.814455,-6.517778],[106.813571,-6.517657],[106.813545,-6.517966],[106.813936,-6.518017],[106.813894,-6.5183],[106.813809,-6.519054],[106.813841,-6.519972],[106.813411,-6.519985],[106.813388,-6.520029],[106.812423,-6.519951],[106.812401,-6.520177],[106.812003,-6.520138],[106.812003,-6.519919],[106.812092,-6.519917],[106.812091,-6.519324],[106.8124,-6.519369],[106.812406,-6.519736],[106.813094,-6.519803],[106.813173,-6.518596],[106.813069,-6.51859],[106.813058,-6.51847],[106.812789,-6.51844]]]},"properties":{"layer_id":"legalitas","jenis":"legal","nama":"Bumi Karadenan Permai","sumber":"OSM (status: contoh)","atribut":{"status":"Girik","peruntukan":"Permukiman"}}},{"type":"Feature","geometry":{"type":"Polygon","coordinates":[[[106.812523,-6.521219],[106.812516,-6.521143],[106.812602,-6.521124],[106.812587,-6.520679],[106.813063,-6.520691],[106.81311,-6.520696],[106.81306,-6.52121],[106.812523,-6.521219]]]},"properties":{"layer_id":"legalitas","jenis":"legal","nama":"Komplek Depsos 1","sumber":"OSM (status: contoh)","atribut":{"status":"Girik","peruntukan":"Permukiman"}}},{"type":"Feature","geometry":{"type":"Polygon","coordinates":[[[106.810912,-6.519395],[106.810986,-6.518527],[106.810435,-6.51849],[106.810474,-6.518082],[106.810194,-6.518069],[106.81015,-6.518422],[106.81009,-6.518438],[106.810073,-6.518847],[106.809809,-6.518862],[106.80982,-6.518448],[106.809711,-6.518441],[106.809713,-6.518316],[106.809528,-6.518289],[106.809609,-6.517669],[106.811547,-6.517747],[106.811728,-6.517183],[106.811734,-6.516865],[106.81185,-6.516858],[106.81179,-6.516473],[106.811889,-6.516502],[106.811889,-6.51664],[106.812115,-6.516719],[106.812108,-6.517215],[106.812318,-6.517228],[106.812322,-6.517321],[106.812858,-6.517376],[106.812836,-6.517979],[106.811613,-6.51789],[106.811586,-6.517943],[106.811447,-6.517918],[106.811408,-6.51803],[106.811434,-6.518086],[106.811618,-6.518087],[106.81162,-6.518238],[106.812055,-6.518237],[106.812053,-6.518609],[106.8121,-6.518611],[106.812099,-6.518504],[106.81264,-6.518553],[106.812608,-6.518801],[106.812096,-6.518772],[106.812052,-6.518696],[106.812052,-6.518802],[106.811683,-6.518783],[106.811634,-6.519721],[106.811321,-6.519744],[106.811245,-6.519998],[106.811186,-6.520021],[106.810845,-6.519993],[106.810912,-6.519395]]]},"properties":{"layer_id":"legalitas","jenis":"legal","nama":"Pondok Karadenan Asri 2","sumber":"OSM (status: contoh)","atribut":{"status":"SHM","peruntukan":"Permukiman"}}},{"type":"Feature","geometry":{"type":"Polygon","coordinates":[[[106.805321,-6.50726],[106.805283,-6.507713],[106.805188,-6.507711],[106.805175,-6.507952],[106.805322,-6.507961],[106.805299,-6.508201],[106.80501,-6.508147],[106.805114,-6.506603],[106.804878,-6.50657],[106.8049,-6.506461],[106.805724,-6.506549],[106.805581,-6.507959],[106.805383,-6.507936],[106.805458,-6.50734],[106.805321,-6.50726]]]},"properties":{"layer_id":"legalitas","jenis":"legal","nama":"Griya Permata Raden","sumber":"OSM (status: contoh)","atribut":{"status":"HGB","peruntukan":"Permukiman"}}},{"type":"Feature","geometry":{"type":"Polygon","coordinates":[[[106.80902,-6.505185],[106.80912,-6.505234],[106.809048,-6.505334],[106.80958,-6.505432],[106.809472,-6.505979],[106.809055,-6.505929],[106.809012,-6.506486],[106.808654,-6.506436],[106.808725,-6.505851],[106.808364,-6.506146],[106.808359,-6.50553],[106.808137,-6.505418],[106.808143,-6.505227],[106.808194,-6.505018],[106.808202,-6.505085],[106.808576,-6.50508],[106.808755,-6.505195],[106.808819,-6.505065],[106.80902,-6.505185]]]},"properties":{"layer_id":"legalitas","jenis":"legal","nama":"Nuansa Alam Residence","sumber":"OSM (status: contoh)","atribut":{"status":"HGB","peruntukan":"Permukiman"}}},{"type":"Feature","geometry":{"type":"Polygon","coordinates":[[[106.809134,-6.509302],[106.80825,-6.509301],[106.808258,-6.509554],[106.807351,-6.509546],[106.80738,-6.509072],[106.807835,-6.509096],[106.807839,-6.508783],[106.808264,-6.508802],[106.808255,-6.508891],[106.808574,-6.508909],[106.808556,-6.509077],[106.808995,-6.509095],[106.809014,-6.50873],[106.809498,-6.508736],[106.809467,-6.509308],[106.809134,-6.509302]]]},"properties":{"layer_id":"legalitas","jenis":"legal","nama":"Mutiara Ummi Residence","sumber":"OSM (status: contoh)","atribut":{"status":"Girik","peruntukan":"Permukiman"}}},{"type":"Feature","geometry":{"type":"Polygon","coordinates":[[[106.809879,-6.508609],[106.809874,-6.509099],[106.810381,-6.509127],[106.810407,-6.508799],[106.81095,-6.508836],[106.810957,-6.508736],[106.811353,-6.508748],[106.811347,-6.510206],[106.811633,-6.510224],[106.81162,-6.510435],[106.811346,-6.510442],[106.81135,-6.510738],[106.811461,-6.510749],[106.811444,-6.51122],[106.811696,-6.511229],[106.8117,-6.511515],[106.811948,-6.511509],[106.811829,-6.511923],[106.811675,-6.511998],[106.811649,-6.512244],[106.811929,-6.512266],[106.811965,-6.512005],[106.812179,-6.512016],[106.812178,-6.512578],[106.812284,-6.512605],[106.81231,-6.513049],[106.811352,-6.513028],[106.811388,-6.513393],[106.810099,-6.513385],[106.810042,-6.513876],[106.809587,-6.513951],[106.809589,-6.514053],[106.809674,-6.514134],[106.810245,-6.514017],[106.810248,-6.514096],[106.81052,-6.514109],[106.810524,-6.513979],[106.811338,-6.513932],[106.811382,-6.514277],[106.811098,-6.514305],[106.811089,-6.514549],[106.81121,-6.514535],[106.811228,-6.514715],[106.811456,-6.514672],[106.811608,-6.515523],[106.8097,-6.515774],[106.809647,-6.515328],[106.809106,-6.515382],[106.808999,-6.514686],[106.80858,-6.514671],[106.808498,-6.514003],[106.808825,-6.513881],[106.808791,-6.513545],[106.808525,-6.513605],[106.808501,-6.51339],[106.808121,-6.51343],[106.808136,-6.513565],[106.807714,-6.513603],[106.807616,-6.513296],[106.807363,-6.513365],[106.807321,-6.513171],[106.807551,-6.513112],[106.807465,-6.512366],[106.807891,-6.512318],[106.807843,-6.512003],[106.807895,-6.512005],[106.8079,-6.511868],[106.807807,-6.511837],[106.807795,-6.511466],[106.808623,-6.511457],[106.808627,-6.510924],[106.808257,-6.51094],[106.80825,-6.509301],[106.80866,-6.509279],[106.809461,-6.509407],[106.809507,-6.508587],[106.809879,-6.508609]]]},"properties":{"layer_id":"legalitas","jenis":"legal","nama":"Puri Nirwana 3","sumber":"OSM (status: contoh)","atribut":{"status":"SHGB dalam proses","peruntukan":"Permukiman"}}},{"type":"Feature","geometry":{"type":"Polygon","coordinates":[[[106.809005,-6.518777],[106.809703,-6.518862],[106.809711,-6.518441],[106.80982,-6.518448],[106.809809,-6.518862],[106.809951,-6.51888],[106.810073,-6.518847],[106.810086,-6.518482],[106.810987,-6.518543],[106.810937,-6.51912],[106.81051,-6.519078],[106.810465,-6.519529],[106.809497,-6.519395],[106.80914,-6.519426],[106.809005,-6.518777]]]},"properties":{"layer_id":"legalitas","jenis":"legal","nama":"Al Azhar Green Garden","sumber":"OSM (status: contoh)","atribut":{"status":"SHM","peruntukan":"Permukiman"}}},{"type":"Feature","geometry":{"type":"Polygon","coordinates":[[[106.80751,-6.51883],[106.807557,-6.518862],[106.807608,-6.518775],[106.807737,-6.518834],[106.807686,-6.518982],[106.807742,-6.519014],[106.807362,-6.519641],[106.807577,-6.51978],[106.807839,-6.519812],[106.807838,-6.519865],[106.807634,-6.519847],[106.807324,-6.519685],[106.807157,-6.519896],[106.806047,-6.520113],[106.806047,-6.520157],[106.805742,-6.520182],[106.805719,-6.519943],[106.806131,-6.519885],[106.806166,-6.519453],[106.806449,-6.519363],[106.806862,-6.519342],[106.806988,-6.519129],[106.806911,-6.5191],[106.806913,-6.518944],[106.807042,-6.518872],[106.80718,-6.518891],[106.807295,-6.518745],[106.80751,-6.51883]]]},"properties":{"layer_id":"legalitas","jenis":"legal","nama":"Griya Karadenan Indah","sumber":"OSM (status: contoh)","atribut":{"status":"HGB","peruntukan":"Permukiman"}}},{"type":"Feature","geometry":{"type":"Polygon","coordinates":[[[106.805577,-6.519176],[106.805672,-6.519183],[106.805698,-6.519253],[106.806116,-6.519199],[106.806161,-6.51907],[106.806332,-6.519025],[106.806396,-6.519382],[106.806166,-6.519453],[106.806144,-6.519551],[106.806131,-6.519885],[106.805533,-6.519951],[106.805498,-6.519887],[106.805635,-6.519701],[106.805577,-6.519176]]]},"properties":{"layer_id":"legalitas","jenis":"legal","nama":"Griya Teras","sumber":"OSM (status: contoh)","atribut":{"status":"Girik","peruntukan":"Permukiman"}}},{"type":"Feature","geometry":{"type":"Polygon","coordinates":[[[106.803656,-6.506023],[106.803656,-6.505941],[106.803895,-6.505942],[106.803933,-6.506265],[106.803868,-6.506271],[106.803846,-6.506465],[106.803944,-6.506476],[106.804028,-6.506698],[106.804164,-6.507983],[106.803485,-6.508166],[106.803153,-6.507356],[106.803578,-6.507296],[106.803532,-6.506825],[106.803656,-6.506023]]]},"properties":{"layer_id":"legalitas","jenis":"legal","nama":"Indah Kirana Residence","sumber":"OSM (status: contoh)","atribut":{"status":"Girik","peruntukan":"Permukiman"}}},{"type":"Feature","geometry":{"type":"Polygon","coordinates":[[[106.809292,-6.500281],[106.810283,-6.500523],[106.810263,-6.500594],[106.80995,-6.500515],[106.809855,-6.500687],[106.80947,-6.500626],[106.809509,-6.500427],[106.809264,-6.500395],[106.809128,-6.500322],[106.809142,-6.500256],[106.808865,-6.500185],[106.808418,-6.49993],[106.808462,-6.499811],[106.808229,-6.499714],[106.808245,-6.499639],[106.808068,-6.499619],[106.807969,-6.499825],[106.807806,-6.49977],[106.807897,-6.499362],[106.807401,-6.499149],[106.807608,-6.498565],[106.807943,-6.49864],[106.807928,-6.49892],[106.808377,-6.499014],[106.808267,-6.499365],[106.808308,-6.499518],[106.808625,-6.499657],[106.809304,-6.499779],[106.809213,-6.50009],[106.809332,-6.500153],[106.809292,-6.500281]]]},"properties":{"layer_id":"legalitas","jenis":"legal","nama":"Emerald Land","sumber":"OSM (status: contoh)","atribut":{"status":"HGB","peruntukan":"Permukiman"}}},{"type":"Feature","geometry":{"type":"Polygon","coordinates":[[[106.815636,-6.497889],[106.815273,-6.497818],[106.815189,-6.497704],[106.815222,-6.497401],[106.814866,-6.497319],[106.814892,-6.497151],[106.814748,-6.497111],[106.814785,-6.496732],[106.815102,-6.496786],[106.817102,-6.497281],[106.817091,-6.497331],[106.816408,-6.497144],[106.816301,-6.497759],[106.815712,-6.4977],[106.815636,-6.497889]]]},"properties":{"layer_id":"legalitas","jenis":"legal","nama":"Lembaga Sensor Film","sumber":"OSM (status: contoh)","atribut":{"status":"Girik","peruntukan":"Permukiman"}}},{"type":"Feature","geometry":{"type":"Polygon","coordinates":[[[106.814777,-6.496741],[106.814559,-6.496709],[106.814557,-6.496363],[106.814259,-6.496371],[106.814276,-6.495843],[106.814415,-6.495838],[106.814417,-6.495401],[106.814132,-6.49534],[106.814183,-6.4951],[106.814642,-6.494256],[106.81469,-6.494093],[106.814596,-6.494043],[106.814616,-6.493981],[106.814674,-6.494027],[106.814813,-6.493796],[106.814902,-6.493167],[106.815167,-6.493115],[106.815847,-6.49322],[106.815679,-6.493948],[106.815428,-6.494943],[106.815303,-6.494933],[106.815105,-6.495414],[106.815228,-6.495568],[106.815239,-6.495765],[106.815561,-6.495807],[106.815503,-6.496293],[106.815853,-6.496343],[106.815799,-6.496584],[106.815193,-6.49639],[106.815102,-6.496786],[106.814777,-6.496741]]]},"properties":{"layer_id":"legalitas","jenis":"legal","nama":"Cibinong City","sumber":"OSM (status: contoh)","atribut":{"status":"SHGB dalam proses","peruntukan":"Permukiman"}}},{"type":"Feature","geometry":{"type":"Polygon","coordinates":[[[106.814579,-6.493232],[106.814902,-6.493167],[106.81492,-6.493245],[106.814813,-6.493796],[106.814674,-6.494027],[106.814616,-6.493981],[106.814594,-6.494051],[106.813531,-6.493649],[106.813595,-6.493515],[106.813608,-6.493279],[106.81412,-6.493267],[106.814178,-6.493609],[106.814517,-6.493708],[106.814579,-6.493232]]]},"properties":{"layer_id":"legalitas","jenis":"legal","nama":"Acropolis De Wijaya","sumber":"OSM (status: contoh)","atribut":{"status":"Girik","peruntukan":"Permukiman"}}},{"type":"Feature","geometry":{"type":"Polygon","coordinates":[[[106.808062,-6.491475],[106.808117,-6.491407],[106.808309,-6.491447],[106.808355,-6.491348],[106.808215,-6.491297],[106.808224,-6.491225],[106.80848,-6.490578],[106.808785,-6.490706],[106.809179,-6.490595],[106.809196,-6.490675],[106.809561,-6.490804],[106.809637,-6.490631],[106.809299,-6.490582],[106.809508,-6.490328],[106.809923,-6.490455],[106.809996,-6.490492],[106.809971,-6.490576],[106.810257,-6.490703],[106.810167,-6.49086],[106.810205,-6.491069],[106.810316,-6.491186],[106.810193,-6.491392],[106.809411,-6.491095],[106.809282,-6.491377],[106.809141,-6.491305],[106.809062,-6.491476],[106.809184,-6.49153],[106.809039,-6.491837],[106.809135,-6.491879],[106.808895,-6.49222],[106.80903,-6.492275],[106.80891,-6.492395],[106.809076,-6.49249],[106.80891,-6.492771],[106.808747,-6.492818],[106.808645,-6.492509],[106.808569,-6.49253],[106.808449,-6.492386],[106.808457,-6.491895],[106.807948,-6.491761],[106.808062,-6.491475]]]},"properties":{"layer_id":"legalitas","jenis":"legal","nama":"Griya Asri Pertiwi","sumber":"OSM (status: contoh)","atribut":{"status":"SHM","peruntukan":"Permukiman"}}},{"type":"Feature","geometry":{"type":"Polygon","coordinates":[[[106.810489,-6.491578],[106.810618,-6.49169],[106.810578,-6.491737],[106.810395,-6.491631],[106.810047,-6.491716],[106.809741,-6.492107],[106.809435,-6.49232],[106.809166,-6.492379],[106.809076,-6.49249],[106.80891,-6.492395],[106.80903,-6.492275],[106.808895,-6.49222],[106.809411,-6.491385],[106.809356,-6.491275],[106.809411,-6.491095],[106.810102,-6.49136],[106.810025,-6.49152],[106.809961,-6.491523],[106.809796,-6.491928],[106.809944,-6.491707],[106.810217,-6.491547],[106.810459,-6.491293],[106.810929,-6.490681],[106.811062,-6.490375],[106.811155,-6.490418],[106.811065,-6.490907],[106.811494,-6.49119],[106.811409,-6.491356],[106.81147,-6.49144],[106.811553,-6.491486],[106.81159,-6.491409],[106.811783,-6.491524],[106.811911,-6.491275],[106.812121,-6.491366],[106.811802,-6.491982],[106.811148,-6.491657],[106.811265,-6.491398],[106.810977,-6.491047],[106.810489,-6.491578]]]},"properties":{"layer_id":"legalitas","jenis":"legal","nama":"Nuansa Alam Residence Sukahati","sumber":"OSM (status: contoh)","atribut":{"status":"HGB","peruntukan":"Permukiman"}}},{"type":"Feature","geometry":{"type":"Polygon","coordinates":[[[106.813337,-6.491281],[106.813862,-6.491649],[106.813822,-6.491696],[106.813349,-6.491417],[106.813058,-6.491323],[106.812841,-6.491689],[106.812524,-6.491521],[106.812601,-6.491388],[106.81251,-6.491336],[106.812542,-6.491282],[106.812343,-6.491163],[106.812498,-6.490895],[106.81202,-6.490621],[106.812246,-6.490107],[106.812539,-6.490256],[106.812616,-6.490757],[106.813337,-6.491281]]]},"properties":{"layer_id":"legalitas","jenis":"legal","nama":"Graha Cantika","sumber":"OSM (status: contoh)","atribut":{"status":"SHGB dalam proses","peruntukan":"Permukiman"}}},{"type":"Feature","geometry":{"type":"Polygon","coordinates":[[[106.813018,-6.489416],[106.813609,-6.489543],[106.813632,-6.489453],[106.813951,-6.489523],[106.81397,-6.489631],[106.815279,-6.489984],[106.814671,-6.49074],[106.813683,-6.490524],[106.814415,-6.491219],[106.814325,-6.491269],[106.813872,-6.490803],[106.813355,-6.49074],[106.813284,-6.490974],[106.813086,-6.490924],[106.813167,-6.490709],[106.812746,-6.490613],[106.812664,-6.49053],[106.812648,-6.490152],[106.812379,-6.490043],[106.812333,-6.490099],[106.812194,-6.490007],[106.812287,-6.489451],[106.81278,-6.489476],[106.813018,-6.489416]]]},"properties":{"layer_id":"legalitas","jenis":"legal","nama":"Pondok Sukahati Indah","sumber":"OSM (status: contoh)","atribut":{"status":"SHM","peruntukan":"Permukiman"}}},{"type":"Feature","geometry":{"type":"Polygon","coordinates":[[[106.817669,-6.490169],[106.817753,-6.490158],[106.817809,-6.490079],[106.817784,-6.489969],[106.817996,-6.48973],[106.818299,-6.489821],[106.817857,-6.490422],[106.818007,-6.490537],[106.817818,-6.490824],[106.817685,-6.490741],[106.817507,-6.490893],[106.817144,-6.490604],[106.817348,-6.490332],[106.817298,-6.490296],[106.817212,-6.490374],[106.816832,-6.490161],[106.816378,-6.490053],[106.815906,-6.48978],[106.816007,-6.489552],[106.817075,-6.489905],[106.817119,-6.489847],[106.817251,-6.489825],[106.817311,-6.489749],[106.817412,-6.489377],[106.817825,-6.488827],[106.818199,-6.488978],[106.817987,-6.489695],[106.8178,-6.489901],[106.817738,-6.490138],[106.817505,-6.490157],[106.817345,-6.490248],[106.817571,-6.49025],[106.817669,-6.490169]]]},"properties":{"layer_id":"legalitas","jenis":"legal","nama":"Bogor Gading Residence","sumber":"OSM (status: contoh)","atribut":{"status":"HGB","peruntukan":"Permukiman"}}},{"type":"Feature","geometry":{"type":"Polygon","coordinates":[[[106.81886,-6.49018],[106.819197,-6.490228],[106.819196,-6.490463],[106.81889,-6.490435],[106.818858,-6.49042],[106.81886,-6.49018]]]},"properties":{"layer_id":"legalitas","jenis":"legal","nama":"Green Leaf Residence","sumber":"OSM (status: contoh)","atribut":{"status":"SHGB dalam proses","peruntukan":"Permukiman"}}},{"type":"Feature","geometry":{"type":"Polygon","coordinates":[[[106.818158,-6.486683],[106.818228,-6.486711],[106.818215,-6.487172],[106.818043,-6.487159],[106.817991,-6.487143],[106.817998,-6.486941],[106.817936,-6.486921],[106.817979,-6.486692],[106.818158,-6.486683]]]},"properties":{"layer_id":"legalitas","jenis":"legal","nama":"Grand Cibinong Indah","sumber":"OSM (status: contoh)","atribut":{"status":"Girik","peruntukan":"Permukiman"}}},{"type":"Feature","geometry":{"type":"Polygon","coordinates":[[[106.817793,-6.48557],[106.818222,-6.485819],[106.818219,-6.485989],[106.818122,-6.485978],[106.818055,-6.486267],[106.818174,-6.486294],[106.818137,-6.486595],[106.81808,-6.486664],[106.817207,-6.48645],[106.817284,-6.486113],[106.817045,-6.486047],[106.817326,-6.484941],[106.817823,-6.485072],[106.817787,-6.485514],[106.817729,-6.485529],[106.817793,-6.48557]]]},"properties":{"layer_id":"legalitas","jenis":"legal","nama":"Surya Praja Permai Blok B","sumber":"OSM (status: contoh)","atribut":{"status":"SHM","peruntukan":"Permukiman"}}},{"type":"Feature","geometry":{"type":"Polygon","coordinates":[[[106.815237,-6.483648],[106.815279,-6.483278],[106.817517,-6.483496],[106.817015,-6.48564],[106.816842,-6.485592],[106.816947,-6.48511],[106.81687,-6.485091],[106.81678,-6.485375],[106.81644,-6.485364],[106.816444,-6.485245],[106.816456,-6.485104],[106.816693,-6.485134],[106.816835,-6.484573],[106.81653,-6.484516],[106.815985,-6.484549],[106.816,-6.484317],[106.815888,-6.484307],[106.815916,-6.484224],[106.815638,-6.484139],[106.81552,-6.484305],[106.815316,-6.484261],[106.81538,-6.484107],[106.815192,-6.484111],[106.815237,-6.483648]]]},"properties":{"layer_id":"legalitas","jenis":"legal","nama":"Surya Praja Permai Blok A& C","sumber":"OSM (status: contoh)","atribut":{"status":"SHM","peruntukan":"Permukiman"}}},{"type":"Feature","geometry":{"type":"Polygon","coordinates":[[[106.8147,-6.479181],[106.814787,-6.478826],[106.81558,-6.478285],[106.815763,-6.478308],[106.815788,-6.478488],[106.815939,-6.478367],[106.816123,-6.477854],[106.816372,-6.477795],[106.816373,-6.477346],[106.816485,-6.476798],[106.816458,-6.476443],[106.816352,-6.476322],[106.81639,-6.476235],[106.816079,-6.475986],[106.816254,-6.475671],[106.816156,-6.475591],[106.81617,-6.474699],[106.816878,-6.473887],[106.816889,-6.472412],[106.817046,-6.472362],[106.817084,-6.472225],[106.81761,-6.472336],[106.817554,-6.472627],[106.817402,-6.472834],[106.817342,-6.473146],[106.817342,-6.474538],[106.817912,-6.474894],[106.818111,-6.475264],[106.818124,-6.475415],[106.818577,-6.475712],[106.818205,-6.476304],[106.818593,-6.476526],[106.818432,-6.47671],[106.817993,-6.476661],[106.817017,-6.476737],[106.816966,-6.47677],[106.816922,-6.477113],[106.817302,-6.477171],[106.81749,-6.477245],[106.817457,-6.477556],[106.818239,-6.477632],[106.81816,-6.478929],[106.818077,-6.479344],[106.817292,-6.479283],[106.815751,-6.479284],[106.815661,-6.479872],[106.816058,-6.479949],[106.816024,-6.48019],[106.816223,-6.480204],[106.816184,-6.480465],[106.817301,-6.480646],[106.817236,-6.48128],[106.817702,-6.48134],[106.817635,-6.481786],[106.816052,-6.481579],[106.816079,-6.481038],[106.815578,-6.481057],[106.8154,-6.480959],[106.814894,-6.480869],[106.814521,-6.480397],[106.814527,-6.480065],[106.8147,-6.479181]]]},"properties":{"layer_id":"legalitas","jenis":"legal","nama":"Bumi Cibinong Endah","sumber":"OSM (status: contoh)","atribut":{"status":"SHGB dalam proses","peruntukan":"Permukiman"}}},{"type":"Feature","geometry":{"type":"Polygon","coordinates":[[[106.81806,-6.468219],[106.817999,-6.468447],[106.817814,-6.468399],[106.817716,-6.468814],[106.817481,-6.468749],[106.817527,-6.468487],[106.817376,-6.468466],[106.81746,-6.46808],[106.817383,-6.467833],[106.817573,-6.46756],[106.817887,-6.467415],[106.818153,-6.468229],[106.81806,-6.468219]]]},"properties":{"layer_id":"legalitas","jenis":"legal","nama":"Taman Sukahati Permai","sumber":"OSM (status: contoh)","atribut":{"status":"SHM","peruntukan":"Permukiman"}}},{"type":"Feature","geometry":{"type":"Polygon","coordinates":[[[106.821245,-6.48548],[106.821233,-6.48543],[106.821121,-6.485472],[106.821103,-6.485409],[106.821389,-6.485285],[106.821517,-6.48533],[106.821645,-6.485256],[106.821711,-6.485398],[106.821794,-6.485394],[106.821804,-6.48554],[106.821466,-6.485698],[106.82145,-6.485486],[106.821245,-6.48548]]]},"properties":{"layer_id":"legalitas","jenis":"legal","nama":"Andhika Residence Cibinong","sumber":"OSM (status: contoh)","atribut":{"status":"SHGB dalam proses","peruntukan":"Permukiman"}}},{"type":"Feature","geometry":{"type":"Polygon","coordinates":[[[106.820842,-6.482415],[106.820886,-6.48265],[106.820696,-6.483047],[106.820807,-6.483066],[106.820906,-6.483443],[106.822494,-6.482355],[106.822775,-6.482439],[106.822795,-6.482397],[106.823017,-6.482535],[106.82286,-6.483157],[106.822731,-6.483108],[106.822309,-6.483385],[106.822356,-6.483458],[106.822088,-6.483618],[106.822074,-6.4839],[106.821806,-6.483914],[106.821838,-6.484704],[106.821787,-6.484823],[106.821477,-6.484779],[106.821445,-6.484965],[106.821373,-6.484963],[106.821394,-6.485271],[106.82111,-6.48539],[106.821048,-6.485057],[106.820803,-6.485063],[106.820713,-6.484568],[106.820568,-6.484569],[106.820547,-6.484377],[106.820374,-6.484377],[106.820369,-6.484475],[106.820165,-6.484476],[106.820217,-6.484754],[106.82016,-6.484782],[106.819963,-6.484393],[106.819982,-6.483747],[106.820105,-6.48334],[106.820261,-6.483099],[106.820618,-6.482749],[106.820622,-6.48257],[106.820842,-6.482415]]]},"properties":{"layer_id":"legalitas","jenis":"legal","nama":"Cipta Graha Permai","sumber":"OSM (status: contoh)","atribut":{"status":"Girik","peruntukan":"Permukiman"}}},{"type":"Feature","geometry":{"type":"Polygon","coordinates":[[[106.825306,-6.485592],[106.826115,-6.485794],[106.825963,-6.486301],[106.825056,-6.48619],[106.825075,-6.485886],[106.824746,-6.48582],[106.824495,-6.485235],[106.82517,-6.485159],[106.825196,-6.485557],[106.825306,-6.485592]]]},"properties":{"layer_id":"legalitas","jenis":"legal","nama":"Green Cibinong Housing","sumber":"OSM (status: contoh)","atribut":{"status":"SHM","peruntukan":"Permukiman"}}},{"type":"Feature","geometry":{"type":"Polygon","coordinates":[[[106.829823,-6.485463],[106.829624,-6.486022],[106.829446,-6.485916],[106.829496,-6.485737],[106.829259,-6.485668],[106.829569,-6.485131],[106.829415,-6.485042],[106.829286,-6.485076],[106.829244,-6.48525],[106.829134,-6.485198],[106.82902,-6.485418],[106.828848,-6.485336],[106.82895,-6.485173],[106.829005,-6.484867],[106.829094,-6.484704],[106.829172,-6.484729],[106.829359,-6.484425],[106.829733,-6.484132],[106.830562,-6.483985],[106.830773,-6.483741],[106.831374,-6.482758],[106.831505,-6.482823],[106.831222,-6.483268],[106.831385,-6.483648],[106.830885,-6.484731],[106.831104,-6.48482],[106.831026,-6.485068],[106.830625,-6.484919],[106.83042,-6.484935],[106.830412,-6.484997],[106.830145,-6.485154],[106.830426,-6.485308],[106.830353,-6.48561],[106.830013,-6.485437],[106.829947,-6.485534],[106.829823,-6.485463]]]},"properties":{"layer_id":"legalitas","jenis":"legal","nama":"Kinan City","sumber":"OSM (status: contoh)","atribut":{"status":"HGB","peruntukan":"Permukiman"}}},{"type":"Feature","geometry":{"type":"Polygon","coordinates":[[[106.828598,-6.480215],[106.82832,-6.480138],[106.828337,-6.479945],[106.828216,-6.479905],[106.828261,-6.479693],[106.828532,-6.479735],[106.828538,-6.479572],[106.828819,-6.479607],[106.828598,-6.480215]]]},"properties":{"layer_id":"legalitas","jenis":"legal","nama":"Griya Madani Permai","sumber":"OSM (status: contoh)","atribut":{"status":"Girik","peruntukan":"Permukiman"}}},{"type":"Feature","geometry":{"type":"Polygon","coordinates":[[[106.830698,-6.476547],[106.830766,-6.476697],[106.830575,-6.477054],[106.830524,-6.477437],[106.830694,-6.477466],[106.830674,-6.477978],[106.829851,-6.477832],[106.829677,-6.477741],[106.829696,-6.477468],[106.8296,-6.476974],[106.82974,-6.476449],[106.829931,-6.476501],[106.830133,-6.476196],[106.830698,-6.476547]]]},"properties":{"layer_id":"legalitas","jenis":"legal","nama":"Central Cibinong Residence","sumber":"OSM (status: contoh)","atribut":{"status":"Girik","peruntukan":"Permukiman"}}},{"type":"Feature","geometry":{"type":"Polygon","coordinates":[[[106.821833,-6.494989],[106.821776,-6.494985],[106.82176,-6.494603],[106.82231,-6.494557],[106.822359,-6.494964],[106.821833,-6.494989]]]},"properties":{"layer_id":"legalitas","jenis":"legal","nama":"Grand Rosella","sumber":"OSM (status: contoh)","atribut":{"status":"Girik","peruntukan":"Permukiman"}}},{"type":"Feature","geometry":{"type":"Polygon","coordinates":[[[106.824496,-6.491614],[106.824521,-6.492193],[106.823521,-6.49196],[106.823474,-6.492045],[106.822944,-6.491895],[106.822957,-6.491847],[106.823416,-6.491967],[106.823424,-6.491901],[106.82352,-6.491919],[106.823869,-6.492036],[106.823952,-6.491628],[106.824198,-6.491648],[106.824191,-6.491468],[106.82429,-6.491468],[106.824429,-6.490801],[106.824759,-6.491059],[106.824711,-6.491219],[106.824492,-6.491491],[106.824496,-6.491614]]]},"properties":{"layer_id":"legalitas","jenis":"legal","nama":"Villa Mahkota","sumber":"OSM (status: contoh)","atribut":{"status":"SHGB dalam proses","peruntukan":"Permukiman"}}},{"type":"Feature","geometry":{"type":"Polygon","coordinates":[[[106.824883,-6.489505],[106.824943,-6.489511],[106.824935,-6.489731],[106.825017,-6.489726],[106.825025,-6.489909],[106.824906,-6.489927],[106.82503,-6.490421],[106.825028,-6.490483],[106.824948,-6.490492],[106.824756,-6.490491],[106.824741,-6.490381],[106.82461,-6.49039],[106.824547,-6.489811],[106.824889,-6.489834],[106.824883,-6.489505]]]},"properties":{"layer_id":"legalitas","jenis":"legal","nama":"Grand Sulis Residence","sumber":"OSM (status: contoh)","atribut":{"status":"SHM","peruntukan":"Permukiman"}}},{"type":"Feature","geometry":{"type":"Polygon","coordinates":[[[106.825536,-6.489588],[106.825737,-6.488898],[106.825915,-6.489105],[106.826203,-6.489238],[106.826037,-6.489781],[106.82583,-6.489723],[106.825843,-6.489553],[106.825672,-6.489505],[106.82562,-6.489619],[106.825536,-6.489588]]]},"properties":{"layer_id":"legalitas","jenis":"legal","nama":"Pesona Bukit Insani","sumber":"OSM (status: contoh)","atribut":{"status":"SHM","peruntukan":"Permukiman"}}},{"type":"Feature","geometry":{"type":"Polygon","coordinates":[[[106.826581,-6.488926],[106.826681,-6.489007],[106.826744,-6.489231],[106.826452,-6.489839],[106.826151,-6.489798],[106.826303,-6.489257],[106.825947,-6.489127],[106.82603,-6.489059],[106.826209,-6.488726],[106.825846,-6.488563],[106.825631,-6.488372],[106.826048,-6.488095],[106.826594,-6.488433],[106.826595,-6.488528],[106.826687,-6.488575],[106.826559,-6.488811],[106.826619,-6.488836],[106.826581,-6.488926]]]},"properties":{"layer_id":"legalitas","jenis":"legal","nama":"Graha Permata Cibinong","sumber":"OSM (status: contoh)","atribut":{"status":"SHM","peruntukan":"Permukiman"}}},{"type":"Feature","geometry":{"type":"Polygon","coordinates":[[[106.829855,-6.487183],[106.830187,-6.487228],[106.830072,-6.48784],[106.82887,-6.487637],[106.828827,-6.487858],[106.828557,-6.487805],[106.828536,-6.487574],[106.828414,-6.487578],[106.827951,-6.487475],[106.827996,-6.48726],[106.828123,-6.487286],[106.828177,-6.487202],[106.828437,-6.487376],[106.828703,-6.486928],[106.829009,-6.487037],[106.829086,-6.4868],[106.829712,-6.486864],[106.829683,-6.487165],[106.829855,-6.487183]]]},"properties":{"layer_id":"legalitas","jenis":"legal","nama":"Duta Parahyangan","sumber":"OSM (status: contoh)","atribut":{"status":"Girik","peruntukan":"Permukiman"}}},{"type":"Feature","geometry":{"type":"Polygon","coordinates":[[[106.832606,-6.485072],[106.831979,-6.484977],[106.832041,-6.484572],[106.832782,-6.484562],[106.832804,-6.484809],[106.833194,-6.484835],[106.833234,-6.48468],[106.833631,-6.484768],[106.83365,-6.484708],[106.834085,-6.48493],[106.834088,-6.485024],[106.833833,-6.485],[106.83383,-6.485418],[106.833446,-6.485411],[106.833361,-6.48541],[106.833279,-6.485564],[106.833164,-6.48563],[106.83288,-6.485553],[106.832798,-6.485927],[106.832325,-6.485812],[106.832393,-6.485587],[106.83259,-6.485304],[106.832606,-6.485072]]]},"properties":{"layer_id":"legalitas","jenis":"legal","nama":"Mutiara Hijau Residence","sumber":"OSM (status: contoh)","atribut":{"status":"HGB","peruntukan":"Permukiman"}}},{"type":"Feature","geometry":{"type":"Polygon","coordinates":[[[106.831991,-6.486847],[106.831967,-6.486603],[106.832028,-6.486391],[106.832113,-6.486385],[106.832261,-6.486168],[106.832325,-6.485812],[106.832798,-6.485927],[106.832852,-6.485688],[106.833128,-6.485726],[106.832985,-6.485877],[106.83369,-6.485973],[106.833642,-6.486144],[106.832943,-6.486193],[106.832874,-6.486484],[106.832838,-6.486729],[106.833052,-6.486782],[106.833036,-6.486907],[106.83314,-6.486906],[106.833205,-6.487127],[106.832989,-6.487242],[106.833047,-6.487432],[106.833369,-6.487477],[106.833269,-6.487711],[106.833272,-6.487952],[106.833754,-6.487923],[106.833616,-6.488275],[106.833442,-6.488248],[106.833464,-6.488124],[106.8333,-6.488089],[106.833183,-6.488453],[106.833052,-6.48862],[106.83299,-6.488944],[106.833149,-6.488983],[106.833094,-6.489118],[106.833199,-6.489207],[106.832955,-6.489897],[106.83334,-6.48999],[106.833355,-6.489846],[106.833901,-6.489799],[106.833831,-6.490245],[106.833878,-6.490257],[106.833841,-6.490422],[106.833789,-6.490413],[106.833663,-6.49098],[106.833195,-6.490882],[106.833174,-6.491022],[106.832917,-6.490983],[106.832924,-6.490899],[106.832803,-6.490875],[106.832793,-6.490971],[106.832576,-6.490958],[106.832558,-6.490893],[106.832384,-6.490828],[106.832323,-6.491011],[106.832111,-6.490959],[106.831995,-6.491225],[106.831682,-6.491085],[106.831589,-6.49134],[106.831067,-6.491222],[106.831162,-6.491035],[106.83128,-6.490876],[106.830563,-6.490479],[106.830509,-6.490556],[106.83044,-6.490503],[106.830718,-6.489864],[106.831058,-6.48982],[106.831128,-6.489899],[106.830922,-6.490075],[106.830961,-6.490097],[106.831508,-6.489595],[106.831818,-6.489425],[106.832376,-6.488752],[106.832461,-6.488542],[106.832162,-6.488484],[106.832056,-6.488645],[106.831596,-6.488483],[106.831697,-6.488278],[106.831801,-6.488305],[106.831861,-6.488034],[106.83182,-6.488019],[106.831429,-6.487953],[106.831426,-6.488155],[106.830775,-6.488041],[106.8308,-6.487895],[106.830713,-6.48788],[106.830748,-6.487575],[106.831339,-6.487718],[106.831385,-6.487374],[106.831212,-6.487323],[106.831321,-6.486963],[106.831503,-6.487022],[106.83152,-6.487236],[106.831725,-6.487295],[106.831749,-6.487434],[106.832032,-6.487531],[106.832279,-6.487494],[106.83267,-6.487562],[106.832629,-6.487408],[106.832437,-6.487339],[106.832486,-6.486902],[106.831991,-6.486847]]]},"properties":{"layer_id":"legalitas","jenis":"legal","nama":"Nirwana Golden Park","sumber":"OSM (status: contoh)","atribut":{"status":"SHGB dalam proses","peruntukan":"Permukiman"}}},{"type":"Feature","geometry":{"type":"Polygon","coordinates":[[[106.837762,-6.489745],[106.837787,-6.490012],[106.837721,-6.490012],[106.837667,-6.490152],[106.83751,-6.490186],[106.836274,-6.489712],[106.83634,-6.489571],[106.836275,-6.489574],[106.836347,-6.489261],[106.836339,-6.488342],[106.836377,-6.488225],[106.836571,-6.488314],[106.83664,-6.488012],[106.836795,-6.488038],[106.83691,-6.487753],[106.836731,-6.487713],[106.836779,-6.48754],[106.836664,-6.487512],[106.836687,-6.487408],[106.836807,-6.487445],[106.836834,-6.487311],[106.836722,-6.487285],[106.836752,-6.487157],[106.836634,-6.487096],[106.835321,-6.486824],[106.835358,-6.48671],[106.835684,-6.486849],[106.836679,-6.487023],[106.836718,-6.486949],[106.836817,-6.486991],[106.837003,-6.486562],[106.836754,-6.486488],[106.836872,-6.486028],[106.837214,-6.486031],[106.837337,-6.486106],[106.837322,-6.486607],[106.837537,-6.486627],[106.83773,-6.486573],[106.837986,-6.486647],[106.838138,-6.486812],[106.83784,-6.487218],[106.837545,-6.48719],[106.83707,-6.488007],[106.837502,-6.48813],[106.83772,-6.487617],[106.837996,-6.48752],[106.838151,-6.487308],[106.838351,-6.487456],[106.838535,-6.487272],[106.838489,-6.487213],[106.838708,-6.487018],[106.838827,-6.487136],[106.838879,-6.487326],[106.838787,-6.48762],[106.838685,-6.487636],[106.838663,-6.487576],[106.838449,-6.48765],[106.838488,-6.487743],[106.838373,-6.487909],[106.838347,-6.488092],[106.83822,-6.488046],[106.838066,-6.488279],[106.837904,-6.48824],[106.837847,-6.488412],[106.838074,-6.488486],[106.837975,-6.488902],[106.837921,-6.489043],[106.837661,-6.488985],[106.837598,-6.489181],[106.837802,-6.489251],[106.837732,-6.489521],[106.837762,-6.489745]]]},"properties":{"layer_id":"legalitas","jenis":"legal","nama":"Wartawangsa Residence","sumber":"OSM (status: contoh)","atribut":{"status":"Girik","peruntukan":"Permukiman"}}},{"type":"Feature","geometry":{"type":"Polygon","coordinates":[[[106.842182,-6.480207],[106.842287,-6.479725],[106.842132,-6.479667],[106.842132,-6.479536],[106.84184,-6.479339],[106.841791,-6.479232],[106.841817,-6.479051],[106.841675,-6.478804],[106.841186,-6.478394],[106.840744,-6.478392],[106.840556,-6.478584],[106.840293,-6.478563],[106.840224,-6.47883],[106.839807,-6.478661],[106.839616,-6.479268],[106.838994,-6.479149],[106.838958,-6.478924],[106.83869,-6.478869],[106.838705,-6.478479],[106.838925,-6.478425],[106.838857,-6.478075],[106.838887,-6.477839],[106.838552,-6.477838],[106.83858,-6.477636],[106.838435,-6.477609],[106.838455,-6.477443],[106.838323,-6.477412],[106.83832,-6.476801],[106.838375,-6.476604],[106.838268,-6.476582],[106.838297,-6.476448],[106.838251,-6.476437],[106.838361,-6.476128],[106.838549,-6.476203],[106.838573,-6.476137],[106.838695,-6.476175],[106.838705,-6.476134],[106.839108,-6.476254],[106.839282,-6.47639],[106.839286,-6.476345],[106.839409,-6.476357],[106.839445,-6.476056],[106.839658,-6.476086],[106.839714,-6.475688],[106.839865,-6.475493],[106.839791,-6.475369],[106.840244,-6.475507],[106.840709,-6.475543],[106.840668,-6.47568],[106.840845,-6.475703],[106.840882,-6.475001],[106.840739,-6.4746],[106.840546,-6.474672],[106.84011,-6.474595],[106.840106,-6.474526],[106.840174,-6.474203],[106.840296,-6.473994],[106.840208,-6.473685],[106.840384,-6.473302],[106.840429,-6.472786],[106.840881,-6.472811],[106.841403,-6.472754],[106.841369,-6.472554],[106.841602,-6.472557],[106.841656,-6.472646],[106.842087,-6.472529],[106.842021,-6.47234],[106.842858,-6.472133],[106.843214,-6.472716],[106.843338,-6.473349],[106.843149,-6.47338],[106.843131,-6.473283],[106.842939,-6.473316],[106.842912,-6.473188],[106.842851,-6.473162],[106.842472,-6.47311],[106.842423,-6.474069],[106.843099,-6.474076],[106.843116,-6.474303],[106.84306,-6.474309],[106.843205,-6.475043],[106.843636,-6.47504],[106.843987,-6.475865],[106.843739,-6.475818],[106.843707,-6.476035],[106.843634,-6.476041],[106.843664,-6.476333],[106.843583,-6.476336],[106.843589,-6.476461],[106.843028,-6.476522],[106.843027,-6.476722],[106.843106,-6.476726],[106.84312,-6.476921],[106.842543,-6.476926],[106.841559,-6.476799],[106.841546,-6.476959],[106.841249,-6.476961],[106.841235,-6.477379],[106.841172,-6.477378],[106.841184,-6.477759],[106.841273,-6.47795],[106.841497,-6.477811],[106.841967,-6.477996],[106.842247,-6.478027],[106.842157,-6.478479],[106.841931,-6.478427],[106.842131,-6.478651],[106.842263,-6.479105],[106.842645,-6.479423],[106.843022,-6.479442],[106.843164,-6.479652],[106.843144,-6.479928],[106.842795,-6.480463],[106.842182,-6.480207]]]},"properties":{"layer_id":"legalitas","jenis":"legal","nama":"Nirwana Estate","sumber":"OSM (status: contoh)","atribut":{"status":"Girik","peruntukan":"Permukiman"}}},{"type":"Feature","geometry":{"type":"Polygon","coordinates":[[[106.838407,-6.470549],[106.83829,-6.471112],[106.838174,-6.471081],[106.838229,-6.470889],[106.838114,-6.470863],[106.838146,-6.470498],[106.838407,-6.470549]]]},"properties":{"layer_id":"legalitas","jenis":"legal","nama":"Lakeside Residence","sumber":"OSM (status: contoh)","atribut":{"status":"HGB","peruntukan":"Permukiman"}}},{"type":"Feature","geometry":{"type":"Polygon","coordinates":[[[106.859381,-6.497522],[106.859752,-6.498305],[106.859405,-6.498524],[106.859358,-6.498758],[106.859224,-6.498891],[106.859436,-6.499303],[106.859807,-6.49967],[106.85993,-6.500309],[106.859641,-6.500335],[106.859244,-6.500118],[106.858894,-6.500442],[106.858936,-6.500478],[106.858604,-6.500904],[106.858269,-6.50063],[106.858245,-6.500536],[106.858275,-6.500305],[106.857754,-6.499911],[106.857562,-6.499456],[106.857612,-6.499269],[106.857676,-6.499244],[106.857737,-6.499373],[106.858238,-6.498926],[106.858126,-6.498676],[106.857579,-6.498301],[106.857875,-6.497636],[106.858266,-6.497533],[106.858488,-6.497674],[106.859014,-6.497643],[106.859381,-6.497522]]]},"properties":{"layer_id":"legalitas","jenis":"legal","nama":"Visar Indah Pratama 2","sumber":"OSM (status: contoh)","atribut":{"status":"HGB","peruntukan":"Permukiman"}}},{"type":"Feature","geometry":{"type":"Polygon","coordinates":[[[106.857488,-6.492763],[106.857356,-6.492638],[106.857577,-6.491913],[106.857546,-6.491335],[106.857709,-6.491094],[106.858042,-6.490889],[106.858338,-6.490197],[106.858541,-6.490094],[106.858698,-6.489909],[106.858773,-6.489964],[106.859127,-6.489919],[106.859591,-6.489645],[106.859681,-6.489649],[106.859738,-6.489729],[106.859693,-6.489894],[106.859762,-6.490252],[106.860146,-6.490897],[106.860895,-6.491631],[106.86103,-6.491937],[106.861085,-6.492215],[106.860868,-6.492605],[106.860613,-6.492805],[106.860408,-6.492877],[106.858338,-6.493173],[106.858103,-6.49313],[106.857815,-6.492865],[106.85751,-6.492892],[106.857488,-6.492763]]]},"properties":{"layer_id":"legalitas","jenis":"legal","nama":"Visar Indah Pratama 1","sumber":"OSM (status: contoh)","atribut":{"status":"SHM","peruntukan":"Permukiman"}}},{"type":"Feature","geometry":{"type":"Polygon","coordinates":[[[106.861905,-6.487767],[106.86225,-6.487792],[106.862137,-6.488047],[106.862122,-6.488258],[106.861978,-6.48851],[106.861731,-6.488735],[106.861239,-6.488982],[106.861321,-6.488664],[106.861087,-6.488583],[106.860998,-6.488837],[106.860761,-6.488769],[106.860795,-6.488649],[106.860484,-6.488539],[106.860751,-6.48762],[106.8608,-6.487493],[106.860687,-6.487336],[106.860515,-6.487307],[106.860399,-6.487398],[106.860258,-6.487324],[106.860361,-6.487171],[106.860535,-6.487191],[106.860752,-6.487251],[106.860896,-6.487653],[106.861905,-6.487767]]]},"properties":{"layer_id":"legalitas","jenis":"legal","nama":"Primatama Residence","sumber":"OSM (status: contoh)","atribut":{"status":"HGB","peruntukan":"Permukiman"}}},{"type":"Feature","geometry":{"type":"Polygon","coordinates":[[[106.844486,-6.480518],[106.844634,-6.480029],[106.844588,-6.48002],[106.844611,-6.47984],[106.844941,-6.47892],[106.844726,-6.478881],[106.844749,-6.478777],[106.845349,-6.478932],[106.84552,-6.47848],[106.8452,-6.47834],[106.84539,-6.47797],[106.845833,-6.477487],[106.846537,-6.477042],[106.846834,-6.476641],[106.847171,-6.476391],[106.847331,-6.475975],[106.848302,-6.47468],[106.849011,-6.473889],[106.849134,-6.473986],[106.849443,-6.473668],[106.849785,-6.473961],[106.849107,-6.474857],[106.849182,-6.474923],[106.849281,-6.474869],[106.849584,-6.475113],[106.84982,-6.475411],[106.850361,-6.475692],[106.850888,-6.475256],[106.851003,-6.475338],[106.851148,-6.475176],[106.851287,-6.475283],[106.851231,-6.475358],[106.85132,-6.475431],[106.851229,-6.475536],[106.851228,-6.475668],[106.851078,-6.475776],[106.850959,-6.475694],[106.850978,-6.475776],[106.850834,-6.475967],[106.850784,-6.475928],[106.850702,-6.476024],[106.850605,-6.475953],[106.850569,-6.476019],[106.850676,-6.476095],[106.850711,-6.476044],[106.850892,-6.476205],[106.85083,-6.476259],[106.851042,-6.476409],[106.851315,-6.47611],[106.85195,-6.476691],[106.851935,-6.476756],[106.851871,-6.476905],[106.851516,-6.477185],[106.850955,-6.476685],[106.850716,-6.476646],[106.850648,-6.476714],[106.850745,-6.476787],[106.85034,-6.477409],[106.851071,-6.477864],[106.850959,-6.478217],[106.851058,-6.478337],[106.850816,-6.478658],[106.849864,-6.478928],[106.849524,-6.478741],[106.849423,-6.47887],[106.849026,-6.478967],[106.848435,-6.479493],[106.848321,-6.479513],[106.848101,-6.479517],[106.847986,-6.479316],[106.847801,-6.479169],[106.847695,-6.479272],[106.847406,-6.480131],[106.847015,-6.480439],[106.846722,-6.480516],[106.84621,-6.480391],[106.846162,-6.48058],[106.846106,-6.480572],[106.846064,-6.480669],[106.845893,-6.480575],[106.845936,-6.480784],[106.845456,-6.480933],[106.845497,-6.48105],[106.84528,-6.481127],[106.845251,-6.481047],[106.845142,-6.481028],[106.844865,-6.481768],[106.845325,-6.481631],[106.845951,-6.481988],[106.846402,-6.481894],[106.84679,-6.481898],[106.847004,-6.482202],[106.847291,-6.482243],[106.847159,-6.483036],[106.847663,-6.483279],[106.848075,-6.483347],[106.848093,-6.483248],[106.848786,-6.48338],[106.848767,-6.483578],[106.848933,-6.483775],[106.849409,-6.484162],[106.849662,-6.484291],[106.849364,-6.484966],[106.84982,-6.485128],[106.849778,-6.485267],[106.849652,-6.485611],[106.84921,-6.485494],[106.848925,-6.486403],[106.848314,-6.48599],[106.84791,-6.485799],[106.84767,-6.485934],[106.847522,-6.486279],[106.847247,-6.48635],[106.846852,-6.486284],[106.846567,-6.486086],[106.846542,-6.485964],[106.846432,-6.485898],[106.846263,-6.485587],[106.845546,-6.485448],[106.845564,-6.485296],[106.845317,-6.485226],[106.845314,-6.485019],[106.845057,-6.485002],[106.845081,-6.484723],[106.84531,-6.484747],[106.845394,-6.483802],[106.845288,-6.483672],[106.845313,-6.483614],[106.845071,-6.483606],[106.84506,-6.483528],[106.844572,-6.483632],[106.844507,-6.483566],[106.84448,-6.483393],[106.844551,-6.483376],[106.844556,-6.483205],[106.84437,-6.482812],[106.844547,-6.482483],[106.844472,-6.482085],[106.844334,-6.48212],[106.844048,-6.481995],[106.844509,-6.481028],[106.844491,-6.480957],[106.844404,-6.480939],[106.844486,-6.480518]]]},"properties":{"layer_id":"legalitas","jenis":"legal","nama":"Komplek DITBEKANG","sumber":"OSM (status: contoh)","atribut":{"status":"Girik","peruntukan":"Permukiman"}}},{"type":"Feature","geometry":{"type":"Polygon","coordinates":[[[106.826998,-6.475208],[106.827255,-6.474669],[106.827331,-6.474278],[106.827638,-6.474381],[106.82759,-6.47452],[106.827952,-6.474636],[106.82808,-6.4745],[106.828488,-6.474632],[106.828447,-6.474786],[106.828914,-6.474962],[106.828787,-6.475359],[106.828678,-6.475366],[106.827836,-6.475013],[106.827625,-6.475025],[106.827388,-6.475081],[106.827316,-6.475159],[106.827234,-6.475524],[106.827158,-6.475521],[106.826921,-6.475462],[106.826998,-6.475208]]]},"properties":{"layer_id":"legalitas","jenis":"legal","nama":"Bumi Citra Cipayung","sumber":"OSM (status: contoh)","atribut":{"status":"SHM","peruntukan":"Permukiman"}}},{"type":"Feature","geometry":{"type":"Polygon","coordinates":[[[106.81902,-6.475084],[106.8186,-6.475096],[106.818624,-6.474859],[106.81849,-6.47433],[106.817996,-6.474251],[106.817805,-6.473932],[106.817642,-6.473323],[106.817673,-6.473166],[106.818199,-6.472579],[106.81863,-6.472223],[106.818846,-6.472429],[106.818901,-6.472391],[106.8195,-6.47261],[106.819548,-6.472456],[106.819747,-6.472388],[106.819759,-6.472307],[106.81996,-6.472299],[106.820039,-6.471785],[106.820196,-6.471769],[106.820289,-6.472053],[106.820514,-6.472034],[106.820657,-6.472336],[106.820496,-6.47236],[106.820543,-6.47253],[106.820654,-6.472625],[106.820011,-6.473224],[106.819842,-6.473065],[106.819749,-6.473165],[106.819497,-6.473917],[106.819431,-6.473906],[106.819475,-6.47422],[106.819203,-6.474253],[106.819257,-6.474837],[106.819329,-6.474936],[106.819092,-6.474964],[106.81913,-6.475095],[106.81902,-6.475084]]]},"properties":{"layer_id":"legalitas","jenis":"legal","nama":"Cibinong Griya Asri","sumber":"OSM (status: contoh)","atribut":{"status":"SHM","peruntukan":"Permukiman"}}},{"type":"Feature","geometry":{"type":"Polygon","coordinates":[[[106.851172,-6.472681],[106.851414,-6.472854],[106.851588,-6.472878],[106.852493,-6.471873],[106.85281,-6.471742],[106.85293,-6.471605],[106.853192,-6.471986],[106.852971,-6.472171],[106.852792,-6.472434],[106.852875,-6.472499],[106.852962,-6.472782],[106.852998,-6.473113],[106.852729,-6.473445],[106.852639,-6.473752],[106.852422,-6.474112],[106.852512,-6.474177],[106.852533,-6.474755],[106.852128,-6.474815],[106.852025,-6.474963],[106.851902,-6.47488],[106.851161,-6.474323],[106.849934,-6.473539],[106.850014,-6.473117],[106.850497,-6.473332],[106.850659,-6.473051],[106.850679,-6.472825],[106.850547,-6.472544],[106.850242,-6.472156],[106.850471,-6.471669],[106.851101,-6.472245],[106.851023,-6.472539],[106.851172,-6.472681]]]},"properties":{"layer_id":"legalitas","jenis":"legal","nama":"Taman Permata Palem","sumber":"OSM (status: contoh)","atribut":{"status":"HGB","peruntukan":"Permukiman"}}},{"type":"Feature","geometry":{"type":"Polygon","coordinates":[[[106.860922,-6.4682],[106.861093,-6.467778],[106.861931,-6.468235],[106.862153,-6.468399],[106.861959,-6.468874],[106.861642,-6.468688],[106.861431,-6.46902],[106.86137,-6.468974],[106.861314,-6.469044],[106.861033,-6.468851],[106.861105,-6.468729],[106.860875,-6.468629],[106.86086,-6.46839],[106.860922,-6.4682]]]},"properties":{"layer_id":"legalitas","jenis":"legal","nama":"Graha Cibinong Asri","sumber":"OSM (status: contoh)","atribut":{"status":"HGB","peruntukan":"Permukiman"}}},{"type":"Feature","geometry":{"type":"Polygon","coordinates":[[[106.861093,-6.467778],[106.86121,-6.467531],[106.861535,-6.467315],[106.862046,-6.467697],[106.862416,-6.467864],[106.862153,-6.468399],[106.861966,-6.468254],[106.861093,-6.467778]]]},"properties":{"layer_id":"legalitas","jenis":"legal","nama":"Graha Golf Cibinong","sumber":"OSM (status: contoh)","atribut":{"status":"SHM","peruntukan":"Permukiman"}}},{"type":"Feature","geometry":{"type":"Polygon","coordinates":[[[106.86618,-6.475872],[106.86589,-6.475803],[106.865925,-6.475644],[106.86623,-6.475756],[106.866389,-6.475529],[106.866845,-6.475628],[106.86716,-6.475572],[106.868068,-6.476075],[106.868405,-6.476168],[106.868316,-6.476557],[106.867979,-6.476535],[106.867511,-6.476609],[106.867593,-6.476433],[106.8675,-6.476393],[106.867563,-6.476229],[106.86746,-6.476199],[106.867413,-6.476327],[106.867252,-6.476244],[106.867157,-6.476453],[106.867039,-6.476406],[106.86699,-6.476519],[106.866666,-6.476388],[106.866747,-6.476057],[106.86618,-6.475872]]]},"properties":{"layer_id":"legalitas","jenis":"legal","nama":"De Minimalis","sumber":"OSM (status: contoh)","atribut":{"status":"SHM","peruntukan":"Permukiman"}}},{"type":"Feature","geometry":{"type":"Polygon","coordinates":[[[106.870822,-6.473402],[106.871462,-6.473426],[106.871614,-6.47352],[106.87193,-6.474187],[106.8719,-6.474423],[106.871447,-6.474253],[106.871012,-6.474188],[106.8708,-6.474362],[106.870686,-6.474552],[106.87078,-6.475009],[106.871207,-6.475254],[106.871231,-6.475449],[106.870108,-6.4759],[106.86939,-6.475999],[106.869057,-6.475949],[106.869037,-6.475694],[106.869214,-6.475282],[106.869143,-6.475082],[106.868889,-6.47485],[106.868466,-6.474649],[106.86833,-6.474649],[106.868272,-6.474349],[106.868158,-6.474317],[106.867658,-6.473845],[106.867753,-6.473744],[106.867561,-6.473537],[106.867762,-6.473319],[106.867947,-6.47337],[106.867973,-6.473253],[106.86824,-6.473331],[106.868417,-6.473135],[106.868608,-6.473389],[106.869098,-6.473024],[106.869231,-6.47301],[106.869303,-6.472644],[106.869518,-6.472726],[106.869831,-6.472735],[106.870369,-6.472949],[106.870565,-6.473435],[106.870822,-6.473402]]]},"properties":{"layer_id":"legalitas","jenis":"legal","nama":"Kristal Garden Residence","sumber":"OSM (status: contoh)","atribut":{"status":"HGB","peruntukan":"Permukiman"}}},{"type":"Feature","geometry":{"type":"Polygon","coordinates":[[[106.866298,-6.472837],[106.866115,-6.472747],[106.866309,-6.472121],[106.866393,-6.472145],[106.866448,-6.471955],[106.86669,-6.471607],[106.866747,-6.471615],[106.866858,-6.471328],[106.867193,-6.471445],[106.867325,-6.471014],[106.867074,-6.470918],[106.867116,-6.470693],[106.86687,-6.470623],[106.866797,-6.470886],[106.86625,-6.470692],[106.866381,-6.470233],[106.866199,-6.470164],[106.86616,-6.469904],[106.86592,-6.469826],[106.865929,-6.469715],[106.866054,-6.469585],[106.866512,-6.469356],[106.867056,-6.469247],[106.867354,-6.468579],[106.867442,-6.46861],[106.867658,-6.468078],[106.868189,-6.467787],[106.868245,-6.467826],[106.868036,-6.467938],[106.868099,-6.468044],[106.868315,-6.467874],[106.868355,-6.467906],[106.868188,-6.468026],[106.868289,-6.468088],[106.868058,-6.468436],[106.867992,-6.468417],[106.86786,-6.468781],[106.867686,-6.468792],[106.867564,-6.469192],[106.867439,-6.469278],[106.867348,-6.469621],[106.868019,-6.469839],[106.868004,-6.469881],[106.868114,-6.469919],[106.867929,-6.470409],[106.867777,-6.470369],[106.867591,-6.470891],[106.868456,-6.471129],[106.86826,-6.471791],[106.867917,-6.472502],[106.867682,-6.473279],[106.867614,-6.473264],[106.867637,-6.473188],[106.866766,-6.472892],[106.866635,-6.472854],[106.866513,-6.472957],[106.866298,-6.472837]]]},"properties":{"layer_id":"legalitas","jenis":"legal","nama":"Ciriung Cemerlang","sumber":"OSM (status: contoh)","atribut":{"status":"SHM","peruntukan":"Permukiman"}}},{"type":"Feature","geometry":{"type":"Polygon","coordinates":[[[106.865915,-6.466917],[106.865569,-6.466448],[106.865443,-6.466021],[106.865512,-6.465876],[106.865163,-6.465743],[106.86516,-6.46567],[106.865275,-6.465699],[106.865354,-6.465455],[106.865456,-6.465496],[106.86571,-6.465577],[106.866492,-6.466857],[106.866482,-6.467046],[106.866302,-6.467184],[106.865915,-6.466917]]]},"properties":{"layer_id":"legalitas","jenis":"legal","nama":"Bumi Pesanggrahan","sumber":"OSM (status: contoh)","atribut":{"status":"SHM","peruntukan":"Permukiman"}}},{"type":"Feature","geometry":{"type":"Polygon","coordinates":[[[106.86861,-6.463363],[106.868358,-6.463164],[106.868711,-6.462758],[106.869121,-6.461748],[106.86942,-6.461242],[106.869601,-6.461086],[106.869938,-6.461341],[106.868929,-6.463009],[106.86861,-6.463363]]]},"properties":{"layer_id":"legalitas","jenis":"legal","nama":"Komplek Bakosurtanal","sumber":"OSM (status: contoh)","atribut":{"status":"SHGB dalam proses","peruntukan":"Permukiman"}}},{"type":"Feature","geometry":{"type":"Polygon","coordinates":[[[106.823696,-6.470907],[106.82366,-6.471211],[106.822724,-6.471223],[106.822698,-6.471332],[106.822485,-6.471385],[106.822541,-6.470844],[106.822686,-6.470836],[106.822655,-6.470341],[106.822749,-6.47004],[106.823074,-6.470135],[106.823077,-6.470231],[106.823154,-6.470239],[106.823159,-6.470404],[106.823631,-6.470302],[106.823583,-6.470645],[106.823696,-6.470907]]]},"properties":{"layer_id":"legalitas","jenis":"legal","nama":"Griya Puspa Asri","sumber":"OSM (status: contoh)","atribut":{"status":"SHM","peruntukan":"Permukiman"}}},{"type":"Feature","geometry":{"type":"Polygon","coordinates":[[[106.849785,-6.463458],[106.850449,-6.463735],[106.850454,-6.463805],[106.850179,-6.463835],[106.850117,-6.463972],[106.849729,-6.463785],[106.849684,-6.463894],[106.849532,-6.463826],[106.849486,-6.464136],[106.849437,-6.464139],[106.849384,-6.464314],[106.84919,-6.464271],[106.84918,-6.464191],[106.848887,-6.464128],[106.848938,-6.463812],[106.849132,-6.463865],[106.849201,-6.463604],[106.848696,-6.463475],[106.848613,-6.46377],[106.847137,-6.463316],[106.847397,-6.462509],[106.847422,-6.462076],[106.847611,-6.462132],[106.847854,-6.461332],[106.8479,-6.460981],[106.848146,-6.460624],[106.848312,-6.460709],[106.848274,-6.460778],[106.848494,-6.460832],[106.84852,-6.46075],[106.848818,-6.460856],[106.849325,-6.459897],[106.849592,-6.460023],[106.849752,-6.460124],[106.849566,-6.460534],[106.849776,-6.460595],[106.849642,-6.460933],[106.849545,-6.460895],[106.849523,-6.460991],[106.84958,-6.461033],[106.849606,-6.462059],[106.849668,-6.4621],[106.849666,-6.462315],[106.849827,-6.462976],[106.849785,-6.463458]]]},"properties":{"layer_id":"legalitas","jenis":"legal","nama":"Dian Asri","sumber":"OSM (status: contoh)","atribut":{"status":"SHM","peruntukan":"Permukiman"}}},{"type":"Feature","geometry":{"type":"Polygon","coordinates":[[[106.846966,-6.463409],[106.846619,-6.463373],[106.846691,-6.463215],[106.84643,-6.463163],[106.845915,-6.463166],[106.845722,-6.463224],[106.84527,-6.463182],[106.845323,-6.463835],[106.845439,-6.463915],[106.845405,-6.464175],[106.845145,-6.464159],[106.845129,-6.464367],[106.84492,-6.464358],[106.84491,-6.464484],[106.844641,-6.464428],[106.844892,-6.463629],[106.84496,-6.463136],[106.845741,-6.463187],[106.846337,-6.463121],[106.846649,-6.463168],[106.846782,-6.462778],[106.846182,-6.462637],[106.846133,-6.462794],[106.845873,-6.462656],[106.845866,-6.461966],[106.845778,-6.461964],[106.845809,-6.461851],[106.845366,-6.461635],[106.845377,-6.461574],[106.844936,-6.461468],[106.844848,-6.461509],[106.844843,-6.461968],[106.844587,-6.461856],[106.844371,-6.461849],[106.84437,-6.462694],[106.843778,-6.462684],[106.843769,-6.462349],[106.843668,-6.462335],[106.843676,-6.462235],[106.843789,-6.462235],[106.843758,-6.46183],[106.84432,-6.461751],[106.844324,-6.461072],[106.844159,-6.460747],[106.843563,-6.460245],[106.843626,-6.460092],[106.843949,-6.460039],[106.846117,-6.460545],[106.845971,-6.461139],[106.846153,-6.46117],[106.846345,-6.461154],[106.846312,-6.461011],[106.846651,-6.460986],[106.846587,-6.460792],[106.847209,-6.460897],[106.847467,-6.460856],[106.847514,-6.460562],[106.847881,-6.460651],[106.848019,-6.46077],[106.8479,-6.460981],[106.847495,-6.46088],[106.847282,-6.461952],[106.847361,-6.461967],[106.847425,-6.462081],[106.847432,-6.462353],[106.847205,-6.463168],[106.847137,-6.463316],[106.847003,-6.463253],[106.846966,-6.463409]]]},"properties":{"layer_id":"legalitas","jenis":"legal","nama":"Taman Bukit Asri Baru","sumber":"OSM (status: contoh)","atribut":{"status":"SHM","peruntukan":"Permukiman"}}},{"type":"Feature","geometry":{"type":"Polygon","coordinates":[[[106.848039,-6.456505],[106.848037,-6.456327],[106.848183,-6.455896],[106.84843,-6.455687],[106.849187,-6.455236],[106.849482,-6.455526],[106.849586,-6.455431],[106.849829,-6.455704],[106.849383,-6.456157],[106.84943,-6.456211],[106.849195,-6.456205],[106.849183,-6.456349],[106.849099,-6.456342],[106.849053,-6.456584],[106.849203,-6.456662],[106.848993,-6.456988],[106.84894,-6.457314],[106.848914,-6.457501],[106.849046,-6.457512],[106.849097,-6.457789],[106.849095,-6.458196],[106.848949,-6.458459],[106.84888,-6.458755],[106.848711,-6.458734],[106.848775,-6.458403],[106.848471,-6.458381],[106.848403,-6.458206],[106.848399,-6.457785],[106.848211,-6.45777],[106.848123,-6.457319],[106.848261,-6.457259],[106.848119,-6.45695],[106.848039,-6.456505]]]},"properties":{"layer_id":"legalitas","jenis":"legal","nama":"Cibinong Alam Lestari","sumber":"OSM (status: contoh)","atribut":{"status":"SHM","peruntukan":"Permukiman"}}},{"type":"Feature","geometry":{"type":"Polygon","coordinates":[[[106.849926,-6.447044],[106.850078,-6.446919],[106.850106,-6.447239],[106.85051,-6.447214],[106.850613,-6.447756],[106.850617,-6.447819],[106.849971,-6.44781],[106.849992,-6.447479],[106.849921,-6.447475],[106.84989,-6.447239],[106.849971,-6.447219],[106.849926,-6.447044]]]},"properties":{"layer_id":"legalitas","jenis":"legal","nama":"Taman Mutiara Pabuaran","sumber":"OSM (status: contoh)","atribut":{"status":"HGB","peruntukan":"Permukiman"}}},{"type":"Feature","geometry":{"type":"Polygon","coordinates":[[[106.847042,-6.447226],[106.846858,-6.447163],[106.846842,-6.447237],[106.847018,-6.448764],[106.847173,-6.449027],[106.847251,-6.449021],[106.847319,-6.449112],[106.847414,-6.449634],[106.847155,-6.449703],[106.847183,-6.450038],[106.846935,-6.450125],[106.846946,-6.450951],[106.846829,-6.451144],[106.846879,-6.451133],[106.846955,-6.451385],[106.847593,-6.451424],[106.847674,-6.45125],[106.848308,-6.451276],[106.848301,-6.451463],[106.848049,-6.451984],[106.847724,-6.451941],[106.847145,-6.452425],[106.847137,-6.452533],[106.847253,-6.452538],[106.84724,-6.452665],[106.846458,-6.452588],[106.846567,-6.451997],[106.846563,-6.451147],[106.846788,-6.451133],[106.846829,-6.450954],[106.846582,-6.450942],[106.846554,-6.45028],[106.846648,-6.450277],[106.846612,-6.449962],[106.846482,-6.449928],[106.846479,-6.449875],[106.846249,-6.449904],[106.846214,-6.449807],[106.846015,-6.448877],[106.846037,-6.448576],[106.845888,-6.44834],[106.845788,-6.447928],[106.845377,-6.447525],[106.845441,-6.447157],[106.845401,-6.446734],[106.845508,-6.446533],[106.84547,-6.4463],[106.845592,-6.446201],[106.845996,-6.446181],[106.846137,-6.445911],[106.846404,-6.446102],[106.846132,-6.446726],[106.846509,-6.446707],[106.846798,-6.446785],[106.846818,-6.447089],[106.847055,-6.44641],[106.847388,-6.446524],[106.847042,-6.447226]]]},"properties":{"layer_id":"legalitas","jenis":"legal","nama":"Pabuaran Asri","sumber":"OSM (status: contoh)","atribut":{"status":"SHGB dalam proses","peruntukan":"Permukiman"}}},{"type":"Feature","geometry":{"type":"Polygon","coordinates":[[[106.841474,-6.483418],[106.841592,-6.482844],[106.841572,-6.482692],[106.841645,-6.482681],[106.841664,-6.482858],[106.842052,-6.482822],[106.842223,-6.483512],[106.842135,-6.483506],[106.842129,-6.483643],[106.841431,-6.48361],[106.841474,-6.483418]]]},"properties":{"layer_id":"legalitas","jenis":"legal","nama":"My Residence 2","sumber":"OSM (status: contoh)","atribut":{"status":"HGB","peruntukan":"Permukiman"}}},{"type":"Feature","geometry":{"type":"Polygon","coordinates":[[[106.838222,-6.479974],[106.838322,-6.47969],[106.838599,-6.479807],[106.838219,-6.48061],[106.838042,-6.480584],[106.838222,-6.479974]]]},"properties":{"layer_id":"legalitas","jenis":"legal","nama":"Setia Residence","sumber":"OSM (status: contoh)","atribut":{"status":"SHM","peruntukan":"Permukiman"}}},{"type":"Feature","geometry":{"type":"Polygon","coordinates":[[[106.844775,-6.447454],[106.844667,-6.44767],[106.844431,-6.44758],[106.844661,-6.447024],[106.844722,-6.446633],[106.844337,-6.446359],[106.84405,-6.44629],[106.844053,-6.446019],[106.844373,-6.445876],[106.844479,-6.445708],[106.844496,-6.445634],[106.84486,-6.445464],[106.844945,-6.44522],[106.845198,-6.445228],[106.845241,-6.445626],[106.845098,-6.445796],[106.845387,-6.44601],[106.845321,-6.447155],[106.84489,-6.447152],[106.844816,-6.44747],[106.844775,-6.447454]]]},"properties":{"layer_id":"legalitas","jenis":"legal","nama":"Cipta Pesona Estate","sumber":"OSM (status: contoh)","atribut":{"status":"SHGB dalam proses","peruntukan":"Permukiman"}}},{"type":"Feature","geometry":{"type":"Polygon","coordinates":[[[106.845113,-6.443769],[106.845191,-6.443886],[106.845159,-6.443962],[106.84533,-6.444079],[106.845252,-6.444184],[106.845349,-6.444313],[106.845289,-6.444549],[106.84544,-6.444917],[106.845411,-6.445048],[106.845236,-6.444564],[106.845166,-6.444593],[106.844866,-6.444345],[106.84467,-6.444416],[106.844612,-6.444418],[106.844603,-6.444195],[106.844769,-6.444176],[106.844585,-6.443839],[106.844695,-6.443728],[106.844832,-6.443742],[106.844863,-6.443645],[106.844746,-6.443605],[106.844766,-6.443532],[106.844923,-6.443378],[106.845098,-6.443409],[106.845113,-6.443769]]]},"properties":{"layer_id":"legalitas","jenis":"legal","nama":"Cibinong Green Park","sumber":"OSM (status: contoh)","atribut":{"status":"Girik","peruntukan":"Permukiman"}}},{"type":"Feature","geometry":{"type":"Polygon","coordinates":[[[106.844826,-6.443488],[106.84477,-6.443455],[106.844734,-6.443506],[106.844099,-6.44322],[106.843913,-6.442971],[106.843741,-6.442917],[106.84379,-6.442526],[106.843926,-6.442536],[106.843943,-6.44239],[106.844097,-6.4424],[106.844105,-6.442294],[106.844317,-6.442337],[106.844342,-6.442022],[106.843624,-6.441905],[106.843633,-6.441634],[106.844747,-6.441746],[106.844936,-6.441515],[106.844994,-6.441525],[106.845024,-6.44141],[106.845163,-6.441448],[106.845232,-6.441199],[106.845311,-6.44122],[106.845372,-6.440923],[106.845843,-6.441045],[106.845867,-6.440774],[106.845961,-6.440796],[106.845989,-6.440712],[106.846317,-6.440806],[106.846592,-6.440763],[106.846484,-6.441487],[106.847327,-6.441471],[106.847342,-6.441738],[106.847573,-6.441747],[106.847534,-6.442255],[106.847289,-6.44225],[106.847253,-6.442808],[106.846944,-6.44273],[106.8469,-6.442903],[106.846972,-6.442925],[106.846933,-6.443261],[106.847803,-6.443681],[106.847817,-6.443863],[106.848027,-6.443888],[106.847982,-6.444163],[106.848032,-6.444163],[106.847948,-6.444318],[106.847744,-6.444303],[106.847655,-6.444438],[106.847921,-6.444623],[106.848056,-6.444466],[106.848556,-6.444818],[106.848435,-6.445067],[106.848761,-6.445263],[106.849351,-6.44603],[106.849057,-6.446227],[106.848939,-6.446531],[106.848908,-6.446841],[106.848836,-6.446845],[106.848874,-6.446619],[106.848782,-6.446616],[106.848806,-6.44648],[106.848296,-6.445997],[106.847898,-6.445457],[106.84785,-6.445497],[106.84769,-6.445302],[106.847288,-6.44516],[106.847434,-6.444698],[106.847056,-6.4445],[106.846805,-6.444441],[106.846833,-6.444571],[106.846662,-6.44457],[106.846331,-6.444],[106.846294,-6.443818],[106.846352,-6.443573],[106.846285,-6.443559],[106.846253,-6.443639],[106.846028,-6.443589],[106.846025,-6.443394],[106.84586,-6.443315],[106.846005,-6.443465],[106.846003,-6.443568],[106.845355,-6.444084],[106.845243,-6.444067],[106.845159,-6.443962],[106.845191,-6.443886],[106.845128,-6.44383],[106.845087,-6.443546],[106.845115,-6.443142],[106.844826,-6.443488]]]},"properties":{"layer_id":"legalitas","jenis":"legal","nama":"Bumi Pabuaran Indah","sumber":"OSM (status: contoh)","atribut":{"status":"SHM","peruntukan":"Permukiman"}}},{"type":"Feature","geometry":{"type":"Polygon","coordinates":[[[106.842523,-6.466313],[106.842638,-6.465871],[106.842817,-6.465909],[106.842727,-6.46648],[106.842663,-6.466819],[106.842007,-6.466812],[106.842121,-6.466218],[106.842523,-6.466313]]]},"properties":{"layer_id":"legalitas","jenis":"legal","nama":"Parama Green Residence","sumber":"OSM (status: contoh)","atribut":{"status":"HGB","peruntukan":"Permukiman"}}},{"type":"Feature","geometry":{"type":"Polygon","coordinates":[[[106.840385,-6.464466],[106.83972,-6.46431],[106.839766,-6.464057],[106.840199,-6.464131],[106.840334,-6.463877],[106.840723,-6.463996],[106.840569,-6.464316],[106.840442,-6.464274],[106.840385,-6.464466]]]},"properties":{"layer_id":"legalitas","jenis":"legal","nama":"Cibinong Village","sumber":"OSM (status: contoh)","atribut":{"status":"Girik","peruntukan":"Permukiman"}}},{"type":"Feature","geometry":{"type":"Polygon","coordinates":[[[106.832193,-6.462713],[106.832118,-6.462995],[106.831525,-6.463413],[106.831652,-6.463554],[106.831965,-6.463702],[106.831815,-6.464263],[106.831705,-6.464391],[106.830985,-6.46403],[106.831232,-6.463389],[106.831481,-6.463018],[106.831269,-6.462981],[106.831298,-6.462866],[106.831138,-6.46276],[106.831215,-6.462687],[106.831453,-6.462809],[106.831554,-6.462521],[106.831688,-6.46234],[106.831802,-6.462298],[106.832101,-6.462448],[106.832068,-6.462644],[106.832193,-6.462713]]]},"properties":{"layer_id":"legalitas","jenis":"legal","nama":"Graha Mulya Cibinong","sumber":"OSM (status: contoh)","atribut":{"status":"SHM","peruntukan":"Permukiman"}}},{"type":"Feature","geometry":{"type":"Polygon","coordinates":[[[106.841176,-6.461466],[106.841216,-6.461401],[106.840829,-6.461237],[106.840898,-6.460747],[106.840747,-6.460765],[106.840674,-6.460995],[106.840238,-6.46092],[106.840236,-6.460013],[106.840853,-6.460042],[106.841088,-6.459509],[106.841194,-6.45901],[106.841447,-6.459033],[106.841509,-6.458768],[106.841616,-6.458774],[106.841687,-6.458296],[106.841374,-6.458263],[106.84142,-6.457934],[106.841254,-6.457908],[106.841413,-6.457684],[106.841739,-6.457411],[106.841823,-6.457474],[106.841917,-6.457306],[106.841988,-6.456855],[106.841887,-6.456731],[106.841903,-6.456654],[106.84179,-6.456617],[106.841857,-6.456285],[106.84099,-6.456132],[106.841014,-6.455848],[106.841185,-6.455878],[106.841438,-6.455035],[106.841638,-6.455014],[106.841648,-6.454891],[106.841712,-6.454896],[106.841741,-6.454783],[106.841812,-6.454774],[106.841871,-6.454514],[106.842177,-6.454573],[106.842494,-6.454461],[106.84283,-6.455441],[106.843156,-6.455408],[106.843231,-6.455713],[106.84361,-6.455713],[106.843599,-6.456011],[106.843759,-6.456004],[106.843809,-6.456198],[106.843797,-6.456427],[106.843695,-6.456452],[106.843732,-6.456609],[106.843421,-6.456551],[106.84315,-6.456585],[106.843233,-6.45688],[106.843838,-6.456863],[106.843762,-6.457062],[106.84405,-6.457328],[106.843994,-6.457637],[106.843615,-6.457542],[106.843575,-6.457683],[106.843319,-6.457791],[106.84324,-6.457751],[106.843098,-6.458159],[106.843343,-6.458229],[106.84335,-6.458352],[106.842948,-6.458372],[106.842931,-6.458503],[106.84275,-6.458463],[106.842727,-6.459429],[106.84306,-6.459399],[106.843069,-6.459234],[106.843364,-6.459185],[106.843292,-6.459548],[106.843097,-6.459593],[106.843205,-6.46],[106.843707,-6.460548],[106.844088,-6.460764],[106.844195,-6.461019],[106.84427,-6.46177],[106.843758,-6.46183],[106.84358,-6.461076],[106.843152,-6.461149],[106.842817,-6.461035],[106.842537,-6.460842],[106.842195,-6.460761],[106.841906,-6.461025],[106.841874,-6.461371],[106.84167,-6.461814],[106.841319,-6.461748],[106.841346,-6.461488],[106.841176,-6.461466]]]},"properties":{"layer_id":"legalitas","jenis":"legal","nama":"Puri Nirwana 2","sumber":"OSM (status: contoh)","atribut":{"status":"SHM","peruntukan":"Permukiman"}}},{"type":"Feature","geometry":{"type":"Polygon","coordinates":[[[106.840646,-6.455254],[106.840703,-6.455034],[106.841088,-6.455152],[106.841237,-6.454367],[106.841017,-6.454293],[106.84107,-6.45405],[106.841411,-6.4541],[106.841426,-6.45402],[106.841554,-6.454055],[106.841482,-6.454295],[106.841703,-6.454339],[106.841681,-6.454448],[106.841504,-6.454439],[106.841438,-6.455035],[106.841316,-6.455451],[106.840646,-6.455254]]]},"properties":{"layer_id":"legalitas","jenis":"legal","nama":"D Lisdin 2","sumber":"OSM (status: contoh)","atribut":{"status":"HGB","peruntukan":"Permukiman"}}},{"type":"Feature","geometry":{"type":"Polygon","coordinates":[[[106.838853,-6.459638],[106.838866,-6.459528],[106.839287,-6.459647],[106.839337,-6.459308],[106.839956,-6.459343],[106.8399,-6.46007],[106.839642,-6.460031],[106.839579,-6.460342],[106.840034,-6.4604],[106.840075,-6.460292],[106.840208,-6.46028],[106.840212,-6.460518],[106.839724,-6.460506],[106.839721,-6.460605],[106.839347,-6.460569],[106.839321,-6.460713],[106.839106,-6.460656],[106.839185,-6.460443],[106.839111,-6.460406],[106.839141,-6.460133],[106.838463,-6.460037],[106.838509,-6.459909],[106.838638,-6.459935],[106.838645,-6.459777],[106.838549,-6.459751],[106.838556,-6.459702],[106.838853,-6.459638]]]},"properties":{"layer_id":"legalitas","jenis":"legal","nama":"Cibinong Green Residence","sumber":"OSM (status: contoh)","atribut":{"status":"SHGB dalam proses","peruntukan":"Permukiman"}}},{"type":"Feature","geometry":{"type":"Polygon","coordinates":[[[106.839411,-6.458911],[106.839667,-6.458945],[106.839609,-6.459257],[106.839316,-6.459274],[106.839326,-6.459231],[106.838712,-6.458958],[106.838771,-6.458727],[106.838812,-6.458736],[106.839415,-6.458793],[106.839411,-6.458911]]]},"properties":{"layer_id":"legalitas","jenis":"legal","nama":"Cluster Santry","sumber":"OSM (status: contoh)","atribut":{"status":"SHGB dalam proses","peruntukan":"Permukiman"}}},{"type":"Feature","geometry":{"type":"Polygon","coordinates":[[[106.838036,-6.458117],[106.837966,-6.458246],[106.837838,-6.458285],[106.837748,-6.458169],[106.837889,-6.457979],[106.837848,-6.45795],[106.838127,-6.457752],[106.838265,-6.457736],[106.838268,-6.457783],[106.838419,-6.45781],[106.838775,-6.45774],[106.838794,-6.457878],[106.83891,-6.457915],[106.839314,-6.457814],[106.839508,-6.457758],[106.839535,-6.457798],[106.838818,-6.457996],[106.838849,-6.45822],[106.838507,-6.458195],[106.838533,-6.457938],[106.838389,-6.457954],[106.838297,-6.458157],[106.83806,-6.458057],[106.838036,-6.458117]]]},"properties":{"layer_id":"legalitas","jenis":"legal","nama":"D Lisdin 1","sumber":"OSM (status: contoh)","atribut":{"status":"HGB","peruntukan":"Permukiman"}}},{"type":"Feature","geometry":{"type":"Polygon","coordinates":[[[106.838036,-6.458117],[106.83806,-6.458057],[106.838297,-6.458157],[106.838389,-6.457954],[106.838477,-6.457931],[106.838533,-6.457938],[106.838547,-6.458205],[106.838946,-6.458208],[106.838955,-6.458063],[106.839602,-6.457898],[106.839666,-6.458007],[106.839483,-6.457977],[106.839345,-6.458072],[106.839296,-6.458151],[106.838944,-6.458296],[106.839041,-6.458486],[106.838819,-6.458633],[106.838706,-6.45863],[106.838539,-6.458504],[106.838002,-6.45842],[106.837966,-6.458246],[106.838036,-6.458117]]]},"properties":{"layer_id":"legalitas","jenis":"legal","nama":"Taman Mutiara Cibinong","sumber":"OSM (status: contoh)","atribut":{"status":"Girik","peruntukan":"Permukiman"}}},{"type":"Feature","geometry":{"type":"Polygon","coordinates":[[[106.838807,-6.458633],[106.838868,-6.45862],[106.838892,-6.458705],[106.839378,-6.458749],[106.839433,-6.458425],[106.83953,-6.458406],[106.839528,-6.458353],[106.839809,-6.45831],[106.839907,-6.458518],[106.839722,-6.458553],[106.839719,-6.458629],[106.839473,-6.458634],[106.839407,-6.458796],[106.838812,-6.458736],[106.838288,-6.458529],[106.838205,-6.458514],[106.837992,-6.458877],[106.83772,-6.458911],[106.837433,-6.458728],[106.837486,-6.458317],[106.83767,-6.458096],[106.837934,-6.458408],[106.838539,-6.458504],[106.838706,-6.45863],[106.838807,-6.458633]]]},"properties":{"layer_id":"legalitas","jenis":"legal","nama":"Pesona Pertiwi","sumber":"OSM (status: contoh)","atribut":{"status":"SHM","peruntukan":"Permukiman"}}},{"type":"Feature","geometry":{"type":"Polygon","coordinates":[[[106.837484,-6.459802],[106.837409,-6.460082],[106.83743,-6.460202],[106.837525,-6.460253],[106.837483,-6.460357],[106.837582,-6.460391],[106.837463,-6.460774],[106.837208,-6.460672],[106.837343,-6.460365],[106.837241,-6.460322],[106.837312,-6.460109],[106.837067,-6.460076],[106.837179,-6.459654],[106.837288,-6.459645],[106.837314,-6.459554],[106.837105,-6.459526],[106.837181,-6.45921],[106.837265,-6.459227],[106.837312,-6.45912],[106.83658,-6.458823],[106.836754,-6.458341],[106.836613,-6.45831],[106.836691,-6.457884],[106.837248,-6.457992],[106.837382,-6.457705],[106.837732,-6.457386],[106.837874,-6.457491],[106.837632,-6.457858],[106.837889,-6.457979],[106.837748,-6.458169],[106.83767,-6.458096],[106.837486,-6.458317],[106.837433,-6.458728],[106.83772,-6.458911],[106.837607,-6.458996],[106.837497,-6.459258],[106.837488,-6.459304],[106.837654,-6.459336],[106.83756,-6.459831],[106.837484,-6.459802]]]},"properties":{"layer_id":"legalitas","jenis":"legal","nama":"Green View Cibinong","sumber":"OSM (status: contoh)","atribut":{"status":"SHM","peruntukan":"Permukiman"}}},{"type":"Feature","geometry":{"type":"Polygon","coordinates":[[[106.834698,-6.45841],[106.834457,-6.458831],[106.834596,-6.458876],[106.834502,-6.459109],[106.834744,-6.45919],[106.834711,-6.459403],[106.834413,-6.459397],[106.834461,-6.459198],[106.834425,-6.459016],[106.834255,-6.458969],[106.834188,-6.459183],[106.834022,-6.459079],[106.833902,-6.459245],[106.834082,-6.459465],[106.834172,-6.459826],[106.834294,-6.45984],[106.834297,-6.460497],[106.834595,-6.460621],[106.83457,-6.46075],[106.834813,-6.460846],[106.83492,-6.461041],[106.834816,-6.461216],[106.834759,-6.461183],[106.834619,-6.46144],[106.83469,-6.461522],[106.834728,-6.461775],[106.834648,-6.461982],[106.834344,-6.462019],[106.832823,-6.461709],[106.832767,-6.461177],[106.832693,-6.461012],[106.832698,-6.460712],[106.832769,-6.460264],[106.833551,-6.460269],[106.833552,-6.460035],[106.833309,-6.460047],[106.833289,-6.45963],[106.833492,-6.45974],[106.833563,-6.459696],[106.833717,-6.459163],[106.833659,-6.458994],[106.833857,-6.458968],[106.834047,-6.458565],[106.834209,-6.458641],[106.834334,-6.458617],[106.834501,-6.458287],[106.834601,-6.45828],[106.834727,-6.458063],[106.834886,-6.45819],[106.834698,-6.45841]]]},"properties":{"layer_id":"legalitas","jenis":"legal","nama":"Graha Selaras","sumber":"OSM (status: contoh)","atribut":{"status":"SHGB dalam proses","peruntukan":"Permukiman"}}},{"type":"Feature","geometry":{"type":"Polygon","coordinates":[[[106.830507,-6.459598],[106.830816,-6.459764],[106.830887,-6.459646],[106.831499,-6.459964],[106.830825,-6.460834],[106.830696,-6.460741],[106.83082,-6.46047],[106.830109,-6.460336],[106.830507,-6.459598]]]},"properties":{"layer_id":"legalitas","jenis":"legal","nama":"Permata Pondok Rajeg","sumber":"OSM (status: contoh)","atribut":{"status":"SHM","peruntukan":"Permukiman"}}},{"type":"Feature","geometry":{"type":"Polygon","coordinates":[[[106.831712,-6.459941],[106.832172,-6.459467],[106.832547,-6.458834],[106.832832,-6.457971],[106.833217,-6.458258],[106.833258,-6.458755],[106.833163,-6.458765],[106.833197,-6.458945],[106.832963,-6.459002],[106.833134,-6.459363],[106.833054,-6.459444],[106.833289,-6.45963],[106.833309,-6.460047],[106.833552,-6.460035],[106.833551,-6.460269],[106.832769,-6.460264],[106.832688,-6.46092],[106.832822,-6.461693],[106.83187,-6.461524],[106.831919,-6.46133],[106.831969,-6.461343],[106.832019,-6.461253],[106.832098,-6.460903],[106.831623,-6.460518],[106.831883,-6.460282],[106.831557,-6.460038],[106.831712,-6.459941]]]},"properties":{"layer_id":"legalitas","jenis":"legal","nama":"Cempaka Residence","sumber":"OSM (status: contoh)","atribut":{"status":"SHM","peruntukan":"Permukiman"}}},{"type":"Feature","geometry":{"type":"Polygon","coordinates":[[[106.840135,-6.480657],[106.840065,-6.481027],[106.839316,-6.480704],[106.839331,-6.480528],[106.839464,-6.480531],[106.839518,-6.480628],[106.83962,-6.480545],[106.839561,-6.480503],[106.839661,-6.480351],[106.839747,-6.480387],[106.83982,-6.480319],[106.839967,-6.479993],[106.84035,-6.480183],[106.840135,-6.480657]]]},"properties":{"layer_id":"legalitas","jenis":"legal","nama":"Griya Curug Asri Residence","sumber":"OSM (status: contoh)","atribut":{"status":"HGB","peruntukan":"Permukiman"}}},{"type":"Feature","geometry":{"type":"Polygon","coordinates":[[[106.834583,-6.453631],[106.835442,-6.453444],[106.835495,-6.453223],[106.835614,-6.453245],[106.835547,-6.453492],[106.835492,-6.453485],[106.835483,-6.454085],[106.835777,-6.45407],[106.836029,-6.453356],[106.836355,-6.453468],[106.836149,-6.453803],[106.836068,-6.454204],[106.835634,-6.454215],[106.835522,-6.454403],[106.83576,-6.454581],[106.836143,-6.454772],[106.835982,-6.455325],[106.835383,-6.455677],[106.8352,-6.455696],[106.834781,-6.455639],[106.83446,-6.455435],[106.834365,-6.455306],[106.83445,-6.455015],[106.834235,-6.45486],[106.834351,-6.454747],[106.834552,-6.454861],[106.834583,-6.453631]]]},"properties":{"layer_id":"legalitas","jenis":"legal","nama":"Ambar Cibinong Residence","sumber":"OSM (status: contoh)","atribut":{"status":"SHM","peruntukan":"Permukiman"}}},{"type":"Feature","geometry":{"type":"Polygon","coordinates":[[[106.837676,-6.452888],[106.837782,-6.452593],[106.838068,-6.452772],[106.837933,-6.453032],[106.838104,-6.453111],[106.838218,-6.452817],[106.83839,-6.452877],[106.838257,-6.453478],[106.838169,-6.453644],[106.837929,-6.45347],[106.837897,-6.453558],[106.837423,-6.453359],[106.837676,-6.452888]]]},"properties":{"layer_id":"legalitas","jenis":"legal","nama":"De Lavender","sumber":"OSM (status: contoh)","atribut":{"status":"SHGB dalam proses","peruntukan":"Permukiman"}}},{"type":"Feature","geometry":{"type":"Polygon","coordinates":[[[106.845815,-6.456539],[106.845948,-6.456404],[106.845904,-6.456323],[106.845379,-6.455798],[106.845309,-6.455843],[106.844815,-6.455118],[106.844451,-6.4548],[106.844416,-6.454834],[106.844002,-6.454567],[106.84351,-6.454141],[106.843469,-6.453877],[106.843353,-6.453859],[106.843306,-6.453544],[106.8429,-6.453491],[106.842859,-6.453547],[106.842687,-6.453537],[106.842849,-6.454346],[106.84276,-6.454326],[106.842615,-6.453549],[106.842456,-6.453196],[106.842326,-6.453221],[106.842338,-6.453389],[106.842142,-6.453506],[106.841872,-6.453566],[106.841717,-6.453474],[106.841705,-6.453296],[106.84176,-6.453277],[106.841627,-6.452246],[106.841491,-6.452252],[106.84147,-6.451938],[106.841227,-6.451959],[106.841155,-6.451864],[106.841046,-6.451894],[106.841054,-6.451285],[106.841435,-6.451228],[106.841428,-6.451024],[106.841569,-6.450787],[106.841741,-6.450572],[106.841903,-6.45063],[106.841837,-6.450975],[106.841985,-6.451348],[106.842004,-6.45212],[106.841704,-6.452143],[106.841664,-6.452231],[106.841751,-6.452875],[106.841848,-6.45287],[106.841916,-6.453249],[106.842117,-6.453213],[106.842091,-6.453078],[106.84236,-6.453005],[106.842404,-6.452751],[106.842173,-6.452229],[106.8423,-6.452176],[106.842693,-6.452881],[106.842968,-6.453122],[106.843651,-6.453493],[106.844271,-6.454246],[106.844668,-6.454424],[106.844861,-6.454707],[106.845124,-6.454821],[106.845487,-6.45518],[106.845549,-6.455264],[106.845449,-6.455358],[106.845602,-6.455641],[106.845735,-6.455556],[106.846039,-6.455832],[106.846101,-6.455768],[106.846372,-6.455958],[106.846411,-6.456035],[106.846324,-6.456081],[106.846394,-6.456138],[106.846431,-6.456508],[106.846154,-6.457108],[106.845931,-6.457096],[106.845815,-6.456539]]]},"properties":{"layer_id":"legalitas","jenis":"legal","nama":"Pabuaran Asri 2","sumber":"OSM (status: contoh)","atribut":{"status":"HGB","peruntukan":"Permukiman"}}},{"type":"Feature","geometry":{"type":"Polygon","coordinates":[[[106.841065,-6.45029],[106.841894,-6.450482],[106.841741,-6.450572],[106.841428,-6.451024],[106.841101,-6.450952],[106.841006,-6.450932],[106.841009,-6.450798],[106.840896,-6.45078],[106.84089,-6.450849],[106.84077,-6.450869],[106.840543,-6.450829],[106.840634,-6.450269],[106.841065,-6.45029]]]},"properties":{"layer_id":"legalitas","jenis":"legal","nama":"Griya Kalibaru","sumber":"OSM (status: contoh)","atribut":{"status":"HGB","peruntukan":"Permukiman"}}},{"type":"Feature","geometry":{"type":"Polygon","coordinates":[[[106.83861,-6.450925],[106.838615,-6.450813],[106.838721,-6.450852],[106.838743,-6.450762],[106.838892,-6.45078],[106.838809,-6.451314],[106.838968,-6.451403],[106.839033,-6.45152],[106.838984,-6.451564],[106.838932,-6.452103],[106.838347,-6.452028],[106.838065,-6.451854],[106.837828,-6.451807],[106.837914,-6.451022],[106.838539,-6.451212],[106.83861,-6.450925]]]},"properties":{"layer_id":"legalitas","jenis":"legal","nama":"Grande Kencana","sumber":"OSM (status: contoh)","atribut":{"status":"SHGB dalam proses","peruntukan":"Permukiman"}}},{"type":"Feature","geometry":{"type":"Polygon","coordinates":[[[106.83861,-6.450925],[106.838559,-6.451111],[106.837932,-6.450903],[106.837997,-6.450274],[106.838155,-6.450183],[106.837986,-6.449851],[106.838544,-6.449602],[106.839053,-6.449173],[106.83922,-6.449379],[106.838855,-6.449674],[106.83943,-6.450117],[106.839634,-6.450375],[106.839731,-6.450575],[106.839739,-6.451045],[106.839681,-6.451267],[106.839453,-6.451645],[106.839028,-6.451562],[106.838968,-6.451403],[106.838814,-6.451323],[106.838892,-6.45078],[106.838743,-6.450762],[106.838721,-6.450852],[106.838615,-6.450813],[106.83861,-6.450925]]]},"properties":{"layer_id":"legalitas","jenis":"legal","nama":"Amaryllis Garden","sumber":"OSM (status: contoh)","atribut":{"status":"SHM","peruntukan":"Permukiman"}}},{"type":"Feature","geometry":{"type":"Polygon","coordinates":[[[106.832741,-6.458069],[106.832761,-6.458169],[106.832547,-6.458834],[106.832083,-6.459554],[106.831915,-6.459716],[106.83144,-6.459372],[106.831785,-6.458757],[106.831848,-6.458795],[106.832008,-6.45819],[106.832239,-6.458164],[106.832283,-6.457975],[106.832157,-6.457924],[106.83218,-6.457866],[106.832304,-6.457913],[106.832303,-6.457714],[106.832544,-6.457779],[106.832453,-6.458064],[106.832741,-6.458069]]]},"properties":{"layer_id":"legalitas","jenis":"legal","nama":"Greenery Jamaica","sumber":"OSM (status: contoh)","atribut":{"status":"Girik","peruntukan":"Permukiman"}}},{"type":"Feature","geometry":{"type":"Polygon","coordinates":[[[106.833273,-6.456194],[106.833334,-6.456296],[106.83309,-6.456907],[106.832943,-6.456894],[106.832821,-6.457299],[106.832662,-6.457229],[106.832807,-6.456918],[106.832754,-6.456889],[106.832707,-6.456965],[106.832449,-6.456839],[106.832323,-6.457066],[106.832503,-6.457111],[106.832387,-6.457464],[106.832304,-6.457445],[106.832221,-6.457652],[106.832147,-6.457643],[106.83218,-6.457353],[106.83169,-6.457273],[106.831386,-6.45741],[106.831212,-6.457368],[106.83111,-6.457225],[106.831159,-6.456997],[106.831412,-6.456812],[106.831759,-6.456759],[106.832486,-6.456509],[106.832698,-6.456202],[106.833273,-6.456194]]]},"properties":{"layer_id":"legalitas","jenis":"legal","nama":"Persada Alam Cibinong","sumber":"OSM (status: contoh)","atribut":{"status":"SHM","peruntukan":"Permukiman"}}},{"type":"Feature","geometry":{"type":"Polygon","coordinates":[[[106.829518,-6.457421],[106.829741,-6.457552],[106.829672,-6.457754],[106.829432,-6.457606],[106.829518,-6.457421]]]},"properties":{"layer_id":"legalitas","jenis":"legal","nama":"Palm Village Cibinong","sumber":"OSM (status: contoh)","atribut":{"status":"SHGB dalam proses","peruntukan":"Permukiman"}}},{"type":"Feature","geometry":{"type":"Polygon","coordinates":[[[106.829672,-6.457754],[106.829878,-6.457149],[106.830511,-6.457363],[106.830368,-6.457727],[106.83058,-6.45781],[106.830422,-6.458133],[106.830758,-6.458375],[106.830632,-6.458608],[106.831075,-6.458774],[106.830968,-6.458962],[106.830923,-6.458938],[106.830836,-6.459164],[106.830209,-6.458928],[106.830494,-6.458271],[106.83014,-6.458086],[106.829988,-6.458431],[106.829766,-6.458335],[106.829953,-6.457906],[106.829672,-6.457754]]]},"properties":{"layer_id":"legalitas","jenis":"legal","nama":"Puri Mas Perdana","sumber":"OSM (status: contoh)","atribut":{"status":"SHGB dalam proses","peruntukan":"Permukiman"}}},{"type":"Feature","geometry":{"type":"Polygon","coordinates":[[[106.830925,-6.458706],[106.830632,-6.458608],[106.830758,-6.458375],[106.831047,-6.458479],[106.830925,-6.458706]]]},"properties":{"layer_id":"legalitas","jenis":"legal","nama":"Pesona Residence","sumber":"OSM (status: contoh)","atribut":{"status":"SHM","peruntukan":"Permukiman"}}},{"type":"Feature","geometry":{"type":"Polygon","coordinates":[[[106.831807,-6.459818],[106.831557,-6.460038],[106.831171,-6.459787],[106.831258,-6.459637],[106.830799,-6.459363],[106.830827,-6.459312],[106.830743,-6.459193],[106.829892,-6.458875],[106.829918,-6.458798],[106.831421,-6.45936],[106.831892,-6.45967],[106.831915,-6.459716],[106.831807,-6.459818]]]},"properties":{"layer_id":"legalitas","jenis":"legal","nama":"The Green Park Residence","sumber":"OSM (status: contoh)","atribut":{"status":"HGB","peruntukan":"Permukiman"}}},{"type":"Feature","geometry":{"type":"Polygon","coordinates":[[[106.829779,-6.459223],[106.830011,-6.459337],[106.830134,-6.458958],[106.830287,-6.459009],[106.83015,-6.459421],[106.830507,-6.459598],[106.830109,-6.460336],[106.830763,-6.46046],[106.83082,-6.46047],[106.830696,-6.460741],[106.830036,-6.460609],[106.830056,-6.460518],[106.829725,-6.460426],[106.829926,-6.459953],[106.829475,-6.459763],[106.829734,-6.45941],[106.829779,-6.459223]]]},"properties":{"layer_id":"legalitas","jenis":"legal","nama":"Griya Asri Mandiri (GAM)","sumber":"OSM (status: contoh)","atribut":{"status":"HGB","peruntukan":"Permukiman"}}},{"type":"Feature","geometry":{"type":"Polygon","coordinates":[[[106.828988,-6.460538],[106.829042,-6.460286],[106.829149,-6.46019],[106.830036,-6.460609],[106.830018,-6.460973],[106.829483,-6.460781],[106.829349,-6.460896],[106.829229,-6.46086],[106.829321,-6.460665],[106.828988,-6.460538]]]},"properties":{"layer_id":"legalitas","jenis":"legal","nama":"Kanaka Residence","sumber":"OSM (status: contoh)","atribut":{"status":"SHGB dalam proses","peruntukan":"Permukiman"}}},{"type":"Feature","geometry":{"type":"Polygon","coordinates":[[[106.831156,-6.466614],[106.831326,-6.466322],[106.831379,-6.466378],[106.831524,-6.466304],[106.831737,-6.466905],[106.832207,-6.466785],[106.832636,-6.466625],[106.832893,-6.466158],[106.833294,-6.465835],[106.83352,-6.466327],[106.833495,-6.466648],[106.833799,-6.466805],[106.83385,-6.466739],[106.834209,-6.46681],[106.834483,-6.466764],[106.834831,-6.466816],[106.834769,-6.467356],[106.834626,-6.467333],[106.834307,-6.46785],[106.834405,-6.467917],[106.834378,-6.468006],[106.834426,-6.468044],[106.83429,-6.468246],[106.834458,-6.468383],[106.834393,-6.468477],[106.834221,-6.46836],[106.833979,-6.468567],[106.833504,-6.46847],[106.83367,-6.468808],[106.832984,-6.469108],[106.832769,-6.46935],[106.83253,-6.470085],[106.832185,-6.469927],[106.832465,-6.469164],[106.832268,-6.468228],[106.832049,-6.468181],[106.831938,-6.468031],[106.831766,-6.467607],[106.831657,-6.46755],[106.831269,-6.466929],[106.831211,-6.466643],[106.831156,-6.466614]]]},"properties":{"layer_id":"legalitas","jenis":"legal","nama":"Pesona Telaga Cibinong","sumber":"OSM (status: contoh)","atribut":{"status":"SHGB dalam proses","peruntukan":"Permukiman"}}},{"type":"Feature","geometry":{"type":"Polygon","coordinates":[[[106.831028,-6.470146],[106.831151,-6.470137],[106.831479,-6.469886],[106.831545,-6.470006],[106.831169,-6.470214],[106.830872,-6.470553],[106.830644,-6.470579],[106.830106,-6.470504],[106.830133,-6.470043],[106.831028,-6.470146]]]},"properties":{"layer_id":"legalitas","jenis":"legal","nama":"Multazam Residence","sumber":"OSM (status: contoh)","atribut":{"status":"SHM","peruntukan":"Permukiman"}}},{"type":"Feature","geometry":{"type":"Polygon","coordinates":[[[106.828947,-6.470319],[106.829073,-6.47006],[106.829305,-6.469812],[106.829415,-6.46946],[106.829742,-6.469493],[106.829837,-6.469053],[106.830165,-6.469021],[106.830123,-6.469647],[106.830075,-6.469976],[106.829594,-6.469869],[106.829527,-6.470266],[106.829289,-6.470283],[106.829136,-6.471011],[106.828503,-6.470858],[106.828663,-6.470545],[106.828947,-6.470319]]]},"properties":{"layer_id":"legalitas","jenis":"legal","nama":"Habitat Land Cibinong","sumber":"OSM (status: contoh)","atribut":{"status":"HGB","peruntukan":"Permukiman"}}},{"type":"Feature","geometry":{"type":"Polygon","coordinates":[[[106.827546,-6.469573],[106.82788,-6.468802],[106.828104,-6.468614],[106.828324,-6.468546],[106.828597,-6.468249],[106.828843,-6.468359],[106.829127,-6.468],[106.829258,-6.468096],[106.828936,-6.468509],[106.829185,-6.468638],[106.82901,-6.468946],[106.829461,-6.469069],[106.829341,-6.469743],[106.829158,-6.469927],[106.828807,-6.469768],[106.828496,-6.470229],[106.82827,-6.470097],[106.828357,-6.469926],[106.827546,-6.469573]]]},"properties":{"layer_id":"legalitas","jenis":"legal","nama":"Wonderland Palace","sumber":"OSM (status: contoh)","atribut":{"status":"HGB","peruntukan":"Permukiman"}}},{"type":"Feature","geometry":{"type":"Polygon","coordinates":[[[106.83035,-6.467529],[106.830495,-6.467613],[106.830245,-6.468044],[106.830225,-6.468434],[106.830041,-6.468433],[106.829992,-6.468485],[106.828958,-6.467767],[106.828875,-6.467718],[106.829036,-6.467366],[106.829917,-6.467168],[106.830342,-6.467245],[106.83044,-6.467366],[106.83035,-6.467529]]]},"properties":{"layer_id":"legalitas","jenis":"legal","nama":"Green Patio Cibinong","sumber":"OSM (status: contoh)","atribut":{"status":"HGB","peruntukan":"Permukiman"}}},{"type":"Feature","geometry":{"type":"Polygon","coordinates":[[[106.828823,-6.466943],[106.827884,-6.466767],[106.827638,-6.466429],[106.827616,-6.466312],[106.828871,-6.466579],[106.828823,-6.466943]]]},"properties":{"layer_id":"legalitas","jenis":"legal","nama":"Puri Harmoni 2","sumber":"OSM (status: contoh)","atribut":{"status":"SHM","peruntukan":"Permukiman"}}},{"type":"Feature","geometry":{"type":"Polygon","coordinates":[[[106.828538,-6.466052],[106.828975,-6.466107],[106.828871,-6.466579],[106.828109,-6.466411],[106.827616,-6.466312],[106.827658,-6.466025],[106.828011,-6.465982],[106.828538,-6.466052]]]},"properties":{"layer_id":"legalitas","jenis":"legal","nama":"Puri Harmoni 1","sumber":"OSM (status: contoh)","atribut":{"status":"Girik","peruntukan":"Permukiman"}}},{"type":"Feature","geometry":{"type":"Polygon","coordinates":[[[106.828006,-6.464998],[106.828527,-6.465044],[106.828514,-6.465235],[106.82915,-6.465331],[106.829134,-6.465698],[106.829009,-6.465863],[106.828664,-6.465744],[106.827729,-6.465625],[106.827681,-6.465786],[106.827196,-6.465638],[106.82703,-6.465509],[106.826651,-6.465182],[106.826465,-6.464884],[106.826473,-6.464516],[106.826715,-6.464334],[106.827095,-6.464524],[106.827058,-6.464806],[106.827269,-6.464878],[106.8273,-6.464957],[106.828006,-6.464998]]]},"properties":{"layer_id":"legalitas","jenis":"legal","nama":"Gratindo Residence","sumber":"OSM (status: contoh)","atribut":{"status":"SHM","peruntukan":"Permukiman"}}},{"type":"Feature","geometry":{"type":"Polygon","coordinates":[[[106.826705,-6.466442],[106.826496,-6.467501],[106.826409,-6.467472],[106.82636,-6.467673],[106.826206,-6.467678],[106.826374,-6.46724],[106.82623,-6.466734],[106.825741,-6.466649],[106.825378,-6.466264],[106.825328,-6.465998],[106.825373,-6.465687],[106.825285,-6.465687],[106.825325,-6.465287],[106.825418,-6.464737],[106.82526,-6.46467],[106.825388,-6.46445],[106.826382,-6.464633],[106.826366,-6.464866],[106.826465,-6.465117],[106.826881,-6.465465],[106.826705,-6.466442]]]},"properties":{"layer_id":"legalitas","jenis":"legal","nama":"Proland Cibinong","sumber":"OSM (status: contoh)","atribut":{"status":"SHM","peruntukan":"Permukiman"}}},{"type":"Feature","geometry":{"type":"Polygon","coordinates":[[[106.823442,-6.464007],[106.823296,-6.463996],[106.823259,-6.464482],[106.823048,-6.464536],[106.823029,-6.464423],[106.822935,-6.464437],[106.822901,-6.464639],[106.822272,-6.464712],[106.822349,-6.464911],[106.822311,-6.465066],[106.82223,-6.465038],[106.82227,-6.464928],[106.822194,-6.464744],[106.822032,-6.464724],[106.821926,-6.464637],[106.821776,-6.464038],[106.821463,-6.464095],[106.821418,-6.463939],[106.821526,-6.46382],[106.821489,-6.463689],[106.821408,-6.463702],[106.82138,-6.463639],[106.82131,-6.463292],[106.82133,-6.462892],[106.821211,-6.462871],[106.821202,-6.462691],[106.821592,-6.462662],[106.821958,-6.462538],[106.821955,-6.462468],[106.822122,-6.462457],[106.822141,-6.462564],[106.822906,-6.462382],[106.822967,-6.462678],[106.822457,-6.462787],[106.82249,-6.462987],[106.822216,-6.462995],[106.822318,-6.463314],[106.822395,-6.46333],[106.82241,-6.463401],[106.822555,-6.463386],[106.822627,-6.463515],[106.822637,-6.463663],[106.822564,-6.463685],[106.822565,-6.463778],[106.822951,-6.463805],[106.822962,-6.463658],[106.8231,-6.463663],[106.823065,-6.463729],[106.823467,-6.463791],[106.823442,-6.464007]]]},"properties":{"layer_id":"legalitas","jenis":"legal","nama":"Pondok Widyatama Indah","sumber":"OSM (status: contoh)","atribut":{"status":"Girik","peruntukan":"Permukiman"}}},{"type":"Feature","geometry":{"type":"Polygon","coordinates":[[[106.818488,-6.452162],[106.81766,-6.452015],[106.817612,-6.451984],[106.81781,-6.451782],[106.818121,-6.451604],[106.818159,-6.451685],[106.818594,-6.451752],[106.818488,-6.452162]]]},"properties":{"layer_id":"legalitas","jenis":"legal","nama":"A/N Endang Rudatin","sumber":"OSM (status: contoh)","atribut":{"status":"HGB","peruntukan":"Permukiman"}}},{"type":"Feature","geometry":{"type":"Polygon","coordinates":[[[106.821389,-6.448979],[106.820845,-6.448773],[106.821463,-6.448388],[106.821726,-6.448488],[106.821669,-6.448657],[106.821537,-6.448624],[106.8215,-6.448787],[106.821631,-6.448841],[106.821603,-6.44892],[106.821899,-6.449103],[106.821726,-6.449379],[106.821645,-6.449436],[106.821492,-6.44942],[106.821411,-6.449391],[106.821508,-6.449041],[106.821389,-6.448979]]]},"properties":{"layer_id":"legalitas","jenis":"legal","nama":"Irafel Lestari","sumber":"OSM (status: contoh)","atribut":{"status":"HGB","peruntukan":"Permukiman"}}},{"type":"Feature","geometry":{"type":"Polygon","coordinates":[[[106.822202,-6.448368],[106.822138,-6.448581],[106.822544,-6.448723],[106.822479,-6.448968],[106.82203,-6.448954],[106.821899,-6.449103],[106.821603,-6.44892],[106.821631,-6.448841],[106.8215,-6.448787],[106.821537,-6.448624],[106.821669,-6.448657],[106.821826,-6.448264],[106.822202,-6.448368]]]},"properties":{"layer_id":"legalitas","jenis":"legal","nama":"Dehomes Residence","sumber":"OSM (status: contoh)","atribut":{"status":"SHM","peruntukan":"Permukiman"}}},{"type":"Feature","geometry":{"type":"Polygon","coordinates":[[[106.820936,-6.448487],[106.821169,-6.448585],[106.82081,-6.44876],[106.820645,-6.448763],[106.820634,-6.448496],[106.820449,-6.448499],[106.820482,-6.448409],[106.819948,-6.448228],[106.820037,-6.447845],[106.81966,-6.447699],[106.819672,-6.447653],[106.819551,-6.447587],[106.819304,-6.447523],[106.819307,-6.447445],[106.819746,-6.447523],[106.820595,-6.447829],[106.820618,-6.447715],[106.82141,-6.447875],[106.821347,-6.448081],[106.821093,-6.448072],[106.821083,-6.448142],[106.82101,-6.448157],[106.820936,-6.448487]]]},"properties":{"layer_id":"legalitas","jenis":"legal","nama":"Griya Cakrawala","sumber":"OSM (status: contoh)","atribut":{"status":"SHGB dalam proses","peruntukan":"Permukiman"}}},{"type":"Feature","geometry":{"type":"Polygon","coordinates":[[[106.816175,-6.446874],[106.815959,-6.446493],[106.81579,-6.446318],[106.816801,-6.446249],[106.816799,-6.446459],[106.816947,-6.446461],[106.816968,-6.44676],[106.816175,-6.446874]]]},"properties":{"layer_id":"legalitas","jenis":"legal","nama":"deMulya Residence","sumber":"OSM (status: contoh)","atribut":{"status":"Girik","peruntukan":"Permukiman"}}},{"type":"Feature","geometry":{"type":"Polygon","coordinates":[[[106.816061,-6.449542],[106.815709,-6.449055],[106.81537,-6.448727],[106.815026,-6.448005],[106.815031,-6.447187],[106.814793,-6.446376],[106.815213,-6.446252],[106.815684,-6.446323],[106.815959,-6.446493],[106.81611,-6.446719],[106.816168,-6.446874],[106.816968,-6.44676],[106.816975,-6.447095],[106.817678,-6.447154],[106.817594,-6.448917],[106.818023,-6.44885],[106.817987,-6.449578],[106.818911,-6.44975],[106.818901,-6.449809],[106.817028,-6.449421],[106.816929,-6.449416],[106.816919,-6.449731],[106.816094,-6.449716],[106.816061,-6.449542]]]},"properties":{"layer_id":"legalitas","jenis":"legal","nama":"Perumahan Dinas Dephankam","sumber":"OSM (status: contoh)","atribut":{"status":"SHM","peruntukan":"Permukiman"}}},{"type":"Feature","geometry":{"type":"Polygon","coordinates":[[[106.819331,-6.446649],[106.818816,-6.446556],[106.818746,-6.446855],[106.818546,-6.446799],[106.818614,-6.446518],[106.818563,-6.446506],[106.818594,-6.446312],[106.818352,-6.446291],[106.818401,-6.446062],[106.819405,-6.44618],[106.819331,-6.446649]]]},"properties":{"layer_id":"legalitas","jenis":"legal","nama":"Puri Kencana","sumber":"OSM (status: contoh)","atribut":{"status":"HGB","peruntukan":"Permukiman"}}},{"type":"Feature","geometry":{"type":"Polygon","coordinates":[[[106.82031,-6.444639],[106.820369,-6.443877],[106.821076,-6.443955],[106.821036,-6.444419],[106.820993,-6.444697],[106.820668,-6.444665],[106.820662,-6.444731],[106.820578,-6.444724],[106.82058,-6.444662],[106.82031,-6.444639]]]},"properties":{"layer_id":"legalitas","jenis":"legal","nama":"Jati Mulya 2","sumber":"OSM (status: contoh)","atribut":{"status":"HGB","peruntukan":"Permukiman"}}},{"type":"Feature","geometry":{"type":"Polygon","coordinates":[[[106.822519,-6.445571],[106.822655,-6.445419],[106.822544,-6.445352],[106.822768,-6.444998],[106.822887,-6.444998],[106.822866,-6.445208],[106.823008,-6.445236],[106.82302,-6.445085],[106.823213,-6.445082],[106.823511,-6.445386],[106.823598,-6.445631],[106.823445,-6.445665],[106.82341,-6.445545],[106.822851,-6.44548],[106.822925,-6.445844],[106.822579,-6.445914],[106.822257,-6.445852],[106.822085,-6.445661],[106.822362,-6.445501],[106.822519,-6.445571]]]},"properties":{"layer_id":"legalitas","jenis":"legal","nama":"Kavling Pondok Jati","sumber":"OSM (status: contoh)","atribut":{"status":"HGB","peruntukan":"Permukiman"}}},{"type":"Feature","geometry":{"type":"Polygon","coordinates":[[[106.728754,-6.30454],[106.728963,-6.30408],[106.728104,-6.302803],[106.727402,-6.303245],[106.727497,-6.303598],[106.727759,-6.30413],[106.727823,-6.304113],[106.727984,-6.304449],[106.72822,-6.304421],[106.72828,-6.305193],[106.728011,-6.305214],[106.727853,-6.305814],[106.727823,-6.306205],[106.7276,-6.306164],[106.727585,-6.305888],[106.727448,-6.305893],[106.727429,-6.306086],[106.727249,-6.306084],[106.72723,-6.306339],[106.726679,-6.306299],[106.726635,-6.306442],[106.726373,-6.306417],[106.726368,-6.306562],[106.727518,-6.306611],[106.728057,-6.306562],[106.728008,-6.306476],[106.728215,-6.305351],[106.728342,-6.305284],[106.72847,-6.304984],[106.728464,-6.304633],[106.728661,-6.304503],[106.728754,-6.30454]]]},"properties":{"layer_id":"legalitas","jenis":"legal","nama":"Dalbergia","sumber":"OSM (status: contoh)","atribut":{"status":"Girik","peruntukan":"Permukiman"}}},{"type":"Feature","geometry":{"type":"Polygon","coordinates":[[[106.728782,-6.307719],[106.728728,-6.307976],[106.728334,-6.308839],[106.728154,-6.308823],[106.728111,-6.309076],[106.728305,-6.309113],[106.728208,-6.310156],[106.72901,-6.310297],[106.728972,-6.310473],[106.729017,-6.310488],[106.729564,-6.310498],[106.729658,-6.309893],[106.730047,-6.309939],[106.730087,-6.309483],[106.729778,-6.309448],[106.729754,-6.309216],[106.729435,-6.309256],[106.729221,-6.308335],[106.729194,-6.307713],[106.728782,-6.307719]]]},"properties":{"layer_id":"legalitas","jenis":"legal","nama":"Calamus","sumber":"OSM (status: contoh)","atribut":{"status":"Girik","peruntukan":"Permukiman"}}},{"type":"Feature","geometry":{"type":"Polygon","coordinates":[[[106.729209,-6.30677],[106.729211,-6.306096],[106.728691,-6.306093],[106.7286,-6.306189],[106.728604,-6.305864],[106.728763,-6.305848],[106.728777,-6.305621],[106.728887,-6.305339],[106.729392,-6.304427],[106.729399,-6.30428],[106.729887,-6.304272],[106.730521,-6.305681],[106.730623,-6.305633],[106.730696,-6.305873],[106.73094,-6.306159],[106.731129,-6.306568],[106.73153,-6.306377],[106.731342,-6.305932],[106.73146,-6.305894],[106.731769,-6.306526],[106.731989,-6.30642],[106.732171,-6.306774],[106.729209,-6.30677]]]},"properties":{"layer_id":"legalitas","jenis":"legal","nama":"Alstonia","sumber":"OSM (status: contoh)","atribut":{"status":"SHM","peruntukan":"Permukiman"}}},{"type":"Feature","geometry":{"type":"Polygon","coordinates":[[[106.728782,-6.307719],[106.728779,-6.307437],[106.728554,-6.307445],[106.728557,-6.307174],[106.729207,-6.307174],[106.729209,-6.30677],[106.732171,-6.306774],[106.732211,-6.306851],[106.731905,-6.307041],[106.732053,-6.30759],[106.731967,-6.308011],[106.731994,-6.308227],[106.732134,-6.308596],[106.731945,-6.308597],[106.731938,-6.308969],[106.732084,-6.308961],[106.73218,-6.308857],[106.732188,-6.309027],[106.732008,-6.309044],[106.73196,-6.309605],[106.731394,-6.309549],[106.731371,-6.308993],[106.731263,-6.308762],[106.731168,-6.308709],[106.731127,-6.308765],[106.730967,-6.308709],[106.730952,-6.308773],[106.73083,-6.308759],[106.730825,-6.308853],[106.730503,-6.30885],[106.730494,-6.308965],[106.730159,-6.308941],[106.730164,-6.308765],[106.730512,-6.308777],[106.730558,-6.308493],[106.730685,-6.308482],[106.730623,-6.307608],[106.730125,-6.307696],[106.728782,-6.307719]]]},"properties":{"layer_id":"legalitas","jenis":"legal","nama":"Bischofia","sumber":"OSM (status: contoh)","atribut":{"status":"HGB","peruntukan":"Permukiman"}}},{"type":"Feature","geometry":{"type":"Polygon","coordinates":[[[106.729428,-6.314773],[106.730912,-6.315248],[106.731083,-6.3154],[106.731113,-6.315499],[106.730686,-6.315818],[106.730571,-6.316101],[106.730802,-6.316589],[106.73118,-6.317085],[106.731695,-6.317434],[106.732086,-6.317586],[106.731953,-6.31798],[106.731462,-6.317703],[106.731346,-6.318002],[106.7317,-6.318212],[106.731652,-6.31829],[106.731735,-6.318346],[106.731657,-6.318455],[106.731311,-6.318223],[106.73121,-6.318415],[106.731041,-6.318519],[106.730625,-6.3185],[106.730458,-6.318404],[106.730429,-6.317818],[106.729876,-6.31781],[106.729664,-6.3177],[106.729772,-6.316842],[106.729729,-6.316653],[106.728999,-6.315797],[106.729292,-6.314683],[106.729428,-6.314773]]]},"properties":{"layer_id":"legalitas","jenis":"legal","nama":"The Bay","sumber":"OSM (status: contoh)","atribut":{"status":"SHM","peruntukan":"Permukiman"}}},{"type":"Feature","geometry":{"type":"Polygon","coordinates":[[[106.730096,-6.314755],[106.729906,-6.314757],[106.729809,-6.314907],[106.729029,-6.314555],[106.72861,-6.314533],[106.728591,-6.313755],[106.7286,-6.313648],[106.72916,-6.313635],[106.729168,-6.313707],[106.729391,-6.313731],[106.729745,-6.314019],[106.730161,-6.314109],[106.730096,-6.314755]]]},"properties":{"layer_id":"legalitas","jenis":"legal","nama":"Aloha","sumber":"OSM (status: contoh)","atribut":{"status":"SHM","peruntukan":"Permukiman"}}},{"type":"Feature","geometry":{"type":"Polygon","coordinates":[[[106.732406,-6.314672],[106.731448,-6.314893],[106.73147,-6.315008],[106.731126,-6.315093],[106.730096,-6.314755],[106.730161,-6.314109],[106.730922,-6.313955],[106.730901,-6.313795],[106.731236,-6.313678],[106.731298,-6.31355],[106.731711,-6.313464],[106.732057,-6.313942],[106.732044,-6.314069],[106.732333,-6.314336],[106.732406,-6.314672]]]},"properties":{"layer_id":"legalitas","jenis":"legal","nama":"Cayman","sumber":"OSM (status: contoh)","atribut":{"status":"SHM","peruntukan":"Permukiman"}}},{"type":"Feature","geometry":{"type":"Polygon","coordinates":[[[106.746882,-6.401878],[106.747493,-6.401729],[106.74778,-6.401518],[106.74796,-6.401316],[106.748681,-6.399975],[106.748997,-6.399961],[106.748708,-6.400774],[106.748582,-6.401254],[106.747745,-6.403014],[106.747665,-6.403062],[106.747292,-6.403019],[106.747217,-6.403142],[106.746536,-6.402872],[106.746882,-6.401878]]]},"properties":{"layer_id":"legalitas","jenis":"legal","nama":"Hannam","sumber":"OSM (status: contoh)","atribut":{"status":"SHM","peruntukan":"Permukiman"}}},{"type":"Feature","geometry":{"type":"Polygon","coordinates":[[[106.750618,-6.404991],[106.750902,-6.404802],[106.751254,-6.40432],[106.751994,-6.401907],[106.751099,-6.401641],[106.751012,-6.401867],[106.750862,-6.402147],[106.751074,-6.40223],[106.750704,-6.40308],[106.749623,-6.404189],[106.750618,-6.404991]]]},"properties":{"layer_id":"legalitas","jenis":"legal","nama":"The Grove","sumber":"OSM (status: contoh)","atribut":{"status":"Girik","peruntukan":"Permukiman"}}},{"type":"Feature","geometry":{"type":"Polygon","coordinates":[[[106.751296,-6.398744],[106.751752,-6.398616],[106.752198,-6.398778],[106.752431,-6.398413],[106.75245,-6.397989],[106.752101,-6.397544],[106.752037,-6.397174],[106.752039,-6.396851],[106.752147,-6.396659],[106.752141,-6.39628],[106.752246,-6.396022],[106.752343,-6.39535],[106.751651,-6.395409],[106.751353,-6.395644],[106.751283,-6.395811],[106.751047,-6.396691],[106.750988,-6.398216],[106.75106,-6.39845],[106.751296,-6.398744]]]},"properties":{"layer_id":"legalitas","jenis":"legal","nama":"Forest","sumber":"OSM (status: contoh)","atribut":{"status":"SHM","peruntukan":"Permukiman"}}},{"type":"Feature","geometry":{"type":"Polygon","coordinates":[[[106.754277,-6.399623],[106.754014,-6.3976],[106.753791,-6.397062],[106.753944,-6.396955],[106.754435,-6.396974],[106.754901,-6.396828],[106.755062,-6.396886],[106.755202,-6.397753],[106.755008,-6.399997],[106.754364,-6.399994],[106.754277,-6.399623]]]},"properties":{"layer_id":"legalitas","jenis":"legal","nama":"Laguna","sumber":"OSM (status: contoh)","atribut":{"status":"HGB","peruntukan":"Permukiman"}}},{"type":"Feature","geometry":{"type":"Polygon","coordinates":[[[106.752361,-6.399636],[106.752294,-6.399396],[106.752375,-6.399253],[106.752479,-6.398717],[106.752697,-6.398216],[106.752648,-6.397853],[106.752324,-6.397208],[106.752396,-6.396747],[106.752538,-6.396558],[106.752686,-6.396099],[106.752973,-6.396166],[106.752906,-6.396366],[106.753102,-6.39635],[106.753249,-6.396627],[106.753236,-6.396726],[106.753305,-6.396758],[106.753389,-6.397008],[106.753469,-6.397008],[106.753566,-6.397152],[106.753638,-6.397531],[106.753705,-6.397541],[106.753896,-6.398496],[106.753963,-6.399642],[106.752361,-6.399636]]]},"properties":{"layer_id":"legalitas","jenis":"legal","nama":"Lake Vista","sumber":"OSM (status: contoh)","atribut":{"status":"SHGB dalam proses","peruntukan":"Permukiman"}}},{"type":"Feature","geometry":{"type":"Polygon","coordinates":[[[106.741831,-6.384547],[106.742166,-6.384571],[106.742188,-6.384379],[106.743043,-6.384517],[106.742916,-6.384958],[106.743295,-6.385067],[106.74333,-6.384995],[106.743612,-6.385096],[106.743349,-6.385488],[106.742966,-6.385722],[106.742496,-6.385568],[106.742456,-6.385333],[106.74174,-6.385341],[106.741734,-6.385168],[106.741474,-6.38512],[106.741496,-6.384947],[106.741421,-6.384939],[106.741439,-6.384789],[106.741608,-6.384475],[106.741831,-6.384547]]]},"properties":{"layer_id":"legalitas","jenis":"legal","nama":"Grand Mannacon","sumber":"OSM (status: contoh)","atribut":{"status":"HGB","peruntukan":"Permukiman"}}},{"type":"Feature","geometry":{"type":"Polygon","coordinates":[[[106.743319,-6.385659],[106.743491,-6.385469],[106.744089,-6.385722],[106.744248,-6.385965],[106.743979,-6.386343],[106.743428,-6.386016],[106.743553,-6.3858],[106.743319,-6.385659]]]},"properties":{"layer_id":"legalitas","jenis":"legal","nama":"Elite Residence 2","sumber":"OSM (status: contoh)","atribut":{"status":"SHM","peruntukan":"Permukiman"}}},{"type":"Feature","geometry":{"type":"Polygon","coordinates":[[[106.743864,-6.39063],[106.743985,-6.390398],[106.743725,-6.39028],[106.74392,-6.389777],[106.742925,-6.389358],[106.742861,-6.389499],[106.742432,-6.389299],[106.742375,-6.38943],[106.742453,-6.389987],[106.743864,-6.39063]]]},"properties":{"layer_id":"legalitas","jenis":"legal","nama":"Kirana Gardenia","sumber":"OSM (status: contoh)","atribut":{"status":"Girik","peruntukan":"Permukiman"}}},{"type":"Feature","geometry":{"type":"Polygon","coordinates":[[[106.745272,-6.388676],[106.744229,-6.388281],[106.74413,-6.388468],[106.742954,-6.387893],[106.743029,-6.387366],[106.743386,-6.38667],[106.743907,-6.386335],[106.743979,-6.386343],[106.744248,-6.385965],[106.744781,-6.386306],[106.744533,-6.386793],[106.744587,-6.387544],[106.744426,-6.387941],[106.745475,-6.388336],[106.745272,-6.388676]]]},"properties":{"layer_id":"legalitas","jenis":"legal","nama":"Cahaya Garuda Residence","sumber":"OSM (status: contoh)","atribut":{"status":"SHGB dalam proses","peruntukan":"Permukiman"}}},{"type":"Feature","geometry":{"type":"Polygon","coordinates":[[[106.753904,-6.38262],[106.754024,-6.383129],[106.753837,-6.383998],[106.753448,-6.384123],[106.753483,-6.38428],[106.7533,-6.384749],[106.753027,-6.384464],[106.753061,-6.383974],[106.752651,-6.383947],[106.752506,-6.383585],[106.752249,-6.382206],[106.752735,-6.382013],[106.752844,-6.382588],[106.753904,-6.38262]]]},"properties":{"layer_id":"legalitas","jenis":"legal","nama":"Situ Indah Kedaung","sumber":"OSM (status: contoh)","atribut":{"status":"SHGB dalam proses","peruntukan":"Permukiman"}}},{"type":"Feature","geometry":{"type":"Polygon","coordinates":[[[106.753904,-6.38262],[106.752844,-6.382588],[106.752735,-6.382013],[106.752906,-6.381945],[106.752863,-6.381703],[106.752753,-6.381564],[106.75264,-6.381572],[106.752469,-6.3813],[106.752431,-6.38101],[106.752305,-6.380748],[106.752313,-6.380658],[106.753115,-6.380588],[106.753134,-6.380671],[106.753563,-6.380612],[106.753665,-6.380948],[106.75399,-6.38093],[106.754164,-6.381314],[106.754644,-6.381148],[106.75514,-6.381111],[106.755202,-6.381207],[106.754708,-6.381226],[106.753847,-6.381548],[106.754105,-6.382105],[106.753659,-6.382254],[106.753904,-6.38262]]]},"properties":{"layer_id":"legalitas","jenis":"legal","nama":"Nangka Valley","sumber":"OSM (status: contoh)","atribut":{"status":"SHM","peruntukan":"Permukiman"}}},{"type":"Feature","geometry":{"type":"Polygon","coordinates":[[[106.751747,-6.383041],[106.750819,-6.383094],[106.747241,-6.383019],[106.747225,-6.382806],[106.747024,-6.382366],[106.747139,-6.382497],[106.748011,-6.382438],[106.748,-6.382358],[106.74782,-6.3821],[106.747533,-6.382089],[106.746983,-6.382217],[106.746659,-6.382153],[106.746702,-6.381233],[106.747944,-6.381194],[106.747933,-6.381023],[106.748781,-6.380994],[106.748805,-6.381335],[106.748891,-6.381519],[106.750642,-6.381567],[106.75065,-6.381444],[106.750779,-6.381452],[106.750773,-6.381577],[106.751042,-6.381599],[106.75069,-6.381127],[106.750824,-6.380999],[106.752184,-6.382297],[106.752437,-6.38363],[106.752579,-6.383971],[106.752509,-6.384373],[106.752208,-6.384437],[106.751629,-6.384795],[106.751516,-6.384968],[106.751439,-6.385277],[106.75128,-6.385488],[106.750964,-6.385616],[106.750698,-6.385357],[106.75068,-6.385267],[106.751323,-6.38455],[106.751267,-6.384451],[106.751554,-6.384251],[106.751613,-6.384142],[106.751643,-6.383334],[106.75212,-6.383323],[106.751905,-6.382985],[106.751747,-6.383041]]]},"properties":{"layer_id":"legalitas","jenis":"legal","nama":"Citra Lake","sumber":"OSM (status: contoh)","atribut":{"status":"Girik","peruntukan":"Permukiman"}}},{"type":"Feature","geometry":{"type":"Polygon","coordinates":[[[106.727839,-6.378589],[106.727811,-6.378946],[106.726296,-6.378973],[106.726291,-6.378738],[106.726937,-6.378776],[106.726957,-6.378473],[106.727025,-6.378408],[106.727863,-6.378473],[106.727839,-6.378589]]]},"properties":{"layer_id":"legalitas","jenis":"legal","nama":"Gardenia Park 2","sumber":"OSM (status: contoh)","atribut":{"status":"SHM","peruntukan":"Permukiman"}}},{"type":"Feature","geometry":{"type":"Polygon","coordinates":[[[106.726434,-6.379309],[106.726357,-6.379069],[106.72849,-6.379026],[106.728479,-6.378713],[106.728836,-6.37877],[106.728741,-6.379483],[106.726434,-6.379309]]]},"properties":{"layer_id":"legalitas","jenis":"legal","nama":"Citra Pesona Sawangan","sumber":"OSM (status: contoh)","atribut":{"status":"HGB","peruntukan":"Permukiman"}}},{"type":"Feature","geometry":{"type":"Polygon","coordinates":[[[106.727644,-6.380127],[106.727688,-6.37962],[106.726602,-6.379524],[106.726434,-6.379309],[106.728741,-6.379483],[106.728724,-6.37962],[106.729255,-6.379677],[106.729205,-6.380287],[106.727644,-6.380127]]]},"properties":{"layer_id":"legalitas","jenis":"legal","nama":"Graha Pondok Petir","sumber":"OSM (status: contoh)","atribut":{"status":"SHM","peruntukan":"Permukiman"}}},{"type":"Feature","geometry":{"type":"Polygon","coordinates":[[[106.733277,-6.390107],[106.734517,-6.390158],[106.734401,-6.39084],[106.73405,-6.390872],[106.733886,-6.390619],[106.733693,-6.39056],[106.733336,-6.39032],[106.733277,-6.390107]]]},"properties":{"layer_id":"legalitas","jenis":"legal","nama":"Divine Asri Residence","sumber":"OSM (status: contoh)","atribut":{"status":"SHM","peruntukan":"Permukiman"}}},{"type":"Feature","geometry":{"type":"Polygon","coordinates":[[[106.733277,-6.390107],[106.732414,-6.390238],[106.732505,-6.390528],[106.732886,-6.391221],[106.733141,-6.391197],[106.733218,-6.391355],[106.733315,-6.391317],[106.733589,-6.391586],[106.733715,-6.392549],[106.734286,-6.392536],[106.734683,-6.392485],[106.734329,-6.392125],[106.734171,-6.391509],[106.734259,-6.391448],[106.73405,-6.390872],[106.733886,-6.390619],[106.733693,-6.39056],[106.733336,-6.39032],[106.733277,-6.390107]]]},"properties":{"layer_id":"legalitas","jenis":"legal","nama":"Sawangan Green Park","sumber":"OSM (status: contoh)","atribut":{"status":"SHM","peruntukan":"Permukiman"}}},{"type":"Feature","geometry":{"type":"Polygon","coordinates":[[[106.73846,-6.394252],[106.738004,-6.394212],[106.737786,-6.394236],[106.737692,-6.393508],[106.738725,-6.393562],[106.738647,-6.393818],[106.73846,-6.394252]]]},"properties":{"layer_id":"legalitas","jenis":"legal","nama":"Curug Residence 2","sumber":"OSM (status: contoh)","atribut":{"status":"SHGB dalam proses","peruntukan":"Permukiman"}}},{"type":"Feature","geometry":{"type":"Polygon","coordinates":[[[106.739771,-6.395201],[106.739758,-6.394831],[106.739699,-6.394828],[106.739675,-6.394617],[106.73946,-6.394647],[106.739452,-6.393916],[106.740106,-6.393919],[106.740109,-6.394215],[106.740592,-6.394169],[106.740755,-6.394484],[106.740329,-6.394505],[106.740358,-6.394711],[106.740278,-6.394713],[106.740318,-6.395004],[106.739771,-6.395201]]]},"properties":{"layer_id":"legalitas","jenis":"legal","nama":"Griya Andalusia","sumber":"OSM (status: contoh)","atribut":{"status":"SHGB dalam proses","peruntukan":"Permukiman"}}},{"type":"Feature","geometry":{"type":"Polygon","coordinates":[[[106.739841,-6.395318],[106.740308,-6.395121],[106.74034,-6.395556],[106.74009,-6.395622],[106.740088,-6.395862],[106.739913,-6.39595],[106.739924,-6.396049],[106.739744,-6.396097],[106.739731,-6.396201],[106.739406,-6.396256],[106.739385,-6.396174],[106.739205,-6.396198],[106.739165,-6.39591],[106.739763,-6.395827],[106.73986,-6.395462],[106.739841,-6.395318]]]},"properties":{"layer_id":"legalitas","jenis":"legal","nama":"Samara Residence","sumber":"OSM (status: contoh)","atribut":{"status":"HGB","peruntukan":"Permukiman"}}},{"type":"Feature","geometry":{"type":"Polygon","coordinates":[[[106.738269,-6.389074],[106.738242,-6.388814],[106.738539,-6.388837],[106.738548,-6.388669],[106.738643,-6.388674],[106.738647,-6.388738],[106.738768,-6.388726],[106.738739,-6.389061],[106.738269,-6.389074]]]},"properties":{"layer_id":"legalitas","jenis":"legal","nama":"Ilalang Eco Living","sumber":"OSM (status: contoh)","atribut":{"status":"SHM","peruntukan":"Permukiman"}}},{"type":"Feature","geometry":{"type":"Polygon","coordinates":[[[106.738339,-6.389939],[106.738433,-6.390869],[106.737207,-6.390896],[106.736917,-6.391013],[106.736818,-6.390928],[106.736386,-6.390955],[106.735928,-6.39084],[106.736005,-6.391187],[106.735726,-6.391131],[106.735592,-6.390691],[106.735579,-6.390478],[106.736064,-6.390411],[106.735976,-6.390182],[106.736333,-6.390121],[106.73629,-6.389726],[106.736745,-6.389705],[106.736729,-6.389507],[106.736971,-6.389465],[106.737,-6.389697],[106.737558,-6.389497],[106.737545,-6.389401],[106.738218,-6.389267],[106.738339,-6.389939]]]},"properties":{"layer_id":"legalitas","jenis":"legal","nama":"Greenland Forest Park","sumber":"OSM (status: contoh)","atribut":{"status":"Girik","peruntukan":"Permukiman"}}},{"type":"Feature","geometry":{"type":"Polygon","coordinates":[[[106.735555,-6.389105],[106.735678,-6.389878],[106.735976,-6.390182],[106.736333,-6.390121],[106.73629,-6.389726],[106.736745,-6.389705],[106.736729,-6.389507],[106.736971,-6.389465],[106.737,-6.389697],[106.737558,-6.389497],[106.737545,-6.389401],[106.738218,-6.389267],[106.738154,-6.388921],[106.737454,-6.388886],[106.737427,-6.388774],[106.737373,-6.388705],[106.737448,-6.388652],[106.737706,-6.38866],[106.737698,-6.38842],[106.737419,-6.388433],[106.737387,-6.387969],[106.736719,-6.387937],[106.736638,-6.3873],[106.736456,-6.387319],[106.736515,-6.387956],[106.736273,-6.387972],[106.736327,-6.388335],[106.735917,-6.388404],[106.735941,-6.3885],[106.735764,-6.388537],[106.73578,-6.389081],[106.735555,-6.389105]]]},"properties":{"layer_id":"legalitas","jenis":"legal","nama":"Greenland","sumber":"OSM (status: contoh)","atribut":{"status":"SHM","peruntukan":"Permukiman"}}},{"type":"Feature","geometry":{"type":"Polygon","coordinates":[[[106.740366,-6.400985],[106.740002,-6.401233],[106.740071,-6.40134],[106.739656,-6.401513],[106.73968,-6.401651],[106.73987,-6.401633],[106.739894,-6.401835],[106.739363,-6.401907],[106.739143,-6.401214],[106.739194,-6.401182],[106.738859,-6.400433],[106.738948,-6.400353],[106.738797,-6.4001],[106.739707,-6.39946],[106.739884,-6.39974],[106.740061,-6.399679],[106.740106,-6.399823],[106.740627,-6.399714],[106.740849,-6.400316],[106.740294,-6.400505],[106.740366,-6.400985]]]},"properties":{"layer_id":"legalitas","jenis":"legal","nama":"Panorama Residence","sumber":"OSM (status: contoh)","atribut":{"status":"SHM","peruntukan":"Permukiman"}}},{"type":"Feature","geometry":{"type":"Polygon","coordinates":[[[106.742515,-6.399708],[106.741743,-6.399748],[106.741756,-6.400335],[106.740978,-6.400375],[106.740074,-6.398144],[106.740643,-6.397936],[106.740584,-6.397451],[106.739792,-6.397693],[106.73954,-6.397304],[106.739854,-6.397221],[106.739605,-6.396371],[106.740002,-6.396294],[106.740093,-6.39672],[106.740375,-6.396678],[106.74035,-6.396534],[106.740506,-6.396502],[106.740366,-6.396147],[106.740648,-6.396073],[106.740855,-6.396329],[106.74113,-6.396254],[106.74133,-6.3966],[106.741297,-6.397437],[106.741421,-6.397461],[106.741536,-6.397619],[106.741801,-6.397557],[106.741893,-6.397885],[106.741405,-6.397987],[106.741635,-6.398437],[106.741651,-6.398701],[106.742121,-6.39873],[106.742172,-6.398853],[106.742654,-6.398911],[106.742515,-6.399708]]]},"properties":{"layer_id":"legalitas","jenis":"legal","nama":"Sawangan Residence Ideal","sumber":"OSM (status: contoh)","atribut":{"status":"SHM","peruntukan":"Permukiman"}}},{"type":"Feature","geometry":{"type":"Polygon","coordinates":[[[106.74133,-6.3966],[106.741726,-6.396403],[106.741332,-6.395766],[106.741275,-6.395491],[106.74057,-6.395733],[106.740648,-6.396073],[106.740855,-6.396329],[106.74113,-6.396254],[106.74133,-6.3966]]]},"properties":{"layer_id":"legalitas","jenis":"legal","nama":"Prestige Sawangan 2","sumber":"OSM (status: contoh)","atribut":{"status":"HGB","peruntukan":"Permukiman"}}},{"type":"Feature","geometry":{"type":"Polygon","coordinates":[[[106.767359,-6.359596],[106.7687,-6.359842],[106.768437,-6.361063],[106.767184,-6.36083],[106.767359,-6.359596]]]},"properties":{"layer_id":"legalitas","jenis":"legal","nama":"Cluster Pinus Modern Hill","sumber":"OSM (status: contoh)","atribut":{"status":"SHGB dalam proses","peruntukan":"Permukiman"}}},{"type":"Feature","geometry":{"type":"Polygon","coordinates":[[[106.828075,-6.440146],[106.828186,-6.440074],[106.827904,-6.439642],[106.82736,-6.439994],[106.827643,-6.440425],[106.828075,-6.440146]]]},"properties":{"layer_id":"legalitas","jenis":"legal","nama":"Cluster Grand Dahlia, Block A","sumber":"OSM (status: contoh)","atribut":{"status":"HGB","peruntukan":"Permukiman"}}},{"type":"Feature","geometry":{"type":"Polygon","coordinates":[[[106.715697,-6.349544],[106.715698,-6.349051],[106.716174,-6.349054],[106.716114,-6.349702],[106.715935,-6.349609],[106.715697,-6.349544]]]},"properties":{"layer_id":"legalitas","jenis":"legal","nama":"Gordella Town House","sumber":"OSM (status: contoh)","atribut":{"status":"SHGB dalam proses","peruntukan":"Permukiman"}}},{"type":"Feature","geometry":{"type":"Polygon","coordinates":[[[106.713898,-6.347868],[106.714604,-6.347711],[106.714665,-6.348124],[106.714035,-6.348196],[106.713933,-6.348035],[106.713898,-6.347868]]]},"properties":{"layer_id":"legalitas","jenis":"legal","nama":"Abiasa Residence","sumber":"OSM (status: contoh)","atribut":{"status":"SHGB dalam proses","peruntukan":"Permukiman"}}},{"type":"Feature","geometry":{"type":"Polygon","coordinates":[[[106.713074,-6.348076],[106.713585,-6.348042],[106.713559,-6.347737],[106.7137,-6.347705],[106.713666,-6.347225],[106.713792,-6.347214],[106.713782,-6.347123],[106.713321,-6.347191],[106.713179,-6.347295],[106.713026,-6.347307],[106.713074,-6.348076]]]},"properties":{"layer_id":"legalitas","jenis":"legal","nama":"Griya Laksana Pinasti","sumber":"OSM (status: contoh)","atribut":{"status":"SHM","peruntukan":"Permukiman"}}},{"type":"Feature","geometry":{"type":"Polygon","coordinates":[[[106.713712,-6.34867],[106.714026,-6.34865],[106.714058,-6.349054],[106.713764,-6.349069],[106.713725,-6.348804],[106.713712,-6.34867]]]},"properties":{"layer_id":"legalitas","jenis":"legal","nama":"Pamulang Avenue","sumber":"OSM (status: contoh)","atribut":{"status":"Girik","peruntukan":"Permukiman"}}},{"type":"Feature","geometry":{"type":"Polygon","coordinates":[[[106.905717,-6.402206],[106.905633,-6.402169],[106.905685,-6.401945],[106.904534,-6.401412],[106.904199,-6.401332],[106.904459,-6.400412],[106.904738,-6.399946],[106.90522,-6.400135],[106.905266,-6.400431],[106.905194,-6.400679],[106.905349,-6.400761],[106.905701,-6.40147],[106.905883,-6.401497],[106.905717,-6.402206]]]},"properties":{"layer_id":"legalitas","jenis":"legal","nama":"Andara Hills","sumber":"OSM (status: contoh)","atribut":{"status":"SHM","peruntukan":"Permukiman"}}},{"type":"Feature","geometry":{"type":"Polygon","coordinates":[[[106.92965,-6.385871],[106.930444,-6.385311],[106.930521,-6.384977],[106.930446,-6.384896],[106.930461,-6.384332],[106.930696,-6.384176],[106.930853,-6.383369],[106.931298,-6.383068],[106.931822,-6.383132],[106.932498,-6.382804],[106.931364,-6.382492],[106.930515,-6.382407],[106.925726,-6.382246],[106.923594,-6.381423],[106.923661,-6.382004],[106.923586,-6.383182],[106.923239,-6.38311],[106.922918,-6.383776],[106.922708,-6.383801],[106.922566,-6.383928],[106.922385,-6.384553],[106.921523,-6.384899],[106.921426,-6.384589],[106.92156,-6.38408],[106.920759,-6.383822],[106.92111,-6.383291],[106.921072,-6.383206],[106.921166,-6.383075],[106.921104,-6.383009],[106.921249,-6.382899],[106.921215,-6.38287],[106.921389,-6.382718],[106.921821,-6.38211],[106.921882,-6.381548],[106.921794,-6.381407],[106.921509,-6.381553],[106.921416,-6.381673],[106.921295,-6.382156],[106.920721,-6.382689],[106.920557,-6.382425],[106.920775,-6.381815],[106.92041,-6.381855],[106.920372,-6.382118],[106.920152,-6.38206],[106.920099,-6.382204],[106.919889,-6.382142],[106.919747,-6.382398],[106.919817,-6.382508],[106.919935,-6.38255],[106.919699,-6.382921],[106.919678,-6.383065],[106.919817,-6.383129],[106.919451,-6.383551],[106.919388,-6.383507],[106.919331,-6.383585],[106.918956,-6.383499],[106.918988,-6.383867],[106.918808,-6.383918],[106.918784,-6.383697],[106.918683,-6.38375],[106.918602,-6.383707],[106.918615,-6.383502],[106.918535,-6.383467],[106.918637,-6.38303],[106.918551,-6.383019],[106.918511,-6.383107],[106.918234,-6.383062],[106.918017,-6.383323],[106.917583,-6.383667],[106.917505,-6.383766],[106.917526,-6.38384],[106.917824,-6.383971],[106.917653,-6.384451],[106.917553,-6.384419],[106.917475,-6.384635],[106.917108,-6.384504],[106.917036,-6.384691],[106.917382,-6.384835],[106.917137,-6.385621],[106.916714,-6.385466],[106.916674,-6.385562],[106.91725,-6.385773],[106.91714,-6.385994],[106.916762,-6.385896],[106.916566,-6.386754],[106.916491,-6.386725],[106.916285,-6.387156],[106.916199,-6.387114],[106.916134,-6.387244],[106.916336,-6.387343],[106.916204,-6.387588],[106.916125,-6.387949],[106.917752,-6.387159],[106.918315,-6.386797],[106.919157,-6.386511],[106.922301,-6.385011],[106.922271,-6.385232],[106.919248,-6.386674],[106.918787,-6.386802],[106.91714,-6.387647],[106.915625,-6.388332],[106.915695,-6.388516],[106.915273,-6.389068],[106.915265,-6.389172],[106.916974,-6.390179],[106.917213,-6.390587],[106.917336,-6.39067],[106.917411,-6.390464],[106.91794,-6.39067],[106.917926,-6.39072],[106.918076,-6.390787],[106.918133,-6.39064],[106.918403,-6.390784],[106.918232,-6.391059],[106.918338,-6.391744],[106.918594,-6.391842],[106.918546,-6.392069],[106.918377,-6.392258],[106.917765,-6.392325],[106.917728,-6.391976],[106.917081,-6.391699],[106.916266,-6.391477],[106.916218,-6.391595],[106.916049,-6.391525],[106.916019,-6.391586],[106.915901,-6.391549],[106.91588,-6.391624],[106.914841,-6.391246],[106.914559,-6.391719],[106.914175,-6.391736],[106.914105,-6.391412],[106.914128,-6.391143],[106.914247,-6.391068],[106.914288,-6.390919],[106.914213,-6.390745],[106.914254,-6.390531],[106.914053,-6.390395],[106.913125,-6.390121],[106.913248,-6.389763],[106.913825,-6.389963],[106.913924,-6.389741],[106.913507,-6.389598],[106.913632,-6.389298],[106.913042,-6.389092],[106.912953,-6.389358],[106.912178,-6.389081],[106.911567,-6.389238],[106.911628,-6.38939],[106.911497,-6.389449],[106.911046,-6.390395],[106.911269,-6.390494],[106.911025,-6.391016],[106.910802,-6.390952],[106.91069,-6.391213],[106.910757,-6.391237],[106.910612,-6.391571],[106.910547,-6.391603],[106.910437,-6.391507],[106.909724,-6.391237],[106.909512,-6.391813],[106.909311,-6.391746],[106.909265,-6.39192],[106.909718,-6.392056],[106.910241,-6.392085],[106.910227,-6.392225],[106.909874,-6.392685],[106.909772,-6.393151],[106.909579,-6.393058],[106.909544,-6.393197],[106.910317,-6.39353],[106.910267,-6.393648],[106.91056,-6.393766],[106.910319,-6.394253],[106.91011,-6.394171],[106.910081,-6.3944],[106.909564,-6.394297],[106.909488,-6.39458],[106.909587,-6.394605],[106.909555,-6.3951],[106.908887,-6.394953],[106.908828,-6.395105],[106.908911,-6.395268],[106.909716,-6.395414],[106.909611,-6.396361],[106.909479,-6.396788],[106.909364,-6.396747],[106.909253,-6.397121],[106.909362,-6.3972],[106.909351,-6.397287],[106.909722,-6.397257],[106.909989,-6.397136],[106.910094,-6.396795],[106.910526,-6.396755],[106.910314,-6.397595],[106.909716,-6.398674],[106.909882,-6.398778],[106.909764,-6.398991],[106.910027,-6.399146],[106.910094,-6.39909],[106.910478,-6.399338],[106.910716,-6.399066],[106.910942,-6.399162],[106.911253,-6.398514],[106.911041,-6.398421],[106.911264,-6.39748],[106.913173,-6.397995],[106.913887,-6.39617],[106.914615,-6.395132],[106.915406,-6.39534],[106.915533,-6.395228],[106.915886,-6.395252],[106.916315,-6.395436],[106.916465,-6.395122],[106.916853,-6.395286],[106.916905,-6.395174],[106.916716,-6.395102],[106.916804,-6.394893],[106.91697,-6.39464],[106.91712,-6.39474],[106.917555,-6.393931],[106.917646,-6.393596],[106.917803,-6.393686],[106.917883,-6.393472],[106.917745,-6.393396],[106.917797,-6.393291],[106.917902,-6.393153],[106.91819,-6.393286],[106.918331,-6.392945],[106.918146,-6.392714],[106.918154,-6.392461],[106.918527,-6.392463],[106.918736,-6.392034],[106.919165,-6.392189],[106.918991,-6.392695],[106.918873,-6.392658],[106.918774,-6.392893],[106.91861,-6.39289],[106.918543,-6.393054],[106.918382,-6.392974],[106.918076,-6.393726],[106.918019,-6.393804],[106.917761,-6.39382],[106.917659,-6.393888],[106.91693,-6.395294],[106.917651,-6.395571],[106.918405,-6.395605],[106.919431,-6.395545],[106.920417,-6.396076],[106.920619,-6.396294],[106.920776,-6.396624],[106.920989,-6.396696],[106.921098,-6.396663],[106.92134,-6.396089],[106.92329,-6.395665],[106.923435,-6.394873],[106.92373,-6.394769],[106.924031,-6.394942],[106.92409,-6.395084],[106.92405,-6.395499],[106.924471,-6.395673],[106.925106,-6.395097],[106.925409,-6.394591],[106.925951,-6.394647],[106.926469,-6.394471],[106.926675,-6.394095],[106.926555,-6.394047],[106.926616,-6.393756],[106.926552,-6.393719],[106.926702,-6.393386],[106.926364,-6.39317],[106.926421,-6.393031],[106.926222,-6.392935],[106.926289,-6.392775],[106.925675,-6.392571],[106.926069,-6.39164],[106.925458,-6.391453],[106.925393,-6.390939],[106.924711,-6.390547],[106.923924,-6.39024],[106.923711,-6.389971],[106.923237,-6.390067],[106.923022,-6.389982],[106.922877,-6.389785],[106.923296,-6.389667],[106.923226,-6.38875],[106.923339,-6.388463],[106.923999,-6.387812],[106.924052,-6.386874],[106.92417,-6.386447],[106.92438,-6.386026],[106.92476,-6.385754],[106.924954,-6.38569],[106.92534,-6.385829],[106.925576,-6.38608],[106.925586,-6.386554],[106.925436,-6.387983],[106.92557,-6.38818],[106.925839,-6.388212],[106.926171,-6.388132],[106.926348,-6.387903],[106.92645,-6.38762],[106.926423,-6.387338],[106.92623,-6.386911],[106.926112,-6.386042],[106.926187,-6.385664],[106.926574,-6.385173],[106.92718,-6.385402],[106.927239,-6.38592],[106.92741,-6.386282],[106.92763,-6.386346],[106.92965,-6.385871]]]},"properties":{"layer_id":"legalitas","jenis":"legal","nama":"Citra Gran Cibubur","sumber":"OSM (status: contoh)","atribut":{"status":"SHM","peruntukan":"Permukiman"}}},{"type":"Feature","geometry":{"type":"Polygon","coordinates":[[[106.911972,-6.401833],[106.911564,-6.402011],[106.911017,-6.402814],[106.911006,-6.40303],[106.91176,-6.403571],[106.912629,-6.403795],[106.913148,-6.40444],[106.912532,-6.404965],[106.911915,-6.405759],[106.911821,-6.4057],[106.911733,-6.405818],[106.911446,-6.405668],[106.910853,-6.405205],[106.911365,-6.404341],[106.911242,-6.404245],[106.911599,-6.403811],[106.911575,-6.403739],[106.910622,-6.404866],[106.910287,-6.40477],[106.909836,-6.405229],[106.908949,-6.40457],[106.908442,-6.404106],[106.908705,-6.403829],[106.90875,-6.403867],[106.909069,-6.403472],[106.909128,-6.40352],[106.909262,-6.403264],[106.90944,-6.4032],[106.910271,-6.402278],[106.909984,-6.401817],[106.909035,-6.401228],[106.908334,-6.400887],[106.908015,-6.400804],[106.906583,-6.400724],[106.906682,-6.400492],[106.907141,-6.4005],[106.907369,-6.400591],[106.908206,-6.400601],[106.909718,-6.401281],[106.910346,-6.401865],[106.910432,-6.40175],[106.910601,-6.401843],[106.910443,-6.402097],[106.910553,-6.402246],[106.910716,-6.402059],[106.911097,-6.402267],[106.911494,-6.401915],[106.911829,-6.401803],[106.911188,-6.401582],[106.911371,-6.401196],[106.91084,-6.401001],[106.910936,-6.40074],[106.91106,-6.400785],[106.911213,-6.400399],[106.911135,-6.400359],[106.911304,-6.399855],[106.911183,-6.399794],[106.911376,-6.399175],[106.910974,-6.399095],[106.911253,-6.398514],[106.911041,-6.398421],[106.911264,-6.39748],[106.91309,-6.397972],[106.913066,-6.398607],[106.912669,-6.40013],[106.912725,-6.400144],[106.912406,-6.401126],[106.911972,-6.401833]]]},"properties":{"layer_id":"legalitas","jenis":"legal","nama":"The Address","sumber":"OSM (status: contoh)","atribut":{"status":"SHM","peruntukan":"Permukiman"}}},{"type":"Feature","geometry":{"type":"Polygon","coordinates":[[[106.910853,-6.405205],[106.911365,-6.404341],[106.911242,-6.404245],[106.911599,-6.403811],[106.911787,-6.403741],[106.912524,-6.403912],[106.913063,-6.404514],[106.912661,-6.40489],[106.912532,-6.404965],[106.912197,-6.405426],[106.912154,-6.405399],[106.911915,-6.405759],[106.911821,-6.4057],[106.911733,-6.405818],[106.911446,-6.405668],[106.910853,-6.405205]]]},"properties":{"layer_id":"legalitas","jenis":"legal","nama":"Platinum","sumber":"OSM (status: contoh)","atribut":{"status":"Girik","peruntukan":"Permukiman"}}},{"type":"Feature","geometry":{"type":"Polygon","coordinates":[[[106.909262,-6.403264],[106.90944,-6.4032],[106.910091,-6.402505],[106.910537,-6.402854],[106.910561,-6.403093],[106.910673,-6.403195],[106.910915,-6.403171],[106.911575,-6.403739],[106.910622,-6.404866],[106.910287,-6.40477],[106.909836,-6.405229],[106.908949,-6.40457],[106.908442,-6.404106],[106.908705,-6.403829],[106.90875,-6.403867],[106.909069,-6.403472],[106.909128,-6.40352],[106.909262,-6.403264]]]},"properties":{"layer_id":"legalitas","jenis":"legal","nama":"Ultima","sumber":"OSM (status: contoh)","atribut":{"status":"HGB","peruntukan":"Permukiman"}}},{"type":"Feature","geometry":{"type":"Polygon","coordinates":[[[106.91084,-6.401001],[106.91062,-6.40147],[106.910936,-6.401606],[106.911143,-6.401112],[106.91084,-6.401001]]]},"properties":{"layer_id":"legalitas","jenis":"legal","nama":"Alena Residence Cibubur","sumber":"OSM (status: contoh)","atribut":{"status":"HGB","peruntukan":"Permukiman"}}},{"type":"Feature","geometry":{"type":"Polygon","coordinates":[[[106.91309,-6.397972],[106.913066,-6.398607],[106.912669,-6.40013],[106.912591,-6.400111],[106.912312,-6.401084],[106.91191,-6.401734],[106.911829,-6.401803],[106.911188,-6.401582],[106.911371,-6.401196],[106.91084,-6.401001],[106.910936,-6.40074],[106.91106,-6.400785],[106.911213,-6.400399],[106.911135,-6.400359],[106.911304,-6.399855],[106.911183,-6.399794],[106.911376,-6.399175],[106.910974,-6.399095],[106.911253,-6.398514],[106.911041,-6.398421],[106.911264,-6.39748],[106.91309,-6.397972]]]},"properties":{"layer_id":"legalitas","jenis":"legal","nama":"Deluxe","sumber":"OSM (status: contoh)","atribut":{"status":"HGB","peruntukan":"Permukiman"}}},{"type":"Feature","geometry":{"type":"Polygon","coordinates":[[[106.910314,-6.397595],[106.909716,-6.398674],[106.909882,-6.398778],[106.909764,-6.398991],[106.910027,-6.399146],[106.910094,-6.39909],[106.910478,-6.399338],[106.910716,-6.399066],[106.910942,-6.399162],[106.911253,-6.398514],[106.911041,-6.398421],[106.911264,-6.39748],[106.913173,-6.397995],[106.913887,-6.39617],[106.913673,-6.39611],[106.913614,-6.39615],[106.913441,-6.396343],[106.913117,-6.396278],[106.913112,-6.394443],[106.913179,-6.394152],[106.911966,-6.394167],[106.911363,-6.396131],[106.911234,-6.396118],[106.911172,-6.396401],[106.910547,-6.396248],[106.910459,-6.396507],[106.910526,-6.396755],[106.910314,-6.397595]]]},"properties":{"layer_id":"legalitas","jenis":"legal","nama":"The Dense","sumber":"OSM (status: contoh)","atribut":{"status":"HGB","peruntukan":"Permukiman"}}},{"type":"Feature","geometry":{"type":"Polygon","coordinates":[[[106.911086,-6.395514],[106.911507,-6.395662],[106.911363,-6.396131],[106.911234,-6.396118],[106.911172,-6.396401],[106.910547,-6.396248],[106.910459,-6.396507],[106.910526,-6.396755],[106.910094,-6.396795],[106.909989,-6.397136],[106.909722,-6.397257],[106.909351,-6.397287],[106.909326,-6.397187],[106.909253,-6.397121],[106.909364,-6.396747],[106.909479,-6.396788],[106.909611,-6.396361],[106.909716,-6.395414],[106.908911,-6.395268],[106.908828,-6.395105],[106.908887,-6.394953],[106.909555,-6.3951],[106.909576,-6.395012],[106.911086,-6.395514]]]},"properties":{"layer_id":"legalitas","jenis":"legal","nama":"The Grassmere","sumber":"OSM (status: contoh)","atribut":{"status":"SHGB dalam proses","peruntukan":"Permukiman"}}},{"type":"Feature","geometry":{"type":"Polygon","coordinates":[[[106.909839,-6.391712],[106.911038,-6.391709],[106.911392,-6.39161],[106.911679,-6.39132],[106.911961,-6.390523],[106.912495,-6.390176],[106.913125,-6.390121],[106.913248,-6.389763],[106.913825,-6.389963],[106.913924,-6.389741],[106.913507,-6.389598],[106.913632,-6.389298],[106.913042,-6.389092],[106.912953,-6.389358],[106.912178,-6.389081],[106.911567,-6.389238],[106.911628,-6.38939],[106.911497,-6.389449],[106.911046,-6.390395],[106.911269,-6.390494],[106.911025,-6.391016],[106.910802,-6.390952],[106.91069,-6.391213],[106.910757,-6.391237],[106.910612,-6.391571],[106.910547,-6.391603],[106.910437,-6.391507],[106.909724,-6.391237],[106.90959,-6.391632],[106.909839,-6.391712]]]},"properties":{"layer_id":"legalitas","jenis":"legal","nama":"The Lakewood","sumber":"OSM (status: contoh)","atribut":{"status":"HGB","peruntukan":"Permukiman"}}},{"type":"Feature","geometry":{"type":"Polygon","coordinates":[[[106.915228,-6.393223],[106.915866,-6.392735],[106.916389,-6.392477],[106.917255,-6.392197],[106.917738,-6.39213],[106.917728,-6.391976],[106.917081,-6.391699],[106.916266,-6.391477],[106.916218,-6.391595],[106.916049,-6.391525],[106.916019,-6.391586],[106.915901,-6.391549],[106.91588,-6.391624],[106.914959,-6.391267],[106.914576,-6.392066],[106.914276,-6.392058],[106.915228,-6.393223]]]},"properties":{"layer_id":"legalitas","jenis":"legal","nama":"The Meadows","sumber":"OSM (status: contoh)","atribut":{"status":"SHM","peruntukan":"Permukiman"}}},{"type":"Feature","geometry":{"type":"Polygon","coordinates":[[[106.912063,-6.393602],[106.913871,-6.393602],[106.914758,-6.393404],[106.914099,-6.392559],[106.913589,-6.392448],[106.913192,-6.392655],[106.912634,-6.392645],[106.911998,-6.39236],[106.912063,-6.393602]]]},"properties":{"layer_id":"legalitas","jenis":"legal","nama":"The Tarn","sumber":"OSM (status: contoh)","atribut":{"status":"Girik","peruntukan":"Permukiman"}}},{"type":"Feature","geometry":{"type":"Polygon","coordinates":[[[106.920217,-6.385578],[106.919833,-6.384827],[106.919039,-6.385208],[106.91865,-6.385104],[106.918138,-6.386581],[106.920217,-6.385578]]]},"properties":{"layer_id":"legalitas","jenis":"legal","nama":"Spring Lake","sumber":"OSM (status: contoh)","atribut":{"status":"HGB","peruntukan":"Permukiman"}}},{"type":"Feature","geometry":{"type":"Polygon","coordinates":[[[106.920107,-6.387242],[106.920278,-6.387052],[106.920096,-6.38677],[106.919696,-6.386471],[106.922169,-6.385285],[106.922279,-6.38549],[106.922161,-6.385789],[106.921872,-6.385938],[106.921373,-6.387524],[106.921217,-6.387474],[106.921188,-6.387583],[106.920107,-6.387242]]]},"properties":{"layer_id":"legalitas","jenis":"legal","nama":"Flinder Park","sumber":"OSM (status: contoh)","atribut":{"status":"SHM","peruntukan":"Permukiman"}}},{"type":"Feature","geometry":{"type":"Polygon","coordinates":[[[106.916125,-6.387949],[106.917752,-6.387159],[106.917572,-6.386807],[106.917829,-6.386082],[106.91721,-6.385872],[106.91714,-6.385994],[106.916762,-6.385896],[106.916566,-6.386754],[106.916491,-6.386725],[106.916285,-6.387156],[106.916199,-6.387114],[106.916134,-6.387244],[106.916336,-6.387343],[106.916204,-6.387588],[106.916125,-6.387949]]]},"properties":{"layer_id":"legalitas","jenis":"legal","nama":"Danehill","sumber":"OSM (status: contoh)","atribut":{"status":"Girik","peruntukan":"Permukiman"}}},{"type":"Feature","geometry":{"type":"Polygon","coordinates":[[[106.92162,-6.381519],[106.921416,-6.381673],[106.921295,-6.382156],[106.920721,-6.382689],[106.920557,-6.382425],[106.920775,-6.381815],[106.92041,-6.381855],[106.920372,-6.382118],[106.920152,-6.38206],[106.920099,-6.382204],[106.919889,-6.382142],[106.919747,-6.382398],[106.919817,-6.382508],[106.919935,-6.38255],[106.919699,-6.382921],[106.919678,-6.383065],[106.919817,-6.383129],[106.919451,-6.383551],[106.919181,-6.384059],[106.919407,-6.384214],[106.919458,-6.384142],[106.920372,-6.384816],[106.920619,-6.385344],[106.921523,-6.384899],[106.921426,-6.384589],[106.92156,-6.38408],[106.920759,-6.383822],[106.92111,-6.383291],[106.921072,-6.383206],[106.921166,-6.383075],[106.921104,-6.383009],[106.921249,-6.382899],[106.921215,-6.38287],[106.921389,-6.382718],[106.921821,-6.38211],[106.921882,-6.381548],[106.921794,-6.381407],[106.92162,-6.381519]]]},"properties":{"layer_id":"legalitas","jenis":"legal","nama":"Aversa Park","sumber":"OSM (status: contoh)","atribut":{"status":"HGB","peruntukan":"Permukiman"}}},{"type":"Feature","geometry":{"type":"Polygon","coordinates":[[[106.91714,-6.387647],[106.915625,-6.388332],[106.915695,-6.388516],[106.915273,-6.389068],[106.915265,-6.389172],[106.916974,-6.390179],[106.917213,-6.390587],[106.917336,-6.39067],[106.917411,-6.390464],[106.91794,-6.39067],[106.917926,-6.39072],[106.918076,-6.390787],[106.918133,-6.39064],[106.918403,-6.390784],[106.918468,-6.390635],[106.918578,-6.390688],[106.918841,-6.390217],[106.919104,-6.389969],[106.9181,-6.388705],[106.918007,-6.388777],[106.91714,-6.387647]]]},"properties":{"layer_id":"legalitas","jenis":"legal","nama":"Terrace Garden","sumber":"OSM (status: contoh)","atribut":{"status":"HGB","peruntukan":"Permukiman"}}},{"type":"Feature","geometry":{"type":"Polygon","coordinates":[[[106.91714,-6.387647],[106.918007,-6.388777],[106.9181,-6.388705],[106.919104,-6.389969],[106.920708,-6.388732],[106.92118,-6.388199],[106.921236,-6.388025],[106.919356,-6.38742],[106.918787,-6.386802],[106.91714,-6.387647]]]},"properties":{"layer_id":"legalitas","jenis":"legal","nama":"Central Garden","sumber":"OSM (status: contoh)","atribut":{"status":"SHM","peruntukan":"Permukiman"}}},{"type":"Feature","geometry":{"type":"Polygon","coordinates":[[[106.92008,-6.38963],[106.919412,-6.390283],[106.919184,-6.390648],[106.918854,-6.391451],[106.919629,-6.39177],[106.919667,-6.391688],[106.920839,-6.392176],[106.921204,-6.391336],[106.921102,-6.391293],[106.921603,-6.390502],[106.921775,-6.390414],[106.921888,-6.390187],[106.921882,-6.389793],[106.921488,-6.388953],[106.921257,-6.388737],[106.920831,-6.389126],[106.92008,-6.38963]]]},"properties":{"layer_id":"legalitas","jenis":"legal","nama":"Castle Garden","sumber":"OSM (status: contoh)","atribut":{"status":"HGB","peruntukan":"Permukiman"}}},{"type":"Feature","geometry":{"type":"Polygon","coordinates":[[[106.911756,-6.375285],[106.912006,-6.375287],[106.911993,-6.375111],[106.912248,-6.375087],[106.91224,-6.374868],[106.912717,-6.374231],[106.912135,-6.37354],[106.912041,-6.373317],[106.912053,-6.372832],[106.911858,-6.372246],[106.911736,-6.371288],[106.911542,-6.370688],[106.91136,-6.370414],[106.910802,-6.370027],[106.907959,-6.371357],[106.908254,-6.371827],[106.909064,-6.371725],[106.909839,-6.371773],[106.909922,-6.372013],[106.909694,-6.372096],[106.909716,-6.372325],[106.909579,-6.372357],[106.90928,-6.373137],[106.909305,-6.373513],[106.909386,-6.373582],[106.910039,-6.373605],[106.910003,-6.374072],[106.909476,-6.374095],[106.909415,-6.373916],[106.909249,-6.373768],[106.909151,-6.373762],[106.90923,-6.374465],[106.90959,-6.374441],[106.909609,-6.374323],[106.909916,-6.374377],[106.910015,-6.374335],[106.911347,-6.374354],[106.911473,-6.374268],[106.911784,-6.374673],[106.911756,-6.375285]]]},"properties":{"layer_id":"legalitas","jenis":"legal","nama":"Cibubur Residence","sumber":"OSM (status: contoh)","atribut":{"status":"SHM","peruntukan":"Permukiman"}}},{"type":"Feature","geometry":{"type":"Polygon","coordinates":[[[106.89757,-6.391615],[106.897615,-6.389116],[106.897484,-6.389002],[106.896399,-6.389235],[106.896202,-6.38937],[106.896216,-6.39065],[106.896257,-6.391532],[106.89632,-6.391588],[106.897376,-6.391871],[106.89757,-6.391615]]]},"properties":{"layer_id":"legalitas","jenis":"legal","nama":"Blok N","sumber":"OSM (status: contoh)","atribut":{"status":"SHM","peruntukan":"Permukiman"}}},{"type":"Feature","geometry":{"type":"Polygon","coordinates":[[[106.896866,-6.393507],[106.896967,-6.393162],[106.897287,-6.393235],[106.897304,-6.392702],[106.897198,-6.392699],[106.897209,-6.391869],[106.897093,-6.392232],[106.8969,-6.392194],[106.896549,-6.392032],[106.89628,-6.392039],[106.896427,-6.393498],[106.896866,-6.393507]]]},"properties":{"layer_id":"legalitas","jenis":"legal","nama":"Blok O","sumber":"OSM (status: contoh)","atribut":{"status":"HGB","peruntukan":"Permukiman"}}},{"type":"Feature","geometry":{"type":"Polygon","coordinates":[[[106.898248,-6.390294],[106.898652,-6.390311],[106.898657,-6.390179],[106.899974,-6.390234],[106.900073,-6.390166],[106.900087,-6.38887],[106.899845,-6.388868],[106.899813,-6.388732],[106.899682,-6.388726],[106.898287,-6.38907],[106.898248,-6.390294]]]},"properties":{"layer_id":"legalitas","jenis":"legal","nama":"Blok M","sumber":"OSM (status: contoh)","atribut":{"status":"SHM","peruntukan":"Permukiman"}}},{"type":"Feature","geometry":{"type":"Polygon","coordinates":[[[106.9013,-6.393079],[106.901776,-6.392866],[106.902227,-6.392493],[106.902549,-6.39208],[106.902726,-6.39172],[106.902866,-6.391064],[106.902892,-6.390771],[106.902823,-6.390275],[106.903818,-6.390123],[106.90419,-6.390248],[106.903836,-6.39084],[106.903866,-6.390974],[106.904089,-6.3912],[106.904477,-6.391467],[106.904488,-6.391685],[106.90437,-6.391952],[106.904239,-6.39213],[106.903989,-6.39229],[106.903802,-6.39261],[106.903378,-6.392901],[106.9029,-6.393394],[106.902836,-6.393674],[106.90257,-6.393815],[106.902007,-6.393927],[106.901657,-6.394118],[106.9013,-6.393079]]]},"properties":{"layer_id":"legalitas","jenis":"legal","nama":"Blok K","sumber":"OSM (status: contoh)","atribut":{"status":"SHM","peruntukan":"Permukiman"}}},{"type":"Feature","geometry":{"type":"Polygon","coordinates":[[[106.900535,-6.396039],[106.90258,-6.39555],[106.902392,-6.394775],[106.902229,-6.394814],[106.902206,-6.394718],[106.901818,-6.394811],[106.901732,-6.394457],[106.901436,-6.394604],[106.901098,-6.394679],[106.900972,-6.39466],[106.90073,-6.394479],[106.900567,-6.394503],[106.900248,-6.394801],[106.900234,-6.395739],[106.900535,-6.396039]]]},"properties":{"layer_id":"legalitas","jenis":"legal","nama":"Blok U","sumber":"OSM (status: contoh)","atribut":{"status":"HGB","peruntukan":"Permukiman"}}},{"type":"Feature","geometry":{"type":"Polygon","coordinates":[[[106.903104,-6.395452],[106.903734,-6.3953],[106.904319,-6.394612],[106.903885,-6.394225],[106.903482,-6.394695],[106.903375,-6.394519],[106.903244,-6.394604],[106.903338,-6.394782],[106.902973,-6.394873],[106.903104,-6.395452]]]},"properties":{"layer_id":"legalitas","jenis":"legal","nama":"Blok X","sumber":"OSM (status: contoh)","atribut":{"status":"Girik","peruntukan":"Permukiman"}}},{"type":"Feature","geometry":{"type":"Polygon","coordinates":[[[106.903799,-6.395881],[106.904046,-6.395766],[106.903983,-6.395692],[106.904152,-6.395551],[106.904215,-6.395625],[106.904762,-6.395009],[106.904982,-6.395137],[106.905915,-6.395382],[106.9054,-6.39731],[106.905094,-6.397182],[106.905041,-6.397336],[106.904695,-6.397157],[106.904574,-6.397437],[106.904362,-6.397347],[106.904228,-6.397392],[106.903957,-6.397264],[106.904016,-6.397616],[106.903514,-6.397466],[106.903176,-6.396019],[106.903799,-6.395881]]]},"properties":{"layer_id":"legalitas","jenis":"legal","nama":"Blok W","sumber":"OSM (status: contoh)","atribut":{"status":"HGB","peruntukan":"Permukiman"}}},{"type":"Feature","geometry":{"type":"Polygon","coordinates":[[[106.899918,-6.396478],[106.89966,-6.396203],[106.899668,-6.394964],[106.899473,-6.394988],[106.899285,-6.394878],[106.899215,-6.394497],[106.898703,-6.394452],[106.898569,-6.394577],[106.898652,-6.394823],[106.898612,-6.395595],[106.898515,-6.395694],[106.897922,-6.395902],[106.897831,-6.396049],[106.897869,-6.396632],[106.897925,-6.396715],[106.898249,-6.396739],[106.898306,-6.396835],[106.898319,-6.397363],[106.898515,-6.397435],[106.898842,-6.397365],[106.898897,-6.397436],[106.899918,-6.396478]]]},"properties":{"layer_id":"legalitas","jenis":"legal","nama":"Blok S","sumber":"OSM (status: contoh)","atribut":{"status":"HGB","peruntukan":"Permukiman"}}},{"type":"Feature","geometry":{"type":"Polygon","coordinates":[[[106.900988,-6.396657],[106.90089,-6.396681],[106.900858,-6.396547],[106.900352,-6.39664],[106.899918,-6.396478],[106.898897,-6.397436],[106.899164,-6.397779],[106.899362,-6.398488],[106.900049,-6.398573],[106.900116,-6.398384],[106.900476,-6.398528],[106.900653,-6.398394],[106.900897,-6.398021],[106.901377,-6.398288],[106.900988,-6.396657]]]},"properties":{"layer_id":"legalitas","jenis":"legal","nama":"Blok T","sumber":"OSM (status: contoh)","atribut":{"status":"Girik","peruntukan":"Permukiman"}}},{"type":"Feature","geometry":{"type":"Polygon","coordinates":[[[106.900988,-6.396657],[106.901127,-6.396625],[106.901093,-6.396484],[106.902745,-6.396115],[106.903203,-6.398125],[106.902656,-6.398202],[106.902541,-6.39816],[106.902372,-6.398013],[106.902045,-6.398325],[106.901377,-6.398288],[106.900988,-6.396657]]]},"properties":{"layer_id":"legalitas","jenis":"legal","nama":"Blok V","sumber":"OSM (status: contoh)","atribut":{"status":"HGB","peruntukan":"Permukiman"}}},{"type":"Feature","geometry":{"type":"Polygon","coordinates":[[[106.896647,-6.394709],[106.896452,-6.3939],[106.896427,-6.393498],[106.897014,-6.39351],[106.897195,-6.393514],[106.897174,-6.394452],[106.897303,-6.394455],[106.897284,-6.395377],[106.896811,-6.395368],[106.896647,-6.394709]]]},"properties":{"layer_id":"legalitas","jenis":"legal","nama":"Blok R","sumber":"OSM (status: contoh)","atribut":{"status":"HGB","peruntukan":"Permukiman"}}},{"type":"Feature","geometry":{"type":"Polygon","coordinates":[[[106.903474,-6.382796],[106.902922,-6.381156],[106.902753,-6.380354],[106.903244,-6.379269],[106.90341,-6.379106],[106.903783,-6.37917],[106.904118,-6.379533],[106.904067,-6.379898],[106.903893,-6.380141],[106.903903,-6.380396],[106.904107,-6.380445],[106.904177,-6.380498],[106.904314,-6.381297],[106.904437,-6.381535],[106.904467,-6.381905],[106.904646,-6.38227],[106.904636,-6.382617],[106.903474,-6.382796]]]},"properties":{"layer_id":"legalitas","jenis":"legal","nama":"Blok B","sumber":"OSM (status: contoh)","atribut":{"status":"SHM","peruntukan":"Permukiman"}}},{"type":"Feature","geometry":{"type":"Polygon","coordinates":[[[106.903244,-6.385722],[106.903509,-6.385019],[106.903558,-6.383542],[106.90348,-6.382929],[106.904589,-6.38278],[106.904515,-6.383035],[106.904781,-6.383555],[106.904781,-6.383752],[106.904628,-6.384134],[106.904952,-6.384531],[106.905022,-6.384811],[106.904936,-6.385085],[106.904773,-6.385314],[106.904405,-6.385634],[106.904177,-6.385976],[106.904175,-6.386109],[106.903244,-6.385722]]]},"properties":{"layer_id":"legalitas","jenis":"legal","nama":"Blok D","sumber":"OSM (status: contoh)","atribut":{"status":"HGB","peruntukan":"Permukiman"}}},{"type":"Feature","geometry":{"type":"Polygon","coordinates":[[[106.902621,-6.387428],[106.902954,-6.386242],[106.903244,-6.385722],[106.904175,-6.386109],[106.904204,-6.386794],[106.904571,-6.387031],[106.904595,-6.387124],[106.903751,-6.387919],[106.903429,-6.387969],[106.903051,-6.388236],[106.902464,-6.388199],[106.902621,-6.387428]]]},"properties":{"layer_id":"legalitas","jenis":"legal","nama":"Blok F","sumber":"OSM (status: contoh)","atribut":{"status":"HGB","peruntukan":"Permukiman"}}},{"type":"Feature","geometry":{"type":"Polygon","coordinates":[[[106.902447,-6.381788],[106.902259,-6.381175],[106.902112,-6.380335],[106.902444,-6.379301],[106.902267,-6.379176],[106.901884,-6.379125],[106.901927,-6.379304],[106.901849,-6.379421],[106.90165,-6.380159],[106.901154,-6.381172],[106.90087,-6.381052],[106.901066,-6.381337],[106.900899,-6.381575],[106.901098,-6.381788],[106.902447,-6.381788]]]},"properties":{"layer_id":"legalitas","jenis":"legal","nama":"Blok A","sumber":"OSM (status: contoh)","atribut":{"status":"Girik","peruntukan":"Permukiman"}}},{"type":"Feature","geometry":{"type":"Polygon","coordinates":[[[106.902855,-6.384206],[106.902855,-6.38291],[106.902447,-6.381788],[106.901098,-6.381788],[106.900899,-6.381575],[106.901066,-6.381337],[106.90087,-6.381052],[106.900808,-6.381175],[106.900714,-6.381138],[106.90036,-6.381839],[106.900409,-6.381876],[106.90028,-6.382161],[106.90002,-6.382132],[106.899939,-6.38246],[106.900207,-6.382779],[106.900521,-6.382811],[106.900459,-6.383049],[106.90051,-6.383489],[106.900478,-6.383622],[106.900358,-6.383736],[106.900524,-6.383966],[106.902855,-6.384206]]]},"properties":{"layer_id":"legalitas","jenis":"legal","nama":"Blok C","sumber":"OSM (status: contoh)","atribut":{"status":"SHGB dalam proses","peruntukan":"Permukiman"}}},{"type":"Feature","geometry":{"type":"Polygon","coordinates":[[[106.902855,-6.384206],[106.900524,-6.383966],[106.900358,-6.383736],[106.900047,-6.384032],[106.900022,-6.384211],[106.899765,-6.384475],[106.899598,-6.384765],[106.899598,-6.384907],[106.899435,-6.38525],[106.899362,-6.385237],[106.899033,-6.385914],[106.898966,-6.385824],[106.898904,-6.38588],[106.898751,-6.38577],[106.898654,-6.385848],[106.898472,-6.385789],[106.898534,-6.38564],[106.898408,-6.385496],[106.89748,-6.385101],[106.897445,-6.385208],[106.897184,-6.385139],[106.896986,-6.38573],[106.897115,-6.385776],[106.896863,-6.386639],[106.897195,-6.386781],[106.897694,-6.387396],[106.898383,-6.387551],[106.898842,-6.387132],[106.89925,-6.386597],[106.899727,-6.386703],[106.899821,-6.386479],[106.899861,-6.386082],[106.899741,-6.386013],[106.899816,-6.385794],[106.900253,-6.385488],[106.901208,-6.385578],[106.901146,-6.386018],[106.901473,-6.386048],[106.901444,-6.386277],[106.90213,-6.386426],[106.902812,-6.384542],[106.902855,-6.384206]]]},"properties":{"layer_id":"legalitas","jenis":"legal","nama":"Blok E","sumber":"OSM (status: contoh)","atribut":{"status":"SHGB dalam proses","peruntukan":"Permukiman"}}},{"type":"Feature","geometry":{"type":"Polygon","coordinates":[[[106.901481,-6.3778],[106.901313,-6.378179],[106.901586,-6.3786],[106.901656,-6.378589],[106.901927,-6.379304],[106.90165,-6.380159],[106.901154,-6.381172],[106.90087,-6.381052],[106.900808,-6.381175],[106.900714,-6.381138],[106.900696,-6.380956],[106.900808,-6.380532],[106.900615,-6.380509],[106.90065,-6.380407],[106.899856,-6.380189],[106.89988,-6.380058],[106.899805,-6.380029],[106.89988,-6.379946],[106.899658,-6.37969],[106.899381,-6.379658],[106.899274,-6.379925],[106.89907,-6.379863],[106.898772,-6.379632],[106.89855,-6.380327],[106.898362,-6.380263],[106.898188,-6.380455],[106.898075,-6.380799],[106.89826,-6.380863],[106.898102,-6.381095],[106.898016,-6.381367],[106.897675,-6.381233],[106.897595,-6.381473],[106.897353,-6.381393],[106.897273,-6.381545],[106.896908,-6.381335],[106.896954,-6.381276],[106.896758,-6.381132],[106.896914,-6.380686],[106.896868,-6.380534],[106.896946,-6.379853],[106.896691,-6.379746],[106.896731,-6.378642],[106.897252,-6.377957],[106.897498,-6.378213],[106.897716,-6.378016],[106.897911,-6.377408],[106.897796,-6.377379],[106.897718,-6.377267],[106.897742,-6.377144],[106.897909,-6.377192],[106.898091,-6.37716],[106.898923,-6.377699],[106.898998,-6.377606],[106.899145,-6.377675],[106.899416,-6.377214],[106.899856,-6.377195],[106.900223,-6.376905],[106.900379,-6.376721],[106.900339,-6.376161],[106.900674,-6.376129],[106.900532,-6.376705],[106.901079,-6.377104],[106.901071,-6.377275],[106.901579,-6.377263],[106.901581,-6.377696],[106.901481,-6.3778]]]},"properties":{"layer_id":"legalitas","jenis":"legal","nama":"Puri Sriwedari Cibubur","sumber":"OSM (status: contoh)","atribut":{"status":"SHGB dalam proses","peruntukan":"Permukiman"}}},{"type":"Feature","geometry":{"type":"Polygon","coordinates":[[[106.8978,-6.340164],[106.898017,-6.340263],[106.898256,-6.340415],[106.898163,-6.340584],[106.898097,-6.340703],[106.897679,-6.340485],[106.8978,-6.340164]]]},"properties":{"layer_id":"legalitas","jenis":"legal","nama":"Green Cilangkap Indah","sumber":"OSM (status: contoh)","atribut":{"status":"Girik","peruntukan":"Permukiman"}}},{"type":"Feature","geometry":{"type":"Polygon","coordinates":[[[106.904261,-6.341966],[106.904956,-6.342393],[106.905085,-6.342134],[106.90489,-6.342038],[106.904231,-6.341709],[106.904261,-6.341966]]]},"properties":{"layer_id":"legalitas","jenis":"legal","nama":"Griya Sepakat","sumber":"OSM (status: contoh)","atribut":{"status":"Girik","peruntukan":"Permukiman"}}},{"type":"Feature","geometry":{"type":"Polygon","coordinates":[[[106.903581,-6.343519],[106.903626,-6.34337],[106.903709,-6.343385],[106.903803,-6.342782],[106.903693,-6.342754],[106.903588,-6.342882],[106.903392,-6.342826],[106.903327,-6.343451],[106.903581,-6.343519]]]},"properties":{"layer_id":"legalitas","jenis":"legal","nama":"Green View Marapu","sumber":"OSM (status: contoh)","atribut":{"status":"SHM","peruntukan":"Permukiman"}}},{"type":"Feature","geometry":{"type":"Polygon","coordinates":[[[106.902304,-6.34177],[106.902767,-6.341957],[106.902866,-6.341695],[106.902393,-6.341537],[106.902304,-6.34177]]]},"properties":{"layer_id":"legalitas","jenis":"legal","nama":"Griya Sepakat 9","sumber":"OSM (status: contoh)","atribut":{"status":"SHM","peruntukan":"Permukiman"}}},{"type":"Feature","geometry":{"type":"Polygon","coordinates":[[[106.901812,-6.343147],[106.902251,-6.343281],[106.902293,-6.343033],[106.901909,-6.342913],[106.901812,-6.343147]]]},"properties":{"layer_id":"legalitas","jenis":"legal","nama":"Adhi Griya Symphony","sumber":"OSM (status: contoh)","atribut":{"status":"SHM","peruntukan":"Permukiman"}}},{"type":"Feature","geometry":{"type":"Polygon","coordinates":[[[106.90169,-6.344374],[106.902022,-6.344394],[106.902161,-6.343864],[106.901711,-6.34374],[106.901678,-6.343962],[106.901777,-6.343985],[106.90169,-6.344374]]]},"properties":{"layer_id":"legalitas","jenis":"legal","nama":"Cozy Green Park","sumber":"OSM (status: contoh)","atribut":{"status":"SHGB dalam proses","peruntukan":"Permukiman"}}},{"type":"Feature","geometry":{"type":"Polygon","coordinates":[[[106.901216,-6.343173],[106.901627,-6.343274],[106.901569,-6.343719],[106.901711,-6.34374],[106.901678,-6.343962],[106.901777,-6.343985],[106.90169,-6.344374],[106.901459,-6.344298],[106.901424,-6.344427],[106.901276,-6.344446],[106.901134,-6.344319],[106.90085,-6.343522],[106.901162,-6.343526],[106.901216,-6.343173]]]},"properties":{"layer_id":"legalitas","jenis":"legal","nama":"Adhi Griya Terrace","sumber":"OSM (status: contoh)","atribut":{"status":"HGB","peruntukan":"Permukiman"}}},{"type":"Feature","geometry":{"type":"Polygon","coordinates":[[[106.873793,-6.296741],[106.87379,-6.296567],[106.873439,-6.296578],[106.873463,-6.295906],[106.873796,-6.295791],[106.873965,-6.295791],[106.873962,-6.295847],[106.874214,-6.295917],[106.874187,-6.296063],[106.874327,-6.296181],[106.874112,-6.296394],[106.87412,-6.296743],[106.873793,-6.296741]]]},"properties":{"layer_id":"legalitas","jenis":"legal","nama":"Perumahan Taman Permata","sumber":"OSM (status: contoh)","atribut":{"status":"SHGB dalam proses","peruntukan":"Permukiman"}}},{"type":"Feature","geometry":{"type":"Polygon","coordinates":[[[106.914485,-6.312393],[106.91456,-6.312545],[106.914648,-6.312547],[106.914657,-6.312643],[106.914732,-6.312673],[106.914718,-6.312843],[106.914989,-6.31291],[106.914935,-6.313174],[106.914665,-6.313115],[106.914541,-6.313304],[106.914447,-6.313302],[106.914455,-6.313197],[106.914199,-6.313182],[106.914237,-6.312837],[106.914415,-6.312888],[106.914495,-6.312599],[106.914418,-6.312401],[106.914485,-6.312393]]]},"properties":{"layer_id":"legalitas","jenis":"legal","nama":"Setoe Village","sumber":"OSM (status: contoh)","atribut":{"status":"HGB","peruntukan":"Permukiman"}}},{"type":"Feature","geometry":{"type":"Polygon","coordinates":[[[106.899655,-6.315565],[106.900276,-6.315621],[106.900296,-6.315488],[106.900266,-6.315043],[106.899715,-6.315013],[106.899731,-6.315354],[106.899628,-6.31542],[106.899655,-6.315565]]]},"properties":{"layer_id":"legalitas","jenis":"legal","nama":"Palm One Residence","sumber":"OSM (status: contoh)","atribut":{"status":"SHM","peruntukan":"Permukiman"}}},{"type":"Feature","geometry":{"type":"Polygon","coordinates":[[[106.900212,-6.311667],[106.900336,-6.311217],[106.900527,-6.311142],[106.90076,-6.310865],[106.90043,-6.310638],[106.900374,-6.310785],[106.900519,-6.310964],[106.900419,-6.31107],[106.90029,-6.311081],[106.900144,-6.311453],[106.89969,-6.311316],[106.899709,-6.311166],[106.899545,-6.311078],[106.899263,-6.311118],[106.89914,-6.311174],[106.898939,-6.311524],[106.89863,-6.311774],[106.898279,-6.31223],[106.897995,-6.312963],[106.89851,-6.313121],[106.898351,-6.313568],[106.898086,-6.313942],[106.897826,-6.313976],[106.897815,-6.314091],[106.897968,-6.314091],[106.89782,-6.314299],[106.898013,-6.314419],[106.897962,-6.314725],[106.897995,-6.315096],[106.898056,-6.315104],[106.898043,-6.314595],[106.898099,-6.314459],[106.898381,-6.314496],[106.89841,-6.314381],[106.898737,-6.314421],[106.898853,-6.314059],[106.899164,-6.314099],[106.899545,-6.314003],[106.899864,-6.314069],[106.899872,-6.313971],[106.900189,-6.313968],[106.900712,-6.314094],[106.900779,-6.31383],[106.901742,-6.314141],[106.901945,-6.313843],[106.902444,-6.313374],[106.902165,-6.313283],[106.902278,-6.313107],[106.902012,-6.312945],[106.901964,-6.313025],[106.901857,-6.312995],[106.901817,-6.313115],[106.901388,-6.312923],[106.901422,-6.312673],[106.901313,-6.312278],[106.900942,-6.312134],[106.901001,-6.311993],[106.900983,-6.311556],[106.900645,-6.311729],[106.900677,-6.312121],[106.900248,-6.31211],[106.90032,-6.311689],[106.900212,-6.311667]]]},"properties":{"layer_id":"legalitas","jenis":"legal","nama":"Palem Kartika","sumber":"OSM (status: contoh)","atribut":{"status":"SHM","peruntukan":"Permukiman"}}},{"type":"Feature","geometry":{"type":"Polygon","coordinates":[[[106.909564,-6.305503],[106.910147,-6.305684],[106.910257,-6.305289],[106.910135,-6.305258],[106.910217,-6.30502],[106.910285,-6.305042],[106.910492,-6.304503],[106.910058,-6.304366],[106.909564,-6.305503]]]},"properties":{"layer_id":"legalitas","jenis":"legal","nama":"Reswara Park","sumber":"OSM (status: contoh)","atribut":{"status":"SHM","peruntukan":"Permukiman"}}},{"type":"Feature","geometry":{"type":"Polygon","coordinates":[[[106.904794,-6.307742],[106.904423,-6.307616],[106.904221,-6.308067],[106.904588,-6.308232],[106.904794,-6.307742]]]},"properties":{"layer_id":"legalitas","jenis":"legal","nama":"Bambu Apus Village","sumber":"OSM (status: contoh)","atribut":{"status":"Girik","peruntukan":"Permukiman"}}},{"type":"Feature","geometry":{"type":"Polygon","coordinates":[[[106.906053,-6.310259],[106.906488,-6.310384],[106.906873,-6.309511],[106.906403,-6.309378],[106.906222,-6.310239],[106.90608,-6.310197],[106.906053,-6.310259]]]},"properties":{"layer_id":"legalitas","jenis":"legal","nama":"Anaya Townhouse","sumber":"OSM (status: contoh)","atribut":{"status":"Girik","peruntukan":"Permukiman"}}},{"type":"Feature","geometry":{"type":"Polygon","coordinates":[[[106.907345,-6.311497],[106.907943,-6.31151],[106.908208,-6.311137],[106.908348,-6.311217],[106.908552,-6.310868],[106.908611,-6.310894],[106.908887,-6.310169],[106.909059,-6.310199],[106.909413,-6.309351],[106.909509,-6.309268],[106.909456,-6.309207],[106.909976,-6.308956],[106.909866,-6.308703],[106.911049,-6.307711],[106.910486,-6.307093],[106.910174,-6.307346],[106.909756,-6.307109],[106.910118,-6.306696],[106.91,-6.306567],[106.909836,-6.306562],[106.909609,-6.306786],[106.909775,-6.306914],[106.909512,-6.307183],[106.90959,-6.307285],[106.910054,-6.307511],[106.909418,-6.308109],[106.909206,-6.308204],[106.908898,-6.308031],[106.90809,-6.308975],[106.907903,-6.310028],[106.907699,-6.310276],[106.907616,-6.310281],[106.907224,-6.310918],[106.907224,-6.311305],[106.907345,-6.311497]]]},"properties":{"layer_id":"legalitas","jenis":"legal","nama":"Premier Estate","sumber":"OSM (status: contoh)","atribut":{"status":"SHM","peruntukan":"Permukiman"}}},{"type":"Feature","geometry":{"type":"Polygon","coordinates":[[[106.905838,-6.304416],[106.906551,-6.304597],[106.906559,-6.303838],[106.906822,-6.303835],[106.906827,-6.303582],[106.907836,-6.303582],[106.907868,-6.301358],[106.908619,-6.301345],[106.908632,-6.299657],[106.905962,-6.299621],[106.905946,-6.303997],[106.905838,-6.304416]]]},"properties":{"layer_id":"legalitas","jenis":"legal","nama":"Perumahan TMII","sumber":"OSM (status: contoh)","atribut":{"status":"SHGB dalam proses","peruntukan":"Permukiman"}}},{"type":"Feature","geometry":{"type":"Polygon","coordinates":[[[106.861393,-6.53511],[106.861533,-6.535335],[106.861396,-6.535488],[106.86214,-6.535496],[106.862219,-6.535737],[106.862683,-6.535593],[106.862715,-6.535508],[106.863,-6.535444],[106.863223,-6.535156],[106.863322,-6.535201],[106.863622,-6.535335],[106.863917,-6.535622],[106.864159,-6.535372],[106.864255,-6.535068],[106.864,-6.534531],[106.863,-6.534556],[106.862782,-6.535025],[106.862615,-6.534942],[106.862668,-6.535109],[106.861393,-6.53511]]]},"properties":{"layer_id":"legalitas","jenis":"legal","nama":"Tiber","sumber":"OSM (status: contoh)","atribut":{"status":"SHM","peruntukan":"Permukiman"}}},{"type":"Feature","geometry":{"type":"Polygon","coordinates":[[[106.851724,-6.533786],[106.851694,-6.533932],[106.851599,-6.533904],[106.851541,-6.534141],[106.850954,-6.538039],[106.850544,-6.539087],[106.850474,-6.539598],[106.850055,-6.540867],[106.850007,-6.541703],[106.848698,-6.545514],[106.847856,-6.545253],[106.847668,-6.544784],[106.847352,-6.544555],[106.847143,-6.54415],[106.847303,-6.543531],[106.84806,-6.543046],[106.848682,-6.541218],[106.848569,-6.541154],[106.84865,-6.540893],[106.848344,-6.540744],[106.848527,-6.54028],[106.848886,-6.540094],[106.848757,-6.539556],[106.84821,-6.539273],[106.847877,-6.539358],[106.847776,-6.539593],[106.846032,-6.539119],[106.845919,-6.539556],[106.844804,-6.539305],[106.84445,-6.539945],[106.842368,-6.539689],[106.842175,-6.537669],[106.843243,-6.537914],[106.843473,-6.53882],[106.844138,-6.53898],[106.844493,-6.537989],[106.845007,-6.5376],[106.845571,-6.537456],[106.847706,-6.537973],[106.847829,-6.538266],[106.847982,-6.538346],[106.848162,-6.537832],[106.847995,-6.537528],[106.848111,-6.53688],[106.848309,-6.536918],[106.848301,-6.536992],[106.849023,-6.537088],[106.849063,-6.536971],[106.84949,-6.537083],[106.849514,-6.536973],[106.84965,-6.536893],[106.849715,-6.536555],[106.849326,-6.536526],[106.849245,-6.536254],[106.849162,-6.535018],[106.850015,-6.535281],[106.849988,-6.535628],[106.850418,-6.535742],[106.850498,-6.535412],[106.85078,-6.535484],[106.850874,-6.535028],[106.85108,-6.535063],[106.851249,-6.533904],[106.850715,-6.533773],[106.850578,-6.533629],[106.850546,-6.533389],[106.850882,-6.533421],[106.850994,-6.533144],[106.851611,-6.533293],[106.851901,-6.532363],[106.852107,-6.532462],[106.851724,-6.533786]]]},"properties":{"layer_id":"legalitas","jenis":"legal","nama":"Adhi City","sumber":"OSM (status: contoh)","atribut":{"status":"SHGB dalam proses","peruntukan":"Permukiman"}}},{"type":"Feature","geometry":{"type":"Polygon","coordinates":[[[106.850531,-6.537038],[106.85031,-6.536997],[106.850235,-6.536883],[106.850021,-6.536848],[106.8499,-6.536971],[106.84965,-6.536893],[106.849715,-6.536555],[106.849326,-6.536526],[106.849245,-6.536254],[106.849162,-6.535018],[106.850015,-6.535281],[106.849988,-6.535628],[106.850418,-6.535742],[106.850498,-6.535412],[106.85078,-6.535484],[106.850531,-6.537038]]]},"properties":{"layer_id":"legalitas","jenis":"legal","nama":"Aruna","sumber":"OSM (status: contoh)","atribut":{"status":"HGB","peruntukan":"Permukiman"}}},{"type":"Feature","geometry":{"type":"Polygon","coordinates":[[[106.850678,-6.537341],[106.850568,-6.538101],[106.850479,-6.538295],[106.850321,-6.538444],[106.849699,-6.538716],[106.849015,-6.5387],[106.847982,-6.538346],[106.848162,-6.537832],[106.847995,-6.537528],[106.848111,-6.53688],[106.848309,-6.536918],[106.848301,-6.536992],[106.849023,-6.537088],[106.849063,-6.536971],[106.84949,-6.537083],[106.849514,-6.536973],[106.849841,-6.537016],[106.849956,-6.537296],[106.85016,-6.537346],[106.850259,-6.537269],[106.850678,-6.537341]]]},"properties":{"layer_id":"legalitas","jenis":"legal","nama":"Agra","sumber":"OSM (status: contoh)","atribut":{"status":"SHM","peruntukan":"Permukiman"}}},{"type":"Feature","geometry":{"type":"Polygon","coordinates":[[[106.744476,-6.312779],[106.744468,-6.312438],[106.744626,-6.312433],[106.744607,-6.311987],[106.744964,-6.311995],[106.744964,-6.31243],[106.745071,-6.312675],[106.745439,-6.312667],[106.745412,-6.312177],[106.745109,-6.311404],[106.745119,-6.310908],[106.744618,-6.310926],[106.744175,-6.310849],[106.744229,-6.311649],[106.743907,-6.312179],[106.743805,-6.312739],[106.744476,-6.312779]]]},"properties":{"layer_id":"legalitas","jenis":"legal","nama":"Komplek Kompas 3","sumber":"OSM (status: contoh)","atribut":{"status":"HGB","peruntukan":"Permukiman"}}},{"type":"Feature","geometry":{"type":"Polygon","coordinates":[[[106.7427,-6.310742],[106.742681,-6.31138],[106.743067,-6.31142],[106.743057,-6.311564],[106.744229,-6.311649],[106.743907,-6.312179],[106.743583,-6.313699],[106.742856,-6.313608],[106.742215,-6.313608],[106.742319,-6.312958],[106.742317,-6.312507],[106.742523,-6.312502],[106.742526,-6.312275],[106.742611,-6.312278],[106.742595,-6.312089],[106.742365,-6.312033],[106.742333,-6.311476],[106.741938,-6.311553],[106.741885,-6.310868],[106.742005,-6.31086],[106.741987,-6.310777],[106.742148,-6.31075],[106.742177,-6.310532],[106.742874,-6.310617],[106.742877,-6.310734],[106.7427,-6.310742]]]},"properties":{"layer_id":"legalitas","jenis":"legal","nama":"Perumahan Arya Graha","sumber":"OSM (status: contoh)","atribut":{"status":"HGB","peruntukan":"Permukiman"}}},{"type":"Feature","geometry":{"type":"Polygon","coordinates":[[[106.743647,-6.313454],[106.743805,-6.312739],[106.744476,-6.312779],[106.744468,-6.312899],[106.744658,-6.312896],[106.744631,-6.31332],[106.744486,-6.31323],[106.74421,-6.31324],[106.744189,-6.313675],[106.744108,-6.313672],[106.744135,-6.313411],[106.743647,-6.313454]]]},"properties":{"layer_id":"legalitas","jenis":"legal","nama":"Melia Residence","sumber":"OSM (status: contoh)","atribut":{"status":"HGB","peruntukan":"Permukiman"}}},{"type":"Feature","geometry":{"type":"Polygon","coordinates":[[[106.743829,-6.314219],[106.74366,-6.314704],[106.743609,-6.315144],[106.744258,-6.315253],[106.744513,-6.314302],[106.743829,-6.314219]]]},"properties":{"layer_id":"legalitas","jenis":"legal","nama":"Bale Pratama","sumber":"OSM (status: contoh)","atribut":{"status":"HGB","peruntukan":"Permukiman"}}},{"type":"Feature","geometry":{"type":"Polygon","coordinates":[[[106.746733,-6.315424],[106.74676,-6.3151],[106.746668,-6.315081],[106.74668,-6.314879],[106.746448,-6.314847],[106.746502,-6.314576],[106.746328,-6.314511],[106.746291,-6.314583],[106.746175,-6.314535],[106.746089,-6.314749],[106.745848,-6.314643],[106.745915,-6.314531],[106.745516,-6.3144],[106.745287,-6.314881],[106.745915,-6.315239],[106.746047,-6.315051],[106.746379,-6.315216],[106.746348,-6.315283],[106.746733,-6.315424]]]},"properties":{"layer_id":"legalitas","jenis":"legal","nama":"Bailey's City","sumber":"OSM (status: contoh)","atribut":{"status":"HGB","peruntukan":"Permukiman"}}},{"type":"Feature","geometry":{"type":"Polygon","coordinates":[[[106.745476,-6.318786],[106.744948,-6.318658],[106.744336,-6.318634],[106.744148,-6.318498],[106.744215,-6.318068],[106.744516,-6.317466],[106.744535,-6.316949],[106.744205,-6.31681],[106.74439,-6.316234],[106.744502,-6.316245],[106.744524,-6.31616],[106.745111,-6.316362],[106.74505,-6.316656],[106.745087,-6.316704],[106.745612,-6.316854],[106.745667,-6.317533],[106.745538,-6.318079],[106.745972,-6.318247],[106.746297,-6.318282],[106.746257,-6.318439],[106.745707,-6.318338],[106.745476,-6.318786]]]},"properties":{"layer_id":"legalitas","jenis":"legal","nama":"Green Lake View","sumber":"OSM (status: contoh)","atribut":{"status":"Girik","peruntukan":"Permukiman"}}},{"type":"Feature","geometry":{"type":"Polygon","coordinates":[[[106.749041,-6.317717],[106.749108,-6.317427],[106.74968,-6.317549],[106.74966,-6.317719],[106.749481,-6.317842],[106.749041,-6.317717]]]},"properties":{"layer_id":"legalitas","jenis":"legal","nama":"Gren Natural Huis","sumber":"OSM (status: contoh)","atribut":{"status":"SHM","peruntukan":"Permukiman"}}},{"type":"Feature","geometry":{"type":"Polygon","coordinates":[[[106.906568,-6.350742],[106.90694,-6.350949],[106.907023,-6.350717],[106.90718,-6.350767],[106.907196,-6.350719],[106.907038,-6.35066],[106.90711,-6.350493],[106.907026,-6.350453],[106.907091,-6.350278],[106.906781,-6.350137],[106.906568,-6.350742]]]},"properties":{"layer_id":"legalitas","jenis":"legal","nama":"Villa Kupu-Kupu","sumber":"OSM (status: contoh)","atribut":{"status":"Girik","peruntukan":"Permukiman"}}},{"type":"Feature","geometry":{"type":"Polygon","coordinates":[[[106.905383,-6.351309],[106.905755,-6.350379],[106.905622,-6.350324],[106.905719,-6.35007],[106.905657,-6.350043],[106.905563,-6.3503],[106.905467,-6.35026],[106.90536,-6.35057],[106.90518,-6.350506],[106.904982,-6.351149],[106.905383,-6.351309]]]},"properties":{"layer_id":"legalitas","jenis":"legal","nama":"Puri Mutiara Cibubur","sumber":"OSM (status: contoh)","atribut":{"status":"SHM","peruntukan":"Permukiman"}}},{"type":"Feature","geometry":{"type":"Polygon","coordinates":[[[106.905383,-6.351309],[106.905727,-6.351433],[106.905768,-6.35132],[106.905576,-6.351233],[106.905627,-6.351111],[106.905486,-6.351051],[106.905383,-6.351309]]]},"properties":{"layer_id":"legalitas","jenis":"legal","nama":"Puri Bambu Kuning","sumber":"OSM (status: contoh)","atribut":{"status":"HGB","peruntukan":"Permukiman"}}},{"type":"Feature","geometry":{"type":"Polygon","coordinates":[[[106.903559,-6.349435],[106.903806,-6.34952],[106.903852,-6.349392],[106.904484,-6.349667],[106.904579,-6.349385],[106.903985,-6.349127],[106.904129,-6.348836],[106.903848,-6.348731],[106.903559,-6.349435]]]},"properties":{"layer_id":"legalitas","jenis":"legal","nama":"The Golden Nest","sumber":"OSM (status: contoh)","atribut":{"status":"Girik","peruntukan":"Permukiman"}}},{"type":"Feature","geometry":{"type":"Polygon","coordinates":[[[106.904862,-6.349649],[106.904996,-6.349375],[106.905242,-6.349487],[106.905113,-6.349757],[106.904862,-6.349649]]]},"properties":{"layer_id":"legalitas","jenis":"legal","nama":"Pesona Kupu-Kupu","sumber":"OSM (status: contoh)","atribut":{"status":"SHM","peruntukan":"Permukiman"}}},{"type":"Feature","geometry":{"type":"Polygon","coordinates":[[[106.905363,-6.348075],[106.905412,-6.347954],[106.905817,-6.348142],[106.905769,-6.348259],[106.905363,-6.348075]]]},"properties":{"layer_id":"legalitas","jenis":"legal","nama":"Adhi Griya Felice","sumber":"OSM (status: contoh)","atribut":{"status":"SHM","peruntukan":"Permukiman"}}},{"type":"Feature","geometry":{"type":"Polygon","coordinates":[[[106.905304,-6.348207],[106.905363,-6.348075],[106.905769,-6.348259],[106.90591,-6.34799],[106.906163,-6.348101],[106.906014,-6.348456],[106.90586,-6.348392],[106.905784,-6.348562],[106.905597,-6.348502],[106.905412,-6.348423],[106.905458,-6.348283],[106.905304,-6.348207]]]},"properties":{"layer_id":"legalitas","jenis":"legal","nama":"The Purinatha","sumber":"OSM (status: contoh)","atribut":{"status":"HGB","peruntukan":"Permukiman"}}},{"type":"Feature","geometry":{"type":"Polygon","coordinates":[[[106.906216,-6.348446],[106.906313,-6.348202],[106.906686,-6.348342],[106.906486,-6.348766],[106.90625,-6.348672],[106.906322,-6.34849],[106.906216,-6.348446]]]},"properties":{"layer_id":"legalitas","jenis":"legal","nama":"Griya Salamun","sumber":"OSM (status: contoh)","atribut":{"status":"Girik","peruntukan":"Permukiman"}}},{"type":"Feature","geometry":{"type":"Polygon","coordinates":[[[106.905802,-6.345428],[106.906226,-6.345668],[106.906355,-6.345385],[106.906224,-6.345321],[106.906405,-6.344935],[106.906072,-6.344814],[106.905802,-6.345428]]]},"properties":{"layer_id":"legalitas","jenis":"legal","nama":"Mayoro Residence 1","sumber":"OSM (status: contoh)","atribut":{"status":"Girik","peruntukan":"Permukiman"}}},{"type":"Feature","geometry":{"type":"Polygon","coordinates":[[[106.907078,-6.343662],[106.906999,-6.343857],[106.907421,-6.34403],[106.907507,-6.343863],[106.907078,-6.343662]]]},"properties":{"layer_id":"legalitas","jenis":"legal","nama":"Segara Dwipa Raya","sumber":"OSM (status: contoh)","atribut":{"status":"SHGB dalam proses","peruntukan":"Permukiman"}}},{"type":"Feature","geometry":{"type":"Polygon","coordinates":[[[106.906008,-6.343642],[106.906367,-6.343786],[106.906477,-6.343425],[106.906607,-6.343467],[106.906674,-6.343257],[106.906257,-6.343102],[106.906008,-6.343642]]]},"properties":{"layer_id":"legalitas","jenis":"legal","nama":"Griya Pesona Cilangkap 2","sumber":"OSM (status: contoh)","atribut":{"status":"SHM","peruntukan":"Permukiman"}}},{"type":"Feature","geometry":{"type":"Polygon","coordinates":[[[106.909641,-6.341644],[106.909826,-6.341902],[106.910189,-6.342053],[106.910244,-6.341904],[106.909641,-6.341644]]]},"properties":{"layer_id":"legalitas","jenis":"legal","nama":"Green Village 4","sumber":"OSM (status: contoh)","atribut":{"status":"SHM","peruntukan":"Permukiman"}}},{"type":"Feature","geometry":{"type":"Polygon","coordinates":[[[106.909527,-6.341396],[106.909949,-6.341503],[106.910364,-6.341659],[106.910244,-6.341904],[106.909641,-6.341644],[106.909527,-6.341396]]]},"properties":{"layer_id":"legalitas","jenis":"legal","nama":"Puri Mulyo Asri","sumber":"OSM (status: contoh)","atribut":{"status":"HGB","peruntukan":"Permukiman"}}},{"type":"Feature","geometry":{"type":"Polygon","coordinates":[[[106.909897,-6.34287],[106.910745,-6.343397],[106.910563,-6.343623],[106.910166,-6.343307],[106.909906,-6.34317],[106.909798,-6.343354],[106.909619,-6.343305],[106.909897,-6.34287]]]},"properties":{"layer_id":"legalitas","jenis":"legal","nama":"Pesona Pondok Ranggon","sumber":"OSM (status: contoh)","atribut":{"status":"HGB","peruntukan":"Permukiman"}}},{"type":"Feature","geometry":{"type":"Polygon","coordinates":[[[106.909415,-6.344443],[106.909382,-6.34455],[106.909594,-6.344628],[106.909783,-6.34405],[106.909727,-6.344019],[106.909661,-6.344184],[106.909523,-6.344149],[106.909415,-6.344443]]]},"properties":{"layer_id":"legalitas","jenis":"legal","nama":"Puri Mutiara Cipayung","sumber":"OSM (status: contoh)","atribut":{"status":"Girik","peruntukan":"Permukiman"}}},{"type":"Feature","geometry":{"type":"Polygon","coordinates":[[[106.909153,-6.344049],[106.909064,-6.344266],[106.909415,-6.344443],[106.909523,-6.344149],[106.909153,-6.344049]]]},"properties":{"layer_id":"legalitas","jenis":"legal","nama":"Adhi Griya Platinum","sumber":"OSM (status: contoh)","atribut":{"status":"HGB","peruntukan":"Permukiman"}}},{"type":"Feature","geometry":{"type":"Polygon","coordinates":[[[106.903574,-6.352484],[106.903733,-6.352611],[106.903909,-6.35235],[106.903981,-6.352376],[106.904072,-6.352139],[106.903806,-6.352014],[106.903574,-6.352484]]]},"properties":{"layer_id":"legalitas","jenis":"legal","nama":"Samara Muslim Townhouse","sumber":"OSM (status: contoh)","atribut":{"status":"SHM","peruntukan":"Permukiman"}}},{"type":"Feature","geometry":{"type":"Polygon","coordinates":[[[106.906733,-6.352974],[106.906571,-6.352881],[106.906749,-6.3526],[106.906914,-6.35271],[106.906733,-6.352974]]]},"properties":{"layer_id":"legalitas","jenis":"legal","nama":"Villa Bambu Kuning","sumber":"OSM (status: contoh)","atribut":{"status":"SHGB dalam proses","peruntukan":"Permukiman"}}},{"type":"Feature","geometry":{"type":"Polygon","coordinates":[[[106.906009,-6.353235],[106.906176,-6.352752],[106.906611,-6.352963],[106.906768,-6.353027],[106.906599,-6.353511],[106.906009,-6.353235]]]},"properties":{"layer_id":"legalitas","jenis":"legal","nama":"Roemah Palem","sumber":"OSM (status: contoh)","atribut":{"status":"SHM","peruntukan":"Permukiman"}}},{"type":"Feature","geometry":{"type":"Polygon","coordinates":[[[106.907979,-6.352191],[106.90814,-6.351979],[106.907708,-6.351751],[106.907736,-6.351628],[106.907618,-6.351599],[106.907761,-6.350963],[106.908223,-6.351063],[106.908248,-6.350973],[106.908364,-6.350966],[106.908577,-6.35105],[106.908497,-6.351463],[106.908719,-6.351501],[106.908683,-6.351653],[106.908829,-6.351786],[106.908632,-6.352244],[106.908548,-6.35219],[106.908369,-6.352399],[106.907979,-6.352191]]]},"properties":{"layer_id":"legalitas","jenis":"legal","nama":"Bukit Mas Residence","sumber":"OSM (status: contoh)","atribut":{"status":"HGB","peruntukan":"Permukiman"}}},{"type":"Feature","geometry":{"type":"Polygon","coordinates":[[[106.780646,-6.312709],[106.780867,-6.313388],[106.780735,-6.313406],[106.780763,-6.313657],[106.780906,-6.313638],[106.780953,-6.313861],[106.780641,-6.313925],[106.780506,-6.313112],[106.780568,-6.313104],[106.780472,-6.312755],[106.780646,-6.312709]]]},"properties":{"layer_id":"legalitas","jenis":"legal","nama":"Bamboo Premium Residence","sumber":"OSM (status: contoh)","atribut":{"status":"HGB","peruntukan":"Permukiman"}}},{"type":"Feature","geometry":{"type":"Polygon","coordinates":[[[106.766685,-6.361516],[106.767022,-6.361508],[106.768223,-6.361785],[106.768646,-6.361949],[106.769279,-6.362015],[106.769041,-6.362383],[106.769028,-6.362561],[106.769095,-6.362849],[106.769303,-6.363083],[106.770866,-6.363623],[106.770948,-6.363735],[106.770758,-6.364135],[106.770381,-6.364322],[106.770038,-6.364385],[106.769696,-6.364284],[106.76918,-6.364558],[106.769066,-6.365181],[106.769233,-6.36527],[106.769663,-6.365335],[106.76996,-6.365761],[106.77001,-6.36598],[106.769981,-6.366253],[106.769744,-6.366539],[106.769591,-6.366513],[106.769281,-6.365985],[106.768971,-6.365739],[106.768617,-6.365776],[106.768412,-6.365734],[106.76809,-6.365277],[106.767988,-6.365221],[106.767814,-6.365316],[106.767344,-6.365697],[106.767145,-6.365971],[106.766851,-6.367177],[106.766396,-6.367057],[106.766549,-6.366245],[106.76654,-6.365854],[106.766707,-6.365847],[106.766738,-6.365562],[106.766667,-6.365162],[106.766802,-6.364808],[106.767325,-6.36414],[106.768067,-6.36421],[106.768307,-6.363989],[106.768415,-6.363714],[106.768576,-6.363539],[106.768576,-6.363338],[106.768363,-6.363344],[106.767981,-6.363188],[106.767892,-6.362808],[106.767805,-6.362722],[106.76699,-6.362556],[106.766626,-6.362394],[106.766685,-6.361516]]]},"properties":{"layer_id":"legalitas","jenis":"legal","nama":"Perumahan Wisma Mas","sumber":"OSM (status: contoh)","atribut":{"status":"SHM","peruntukan":"Permukiman"}}},{"type":"Feature","geometry":{"type":"Polygon","coordinates":[[[106.78093,-6.360669],[106.781799,-6.361327],[106.782418,-6.36141],[106.782504,-6.361485],[106.782409,-6.362031],[106.784791,-6.362824],[106.786331,-6.363524],[106.787025,-6.364019],[106.787101,-6.36417],[106.787076,-6.364335],[106.786401,-6.365682],[106.786305,-6.36662],[106.78645,-6.367564],[106.785978,-6.367564],[106.784598,-6.368295],[106.784256,-6.36742],[106.783977,-6.367197],[106.783873,-6.366487],[106.783364,-6.365619],[106.783168,-6.36506],[106.783091,-6.364521],[106.782863,-6.364064],[106.782469,-6.363678],[106.781272,-6.362811],[106.781031,-6.362272],[106.780852,-6.360672],[106.78093,-6.360669]]]},"properties":{"layer_id":"legalitas","jenis":"legal","nama":"Perumahan Cakra","sumber":"OSM (status: contoh)","atribut":{"status":"SHM","peruntukan":"Permukiman"}}},{"type":"Feature","geometry":{"type":"Polygon","coordinates":[[[106.781928,-6.306387],[106.782485,-6.306398],[106.78232,-6.307013],[106.782491,-6.307145],[106.782575,-6.307307],[106.782564,-6.308132],[106.782626,-6.308194],[106.783038,-6.308043],[106.783411,-6.308055],[106.783731,-6.307855],[106.784054,-6.308168],[106.784494,-6.307738],[106.784809,-6.307427],[106.785681,-6.307413],[106.785696,-6.305727],[106.786587,-6.304981],[106.786429,-6.304533],[106.785682,-6.30521],[106.785342,-6.305386],[106.783596,-6.305352],[106.783605,-6.304451],[106.783099,-6.304468],[106.782901,-6.304792],[106.781857,-6.304941],[106.781991,-6.305619],[106.781886,-6.306362],[106.781928,-6.306387]]]},"properties":{"layer_id":"legalitas","jenis":"legal","nama":"Bumi Karang Indah","sumber":"OSM (status: contoh)","atribut":{"status":"SHM","peruntukan":"Permukiman"}}},{"type":"Feature","geometry":{"type":"Polygon","coordinates":[[[106.825037,-6.385195],[106.825715,-6.384457],[106.82652,-6.385061],[106.825976,-6.38585],[106.825494,-6.38552],[106.825037,-6.385195]]]},"properties":{"layer_id":"legalitas","jenis":"legal","nama":"Margonda Residence 5 by En's Room","sumber":"OSM (status: contoh)","atribut":{"status":"HGB","peruntukan":"Permukiman"}}},{"type":"Feature","geometry":{"type":"Polygon","coordinates":[[[106.824539,-6.395618],[106.824907,-6.395766],[106.824517,-6.396649],[106.824216,-6.396534],[106.824367,-6.396038],[106.824539,-6.395618]]]},"properties":{"layer_id":"legalitas","jenis":"legal","nama":"Gedung pertemuan Ronatama Graha and Convention Hall","sumber":"OSM (status: contoh)","atribut":{"status":"SHM","peruntukan":"Permukiman"}}},{"type":"Feature","geometry":{"type":"Polygon","coordinates":[[[106.773882,-6.304227],[106.774257,-6.303372],[106.774558,-6.303225],[106.775156,-6.303352],[106.775361,-6.303524],[106.775614,-6.303947],[106.775557,-6.304264],[106.775419,-6.304379],[106.77498,-6.304415],[106.774799,-6.30457],[106.774707,-6.304583],[106.774444,-6.304335],[106.774009,-6.304337],[106.773889,-6.304295],[106.773882,-6.304227]]]},"properties":{"layer_id":"legalitas","jenis":"legal","nama":"Taman Cirendeu","sumber":"OSM (status: contoh)","atribut":{"status":"HGB","peruntukan":"Permukiman"}}},{"type":"Feature","geometry":{"type":"Polygon","coordinates":[[[106.834485,-6.307667],[106.835021,-6.307889],[106.835991,-6.307884],[106.836125,-6.307042],[106.836067,-6.306676],[106.836166,-6.306009],[106.835804,-6.305879],[106.835659,-6.306601],[106.835069,-6.306478],[106.834677,-6.30655],[106.834726,-6.306665],[106.834329,-6.306734],[106.834485,-6.307667]]]},"properties":{"layer_id":"legalitas","jenis":"legal","nama":"Kebagusan City","sumber":"OSM (status: contoh)","atribut":{"status":"HGB","peruntukan":"Permukiman"}}},{"type":"Feature","geometry":{"type":"Polygon","coordinates":[[[106.839842,-6.310486],[106.839776,-6.310244],[106.83997,-6.310215],[106.839974,-6.309345],[106.840145,-6.309361],[106.840134,-6.309616],[106.840265,-6.309608],[106.840381,-6.3099],[106.840363,-6.310067],[106.839842,-6.310486]]]},"properties":{"layer_id":"legalitas","jenis":"legal","nama":"Nayara Townhouse","sumber":"OSM (status: contoh)","atribut":{"status":"HGB","peruntukan":"Permukiman"}}},{"type":"Feature","geometry":{"type":"Polygon","coordinates":[[[106.837307,-6.309303],[106.837133,-6.309749],[106.8368,-6.309663],[106.837198,-6.307626],[106.837558,-6.307771],[106.837499,-6.307889],[106.837607,-6.307927],[106.837554,-6.308083],[106.838059,-6.308296],[106.837858,-6.308687],[106.838071,-6.308794],[106.837817,-6.309473],[106.837307,-6.309303]]]},"properties":{"layer_id":"legalitas","jenis":"legal","nama":"Perumahan Pesona Agung","sumber":"OSM (status: contoh)","atribut":{"status":"Girik","peruntukan":"Permukiman"}}},{"type":"Feature","geometry":{"type":"Polygon","coordinates":[[[106.842811,-6.313531],[106.844935,-6.313507],[106.84467,-6.3138],[106.843943,-6.314286],[106.842862,-6.314568],[106.842352,-6.313744],[106.84254,-6.313638],[106.842639,-6.313459],[106.842811,-6.313531]]]},"properties":{"layer_id":"legalitas","jenis":"legal","nama":"Edenhaus","sumber":"OSM (status: contoh)","atribut":{"status":"SHM","peruntukan":"Permukiman"}}},{"type":"Feature","geometry":{"type":"Polygon","coordinates":[[[106.852276,-6.305772],[106.852019,-6.304683],[106.852131,-6.304691],[106.852389,-6.305784],[106.853819,-6.305661],[106.854792,-6.305693],[106.854924,-6.306498],[106.854902,-6.306856],[106.854591,-6.306917],[106.854572,-6.307101],[106.854752,-6.307079],[106.854733,-6.307274],[106.854878,-6.307266],[106.854586,-6.308308],[106.854401,-6.308255],[106.854377,-6.308346],[106.853947,-6.308276],[106.854079,-6.307751],[106.853671,-6.308028],[106.853456,-6.308975],[106.853542,-6.309004],[106.853494,-6.309156],[106.85377,-6.309276],[106.853717,-6.309521],[106.853443,-6.309386],[106.853277,-6.309777],[106.852357,-6.309604],[106.852134,-6.310292],[106.851262,-6.309932],[106.851399,-6.309599],[106.851466,-6.309092],[106.851624,-6.308567],[106.851828,-6.308618],[106.851879,-6.308418],[106.851675,-6.30838],[106.851737,-6.308063],[106.851359,-6.307967],[106.85137,-6.307847],[106.851249,-6.307858],[106.851246,-6.307426],[106.851515,-6.307415],[106.851517,-6.307287],[106.851751,-6.307306],[106.851759,-6.307066],[106.851901,-6.307074],[106.851909,-6.306858],[106.852376,-6.306815],[106.852276,-6.305772]]]},"properties":{"layer_id":"legalitas","jenis":"legal","nama":"Rancho Indah","sumber":"OSM (status: contoh)","atribut":{"status":"SHM","peruntukan":"Permukiman"}}},{"type":"Feature","geometry":{"type":"Polygon","coordinates":[[[106.849765,-6.306443],[106.850157,-6.306598],[106.850238,-6.306133],[106.849804,-6.306065],[106.849765,-6.306443]]]},"properties":{"layer_id":"legalitas","jenis":"legal","nama":"Rancho Indah Townhouse","sumber":"OSM (status: contoh)","atribut":{"status":"SHM","peruntukan":"Permukiman"}}},{"type":"Feature","geometry":{"type":"Polygon","coordinates":[[[106.84994,-6.305029],[106.850055,-6.305331],[106.850281,-6.305373],[106.850265,-6.305512],[106.849935,-6.305453],[106.849927,-6.305626],[106.849835,-6.305752],[106.849742,-6.306677],[106.84997,-6.30677],[106.849886,-6.307095],[106.849919,-6.307154],[106.849846,-6.307258],[106.849919,-6.307309],[106.849755,-6.307503],[106.849511,-6.307493],[106.849444,-6.307567],[106.849495,-6.308276],[106.849237,-6.30821],[106.849216,-6.308372],[106.849307,-6.308431],[106.849235,-6.308583],[106.848902,-6.308482],[106.848894,-6.308252],[106.848709,-6.308196],[106.84862,-6.30838],[106.848441,-6.308268],[106.848384,-6.308383],[106.848363,-6.308863],[106.848266,-6.309164],[106.847902,-6.309065],[106.848004,-6.308735],[106.847403,-6.30857],[106.846998,-6.308316],[106.847242,-6.307804],[106.846944,-6.307682],[106.847011,-6.30761],[106.846209,-6.307218],[106.845777,-6.306845],[106.845254,-6.306554],[106.845013,-6.306328],[106.845236,-6.306125],[106.84467,-6.305408],[106.844493,-6.305509],[106.844385,-6.305288],[106.844879,-6.305003],[106.844975,-6.305155],[106.84526,-6.304933],[106.846221,-6.305002],[106.846283,-6.304334],[106.846481,-6.304359],[106.846412,-6.305015],[106.849111,-6.30524],[106.849333,-6.304896],[106.84994,-6.305029]]]},"properties":{"layer_id":"legalitas","jenis":"legal","nama":"Tanjung Barat Indah","sumber":"OSM (status: contoh)","atribut":{"status":"SHGB dalam proses","peruntukan":"Permukiman"}}},{"type":"Feature","geometry":{"type":"Polygon","coordinates":[[[106.839811,-6.309285],[106.839021,-6.309194],[106.839335,-6.307712],[106.839479,-6.307875],[106.841096,-6.307958],[106.840847,-6.306669],[106.841287,-6.306565],[106.841129,-6.305104],[106.841679,-6.305053],[106.842017,-6.305594],[106.842355,-6.305549],[106.842215,-6.305317],[106.842698,-6.305131],[106.842671,-6.304741],[106.842996,-6.304717],[106.843039,-6.305483],[106.843135,-6.305981],[106.843267,-6.306458],[106.843656,-6.30717],[106.844138,-6.307071],[106.844602,-6.306642],[106.844675,-6.306738],[106.844648,-6.306973],[106.845182,-6.307199],[106.845233,-6.308015],[106.845512,-6.308519],[106.845796,-6.30858],[106.846292,-6.308823],[106.846338,-6.308882],[106.846206,-6.309175],[106.846266,-6.309346],[106.845611,-6.310225],[106.84545,-6.311281],[106.845418,-6.312886],[106.845287,-6.312873],[106.845166,-6.31323],[106.84467,-6.3138],[106.843943,-6.314286],[106.842862,-6.314568],[106.842352,-6.313744],[106.84254,-6.313638],[106.842639,-6.313459],[106.842167,-6.312523],[106.841926,-6.312627],[106.841421,-6.312142],[106.842223,-6.311214],[106.842368,-6.310777],[106.841631,-6.309975],[106.841804,-6.309772],[106.841203,-6.309398],[106.839811,-6.309285]]]},"properties":{"layer_id":"legalitas","jenis":"legal","nama":"Tanjung Mas Raya","sumber":"OSM (status: contoh)","atribut":{"status":"SHM","peruntukan":"Permukiman"}}},{"type":"Feature","geometry":{"type":"Polygon","coordinates":[[[106.728962,-6.391512],[106.728924,-6.39088],[106.729066,-6.390075],[106.729045,-6.389105],[106.729214,-6.388534],[106.729243,-6.388109],[106.729455,-6.388105],[106.729466,-6.388292],[106.729538,-6.388281],[106.729608,-6.388942],[106.729715,-6.390352],[106.730512,-6.390376],[106.730759,-6.390315],[106.730771,-6.390643],[106.730934,-6.390653],[106.730975,-6.391025],[106.731687,-6.390957],[106.731695,-6.391515],[106.728962,-6.391512]]]},"properties":{"layer_id":"legalitas","jenis":"legal","nama":"Rivergate","sumber":"OSM (status: contoh)","atribut":{"status":"SHM","peruntukan":"Permukiman"}}},{"type":"Feature","geometry":{"type":"Polygon","coordinates":[[[106.696875,-6.398946],[106.697819,-6.398501],[106.698146,-6.398466],[106.698124,-6.397909],[106.698548,-6.397641],[106.698587,-6.397688],[106.698932,-6.397623],[106.698908,-6.397513],[106.699074,-6.397461],[106.699228,-6.397484],[106.699267,-6.398169],[106.69946,-6.398512],[106.699707,-6.398493],[106.699848,-6.39857],[106.700215,-6.398361],[106.70045,-6.398504],[106.700439,-6.398184],[106.700565,-6.39813],[106.700659,-6.398165],[106.700753,-6.397914],[106.700739,-6.397267],[106.701306,-6.397381],[106.701241,-6.397605],[106.701987,-6.397781],[106.701955,-6.398005],[106.701536,-6.398357],[106.701627,-6.398906],[106.701537,-6.399248],[106.701263,-6.399151],[106.701107,-6.398927],[106.700819,-6.398879],[106.700721,-6.399108],[106.700786,-6.399304],[106.697682,-6.400804],[106.697403,-6.400244],[106.697495,-6.400048],[106.697254,-6.399523],[106.697112,-6.399486],[106.696875,-6.398946]]]},"properties":{"layer_id":"legalitas","jenis":"legal","nama":"Jacobs Ladder","sumber":"OSM (status: contoh)","atribut":{"status":"SHM","peruntukan":"Permukiman"}}},{"type":"Feature","geometry":{"type":"Polygon","coordinates":[[[106.698355,-6.40211],[106.697682,-6.400804],[106.700786,-6.399304],[106.700911,-6.399676],[106.700903,-6.399908],[106.701051,-6.400092],[106.700796,-6.400548],[106.70071,-6.400972],[106.698355,-6.40211]]]},"properties":{"layer_id":"legalitas","jenis":"legal","nama":"Iris","sumber":"OSM (status: contoh)","atribut":{"status":"HGB","peruntukan":"Permukiman"}}},{"type":"Feature","geometry":{"type":"Polygon","coordinates":[[[106.698355,-6.40211],[106.70071,-6.400972],[106.70085,-6.401182],[106.700388,-6.401366],[106.700387,-6.401446],[106.700599,-6.401454],[106.700769,-6.40163],[106.700646,-6.402227],[106.700496,-6.40255],[106.700439,-6.402974],[106.700528,-6.403198],[106.701045,-6.403885],[106.701257,-6.403923],[106.701297,-6.404064],[106.701195,-6.404152],[106.700796,-6.40404],[106.700329,-6.404226],[106.699723,-6.404085],[106.699251,-6.403507],[106.699173,-6.402792],[106.698983,-6.402806],[106.698768,-6.402984],[106.698355,-6.40211]]]},"properties":{"layer_id":"legalitas","jenis":"legal","nama":"Hoya","sumber":"OSM (status: contoh)","atribut":{"status":"Girik","peruntukan":"Permukiman"}}},{"type":"Feature","geometry":{"type":"Polygon","coordinates":[[[106.716691,-6.284421],[106.715559,-6.285236],[106.715741,-6.285205],[106.716358,-6.286362],[106.716149,-6.286594],[106.716181,-6.287111],[106.716514,-6.287492],[106.716597,-6.2875],[106.716573,-6.287327],[106.717375,-6.286935],[106.717565,-6.287735],[106.718005,-6.287647],[106.71789,-6.287255],[106.718236,-6.287156],[106.718203,-6.287084],[106.718292,-6.287068],[106.718362,-6.287362],[106.718633,-6.287337],[106.718606,-6.287247],[106.719145,-6.287151],[106.719241,-6.28722],[106.719362,-6.287745],[106.719099,-6.287764],[106.719013,-6.288009],[106.718823,-6.288265],[106.718638,-6.288177],[106.718614,-6.288361],[106.718273,-6.288324],[106.718271,-6.288023],[106.717876,-6.288039],[106.717876,-6.288276],[106.717662,-6.288311],[106.717645,-6.288515],[106.717468,-6.288473],[106.71745,-6.288753],[106.717125,-6.28878],[106.717152,-6.28915],[106.717742,-6.289201],[106.71775,-6.28979],[106.717699,-6.289836],[106.71779,-6.290132],[106.717753,-6.290329],[106.717635,-6.290337],[106.717678,-6.291051],[106.717785,-6.291057],[106.717785,-6.291353],[106.717691,-6.291353],[106.717718,-6.29159],[106.718217,-6.291542],[106.718214,-6.291401],[106.718402,-6.291401],[106.718413,-6.291102],[106.718627,-6.291097],[106.718611,-6.291001],[106.718815,-6.291011],[106.718838,-6.290859],[106.719003,-6.290851],[106.718949,-6.290398],[106.719067,-6.290153],[106.719443,-6.290179],[106.719437,-6.290313],[106.719555,-6.290324],[106.719544,-6.290515],[106.719722,-6.290537],[106.719818,-6.290617],[106.721047,-6.290835],[106.721041,-6.290654],[106.721449,-6.290675],[106.72146,-6.290878],[106.72168,-6.290883],[106.721717,-6.291006],[106.722275,-6.290542],[106.722291,-6.290217],[106.721953,-6.290164],[106.721857,-6.289918],[106.721782,-6.289422],[106.721808,-6.289033],[106.722028,-6.289017],[106.722039,-6.288463],[106.722227,-6.288452],[106.722275,-6.288308],[106.722441,-6.288356],[106.722561,-6.288124],[106.722135,-6.287956],[106.721419,-6.287927],[106.721296,-6.287825],[106.721508,-6.287599],[106.721513,-6.287505],[106.721854,-6.287188],[106.722058,-6.287188],[106.722197,-6.287295],[106.7229,-6.288089],[106.722913,-6.288724],[106.723155,-6.288756],[106.723308,-6.288897],[106.72331,-6.289156],[106.723546,-6.289196],[106.723541,-6.288585],[106.723796,-6.288772],[106.723734,-6.288889],[106.723882,-6.289038],[106.7239,-6.289252],[106.723968,-6.28931],[106.724319,-6.289292],[106.724863,-6.289489],[106.725301,-6.289452],[106.725298,-6.289534],[106.725526,-6.289425],[106.72573,-6.289148],[106.726062,-6.288948],[106.727197,-6.288529],[106.727444,-6.288311],[106.727301,-6.288023],[106.726639,-6.288175],[106.726575,-6.288103],[106.726454,-6.287106],[106.726384,-6.28706],[106.726355,-6.286844],[106.725813,-6.286892],[106.725718,-6.286714],[106.72551,-6.286681],[106.725486,-6.286289],[106.725073,-6.286394],[106.724952,-6.285732],[106.724686,-6.285786],[106.724651,-6.285714],[106.724359,-6.285759],[106.724271,-6.285266],[106.724461,-6.285255],[106.724257,-6.28445],[106.722924,-6.284522],[106.722905,-6.284103],[106.722482,-6.284101],[106.722532,-6.284503],[106.722785,-6.284525],[106.722782,-6.285226],[106.722541,-6.285186],[106.722492,-6.285362],[106.722608,-6.285391],[106.722586,-6.28549],[106.722254,-6.28545],[106.722058,-6.284823],[106.722372,-6.284829],[106.722337,-6.284629],[106.721897,-6.284658],[106.72183,-6.284383],[106.721682,-6.284415],[106.721629,-6.284106],[106.721537,-6.284077],[106.721706,-6.28354],[106.721419,-6.283336],[106.720446,-6.283546],[106.720483,-6.283834],[106.720623,-6.283792],[106.720639,-6.283925],[106.720499,-6.284314],[106.719974,-6.285402],[106.719754,-6.285535],[106.719754,-6.285908],[106.719507,-6.285914],[106.719518,-6.285818],[106.719384,-6.285791],[106.718997,-6.285007],[106.719158,-6.284938],[106.718718,-6.284277],[106.717903,-6.284202],[106.717887,-6.284362],[106.717662,-6.284463],[106.717485,-6.284671],[106.71713,-6.284831],[106.716782,-6.284586],[106.716691,-6.284421]]]},"properties":{"layer_id":"legalitas","jenis":"legal","nama":"Puri Bintaro","sumber":"OSM (status: contoh)","atribut":{"status":"SHM","peruntukan":"Permukiman"}}},{"type":"Feature","geometry":{"type":"Polygon","coordinates":[[[106.726215,-6.272626],[106.726554,-6.27255],[106.727968,-6.271786],[106.72824,-6.272386],[106.727812,-6.272428],[106.727892,-6.272738],[106.727607,-6.27277],[106.727645,-6.273111],[106.727221,-6.273143],[106.727264,-6.273666],[106.726749,-6.273788],[106.726867,-6.274066],[106.727114,-6.274066],[106.727425,-6.274188],[106.727709,-6.275025],[106.727881,-6.275111],[106.728364,-6.275031],[106.728396,-6.274881],[106.729141,-6.274711],[106.729141,-6.274519],[106.729683,-6.274482],[106.72985,-6.2751],[106.729978,-6.275399],[106.730134,-6.275559],[106.729962,-6.275735],[106.729715,-6.275777],[106.729812,-6.276748],[106.730402,-6.276726],[106.730391,-6.277062],[106.729689,-6.277068],[106.729775,-6.277707],[106.729437,-6.277819],[106.729446,-6.278207],[106.729989,-6.278854],[106.730306,-6.278683],[106.730279,-6.277996],[106.731824,-6.277723],[106.731872,-6.277932],[106.731641,-6.27799],[106.731754,-6.278177],[106.731566,-6.278299],[106.731931,-6.278262],[106.732054,-6.278673],[106.731475,-6.278774],[106.731828,-6.280581],[106.732333,-6.280528],[106.732537,-6.282027],[106.732406,-6.282204],[106.732516,-6.283018],[106.732382,-6.283509],[106.732441,-6.283976],[106.730909,-6.281603],[106.730294,-6.281681],[106.72953,-6.280723],[106.728613,-6.281523],[106.727841,-6.28124],[106.727175,-6.280856],[106.726875,-6.280899],[106.726764,-6.279728],[106.726597,-6.279228],[106.726311,-6.279012],[106.72626,-6.278885],[106.726217,-6.278579],[106.726309,-6.27844],[106.726193,-6.277932],[106.727527,-6.277593],[106.727442,-6.277301],[106.727216,-6.277121],[106.726835,-6.276965],[106.726444,-6.276568],[106.725626,-6.275324],[106.725673,-6.275203],[106.726178,-6.274839],[106.725718,-6.27414],[106.725866,-6.273935],[106.726068,-6.272758],[106.726215,-6.272626]]]},"properties":{"layer_id":"legalitas","jenis":"legal","nama":"Menteng Bintaro","sumber":"OSM (status: contoh)","atribut":{"status":"HGB","peruntukan":"Permukiman"}}},{"type":"Feature","geometry":{"type":"Polygon","coordinates":[[[106.696005,-6.275916],[106.694841,-6.274913],[106.696885,-6.274716],[106.69703,-6.275159],[106.697513,-6.275063],[106.697465,-6.274892],[106.697255,-6.274919],[106.697137,-6.274418],[106.697352,-6.274327],[106.697245,-6.274055],[106.696966,-6.274087],[106.696858,-6.273719],[106.696971,-6.27366],[106.696901,-6.273468],[106.69718,-6.273362],[106.697255,-6.273468],[106.697406,-6.273468],[106.697534,-6.273399],[106.697626,-6.273239],[106.697931,-6.273182],[106.69858,-6.273332],[106.698934,-6.273538],[106.699342,-6.273978],[106.6996,-6.274026],[106.699763,-6.275865],[106.700033,-6.276802],[106.700386,-6.27773],[106.700705,-6.277637],[106.700796,-6.277868],[106.701166,-6.277798],[106.701268,-6.278049],[106.701214,-6.278145],[106.701499,-6.278545],[106.701654,-6.278603],[106.701906,-6.278555],[106.702116,-6.278411],[106.702228,-6.278225],[106.702271,-6.278011],[106.702148,-6.278011],[106.701858,-6.277596],[106.701633,-6.277777],[106.701488,-6.277505],[106.701762,-6.277361],[106.701778,-6.277249],[106.701896,-6.277148],[106.70182,-6.276961],[106.702448,-6.27671],[106.702421,-6.276476],[106.702529,-6.276305],[106.702829,-6.276225],[106.702802,-6.27614],[106.703178,-6.276113],[106.703247,-6.276337],[106.70336,-6.276316],[106.703516,-6.27678],[106.703698,-6.276753],[106.703805,-6.27687],[106.703918,-6.277521],[106.70328,-6.277611],[106.703371,-6.278459],[106.703462,-6.278497],[106.703585,-6.279009],[106.703044,-6.27903],[106.703054,-6.279504],[106.703564,-6.279462],[106.702952,-6.280736],[106.702572,-6.280736],[106.702518,-6.281304],[106.702432,-6.281467],[106.702522,-6.281524],[106.701886,-6.282741],[106.701904,-6.283392],[106.701482,-6.283376],[106.700271,-6.282618],[106.700161,-6.283056],[106.699963,-6.283177],[106.699766,-6.283162],[106.699736,-6.282803],[106.699849,-6.282756],[106.700535,-6.281761],[106.700598,-6.28132],[106.700383,-6.279171],[106.699746,-6.279288],[106.698971,-6.279281],[106.698981,-6.279598],[106.697975,-6.279518],[106.697577,-6.279366],[106.697555,-6.279169],[106.697411,-6.278886],[106.697996,-6.278614],[106.698291,-6.278081],[106.69901,-6.277677],[106.699249,-6.27764],[106.698886,-6.277036],[106.698967,-6.276732],[106.699396,-6.276012],[106.699369,-6.27566],[106.699278,-6.275681],[106.699165,-6.275495],[106.699203,-6.275447],[106.698967,-6.275153],[106.698666,-6.275031],[106.698591,-6.275169],[106.698736,-6.275271],[106.698602,-6.275703],[106.698478,-6.275745],[106.698511,-6.276039],[106.698178,-6.276135],[106.69814,-6.276039],[106.698055,-6.276049],[106.697974,-6.276268],[106.697722,-6.276193],[106.697668,-6.276017],[106.697636,-6.275879],[106.697749,-6.275431],[106.697336,-6.275516],[106.697255,-6.275201],[106.69706,-6.275247],[106.697159,-6.275911],[106.696005,-6.275916]]]},"properties":{"layer_id":"legalitas","jenis":"legal","nama":"Emerald District","sumber":"OSM (status: contoh)","atribut":{"status":"SHGB dalam proses","peruntukan":"Permukiman"}}},{"type":"Feature","geometry":{"type":"Polygon","coordinates":[[[106.700606,-6.28503],[106.700712,-6.285175],[106.70042,-6.285442],[106.700519,-6.285567],[106.700868,-6.285756],[106.700809,-6.286079],[106.70067,-6.286079],[106.700554,-6.285994],[106.700418,-6.286066],[106.700434,-6.286146],[106.699871,-6.286431],[106.699871,-6.286802],[106.70045,-6.286716],[106.700474,-6.286871],[106.700568,-6.286884],[106.700522,-6.287199],[106.700453,-6.287193],[106.700388,-6.287335],[106.700211,-6.287308],[106.700149,-6.287545],[106.700517,-6.287628],[106.700479,-6.287865],[106.700434,-6.287852],[106.700396,-6.287951],[106.700281,-6.288436],[106.700211,-6.288417],[106.700203,-6.288788],[106.700085,-6.288756],[106.700026,-6.2889],[106.700206,-6.288958],[106.700149,-6.289097],[106.700045,-6.289022],[106.699778,-6.28916],[106.699616,-6.289474],[106.699629,-6.289622],[106.699873,-6.28999],[106.700037,-6.290446],[106.700222,-6.290534],[106.700833,-6.290436],[106.701024,-6.291054],[106.701131,-6.291179],[106.702049,-6.291126],[106.702107,-6.291566],[106.701829,-6.291579],[106.701705,-6.291931],[106.701874,-6.292038],[106.702172,-6.292907],[106.702475,-6.292966],[106.702585,-6.29312],[106.702931,-6.293334],[106.703073,-6.293568],[106.703127,-6.293717],[106.703092,-6.295221],[106.70318,-6.295389],[106.703457,-6.295538],[106.703548,-6.295701],[106.703073,-6.295802],[106.703013,-6.295929],[106.70263,-6.296072],[106.702912,-6.296466],[106.702574,-6.296482],[106.70247,-6.296317],[106.702354,-6.296295],[106.702291,-6.296231],[106.702239,-6.295765],[106.701941,-6.29505],[106.702322,-6.295042],[106.702325,-6.294424],[106.702239,-6.294427],[106.702086,-6.294195],[106.702059,-6.294043],[106.701711,-6.294029],[106.701711,-6.293917],[106.701367,-6.293576],[106.701233,-6.293221],[106.700619,-6.293165],[106.700697,-6.293608],[106.700498,-6.293648],[106.700436,-6.293221],[106.700109,-6.293118],[106.699916,-6.293171],[106.699938,-6.293501],[106.699659,-6.293528],[106.699482,-6.29315],[106.699642,-6.293112],[106.699616,-6.29291],[106.69939,-6.292931],[106.699203,-6.292691],[106.699192,-6.292531],[106.699042,-6.29252],[106.69902,-6.292435],[106.699321,-6.292414],[106.698983,-6.291683],[106.698854,-6.291694],[106.698859,-6.291401],[106.698781,-6.29139],[106.698714,-6.291065],[106.698468,-6.29107],[106.698369,-6.289564],[106.698519,-6.289532],[106.698398,-6.289377],[106.698376,-6.289118],[106.698768,-6.288964],[106.698787,-6.288748],[106.698688,-6.288489],[106.698747,-6.288127],[106.699187,-6.287375],[106.699219,-6.28714],[106.69901,-6.287039],[106.698875,-6.28681],[106.698006,-6.286922],[106.698022,-6.28746],[106.698216,-6.287455],[106.698193,-6.287262],[106.698414,-6.287263],[106.698376,-6.288111],[106.69858,-6.288185],[106.6985,-6.288436],[106.698017,-6.288415],[106.698028,-6.288767],[106.698178,-6.288761],[106.698231,-6.288985],[106.697509,-6.289068],[106.697502,-6.288686],[106.69769,-6.288665],[106.697684,-6.287924],[106.697186,-6.287961],[106.697148,-6.288244],[106.696896,-6.288436],[106.696955,-6.289065],[106.696478,-6.289081],[106.696445,-6.288564],[106.696359,-6.288255],[106.69651,-6.288217],[106.696499,-6.288127],[106.696794,-6.288127],[106.696783,-6.287983],[106.696944,-6.28798],[106.696923,-6.287679],[106.696853,-6.28766],[106.696832,-6.287508],[106.696992,-6.287503],[106.697009,-6.287252],[106.697196,-6.287193],[106.697089,-6.286863],[106.696907,-6.286842],[106.696721,-6.286464],[106.69659,-6.28634],[106.696424,-6.286319],[106.696086,-6.28641],[106.695448,-6.286452],[106.69556,-6.28705],[106.694761,-6.287178],[106.694654,-6.286538],[106.694536,-6.286452],[106.694477,-6.286292],[106.693291,-6.286479],[106.693184,-6.285791],[106.693216,-6.285439],[106.693763,-6.285439],[106.693774,-6.285551],[106.694251,-6.285498],[106.694187,-6.285066],[106.694031,-6.285071],[106.694101,-6.284842],[106.694187,-6.28489],[106.694562,-6.284847],[106.694589,-6.284943],[106.694965,-6.284927],[106.694975,-6.284778],[106.695201,-6.28481],[106.695206,-6.285019],[106.695286,-6.28502],[106.695292,-6.285285],[106.695623,-6.285291],[106.695689,-6.285978],[106.69578,-6.285957],[106.695834,-6.286287],[106.696338,-6.286202],[106.69684,-6.28626],[106.696826,-6.286138],[106.697467,-6.286172],[106.697438,-6.285876],[106.697207,-6.285901],[106.697179,-6.285436],[106.697545,-6.285439],[106.697566,-6.284991],[106.697443,-6.284975],[106.697416,-6.284767],[106.697084,-6.284783],[106.696976,-6.284272],[106.697148,-6.284237],[106.697301,-6.284329],[106.697373,-6.284471],[106.69845,-6.28492],[106.698923,-6.284929],[106.698977,-6.28509],[106.699417,-6.285152],[106.699786,-6.28574],[106.700606,-6.28503]]]},"properties":{"layer_id":"legalitas","jenis":"legal","nama":"Permata Bintaro","sumber":"OSM (status: contoh)","atribut":{"status":"SHM","peruntukan":"Permukiman"}}},{"type":"Feature","geometry":{"type":"Polygon","coordinates":[[[106.714853,-6.448298],[106.716262,-6.449873],[106.718195,-6.44886],[106.717503,-6.448022],[106.717139,-6.448066],[106.717082,-6.44788],[106.716991,-6.447869],[106.71698,-6.447688],[106.717045,-6.447672],[106.716927,-6.447437],[106.71664,-6.447323],[106.716398,-6.447341],[106.71642,-6.447589],[106.716036,-6.447653],[106.715242,-6.447944],[106.714853,-6.448298]]]},"properties":{"layer_id":"legalitas","jenis":"legal","nama":"Ladera","sumber":"OSM (status: contoh)","atribut":{"status":"SHGB dalam proses","peruntukan":"Permukiman"}}},{"type":"Feature","geometry":{"type":"Polygon","coordinates":[[[106.716707,-6.450081],[106.718415,-6.449178],[106.718804,-6.449929],[106.719528,-6.450793],[106.719775,-6.45119],[106.718992,-6.4516],[106.719115,-6.451877],[106.718815,-6.451915],[106.718418,-6.451104],[106.717906,-6.451294],[106.717785,-6.451078],[106.717168,-6.450962],[106.716707,-6.450081]]]},"properties":{"layer_id":"legalitas","jenis":"legal","nama":"Cascada","sumber":"OSM (status: contoh)","atribut":{"status":"SHGB dalam proses","peruntukan":"Permukiman"}}},{"type":"Feature","geometry":{"type":"Polygon","coordinates":[[[106.75919,-6.400973],[106.759193,-6.400752],[106.759483,-6.400783],[106.760024,-6.400693],[106.760094,-6.400964],[106.759924,-6.400937],[106.759853,-6.400961],[106.759833,-6.401277],[106.759319,-6.401297],[106.759367,-6.400978],[106.75919,-6.400973]]]},"properties":{"layer_id":"legalitas","jenis":"legal","nama":"Taman Bumi Agung Residence","sumber":"OSM (status: contoh)","atribut":{"status":"Girik","peruntukan":"Permukiman"}}},{"type":"Feature","geometry":{"type":"Polygon","coordinates":[[[106.758139,-6.399756],[106.758587,-6.400501],[106.758603,-6.40062],[106.758219,-6.400543],[106.758026,-6.40038],[106.757938,-6.400151],[106.758015,-6.399903],[106.757982,-6.399824],[106.758139,-6.399756]]]},"properties":{"layer_id":"legalitas","jenis":"legal","nama":"Malaka Village","sumber":"OSM (status: contoh)","atribut":{"status":"Girik","peruntukan":"Permukiman"}}},{"type":"Feature","geometry":{"type":"Polygon","coordinates":[[[106.758603,-6.40062],[106.758587,-6.400501],[106.758809,-6.400388],[106.759263,-6.400385],[106.759273,-6.399978],[106.759035,-6.399978],[106.758968,-6.399778],[106.759249,-6.399279],[106.759518,-6.399293],[106.759569,-6.399079],[106.760167,-6.398429],[106.760049,-6.398317],[106.760314,-6.397858],[106.760722,-6.39784],[106.76081,-6.397288],[106.760609,-6.39724],[106.760625,-6.396643],[106.76014,-6.396558],[106.76,-6.39619],[106.759992,-6.395252],[106.759735,-6.395198],[106.759727,-6.394753],[106.760177,-6.394748],[106.760183,-6.394319],[106.759754,-6.394313],[106.759796,-6.392823],[106.759475,-6.392789],[106.759365,-6.392373],[106.760247,-6.392277],[106.76029,-6.392072],[106.760188,-6.392069],[106.760175,-6.391469],[106.760491,-6.391464],[106.760488,-6.39124],[106.760126,-6.391229],[106.759992,-6.390981],[106.759821,-6.390984],[106.759842,-6.390579],[106.760175,-6.390499],[106.760185,-6.389534],[106.759735,-6.389502],[106.7597,-6.388164],[106.758887,-6.388169],[106.758893,-6.388553],[106.758123,-6.388484],[106.758227,-6.388361],[106.758201,-6.388223],[106.757766,-6.388148],[106.757806,-6.387436],[106.757519,-6.387452],[106.757393,-6.387199],[106.757248,-6.387194],[106.757264,-6.38705],[106.757125,-6.38706],[106.756961,-6.387527],[106.756715,-6.387793],[106.756342,-6.38781],[106.756044,-6.388052],[106.755792,-6.388497],[106.755993,-6.389934],[106.75643,-6.389913],[106.756508,-6.390664],[106.755748,-6.390881],[106.755966,-6.391314],[106.756191,-6.392327],[106.756209,-6.392806],[106.756366,-6.393113],[106.756442,-6.393196],[106.757226,-6.393255],[106.757257,-6.393333],[106.756692,-6.393393],[106.756649,-6.393485],[106.755748,-6.393691],[106.755696,-6.393803],[106.755806,-6.394266],[106.755765,-6.39451],[106.755711,-6.394551],[106.755624,-6.394495],[106.755626,-6.394252],[106.755169,-6.394985],[106.754773,-6.394897],[106.75473,-6.395366],[106.754603,-6.395348],[106.75459,-6.395601],[106.754402,-6.395553],[106.754451,-6.396593],[106.755062,-6.396886],[106.755202,-6.397753],[106.755008,-6.399997],[106.754364,-6.399994],[106.753315,-6.400128],[106.752947,-6.40005],[106.75236,-6.400157],[106.752564,-6.400837],[106.752493,-6.401628],[106.752662,-6.402755],[106.752627,-6.402931],[106.752673,-6.403107],[106.7526,-6.403371],[106.752773,-6.403672],[106.752797,-6.403848],[106.752553,-6.40467],[106.75228,-6.405162],[106.752263,-6.405519],[106.752136,-6.405958],[106.751943,-6.405881],[106.751785,-6.406463],[106.751481,-6.40637],[106.75139,-6.406721],[106.752501,-6.407054],[106.752552,-6.406881],[106.752402,-6.406836],[106.752536,-6.406273],[106.752927,-6.406276],[106.753338,-6.406375],[106.753315,-6.406499],[106.753201,-6.406495],[106.753084,-6.407233],[106.753206,-6.407282],[106.75334,-6.406815],[106.75368,-6.406864],[106.753715,-6.406516],[106.753812,-6.406473],[106.753816,-6.406134],[106.75347,-6.406093],[106.753535,-6.405804],[106.754582,-6.405914],[106.75503,-6.405687],[106.754845,-6.404754],[106.754955,-6.404026],[106.755167,-6.404024],[106.755191,-6.40416],[106.75539,-6.404149],[106.755695,-6.403771],[106.755685,-6.403333],[106.756006,-6.403365],[106.756052,-6.403051],[106.756344,-6.403067],[106.756425,-6.402334],[106.755719,-6.402142],[106.755585,-6.40166],[106.755773,-6.401617],[106.755835,-6.401148],[106.7551,-6.401049],[106.755073,-6.400705],[106.755194,-6.400233],[106.755698,-6.400132],[106.755921,-6.39998],[106.756771,-6.399799],[106.75701,-6.399349],[106.75731,-6.399419],[106.757415,-6.399285],[106.757616,-6.399314],[106.757629,-6.399237],[106.757779,-6.399261],[106.757908,-6.399388],[106.757914,-6.39966],[106.758015,-6.399903],[106.757938,-6.400151],[106.758026,-6.40038],[106.758219,-6.400543],[106.758603,-6.40062]]]},"properties":{"layer_id":"legalitas","jenis":"legal","nama":"Telaga Golf","sumber":"OSM (status: contoh)","atribut":{"status":"SHM","peruntukan":"Permukiman"}}},{"type":"Feature","geometry":{"type":"Polygon","coordinates":[[[106.752954,-6.404469],[106.752736,-6.404117],[106.752773,-6.403672],[106.7526,-6.403371],[106.752673,-6.403107],[106.752627,-6.402931],[106.752662,-6.402755],[106.752493,-6.401628],[106.752564,-6.400837],[106.75236,-6.400157],[106.752947,-6.40005],[106.753315,-6.400128],[106.754364,-6.399994],[106.755008,-6.399997],[106.754892,-6.400279],[106.754802,-6.400231],[106.754544,-6.400206],[106.754683,-6.401457],[106.7547,-6.402374],[106.754814,-6.402461],[106.754935,-6.402463],[106.754695,-6.403211],[106.754462,-6.403557],[106.754193,-6.4038],[106.753912,-6.404002],[106.752954,-6.404469]]]},"properties":{"layer_id":"legalitas","jenis":"legal","nama":"Bali","sumber":"OSM (status: contoh)","atribut":{"status":"SHM","peruntukan":"Permukiman"}}},{"type":"Feature","geometry":{"type":"Polygon","coordinates":[[[106.754097,-6.405181],[106.753659,-6.404672],[106.754335,-6.40441],[106.754542,-6.404264],[106.754813,-6.403933],[106.754942,-6.403899],[106.755145,-6.403635],[106.7554,-6.403006],[106.755478,-6.402635],[106.75543,-6.401969],[106.75529,-6.401241],[106.755135,-6.401281],[106.7551,-6.401049],[106.755835,-6.401148],[106.755773,-6.401617],[106.755585,-6.40166],[106.755719,-6.402142],[106.756425,-6.402334],[106.756344,-6.403067],[106.756052,-6.403051],[106.756006,-6.403365],[106.755685,-6.403333],[106.755695,-6.403771],[106.75539,-6.404149],[106.755191,-6.40416],[106.755167,-6.404024],[106.754955,-6.404026],[106.754845,-6.404754],[106.754097,-6.405181]]]},"properties":{"layer_id":"legalitas","jenis":"legal","nama":"Miami","sumber":"OSM (status: contoh)","atribut":{"status":"HGB","peruntukan":"Permukiman"}}},{"type":"Feature","geometry":{"type":"Polygon","coordinates":[[[106.756382,-6.398482],[106.75658,-6.398712],[106.757854,-6.397755],[106.758321,-6.397045],[106.758407,-6.396731],[106.758278,-6.396728],[106.758396,-6.396179],[106.758391,-6.395907],[106.758329,-6.395433],[106.758117,-6.394774],[106.755776,-6.394791],[106.755762,-6.397539],[106.756382,-6.398482]]]},"properties":{"layer_id":"legalitas","jenis":"legal","nama":"Espanola","sumber":"OSM (status: contoh)","atribut":{"status":"SHGB dalam proses","peruntukan":"Permukiman"}}},{"type":"Feature","geometry":{"type":"Polygon","coordinates":[[[106.759107,-6.396294],[106.759083,-6.396595],[106.758925,-6.397075],[106.758504,-6.397901],[106.758252,-6.3982],[106.757809,-6.398549],[106.758809,-6.400388],[106.759263,-6.400385],[106.759273,-6.399978],[106.759035,-6.399978],[106.758968,-6.399778],[106.759249,-6.399279],[106.759518,-6.399293],[106.759569,-6.399079],[106.760167,-6.398429],[106.760049,-6.398317],[106.760314,-6.397858],[106.760722,-6.39784],[106.76081,-6.397288],[106.760609,-6.39724],[106.760625,-6.396643],[106.76014,-6.396558],[106.760083,-6.396409],[106.759107,-6.396294]]]},"properties":{"layer_id":"legalitas","jenis":"legal","nama":"Belanda","sumber":"OSM (status: contoh)","atribut":{"status":"HGB","peruntukan":"Permukiman"}}},{"type":"Feature","geometry":{"type":"Polygon","coordinates":[[[106.759035,-6.392813],[106.758852,-6.392799],[106.758831,-6.393492],[106.758514,-6.394231],[106.758791,-6.394679],[106.758954,-6.395182],[106.759072,-6.395622],[106.759107,-6.396294],[106.760083,-6.396409],[106.76,-6.39619],[106.759992,-6.395252],[106.759735,-6.395198],[106.759727,-6.394753],[106.760177,-6.394748],[106.760183,-6.394319],[106.759754,-6.394313],[106.759796,-6.392823],[106.759035,-6.392813]]]},"properties":{"layer_id":"legalitas","jenis":"legal","nama":"France","sumber":"OSM (status: contoh)","atribut":{"status":"SHM","peruntukan":"Permukiman"}}},{"type":"Feature","geometry":{"type":"Polygon","coordinates":[[[106.758823,-6.39273],[106.758187,-6.391013],[106.758157,-6.39079],[106.759833,-6.39074],[106.759821,-6.390984],[106.759992,-6.390981],[106.760126,-6.391229],[106.760488,-6.39124],[106.760491,-6.391464],[106.760175,-6.391469],[106.760188,-6.392069],[106.76029,-6.392072],[106.760247,-6.392277],[106.759365,-6.392373],[106.759459,-6.392729],[106.758823,-6.39273]]]},"properties":{"layer_id":"legalitas","jenis":"legal","nama":"Great Britain","sumber":"OSM (status: contoh)","atribut":{"status":"Girik","peruntukan":"Permukiman"}}},{"type":"Feature","geometry":{"type":"Polygon","coordinates":[[[106.758157,-6.39079],[106.758133,-6.390155],[106.758568,-6.389926],[106.758724,-6.389705],[106.75878,-6.388948],[106.75823,-6.388969],[106.758123,-6.388484],[106.758893,-6.388553],[106.758887,-6.388169],[106.7597,-6.388164],[106.759735,-6.389502],[106.760185,-6.389534],[106.760175,-6.390499],[106.759842,-6.390579],[106.759833,-6.39074],[106.758157,-6.39079]]]},"properties":{"layer_id":"legalitas","jenis":"legal","nama":"Scotland","sumber":"OSM (status: contoh)","atribut":{"status":"HGB","peruntukan":"Permukiman"}}},{"type":"Feature","geometry":{"type":"Polygon","coordinates":[[[106.757854,-6.386805],[106.757849,-6.386583],[106.758431,-6.386562],[106.758431,-6.386357],[106.758678,-6.386333],[106.758756,-6.386285],[106.759217,-6.386735],[106.757854,-6.386805]]]},"properties":{"layer_id":"legalitas","jenis":"legal","nama":"Griya Artani","sumber":"OSM (status: contoh)","atribut":{"status":"HGB","peruntukan":"Permukiman"}}},{"type":"Feature","geometry":{"type":"Polygon","coordinates":[[[106.758638,-6.387671],[106.758646,-6.386946],[106.757868,-6.386989],[106.757895,-6.387684],[106.758638,-6.387671]]]},"properties":{"layer_id":"legalitas","jenis":"legal","nama":"Telaga Jambu 2","sumber":"OSM (status: contoh)","atribut":{"status":"HGB","peruntukan":"Permukiman"}}},{"type":"Feature","geometry":{"type":"Polygon","coordinates":[[[106.759725,-6.388654],[106.760775,-6.388633],[106.760775,-6.388431],[106.760102,-6.388444],[106.760102,-6.388228],[106.759704,-6.388247],[106.759725,-6.388654]]]},"properties":{"layer_id":"legalitas","jenis":"legal","nama":"Graha Mutiara 2","sumber":"OSM (status: contoh)","atribut":{"status":"SHGB dalam proses","peruntukan":"Permukiman"}}},{"type":"Feature","geometry":{"type":"Polygon","coordinates":[[[106.759273,-6.399978],[106.759445,-6.39994],[106.759518,-6.399293],[106.759249,-6.399279],[106.758968,-6.399778],[106.759035,-6.399978],[106.759273,-6.399978]]]},"properties":{"layer_id":"legalitas","jenis":"legal","nama":"Puri Maharsi Sawangan","sumber":"OSM (status: contoh)","atribut":{"status":"HGB","peruntukan":"Permukiman"}}},{"type":"Feature","geometry":{"type":"Polygon","coordinates":[[[106.760151,-6.39814],[106.760784,-6.398434],[106.760955,-6.398122],[106.760794,-6.398072],[106.760826,-6.397869],[106.760314,-6.397858],[106.760151,-6.39814]]]},"properties":{"layer_id":"legalitas","jenis":"legal","nama":"Permata Sawangan Residence","sumber":"OSM (status: contoh)","atribut":{"status":"HGB","peruntukan":"Permukiman"}}},{"type":"Feature","geometry":{"type":"Polygon","coordinates":[[[106.754161,-6.40718],[106.754166,-6.407052],[106.754046,-6.407033],[106.754113,-6.406273],[106.754537,-6.406321],[106.754443,-6.40722],[106.754161,-6.40718]]]},"properties":{"layer_id":"legalitas","jenis":"legal","nama":"De Lisdin","sumber":"OSM (status: contoh)","atribut":{"status":"HGB","peruntukan":"Permukiman"}}},{"type":"Feature","geometry":{"type":"Polygon","coordinates":[[[106.754893,-6.407555],[106.754939,-6.407369],[106.755127,-6.407137],[106.755113,-6.406633],[106.754885,-6.406276],[106.754818,-6.405866],[106.755668,-6.405866],[106.755661,-6.405994],[106.755918,-6.406002],[106.755856,-6.406255],[106.75591,-6.406271],[106.755752,-6.406793],[106.75543,-6.406815],[106.755408,-6.407268],[106.755314,-6.407262],[106.755309,-6.40734],[106.755089,-6.407348],[106.755081,-6.407558],[106.754893,-6.407555]]]},"properties":{"layer_id":"legalitas","jenis":"legal","nama":"Alunara Residence","sumber":"OSM (status: contoh)","atribut":{"status":"HGB","peruntukan":"Permukiman"}}},{"type":"Feature","geometry":{"type":"Polygon","coordinates":[[[106.743631,-6.41379],[106.743617,-6.413478],[106.743253,-6.41335],[106.743185,-6.413633],[106.743631,-6.41379]]]},"properties":{"layer_id":"legalitas","jenis":"legal","nama":"Taman Duren Mekar","sumber":"OSM (status: contoh)","atribut":{"status":"HGB","peruntukan":"Permukiman"}}},{"type":"Feature","geometry":{"type":"Polygon","coordinates":[[[106.743076,-6.41324],[106.743625,-6.41343],[106.743595,-6.413144],[106.743188,-6.413009],[106.743151,-6.413037],[106.743076,-6.41324]]]},"properties":{"layer_id":"legalitas","jenis":"legal","nama":"Mulqi Mansion 9","sumber":"OSM (status: contoh)","atribut":{"status":"HGB","peruntukan":"Permukiman"}}},{"type":"Feature","geometry":{"type":"Polygon","coordinates":[[[106.744934,-6.410369],[106.744962,-6.409865],[106.744509,-6.409812],[106.744134,-6.410245],[106.744934,-6.410369]]]},"properties":{"layer_id":"legalitas","jenis":"legal","nama":"Pertiwi Green","sumber":"OSM (status: contoh)","atribut":{"status":"SHGB dalam proses","peruntukan":"Permukiman"}}},{"type":"Feature","geometry":{"type":"Polygon","coordinates":[[[106.752084,-6.414703],[106.752318,-6.414675],[106.752289,-6.414502],[106.7522,-6.414494],[106.75216,-6.41431],[106.751909,-6.414347],[106.751923,-6.414644],[106.752084,-6.414703]]]},"properties":{"layer_id":"legalitas","jenis":"legal","nama":"Magenta Residence","sumber":"OSM (status: contoh)","atribut":{"status":"SHM","peruntukan":"Permukiman"}}},{"type":"Feature","geometry":{"type":"Polygon","coordinates":[[[106.751101,-6.415171],[106.751026,-6.414776],[106.751609,-6.414718],[106.751655,-6.415044],[106.751101,-6.415171]]]},"properties":{"layer_id":"legalitas","jenis":"legal","nama":"Kavling Sakura","sumber":"OSM (status: contoh)","atribut":{"status":"SHGB dalam proses","peruntukan":"Permukiman"}}},{"type":"Feature","geometry":{"type":"Polygon","coordinates":[[[106.751527,-6.412452],[106.751602,-6.412857],[106.751039,-6.412849],[106.75106,-6.413169],[106.750929,-6.413188],[106.75102,-6.413433],[106.750924,-6.413555],[106.751066,-6.413734],[106.751246,-6.413657],[106.75126,-6.413967],[106.751374,-6.413963],[106.75136,-6.414206],[106.751857,-6.414174],[106.751974,-6.414254],[106.752289,-6.414315],[106.75219,-6.413726],[106.752088,-6.413726],[106.752074,-6.413286],[106.752329,-6.413294],[106.752297,-6.412689],[106.751656,-6.412649],[106.751616,-6.412447],[106.751527,-6.412452]]]},"properties":{"layer_id":"legalitas","jenis":"legal","nama":"Taman Sawangan Residence","sumber":"OSM (status: contoh)","atribut":{"status":"HGB","peruntukan":"Permukiman"}}},{"type":"Feature","geometry":{"type":"Polygon","coordinates":[[[106.749053,-6.407236],[106.749188,-6.406865],[106.749314,-6.406772],[106.749403,-6.406556],[106.748156,-6.406071],[106.748054,-6.406684],[106.748094,-6.406793],[106.749053,-6.407236]]]},"properties":{"layer_id":"legalitas","jenis":"legal","nama":"Medina","sumber":"OSM (status: contoh)","atribut":{"status":"SHM","peruntukan":"Permukiman"}}},{"type":"Feature","geometry":{"type":"Polygon","coordinates":[[[106.747418,-6.412063],[106.748282,-6.412207],[106.748223,-6.41242],[106.748107,-6.412535],[106.748242,-6.412817],[106.748421,-6.41275],[106.748786,-6.413534],[106.748577,-6.413638],[106.748349,-6.413299],[106.748048,-6.413363],[106.748083,-6.41351],[106.747737,-6.413489],[106.747748,-6.413369],[106.747501,-6.413316],[106.747603,-6.412719],[106.747536,-6.412713],[106.747582,-6.412481],[106.747332,-6.412417],[106.747418,-6.412063]]]},"properties":{"layer_id":"legalitas","jenis":"legal","nama":"Raudhah","sumber":"OSM (status: contoh)","atribut":{"status":"SHM","peruntukan":"Permukiman"}}},{"type":"Feature","geometry":{"type":"Polygon","coordinates":[[[106.748991,-6.419002],[106.74873,-6.418724],[106.748081,-6.41863],[106.747764,-6.419531],[106.748113,-6.419654],[106.748333,-6.419662],[106.748376,-6.419521],[106.748816,-6.419614],[106.748991,-6.419002]]]},"properties":{"layer_id":"legalitas","jenis":"legal","nama":"Tanbassa Depok Residence","sumber":"OSM (status: contoh)","atribut":{"status":"SHM","peruntukan":"Permukiman"}}},{"type":"Feature","geometry":{"type":"Polygon","coordinates":[[[106.750276,-6.415121],[106.75039,-6.415656],[106.750664,-6.415608],[106.750779,-6.415477],[106.751157,-6.415429],[106.751101,-6.415171],[106.751655,-6.415044],[106.751802,-6.415419],[106.751986,-6.415615],[106.752761,-6.416054],[106.753724,-6.416175],[106.753681,-6.416346],[106.753847,-6.416426],[106.753743,-6.416578],[106.753437,-6.416479],[106.753407,-6.416594],[106.752874,-6.416394],[106.752761,-6.416288],[106.752557,-6.416261],[106.752573,-6.416522],[106.752302,-6.417067],[106.751565,-6.41687],[106.751616,-6.416317],[106.751734,-6.416325],[106.751742,-6.416213],[106.751414,-6.416136],[106.751208,-6.415618],[106.750948,-6.415592],[106.750798,-6.415658],[106.750551,-6.415973],[106.75032,-6.415986],[106.750336,-6.416498],[106.750167,-6.417207],[106.749931,-6.417849],[106.750315,-6.418065],[106.750095,-6.418382],[106.750122,-6.418516],[106.749929,-6.418657],[106.74987,-6.418598],[106.749977,-6.418409],[106.749854,-6.418327],[106.749403,-6.418476],[106.749266,-6.418665],[106.749175,-6.419065],[106.748991,-6.419002],[106.74873,-6.418724],[106.74734,-6.418529],[106.746766,-6.418345],[106.746745,-6.418286],[106.746796,-6.417807],[106.747904,-6.416887],[106.747928,-6.416802],[106.747641,-6.416719],[106.748038,-6.416229],[106.748349,-6.41633],[106.748614,-6.415629],[106.748872,-6.415288],[106.748968,-6.415232],[106.749196,-6.415432],[106.749634,-6.415251],[106.750276,-6.415121]]]},"properties":{"layer_id":"legalitas","jenis":"legal","nama":"Taman Melati Sawangan","sumber":"OSM (status: contoh)","atribut":{"status":"SHGB dalam proses","peruntukan":"Permukiman"}}},{"type":"Feature","geometry":{"type":"Polygon","coordinates":[[[106.74743,-6.415387],[106.747802,-6.414672],[106.748523,-6.413966],[106.748263,-6.413579],[106.748212,-6.413329],[106.748048,-6.413363],[106.748083,-6.41351],[106.747737,-6.413489],[106.747743,-6.413899],[106.747815,-6.414003],[106.747354,-6.414408],[106.747335,-6.414917],[106.747059,-6.415408],[106.746769,-6.415344],[106.746772,-6.415261],[106.746222,-6.415339],[106.746088,-6.415613],[106.746624,-6.415786],[106.746965,-6.415682],[106.746965,-6.416056],[106.746812,-6.416391],[106.746404,-6.416829],[106.746404,-6.417018],[106.746289,-6.417045],[106.746305,-6.417106],[106.745916,-6.417196],[106.745436,-6.41721],[106.745476,-6.417841],[106.746021,-6.417815],[106.746069,-6.418257],[106.7459,-6.418273],[106.745888,-6.418452],[106.745673,-6.418723],[106.745803,-6.418817],[106.745937,-6.418708],[106.746308,-6.418622],[106.746447,-6.418665],[106.746493,-6.418766],[106.746434,-6.418865],[106.746657,-6.418942],[106.746796,-6.417807],[106.747904,-6.416887],[106.747928,-6.416802],[106.747279,-6.41665],[106.74715,-6.416541],[106.74743,-6.415387]]]},"properties":{"layer_id":"legalitas","jenis":"legal","nama":"Taman Melati Indah","sumber":"OSM (status: contoh)","atribut":{"status":"SHGB dalam proses","peruntukan":"Permukiman"}}},{"type":"Feature","geometry":{"type":"Polygon","coordinates":[[[106.74748,-6.40698],[106.747149,-6.406862],[106.747064,-6.407097],[106.747395,-6.407215],[106.74748,-6.40698]]]},"properties":{"layer_id":"legalitas","jenis":"legal","nama":"Casavilla","sumber":"OSM (status: contoh)","atribut":{"status":"HGB","peruntukan":"Permukiman"}}},{"type":"Feature","geometry":{"type":"Polygon","coordinates":[[[106.74678,-6.411594],[106.746517,-6.411908],[106.746047,-6.411804],[106.745819,-6.411847],[106.745806,-6.412073],[106.745554,-6.412116],[106.745221,-6.412028],[106.74506,-6.412073],[106.744827,-6.411924],[106.744905,-6.411026],[106.745127,-6.411037],[106.745334,-6.41085],[106.745685,-6.410751],[106.745801,-6.410378],[106.746147,-6.410512],[106.746061,-6.410781],[106.746235,-6.410933],[106.747002,-6.411127],[106.74678,-6.411594]]]},"properties":{"layer_id":"legalitas","jenis":"legal","nama":"Munawarah","sumber":"OSM (status: contoh)","atribut":{"status":"SHM","peruntukan":"Permukiman"}}},{"type":"Feature","geometry":{"type":"Polygon","coordinates":[[[106.74936,-6.409885],[106.748947,-6.407609],[106.748665,-6.407657],[106.748687,-6.407785],[106.748015,-6.407894],[106.748124,-6.408659],[106.747721,-6.408707],[106.747925,-6.409789],[106.747753,-6.409827],[106.747694,-6.410138],[106.747933,-6.410615],[106.748912,-6.410695],[106.749156,-6.410591],[106.74936,-6.409885]]]},"properties":{"layer_id":"legalitas","jenis":"legal","nama":"Mina","sumber":"OSM (status: contoh)","atribut":{"status":"HGB","peruntukan":"Permukiman"}}},{"type":"Feature","geometry":{"type":"Polygon","coordinates":[[[106.749542,-6.407665],[106.749878,-6.407611],[106.750017,-6.407726],[106.750191,-6.407707],[106.750401,-6.407838],[106.750782,-6.408243],[106.750897,-6.408259],[106.751036,-6.408187],[106.75164,-6.409349],[106.751661,-6.409573],[106.752061,-6.410154],[106.751688,-6.410253],[106.751398,-6.410757],[106.751267,-6.410727],[106.751122,-6.410549],[106.750859,-6.410567],[106.750795,-6.410514],[106.750739,-6.41037],[106.750736,-6.409856],[106.750672,-6.409749],[106.75013,-6.409664],[106.749947,-6.40971],[106.749542,-6.407665]]]},"properties":{"layer_id":"legalitas","jenis":"legal","nama":"Arafah","sumber":"OSM (status: contoh)","atribut":{"status":"SHM","peruntukan":"Permukiman"}}},{"type":"Feature","geometry":{"type":"Polygon","coordinates":[[[106.746265,-6.412694],[106.746324,-6.413401],[106.746246,-6.413771],[106.746517,-6.413846],[106.746466,-6.414062],[106.746683,-6.414086],[106.7466,-6.414416],[106.746428,-6.414379],[106.746353,-6.414608],[106.74642,-6.414848],[106.746361,-6.414848],[106.746278,-6.415075],[106.746356,-6.415091],[106.74616,-6.415261],[106.745889,-6.415149],[106.745557,-6.415712],[106.745141,-6.4156],[106.744854,-6.416133],[106.744543,-6.415954],[106.744403,-6.416338],[106.744205,-6.416525],[106.743979,-6.416375],[106.744221,-6.415768],[106.74399,-6.415786],[106.743743,-6.415914],[106.743735,-6.415563],[106.743797,-6.415403],[106.744017,-6.415331],[106.744092,-6.415069],[106.744207,-6.414917],[106.744435,-6.414923],[106.744792,-6.415051],[106.744967,-6.414768],[106.745042,-6.414424],[106.745372,-6.414518],[106.745602,-6.414075],[106.745768,-6.414112],[106.745903,-6.413918],[106.745693,-6.413742],[106.745983,-6.413497],[106.746037,-6.413308],[106.745983,-6.413214],[106.745819,-6.413153],[106.745382,-6.413201],[106.745363,-6.413084],[106.744865,-6.413078],[106.744854,-6.412801],[106.744948,-6.412764],[106.744999,-6.412572],[106.745356,-6.412372],[106.745554,-6.412116],[106.745806,-6.412073],[106.745819,-6.411847],[106.746047,-6.411804],[106.746517,-6.411908],[106.745999,-6.412351],[106.746222,-6.412495],[106.746265,-6.412694]]]},"properties":{"layer_id":"legalitas","jenis":"legal","nama":"New Melati Hills","sumber":"OSM (status: contoh)","atribut":{"status":"Girik","peruntukan":"Permukiman"}}},{"type":"Feature","geometry":{"type":"Polygon","coordinates":[[[106.797683,-6.530479],[106.79834,-6.530486],[106.798335,-6.529628],[106.798481,-6.529307],[106.798506,-6.529018],[106.796864,-6.529166],[106.796804,-6.529167],[106.796823,-6.530084],[106.796687,-6.530116],[106.796656,-6.530624],[106.797683,-6.530479]]]},"properties":{"layer_id":"legalitas","jenis":"legal","nama":"Permata Bogor Residence 2","sumber":"OSM (status: contoh)","atribut":{"status":"HGB","peruntukan":"Permukiman"}}},{"type":"Feature","geometry":{"type":"Polygon","coordinates":[[[106.797686,-6.530958],[106.798383,-6.530967],[106.798404,-6.531734],[106.798335,-6.531733],[106.798343,-6.531845],[106.797733,-6.531899],[106.797621,-6.531795],[106.797383,-6.53179],[106.797285,-6.531038],[106.7976,-6.530974],[106.797624,-6.531088],[106.797683,-6.531073],[106.797686,-6.530958]]]},"properties":{"layer_id":"legalitas","jenis":"legal","nama":"Permata Bogor Residence 2","sumber":"OSM (status: contoh)","atribut":{"status":"HGB","peruntukan":"Permukiman"}}},{"type":"Feature","geometry":{"type":"Polygon","coordinates":[[[106.789265,-6.498578],[106.789071,-6.498484],[106.788911,-6.498505],[106.788738,-6.498277],[106.78878,-6.498216],[106.7889,-6.498232],[106.788975,-6.497681],[106.788884,-6.497621],[106.78892,-6.497482],[106.789085,-6.497511],[106.789187,-6.497161],[106.789003,-6.497081],[106.789103,-6.496671],[106.789311,-6.496585],[106.78994,-6.496764],[106.789559,-6.498315],[106.789265,-6.498578]]]},"properties":{"layer_id":"legalitas","jenis":"legal","nama":"Perum. Perintis Waringin Regency","sumber":"OSM (status: contoh)","atribut":{"status":"SHGB dalam proses","peruntukan":"Permukiman"}}},{"type":"Feature","geometry":{"type":"Polygon","coordinates":[[[106.745131,-6.27695],[106.74514,-6.277411],[106.744238,-6.277415],[106.744246,-6.277982],[106.744354,-6.277998],[106.744402,-6.278358],[106.744616,-6.27836],[106.744739,-6.279071],[106.745231,-6.279042],[106.745255,-6.278121],[106.745402,-6.278173],[106.745629,-6.278052],[106.745872,-6.278083],[106.745822,-6.279756],[106.745541,-6.279771],[106.745559,-6.280161],[106.745852,-6.280134],[106.745872,-6.280284],[106.745956,-6.280278],[106.746046,-6.281067],[106.745853,-6.281426],[106.745936,-6.281962],[106.745345,-6.282048],[106.745398,-6.282832],[106.745106,-6.282877],[106.745011,-6.28233],[106.744937,-6.282216],[106.744868,-6.281573],[106.744917,-6.280818],[106.74472,-6.279435],[106.743994,-6.27951],[106.743686,-6.278778],[106.743079,-6.278916],[106.742826,-6.278304],[106.743539,-6.277744],[106.743582,-6.277802],[106.743835,-6.27752],[106.744556,-6.276936],[106.745131,-6.27695]]]},"properties":{"layer_id":"legalitas","jenis":"legal","nama":"Komplek DPR RI","sumber":"OSM (status: contoh)","atribut":{"status":"SHGB dalam proses","peruntukan":"Permukiman"}}},{"type":"Feature","geometry":{"type":"Polygon","coordinates":[[[106.75314,-6.278393],[106.753903,-6.278377],[106.75394,-6.278763],[106.753575,-6.278797],[106.753631,-6.279335],[106.75355,-6.280422],[106.753327,-6.280422],[106.753307,-6.279662],[106.753217,-6.279637],[106.75314,-6.278393]]]},"properties":{"layer_id":"legalitas","jenis":"legal","nama":"Nuri","sumber":"OSM (status: contoh)","atribut":{"status":"SHM","peruntukan":"Permukiman"}}},{"type":"Feature","geometry":{"type":"Polygon","coordinates":[[[106.752012,-6.278459],[106.752995,-6.278414],[106.753077,-6.279604],[106.753172,-6.27971],[106.753195,-6.279956],[106.753115,-6.279968],[106.753101,-6.280472],[106.75266,-6.280473],[106.752668,-6.28063],[106.752727,-6.280632],[106.75277,-6.281136],[106.752056,-6.281173],[106.752012,-6.278459]]]},"properties":{"layer_id":"legalitas","jenis":"legal","nama":"Parkit","sumber":"OSM (status: contoh)","atribut":{"status":"HGB","peruntukan":"Permukiman"}}},{"type":"Feature","geometry":{"type":"Polygon","coordinates":[[[106.752056,-6.281173],[106.752069,-6.281335],[106.752053,-6.281391],[106.751971,-6.281371],[106.751893,-6.281853],[106.752076,-6.282086],[106.752879,-6.282041],[106.752947,-6.281827],[106.753034,-6.281434],[106.753133,-6.281439],[106.753184,-6.281068],[106.752754,-6.280996],[106.75277,-6.281136],[106.752056,-6.281173]]]},"properties":{"layer_id":"legalitas","jenis":"legal","nama":"Tekukur","sumber":"OSM (status: contoh)","atribut":{"status":"SHM","peruntukan":"Permukiman"}}},{"type":"Feature","geometry":{"type":"Polygon","coordinates":[[[106.748894,-6.279885],[106.749274,-6.279881],[106.749279,-6.279661],[106.751753,-6.279584],[106.751786,-6.28123],[106.750185,-6.28077],[106.749401,-6.280734],[106.749152,-6.280814],[106.748775,-6.280758],[106.748894,-6.279885]]]},"properties":{"layer_id":"legalitas","jenis":"legal","nama":"Kutilang","sumber":"OSM (status: contoh)","atribut":{"status":"SHGB dalam proses","peruntukan":"Permukiman"}}},{"type":"Feature","geometry":{"type":"Polygon","coordinates":[[[106.749152,-6.280814],[106.749401,-6.280734],[106.750185,-6.28077],[106.751786,-6.28123],[106.751641,-6.282035],[106.751164,-6.281926],[106.75081,-6.282936],[106.750708,-6.282896],[106.750622,-6.28316],[106.750732,-6.283198],[106.750689,-6.283368],[106.751276,-6.283478],[106.751126,-6.283886],[106.750338,-6.283504],[106.750067,-6.283054],[106.749989,-6.283019],[106.750066,-6.282286],[106.74994,-6.282277],[106.74995,-6.282127],[106.750022,-6.282125],[106.750028,-6.282034],[106.749775,-6.282003],[106.7499,-6.281707],[106.749976,-6.281726],[106.750019,-6.281506],[106.749589,-6.28139],[106.749237,-6.281383],[106.749231,-6.280992],[106.749145,-6.280973],[106.749152,-6.280814]]]},"properties":{"layer_id":"legalitas","jenis":"legal","nama":"Punai","sumber":"OSM (status: contoh)","atribut":{"status":"Girik","peruntukan":"Permukiman"}}},{"type":"Feature","geometry":{"type":"Polygon","coordinates":[[[106.800409,-6.308586],[106.800411,-6.309396],[106.80094,-6.309371],[106.800924,-6.30882],[106.800536,-6.308703],[106.800409,-6.308586]]]},"properties":{"layer_id":"legalitas","jenis":"legal","nama":"Harewood House","sumber":"OSM (status: contoh)","atribut":{"status":"SHM","peruntukan":"Permukiman"}}},{"type":"Feature","geometry":{"type":"Polygon","coordinates":[[[106.786309,-6.308144],[106.785969,-6.308194],[106.785964,-6.308518],[106.78543,-6.30856],[106.785426,-6.308781],[106.785752,-6.308779],[106.78576,-6.308833],[106.786092,-6.30882],[106.786092,-6.308861],[106.786437,-6.308786],[106.786391,-6.308701],[106.786518,-6.308458],[106.78631,-6.308409],[106.786309,-6.308144]]]},"properties":{"layer_id":"legalitas","jenis":"legal","nama":"Rumah Bagya","sumber":"OSM (status: contoh)","atribut":{"status":"SHM","peruntukan":"Permukiman"}}},{"type":"Feature","geometry":{"type":"Polygon","coordinates":[[[106.707493,-6.324632],[106.70751,-6.324294],[106.707696,-6.324332],[106.707696,-6.324514],[106.707717,-6.324663],[106.707493,-6.324632]]]},"properties":{"layer_id":"legalitas","jenis":"legal","nama":"Vistaloka Residence","sumber":"OSM (status: contoh)","atribut":{"status":"HGB","peruntukan":"Permukiman"}}},{"type":"Feature","geometry":{"type":"Polygon","coordinates":[[[106.708965,-6.334866],[106.708871,-6.334272],[106.708592,-6.334344],[106.708557,-6.334129],[106.708743,-6.334105],[106.708688,-6.333858],[106.709245,-6.333805],[106.709267,-6.334067],[106.709143,-6.33408],[106.70919,-6.334843],[106.708965,-6.334866]]]},"properties":{"layer_id":"legalitas","jenis":"legal","nama":"Terrace Garden Premier","sumber":"OSM (status: contoh)","atribut":{"status":"Girik","peruntukan":"Permukiman"}}},{"type":"Feature","geometry":{"type":"Polygon","coordinates":[[[106.708506,-6.330873],[106.708037,-6.331118],[106.708149,-6.331312],[106.708319,-6.331227],[106.708638,-6.331112],[106.708506,-6.330873]]]},"properties":{"layer_id":"legalitas","jenis":"legal","nama":"Kayu Manis Parkview","sumber":"OSM (status: contoh)","atribut":{"status":"Girik","peruntukan":"Permukiman"}}},{"type":"Feature","geometry":{"type":"Polygon","coordinates":[[[106.707362,-6.324658],[106.707721,-6.324698],[106.70773,-6.325073],[106.707707,-6.325141],[106.707363,-6.325185],[106.707362,-6.324658]]]},"properties":{"layer_id":"legalitas","jenis":"legal","nama":"Mentari","sumber":"OSM (status: contoh)","atribut":{"status":"SHM","peruntukan":"Permukiman"}}},{"type":"Feature","geometry":{"type":"Polygon","coordinates":[[[106.706641,-6.328558],[106.706702,-6.329133],[106.706773,-6.329275],[106.707281,-6.329184],[106.707153,-6.328355],[106.706844,-6.328387],[106.706641,-6.328558]]]},"properties":{"layer_id":"legalitas","jenis":"legal","nama":"Palm Residence 2","sumber":"OSM (status: contoh)","atribut":{"status":"SHGB dalam proses","peruntukan":"Permukiman"}}}]}