{"type":"FeatureCollection","features":[{"type":"Feature","geometry":{"type":"LineString","coordinates":[[106.814785,-6.137631],[106.816062,-6.137257],[106.816637,-6.137015]]},"properties":{"layer_id":"mobilitas","jenis":"krl","nama":"KRL lintas lain","sumber":"OSM","atribut":{"lin":"lain"}}},{"type":"Feature","geometry":{"type":"LineString","coordinates":[[106.840432,-6.197419],[106.834399,-6.18937],[106.833586,-6.188245],[106.833254,-6.18767],[106.832925,-6.18692]]},"properties":{"layer_id":"mobilitas","jenis":"krl","nama":"KRL Lin Bogor","sumber":"OSM","atribut":{"lin":"bogor"}}},{"type":"Feature","geometry":{"type":"LineString","coordinates":[[106.83072,-6.132061],[106.83133,-6.131823]]},"properties":{"layer_id":"mobilitas","jenis":"krl","nama":"KRL lintas lain","sumber":"OSM","atribut":{"lin":"lain"}}},{"type":"Feature","geometry":{"type":"LineString","coordinates":[[106.829138,-6.132675],[106.83072,-6.132061]]},"properties":{"layer_id":"mobilitas","jenis":"krl","nama":"KRL lintas lain","sumber":"OSM","atribut":{"lin":"lain"}}},{"type":"Feature","geometry":{"type":"LineString","coordinates":[[106.816509,-6.461543],[106.825118,-6.460603],[106.825644,-6.460569],[106.826416,-6.460593],[106.827011,-6.460652],[106.827519,-6.460745],[106.845896,-6.464871],[106.846596,-6.464948],[106.847088,-6.46495],[106.847478,-6.464912],[106.854407,-6.463807],[106.855209,-6.463743],[106.855648,-6.463753],[106.857759,-6.463926],[106.859073,-6.464074],[106.867847,-6.465712],[106.873361,-6.466663]]},"properties":{"layer_id":"mobilitas","jenis":"krl","nama":"KRL Lin Bogor","sumber":"OSM","atribut":{"lin":"bogor"}}},{"type":"Feature","geometry":{"type":"LineString","coordinates":[[106.814854,-6.137855],[106.815921,-6.137539],[106.816646,-6.137223]]},"properties":{"layer_id":"mobilitas","jenis":"krl","nama":"KRL Lin Bogor","sumber":"OSM","atribut":{"lin":"bogor"}}},{"type":"Feature","geometry":{"type":"LineString","coordinates":[[106.814832,-6.137784],[106.816309,-6.137332],[106.816634,-6.137191]]},"properties":{"layer_id":"mobilitas","jenis":"krl","nama":"KRL Lin Bogor","sumber":"OSM","atribut":{"lin":"bogor"}}},{"type":"Feature","geometry":{"type":"LineString","coordinates":[[106.667681,-6.320184],[106.668411,-6.320179],[106.668899,-6.320122],[106.669494,-6.319937],[106.669858,-6.319769],[106.670156,-6.319585],[106.670454,-6.319352],[106.670702,-6.319102],[106.671492,-6.317963]]},"properties":{"layer_id":"mobilitas","jenis":"krl","nama":"KRL Lin Rangkas","sumber":"OSM","atribut":{"lin":"rangkas"}}},{"type":"Feature","geometry":{"type":"LineString","coordinates":[[106.880801,-6.468273],[106.881581,-6.468581]]},"properties":{"layer_id":"mobilitas","jenis":"krl","nama":"KRL Lin Bogor","sumber":"OSM","atribut":{"lin":"bogor"}}},{"type":"Feature","geometry":{"type":"LineString","coordinates":[[106.881581,-6.468581],[106.88403,-6.469527],[106.885369,-6.470101],[106.891626,-6.473436],[106.892479,-6.473837],[106.893496,-6.474001],[106.894184,-6.474021],[106.894721,-6.473977],[106.895239,-6.47387],[106.895736,-6.473712],[106.896273,-6.473464],[106.896727,-6.473201],[106.897282,-6.472772],[106.897769,-6.472295]]},"properties":{"layer_id":"mobilitas","jenis":"krl","nama":"KRL Lin Bogor","sumber":"OSM","atribut":{"lin":"bogor"}}},{"type":"Feature","geometry":{"type":"LineString","coordinates":[[106.40412,-6.335676],[106.404765,-6.335936]]},"properties":{"layer_id":"mobilitas","jenis":"krl","nama":"KRL Lin Rangkas","sumber":"OSM","atribut":{"lin":"rangkas"}}},{"type":"Feature","geometry":{"type":"LineString","coordinates":[[106.750256,-6.271973],[106.750473,-6.271744]]},"properties":{"layer_id":"mobilitas","jenis":"krl","nama":"KRL Lin Rangkas","sumber":"OSM","atribut":{"lin":"rangkas"}}},{"type":"Feature","geometry":{"type":"LineString","coordinates":[[106.731279,-6.287114],[106.735496,-6.28412],[106.742212,-6.27873]]},"properties":{"layer_id":"mobilitas","jenis":"krl","nama":"KRL Lin Rangkas","sumber":"OSM","atribut":{"lin":"rangkas"}}},{"type":"Feature","geometry":{"type":"LineString","coordinates":[[106.731107,-6.287233],[106.731279,-6.287114]]},"properties":{"layer_id":"mobilitas","jenis":"krl","nama":"KRL Lin Rangkas","sumber":"OSM","atribut":{"lin":"rangkas"}}},{"type":"Feature","geometry":{"type":"LineString","coordinates":[[106.671492,-6.317963],[106.67185,-6.317546]]},"properties":{"layer_id":"mobilitas","jenis":"krl","nama":"KRL Lin Rangkas","sumber":"OSM","atribut":{"lin":"rangkas"}}},{"type":"Feature","geometry":{"type":"LineString","coordinates":[[106.41254,-6.33565],[106.418589,-6.334837],[106.419579,-6.33465],[106.420623,-6.334351],[106.431765,-6.329811]]},"properties":{"layer_id":"mobilitas","jenis":"krl","nama":"KRL Lin Rangkas","sumber":"OSM","atribut":{"lin":"rangkas"}}},{"type":"Feature","geometry":{"type":"LineString","coordinates":[[106.681023,-6.311625],[106.681272,-6.311495]]},"properties":{"layer_id":"mobilitas","jenis":"krl","nama":"KRL Lin Rangkas","sumber":"OSM","atribut":{"lin":"rangkas"}}},{"type":"Feature","geometry":{"type":"LineString","coordinates":[[106.78395,-6.234031],[106.789704,-6.224323],[106.790178,-6.223308],[106.792486,-6.217805],[106.793125,-6.216753],[106.79388,-6.215811],[106.794172,-6.215501],[106.79523,-6.214551],[106.795582,-6.214192]]},"properties":{"layer_id":"mobilitas","jenis":"krl","nama":"KRL Lin Rangkas","sumber":"OSM","atribut":{"lin":"rangkas"}}},{"type":"Feature","geometry":{"type":"LineString","coordinates":[[106.676784,-6.31455],[106.677887,-6.313892],[106.680069,-6.312198],[106.681023,-6.311625]]},"properties":{"layer_id":"mobilitas","jenis":"krl","nama":"KRL Lin Rangkas","sumber":"OSM","atribut":{"lin":"rangkas"}}},{"type":"Feature","geometry":{"type":"LineString","coordinates":[[106.726962,-6.290167],[106.729575,-6.288321]]},"properties":{"layer_id":"mobilitas","jenis":"krl","nama":"KRL Lin Rangkas","sumber":"OSM","atribut":{"lin":"rangkas"}}},{"type":"Feature","geometry":{"type":"LineString","coordinates":[[107.112397,-6.257305],[107.128199,-6.254819]]},"properties":{"layer_id":"mobilitas","jenis":"krl","nama":"KRL Lin Cikarang","sumber":"OSM","atribut":{"lin":"cikarang"}}},{"type":"Feature","geometry":{"type":"LineString","coordinates":[[106.897769,-6.472295],[106.899254,-6.470703]]},"properties":{"layer_id":"mobilitas","jenis":"krl","nama":"KRL Lin Bogor","sumber":"OSM","atribut":{"lin":"bogor"}}},{"type":"Feature","geometry":{"type":"LineString","coordinates":[[106.814685,-6.461748],[106.816509,-6.461543]]},"properties":{"layer_id":"mobilitas","jenis":"krl","nama":"KRL Lin Bogor","sumber":"OSM","atribut":{"lin":"bogor"}}},{"type":"Feature","geometry":{"type":"LineString","coordinates":[[106.801213,-6.454038],[106.801014,-6.45557],[106.800988,-6.45621],[106.801084,-6.456827],[106.801327,-6.457555],[106.801759,-6.45833],[106.802473,-6.459132],[106.803339,-6.459903],[106.804051,-6.460472],[106.804753,-6.460959],[106.806282,-6.461671],[106.807284,-6.461932],[106.808173,-6.462072],[106.80904,-6.462076],[106.810405,-6.462009],[106.812311,-6.461872],[106.814685,-6.461748]]},"properties":{"layer_id":"mobilitas","jenis":"krl","nama":"KRL Lin Bogor","sumber":"OSM","atribut":{"lin":"bogor"}}},{"type":"Feature","geometry":{"type":"LineString","coordinates":[[106.832812,-6.141511],[106.83327,-6.141679]]},"properties":{"layer_id":"mobilitas","jenis":"krl","nama":"KRL Lin Cikarang","sumber":"OSM","atribut":{"lin":"cikarang"}}},{"type":"Feature","geometry":{"type":"LineString","coordinates":[[106.83133,-6.131823],[106.832782,-6.131151],[106.834247,-6.130366],[106.83509,-6.130007],[106.83605,-6.129719],[106.843903,-6.12832],[106.84462,-6.128157]]},"properties":{"layer_id":"mobilitas","jenis":"krl","nama":"KRL lintas lain","sumber":"OSM","atribut":{"lin":"lain"}}},{"type":"Feature","geometry":{"type":"LineString","coordinates":[[106.805656,-6.132113],[106.806504,-6.131898]]},"properties":{"layer_id":"mobilitas","jenis":"krl","nama":"KRL Lin Cikarang","sumber":"OSM","atribut":{"lin":"cikarang"}}},{"type":"Feature","geometry":{"type":"LineString","coordinates":[[106.814845,-6.130203],[106.815268,-6.130292]]},"properties":{"layer_id":"mobilitas","jenis":"krl","nama":"KRL Lin Cikarang","sumber":"OSM","atribut":{"lin":"cikarang"}}},{"type":"Feature","geometry":{"type":"LineString","coordinates":[[106.815268,-6.130292],[106.815858,-6.130478],[106.816821,-6.130972],[106.818914,-6.132186],[106.819631,-6.132508],[106.820559,-6.132831],[106.821159,-6.132938],[106.82159,-6.132948],[106.822099,-6.132883],[106.82315,-6.132636]]},"properties":{"layer_id":"mobilitas","jenis":"krl","nama":"KRL Lin Cikarang","sumber":"OSM","atribut":{"lin":"cikarang"}}},{"type":"Feature","geometry":{"type":"LineString","coordinates":[[106.8456,-6.17711],[106.846266,-6.179622],[106.8464,-6.180015],[106.846616,-6.180467],[106.846909,-6.180918],[106.850179,-6.185259]]},"properties":{"layer_id":"mobilitas","jenis":"krl","nama":"KRL Lin Cikarang","sumber":"OSM","atribut":{"lin":"cikarang"}}},{"type":"Feature","geometry":{"type":"LineString","coordinates":[[106.800282,-6.136545],[106.800263,-6.135708],[106.800393,-6.135049],[106.800481,-6.134791],[106.800757,-6.134234],[106.800939,-6.133983],[106.801378,-6.133532],[106.801872,-6.133187],[106.802143,-6.133053],[106.802592,-6.132896],[106.805656,-6.132113]]},"properties":{"layer_id":"mobilitas","jenis":"krl","nama":"KRL Lin Cikarang","sumber":"OSM","atribut":{"lin":"cikarang"}}},{"type":"Feature","geometry":{"type":"LineString","coordinates":[[106.812045,-6.130448],[106.813383,-6.130093],[106.813729,-6.130031],[106.8141,-6.130043],[106.814845,-6.130203]]},"properties":{"layer_id":"mobilitas","jenis":"krl","nama":"KRL Lin Cikarang","sumber":"OSM","atribut":{"lin":"cikarang"}}},{"type":"Feature","geometry":{"type":"LineString","coordinates":[[106.773795,-6.161515],[106.787196,-6.162038]]},"properties":{"layer_id":"mobilitas","jenis":"krl","nama":"KRL lintas lain","sumber":"OSM","atribut":{"lin":"lain"}}},{"type":"Feature","geometry":{"type":"LineString","coordinates":[[106.810352,-6.130902],[106.810646,-6.130826]]},"properties":{"layer_id":"mobilitas","jenis":"krl","nama":"KRL Lin Cikarang","sumber":"OSM","atribut":{"lin":"cikarang"}}},{"type":"Feature","geometry":{"type":"LineString","coordinates":[[106.828839,-6.132795],[106.829138,-6.132675]]},"properties":{"layer_id":"mobilitas","jenis":"krl","nama":"KRL lintas lain","sumber":"OSM","atribut":{"lin":"lain"}}},{"type":"Feature","geometry":{"type":"LineString","coordinates":[[106.83327,-6.141679],[106.834003,-6.141937],[106.834508,-6.14219],[106.835278,-6.142735],[106.835471,-6.142903],[106.835956,-6.143436],[106.836321,-6.143948],[106.836589,-6.144437]]},"properties":{"layer_id":"mobilitas","jenis":"krl","nama":"KRL Lin Cikarang","sumber":"OSM","atribut":{"lin":"cikarang"}}},{"type":"Feature","geometry":{"type":"LineString","coordinates":[[106.810237,-6.130931],[106.810352,-6.130902]]},"properties":{"layer_id":"mobilitas","jenis":"krl","nama":"KRL Lin Cikarang","sumber":"OSM","atribut":{"lin":"cikarang"}}},{"type":"Feature","geometry":{"type":"LineString","coordinates":[[106.827772,-6.133172],[106.82308,-6.134515],[106.822746,-6.134635],[106.822142,-6.134932],[106.820921,-6.135724],[106.820535,-6.13593],[106.819787,-6.136185],[106.818434,-6.136524]]},"properties":{"layer_id":"mobilitas","jenis":"krl","nama":"KRL lintas lain","sumber":"OSM","atribut":{"lin":"lain"}}},{"type":"Feature","geometry":{"type":"LineString","coordinates":[[106.80098,-6.148479],[106.800974,-6.148362]]},"properties":{"layer_id":"mobilitas","jenis":"krl","nama":"KRL Lin Cikarang","sumber":"OSM","atribut":{"lin":"cikarang"}}},{"type":"Feature","geometry":{"type":"LineString","coordinates":[[106.863719,-6.122197],[106.863933,-6.122161]]},"properties":{"layer_id":"mobilitas","jenis":"krl","nama":"KRL lintas lain","sumber":"OSM","atribut":{"lin":"lain"}}},{"type":"Feature","geometry":{"type":"LineString","coordinates":[[106.877866,-6.113355],[106.868932,-6.120268],[106.868147,-6.120834],[106.867478,-6.121221],[106.866767,-6.121517],[106.866349,-6.121652],[106.863926,-6.122112]]},"properties":{"layer_id":"mobilitas","jenis":"krl","nama":"KRL lintas lain","sumber":"OSM","atribut":{"lin":"lain"}}},{"type":"Feature","geometry":{"type":"LineString","coordinates":[[106.816637,-6.137015],[106.816883,-6.136923]]},"properties":{"layer_id":"mobilitas","jenis":"krl","nama":"KRL lintas lain","sumber":"OSM","atribut":{"lin":"lain"}}},{"type":"Feature","geometry":{"type":"LineString","coordinates":[[106.816634,-6.137191],[106.816876,-6.137082]]},"properties":{"layer_id":"mobilitas","jenis":"krl","nama":"KRL Lin Bogor","sumber":"OSM","atribut":{"lin":"bogor"}}},{"type":"Feature","geometry":{"type":"LineString","coordinates":[[106.86891,-6.215034],[106.868066,-6.21502],[106.867799,-6.214989],[106.867457,-6.214911],[106.866962,-6.214711],[106.866517,-6.214411],[106.865229,-6.213239]]},"properties":{"layer_id":"mobilitas","jenis":"krl","nama":"KRL Lin Cikarang","sumber":"OSM","atribut":{"lin":"cikarang"}}},{"type":"Feature","geometry":{"type":"LineString","coordinates":[[106.794983,-6.495253],[106.795003,-6.496007],[106.795635,-6.502756],[106.795766,-6.505707],[106.795835,-6.506481],[106.796733,-6.510709],[106.796818,-6.511359],[106.796825,-6.511955],[106.796778,-6.512523],[106.796597,-6.513866]]},"properties":{"layer_id":"mobilitas","jenis":"krl","nama":"KRL Lin Bogor","sumber":"OSM","atribut":{"lin":"bogor"}}},{"type":"Feature","geometry":{"type":"LineString","coordinates":[[106.793125,-6.584608],[106.791332,-6.59064],[106.791098,-6.591602]]},"properties":{"layer_id":"mobilitas","jenis":"krl","nama":"KRL Lin Bogor","sumber":"OSM","atribut":{"lin":"bogor"}}},{"type":"Feature","geometry":{"type":"LineString","coordinates":[[106.802214,-6.565206],[106.802167,-6.565316]]},"properties":{"layer_id":"mobilitas","jenis":"krl","nama":"KRL Lin Bogor","sumber":"OSM","atribut":{"lin":"bogor"}}},{"type":"Feature","geometry":{"type":"LineString","coordinates":[[106.802167,-6.565316],[106.801557,-6.566719],[106.801158,-6.567492],[106.800798,-6.568015],[106.800132,-6.568776],[106.799575,-6.569272],[106.798986,-6.56969],[106.796322,-6.571362],[106.795656,-6.571821],[106.795119,-6.572281],[106.794916,-6.5725],[106.794395,-6.57311],[106.794012,-6.573638]]},"properties":{"layer_id":"mobilitas","jenis":"krl","nama":"KRL Lin Bogor","sumber":"OSM","atribut":{"lin":"bogor"}}},{"type":"Feature","geometry":{"type":"LineString","coordinates":[[106.854032,-6.125955],[106.857764,-6.124211],[106.858264,-6.124005],[106.862033,-6.122585],[106.863719,-6.122197]]},"properties":{"layer_id":"mobilitas","jenis":"krl","nama":"KRL lintas lain","sumber":"OSM","atribut":{"lin":"lain"}}},{"type":"Feature","geometry":{"type":"LineString","coordinates":[[106.801483,-6.555484],[106.802748,-6.56118],[106.802846,-6.561869],[106.802858,-6.562708],[106.802746,-6.563616],[106.802592,-6.564208],[106.802214,-6.565206]]},"properties":{"layer_id":"mobilitas","jenis":"krl","nama":"KRL Lin Bogor","sumber":"OSM","atribut":{"lin":"bogor"}}},{"type":"Feature","geometry":{"type":"LineString","coordinates":[[106.948689,-6.218713],[106.949254,-6.218803]]},"properties":{"layer_id":"mobilitas","jenis":"krl","nama":"KRL Lin Cikarang","sumber":"OSM","atribut":{"lin":"cikarang"}}},{"type":"Feature","geometry":{"type":"LineString","coordinates":[[106.954916,-6.219452],[106.959065,-6.219868],[106.970441,-6.221244]]},"properties":{"layer_id":"mobilitas","jenis":"krl","nama":"KRL Lin Cikarang","sumber":"OSM","atribut":{"lin":"cikarang"}}},{"type":"Feature","geometry":{"type":"LineString","coordinates":[[106.816633,-6.407366],[106.817552,-6.403183],[106.817829,-6.40163],[106.81819,-6.400154]]},"properties":{"layer_id":"mobilitas","jenis":"krl","nama":"KRL Lin Bogor","sumber":"OSM","atribut":{"lin":"bogor"}}},{"type":"Feature","geometry":{"type":"LineString","coordinates":[[106.833922,-6.340663],[106.833665,-6.341768],[106.831913,-6.354533],[106.831633,-6.356963],[106.831581,-6.357623],[106.831582,-6.358693]]},"properties":{"layer_id":"mobilitas","jenis":"krl","nama":"KRL Lin Bogor","sumber":"OSM","atribut":{"lin":"bogor"}}},{"type":"Feature","geometry":{"type":"LineString","coordinates":[[106.817877,-6.401012],[106.817504,-6.402312],[106.81739,-6.402817],[106.816942,-6.405023],[106.816677,-6.406606]]},"properties":{"layer_id":"mobilitas","jenis":"krl","nama":"KRL Lin Bogor","sumber":"OSM","atribut":{"lin":"bogor"}}},{"type":"Feature","geometry":{"type":"LineString","coordinates":[[106.815481,-6.412559],[106.815463,-6.412632]]},"properties":{"layer_id":"mobilitas","jenis":"krl","nama":"KRL Lin Bogor","sumber":"OSM","atribut":{"lin":"bogor"}}},{"type":"Feature","geometry":{"type":"LineString","coordinates":[[106.815463,-6.412632],[106.814567,-6.416875],[106.814233,-6.418308],[106.809672,-6.431548],[106.808165,-6.435773],[106.807338,-6.437573],[106.803145,-6.446394],[106.802926,-6.446916]]},"properties":{"layer_id":"mobilitas","jenis":"krl","nama":"KRL Lin Bogor","sumber":"OSM","atribut":{"lin":"bogor"}}},{"type":"Feature","geometry":{"type":"LineString","coordinates":[[106.875312,-6.466942],[106.878123,-6.467338],[106.879238,-6.467655],[106.880801,-6.468273]]},"properties":{"layer_id":"mobilitas","jenis":"krl","nama":"KRL Lin Bogor","sumber":"OSM","atribut":{"lin":"bogor"}}},{"type":"Feature","geometry":{"type":"LineString","coordinates":[[106.851099,-6.264298],[106.847049,-6.273354],[106.846475,-6.274969],[106.846238,-6.275786],[106.846056,-6.276559],[106.844618,-6.284593]]},"properties":{"layer_id":"mobilitas","jenis":"krl","nama":"KRL Lin Bogor","sumber":"OSM","atribut":{"lin":"bogor"}}},{"type":"Feature","geometry":{"type":"LineString","coordinates":[[106.848265,-6.208114],[106.848258,-6.208104]]},"properties":{"layer_id":"mobilitas","jenis":"krl","nama":"KRL lintas lain","sumber":"OSM","atribut":{"lin":"lain"}}},{"type":"Feature","geometry":{"type":"LineString","coordinates":[[106.831633,-6.358804],[106.831608,-6.35815],[106.83167,-6.356969],[106.831949,-6.354537],[106.833705,-6.341793],[106.833967,-6.340673]]},"properties":{"layer_id":"mobilitas","jenis":"krl","nama":"KRL Lin Bogor","sumber":"OSM","atribut":{"lin":"bogor"}}},{"type":"Feature","geometry":{"type":"LineString","coordinates":[[106.848315,-6.208057],[106.848164,-6.207861]]},"properties":{"layer_id":"mobilitas","jenis":"krl","nama":"KRL Lin Cikarang","sumber":"OSM","atribut":{"lin":"cikarang"}}},{"type":"Feature","geometry":{"type":"LineString","coordinates":[[106.851399,-6.212105],[106.850257,-6.210544]]},"properties":{"layer_id":"mobilitas","jenis":"krl","nama":"KRL Lin Cikarang","sumber":"OSM","atribut":{"lin":"cikarang"}}},{"type":"Feature","geometry":{"type":"LineString","coordinates":[[106.847491,-6.207035],[106.84701,-6.206444],[106.846615,-6.206108],[106.846179,-6.205874],[106.845692,-6.205711]]},"properties":{"layer_id":"mobilitas","jenis":"krl","nama":"KRL Lin Cikarang","sumber":"OSM","atribut":{"lin":"cikarang"}}},{"type":"Feature","geometry":{"type":"LineString","coordinates":[[106.848258,-6.208104],[106.848027,-6.207802]]},"properties":{"layer_id":"mobilitas","jenis":"krl","nama":"KRL lintas lain","sumber":"OSM","atribut":{"lin":"lain"}}},{"type":"Feature","geometry":{"type":"LineString","coordinates":[[106.847951,-6.207836],[106.847183,-6.206877],[106.846386,-6.205534],[106.844208,-6.202602],[106.84366,-6.201782]]},"properties":{"layer_id":"mobilitas","jenis":"krl","nama":"KRL Lin Bogor","sumber":"OSM","atribut":{"lin":"bogor"}}},{"type":"Feature","geometry":{"type":"LineString","coordinates":[[106.843183,-6.201145],[106.844053,-6.202464],[106.846351,-6.20555],[106.847152,-6.206895],[106.848157,-6.208171],[106.848502,-6.208698]]},"properties":{"layer_id":"mobilitas","jenis":"krl","nama":"KRL Lin Bogor","sumber":"OSM","atribut":{"lin":"bogor"}}},{"type":"Feature","geometry":{"type":"LineString","coordinates":[[106.790716,-6.594287],[106.790916,-6.59262],[106.791092,-6.591631]]},"properties":{"layer_id":"mobilitas","jenis":"krl","nama":"KRL Lin Bogor","sumber":"OSM","atribut":{"lin":"bogor"}}},{"type":"Feature","geometry":{"type":"LineString","coordinates":[[106.791098,-6.591602],[106.791251,-6.590762]]},"properties":{"layer_id":"mobilitas","jenis":"krl","nama":"KRL Lin Bogor","sumber":"OSM","atribut":{"lin":"bogor"}}},{"type":"Feature","geometry":{"type":"LineString","coordinates":[[106.814797,-6.137669],[106.816194,-6.137254],[106.816586,-6.137075]]},"properties":{"layer_id":"mobilitas","jenis":"krl","nama":"KRL lintas lain","sumber":"OSM","atribut":{"lin":"lain"}}},{"type":"Feature","geometry":{"type":"LineString","coordinates":[[106.830468,-6.167562],[106.830456,-6.168374],[106.830406,-6.168824],[106.8303,-6.169345],[106.829835,-6.171101],[106.829718,-6.171939],[106.829711,-6.172366],[106.829824,-6.173381],[106.830081,-6.174536]]},"properties":{"layer_id":"mobilitas","jenis":"krl","nama":"KRL Lin Bogor","sumber":"OSM","atribut":{"lin":"bogor"}}},{"type":"Feature","geometry":{"type":"LineString","coordinates":[[106.796556,-6.513863],[106.796563,-6.514487],[106.796606,-6.514868],[106.796698,-6.515293],[106.796867,-6.515813],[106.797104,-6.51632],[106.797389,-6.516778],[106.797619,-6.517067],[106.799433,-6.518922],[106.800072,-6.519725],[106.80032,-6.520126],[106.800609,-6.520709],[106.800771,-6.521048],[106.800949,-6.521547],[106.801178,-6.522511],[106.801247,-6.523428],[106.801166,-6.524822],[106.800832,-6.527921],[106.800747,-6.529504]]},"properties":{"layer_id":"mobilitas","jenis":"krl","nama":"KRL Lin Bogor","sumber":"OSM","atribut":{"lin":"bogor"}}},{"type":"Feature","geometry":{"type":"LineString","coordinates":[[106.793135,-6.584402],[106.79322,-6.584099],[106.793333,-6.583385],[106.793379,-6.582575],[106.793368,-6.582119],[106.792798,-6.578167],[106.792775,-6.577376],[106.792807,-6.576881],[106.792943,-6.576068],[106.793158,-6.575267],[106.793445,-6.574578],[106.793873,-6.573742]]},"properties":{"layer_id":"mobilitas","jenis":"krl","nama":"KRL Lin Bogor","sumber":"OSM","atribut":{"lin":"bogor"}}},{"type":"Feature","geometry":{"type":"LineString","coordinates":[[106.800425,-6.533341],[106.800296,-6.534443],[106.800237,-6.535527],[106.799898,-6.539395],[106.799588,-6.542348],[106.79951,-6.543876],[106.799541,-6.545387],[106.799709,-6.54687],[106.800027,-6.548889],[106.801483,-6.555484]]},"properties":{"layer_id":"mobilitas","jenis":"krl","nama":"KRL Lin Bogor","sumber":"OSM","atribut":{"lin":"bogor"}}},{"type":"Feature","geometry":{"type":"LineString","coordinates":[[106.800025,-6.537307],[106.799792,-6.540009]]},"properties":{"layer_id":"mobilitas","jenis":"krl","nama":"KRL Lin Bogor","sumber":"OSM","atribut":{"lin":"bogor"}}},{"type":"Feature","geometry":{"type":"LineString","coordinates":[[106.873361,-6.466663],[106.875312,-6.466942]]},"properties":{"layer_id":"mobilitas","jenis":"krl","nama":"KRL Lin Bogor","sumber":"OSM","atribut":{"lin":"bogor"}}},{"type":"Feature","geometry":{"type":"LineString","coordinates":[[106.633646,-6.176941],[106.63045,-6.176803]]},"properties":{"layer_id":"mobilitas","jenis":"krl","nama":"KRL lintas lain","sumber":"OSM","atribut":{"lin":"lain"}}},{"type":"Feature","geometry":{"type":"LineString","coordinates":[[107.030315,-6.251459],[107.032427,-6.252266],[107.03325,-6.252547],[107.05171,-6.257456]]},"properties":{"layer_id":"mobilitas","jenis":"krl","nama":"KRL Lin Cikarang","sumber":"OSM","atribut":{"lin":"cikarang"}}},{"type":"Feature","geometry":{"type":"LineString","coordinates":[[106.998845,-6.236327],[106.996258,-6.2347]]},"properties":{"layer_id":"mobilitas","jenis":"krl","nama":"KRL Lin Cikarang","sumber":"OSM","atribut":{"lin":"cikarang"}}},{"type":"Feature","geometry":{"type":"LineString","coordinates":[[106.970449,-6.221211],[106.959066,-6.219837],[106.955488,-6.219481]]},"properties":{"layer_id":"mobilitas","jenis":"krl","nama":"KRL Lin Cikarang","sumber":"OSM","atribut":{"lin":"cikarang"}}},{"type":"Feature","geometry":{"type":"LineString","coordinates":[[106.801213,-6.454038],[106.80099,-6.455159]]},"properties":{"layer_id":"mobilitas","jenis":"krl","nama":"KRL Lin Bogor","sumber":"OSM","atribut":{"lin":"bogor"}}},{"type":"Feature","geometry":{"type":"LineString","coordinates":[[106.816586,-6.137075],[106.816886,-6.136957]]},"properties":{"layer_id":"mobilitas","jenis":"krl","nama":"KRL lintas lain","sumber":"OSM","atribut":{"lin":"lain"}}},{"type":"Feature","geometry":{"type":"LineString","coordinates":[[106.817024,-6.136914],[106.818062,-6.136655]]},"properties":{"layer_id":"mobilitas","jenis":"krl","nama":"KRL lintas lain","sumber":"OSM","atribut":{"lin":"lain"}}},{"type":"Feature","geometry":{"type":"LineString","coordinates":[[106.845692,-6.205711],[106.844974,-6.20565],[106.844442,-6.205724],[106.844163,-6.205809],[106.843234,-6.206285],[106.842868,-6.20643],[106.842466,-6.206524],[106.84205,-6.206555],[106.841694,-6.206539],[106.841149,-6.206397],[106.838743,-6.205573],[106.83733,-6.205105],[106.83706,-6.205041],[106.831294,-6.204207],[106.830563,-6.20407],[106.82574,-6.202937]]},"properties":{"layer_id":"mobilitas","jenis":"krl","nama":"KRL Lin Cikarang","sumber":"OSM","atribut":{"lin":"cikarang"}}},{"type":"Feature","geometry":{"type":"LineString","coordinates":[[106.865127,-6.213194],[106.866493,-6.214443],[106.867032,-6.214791],[106.86738,-6.214929],[106.867797,-6.21503],[106.868909,-6.215078]]},"properties":{"layer_id":"mobilitas","jenis":"krl","nama":"KRL Lin Cikarang","sumber":"OSM","atribut":{"lin":"cikarang"}}},{"type":"Feature","geometry":{"type":"LineString","coordinates":[[106.892294,-6.213123],[106.891227,-6.213169],[106.890284,-6.213305],[106.889806,-6.213422],[106.888362,-6.213882],[106.887593,-6.214048],[106.886927,-6.214139],[106.875545,-6.214839]]},"properties":{"layer_id":"mobilitas","jenis":"krl","nama":"KRL Lin Cikarang","sumber":"OSM","atribut":{"lin":"cikarang"}}},{"type":"Feature","geometry":{"type":"LineString","coordinates":[[106.948706,-6.218679],[106.949269,-6.218767]]},"properties":{"layer_id":"mobilitas","jenis":"krl","nama":"KRL Lin Cikarang","sumber":"OSM","atribut":{"lin":"cikarang"}}},{"type":"Feature","geometry":{"type":"LineString","coordinates":[[107.073201,-6.262899],[107.071445,-6.262662],[107.070109,-6.262368],[107.059234,-6.259415]]},"properties":{"layer_id":"mobilitas","jenis":"krl","nama":"KRL Lin Cikarang","sumber":"OSM","atribut":{"lin":"cikarang"}}},{"type":"Feature","geometry":{"type":"LineString","coordinates":[[106.750448,-6.271718],[106.750228,-6.271949]]},"properties":{"layer_id":"mobilitas","jenis":"krl","nama":"KRL Lin Rangkas","sumber":"OSM","atribut":{"lin":"rangkas"}}},{"type":"Feature","geometry":{"type":"LineString","coordinates":[[106.742188,-6.278689],[106.735409,-6.284138],[106.734753,-6.284626],[106.731197,-6.287113]]},"properties":{"layer_id":"mobilitas","jenis":"krl","nama":"KRL Lin Rangkas","sumber":"OSM","atribut":{"lin":"rangkas"}}},{"type":"Feature","geometry":{"type":"LineString","coordinates":[[106.681272,-6.311495],[106.681856,-6.311232],[106.683186,-6.310772],[106.69022,-6.308531],[106.690912,-6.308261],[106.69404,-6.306842]]},"properties":{"layer_id":"mobilitas","jenis":"krl","nama":"KRL Lin Rangkas","sumber":"OSM","atribut":{"lin":"rangkas"}}},{"type":"Feature","geometry":{"type":"LineString","coordinates":[[106.698608,-6.30479],[106.699032,-6.304597]]},"properties":{"layer_id":"mobilitas","jenis":"krl","nama":"KRL Lin Rangkas","sumber":"OSM","atribut":{"lin":"rangkas"}}},{"type":"Feature","geometry":{"type":"LineString","coordinates":[[106.698995,-6.304527],[106.698564,-6.304719]]},"properties":{"layer_id":"mobilitas","jenis":"krl","nama":"KRL Lin Rangkas","sumber":"OSM","atribut":{"lin":"rangkas"}}},{"type":"Feature","geometry":{"type":"LineString","coordinates":[[106.694024,-6.30679],[106.690942,-6.308202],[106.690206,-6.308497],[106.682216,-6.311034],[106.681245,-6.311446]]},"properties":{"layer_id":"mobilitas","jenis":"krl","nama":"KRL Lin Rangkas","sumber":"OSM","atribut":{"lin":"rangkas"}}},{"type":"Feature","geometry":{"type":"LineString","coordinates":[[106.729549,-6.288278],[106.726921,-6.290136]]},"properties":{"layer_id":"mobilitas","jenis":"krl","nama":"KRL Lin Rangkas","sumber":"OSM","atribut":{"lin":"rangkas"}}},{"type":"Feature","geometry":{"type":"LineString","coordinates":[[106.731197,-6.287113],[106.731124,-6.287165]]},"properties":{"layer_id":"mobilitas","jenis":"krl","nama":"KRL Lin Rangkas","sumber":"OSM","atribut":{"lin":"rangkas"}}},{"type":"Feature","geometry":{"type":"LineString","coordinates":[[106.644096,-6.323385],[106.655156,-6.322792],[106.655807,-6.322661],[106.656597,-6.322381],[106.657348,-6.321988],[106.657895,-6.321622]]},"properties":{"layer_id":"mobilitas","jenis":"krl","nama":"KRL Lin Rangkas","sumber":"OSM","atribut":{"lin":"rangkas"}}},{"type":"Feature","geometry":{"type":"LineString","coordinates":[[106.657895,-6.321622],[106.659231,-6.320757]]},"properties":{"layer_id":"mobilitas","jenis":"krl","nama":"KRL Lin Rangkas","sumber":"OSM","atribut":{"lin":"rangkas"}}},{"type":"Feature","geometry":{"type":"LineString","coordinates":[[106.581073,-6.343636],[106.581449,-6.343207]]},"properties":{"layer_id":"mobilitas","jenis":"krl","nama":"KRL Lin Rangkas","sumber":"OSM","atribut":{"lin":"rangkas"}}},{"type":"Feature","geometry":{"type":"LineString","coordinates":[[106.571531,-6.344468],[106.574335,-6.344604],[106.578163,-6.344845],[106.57879,-6.344825],[106.579427,-6.344697],[106.580071,-6.344443],[106.580563,-6.344108],[106.581073,-6.343636]]},"properties":{"layer_id":"mobilitas","jenis":"krl","nama":"KRL Lin Rangkas","sumber":"OSM","atribut":{"lin":"rangkas"}}},{"type":"Feature","geometry":{"type":"LineString","coordinates":[[106.571535,-6.344429],[106.566019,-6.344087]]},"properties":{"layer_id":"mobilitas","jenis":"krl","nama":"KRL Lin Rangkas","sumber":"OSM","atribut":{"lin":"rangkas"}}},{"type":"Feature","geometry":{"type":"LineString","coordinates":[[106.566018,-6.344123],[106.571531,-6.344468]]},"properties":{"layer_id":"mobilitas","jenis":"krl","nama":"KRL Lin Rangkas","sumber":"OSM","atribut":{"lin":"rangkas"}}},{"type":"Feature","geometry":{"type":"LineString","coordinates":[[106.56377,-6.344052],[106.562899,-6.34419],[106.56222,-6.344367],[106.561168,-6.344754],[106.552332,-6.348973]]},"properties":{"layer_id":"mobilitas","jenis":"krl","nama":"KRL Lin Rangkas","sumber":"OSM","atribut":{"lin":"rangkas"}}},{"type":"Feature","geometry":{"type":"LineString","coordinates":[[106.55236,-6.349034],[106.553269,-6.348573],[106.560292,-6.345209],[106.561644,-6.344597],[106.562118,-6.344433],[106.562857,-6.344236],[106.563882,-6.344068],[106.564886,-6.344053],[106.566018,-6.344123]]},"properties":{"layer_id":"mobilitas","jenis":"krl","nama":"KRL Lin Rangkas","sumber":"OSM","atribut":{"lin":"rangkas"}}},{"type":"Feature","geometry":{"type":"LineString","coordinates":[[106.501231,-6.345346],[106.501921,-6.345796],[106.502626,-6.346417],[106.506725,-6.350502],[106.506968,-6.350817],[106.507283,-6.351324],[106.508163,-6.35308],[106.508434,-6.353424],[106.508739,-6.353688]]},"properties":{"layer_id":"mobilitas","jenis":"krl","nama":"KRL Lin Rangkas","sumber":"OSM","atribut":{"lin":"rangkas"}}},{"type":"Feature","geometry":{"type":"LineString","coordinates":[[106.516103,-6.353969],[106.516509,-6.353941]]},"properties":{"layer_id":"mobilitas","jenis":"krl","nama":"KRL Lin Rangkas","sumber":"OSM","atribut":{"lin":"rangkas"}}},{"type":"Feature","geometry":{"type":"LineString","coordinates":[[106.516509,-6.353941],[106.516948,-6.353937],[106.517162,-6.353968],[106.517829,-6.354188],[106.518292,-6.354467],[106.518859,-6.354991]]},"properties":{"layer_id":"mobilitas","jenis":"krl","nama":"KRL Lin Rangkas","sumber":"OSM","atribut":{"lin":"rangkas"}}},{"type":"Feature","geometry":{"type":"LineString","coordinates":[[106.518859,-6.354991],[106.519307,-6.355438]]},"properties":{"layer_id":"mobilitas","jenis":"krl","nama":"KRL Lin Rangkas","sumber":"OSM","atribut":{"lin":"rangkas"}}},{"type":"Feature","geometry":{"type":"LineString","coordinates":[[106.546782,-6.351312],[106.547265,-6.351249],[106.547707,-6.351149],[106.548134,-6.350998],[106.551913,-6.34925]]},"properties":{"layer_id":"mobilitas","jenis":"krl","nama":"KRL Lin Rangkas","sumber":"OSM","atribut":{"lin":"rangkas"}}},{"type":"Feature","geometry":{"type":"LineString","coordinates":[[106.551877,-6.349198],[106.549058,-6.350544],[106.548263,-6.350895],[106.547862,-6.351046],[106.547462,-6.351154],[106.546778,-6.351247]]},"properties":{"layer_id":"mobilitas","jenis":"krl","nama":"KRL Lin Rangkas","sumber":"OSM","atribut":{"lin":"rangkas"}}},{"type":"Feature","geometry":{"type":"LineString","coordinates":[[106.552332,-6.348973],[106.551877,-6.349198]]},"properties":{"layer_id":"mobilitas","jenis":"krl","nama":"KRL Lin Rangkas","sumber":"OSM","atribut":{"lin":"rangkas"}}},{"type":"Feature","geometry":{"type":"LineString","coordinates":[[106.551913,-6.34925],[106.55236,-6.349034]]},"properties":{"layer_id":"mobilitas","jenis":"krl","nama":"KRL Lin Rangkas","sumber":"OSM","atribut":{"lin":"rangkas"}}},{"type":"Feature","geometry":{"type":"LineString","coordinates":[[106.540241,-6.353668],[106.54276,-6.351825],[106.543249,-6.351518],[106.543657,-6.351341],[106.544207,-6.351198],[106.544742,-6.351146],[106.54642,-6.351319]]},"properties":{"layer_id":"mobilitas","jenis":"krl","nama":"KRL Lin Rangkas","sumber":"OSM","atribut":{"lin":"rangkas"}}},{"type":"Feature","geometry":{"type":"LineString","coordinates":[[106.546405,-6.351258],[106.545339,-6.35114],[106.54482,-6.351115],[106.544313,-6.351146],[106.543755,-6.351272],[106.54345,-6.351392],[106.542858,-6.351717],[106.540206,-6.353629]]},"properties":{"layer_id":"mobilitas","jenis":"krl","nama":"KRL Lin Rangkas","sumber":"OSM","atribut":{"lin":"rangkas"}}},{"type":"Feature","geometry":{"type":"LineString","coordinates":[[106.546778,-6.351247],[106.546405,-6.351258]]},"properties":{"layer_id":"mobilitas","jenis":"krl","nama":"KRL Lin Rangkas","sumber":"OSM","atribut":{"lin":"rangkas"}}},{"type":"Feature","geometry":{"type":"LineString","coordinates":[[106.54642,-6.351319],[106.546782,-6.351312]]},"properties":{"layer_id":"mobilitas","jenis":"krl","nama":"KRL Lin Rangkas","sumber":"OSM","atribut":{"lin":"rangkas"}}},{"type":"Feature","geometry":{"type":"LineString","coordinates":[[106.521977,-6.355723],[106.522259,-6.355661],[106.522854,-6.355618],[106.523374,-6.355657],[106.523754,-6.355729],[106.524299,-6.355916],[106.525777,-6.356631],[106.526475,-6.356895],[106.527202,-6.357039],[106.527591,-6.357061],[106.528256,-6.357024],[106.528697,-6.356947],[106.529431,-6.356736],[106.533985,-6.355028],[106.534544,-6.354868],[106.535478,-6.354829],[106.537351,-6.3549],[106.537729,-6.354878],[106.538203,-6.354804],[106.538793,-6.354609],[106.539038,-6.354488],[106.539533,-6.354186],[106.540083,-6.353785]]},"properties":{"layer_id":"mobilitas","jenis":"krl","nama":"KRL Lin Rangkas","sumber":"OSM","atribut":{"lin":"rangkas"}}},{"type":"Feature","geometry":{"type":"LineString","coordinates":[[106.540083,-6.353785],[106.540241,-6.353668]]},"properties":{"layer_id":"mobilitas","jenis":"krl","nama":"KRL Lin Rangkas","sumber":"OSM","atribut":{"lin":"rangkas"}}},{"type":"Feature","geometry":{"type":"LineString","coordinates":[[106.540206,-6.353629],[106.540047,-6.353743]]},"properties":{"layer_id":"mobilitas","jenis":"krl","nama":"KRL Lin Rangkas","sumber":"OSM","atribut":{"lin":"rangkas"}}},{"type":"Feature","geometry":{"type":"LineString","coordinates":[[106.540047,-6.353743],[106.539074,-6.354422],[106.538547,-6.354659],[106.538252,-6.354748],[106.537718,-6.354851],[106.537415,-6.35487],[106.535279,-6.354789],[106.534926,-6.354792],[106.534465,-6.354846],[106.533286,-6.355229],[106.529268,-6.356737],[106.528745,-6.356885],[106.528189,-6.356989],[106.527458,-6.357005],[106.526946,-6.356947],[106.526478,-6.356855],[106.526,-6.356686],[106.524215,-6.355847],[106.52369,-6.355668],[106.522861,-6.355565],[106.522446,-6.355582],[106.521955,-6.355674]]},"properties":{"layer_id":"mobilitas","jenis":"krl","nama":"KRL Lin Rangkas","sumber":"OSM","atribut":{"lin":"rangkas"}}},{"type":"Feature","geometry":{"type":"LineString","coordinates":[[106.518926,-6.354941],[106.518499,-6.35452],[106.518293,-6.354371],[106.518115,-6.354255],[106.517635,-6.354026],[106.517138,-6.353901],[106.516492,-6.353888]]},"properties":{"layer_id":"mobilitas","jenis":"krl","nama":"KRL Lin Rangkas","sumber":"OSM","atribut":{"lin":"rangkas"}}},{"type":"Feature","geometry":{"type":"LineString","coordinates":[[106.519362,-6.355377],[106.518926,-6.354941]]},"properties":{"layer_id":"mobilitas","jenis":"krl","nama":"KRL Lin Rangkas","sumber":"OSM","atribut":{"lin":"rangkas"}}},{"type":"Feature","geometry":{"type":"LineString","coordinates":[[106.508763,-6.353663],[106.508471,-6.353406],[106.508201,-6.353065],[106.507238,-6.35117],[106.507094,-6.35093],[106.506722,-6.350444],[106.506344,-6.350038],[106.502411,-6.346159],[106.50192,-6.345745],[106.501273,-6.345308]]},"properties":{"layer_id":"mobilitas","jenis":"krl","nama":"KRL Lin Rangkas","sumber":"OSM","atribut":{"lin":"rangkas"}}},{"type":"Feature","geometry":{"type":"LineString","coordinates":[[106.516492,-6.353888],[106.516124,-6.353905]]},"properties":{"layer_id":"mobilitas","jenis":"krl","nama":"KRL Lin Rangkas","sumber":"OSM","atribut":{"lin":"rangkas"}}},{"type":"Feature","geometry":{"type":"LineString","coordinates":[[106.581388,-6.343164],[106.581032,-6.343581]]},"properties":{"layer_id":"mobilitas","jenis":"krl","nama":"KRL Lin Rangkas","sumber":"OSM","atribut":{"lin":"rangkas"}}},{"type":"Feature","geometry":{"type":"LineString","coordinates":[[106.581032,-6.343581],[106.580489,-6.344088],[106.580047,-6.344384],[106.57952,-6.344619],[106.578909,-6.344773],[106.578576,-6.344801],[106.577909,-6.344788],[106.571535,-6.344429]]},"properties":{"layer_id":"mobilitas","jenis":"krl","nama":"KRL Lin Rangkas","sumber":"OSM","atribut":{"lin":"rangkas"}}},{"type":"Feature","geometry":{"type":"LineString","coordinates":[[106.605557,-6.335192],[106.591747,-6.338154],[106.590629,-6.338496],[106.582712,-6.342096],[106.582202,-6.342386],[106.581962,-6.342567],[106.581388,-6.343164]]},"properties":{"layer_id":"mobilitas","jenis":"krl","nama":"KRL Lin Rangkas","sumber":"OSM","atribut":{"lin":"rangkas"}}},{"type":"Feature","geometry":{"type":"LineString","coordinates":[[106.581449,-6.343207],[106.581798,-6.342818],[106.582049,-6.342588],[106.582408,-6.342306],[106.58269,-6.342148],[106.590382,-6.338648],[106.59101,-6.338412],[106.591839,-6.338176],[106.60556,-6.335232]]},"properties":{"layer_id":"mobilitas","jenis":"krl","nama":"KRL Lin Rangkas","sumber":"OSM","atribut":{"lin":"rangkas"}}},{"type":"Feature","geometry":{"type":"LineString","coordinates":[[106.618178,-6.330011],[106.620189,-6.329233]]},"properties":{"layer_id":"mobilitas","jenis":"krl","nama":"KRL Lin Rangkas","sumber":"OSM","atribut":{"lin":"rangkas"}}},{"type":"Feature","geometry":{"type":"LineString","coordinates":[[106.620181,-6.329207],[106.618165,-6.329981]]},"properties":{"layer_id":"mobilitas","jenis":"krl","nama":"KRL Lin Rangkas","sumber":"OSM","atribut":{"lin":"rangkas"}}},{"type":"Feature","geometry":{"type":"LineString","coordinates":[[106.640183,-6.325162],[106.639731,-6.325392],[106.639203,-6.325593],[106.638761,-6.325706],[106.638302,-6.325773],[106.631745,-6.325973],[106.630927,-6.326036],[106.630543,-6.326132],[106.630089,-6.326323],[106.629627,-6.326638],[106.628568,-6.327538],[106.628095,-6.327791],[106.627695,-6.327925],[106.625176,-6.328466],[106.621085,-6.329031],[106.620181,-6.329207]]},"properties":{"layer_id":"mobilitas","jenis":"krl","nama":"KRL Lin Rangkas","sumber":"OSM","atribut":{"lin":"rangkas"}}},{"type":"Feature","geometry":{"type":"LineString","coordinates":[[106.620189,-6.329233],[106.620619,-6.329134],[106.625502,-6.328448],[106.627703,-6.327964],[106.62815,-6.327809],[106.628601,-6.327556],[106.629659,-6.326656],[106.630102,-6.326353],[106.63041,-6.326221],[106.630929,-6.326073],[106.63138,-6.326018],[106.638357,-6.325805],[106.638844,-6.32572],[106.63941,-6.325555],[106.640193,-6.325191]]},"properties":{"layer_id":"mobilitas","jenis":"krl","nama":"KRL Lin Rangkas","sumber":"OSM","atribut":{"lin":"rangkas"}}},{"type":"Feature","geometry":{"type":"LineString","coordinates":[[106.641766,-6.324351],[106.6415,-6.324488]]},"properties":{"layer_id":"mobilitas","jenis":"krl","nama":"KRL Lin Rangkas","sumber":"OSM","atribut":{"lin":"rangkas"}}},{"type":"Feature","geometry":{"type":"LineString","coordinates":[[106.641517,-6.324515],[106.641777,-6.32438]]},"properties":{"layer_id":"mobilitas","jenis":"krl","nama":"KRL Lin Rangkas","sumber":"OSM","atribut":{"lin":"rangkas"}}},{"type":"Feature","geometry":{"type":"LineString","coordinates":[[106.671807,-6.317483],[106.671491,-6.317847]]},"properties":{"layer_id":"mobilitas","jenis":"krl","nama":"KRL Lin Rangkas","sumber":"OSM","atribut":{"lin":"rangkas"}}},{"type":"Feature","geometry":{"type":"LineString","coordinates":[[106.671491,-6.317847],[106.670628,-6.319077],[106.670116,-6.319546],[106.669827,-6.319726],[106.669467,-6.319901],[106.669147,-6.320011],[106.668676,-6.320114],[106.667427,-6.320137]]},"properties":{"layer_id":"mobilitas","jenis":"krl","nama":"KRL Lin Rangkas","sumber":"OSM","atribut":{"lin":"rangkas"}}},{"type":"Feature","geometry":{"type":"LineString","coordinates":[[106.67185,-6.317546],[106.672255,-6.317178],[106.672765,-6.316812],[106.67506,-6.315529]]},"properties":{"layer_id":"mobilitas","jenis":"krl","nama":"KRL Lin Rangkas","sumber":"OSM","atribut":{"lin":"rangkas"}}},{"type":"Feature","geometry":{"type":"LineString","coordinates":[[106.675047,-6.315506],[106.672472,-6.316943],[106.672141,-6.317182],[106.671807,-6.317483]]},"properties":{"layer_id":"mobilitas","jenis":"krl","nama":"KRL Lin Rangkas","sumber":"OSM","atribut":{"lin":"rangkas"}}},{"type":"Feature","geometry":{"type":"LineString","coordinates":[[106.676766,-6.314519],[106.675047,-6.315506]]},"properties":{"layer_id":"mobilitas","jenis":"krl","nama":"KRL Lin Rangkas","sumber":"OSM","atribut":{"lin":"rangkas"}}},{"type":"Feature","geometry":{"type":"LineString","coordinates":[[106.67506,-6.315529],[106.676784,-6.31455]]},"properties":{"layer_id":"mobilitas","jenis":"krl","nama":"KRL Lin Rangkas","sumber":"OSM","atribut":{"lin":"rangkas"}}},{"type":"Feature","geometry":{"type":"LineString","coordinates":[[106.681005,-6.311572],[106.680662,-6.311754],[106.680028,-6.312157],[106.677869,-6.313858],[106.676766,-6.314519]]},"properties":{"layer_id":"mobilitas","jenis":"krl","nama":"KRL Lin Rangkas","sumber":"OSM","atribut":{"lin":"rangkas"}}},{"type":"Feature","geometry":{"type":"LineString","coordinates":[[106.681245,-6.311446],[106.681005,-6.311572]]},"properties":{"layer_id":"mobilitas","jenis":"krl","nama":"KRL Lin Rangkas","sumber":"OSM","atribut":{"lin":"rangkas"}}},{"type":"Feature","geometry":{"type":"LineString","coordinates":[[106.711043,-6.297729],[106.703363,-6.302063],[106.700947,-6.303555],[106.700258,-6.303944],[106.698995,-6.304527]]},"properties":{"layer_id":"mobilitas","jenis":"krl","nama":"KRL Lin Rangkas","sumber":"OSM","atribut":{"lin":"rangkas"}}},{"type":"Feature","geometry":{"type":"LineString","coordinates":[[106.699032,-6.304597],[106.700288,-6.304],[106.703778,-6.301868],[106.711066,-6.297767]]},"properties":{"layer_id":"mobilitas","jenis":"krl","nama":"KRL Lin Rangkas","sumber":"OSM","atribut":{"lin":"rangkas"}}},{"type":"Feature","geometry":{"type":"LineString","coordinates":[[106.714894,-6.295553],[106.711043,-6.297729]]},"properties":{"layer_id":"mobilitas","jenis":"krl","nama":"KRL Lin Rangkas","sumber":"OSM","atribut":{"lin":"rangkas"}}},{"type":"Feature","geometry":{"type":"LineString","coordinates":[[106.711066,-6.297767],[106.714911,-6.295584]]},"properties":{"layer_id":"mobilitas","jenis":"krl","nama":"KRL Lin Rangkas","sumber":"OSM","atribut":{"lin":"rangkas"}}},{"type":"Feature","geometry":{"type":"LineString","coordinates":[[106.665714,-6.320178],[106.667681,-6.320184]]},"properties":{"layer_id":"mobilitas","jenis":"krl","nama":"KRL Lin Rangkas","sumber":"OSM","atribut":{"lin":"rangkas"}}},{"type":"Feature","geometry":{"type":"LineString","coordinates":[[106.667427,-6.320137],[106.665713,-6.32014]]},"properties":{"layer_id":"mobilitas","jenis":"krl","nama":"KRL Lin Rangkas","sumber":"OSM","atribut":{"lin":"rangkas"}}},{"type":"Feature","geometry":{"type":"LineString","coordinates":[[106.664186,-6.320159],[106.661289,-6.320157],[106.660634,-6.320197],[106.660292,-6.320267],[106.659829,-6.320414],[106.659217,-6.320731]]},"properties":{"layer_id":"mobilitas","jenis":"krl","nama":"KRL Lin Rangkas","sumber":"OSM","atribut":{"lin":"rangkas"}}},{"type":"Feature","geometry":{"type":"LineString","coordinates":[[106.659231,-6.320757],[106.659834,-6.320446],[106.660302,-6.320294],[106.660683,-6.320219],[106.661297,-6.320186],[106.663789,-6.320192]]},"properties":{"layer_id":"mobilitas","jenis":"krl","nama":"KRL Lin Rangkas","sumber":"OSM","atribut":{"lin":"rangkas"}}},{"type":"Feature","geometry":{"type":"LineString","coordinates":[[106.726764,-6.29023],[106.726128,-6.290531],[106.72557,-6.290712],[106.724985,-6.290819],[106.72384,-6.290965],[106.723217,-6.291138],[106.722702,-6.291342],[106.722346,-6.291517],[106.721917,-6.291803],[106.721697,-6.291984],[106.720625,-6.293058],[106.720264,-6.293377],[106.719795,-6.293735],[106.719404,-6.29398],[106.719004,-6.294183],[106.71846,-6.294405],[106.716421,-6.294882],[106.715961,-6.295021],[106.715628,-6.295144],[106.714894,-6.295553]]},"properties":{"layer_id":"mobilitas","jenis":"krl","nama":"KRL Lin Rangkas","sumber":"OSM","atribut":{"lin":"rangkas"}}},{"type":"Feature","geometry":{"type":"LineString","coordinates":[[106.726921,-6.290136],[106.726764,-6.29023]]},"properties":{"layer_id":"mobilitas","jenis":"krl","nama":"KRL Lin Rangkas","sumber":"OSM","atribut":{"lin":"rangkas"}}},{"type":"Feature","geometry":{"type":"LineString","coordinates":[[106.714911,-6.295584],[106.715637,-6.295175],[106.715963,-6.29505],[106.716432,-6.294913],[106.718468,-6.29443],[106.719281,-6.294083],[106.719726,-6.293816],[106.720281,-6.293411],[106.720673,-6.293063],[106.721618,-6.292105],[106.721938,-6.291832],[106.72213,-6.291687],[106.722722,-6.29137],[106.722983,-6.29126],[106.723827,-6.291009],[106.725091,-6.290835],[106.725748,-6.290698],[106.726171,-6.290565],[106.726787,-6.290273]]},"properties":{"layer_id":"mobilitas","jenis":"krl","nama":"KRL Lin Rangkas","sumber":"OSM","atribut":{"lin":"rangkas"}}},{"type":"Feature","geometry":{"type":"LineString","coordinates":[[106.726787,-6.290273],[106.726962,-6.290167]]},"properties":{"layer_id":"mobilitas","jenis":"krl","nama":"KRL Lin Rangkas","sumber":"OSM","atribut":{"lin":"rangkas"}}},{"type":"Feature","geometry":{"type":"LineString","coordinates":[[106.767472,-6.254375],[106.76783,-6.254237]]},"properties":{"layer_id":"mobilitas","jenis":"krl","nama":"KRL Lin Rangkas","sumber":"OSM","atribut":{"lin":"rangkas"}}},{"type":"Feature","geometry":{"type":"LineString","coordinates":[[106.754305,-6.267821],[106.756835,-6.265243],[106.759618,-6.263306],[106.759983,-6.263],[106.760372,-6.262597],[106.760716,-6.262105],[106.760938,-6.261734],[106.761105,-6.261374],[106.761357,-6.260508],[106.761895,-6.258333],[106.762107,-6.257735],[106.762396,-6.257242],[106.762772,-6.256801],[106.763266,-6.256433],[106.764644,-6.255645],[106.766717,-6.254644],[106.767472,-6.254375]]},"properties":{"layer_id":"mobilitas","jenis":"krl","nama":"KRL Lin Rangkas","sumber":"OSM","atribut":{"lin":"rangkas"}}},{"type":"Feature","geometry":{"type":"LineString","coordinates":[[106.767459,-6.254305],[106.766685,-6.254602],[106.764546,-6.255653],[106.763261,-6.256396],[106.762752,-6.256769],[106.762368,-6.257212],[106.762073,-6.257723],[106.761859,-6.258326],[106.761177,-6.261065],[106.760909,-6.261715],[106.760434,-6.262457],[106.76,-6.262947],[106.759567,-6.263307],[106.756831,-6.265212],[106.754278,-6.267787]]},"properties":{"layer_id":"mobilitas","jenis":"krl","nama":"KRL Lin Rangkas","sumber":"OSM","atribut":{"lin":"rangkas"}}},{"type":"Feature","geometry":{"type":"LineString","coordinates":[[106.767782,-6.254182],[106.767459,-6.254305]]},"properties":{"layer_id":"mobilitas","jenis":"krl","nama":"KRL Lin Rangkas","sumber":"OSM","atribut":{"lin":"rangkas"}}},{"type":"Feature","geometry":{"type":"LineString","coordinates":[[106.493718,-6.340316],[106.494022,-6.340897],[106.49432,-6.34136],[106.494818,-6.341923],[106.495363,-6.342376],[106.496176,-6.342837],[106.499646,-6.344521],[106.501039,-6.345236]]},"properties":{"layer_id":"mobilitas","jenis":"krl","nama":"KRL Lin Rangkas","sumber":"OSM","atribut":{"lin":"rangkas"}}},{"type":"Feature","geometry":{"type":"LineString","coordinates":[[106.501039,-6.345236],[106.501231,-6.345346]]},"properties":{"layer_id":"mobilitas","jenis":"krl","nama":"KRL Lin Rangkas","sumber":"OSM","atribut":{"lin":"rangkas"}}},{"type":"Feature","geometry":{"type":"LineString","coordinates":[[106.501054,-6.345184],[106.496187,-6.342802],[106.49579,-6.342601],[106.49541,-6.342361],[106.494791,-6.341849],[106.494407,-6.341415],[106.494206,-6.341137],[106.494058,-6.340902],[106.493349,-6.339498]]},"properties":{"layer_id":"mobilitas","jenis":"krl","nama":"KRL Lin Rangkas","sumber":"OSM","atribut":{"lin":"rangkas"}}},{"type":"Feature","geometry":{"type":"LineString","coordinates":[[106.501273,-6.345308],[106.501054,-6.345184]]},"properties":{"layer_id":"mobilitas","jenis":"krl","nama":"KRL Lin Rangkas","sumber":"OSM","atribut":{"lin":"rangkas"}}},{"type":"Feature","geometry":{"type":"LineString","coordinates":[[106.4824,-6.333968],[106.475838,-6.331614],[106.475055,-6.331308],[106.474625,-6.331099]]},"properties":{"layer_id":"mobilitas","jenis":"krl","nama":"KRL Lin Rangkas","sumber":"OSM","atribut":{"lin":"rangkas"}}},{"type":"Feature","geometry":{"type":"LineString","coordinates":[[106.482669,-6.334064],[106.4824,-6.333968]]},"properties":{"layer_id":"mobilitas","jenis":"krl","nama":"KRL Lin Rangkas","sumber":"OSM","atribut":{"lin":"rangkas"}}},{"type":"Feature","geometry":{"type":"LineString","coordinates":[[106.482371,-6.334022],[106.482641,-6.334118]]},"properties":{"layer_id":"mobilitas","jenis":"krl","nama":"KRL Lin Rangkas","sumber":"OSM","atribut":{"lin":"rangkas"}}},{"type":"Feature","geometry":{"type":"LineString","coordinates":[[106.474602,-6.331146],[106.475617,-6.33158],[106.482371,-6.334022]]},"properties":{"layer_id":"mobilitas","jenis":"krl","nama":"KRL Lin Rangkas","sumber":"OSM","atribut":{"lin":"rangkas"}}},{"type":"Feature","geometry":{"type":"LineString","coordinates":[[106.457888,-6.326537],[106.45298,-6.326882],[106.44548,-6.326836]]},"properties":{"layer_id":"mobilitas","jenis":"krl","nama":"KRL Lin Rangkas","sumber":"OSM","atribut":{"lin":"rangkas"}}},{"type":"Feature","geometry":{"type":"LineString","coordinates":[[106.474625,-6.331099],[106.474439,-6.331]]},"properties":{"layer_id":"mobilitas","jenis":"krl","nama":"KRL Lin Rangkas","sumber":"OSM","atribut":{"lin":"rangkas"}}},{"type":"Feature","geometry":{"type":"LineString","coordinates":[[106.474412,-6.331046],[106.474602,-6.331146]]},"properties":{"layer_id":"mobilitas","jenis":"krl","nama":"KRL Lin Rangkas","sumber":"OSM","atribut":{"lin":"rangkas"}}},{"type":"Feature","geometry":{"type":"LineString","coordinates":[[106.445483,-6.326906],[106.44795,-6.326889],[106.452973,-6.326916],[106.45804,-6.326564]]},"properties":{"layer_id":"mobilitas","jenis":"krl","nama":"KRL Lin Rangkas","sumber":"OSM","atribut":{"lin":"rangkas"}}},{"type":"Feature","geometry":{"type":"LineString","coordinates":[[106.404128,-6.335596],[106.398015,-6.333107]]},"properties":{"layer_id":"mobilitas","jenis":"krl","nama":"KRL Lin Rangkas","sumber":"OSM","atribut":{"lin":"rangkas"}}},{"type":"Feature","geometry":{"type":"LineString","coordinates":[[106.404816,-6.335886],[106.404128,-6.335596]]},"properties":{"layer_id":"mobilitas","jenis":"krl","nama":"KRL Lin Rangkas","sumber":"OSM","atribut":{"lin":"rangkas"}}},{"type":"Feature","geometry":{"type":"LineString","coordinates":[[106.659217,-6.320731],[106.657876,-6.321588]]},"properties":{"layer_id":"mobilitas","jenis":"krl","nama":"KRL Lin Rangkas","sumber":"OSM","atribut":{"lin":"rangkas"}}},{"type":"Feature","geometry":{"type":"LineString","coordinates":[[106.657876,-6.321588],[106.657334,-6.321954],[106.656655,-6.322315],[106.655944,-6.322584],[106.655275,-6.322738],[106.654765,-6.322793],[106.645378,-6.323264],[106.644095,-6.323354]]},"properties":{"layer_id":"mobilitas","jenis":"krl","nama":"KRL Lin Rangkas","sumber":"OSM","atribut":{"lin":"rangkas"}}},{"type":"Feature","geometry":{"type":"LineString","coordinates":[[106.69404,-6.306842],[106.694329,-6.306713]]},"properties":{"layer_id":"mobilitas","jenis":"krl","nama":"KRL Lin Rangkas","sumber":"OSM","atribut":{"lin":"rangkas"}}},{"type":"Feature","geometry":{"type":"LineString","coordinates":[[106.694329,-6.306713],[106.697483,-6.30527],[106.698608,-6.30479]]},"properties":{"layer_id":"mobilitas","jenis":"krl","nama":"KRL Lin Rangkas","sumber":"OSM","atribut":{"lin":"rangkas"}}},{"type":"Feature","geometry":{"type":"LineString","coordinates":[[106.694297,-6.306666],[106.694024,-6.30679]]},"properties":{"layer_id":"mobilitas","jenis":"krl","nama":"KRL Lin Rangkas","sumber":"OSM","atribut":{"lin":"rangkas"}}},{"type":"Feature","geometry":{"type":"LineString","coordinates":[[106.698564,-6.304719],[106.694297,-6.306666]]},"properties":{"layer_id":"mobilitas","jenis":"krl","nama":"KRL Lin Rangkas","sumber":"OSM","atribut":{"lin":"rangkas"}}},{"type":"Feature","geometry":{"type":"LineString","coordinates":[[106.924867,-6.215785],[106.938478,-6.217411]]},"properties":{"layer_id":"mobilitas","jenis":"krl","nama":"KRL Lin Cikarang","sumber":"OSM","atribut":{"lin":"cikarang"}}},{"type":"Feature","geometry":{"type":"LineString","coordinates":[[106.900642,-6.213407],[106.902933,-6.213388],[106.905337,-6.213451],[106.907091,-6.213626],[106.910037,-6.213992]]},"properties":{"layer_id":"mobilitas","jenis":"krl","nama":"KRL Lin Cikarang","sumber":"OSM","atribut":{"lin":"cikarang"}}},{"type":"Feature","geometry":{"type":"LineString","coordinates":[[106.895668,-6.213195],[106.895851,-6.213199]]},"properties":{"layer_id":"mobilitas","jenis":"krl","nama":"KRL Lin Cikarang","sumber":"OSM","atribut":{"lin":"cikarang"}}},{"type":"Feature","geometry":{"type":"LineString","coordinates":[[106.895666,-6.213236],[106.895849,-6.213239]]},"properties":{"layer_id":"mobilitas","jenis":"krl","nama":"KRL Lin Cikarang","sumber":"OSM","atribut":{"lin":"cikarang"}}},{"type":"Feature","geometry":{"type":"LineString","coordinates":[[106.766799,-6.160559],[106.766848,-6.160566]]},"properties":{"layer_id":"mobilitas","jenis":"krl","nama":"KRL lintas lain","sumber":"OSM","atribut":{"lin":"lain"}}},{"type":"Feature","geometry":{"type":"LineString","coordinates":[[106.73757,-6.159641],[106.737448,-6.159689]]},"properties":{"layer_id":"mobilitas","jenis":"krl","nama":"KRL lintas lain","sumber":"OSM","atribut":{"lin":"lain"}}},{"type":"Feature","geometry":{"type":"LineString","coordinates":[[106.668785,-6.171667],[106.682396,-6.16948],[106.699177,-6.166737],[106.720673,-6.16314]]},"properties":{"layer_id":"mobilitas","jenis":"krl","nama":"KRL lintas lain","sumber":"OSM","atribut":{"lin":"lain"}}},{"type":"Feature","geometry":{"type":"LineString","coordinates":[[106.747956,-6.158283],[106.747513,-6.158335]]},"properties":{"layer_id":"mobilitas","jenis":"krl","nama":"KRL lintas lain","sumber":"OSM","atribut":{"lin":"lain"}}},{"type":"Feature","geometry":{"type":"LineString","coordinates":[[106.747513,-6.158335],[106.739981,-6.158936],[106.739149,-6.159089],[106.73852,-6.159277],[106.73757,-6.159641]]},"properties":{"layer_id":"mobilitas","jenis":"krl","nama":"KRL lintas lain","sumber":"OSM","atribut":{"lin":"lain"}}},{"type":"Feature","geometry":{"type":"LineString","coordinates":[[106.747956,-6.158283],[106.750667,-6.158046],[106.752554,-6.157938],[106.753705,-6.158024],[106.75672,-6.158661]]},"properties":{"layer_id":"mobilitas","jenis":"krl","nama":"KRL lintas lain","sumber":"OSM","atribut":{"lin":"lain"}}},{"type":"Feature","geometry":{"type":"LineString","coordinates":[[106.635057,-6.148119],[106.635462,-6.148338],[106.635734,-6.14844],[106.636287,-6.148583],[106.636678,-6.14863],[106.637485,-6.148606],[106.638198,-6.148448],[106.63858,-6.148297],[106.639134,-6.148008],[106.640942,-6.146698],[106.641677,-6.146242],[106.649494,-6.143061],[106.650042,-6.142865],[106.650445,-6.142759],[106.65117,-6.142662],[106.651958,-6.142661],[106.65269,-6.142781]]},"properties":{"layer_id":"mobilitas","jenis":"krl","nama":"KRL lintas lain","sumber":"OSM","atribut":{"lin":"lain"}}},{"type":"Feature","geometry":{"type":"LineString","coordinates":[[106.652698,-6.142735],[106.651945,-6.14262],[106.651175,-6.142621],[106.650448,-6.142721],[106.65004,-6.142821],[106.649482,-6.143016],[106.641655,-6.146206],[106.640912,-6.146658],[106.639122,-6.147953],[106.638824,-6.14813],[106.638185,-6.148409],[106.637868,-6.148498],[106.637476,-6.14856],[106.636699,-6.148589],[106.635919,-6.148442],[106.635455,-6.148274],[106.635097,-6.148075]]},"properties":{"layer_id":"mobilitas","jenis":"krl","nama":"KRL lintas lain","sumber":"OSM","atribut":{"lin":"lain"}}},{"type":"Feature","geometry":{"type":"LineString","coordinates":[[106.646696,-6.129614],[106.647087,-6.129456]]},"properties":{"layer_id":"mobilitas","jenis":"krl","nama":"KRL lintas lain","sumber":"OSM","atribut":{"lin":"lain"}}},{"type":"Feature","geometry":{"type":"LineString","coordinates":[[106.647087,-6.129456],[106.647567,-6.129262]]},"properties":{"layer_id":"mobilitas","jenis":"krl","nama":"KRL lintas lain","sumber":"OSM","atribut":{"lin":"lain"}}},{"type":"Feature","geometry":{"type":"LineString","coordinates":[[106.646249,-6.129794],[106.646696,-6.129614]]},"properties":{"layer_id":"mobilitas","jenis":"krl","nama":"KRL lintas lain","sumber":"OSM","atribut":{"lin":"lain"}}},{"type":"Feature","geometry":{"type":"LineString","coordinates":[[106.651824,-6.127572],[106.649551,-6.128471]]},"properties":{"layer_id":"mobilitas","jenis":"krl","nama":"KRL lintas lain","sumber":"OSM","atribut":{"lin":"lain"}}},{"type":"Feature","geometry":{"type":"LineString","coordinates":[[106.830118,-6.174528],[106.829863,-6.173372],[106.829753,-6.172368],[106.829758,-6.171946],[106.829818,-6.171376],[106.829886,-6.171063],[106.830339,-6.169355],[106.830447,-6.168835],[106.830506,-6.168264],[106.830505,-6.167564]]},"properties":{"layer_id":"mobilitas","jenis":"krl","nama":"KRL Lin Bogor","sumber":"OSM","atribut":{"lin":"bogor"}}},{"type":"Feature","geometry":{"type":"LineString","coordinates":[[106.810315,-6.191645],[106.810868,-6.189618],[106.810964,-6.18915],[106.811047,-6.1885],[106.811027,-6.187895]]},"properties":{"layer_id":"mobilitas","jenis":"krl","nama":"KRL Lin Rangkas","sumber":"OSM","atribut":{"lin":"rangkas"}}},{"type":"Feature","geometry":{"type":"LineString","coordinates":[[106.825732,-6.202971],[106.830555,-6.204108],[106.831259,-6.204235],[106.837035,-6.205081],[106.837324,-6.205153],[106.841146,-6.206429],[106.841683,-6.20657],[106.842051,-6.206592],[106.842514,-6.206558],[106.842711,-6.206514],[106.843243,-6.206325],[106.844184,-6.205849],[106.844757,-6.205718],[106.84504,-6.205702],[106.845245,-6.205703],[106.845704,-6.205771],[106.846281,-6.205976],[106.846776,-6.206289],[106.84708,-6.206584]]},"properties":{"layer_id":"mobilitas","jenis":"krl","nama":"KRL Lin Cikarang","sumber":"OSM","atribut":{"lin":"cikarang"}}},{"type":"Feature","geometry":{"type":"LineString","coordinates":[[106.823235,-6.202374],[106.823681,-6.20248]]},"properties":{"layer_id":"mobilitas","jenis":"krl","nama":"KRL Lin Cikarang","sumber":"OSM","atribut":{"lin":"cikarang"}}},{"type":"Feature","geometry":{"type":"LineString","coordinates":[[106.823242,-6.202345],[106.823688,-6.20245]]},"properties":{"layer_id":"mobilitas","jenis":"krl","nama":"KRL Lin Cikarang","sumber":"OSM","atribut":{"lin":"cikarang"}}},{"type":"Feature","geometry":{"type":"LineString","coordinates":[[106.810993,-6.185549],[106.811036,-6.185901]]},"properties":{"layer_id":"mobilitas","jenis":"krl","nama":"KRL Lin Cikarang","sumber":"OSM","atribut":{"lin":"cikarang"}}},{"type":"Feature","geometry":{"type":"LineString","coordinates":[[106.924856,-6.215821],[106.936064,-6.217149],[106.938393,-6.217462]]},"properties":{"layer_id":"mobilitas","jenis":"krl","nama":"KRL Lin Cikarang","sumber":"OSM","atribut":{"lin":"cikarang"}}},{"type":"Feature","geometry":{"type":"LineString","coordinates":[[106.910037,-6.213992],[106.910199,-6.214014]]},"properties":{"layer_id":"mobilitas","jenis":"krl","nama":"KRL Lin Cikarang","sumber":"OSM","atribut":{"lin":"cikarang"}}},{"type":"Feature","geometry":{"type":"LineString","coordinates":[[106.910043,-6.213958],[106.910207,-6.213981]]},"properties":{"layer_id":"mobilitas","jenis":"krl","nama":"KRL Lin Cikarang","sumber":"OSM","atribut":{"lin":"cikarang"}}},{"type":"Feature","geometry":{"type":"LineString","coordinates":[[106.901022,-6.213296],[106.905342,-6.213416],[106.906284,-6.213496],[106.910043,-6.213958]]},"properties":{"layer_id":"mobilitas","jenis":"krl","nama":"KRL Lin Cikarang","sumber":"OSM","atribut":{"lin":"cikarang"}}},{"type":"Feature","geometry":{"type":"LineString","coordinates":[[106.924621,-6.215789],[106.924856,-6.215821]]},"properties":{"layer_id":"mobilitas","jenis":"krl","nama":"KRL Lin Cikarang","sumber":"OSM","atribut":{"lin":"cikarang"}}},{"type":"Feature","geometry":{"type":"LineString","coordinates":[[106.910199,-6.214014],[106.921391,-6.215428]]},"properties":{"layer_id":"mobilitas","jenis":"krl","nama":"KRL Lin Cikarang","sumber":"OSM","atribut":{"lin":"cikarang"}}},{"type":"Feature","geometry":{"type":"LineString","coordinates":[[106.92463,-6.215754],[106.924867,-6.215785]]},"properties":{"layer_id":"mobilitas","jenis":"krl","nama":"KRL Lin Cikarang","sumber":"OSM","atribut":{"lin":"cikarang"}}},{"type":"Feature","geometry":{"type":"LineString","coordinates":[[106.910207,-6.213981],[106.919427,-6.21512],[106.921403,-6.215326]]},"properties":{"layer_id":"mobilitas","jenis":"krl","nama":"KRL Lin Cikarang","sumber":"OSM","atribut":{"lin":"cikarang"}}},{"type":"Feature","geometry":{"type":"LineString","coordinates":[[106.856794,-6.194051],[106.857969,-6.19562],[106.858412,-6.196292],[106.858688,-6.19683],[106.859038,-6.19764],[106.860032,-6.200736],[106.862178,-6.208566]]},"properties":{"layer_id":"mobilitas","jenis":"krl","nama":"KRL Lin Cikarang","sumber":"OSM","atribut":{"lin":"cikarang"}}},{"type":"Feature","geometry":{"type":"LineString","coordinates":[[106.851618,-6.187188],[106.851697,-6.187295]]},"properties":{"layer_id":"mobilitas","jenis":"krl","nama":"KRL Lin Cikarang","sumber":"OSM","atribut":{"lin":"cikarang"}}},{"type":"Feature","geometry":{"type":"LineString","coordinates":[[107.177386,-6.27007],[107.175583,-6.269581],[107.17474,-6.269261],[107.174293,-6.269046],[107.172114,-6.267713],[107.171549,-6.267412],[107.166792,-6.265161],[107.162301,-6.262989]]},"properties":{"layer_id":"mobilitas","jenis":"krl","nama":"KRL Lin Cikarang","sumber":"OSM","atribut":{"lin":"cikarang"}}},{"type":"Feature","geometry":{"type":"LineString","coordinates":[[106.840833,-6.159528],[106.840367,-6.157991],[106.838953,-6.152147],[106.837213,-6.146303]]},"properties":{"layer_id":"mobilitas","jenis":"krl","nama":"KRL Lin Cikarang","sumber":"OSM","atribut":{"lin":"cikarang"}}},{"type":"Feature","geometry":{"type":"LineString","coordinates":[[106.843182,-6.170354],[106.843433,-6.171295],[106.843688,-6.171916]]},"properties":{"layer_id":"mobilitas","jenis":"krl","nama":"KRL Lin Cikarang","sumber":"OSM","atribut":{"lin":"cikarang"}}},{"type":"Feature","geometry":{"type":"LineString","coordinates":[[106.81039,-6.180828],[106.810253,-6.179909],[106.810053,-6.179417],[106.806539,-6.174325]]},"properties":{"layer_id":"mobilitas","jenis":"krl","nama":"KRL Lin Cikarang","sumber":"OSM","atribut":{"lin":"cikarang"}}},{"type":"Feature","geometry":{"type":"LineString","coordinates":[[106.817839,-6.201167],[106.813952,-6.200315],[106.813393,-6.200106],[106.812864,-6.199762],[106.81243,-6.199325],[106.812104,-6.198776],[106.810789,-6.195656]]},"properties":{"layer_id":"mobilitas","jenis":"krl","nama":"KRL Lin Cikarang","sumber":"OSM","atribut":{"lin":"cikarang"}}},{"type":"Feature","geometry":{"type":"LineString","coordinates":[[106.806539,-6.174325],[106.802818,-6.168919],[106.802471,-6.168369],[106.802169,-6.167656],[106.802092,-6.167374],[106.802011,-6.166715],[106.801628,-6.160086]]},"properties":{"layer_id":"mobilitas","jenis":"krl","nama":"KRL Lin Cikarang","sumber":"OSM","atribut":{"lin":"cikarang"}}},{"type":"Feature","geometry":{"type":"LineString","coordinates":[[106.810756,-6.19567],[106.812058,-6.198788],[106.8122,-6.19907],[106.812391,-6.199346],[106.81265,-6.199627],[106.813129,-6.200004],[106.813646,-6.200263],[106.815548,-6.200709]]},"properties":{"layer_id":"mobilitas","jenis":"krl","nama":"KRL Lin Cikarang","sumber":"OSM","atribut":{"lin":"cikarang"}}},{"type":"Feature","geometry":{"type":"LineString","coordinates":[[106.892527,-6.213129],[106.895668,-6.213195]]},"properties":{"layer_id":"mobilitas","jenis":"krl","nama":"KRL Lin Cikarang","sumber":"OSM","atribut":{"lin":"cikarang"}}},{"type":"Feature","geometry":{"type":"LineString","coordinates":[[106.892294,-6.213123],[106.892527,-6.213129]]},"properties":{"layer_id":"mobilitas","jenis":"krl","nama":"KRL Lin Cikarang","sumber":"OSM","atribut":{"lin":"cikarang"}}},{"type":"Feature","geometry":{"type":"LineString","coordinates":[[106.892521,-6.213166],[106.895666,-6.213236]]},"properties":{"layer_id":"mobilitas","jenis":"krl","nama":"KRL Lin Cikarang","sumber":"OSM","atribut":{"lin":"cikarang"}}},{"type":"Feature","geometry":{"type":"LineString","coordinates":[[106.892297,-6.21316],[106.892521,-6.213166]]},"properties":{"layer_id":"mobilitas","jenis":"krl","nama":"KRL Lin Cikarang","sumber":"OSM","atribut":{"lin":"cikarang"}}},{"type":"Feature","geometry":{"type":"LineString","coordinates":[[106.800456,-6.481834],[106.800392,-6.481908]]},"properties":{"layer_id":"mobilitas","jenis":"krl","nama":"KRL Lin Bogor","sumber":"OSM","atribut":{"lin":"bogor"}}},{"type":"Feature","geometry":{"type":"LineString","coordinates":[[106.802462,-6.468284],[106.802692,-6.469796],[106.802719,-6.470956],[106.802769,-6.476065],[106.802641,-6.477277],[106.802478,-6.478093],[106.802059,-6.479247],[106.801744,-6.479958],[106.801442,-6.480507],[106.801129,-6.480982],[106.800456,-6.481834]]},"properties":{"layer_id":"mobilitas","jenis":"krl","nama":"KRL Lin Bogor","sumber":"OSM","atribut":{"lin":"bogor"}}},{"type":"Feature","geometry":{"type":"LineString","coordinates":[[106.802445,-6.468184],[106.802462,-6.468284]]},"properties":{"layer_id":"mobilitas","jenis":"krl","nama":"KRL Lin Bogor","sumber":"OSM","atribut":{"lin":"bogor"}}},{"type":"Feature","geometry":{"type":"LineString","coordinates":[[106.800989,-6.454895],[106.800792,-6.456169],[106.80074,-6.456844],[106.800728,-6.458319],[106.800755,-6.458828],[106.800892,-6.459877],[106.801381,-6.462638],[106.802445,-6.468184]]},"properties":{"layer_id":"mobilitas","jenis":"krl","nama":"KRL Lin Bogor","sumber":"OSM","atribut":{"lin":"bogor"}}},{"type":"Feature","geometry":{"type":"LineString","coordinates":[[106.8005,-6.481855],[106.800429,-6.481932]]},"properties":{"layer_id":"mobilitas","jenis":"krl","nama":"KRL Lin Bogor","sumber":"OSM","atribut":{"lin":"bogor"}}},{"type":"Feature","geometry":{"type":"LineString","coordinates":[[106.802503,-6.468317],[106.802738,-6.46968],[106.80278,-6.470814],[106.802814,-6.473101],[106.802808,-6.476053],[106.802685,-6.477247],[106.802518,-6.478106],[106.802332,-6.478673],[106.801951,-6.479606],[106.801608,-6.480317],[106.801239,-6.480901],[106.8005,-6.481855]]},"properties":{"layer_id":"mobilitas","jenis":"krl","nama":"KRL Lin Bogor","sumber":"OSM","atribut":{"lin":"bogor"}}},{"type":"Feature","geometry":{"type":"LineString","coordinates":[[106.802473,-6.468152],[106.802503,-6.468317]]},"properties":{"layer_id":"mobilitas","jenis":"krl","nama":"KRL Lin Bogor","sumber":"OSM","atribut":{"lin":"bogor"}}},{"type":"Feature","geometry":{"type":"LineString","coordinates":[[106.8155,-6.41264],[106.814727,-6.416317],[106.81424,-6.418412],[106.809933,-6.430937],[106.808309,-6.435536],[106.807571,-6.437185],[106.803184,-6.446417],[106.802731,-6.447649]]},"properties":{"layer_id":"mobilitas","jenis":"krl","nama":"KRL Lin Bogor","sumber":"OSM","atribut":{"lin":"bogor"}}},{"type":"Feature","geometry":{"type":"LineString","coordinates":[[106.810898,-6.187126],[106.810794,-6.186527]]},"properties":{"layer_id":"mobilitas","jenis":"krl","nama":"KRL Lin Rangkas","sumber":"OSM","atribut":{"lin":"rangkas"}}},{"type":"Feature","geometry":{"type":"LineString","coordinates":[[106.79557,-6.214131],[106.795209,-6.214514],[106.794155,-6.215467],[106.793626,-6.216042],[106.793051,-6.216776],[106.792484,-6.217697],[106.792334,-6.217978],[106.790301,-6.222859],[106.789629,-6.224341],[106.785991,-6.230552],[106.784449,-6.233118]]},"properties":{"layer_id":"mobilitas","jenis":"krl","nama":"KRL Lin Rangkas","sumber":"OSM","atribut":{"lin":"rangkas"}}},{"type":"Feature","geometry":{"type":"LineString","coordinates":[[106.798472,-6.161332],[106.79794,-6.161547]]},"properties":{"layer_id":"mobilitas","jenis":"krl","nama":"KRL lintas lain","sumber":"OSM","atribut":{"lin":"lain"}}},{"type":"Feature","geometry":{"type":"LineString","coordinates":[[106.798477,-6.161329],[106.799905,-6.160704],[106.800351,-6.160461],[106.800621,-6.160247],[106.801038,-6.159763],[106.801185,-6.159468],[106.801335,-6.159018],[106.801387,-6.158737],[106.801405,-6.158439],[106.801372,-6.157709]]},"properties":{"layer_id":"mobilitas","jenis":"krl","nama":"KRL lintas lain","sumber":"OSM","atribut":{"lin":"lain"}}},{"type":"Feature","geometry":{"type":"LineString","coordinates":[[106.809997,-6.197952],[106.809771,-6.198241]]},"properties":{"layer_id":"mobilitas","jenis":"krl","nama":"KRL Lin Rangkas","sumber":"OSM","atribut":{"lin":"rangkas"}}},{"type":"Feature","geometry":{"type":"LineString","coordinates":[[106.810966,-6.187655],[106.811003,-6.188497],[106.810918,-6.189149],[106.810835,-6.189602],[106.810097,-6.19231],[106.809975,-6.193094],[106.809984,-6.193791],[106.810043,-6.194219],[106.810338,-6.195531],[106.810448,-6.19621],[106.810454,-6.196555],[106.810421,-6.196866],[106.810307,-6.197328],[106.810187,-6.197621],[106.809997,-6.197952]]},"properties":{"layer_id":"mobilitas","jenis":"krl","nama":"KRL Lin Rangkas","sumber":"OSM","atribut":{"lin":"rangkas"}}},{"type":"Feature","geometry":{"type":"LineString","coordinates":[[106.81004,-6.197984],[106.809805,-6.198277]]},"properties":{"layer_id":"mobilitas","jenis":"krl","nama":"KRL Lin Rangkas","sumber":"OSM","atribut":{"lin":"rangkas"}}},{"type":"Feature","geometry":{"type":"LineString","coordinates":[[106.81004,-6.197984],[106.810234,-6.197643],[106.810372,-6.197311],[106.810504,-6.196564],[106.810499,-6.196212],[106.810458,-6.195935],[106.810079,-6.1942],[106.810023,-6.193795],[106.810005,-6.193351],[106.810078,-6.19256],[106.810315,-6.191645]]},"properties":{"layer_id":"mobilitas","jenis":"krl","nama":"KRL Lin Rangkas","sumber":"OSM","atribut":{"lin":"rangkas"}}},{"type":"Feature","geometry":{"type":"LineString","coordinates":[[106.809641,-6.131084],[106.810182,-6.130944]]},"properties":{"layer_id":"mobilitas","jenis":"krl","nama":"KRL Lin Cikarang","sumber":"OSM","atribut":{"lin":"cikarang"}}},{"type":"Feature","geometry":{"type":"LineString","coordinates":[[106.810182,-6.130944],[106.810237,-6.130931]]},"properties":{"layer_id":"mobilitas","jenis":"krl","nama":"KRL Lin Cikarang","sumber":"OSM","atribut":{"lin":"cikarang"}}},{"type":"Feature","geometry":{"type":"LineString","coordinates":[[106.807127,-6.131737],[106.809561,-6.131105]]},"properties":{"layer_id":"mobilitas","jenis":"krl","nama":"KRL Lin Cikarang","sumber":"OSM","atribut":{"lin":"cikarang"}}},{"type":"Feature","geometry":{"type":"LineString","coordinates":[[106.809561,-6.131105],[106.809641,-6.131084]]},"properties":{"layer_id":"mobilitas","jenis":"krl","nama":"KRL Lin Cikarang","sumber":"OSM","atribut":{"lin":"cikarang"}}},{"type":"Feature","geometry":{"type":"LineString","coordinates":[[106.806511,-6.174346],[106.810017,-6.179435],[106.81016,-6.17974],[106.810263,-6.180131],[106.810502,-6.182258]]},"properties":{"layer_id":"mobilitas","jenis":"krl","nama":"KRL Lin Cikarang","sumber":"OSM","atribut":{"lin":"cikarang"}}},{"type":"Feature","geometry":{"type":"LineString","coordinates":[[106.801582,-6.159607],[106.801979,-6.166719],[106.802031,-6.167204],[106.802143,-6.167669],[106.802535,-6.168565],[106.803284,-6.169692],[106.806511,-6.174346]]},"properties":{"layer_id":"mobilitas","jenis":"krl","nama":"KRL Lin Cikarang","sumber":"OSM","atribut":{"lin":"cikarang"}}},{"type":"Feature","geometry":{"type":"LineString","coordinates":[[106.79566,-6.214083],[106.795582,-6.214192]]},"properties":{"layer_id":"mobilitas","jenis":"krl","nama":"KRL Lin Rangkas","sumber":"OSM","atribut":{"lin":"rangkas"}}},{"type":"Feature","geometry":{"type":"LineString","coordinates":[[106.799905,-6.2045],[106.806755,-6.201324],[106.807096,-6.201135],[106.807542,-6.200813],[106.807989,-6.200401],[106.809754,-6.198338]]},"properties":{"layer_id":"mobilitas","jenis":"krl","nama":"KRL Lin Rangkas","sumber":"OSM","atribut":{"lin":"rangkas"}}},{"type":"Feature","geometry":{"type":"LineString","coordinates":[[106.795636,-6.214046],[106.79557,-6.214131]]},"properties":{"layer_id":"mobilitas","jenis":"krl","nama":"KRL Lin Rangkas","sumber":"OSM","atribut":{"lin":"rangkas"}}},{"type":"Feature","geometry":{"type":"LineString","coordinates":[[106.800491,-6.204185],[106.79922,-6.204784],[106.798775,-6.205097],[106.798448,-6.205456],[106.798115,-6.205993],[106.796555,-6.20942]]},"properties":{"layer_id":"mobilitas","jenis":"krl","nama":"KRL Lin Rangkas","sumber":"OSM","atribut":{"lin":"rangkas"}}},{"type":"Feature","geometry":{"type":"LineString","coordinates":[[106.810722,-6.195588],[106.810756,-6.19567]]},"properties":{"layer_id":"mobilitas","jenis":"krl","nama":"KRL Lin Cikarang","sumber":"OSM","atribut":{"lin":"cikarang"}}},{"type":"Feature","geometry":{"type":"LineString","coordinates":[[106.810931,-6.189542],[106.810401,-6.191475],[106.810226,-6.192297],[106.8102,-6.192639],[106.810209,-6.193068],[106.810425,-6.194625],[106.8105,-6.194962],[106.810722,-6.195588]]},"properties":{"layer_id":"mobilitas","jenis":"krl","nama":"KRL Lin Cikarang","sumber":"OSM","atribut":{"lin":"cikarang"}}},{"type":"Feature","geometry":{"type":"LineString","coordinates":[[106.810755,-6.195574],[106.810789,-6.195656]]},"properties":{"layer_id":"mobilitas","jenis":"krl","nama":"KRL Lin Cikarang","sumber":"OSM","atribut":{"lin":"cikarang"}}},{"type":"Feature","geometry":{"type":"LineString","coordinates":[[106.810755,-6.195574],[106.810607,-6.195202],[106.810452,-6.194618],[106.810248,-6.193072],[106.810244,-6.192456],[106.810439,-6.191483],[106.810973,-6.189549]]},"properties":{"layer_id":"mobilitas","jenis":"krl","nama":"KRL Lin Cikarang","sumber":"OSM","atribut":{"lin":"cikarang"}}},{"type":"Feature","geometry":{"type":"LineString","coordinates":[[106.806504,-6.131898],[106.807047,-6.131757]]},"properties":{"layer_id":"mobilitas","jenis":"krl","nama":"KRL Lin Cikarang","sumber":"OSM","atribut":{"lin":"cikarang"}}},{"type":"Feature","geometry":{"type":"LineString","coordinates":[[106.807047,-6.131757],[106.807127,-6.131737]]},"properties":{"layer_id":"mobilitas","jenis":"krl","nama":"KRL Lin Cikarang","sumber":"OSM","atribut":{"lin":"cikarang"}}},{"type":"Feature","geometry":{"type":"LineString","coordinates":[[106.84777,-6.207461],[106.847461,-6.207053]]},"properties":{"layer_id":"mobilitas","jenis":"krl","nama":"KRL Lin Cikarang","sumber":"OSM","atribut":{"lin":"cikarang"}}},{"type":"Feature","geometry":{"type":"LineString","coordinates":[[106.828931,-6.132701],[106.829644,-6.133124],[106.830056,-6.13351],[106.830259,-6.133758],[106.830509,-6.134188],[106.830669,-6.134709],[106.830703,-6.135302],[106.830692,-6.138531],[106.830714,-6.139114],[106.830778,-6.139482],[106.830946,-6.139938],[106.831243,-6.140417],[106.831694,-6.140885],[106.832258,-6.141259],[106.832812,-6.141511]]},"properties":{"layer_id":"mobilitas","jenis":"krl","nama":"KRL Lin Cikarang","sumber":"OSM","atribut":{"lin":"cikarang"}}},{"type":"Feature","geometry":{"type":"LineString","coordinates":[[106.824464,-6.132418],[106.825926,-6.132161]]},"properties":{"layer_id":"mobilitas","jenis":"krl","nama":"KRL Lin Cikarang","sumber":"OSM","atribut":{"lin":"cikarang"}}},{"type":"Feature","geometry":{"type":"LineString","coordinates":[[106.801372,-6.157709],[106.801532,-6.158931]]},"properties":{"layer_id":"mobilitas","jenis":"krl","nama":"KRL lintas lain","sumber":"OSM","atribut":{"lin":"lain"}}},{"type":"Feature","geometry":{"type":"LineString","coordinates":[[106.881506,-6.110557],[106.878476,-6.112884]]},"properties":{"layer_id":"mobilitas","jenis":"krl","nama":"KRL lintas lain","sumber":"OSM","atribut":{"lin":"lain"}}},{"type":"Feature","geometry":{"type":"LineString","coordinates":[[106.814854,-6.130173],[106.814115,-6.130003],[106.813736,-6.129989],[106.813421,-6.130045],[106.812033,-6.130417]]},"properties":{"layer_id":"mobilitas","jenis":"krl","nama":"KRL Lin Cikarang","sumber":"OSM","atribut":{"lin":"cikarang"}}},{"type":"Feature","geometry":{"type":"LineString","coordinates":[[106.815272,-6.13026],[106.814854,-6.130173]]},"properties":{"layer_id":"mobilitas","jenis":"krl","nama":"KRL Lin Cikarang","sumber":"OSM","atribut":{"lin":"cikarang"}}},{"type":"Feature","geometry":{"type":"LineString","coordinates":[[106.805644,-6.132066],[106.802577,-6.132852],[106.802138,-6.13301],[106.801856,-6.133151],[106.801355,-6.133496],[106.801114,-6.13371],[106.800722,-6.134209],[106.800396,-6.134897],[106.800229,-6.135717],[106.800249,-6.136551]]},"properties":{"layer_id":"mobilitas","jenis":"krl","nama":"KRL Lin Cikarang","sumber":"OSM","atribut":{"lin":"cikarang"}}},{"type":"Feature","geometry":{"type":"LineString","coordinates":[[106.806491,-6.131849],[106.805644,-6.132066]]},"properties":{"layer_id":"mobilitas","jenis":"krl","nama":"KRL Lin Cikarang","sumber":"OSM","atribut":{"lin":"cikarang"}}},{"type":"Feature","geometry":{"type":"LineString","coordinates":[[106.807033,-6.131707],[106.806491,-6.131849]]},"properties":{"layer_id":"mobilitas","jenis":"krl","nama":"KRL Lin Cikarang","sumber":"OSM","atribut":{"lin":"cikarang"}}},{"type":"Feature","geometry":{"type":"LineString","coordinates":[[106.807116,-6.131683],[106.807033,-6.131707]]},"properties":{"layer_id":"mobilitas","jenis":"krl","nama":"KRL Lin Cikarang","sumber":"OSM","atribut":{"lin":"cikarang"}}},{"type":"Feature","geometry":{"type":"LineString","coordinates":[[106.80963,-6.131034],[106.809551,-6.131057]]},"properties":{"layer_id":"mobilitas","jenis":"krl","nama":"KRL Lin Cikarang","sumber":"OSM","atribut":{"lin":"cikarang"}}},{"type":"Feature","geometry":{"type":"LineString","coordinates":[[106.809551,-6.131057],[106.807116,-6.131683]]},"properties":{"layer_id":"mobilitas","jenis":"krl","nama":"KRL Lin Cikarang","sumber":"OSM","atribut":{"lin":"cikarang"}}},{"type":"Feature","geometry":{"type":"LineString","coordinates":[[106.810168,-6.130895],[106.80963,-6.131034]]},"properties":{"layer_id":"mobilitas","jenis":"krl","nama":"KRL Lin Cikarang","sumber":"OSM","atribut":{"lin":"cikarang"}}},{"type":"Feature","geometry":{"type":"LineString","coordinates":[[106.810223,-6.130881],[106.810168,-6.130895]]},"properties":{"layer_id":"mobilitas","jenis":"krl","nama":"KRL Lin Cikarang","sumber":"OSM","atribut":{"lin":"cikarang"}}},{"type":"Feature","geometry":{"type":"LineString","coordinates":[[106.810337,-6.13085],[106.810223,-6.130881]]},"properties":{"layer_id":"mobilitas","jenis":"krl","nama":"KRL Lin Cikarang","sumber":"OSM","atribut":{"lin":"cikarang"}}},{"type":"Feature","geometry":{"type":"LineString","coordinates":[[106.810632,-6.130777],[106.810337,-6.13085]]},"properties":{"layer_id":"mobilitas","jenis":"krl","nama":"KRL Lin Cikarang","sumber":"OSM","atribut":{"lin":"cikarang"}}},{"type":"Feature","geometry":{"type":"LineString","coordinates":[[106.80094,-6.148362],[106.800945,-6.148479]]},"properties":{"layer_id":"mobilitas","jenis":"krl","nama":"KRL Lin Cikarang","sumber":"OSM","atribut":{"lin":"cikarang"}}},{"type":"Feature","geometry":{"type":"LineString","coordinates":[[106.800945,-6.148479],[106.801216,-6.153298]]},"properties":{"layer_id":"mobilitas","jenis":"krl","nama":"KRL Lin Cikarang","sumber":"OSM","atribut":{"lin":"cikarang"}}},{"type":"Feature","geometry":{"type":"LineString","coordinates":[[106.801448,-6.158078],[106.801532,-6.158931]]},"properties":{"layer_id":"mobilitas","jenis":"krl","nama":"KRL Lin Cikarang","sumber":"OSM","atribut":{"lin":"cikarang"}}},{"type":"Feature","geometry":{"type":"LineString","coordinates":[[106.851651,-6.187168],[106.851727,-6.187271]]},"properties":{"layer_id":"mobilitas","jenis":"krl","nama":"KRL Lin Cikarang","sumber":"OSM","atribut":{"lin":"cikarang"}}},{"type":"Feature","geometry":{"type":"LineString","coordinates":[[106.862212,-6.208563],[106.860074,-6.200732],[106.859071,-6.197613],[106.858724,-6.196814],[106.858438,-6.196274],[106.857999,-6.195604],[106.856829,-6.19403]]},"properties":{"layer_id":"mobilitas","jenis":"krl","nama":"KRL Lin Cikarang","sumber":"OSM","atribut":{"lin":"cikarang"}}},{"type":"Feature","geometry":{"type":"LineString","coordinates":[[106.945521,-6.218279],[106.946728,-6.218405],[106.948306,-6.218641]]},"properties":{"layer_id":"mobilitas","jenis":"krl","nama":"KRL Lin Cikarang","sumber":"OSM","atribut":{"lin":"cikarang"}}},{"type":"Feature","geometry":{"type":"LineString","coordinates":[[106.945329,-6.218256],[106.945521,-6.218279]]},"properties":{"layer_id":"mobilitas","jenis":"krl","nama":"KRL Lin Cikarang","sumber":"OSM","atribut":{"lin":"cikarang"}}},{"type":"Feature","geometry":{"type":"LineString","coordinates":[[106.945526,-6.21824],[106.946742,-6.218369],[106.948342,-6.218618]]},"properties":{"layer_id":"mobilitas","jenis":"krl","nama":"KRL Lin Cikarang","sumber":"OSM","atribut":{"lin":"cikarang"}}},{"type":"Feature","geometry":{"type":"LineString","coordinates":[[106.945338,-6.218219],[106.945526,-6.21824]]},"properties":{"layer_id":"mobilitas","jenis":"krl","nama":"KRL Lin Cikarang","sumber":"OSM","atribut":{"lin":"cikarang"}}},{"type":"Feature","geometry":{"type":"LineString","coordinates":[[106.832889,-6.186933],[106.833222,-6.187691],[106.833554,-6.188264],[106.83436,-6.189393],[106.840407,-6.197437]]},"properties":{"layer_id":"mobilitas","jenis":"krl","nama":"KRL Lin Bogor","sumber":"OSM","atribut":{"lin":"bogor"}}},{"type":"Feature","geometry":{"type":"LineString","coordinates":[[106.800568,-6.142243],[106.800736,-6.145839],[106.800806,-6.146312],[106.800905,-6.14772]]},"properties":{"layer_id":"mobilitas","jenis":"krl","nama":"KRL Lin Cikarang","sumber":"OSM","atribut":{"lin":"cikarang"}}},{"type":"Feature","geometry":{"type":"LineString","coordinates":[[106.800249,-6.136551],[106.800253,-6.136613]]},"properties":{"layer_id":"mobilitas","jenis":"krl","nama":"KRL Lin Cikarang","sumber":"OSM","atribut":{"lin":"cikarang"}}},{"type":"Feature","geometry":{"type":"LineString","coordinates":[[106.800595,-6.141769],[106.800287,-6.136609]]},"properties":{"layer_id":"mobilitas","jenis":"krl","nama":"KRL Lin Cikarang","sumber":"OSM","atribut":{"lin":"cikarang"}}},{"type":"Feature","geometry":{"type":"LineString","coordinates":[[106.800287,-6.136609],[106.800282,-6.136545]]},"properties":{"layer_id":"mobilitas","jenis":"krl","nama":"KRL Lin Cikarang","sumber":"OSM","atribut":{"lin":"cikarang"}}},{"type":"Feature","geometry":{"type":"LineString","coordinates":[[106.83284,-6.141438],[106.832281,-6.1412],[106.831732,-6.140858],[106.831284,-6.140395],[106.831101,-6.140122],[106.830886,-6.139684],[106.830755,-6.139107],[106.830722,-6.138538],[106.830757,-6.135287],[106.83071,-6.134706],[106.830539,-6.134186],[106.830284,-6.133752],[106.830063,-6.133464],[106.829545,-6.133001],[106.829017,-6.132707]]},"properties":{"layer_id":"mobilitas","jenis":"krl","nama":"KRL Lin Cikarang","sumber":"OSM","atribut":{"lin":"cikarang"}}},{"type":"Feature","geometry":{"type":"LineString","coordinates":[[106.833247,-6.14159],[106.83284,-6.141438]]},"properties":{"layer_id":"mobilitas","jenis":"krl","nama":"KRL Lin Cikarang","sumber":"OSM","atribut":{"lin":"cikarang"}}},{"type":"Feature","geometry":{"type":"LineString","coordinates":[[107.162285,-6.263018],[107.170948,-6.267173]]},"properties":{"layer_id":"mobilitas","jenis":"krl","nama":"KRL Lin Cikarang","sumber":"OSM","atribut":{"lin":"cikarang"}}},{"type":"Feature","geometry":{"type":"LineString","coordinates":[[106.844651,-6.284594],[106.846083,-6.276593],[106.846461,-6.275169],[106.847011,-6.27354],[106.847385,-6.272753],[106.851131,-6.264315]]},"properties":{"layer_id":"mobilitas","jenis":"krl","nama":"KRL Lin Bogor","sumber":"OSM","atribut":{"lin":"bogor"}}},{"type":"Feature","geometry":{"type":"LineString","coordinates":[[106.789926,-6.162152],[106.790165,-6.162157]]},"properties":{"layer_id":"mobilitas","jenis":"krl","nama":"KRL lintas lain","sumber":"OSM","atribut":{"lin":"lain"}}},{"type":"Feature","geometry":{"type":"LineString","coordinates":[[106.790165,-6.162157],[106.795142,-6.162301],[106.795678,-6.162259],[106.796109,-6.16218],[106.796461,-6.162074],[106.79794,-6.161547]]},"properties":{"layer_id":"mobilitas","jenis":"krl","nama":"KRL lintas lain","sumber":"OSM","atribut":{"lin":"lain"}}},{"type":"Feature","geometry":{"type":"LineString","coordinates":[[106.853815,-6.126048],[106.854032,-6.125955]]},"properties":{"layer_id":"mobilitas","jenis":"krl","nama":"KRL lintas lain","sumber":"OSM","atribut":{"lin":"lain"}}},{"type":"Feature","geometry":{"type":"LineString","coordinates":[[106.848043,-6.127563],[106.850798,-6.127077],[106.851392,-6.126932],[106.852614,-6.126549],[106.853815,-6.126048]]},"properties":{"layer_id":"mobilitas","jenis":"krl","nama":"KRL lintas lain","sumber":"OSM","atribut":{"lin":"lain"}}},{"type":"Feature","geometry":{"type":"LineString","coordinates":[[106.847677,-6.127627],[106.848043,-6.127563]]},"properties":{"layer_id":"mobilitas","jenis":"krl","nama":"KRL lintas lain","sumber":"OSM","atribut":{"lin":"lain"}}},{"type":"Feature","geometry":{"type":"LineString","coordinates":[[106.846456,-6.127855],[106.847677,-6.127627]]},"properties":{"layer_id":"mobilitas","jenis":"krl","nama":"KRL lintas lain","sumber":"OSM","atribut":{"lin":"lain"}}},{"type":"Feature","geometry":{"type":"LineString","coordinates":[[107.221196,-6.270004],[107.221311,-6.270006]]},"properties":{"layer_id":"mobilitas","jenis":"krl","nama":"KRL Lin Cikarang","sumber":"OSM","atribut":{"lin":"cikarang"}}},{"type":"Feature","geometry":{"type":"LineString","coordinates":[[107.18271,-6.271453],[107.183544,-6.27156],[107.18454,-6.271584],[107.203291,-6.270762]]},"properties":{"layer_id":"mobilitas","jenis":"krl","nama":"KRL Lin Cikarang","sumber":"OSM","atribut":{"lin":"cikarang"}}},{"type":"Feature","geometry":{"type":"LineString","coordinates":[[106.823932,-6.132466],[106.82293,-6.132634],[106.822088,-6.132844],[106.821595,-6.13291],[106.821076,-6.132891],[106.820425,-6.132753],[106.819348,-6.13236],[106.818598,-6.13197],[106.816826,-6.130931],[106.815872,-6.130444],[106.815272,-6.13026]]},"properties":{"layer_id":"mobilitas","jenis":"krl","nama":"KRL Lin Cikarang","sumber":"OSM","atribut":{"lin":"cikarang"}}},{"type":"Feature","geometry":{"type":"LineString","coordinates":[[106.793179,-6.584429],[106.793125,-6.584608]]},"properties":{"layer_id":"mobilitas","jenis":"krl","nama":"KRL Lin Bogor","sumber":"OSM","atribut":{"lin":"bogor"}}},{"type":"Feature","geometry":{"type":"LineString","coordinates":[[106.79308,-6.584589],[106.793135,-6.584402]]},"properties":{"layer_id":"mobilitas","jenis":"krl","nama":"KRL Lin Bogor","sumber":"OSM","atribut":{"lin":"bogor"}}},{"type":"Feature","geometry":{"type":"LineString","coordinates":[[106.791251,-6.590762],[106.79308,-6.584589]]},"properties":{"layer_id":"mobilitas","jenis":"krl","nama":"KRL Lin Bogor","sumber":"OSM","atribut":{"lin":"bogor"}}},{"type":"Feature","geometry":{"type":"LineString","coordinates":[[107.221311,-6.270006],[107.226939,-6.270029],[107.231338,-6.269955],[107.235533,-6.269743],[107.24527,-6.269568]]},"properties":{"layer_id":"mobilitas","jenis":"krl","nama":"KRL Lin Cikarang","sumber":"OSM","atribut":{"lin":"cikarang"}}},{"type":"Feature","geometry":{"type":"LineString","coordinates":[[106.80099,-6.455159],[106.800838,-6.456166],[106.800787,-6.456845],[106.800763,-6.457757],[106.800798,-6.458814],[106.80094,-6.459856],[106.801256,-6.461709],[106.802473,-6.468152]]},"properties":{"layer_id":"mobilitas","jenis":"krl","nama":"KRL Lin Bogor","sumber":"OSM","atribut":{"lin":"bogor"}}},{"type":"Feature","geometry":{"type":"LineString","coordinates":[[106.801575,-6.452366],[106.801549,-6.452479]]},"properties":{"layer_id":"mobilitas","jenis":"krl","nama":"KRL Lin Bogor","sumber":"OSM","atribut":{"lin":"bogor"}}},{"type":"Feature","geometry":{"type":"LineString","coordinates":[[106.80161,-6.452366],[106.801584,-6.452486]]},"properties":{"layer_id":"mobilitas","jenis":"krl","nama":"KRL Lin Bogor","sumber":"OSM","atribut":{"lin":"bogor"}}},{"type":"Feature","geometry":{"type":"LineString","coordinates":[[106.802027,-6.450424],[106.80161,-6.452366]]},"properties":{"layer_id":"mobilitas","jenis":"krl","nama":"KRL Lin Bogor","sumber":"OSM","atribut":{"lin":"bogor"}}},{"type":"Feature","geometry":{"type":"LineString","coordinates":[[106.802171,-6.565189],[106.802507,-6.564367],[106.80272,-6.563594],[106.802821,-6.56273],[106.802817,-6.561885],[106.802711,-6.561167],[106.802423,-6.559988],[106.802144,-6.558617],[106.80011,-6.549483],[106.799871,-6.548192],[106.799642,-6.546626],[106.799503,-6.545283],[106.799473,-6.543869],[106.799583,-6.541997],[106.799792,-6.540009]]},"properties":{"layer_id":"mobilitas","jenis":"krl","nama":"KRL Lin Bogor","sumber":"OSM","atribut":{"lin":"bogor"}}},{"type":"Feature","geometry":{"type":"LineString","coordinates":[[106.802126,-6.5653],[106.802171,-6.565189]]},"properties":{"layer_id":"mobilitas","jenis":"krl","nama":"KRL Lin Bogor","sumber":"OSM","atribut":{"lin":"bogor"}}},{"type":"Feature","geometry":{"type":"LineString","coordinates":[[106.793951,-6.573619],[106.794489,-6.572918],[106.795164,-6.572184],[106.795884,-6.571623],[106.796376,-6.571293],[106.798992,-6.569627],[106.799681,-6.569136],[106.800142,-6.568702],[106.800793,-6.567959],[106.801055,-6.567554],[106.801551,-6.566609],[106.802126,-6.5653]]},"properties":{"layer_id":"mobilitas","jenis":"krl","nama":"KRL Lin Bogor","sumber":"OSM","atribut":{"lin":"bogor"}}},{"type":"Feature","geometry":{"type":"LineString","coordinates":[[106.793873,-6.573742],[106.793951,-6.573619]]},"properties":{"layer_id":"mobilitas","jenis":"krl","nama":"KRL Lin Bogor","sumber":"OSM","atribut":{"lin":"bogor"}}},{"type":"Feature","geometry":{"type":"LineString","coordinates":[[106.794012,-6.573638],[106.79392,-6.573794]]},"properties":{"layer_id":"mobilitas","jenis":"krl","nama":"KRL Lin Bogor","sumber":"OSM","atribut":{"lin":"bogor"}}},{"type":"Feature","geometry":{"type":"LineString","coordinates":[[106.79392,-6.573794],[106.793346,-6.574925],[106.793188,-6.575335],[106.793021,-6.575958],[106.792929,-6.576478],[106.792816,-6.577508],[106.79285,-6.578209],[106.793406,-6.582025],[106.793431,-6.582613],[106.793403,-6.583315],[106.793282,-6.58404],[106.793179,-6.584429]]},"properties":{"layer_id":"mobilitas","jenis":"krl","nama":"KRL Lin Bogor","sumber":"OSM","atribut":{"lin":"bogor"}}},{"type":"Feature","geometry":{"type":"LineString","coordinates":[[106.996258,-6.2347],[106.995384,-6.234127]]},"properties":{"layer_id":"mobilitas","jenis":"krl","nama":"KRL Lin Cikarang","sumber":"OSM","atribut":{"lin":"cikarang"}}},{"type":"Feature","geometry":{"type":"LineString","coordinates":[[107.051805,-6.257443],[107.051719,-6.257421]]},"properties":{"layer_id":"mobilitas","jenis":"krl","nama":"KRL Lin Cikarang","sumber":"OSM","atribut":{"lin":"cikarang"}}},{"type":"Feature","geometry":{"type":"LineString","coordinates":[[107.051719,-6.257421],[107.033367,-6.252541],[107.032438,-6.25223],[107.030326,-6.251423]]},"properties":{"layer_id":"mobilitas","jenis":"krl","nama":"KRL Lin Cikarang","sumber":"OSM","atribut":{"lin":"cikarang"}}},{"type":"Feature","geometry":{"type":"LineString","coordinates":[[107.057825,-6.259113],[107.060106,-6.259686],[107.070102,-6.262404],[107.071662,-6.262736],[107.073198,-6.262936]]},"properties":{"layer_id":"mobilitas","jenis":"krl","nama":"KRL Lin Cikarang","sumber":"OSM","atribut":{"lin":"cikarang"}}},{"type":"Feature","geometry":{"type":"LineString","coordinates":[[107.05171,-6.257456],[107.051794,-6.257478]]},"properties":{"layer_id":"mobilitas","jenis":"krl","nama":"KRL Lin Cikarang","sumber":"OSM","atribut":{"lin":"cikarang"}}},{"type":"Feature","geometry":{"type":"LineString","coordinates":[[106.720673,-6.16314],[106.720882,-6.163108]]},"properties":{"layer_id":"mobilitas","jenis":"krl","nama":"KRL lintas lain","sumber":"OSM","atribut":{"lin":"lain"}}},{"type":"Feature","geometry":{"type":"LineString","coordinates":[[106.737448,-6.159689],[106.736074,-6.160261],[106.735388,-6.160491],[106.734585,-6.160678],[106.724723,-6.162458]]},"properties":{"layer_id":"mobilitas","jenis":"krl","nama":"KRL lintas lain","sumber":"OSM","atribut":{"lin":"lain"}}},{"type":"Feature","geometry":{"type":"LineString","coordinates":[[107.181927,-6.271277],[107.18211,-6.271326]]},"properties":{"layer_id":"mobilitas","jenis":"krl","nama":"KRL Lin Cikarang","sumber":"OSM","atribut":{"lin":"cikarang"}}},{"type":"Feature","geometry":{"type":"LineString","coordinates":[[107.170948,-6.267173],[107.172094,-6.267744],[107.17428,-6.269082],[107.175203,-6.269496],[107.175563,-6.269627],[107.176839,-6.269989],[107.18009,-6.270831]]},"properties":{"layer_id":"mobilitas","jenis":"krl","nama":"KRL Lin Cikarang","sumber":"OSM","atribut":{"lin":"cikarang"}}},{"type":"Feature","geometry":{"type":"LineString","coordinates":[[107.181933,-6.271236],[107.182112,-6.271281]]},"properties":{"layer_id":"mobilitas","jenis":"krl","nama":"KRL Lin Cikarang","sumber":"OSM","atribut":{"lin":"cikarang"}}},{"type":"Feature","geometry":{"type":"LineString","coordinates":[[106.801374,-6.453222],[106.800989,-6.454895]]},"properties":{"layer_id":"mobilitas","jenis":"krl","nama":"KRL Lin Bogor","sumber":"OSM","atribut":{"lin":"bogor"}}},{"type":"Feature","geometry":{"type":"LineString","coordinates":[[106.801509,-6.4528],[106.801313,-6.453624]]},"properties":{"layer_id":"mobilitas","jenis":"krl","nama":"KRL Lin Bogor","sumber":"OSM","atribut":{"lin":"bogor"}}},{"type":"Feature","geometry":{"type":"LineString","coordinates":[[106.398082,-6.333181],[106.40412,-6.335676]]},"properties":{"layer_id":"mobilitas","jenis":"krl","nama":"KRL Lin Rangkas","sumber":"OSM","atribut":{"lin":"rangkas"}}},{"type":"Feature","geometry":{"type":"LineString","coordinates":[[106.668271,-6.171716],[106.668785,-6.171667]]},"properties":{"layer_id":"mobilitas","jenis":"krl","nama":"KRL lintas lain","sumber":"OSM","atribut":{"lin":"lain"}}},{"type":"Feature","geometry":{"type":"LineString","coordinates":[[106.798445,-6.161263],[106.797925,-6.161474]]},"properties":{"layer_id":"mobilitas","jenis":"krl","nama":"KRL lintas lain","sumber":"OSM","atribut":{"lin":"lain"}}},{"type":"Feature","geometry":{"type":"LineString","coordinates":[[106.797925,-6.161474],[106.796103,-6.162138],[106.795147,-6.162263],[106.794365,-6.162257],[106.790191,-6.162098]]},"properties":{"layer_id":"mobilitas","jenis":"krl","nama":"KRL lintas lain","sumber":"OSM","atribut":{"lin":"lain"}}},{"type":"Feature","geometry":{"type":"LineString","coordinates":[[106.790191,-6.162098],[106.789953,-6.162091]]},"properties":{"layer_id":"mobilitas","jenis":"krl","nama":"KRL lintas lain","sumber":"OSM","atribut":{"lin":"lain"}}},{"type":"Feature","geometry":{"type":"LineString","coordinates":[[106.787268,-6.161998],[106.773797,-6.161493]]},"properties":{"layer_id":"mobilitas","jenis":"krl","nama":"KRL lintas lain","sumber":"OSM","atribut":{"lin":"lain"}}},{"type":"Feature","geometry":{"type":"LineString","coordinates":[[106.76685,-6.160531],[106.766801,-6.160523]]},"properties":{"layer_id":"mobilitas","jenis":"krl","nama":"KRL lintas lain","sumber":"OSM","atribut":{"lin":"lain"}}},{"type":"Feature","geometry":{"type":"LineString","coordinates":[[106.756723,-6.158633],[106.753711,-6.157988],[106.752909,-6.157916],[106.752107,-6.157897],[106.747958,-6.158182]]},"properties":{"layer_id":"mobilitas","jenis":"krl","nama":"KRL lintas lain","sumber":"OSM","atribut":{"lin":"lain"}}},{"type":"Feature","geometry":{"type":"LineString","coordinates":[[106.747958,-6.158182],[106.747488,-6.158232]]},"properties":{"layer_id":"mobilitas","jenis":"krl","nama":"KRL lintas lain","sumber":"OSM","atribut":{"lin":"lain"}}},{"type":"Feature","geometry":{"type":"LineString","coordinates":[[106.747488,-6.158232],[106.745663,-6.158431],[106.739916,-6.158896],[106.739138,-6.159041],[106.738498,-6.159222],[106.737556,-6.159608]]},"properties":{"layer_id":"mobilitas","jenis":"krl","nama":"KRL lintas lain","sumber":"OSM","atribut":{"lin":"lain"}}},{"type":"Feature","geometry":{"type":"LineString","coordinates":[[106.737556,-6.159608],[106.737434,-6.159656]]},"properties":{"layer_id":"mobilitas","jenis":"krl","nama":"KRL lintas lain","sumber":"OSM","atribut":{"lin":"lain"}}},{"type":"Feature","geometry":{"type":"LineString","coordinates":[[106.737434,-6.159656],[106.736062,-6.160227],[106.735378,-6.160456],[106.734578,-6.160643],[106.725237,-6.16232]]},"properties":{"layer_id":"mobilitas","jenis":"krl","nama":"KRL lintas lain","sumber":"OSM","atribut":{"lin":"lain"}}},{"type":"Feature","geometry":{"type":"LineString","coordinates":[[106.720875,-6.163074],[106.720651,-6.16311]]},"properties":{"layer_id":"mobilitas","jenis":"krl","nama":"KRL lintas lain","sumber":"OSM","atribut":{"lin":"lain"}}},{"type":"Feature","geometry":{"type":"LineString","coordinates":[[106.71955,-6.163275],[106.714328,-6.164178],[106.702511,-6.166151],[106.685683,-6.168913],[106.669258,-6.171553]]},"properties":{"layer_id":"mobilitas","jenis":"krl","nama":"KRL lintas lain","sumber":"OSM","atribut":{"lin":"lain"}}},{"type":"Feature","geometry":{"type":"LineString","coordinates":[[107.245271,-6.26954],[107.235546,-6.269706],[107.23134,-6.269915],[107.226928,-6.269983],[107.22131,-6.269975]]},"properties":{"layer_id":"mobilitas","jenis":"krl","nama":"KRL Lin Cikarang","sumber":"OSM","atribut":{"lin":"cikarang"}}},{"type":"Feature","geometry":{"type":"LineString","coordinates":[[107.22131,-6.269975],[107.221197,-6.269976]]},"properties":{"layer_id":"mobilitas","jenis":"krl","nama":"KRL Lin Cikarang","sumber":"OSM","atribut":{"lin":"cikarang"}}},{"type":"Feature","geometry":{"type":"LineString","coordinates":[[107.203295,-6.270728],[107.184501,-6.271549],[107.183542,-6.271522],[107.182717,-6.271412]]},"properties":{"layer_id":"mobilitas","jenis":"krl","nama":"KRL Lin Cikarang","sumber":"OSM","atribut":{"lin":"cikarang"}}},{"type":"Feature","geometry":{"type":"LineString","coordinates":[[106.83135,-6.131857],[106.832798,-6.131183],[106.834263,-6.130398],[106.835103,-6.130041],[106.836059,-6.129754],[106.842805,-6.128556],[106.843924,-6.12835],[106.844624,-6.128187]]},"properties":{"layer_id":"mobilitas","jenis":"krl","nama":"KRL lintas lain","sumber":"OSM","atribut":{"lin":"lain"}}},{"type":"Feature","geometry":{"type":"LineString","coordinates":[[106.830723,-6.13211],[106.83135,-6.131857]]},"properties":{"layer_id":"mobilitas","jenis":"krl","nama":"KRL lintas lain","sumber":"OSM","atribut":{"lin":"lain"}}},{"type":"Feature","geometry":{"type":"LineString","coordinates":[[106.828884,-6.13284],[106.829213,-6.132704]]},"properties":{"layer_id":"mobilitas","jenis":"krl","nama":"KRL lintas lain","sumber":"OSM","atribut":{"lin":"lain"}}},{"type":"Feature","geometry":{"type":"LineString","coordinates":[[106.829213,-6.132704],[106.830723,-6.13211]]},"properties":{"layer_id":"mobilitas","jenis":"krl","nama":"KRL lintas lain","sumber":"OSM","atribut":{"lin":"lain"}}},{"type":"Feature","geometry":{"type":"LineString","coordinates":[[106.818062,-6.136655],[106.819791,-6.136224],[106.820465,-6.136006],[106.821044,-6.135691],[106.822264,-6.134906],[106.822531,-6.134766],[106.823095,-6.134548],[106.82778,-6.133217]]},"properties":{"layer_id":"mobilitas","jenis":"krl","nama":"KRL lintas lain","sumber":"OSM","atribut":{"lin":"lain"}}},{"type":"Feature","geometry":{"type":"LineString","coordinates":[[106.76783,-6.254237],[106.768208,-6.254086],[106.768783,-6.253764],[106.771658,-6.251461],[106.772577,-6.250632],[106.774102,-6.249026],[106.780916,-6.24086],[106.781236,-6.240399],[106.781561,-6.239851],[106.781871,-6.239151],[106.782037,-6.23867]]},"properties":{"layer_id":"mobilitas","jenis":"krl","nama":"KRL Lin Rangkas","sumber":"OSM","atribut":{"lin":"rangkas"}}},{"type":"Feature","geometry":{"type":"LineString","coordinates":[[106.782688,-6.236762],[106.782323,-6.237825]]},"properties":{"layer_id":"mobilitas","jenis":"krl","nama":"KRL Lin Rangkas","sumber":"OSM","atribut":{"lin":"rangkas"}}},{"type":"Feature","geometry":{"type":"LineString","coordinates":[[106.780108,-6.241791],[106.773894,-6.249164],[106.772799,-6.25036],[106.771485,-6.251565],[106.769049,-6.253502],[106.768377,-6.253934],[106.767782,-6.254182]]},"properties":{"layer_id":"mobilitas","jenis":"krl","nama":"KRL Lin Rangkas","sumber":"OSM","atribut":{"lin":"rangkas"}}},{"type":"Feature","geometry":{"type":"LineString","coordinates":[[106.782659,-6.23675],[106.782289,-6.237809]]},"properties":{"layer_id":"mobilitas","jenis":"krl","nama":"KRL Lin Rangkas","sumber":"OSM","atribut":{"lin":"rangkas"}}},{"type":"Feature","geometry":{"type":"LineString","coordinates":[[107.091948,-6.260468],[107.091753,-6.2605]]},"properties":{"layer_id":"mobilitas","jenis":"krl","nama":"KRL Lin Cikarang","sumber":"OSM","atribut":{"lin":"cikarang"}}},{"type":"Feature","geometry":{"type":"LineString","coordinates":[[107.091759,-6.260554],[107.091958,-6.260523]]},"properties":{"layer_id":"mobilitas","jenis":"krl","nama":"KRL Lin Cikarang","sumber":"OSM","atribut":{"lin":"cikarang"}}},{"type":"Feature","geometry":{"type":"LineString","coordinates":[[107.091958,-6.260523],[107.110235,-6.257643]]},"properties":{"layer_id":"mobilitas","jenis":"krl","nama":"KRL Lin Cikarang","sumber":"OSM","atribut":{"lin":"cikarang"}}},{"type":"Feature","geometry":{"type":"LineString","coordinates":[[107.128196,-6.254781],[107.112419,-6.257266]]},"properties":{"layer_id":"mobilitas","jenis":"krl","nama":"KRL Lin Cikarang","sumber":"OSM","atribut":{"lin":"cikarang"}}},{"type":"Feature","geometry":{"type":"LineString","coordinates":[[106.729575,-6.288321],[106.729766,-6.288183]]},"properties":{"layer_id":"mobilitas","jenis":"krl","nama":"KRL Lin Rangkas","sumber":"OSM","atribut":{"lin":"rangkas"}}},{"type":"Feature","geometry":{"type":"LineString","coordinates":[[106.729766,-6.288183],[106.731107,-6.287233]]},"properties":{"layer_id":"mobilitas","jenis":"krl","nama":"KRL Lin Rangkas","sumber":"OSM","atribut":{"lin":"rangkas"}}},{"type":"Feature","geometry":{"type":"LineString","coordinates":[[106.729737,-6.288143],[106.729549,-6.288278]]},"properties":{"layer_id":"mobilitas","jenis":"krl","nama":"KRL Lin Rangkas","sumber":"OSM","atribut":{"lin":"rangkas"}}},{"type":"Feature","geometry":{"type":"LineString","coordinates":[[106.731124,-6.287165],[106.729737,-6.288143]]},"properties":{"layer_id":"mobilitas","jenis":"krl","nama":"KRL Lin Rangkas","sumber":"OSM","atribut":{"lin":"rangkas"}}},{"type":"Feature","geometry":{"type":"LineString","coordinates":[[106.660214,-6.148883],[106.66012,-6.148332]]},"properties":{"layer_id":"mobilitas","jenis":"krl","nama":"KRL lintas lain","sumber":"OSM","atribut":{"lin":"lain"}}},{"type":"Feature","geometry":{"type":"LineString","coordinates":[[106.660071,-6.148335],[106.660168,-6.148899]]},"properties":{"layer_id":"mobilitas","jenis":"krl","nama":"KRL lintas lain","sumber":"OSM","atribut":{"lin":"lain"}}},{"type":"Feature","geometry":{"type":"LineString","coordinates":[[106.660278,-6.154603],[106.660125,-6.152547],[106.66025,-6.150097],[106.660263,-6.149537],[106.660214,-6.148883]]},"properties":{"layer_id":"mobilitas","jenis":"krl","nama":"KRL lintas lain","sumber":"OSM","atribut":{"lin":"lain"}}},{"type":"Feature","geometry":{"type":"LineString","coordinates":[[106.660168,-6.148899],[106.66021,-6.149546],[106.660195,-6.150103],[106.660064,-6.152551],[106.660231,-6.15459]]},"properties":{"layer_id":"mobilitas","jenis":"krl","nama":"KRL lintas lain","sumber":"OSM","atribut":{"lin":"lain"}}},{"type":"Feature","geometry":{"type":"LineString","coordinates":[[106.660231,-6.15459],[106.660265,-6.154949]]},"properties":{"layer_id":"mobilitas","jenis":"krl","nama":"KRL lintas lain","sumber":"OSM","atribut":{"lin":"lain"}}},{"type":"Feature","geometry":{"type":"LineString","coordinates":[[106.66031,-6.154942],[106.660278,-6.154603]]},"properties":{"layer_id":"mobilitas","jenis":"krl","nama":"KRL lintas lain","sumber":"OSM","atribut":{"lin":"lain"}}},{"type":"Feature","geometry":{"type":"LineString","coordinates":[[106.658599,-6.160114],[106.65962,-6.159154],[106.659894,-6.158831],[106.660172,-6.1584],[106.660404,-6.157876],[106.660496,-6.157297],[106.660498,-6.15695],[106.66031,-6.154942]]},"properties":{"layer_id":"mobilitas","jenis":"krl","nama":"KRL lintas lain","sumber":"OSM","atribut":{"lin":"lain"}}},{"type":"Feature","geometry":{"type":"LineString","coordinates":[[106.660265,-6.154949],[106.66045,-6.156946],[106.660443,-6.157306],[106.660361,-6.157858],[106.660126,-6.15838],[106.659859,-6.158801],[106.659599,-6.159107],[106.658584,-6.160066]]},"properties":{"layer_id":"mobilitas","jenis":"krl","nama":"KRL lintas lain","sumber":"OSM","atribut":{"lin":"lain"}}},{"type":"Feature","geometry":{"type":"LineString","coordinates":[[106.65702,-6.161623],[106.657418,-6.161243]]},"properties":{"layer_id":"mobilitas","jenis":"krl","nama":"KRL lintas lain","sumber":"OSM","atribut":{"lin":"lain"}}},{"type":"Feature","geometry":{"type":"LineString","coordinates":[[106.657391,-6.161207],[106.65698,-6.161605]]},"properties":{"layer_id":"mobilitas","jenis":"krl","nama":"KRL lintas lain","sumber":"OSM","atribut":{"lin":"lain"}}},{"type":"Feature","geometry":{"type":"LineString","coordinates":[[106.655089,-6.163413],[106.65702,-6.161623]]},"properties":{"layer_id":"mobilitas","jenis":"krl","nama":"KRL lintas lain","sumber":"OSM","atribut":{"lin":"lain"}}},{"type":"Feature","geometry":{"type":"LineString","coordinates":[[106.65698,-6.161605],[106.65508,-6.163367]]},"properties":{"layer_id":"mobilitas","jenis":"krl","nama":"KRL lintas lain","sumber":"OSM","atribut":{"lin":"lain"}}},{"type":"Feature","geometry":{"type":"LineString","coordinates":[[106.654955,-6.163541],[106.655089,-6.163413]]},"properties":{"layer_id":"mobilitas","jenis":"krl","nama":"KRL lintas lain","sumber":"OSM","atribut":{"lin":"lain"}}},{"type":"Feature","geometry":{"type":"LineString","coordinates":[[106.65508,-6.163367],[106.654948,-6.163494]]},"properties":{"layer_id":"mobilitas","jenis":"krl","nama":"KRL lintas lain","sumber":"OSM","atribut":{"lin":"lain"}}},{"type":"Feature","geometry":{"type":"LineString","coordinates":[[106.654238,-6.16423],[106.654955,-6.163541]]},"properties":{"layer_id":"mobilitas","jenis":"krl","nama":"KRL lintas lain","sumber":"OSM","atribut":{"lin":"lain"}}},{"type":"Feature","geometry":{"type":"LineString","coordinates":[[106.654948,-6.163494],[106.654164,-6.164245]]},"properties":{"layer_id":"mobilitas","jenis":"krl","nama":"KRL lintas lain","sumber":"OSM","atribut":{"lin":"lain"}}},{"type":"Feature","geometry":{"type":"LineString","coordinates":[[106.654164,-6.164245],[106.65272,-6.165578]]},"properties":{"layer_id":"mobilitas","jenis":"krl","nama":"KRL lintas lain","sumber":"OSM","atribut":{"lin":"lain"}}},{"type":"Feature","geometry":{"type":"LineString","coordinates":[[106.652799,-6.165579],[106.654238,-6.16423]]},"properties":{"layer_id":"mobilitas","jenis":"krl","nama":"KRL lintas lain","sumber":"OSM","atribut":{"lin":"lain"}}},{"type":"Feature","geometry":{"type":"LineString","coordinates":[[106.65272,-6.165578],[106.651139,-6.166996],[106.649956,-6.168208],[106.649631,-6.168638],[106.649515,-6.168846],[106.649257,-6.169425],[106.649135,-6.169862],[106.649083,-6.170358],[106.649106,-6.171081],[106.649285,-6.171811],[106.64939,-6.17206],[106.649554,-6.172352],[106.649841,-6.172735],[106.650352,-6.173278],[106.650995,-6.173709]]},"properties":{"layer_id":"mobilitas","jenis":"krl","nama":"KRL lintas lain","sumber":"OSM","atribut":{"lin":"lain"}}},{"type":"Feature","geometry":{"type":"LineString","coordinates":[[106.651015,-6.173674],[106.650429,-6.173293],[106.650053,-6.172914],[106.649823,-6.172672],[106.649416,-6.172032],[106.649247,-6.171569],[106.649146,-6.171036],[106.649122,-6.170525],[106.649194,-6.169824],[106.649334,-6.169328],[106.649438,-6.169101],[106.649748,-6.16857],[106.650007,-6.168234],[106.651211,-6.167016],[106.652799,-6.165579]]},"properties":{"layer_id":"mobilitas","jenis":"krl","nama":"KRL lintas lain","sumber":"OSM","atribut":{"lin":"lain"}}},{"type":"Feature","geometry":{"type":"LineString","coordinates":[[106.864014,-6.212149],[106.863644,-6.211929],[106.863312,-6.211789]]},"properties":{"layer_id":"mobilitas","jenis":"krl","nama":"KRL Lin Cikarang","sumber":"OSM","atribut":{"lin":"cikarang"}}},{"type":"Feature","geometry":{"type":"LineString","coordinates":[[106.822679,-6.202252],[106.823066,-6.202335]]},"properties":{"layer_id":"mobilitas","jenis":"krl","nama":"KRL Lin Cikarang","sumber":"OSM","atribut":{"lin":"cikarang"}}},{"type":"Feature","geometry":{"type":"LineString","coordinates":[[106.817832,-6.2012],[106.822338,-6.202178]]},"properties":{"layer_id":"mobilitas","jenis":"krl","nama":"KRL Lin Cikarang","sumber":"OSM","atribut":{"lin":"cikarang"}}},{"type":"Feature","geometry":{"type":"LineString","coordinates":[[106.822686,-6.202221],[106.823073,-6.202306]]},"properties":{"layer_id":"mobilitas","jenis":"krl","nama":"KRL Lin Cikarang","sumber":"OSM","atribut":{"lin":"cikarang"}}},{"type":"Feature","geometry":{"type":"LineString","coordinates":[[106.822345,-6.202144],[106.817839,-6.201167]]},"properties":{"layer_id":"mobilitas","jenis":"krl","nama":"KRL Lin Cikarang","sumber":"OSM","atribut":{"lin":"cikarang"}}},{"type":"Feature","geometry":{"type":"LineString","coordinates":[[107.137108,-6.253413],[107.138792,-6.253258],[107.139812,-6.253289],[107.140418,-6.253379],[107.141123,-6.253561],[107.14143,-6.253664],[107.142067,-6.253953]]},"properties":{"layer_id":"mobilitas","jenis":"krl","nama":"KRL Lin Cikarang","sumber":"OSM","atribut":{"lin":"cikarang"}}},{"type":"Feature","geometry":{"type":"LineString","coordinates":[[107.144842,-6.255199],[107.143455,-6.254596]]},"properties":{"layer_id":"mobilitas","jenis":"krl","nama":"KRL Lin Cikarang","sumber":"OSM","atribut":{"lin":"cikarang"}}},{"type":"Feature","geometry":{"type":"LineString","coordinates":[[106.759211,-6.159224],[106.759514,-6.159285]]},"properties":{"layer_id":"mobilitas","jenis":"krl","nama":"KRL lintas lain","sumber":"OSM","atribut":{"lin":"lain"}}},{"type":"Feature","geometry":{"type":"LineString","coordinates":[[106.759514,-6.159285],[106.761253,-6.159611],[106.762986,-6.159978],[106.766469,-6.160511]]},"properties":{"layer_id":"mobilitas","jenis":"krl","nama":"KRL lintas lain","sumber":"OSM","atribut":{"lin":"lain"}}},{"type":"Feature","geometry":{"type":"LineString","coordinates":[[106.75953,-6.159217],[106.759217,-6.159152]]},"properties":{"layer_id":"mobilitas","jenis":"krl","nama":"KRL lintas lain","sumber":"OSM","atribut":{"lin":"lain"}}},{"type":"Feature","geometry":{"type":"LineString","coordinates":[[106.766474,-6.160475],[106.762987,-6.159943],[106.75953,-6.159217]]},"properties":{"layer_id":"mobilitas","jenis":"krl","nama":"KRL lintas lain","sumber":"OSM","atribut":{"lin":"lain"}}},{"type":"Feature","geometry":{"type":"LineString","coordinates":[[106.645232,-6.130216],[106.644708,-6.130362]]},"properties":{"layer_id":"mobilitas","jenis":"krl","nama":"KRL lintas lain","sumber":"OSM","atribut":{"lin":"lain"}}},{"type":"Feature","geometry":{"type":"LineString","coordinates":[[106.853207,-6.214244],[106.853549,-6.214402],[106.853976,-6.214523],[106.85453,-6.21457],[106.855008,-6.214527],[106.855463,-6.214393],[106.85895,-6.212954]]},"properties":{"layer_id":"mobilitas","jenis":"krl","nama":"KRL Lin Cikarang","sumber":"OSM","atribut":{"lin":"cikarang"}}},{"type":"Feature","geometry":{"type":"LineString","coordinates":[[106.863933,-6.122161],[106.866127,-6.121754],[106.866662,-6.121599],[106.867494,-6.121249],[106.868164,-6.12086],[106.868959,-6.120303],[106.875222,-6.115448],[106.876899,-6.114196]]},"properties":{"layer_id":"mobilitas","jenis":"krl","nama":"KRL lintas lain","sumber":"OSM","atribut":{"lin":"lain"}}},{"type":"Feature","geometry":{"type":"LineString","coordinates":[[106.84462,-6.128157],[106.846454,-6.127819]]},"properties":{"layer_id":"mobilitas","jenis":"krl","nama":"KRL lintas lain","sumber":"OSM","atribut":{"lin":"lain"}}},{"type":"Feature","geometry":{"type":"LineString","coordinates":[[106.847669,-6.127596],[106.848037,-6.12753]]},"properties":{"layer_id":"mobilitas","jenis":"krl","nama":"KRL lintas lain","sumber":"OSM","atribut":{"lin":"lain"}}},{"type":"Feature","geometry":{"type":"LineString","coordinates":[[106.848037,-6.12753],[106.850785,-6.127047],[106.851372,-6.126902],[106.852603,-6.126517],[106.853801,-6.126017]]},"properties":{"layer_id":"mobilitas","jenis":"krl","nama":"KRL lintas lain","sumber":"OSM","atribut":{"lin":"lain"}}},{"type":"Feature","geometry":{"type":"LineString","coordinates":[[106.853801,-6.126017],[106.854017,-6.125924]]},"properties":{"layer_id":"mobilitas","jenis":"krl","nama":"KRL lintas lain","sumber":"OSM","atribut":{"lin":"lain"}}},{"type":"Feature","geometry":{"type":"LineString","coordinates":[[106.863714,-6.122152],[106.863926,-6.122112]]},"properties":{"layer_id":"mobilitas","jenis":"krl","nama":"KRL lintas lain","sumber":"OSM","atribut":{"lin":"lain"}}},{"type":"Feature","geometry":{"type":"LineString","coordinates":[[106.854017,-6.125924],[106.857754,-6.124178],[106.858251,-6.123974],[106.862038,-6.122552],[106.862337,-6.122458],[106.863714,-6.122152]]},"properties":{"layer_id":"mobilitas","jenis":"krl","nama":"KRL lintas lain","sumber":"OSM","atribut":{"lin":"lain"}}},{"type":"Feature","geometry":{"type":"LineString","coordinates":[[106.868663,-6.214778],[106.867986,-6.214761],[106.867413,-6.214616],[106.866911,-6.214377],[106.866322,-6.213906]]},"properties":{"layer_id":"mobilitas","jenis":"krl","nama":"KRL Lin Cikarang","sumber":"OSM","atribut":{"lin":"cikarang"}}},{"type":"Feature","geometry":{"type":"LineString","coordinates":[[106.884228,-6.214343],[106.886506,-6.214207],[106.887468,-6.214107],[106.888365,-6.213915],[106.889807,-6.213458],[106.890298,-6.213341],[106.891242,-6.213203],[106.892297,-6.21316]]},"properties":{"layer_id":"mobilitas","jenis":"krl","nama":"KRL Lin Cikarang","sumber":"OSM","atribut":{"lin":"cikarang"}}},{"type":"Feature","geometry":{"type":"LineString","coordinates":[[106.8742,-6.214867],[106.874723,-6.214876]]},"properties":{"layer_id":"mobilitas","jenis":"krl","nama":"KRL Lin Cikarang","sumber":"OSM","atribut":{"lin":"cikarang"}}},{"type":"Feature","geometry":{"type":"LineString","coordinates":[[106.872693,-6.214855],[106.873403,-6.214877]]},"properties":{"layer_id":"mobilitas","jenis":"krl","nama":"KRL Lin Cikarang","sumber":"OSM","atribut":{"lin":"cikarang"}}},{"type":"Feature","geometry":{"type":"LineString","coordinates":[[107.002043,-6.238307],[107.000573,-6.237389]]},"properties":{"layer_id":"mobilitas","jenis":"krl","nama":"KRL Lin Cikarang","sumber":"OSM","atribut":{"lin":"cikarang"}}},{"type":"Feature","geometry":{"type":"LineString","coordinates":[[107.002572,-6.238677],[107.003546,-6.239302],[107.005261,-6.240723]]},"properties":{"layer_id":"mobilitas","jenis":"krl","nama":"KRL Lin Cikarang","sumber":"OSM","atribut":{"lin":"cikarang"}}},{"type":"Feature","geometry":{"type":"LineString","coordinates":[[106.815518,-6.412569],[106.8155,-6.41264]]},"properties":{"layer_id":"mobilitas","jenis":"krl","nama":"KRL Lin Bogor","sumber":"OSM","atribut":{"lin":"bogor"}}},{"type":"Feature","geometry":{"type":"LineString","coordinates":[[106.816518,-6.407862],[106.815518,-6.412569]]},"properties":{"layer_id":"mobilitas","jenis":"krl","nama":"KRL Lin Bogor","sumber":"OSM","atribut":{"lin":"bogor"}}},{"type":"Feature","geometry":{"type":"LineString","coordinates":[[106.858905,-6.212894],[106.855467,-6.214353],[106.855007,-6.214482],[106.854546,-6.214529],[106.853977,-6.214484],[106.853562,-6.21437],[106.853223,-6.21421]]},"properties":{"layer_id":"mobilitas","jenis":"krl","nama":"KRL Lin Cikarang","sumber":"OSM","atribut":{"lin":"cikarang"}}},{"type":"Feature","geometry":{"type":"LineString","coordinates":[[106.863299,-6.211832],[106.863623,-6.211968],[106.864002,-6.212195]]},"properties":{"layer_id":"mobilitas","jenis":"krl","nama":"KRL Lin Cikarang","sumber":"OSM","atribut":{"lin":"cikarang"}}},{"type":"Feature","geometry":{"type":"LineString","coordinates":[[106.853953,-6.215645],[106.853418,-6.214953],[106.852427,-6.213792]]},"properties":{"layer_id":"mobilitas","jenis":"krl","nama":"KRL Lin Bogor","sumber":"OSM","atribut":{"lin":"bogor"}}},{"type":"Feature","geometry":{"type":"LineString","coordinates":[[106.852401,-6.213818],[106.853392,-6.214979],[106.853927,-6.21567]]},"properties":{"layer_id":"mobilitas","jenis":"krl","nama":"KRL Lin Bogor","sumber":"OSM","atribut":{"lin":"bogor"}}},{"type":"Feature","geometry":{"type":"LineString","coordinates":[[106.852427,-6.213792],[106.851704,-6.212942]]},"properties":{"layer_id":"mobilitas","jenis":"krl","nama":"KRL Lin Bogor","sumber":"OSM","atribut":{"lin":"bogor"}}},{"type":"Feature","geometry":{"type":"LineString","coordinates":[[106.851676,-6.212964],[106.852401,-6.213818]]},"properties":{"layer_id":"mobilitas","jenis":"krl","nama":"KRL Lin Bogor","sumber":"OSM","atribut":{"lin":"bogor"}}},{"type":"Feature","geometry":{"type":"LineString","coordinates":[[106.802926,-6.446916],[106.802605,-6.447817],[106.802056,-6.450029],[106.801903,-6.450826]]},"properties":{"layer_id":"mobilitas","jenis":"krl","nama":"KRL Lin Bogor","sumber":"OSM","atribut":{"lin":"bogor"}}},{"type":"Feature","geometry":{"type":"LineString","coordinates":[[106.843182,-6.170354],[106.843128,-6.169807],[106.843123,-6.167738],[106.843064,-6.167233],[106.842181,-6.163832]]},"properties":{"layer_id":"mobilitas","jenis":"krl","nama":"KRL Lin Cikarang","sumber":"OSM","atribut":{"lin":"cikarang"}}},{"type":"Feature","geometry":{"type":"LineString","coordinates":[[106.801345,-6.15604],[106.801323,-6.157048]]},"properties":{"layer_id":"mobilitas","jenis":"krl","nama":"KRL lintas lain","sumber":"OSM","atribut":{"lin":"lain"}}},{"type":"Feature","geometry":{"type":"LineString","coordinates":[[106.817957,-6.136644],[106.816883,-6.136923]]},"properties":{"layer_id":"mobilitas","jenis":"krl","nama":"KRL lintas lain","sumber":"OSM","atribut":{"lin":"lain"}}},{"type":"Feature","geometry":{"type":"LineString","coordinates":[[106.818875,-6.136533],[106.817654,-6.136846]]},"properties":{"layer_id":"mobilitas","jenis":"krl","nama":"KRL Lin Bogor","sumber":"OSM","atribut":{"lin":"bogor"}}},{"type":"Feature","geometry":{"type":"LineString","coordinates":[[107.143469,-6.254561],[107.142556,-6.254138]]},"properties":{"layer_id":"mobilitas","jenis":"krl","nama":"KRL Lin Cikarang","sumber":"OSM","atribut":{"lin":"cikarang"}}},{"type":"Feature","geometry":{"type":"LineString","coordinates":[[107.145414,-6.255404],[107.144855,-6.255167]]},"properties":{"layer_id":"mobilitas","jenis":"krl","nama":"KRL Lin Cikarang","sumber":"OSM","atribut":{"lin":"cikarang"}}},{"type":"Feature","geometry":{"type":"LineString","coordinates":[[107.145397,-6.255432],[107.144842,-6.255199]]},"properties":{"layer_id":"mobilitas","jenis":"krl","nama":"KRL Lin Cikarang","sumber":"OSM","atribut":{"lin":"cikarang"}}},{"type":"Feature","geometry":{"type":"LineString","coordinates":[[107.142067,-6.253953],[107.142547,-6.254175]]},"properties":{"layer_id":"mobilitas","jenis":"krl","nama":"KRL Lin Cikarang","sumber":"OSM","atribut":{"lin":"cikarang"}}},{"type":"Feature","geometry":{"type":"LineString","coordinates":[[107.142556,-6.254138],[107.142083,-6.253921]]},"properties":{"layer_id":"mobilitas","jenis":"krl","nama":"KRL Lin Cikarang","sumber":"OSM","atribut":{"lin":"cikarang"}}},{"type":"Feature","geometry":{"type":"LineString","coordinates":[[107.142083,-6.253921],[107.141086,-6.253508],[107.140094,-6.253285],[107.139042,-6.253215],[107.138045,-6.253269]]},"properties":{"layer_id":"mobilitas","jenis":"krl","nama":"KRL Lin Cikarang","sumber":"OSM","atribut":{"lin":"cikarang"}}},{"type":"Feature","geometry":{"type":"LineString","coordinates":[[106.851399,-6.212105],[106.852028,-6.213016],[106.852589,-6.213692],[106.852935,-6.21402],[106.853223,-6.21421]]},"properties":{"layer_id":"mobilitas","jenis":"krl","nama":"KRL Lin Cikarang","sumber":"OSM","atribut":{"lin":"cikarang"}}},{"type":"Feature","geometry":{"type":"LineString","coordinates":[[106.851368,-6.212126],[106.851555,-6.2124]]},"properties":{"layer_id":"mobilitas","jenis":"krl","nama":"KRL Lin Cikarang","sumber":"OSM","atribut":{"lin":"cikarang"}}},{"type":"Feature","geometry":{"type":"LineString","coordinates":[[106.794934,-6.494757],[106.794956,-6.496014],[106.795321,-6.499494],[106.795605,-6.502711],[106.795724,-6.505665],[106.795797,-6.506483],[106.796597,-6.510212],[106.796697,-6.510714],[106.796779,-6.511364],[106.796789,-6.511956],[106.796556,-6.513863]]},"properties":{"layer_id":"mobilitas","jenis":"krl","nama":"KRL Lin Bogor","sumber":"OSM","atribut":{"lin":"bogor"}}},{"type":"Feature","geometry":{"type":"LineString","coordinates":[[106.836615,-6.144426],[106.836356,-6.143943],[106.835987,-6.14341],[106.835687,-6.143069],[106.83531,-6.142711],[106.83454,-6.142162],[106.834053,-6.141909],[106.833247,-6.14159]]},"properties":{"layer_id":"mobilitas","jenis":"krl","nama":"KRL Lin Cikarang","sumber":"OSM","atribut":{"lin":"cikarang"}}},{"type":"Feature","geometry":{"type":"LineString","coordinates":[[106.658584,-6.160066],[106.658513,-6.160136]]},"properties":{"layer_id":"mobilitas","jenis":"krl","nama":"KRL lintas lain","sumber":"OSM","atribut":{"lin":"lain"}}},{"type":"Feature","geometry":{"type":"LineString","coordinates":[[106.658513,-6.160136],[106.657391,-6.161207]]},"properties":{"layer_id":"mobilitas","jenis":"krl","nama":"KRL lintas lain","sumber":"OSM","atribut":{"lin":"lain"}}},{"type":"Feature","geometry":{"type":"LineString","coordinates":[[106.657418,-6.161243],[106.658526,-6.160184]]},"properties":{"layer_id":"mobilitas","jenis":"krl","nama":"KRL lintas lain","sumber":"OSM","atribut":{"lin":"lain"}}},{"type":"Feature","geometry":{"type":"LineString","coordinates":[[106.658526,-6.160184],[106.658599,-6.160114]]},"properties":{"layer_id":"mobilitas","jenis":"krl","nama":"KRL lintas lain","sumber":"OSM","atribut":{"lin":"lain"}}},{"type":"Feature","geometry":{"type":"LineString","coordinates":[[106.854386,-6.216276],[106.853927,-6.21567]]},"properties":{"layer_id":"mobilitas","jenis":"krl","nama":"KRL Lin Bogor","sumber":"OSM","atribut":{"lin":"bogor"}}},{"type":"Feature","geometry":{"type":"LineString","coordinates":[[106.843215,-6.201126],[106.843594,-6.201693]]},"properties":{"layer_id":"mobilitas","jenis":"krl","nama":"KRL Lin Bogor","sumber":"OSM","atribut":{"lin":"bogor"}}},{"type":"Feature","geometry":{"type":"LineString","coordinates":[[106.854416,-6.216253],[106.854853,-6.216826]]},"properties":{"layer_id":"mobilitas","jenis":"krl","nama":"KRL Lin Bogor","sumber":"OSM","atribut":{"lin":"bogor"}}},{"type":"Feature","geometry":{"type":"LineString","coordinates":[[106.853953,-6.215645],[106.854416,-6.216253]]},"properties":{"layer_id":"mobilitas","jenis":"krl","nama":"KRL Lin Bogor","sumber":"OSM","atribut":{"lin":"bogor"}}},{"type":"Feature","geometry":{"type":"LineString","coordinates":[[107.073277,-6.262941],[107.074806,-6.263001],[107.075977,-6.262963],[107.076716,-6.262901],[107.082168,-6.262074],[107.083179,-6.261946]]},"properties":{"layer_id":"mobilitas","jenis":"krl","nama":"KRL Lin Cikarang","sumber":"OSM","atribut":{"lin":"cikarang"}}},{"type":"Feature","geometry":{"type":"LineString","coordinates":[[107.073198,-6.262936],[107.073277,-6.262941]]},"properties":{"layer_id":"mobilitas","jenis":"krl","nama":"KRL Lin Cikarang","sumber":"OSM","atribut":{"lin":"cikarang"}}},{"type":"Feature","geometry":{"type":"LineString","coordinates":[[107.083237,-6.261863],[107.079814,-6.262416],[107.076734,-6.262864],[107.075973,-6.262926],[107.074808,-6.262964],[107.073288,-6.262903]]},"properties":{"layer_id":"mobilitas","jenis":"krl","nama":"KRL Lin Cikarang","sumber":"OSM","atribut":{"lin":"cikarang"}}},{"type":"Feature","geometry":{"type":"LineString","coordinates":[[107.073288,-6.262903],[107.073201,-6.262899]]},"properties":{"layer_id":"mobilitas","jenis":"krl","nama":"KRL Lin Cikarang","sumber":"OSM","atribut":{"lin":"cikarang"}}},{"type":"Feature","geometry":{"type":"LineString","coordinates":[[106.766801,-6.160523],[106.766474,-6.160475]]},"properties":{"layer_id":"mobilitas","jenis":"krl","nama":"KRL lintas lain","sumber":"OSM","atribut":{"lin":"lain"}}},{"type":"Feature","geometry":{"type":"LineString","coordinates":[[106.766469,-6.160511],[106.766799,-6.160559]]},"properties":{"layer_id":"mobilitas","jenis":"krl","nama":"KRL lintas lain","sumber":"OSM","atribut":{"lin":"lain"}}},{"type":"Feature","geometry":{"type":"LineString","coordinates":[[106.829907,-6.375529],[106.83004,-6.375137]]},"properties":{"layer_id":"mobilitas","jenis":"krl","nama":"KRL Lin Bogor","sumber":"OSM","atribut":{"lin":"bogor"}}},{"type":"Feature","geometry":{"type":"LineString","coordinates":[[106.829954,-6.375546],[106.830084,-6.375152]]},"properties":{"layer_id":"mobilitas","jenis":"krl","nama":"KRL Lin Bogor","sumber":"OSM","atribut":{"lin":"bogor"}}},{"type":"Feature","geometry":{"type":"LineString","coordinates":[[106.829907,-6.375529],[106.828599,-6.379592],[106.828178,-6.380576],[106.827881,-6.381128],[106.827549,-6.381685],[106.826445,-6.383205],[106.824779,-6.385049],[106.824252,-6.385709],[106.823932,-6.386185],[106.823548,-6.38684],[106.823236,-6.387468],[106.822373,-6.38942]]},"properties":{"layer_id":"mobilitas","jenis":"krl","nama":"KRL Lin Bogor","sumber":"OSM","atribut":{"lin":"bogor"}}},{"type":"Feature","geometry":{"type":"LineString","coordinates":[[106.822516,-6.389246],[106.823262,-6.387481],[106.823577,-6.386856],[106.824285,-6.38572],[106.824803,-6.385066],[106.826477,-6.383232],[106.82759,-6.381696],[106.827931,-6.381143],[106.828216,-6.380594],[106.828635,-6.379592],[106.829954,-6.375546]]},"properties":{"layer_id":"mobilitas","jenis":"krl","nama":"KRL Lin Bogor","sumber":"OSM","atribut":{"lin":"bogor"}}},{"type":"Feature","geometry":{"type":"LineString","coordinates":[[106.798477,-6.161329],[106.798472,-6.161332]]},"properties":{"layer_id":"mobilitas","jenis":"krl","nama":"KRL lintas lain","sumber":"OSM","atribut":{"lin":"lain"}}},{"type":"Feature","geometry":{"type":"LineString","coordinates":[[106.798448,-6.161262],[106.798445,-6.161263]]},"properties":{"layer_id":"mobilitas","jenis":"krl","nama":"KRL lintas lain","sumber":"OSM","atribut":{"lin":"lain"}}},{"type":"Feature","geometry":{"type":"LineString","coordinates":[[106.809805,-6.198277],[106.809754,-6.198338]]},"properties":{"layer_id":"mobilitas","jenis":"krl","nama":"KRL Lin Rangkas","sumber":"OSM","atribut":{"lin":"rangkas"}}},{"type":"Feature","geometry":{"type":"LineString","coordinates":[[106.809771,-6.198241],[106.809716,-6.198305]]},"properties":{"layer_id":"mobilitas","jenis":"krl","nama":"KRL Lin Rangkas","sumber":"OSM","atribut":{"lin":"rangkas"}}},{"type":"Feature","geometry":{"type":"LineString","coordinates":[[106.811079,-6.187628],[106.811131,-6.188295],[106.811068,-6.188779]]},"properties":{"layer_id":"mobilitas","jenis":"krl","nama":"KRL Lin Cikarang","sumber":"OSM","atribut":{"lin":"cikarang"}}},{"type":"Feature","geometry":{"type":"LineString","coordinates":[[106.811036,-6.185901],[106.811072,-6.186261],[106.811055,-6.186791],[106.811147,-6.187631]]},"properties":{"layer_id":"mobilitas","jenis":"krl","nama":"KRL Lin Cikarang","sumber":"OSM","atribut":{"lin":"cikarang"}}},{"type":"Feature","geometry":{"type":"LineString","coordinates":[[106.810873,-6.184246],[106.810741,-6.18292],[106.810622,-6.182506]]},"properties":{"layer_id":"mobilitas","jenis":"krl","nama":"KRL Lin Cikarang","sumber":"OSM","atribut":{"lin":"cikarang"}}},{"type":"Feature","geometry":{"type":"LineString","coordinates":[[106.810502,-6.182258],[106.810638,-6.18353]]},"properties":{"layer_id":"mobilitas","jenis":"krl","nama":"KRL lintas lain","sumber":"OSM","atribut":{"lin":"lain"}}},{"type":"Feature","geometry":{"type":"LineString","coordinates":[[106.810677,-6.183904],[106.810851,-6.185503]]},"properties":{"layer_id":"mobilitas","jenis":"krl","nama":"KRL Lin Rangkas","sumber":"OSM","atribut":{"lin":"rangkas"}}},{"type":"Feature","geometry":{"type":"LineString","coordinates":[[106.810896,-6.185918],[106.810992,-6.186765]]},"properties":{"layer_id":"mobilitas","jenis":"krl","nama":"KRL Lin Rangkas","sumber":"OSM","atribut":{"lin":"rangkas"}}},{"type":"Feature","geometry":{"type":"LineString","coordinates":[[106.847461,-6.207053],[106.84708,-6.206584]]},"properties":{"layer_id":"mobilitas","jenis":"krl","nama":"KRL Lin Cikarang","sumber":"OSM","atribut":{"lin":"cikarang"}}},{"type":"Feature","geometry":{"type":"LineString","coordinates":[[106.872695,-6.214817],[106.87396,-6.214838]]},"properties":{"layer_id":"mobilitas","jenis":"krl","nama":"KRL Lin Cikarang","sumber":"OSM","atribut":{"lin":"cikarang"}}},{"type":"Feature","geometry":{"type":"LineString","coordinates":[[106.87396,-6.214838],[106.874212,-6.214824]]},"properties":{"layer_id":"mobilitas","jenis":"krl","nama":"KRL Lin Cikarang","sumber":"OSM","atribut":{"lin":"cikarang"}}},{"type":"Feature","geometry":{"type":"LineString","coordinates":[[106.874779,-6.214832],[106.874963,-6.214823]]},"properties":{"layer_id":"mobilitas","jenis":"krl","nama":"KRL Lin Cikarang","sumber":"OSM","atribut":{"lin":"cikarang"}}},{"type":"Feature","geometry":{"type":"LineString","coordinates":[[106.874892,-6.214868],[106.875545,-6.214839]]},"properties":{"layer_id":"mobilitas","jenis":"krl","nama":"KRL Lin Cikarang","sumber":"OSM","atribut":{"lin":"cikarang"}}},{"type":"Feature","geometry":{"type":"LineString","coordinates":[[106.849,-6.208901],[106.848667,-6.208518]]},"properties":{"layer_id":"mobilitas","jenis":"krl","nama":"KRL Lin Cikarang","sumber":"OSM","atribut":{"lin":"cikarang"}}},{"type":"Feature","geometry":{"type":"LineString","coordinates":[[106.874723,-6.214876],[106.874892,-6.214868]]},"properties":{"layer_id":"mobilitas","jenis":"krl","nama":"KRL Lin Cikarang","sumber":"OSM","atribut":{"lin":"cikarang"}}},{"type":"Feature","geometry":{"type":"LineString","coordinates":[[106.873062,-6.214972],[106.874723,-6.214876]]},"properties":{"layer_id":"mobilitas","jenis":"krl","nama":"KRL Lin Cikarang","sumber":"OSM","atribut":{"lin":"cikarang"}}},{"type":"Feature","geometry":{"type":"LineString","coordinates":[[106.874126,-6.21487],[106.8742,-6.214867]]},"properties":{"layer_id":"mobilitas","jenis":"krl","nama":"KRL Lin Cikarang","sumber":"OSM","atribut":{"lin":"cikarang"}}},{"type":"Feature","geometry":{"type":"LineString","coordinates":[[106.873403,-6.214877],[106.873549,-6.214867]]},"properties":{"layer_id":"mobilitas","jenis":"krl","nama":"KRL Lin Cikarang","sumber":"OSM","atribut":{"lin":"cikarang"}}},{"type":"Feature","geometry":{"type":"LineString","coordinates":[[106.847491,-6.207035],[106.84777,-6.207461]]},"properties":{"layer_id":"mobilitas","jenis":"krl","nama":"KRL lintas lain","sumber":"OSM","atribut":{"lin":"lain"}}},{"type":"Feature","geometry":{"type":"LineString","coordinates":[[106.849,-6.208901],[106.848668,-6.208463]]},"properties":{"layer_id":"mobilitas","jenis":"krl","nama":"KRL Lin Cikarang","sumber":"OSM","atribut":{"lin":"cikarang"}}},{"type":"Feature","geometry":{"type":"LineString","coordinates":[[106.873549,-6.214867],[106.874126,-6.21487]]},"properties":{"layer_id":"mobilitas","jenis":"krl","nama":"KRL Lin Cikarang","sumber":"OSM","atribut":{"lin":"cikarang"}}},{"type":"Feature","geometry":{"type":"LineString","coordinates":[[106.874779,-6.214832],[106.874212,-6.214824]]},"properties":{"layer_id":"mobilitas","jenis":"krl","nama":"KRL Lin Cikarang","sumber":"OSM","atribut":{"lin":"cikarang"}}},{"type":"Feature","geometry":{"type":"LineString","coordinates":[[106.875545,-6.214839],[106.874963,-6.214823]]},"properties":{"layer_id":"mobilitas","jenis":"krl","nama":"KRL Lin Cikarang","sumber":"OSM","atribut":{"lin":"cikarang"}}},{"type":"Feature","geometry":{"type":"LineString","coordinates":[[106.87545,-6.214884],[106.874892,-6.214868]]},"properties":{"layer_id":"mobilitas","jenis":"krl","nama":"KRL Lin Cikarang","sumber":"OSM","atribut":{"lin":"cikarang"}}},{"type":"Feature","geometry":{"type":"LineString","coordinates":[[106.871941,-6.215075],[106.87545,-6.214884]]},"properties":{"layer_id":"mobilitas","jenis":"krl","nama":"KRL Lin Cikarang","sumber":"OSM","atribut":{"lin":"cikarang"}}},{"type":"Feature","geometry":{"type":"LineString","coordinates":[[106.87194,-6.21501],[106.8706,-6.215021]]},"properties":{"layer_id":"mobilitas","jenis":"krl","nama":"KRL Lin Cikarang","sumber":"OSM","atribut":{"lin":"cikarang"}}},{"type":"Feature","geometry":{"type":"LineString","coordinates":[[106.865096,-6.213117],[106.865229,-6.213239]]},"properties":{"layer_id":"mobilitas","jenis":"krl","nama":"KRL Lin Cikarang","sumber":"OSM","atribut":{"lin":"cikarang"}}},{"type":"Feature","geometry":{"type":"LineString","coordinates":[[106.864002,-6.212195],[106.864694,-6.212795]]},"properties":{"layer_id":"mobilitas","jenis":"krl","nama":"KRL Lin Cikarang","sumber":"OSM","atribut":{"lin":"cikarang"}}},{"type":"Feature","geometry":{"type":"LineString","coordinates":[[106.865096,-6.213117],[106.864014,-6.212149]]},"properties":{"layer_id":"mobilitas","jenis":"krl","nama":"KRL Lin Cikarang","sumber":"OSM","atribut":{"lin":"cikarang"}}},{"type":"Feature","geometry":{"type":"LineString","coordinates":[[106.800886,-6.146883],[106.800655,-6.142968]]},"properties":{"layer_id":"mobilitas","jenis":"krl","nama":"KRL Lin Cikarang","sumber":"OSM","atribut":{"lin":"cikarang"}}},{"type":"Feature","geometry":{"type":"LineString","coordinates":[[106.801327,-6.157659],[106.801364,-6.158434],[106.801346,-6.158743],[106.801296,-6.159002],[106.801131,-6.15946],[106.800989,-6.159728],[106.800586,-6.160203],[106.800084,-6.160556],[106.798448,-6.161262]]},"properties":{"layer_id":"mobilitas","jenis":"krl","nama":"KRL lintas lain","sumber":"OSM","atribut":{"lin":"lain"}}},{"type":"Feature","geometry":{"type":"LineString","coordinates":[[106.801327,-6.157142],[106.801327,-6.157659]]},"properties":{"layer_id":"mobilitas","jenis":"krl","nama":"KRL lintas lain","sumber":"OSM","atribut":{"lin":"lain"}}},{"type":"Feature","geometry":{"type":"LineString","coordinates":[[106.851555,-6.2124],[106.852289,-6.213397]]},"properties":{"layer_id":"mobilitas","jenis":"krl","nama":"KRL Lin Cikarang","sumber":"OSM","atribut":{"lin":"cikarang"}}},{"type":"Feature","geometry":{"type":"LineString","coordinates":[[106.850231,-6.210568],[106.850861,-6.211396],[106.851368,-6.212126]]},"properties":{"layer_id":"mobilitas","jenis":"krl","nama":"KRL Lin Cikarang","sumber":"OSM","atribut":{"lin":"cikarang"}}},{"type":"Feature","geometry":{"type":"LineString","coordinates":[[106.848714,-6.208893],[106.848918,-6.209435],[106.84909,-6.209758],[106.849883,-6.21082]]},"properties":{"layer_id":"mobilitas","jenis":"krl","nama":"KRL lintas lain","sumber":"OSM","atribut":{"lin":"lain"}}},{"type":"Feature","geometry":{"type":"LineString","coordinates":[[106.848036,-6.207797],[106.848273,-6.208066]]},"properties":{"layer_id":"mobilitas","jenis":"krl","nama":"KRL Lin Cikarang","sumber":"OSM","atribut":{"lin":"cikarang"}}},{"type":"Feature","geometry":{"type":"LineString","coordinates":[[106.840606,-6.158977],[106.840331,-6.157999],[106.838921,-6.152153],[106.837182,-6.146312]]},"properties":{"layer_id":"mobilitas","jenis":"krl","nama":"KRL Lin Cikarang","sumber":"OSM","atribut":{"lin":"cikarang"}}},{"type":"Feature","geometry":{"type":"LineString","coordinates":[[106.850198,-6.185241],[106.846962,-6.180887],[106.846688,-6.180454],[106.846474,-6.179965],[106.846341,-6.179521],[106.84576,-6.17733]]},"properties":{"layer_id":"mobilitas","jenis":"krl","nama":"KRL Lin Cikarang","sumber":"OSM","atribut":{"lin":"cikarang"}}},{"type":"Feature","geometry":{"type":"LineString","coordinates":[[106.800905,-6.14772],[106.800904,-6.147152]]},"properties":{"layer_id":"mobilitas","jenis":"krl","nama":"KRL Lin Cikarang","sumber":"OSM","atribut":{"lin":"cikarang"}}},{"type":"Feature","geometry":{"type":"LineString","coordinates":[[106.837182,-6.146312],[106.836758,-6.144904],[106.836589,-6.144437]]},"properties":{"layer_id":"mobilitas","jenis":"krl","nama":"KRL Lin Cikarang","sumber":"OSM","atribut":{"lin":"cikarang"}}},{"type":"Feature","geometry":{"type":"LineString","coordinates":[[106.837213,-6.146303],[106.836698,-6.14462],[106.836615,-6.144426]]},"properties":{"layer_id":"mobilitas","jenis":"krl","nama":"KRL Lin Cikarang","sumber":"OSM","atribut":{"lin":"cikarang"}}},{"type":"Feature","geometry":{"type":"LineString","coordinates":[[106.995384,-6.234127],[106.99457,-6.233627]]},"properties":{"layer_id":"mobilitas","jenis":"krl","nama":"KRL Lin Cikarang","sumber":"OSM","atribut":{"lin":"cikarang"}}},{"type":"Feature","geometry":{"type":"LineString","coordinates":[[106.994981,-6.23392],[106.996237,-6.234727]]},"properties":{"layer_id":"mobilitas","jenis":"krl","nama":"KRL Lin Cikarang","sumber":"OSM","atribut":{"lin":"cikarang"}}},{"type":"Feature","geometry":{"type":"LineString","coordinates":[[106.996237,-6.234727],[106.998829,-6.236359]]},"properties":{"layer_id":"mobilitas","jenis":"krl","nama":"KRL Lin Cikarang","sumber":"OSM","atribut":{"lin":"cikarang"}}},{"type":"Feature","geometry":{"type":"LineString","coordinates":[[106.825883,-6.132128],[106.823932,-6.132466]]},"properties":{"layer_id":"mobilitas","jenis":"krl","nama":"KRL Lin Cikarang","sumber":"OSM","atribut":{"lin":"cikarang"}}},{"type":"Feature","geometry":{"type":"LineString","coordinates":[[106.82315,-6.132636],[106.824464,-6.132418]]},"properties":{"layer_id":"mobilitas","jenis":"krl","nama":"KRL Lin Cikarang","sumber":"OSM","atribut":{"lin":"cikarang"}}},{"type":"Feature","geometry":{"type":"LineString","coordinates":[[107.0048,-6.240282],[107.004882,-6.240356]]},"properties":{"layer_id":"mobilitas","jenis":"krl","nama":"KRL Lin Cikarang","sumber":"OSM","atribut":{"lin":"cikarang"}}},{"type":"Feature","geometry":{"type":"LineString","coordinates":[[107.004882,-6.240356],[107.005267,-6.240679]]},"properties":{"layer_id":"mobilitas","jenis":"krl","nama":"KRL Lin Cikarang","sumber":"OSM","atribut":{"lin":"cikarang"}}},{"type":"Feature","geometry":{"type":"LineString","coordinates":[[107.002588,-6.238642],[107.002043,-6.238307]]},"properties":{"layer_id":"mobilitas","jenis":"krl","nama":"KRL Lin Cikarang","sumber":"OSM","atribut":{"lin":"cikarang"}}},{"type":"Feature","geometry":{"type":"LineString","coordinates":[[107.002022,-6.238336],[107.002572,-6.238677]]},"properties":{"layer_id":"mobilitas","jenis":"krl","nama":"KRL Lin Cikarang","sumber":"OSM","atribut":{"lin":"cikarang"}}},{"type":"Feature","geometry":{"type":"LineString","coordinates":[[106.99457,-6.233627],[106.994981,-6.23392]]},"properties":{"layer_id":"mobilitas","jenis":"krl","nama":"KRL Lin Cikarang","sumber":"OSM","atribut":{"lin":"cikarang"}}},{"type":"Feature","geometry":{"type":"LineString","coordinates":[[107.0048,-6.240282],[107.003571,-6.239275],[107.002588,-6.238642]]},"properties":{"layer_id":"mobilitas","jenis":"krl","nama":"KRL Lin Cikarang","sumber":"OSM","atribut":{"lin":"cikarang"}}},{"type":"Feature","geometry":{"type":"LineString","coordinates":[[106.99457,-6.233627],[106.993168,-6.232789]]},"properties":{"layer_id":"mobilitas","jenis":"krl","nama":"KRL Lin Cikarang","sumber":"OSM","atribut":{"lin":"cikarang"}}},{"type":"Feature","geometry":{"type":"LineString","coordinates":[[106.824464,-6.132418],[106.823932,-6.132466]]},"properties":{"layer_id":"mobilitas","jenis":"krl","nama":"KRL Lin Cikarang","sumber":"OSM","atribut":{"lin":"cikarang"}}},{"type":"Feature","geometry":{"type":"LineString","coordinates":[[106.800974,-6.148362],[106.800904,-6.147152]]},"properties":{"layer_id":"mobilitas","jenis":"krl","nama":"KRL Lin Cikarang","sumber":"OSM","atribut":{"lin":"cikarang"}}},{"type":"Feature","geometry":{"type":"LineString","coordinates":[[106.800905,-6.14772],[106.80094,-6.148362]]},"properties":{"layer_id":"mobilitas","jenis":"krl","nama":"KRL Lin Cikarang","sumber":"OSM","atribut":{"lin":"cikarang"}}},{"type":"Feature","geometry":{"type":"LineString","coordinates":[[106.800904,-6.147152],[106.800886,-6.146883]]},"properties":{"layer_id":"mobilitas","jenis":"krl","nama":"KRL Lin Cikarang","sumber":"OSM","atribut":{"lin":"cikarang"}}},{"type":"Feature","geometry":{"type":"LineString","coordinates":[[106.801189,-6.155501],[106.801285,-6.157149]]},"properties":{"layer_id":"mobilitas","jenis":"krl","nama":"KRL lintas lain","sumber":"OSM","atribut":{"lin":"lain"}}},{"type":"Feature","geometry":{"type":"LineString","coordinates":[[106.801323,-6.157048],[106.801229,-6.155499]]},"properties":{"layer_id":"mobilitas","jenis":"krl","nama":"KRL lintas lain","sumber":"OSM","atribut":{"lin":"lain"}}},{"type":"Feature","geometry":{"type":"LineString","coordinates":[[106.801446,-6.155594],[106.801501,-6.156568],[106.80149,-6.157548],[106.801536,-6.158652]]},"properties":{"layer_id":"mobilitas","jenis":"krl","nama":"KRL Lin Cikarang","sumber":"OSM","atribut":{"lin":"cikarang"}}},{"type":"Feature","geometry":{"type":"LineString","coordinates":[[106.801198,-6.152171],[106.80098,-6.148479]]},"properties":{"layer_id":"mobilitas","jenis":"krl","nama":"KRL Lin Cikarang","sumber":"OSM","atribut":{"lin":"cikarang"}}},{"type":"Feature","geometry":{"type":"LineString","coordinates":[[106.843395,-6.17135],[106.843183,-6.170657],[106.843108,-6.170125],[106.843083,-6.167743],[106.843026,-6.16723],[106.842149,-6.163841]]},"properties":{"layer_id":"mobilitas","jenis":"krl","nama":"KRL Lin Cikarang","sumber":"OSM","atribut":{"lin":"cikarang"}}},{"type":"Feature","geometry":{"type":"LineString","coordinates":[[106.851676,-6.212964],[106.850669,-6.211649]]},"properties":{"layer_id":"mobilitas","jenis":"krl","nama":"KRL Lin Bogor","sumber":"OSM","atribut":{"lin":"bogor"}}},{"type":"Feature","geometry":{"type":"LineString","coordinates":[[106.850698,-6.211626],[106.851704,-6.212942]]},"properties":{"layer_id":"mobilitas","jenis":"krl","nama":"KRL Lin Bogor","sumber":"OSM","atribut":{"lin":"bogor"}}},{"type":"Feature","geometry":{"type":"LineString","coordinates":[[106.849381,-6.209952],[106.848825,-6.209212],[106.848502,-6.208698]]},"properties":{"layer_id":"mobilitas","jenis":"krl","nama":"KRL Lin Bogor","sumber":"OSM","atribut":{"lin":"bogor"}}},{"type":"Feature","geometry":{"type":"LineString","coordinates":[[106.848534,-6.208679],[106.848905,-6.209264],[106.84941,-6.209931]]},"properties":{"layer_id":"mobilitas","jenis":"krl","nama":"KRL Lin Bogor","sumber":"OSM","atribut":{"lin":"bogor"}}},{"type":"Feature","geometry":{"type":"LineString","coordinates":[[106.8261,-6.132129],[106.825926,-6.132161]]},"properties":{"layer_id":"mobilitas","jenis":"krl","nama":"KRL Lin Cikarang","sumber":"OSM","atribut":{"lin":"cikarang"}}},{"type":"Feature","geometry":{"type":"LineString","coordinates":[[106.8261,-6.132129],[106.826664,-6.132085]]},"properties":{"layer_id":"mobilitas","jenis":"krl","nama":"KRL Lin Cikarang","sumber":"OSM","atribut":{"lin":"cikarang"}}},{"type":"Feature","geometry":{"type":"LineString","coordinates":[[106.872695,-6.214817],[106.871679,-6.214736],[106.870598,-6.214731]]},"properties":{"layer_id":"mobilitas","jenis":"krl","nama":"KRL Lin Cikarang","sumber":"OSM","atribut":{"lin":"cikarang"}}},{"type":"Feature","geometry":{"type":"LineString","coordinates":[[106.870601,-6.214756],[106.871676,-6.214767],[106.872693,-6.214855]]},"properties":{"layer_id":"mobilitas","jenis":"krl","nama":"KRL Lin Cikarang","sumber":"OSM","atribut":{"lin":"cikarang"}}},{"type":"Feature","geometry":{"type":"LineString","coordinates":[[106.801315,-6.155494],[106.801345,-6.15604]]},"properties":{"layer_id":"mobilitas","jenis":"krl","nama":"KRL lintas lain","sumber":"OSM","atribut":{"lin":"lain"}}},{"type":"Feature","geometry":{"type":"LineString","coordinates":[[106.801345,-6.15604],[106.801406,-6.157452]]},"properties":{"layer_id":"mobilitas","jenis":"krl","nama":"KRL lintas lain","sumber":"OSM","atribut":{"lin":"lain"}}},{"type":"Feature","geometry":{"type":"LineString","coordinates":[[106.84854,-6.208545],[106.848265,-6.208114]]},"properties":{"layer_id":"mobilitas","jenis":"krl","nama":"KRL lintas lain","sumber":"OSM","atribut":{"lin":"lain"}}},{"type":"Feature","geometry":{"type":"LineString","coordinates":[[106.848582,-6.208613],[106.84854,-6.208545]]},"properties":{"layer_id":"mobilitas","jenis":"krl","nama":"KRL lintas lain","sumber":"OSM","atribut":{"lin":"lain"}}},{"type":"Feature","geometry":{"type":"LineString","coordinates":[[106.852289,-6.213397],[106.852689,-6.213844],[106.85291,-6.214043],[106.853207,-6.214244]]},"properties":{"layer_id":"mobilitas","jenis":"krl","nama":"KRL Lin Cikarang","sumber":"OSM","atribut":{"lin":"cikarang"}}},{"type":"Feature","geometry":{"type":"LineString","coordinates":[[106.848639,-6.208484],[106.8483,-6.2081]]},"properties":{"layer_id":"mobilitas","jenis":"krl","nama":"KRL Lin Cikarang","sumber":"OSM","atribut":{"lin":"cikarang"}}},{"type":"Feature","geometry":{"type":"LineString","coordinates":[[106.84897,-6.20892],[106.848639,-6.208484]]},"properties":{"layer_id":"mobilitas","jenis":"krl","nama":"KRL Lin Cikarang","sumber":"OSM","atribut":{"lin":"cikarang"}}},{"type":"Feature","geometry":{"type":"LineString","coordinates":[[106.848079,-6.207765],[106.847827,-6.207476]]},"properties":{"layer_id":"mobilitas","jenis":"krl","nama":"KRL Lin Cikarang","sumber":"OSM","atribut":{"lin":"cikarang"}}},{"type":"Feature","geometry":{"type":"LineString","coordinates":[[106.865943,-6.213564],[106.864659,-6.212407],[106.863476,-6.211435]]},"properties":{"layer_id":"mobilitas","jenis":"krl","nama":"KRL Lin Cikarang","sumber":"OSM","atribut":{"lin":"cikarang"}}},{"type":"Feature","geometry":{"type":"LineString","coordinates":[[106.866297,-6.213934],[106.866885,-6.214411],[106.867407,-6.21466],[106.868022,-6.214805],[106.868665,-6.214813]]},"properties":{"layer_id":"mobilitas","jenis":"krl","nama":"KRL Lin Cikarang","sumber":"OSM","atribut":{"lin":"cikarang"}}},{"type":"Feature","geometry":{"type":"LineString","coordinates":[[106.844787,-6.175271],[106.844183,-6.173701],[106.843755,-6.172415]]},"properties":{"layer_id":"mobilitas","jenis":"krl","nama":"KRL Lin Cikarang","sumber":"OSM","atribut":{"lin":"cikarang"}}},{"type":"Feature","geometry":{"type":"LineString","coordinates":[[106.665442,-6.171964],[106.66515,-6.171982]]},"properties":{"layer_id":"mobilitas","jenis":"krl","nama":"KRL lintas lain","sumber":"OSM","atribut":{"lin":"lain"}}},{"type":"Feature","geometry":{"type":"LineString","coordinates":[[106.667556,-6.171849],[106.665442,-6.171964]]},"properties":{"layer_id":"mobilitas","jenis":"krl","nama":"KRL lintas lain","sumber":"OSM","atribut":{"lin":"lain"}}},{"type":"Feature","geometry":{"type":"LineString","coordinates":[[106.647857,-6.174997],[106.6653,-6.172227]]},"properties":{"layer_id":"mobilitas","jenis":"krl","nama":"KRL lintas lain","sumber":"OSM","atribut":{"lin":"lain"}}},{"type":"Feature","geometry":{"type":"LineString","coordinates":[[106.6653,-6.172227],[106.665389,-6.172212]]},"properties":{"layer_id":"mobilitas","jenis":"krl","nama":"KRL lintas lain","sumber":"OSM","atribut":{"lin":"lain"}}},{"type":"Feature","geometry":{"type":"LineString","coordinates":[[106.665419,-6.17183],[106.665871,-6.171767],[106.669258,-6.171553]]},"properties":{"layer_id":"mobilitas","jenis":"krl","nama":"KRL lintas lain","sumber":"OSM","atribut":{"lin":"lain"}}},{"type":"Feature","geometry":{"type":"LineString","coordinates":[[106.665131,-6.171872],[106.665419,-6.17183]]},"properties":{"layer_id":"mobilitas","jenis":"krl","nama":"KRL lintas lain","sumber":"OSM","atribut":{"lin":"lain"}}},{"type":"Feature","geometry":{"type":"LineString","coordinates":[[106.665131,-6.171872],[106.658501,-6.172973],[106.65415,-6.173895],[106.653036,-6.174028],[106.652411,-6.174045],[106.651752,-6.17395],[106.651281,-6.173798],[106.651015,-6.173674]]},"properties":{"layer_id":"mobilitas","jenis":"krl","nama":"KRL lintas lain","sumber":"OSM","atribut":{"lin":"lain"}}},{"type":"Feature","geometry":{"type":"LineString","coordinates":[[106.650995,-6.173709],[106.651261,-6.173836],[106.651977,-6.174055],[106.65228,-6.1741],[106.653032,-6.174073],[106.65415,-6.173934],[106.654823,-6.173806],[106.657894,-6.173144],[106.664302,-6.172054],[106.66515,-6.171982]]},"properties":{"layer_id":"mobilitas","jenis":"krl","nama":"KRL lintas lain","sumber":"OSM","atribut":{"lin":"lain"}}},{"type":"Feature","geometry":{"type":"LineString","coordinates":[[107.112419,-6.257266],[107.110235,-6.25761]]},"properties":{"layer_id":"mobilitas","jenis":"krl","nama":"KRL Lin Cikarang","sumber":"OSM","atribut":{"lin":"cikarang"}}},{"type":"Feature","geometry":{"type":"LineString","coordinates":[[107.110235,-6.25761],[107.091948,-6.260468]]},"properties":{"layer_id":"mobilitas","jenis":"krl","nama":"KRL Lin Cikarang","sumber":"OSM","atribut":{"lin":"cikarang"}}},{"type":"Feature","geometry":{"type":"LineString","coordinates":[[106.630448,-6.176844],[106.633646,-6.176976]]},"properties":{"layer_id":"mobilitas","jenis":"krl","nama":"KRL lintas lain","sumber":"OSM","atribut":{"lin":"lain"}}},{"type":"Feature","geometry":{"type":"LineString","coordinates":[[106.636688,-6.133597],[106.645232,-6.130216]]},"properties":{"layer_id":"mobilitas","jenis":"krl","nama":"KRL lintas lain","sumber":"OSM","atribut":{"lin":"lain"}}},{"type":"Feature","geometry":{"type":"LineString","coordinates":[[106.644708,-6.130362],[106.636668,-6.133555]]},"properties":{"layer_id":"mobilitas","jenis":"krl","nama":"KRL lintas lain","sumber":"OSM","atribut":{"lin":"lain"}}},{"type":"Feature","geometry":{"type":"LineString","coordinates":[[106.633528,-6.137615],[106.633634,-6.136494],[106.633724,-6.136163],[106.634008,-6.13562],[106.634355,-6.135148],[106.634636,-6.134805],[106.635167,-6.134326],[106.635405,-6.13416],[106.635971,-6.13388],[106.636688,-6.133597]]},"properties":{"layer_id":"mobilitas","jenis":"krl","nama":"KRL lintas lain","sumber":"OSM","atribut":{"lin":"lain"}}},{"type":"Feature","geometry":{"type":"LineString","coordinates":[[106.636668,-6.133555],[106.63595,-6.13384],[106.635379,-6.13412],[106.63514,-6.134283],[106.634599,-6.134774],[106.634313,-6.135118],[106.633955,-6.135599],[106.633678,-6.136159],[106.633591,-6.136475],[106.633524,-6.136961],[106.63348,-6.13761]]},"properties":{"layer_id":"mobilitas","jenis":"krl","nama":"KRL lintas lain","sumber":"OSM","atribut":{"lin":"lain"}}},{"type":"Feature","geometry":{"type":"LineString","coordinates":[[106.810898,-6.187126],[106.810966,-6.187655]]},"properties":{"layer_id":"mobilitas","jenis":"krl","nama":"KRL Lin Rangkas","sumber":"OSM","atribut":{"lin":"rangkas"}}},{"type":"Feature","geometry":{"type":"LineString","coordinates":[[106.519307,-6.355438],[106.519709,-6.355738],[106.520076,-6.355892],[106.520373,-6.355964],[106.520637,-6.355988],[106.521139,-6.355924],[106.521977,-6.355723]]},"properties":{"layer_id":"mobilitas","jenis":"krl","nama":"KRL Lin Rangkas","sumber":"OSM","atribut":{"lin":"rangkas"}}},{"type":"Feature","geometry":{"type":"LineString","coordinates":[[106.521955,-6.355674],[106.52094,-6.355898],[106.520467,-6.355919],[106.520118,-6.355855],[106.519908,-6.355772],[106.519697,-6.355652],[106.519362,-6.355377]]},"properties":{"layer_id":"mobilitas","jenis":"krl","nama":"KRL Lin Rangkas","sumber":"OSM","atribut":{"lin":"rangkas"}}},{"type":"Feature","geometry":{"type":"LineString","coordinates":[[106.513198,-6.354865],[106.513866,-6.354475],[106.514656,-6.354153],[106.515158,-6.354049],[106.516103,-6.353969]]},"properties":{"layer_id":"mobilitas","jenis":"krl","nama":"KRL Lin Rangkas","sumber":"OSM","atribut":{"lin":"rangkas"}}},{"type":"Feature","geometry":{"type":"LineString","coordinates":[[106.516124,-6.353905],[106.515114,-6.353994],[106.514784,-6.354058],[106.514193,-6.354262],[106.513844,-6.354433],[106.513197,-6.354818]]},"properties":{"layer_id":"mobilitas","jenis":"krl","nama":"KRL Lin Rangkas","sumber":"OSM","atribut":{"lin":"rangkas"}}},{"type":"Feature","geometry":{"type":"LineString","coordinates":[[106.510504,-6.354845],[106.510928,-6.355103],[106.511178,-6.355209],[106.51144,-6.355278],[106.511792,-6.355319],[106.512104,-6.355306],[106.512442,-6.35524],[106.512716,-6.355133],[106.513198,-6.354865]]},"properties":{"layer_id":"mobilitas","jenis":"krl","nama":"KRL Lin Rangkas","sumber":"OSM","atribut":{"lin":"rangkas"}}},{"type":"Feature","geometry":{"type":"LineString","coordinates":[[106.513197,-6.354818],[106.512831,-6.355035],[106.512482,-6.355191],[106.511932,-6.355286],[106.51152,-6.35525],[106.51118,-6.355164],[106.510529,-6.354817]]},"properties":{"layer_id":"mobilitas","jenis":"krl","nama":"KRL Lin Rangkas","sumber":"OSM","atribut":{"lin":"rangkas"}}},{"type":"Feature","geometry":{"type":"LineString","coordinates":[[106.462044,-6.327527],[106.463643,-6.328307],[106.464184,-6.3285],[106.470945,-6.329595],[106.47189,-6.329803],[106.47273,-6.330157],[106.474412,-6.331046]]},"properties":{"layer_id":"mobilitas","jenis":"krl","nama":"KRL Lin Rangkas","sumber":"OSM","atribut":{"lin":"rangkas"}}},{"type":"Feature","geometry":{"type":"LineString","coordinates":[[106.45804,-6.326564],[106.459461,-6.326491],[106.460025,-6.326591],[106.460672,-6.326851]]},"properties":{"layer_id":"mobilitas","jenis":"krl","nama":"KRL Lin Rangkas","sumber":"OSM","atribut":{"lin":"rangkas"}}},{"type":"Feature","geometry":{"type":"LineString","coordinates":[[106.474439,-6.331],[106.472729,-6.330089],[106.472188,-6.329853],[106.471788,-6.329716],[106.471294,-6.329603],[106.464343,-6.328493],[106.463683,-6.328291],[106.462065,-6.327499]]},"properties":{"layer_id":"mobilitas","jenis":"krl","nama":"KRL Lin Rangkas","sumber":"OSM","atribut":{"lin":"rangkas"}}},{"type":"Feature","geometry":{"type":"LineString","coordinates":[[106.460622,-6.326788],[106.460322,-6.326648],[106.460029,-6.326554],[106.459473,-6.326452],[106.45902,-6.326455],[106.457888,-6.326537]]},"properties":{"layer_id":"mobilitas","jenis":"krl","nama":"KRL Lin Rangkas","sumber":"OSM","atribut":{"lin":"rangkas"}}},{"type":"Feature","geometry":{"type":"LineString","coordinates":[[106.843755,-6.172415],[106.843546,-6.171804]]},"properties":{"layer_id":"mobilitas","jenis":"krl","nama":"KRL Lin Cikarang","sumber":"OSM","atribut":{"lin":"cikarang"}}},{"type":"Feature","geometry":{"type":"LineString","coordinates":[[106.8456,-6.17711],[106.845266,-6.176299]]},"properties":{"layer_id":"mobilitas","jenis":"krl","nama":"KRL Lin Cikarang","sumber":"OSM","atribut":{"lin":"cikarang"}}},{"type":"Feature","geometry":{"type":"LineString","coordinates":[[106.845422,-6.176382],[106.84576,-6.17733]]},"properties":{"layer_id":"mobilitas","jenis":"krl","nama":"KRL Lin Cikarang","sumber":"OSM","atribut":{"lin":"cikarang"}}},{"type":"Feature","geometry":{"type":"LineString","coordinates":[[106.864694,-6.212795],[106.865127,-6.213194]]},"properties":{"layer_id":"mobilitas","jenis":"krl","nama":"KRL Lin Cikarang","sumber":"OSM","atribut":{"lin":"cikarang"}}},{"type":"Feature","geometry":{"type":"LineString","coordinates":[[107.182717,-6.271412],[107.182112,-6.271281]]},"properties":{"layer_id":"mobilitas","jenis":"krl","nama":"KRL Lin Cikarang","sumber":"OSM","atribut":{"lin":"cikarang"}}},{"type":"Feature","geometry":{"type":"LineString","coordinates":[[107.18211,-6.271326],[107.18271,-6.271453]]},"properties":{"layer_id":"mobilitas","jenis":"krl","nama":"KRL Lin Cikarang","sumber":"OSM","atribut":{"lin":"cikarang"}}},{"type":"Feature","geometry":{"type":"LineString","coordinates":[[106.810999,-6.186825],[106.811079,-6.187628]]},"properties":{"layer_id":"mobilitas","jenis":"krl","nama":"KRL Lin Cikarang","sumber":"OSM","atribut":{"lin":"cikarang"}}},{"type":"Feature","geometry":{"type":"LineString","coordinates":[[106.811068,-6.188779],[106.810931,-6.189542]]},"properties":{"layer_id":"mobilitas","jenis":"krl","nama":"KRL Lin Cikarang","sumber":"OSM","atribut":{"lin":"cikarang"}}},{"type":"Feature","geometry":{"type":"LineString","coordinates":[[106.810973,-6.189549],[106.81119,-6.18827],[106.811147,-6.187631]]},"properties":{"layer_id":"mobilitas","jenis":"krl","nama":"KRL Lin Cikarang","sumber":"OSM","atribut":{"lin":"cikarang"}}},{"type":"Feature","geometry":{"type":"LineString","coordinates":[[106.796597,-6.513866],[106.796606,-6.514476],[106.796645,-6.514871],[106.796724,-6.515273],[106.796893,-6.515785],[106.797136,-6.516307],[106.797408,-6.516748],[106.798165,-6.517568]]},"properties":{"layer_id":"mobilitas","jenis":"krl","nama":"KRL Lin Bogor","sumber":"OSM","atribut":{"lin":"bogor"}}},{"type":"Feature","geometry":{"type":"LineString","coordinates":[[106.63348,-6.13761],[106.633166,-6.142399],[106.6331,-6.144581],[106.633135,-6.14531],[106.633302,-6.14599],[106.633554,-6.146575],[106.633752,-6.146875],[106.634287,-6.14753],[106.634547,-6.147766],[106.634893,-6.148017]]},"properties":{"layer_id":"mobilitas","jenis":"krl","nama":"KRL lintas lain","sumber":"OSM","atribut":{"lin":"lain"}}},{"type":"Feature","geometry":{"type":"LineString","coordinates":[[106.634893,-6.148017],[106.635057,-6.148119]]},"properties":{"layer_id":"mobilitas","jenis":"krl","nama":"KRL lintas lain","sumber":"OSM","atribut":{"lin":"lain"}}},{"type":"Feature","geometry":{"type":"LineString","coordinates":[[106.635097,-6.148075],[106.634962,-6.147988]]},"properties":{"layer_id":"mobilitas","jenis":"krl","nama":"KRL lintas lain","sumber":"OSM","atribut":{"lin":"lain"}}},{"type":"Feature","geometry":{"type":"LineString","coordinates":[[106.634962,-6.147988],[106.634582,-6.147718],[106.63432,-6.147476],[106.633793,-6.146834],[106.63361,-6.146538],[106.633357,-6.14597],[106.63319,-6.145299],[106.633164,-6.144584],[106.633213,-6.142398],[106.633528,-6.137615]]},"properties":{"layer_id":"mobilitas","jenis":"krl","nama":"KRL lintas lain","sumber":"OSM","atribut":{"lin":"lain"}}},{"type":"Feature","geometry":{"type":"LineString","coordinates":[[106.876899,-6.114196],[106.877866,-6.113355]]},"properties":{"layer_id":"mobilitas","jenis":"krl","nama":"KRL lintas lain","sumber":"OSM","atribut":{"lin":"lain"}}},{"type":"Feature","geometry":{"type":"LineString","coordinates":[[106.817216,-6.137],[106.818884,-6.136565]]},"properties":{"layer_id":"mobilitas","jenis":"krl","nama":"KRL Lin Bogor","sumber":"OSM","atribut":{"lin":"bogor"}}},{"type":"Feature","geometry":{"type":"LineString","coordinates":[[106.818434,-6.136524],[106.818388,-6.136536]]},"properties":{"layer_id":"mobilitas","jenis":"krl","nama":"KRL lintas lain","sumber":"OSM","atribut":{"lin":"lain"}}},{"type":"Feature","geometry":{"type":"LineString","coordinates":[[106.816882,-6.13712],[106.816646,-6.137223]]},"properties":{"layer_id":"mobilitas","jenis":"krl","nama":"KRL Lin Bogor","sumber":"OSM","atribut":{"lin":"bogor"}}},{"type":"Feature","geometry":{"type":"LineString","coordinates":[[106.800655,-6.142968],[106.800603,-6.141987]]},"properties":{"layer_id":"mobilitas","jenis":"krl","nama":"KRL Lin Cikarang","sumber":"OSM","atribut":{"lin":"cikarang"}}},{"type":"Feature","geometry":{"type":"LineString","coordinates":[[106.800603,-6.141987],[106.800595,-6.141769]]},"properties":{"layer_id":"mobilitas","jenis":"krl","nama":"KRL Lin Cikarang","sumber":"OSM","atribut":{"lin":"cikarang"}}},{"type":"Feature","geometry":{"type":"LineString","coordinates":[[106.800547,-6.141773],[106.800557,-6.141987]]},"properties":{"layer_id":"mobilitas","jenis":"krl","nama":"KRL Lin Cikarang","sumber":"OSM","atribut":{"lin":"cikarang"}}},{"type":"Feature","geometry":{"type":"LineString","coordinates":[[106.800253,-6.136613],[106.80042,-6.139178],[106.800547,-6.141773]]},"properties":{"layer_id":"mobilitas","jenis":"krl","nama":"KRL Lin Cikarang","sumber":"OSM","atribut":{"lin":"cikarang"}}},{"type":"Feature","geometry":{"type":"LineString","coordinates":[[106.811877,-6.130458],[106.810632,-6.130777]]},"properties":{"layer_id":"mobilitas","jenis":"krl","nama":"KRL Lin Cikarang","sumber":"OSM","atribut":{"lin":"cikarang"}}},{"type":"Feature","geometry":{"type":"LineString","coordinates":[[106.812033,-6.130417],[106.811877,-6.130458]]},"properties":{"layer_id":"mobilitas","jenis":"krl","nama":"KRL Lin Cikarang","sumber":"OSM","atribut":{"lin":"cikarang"}}},{"type":"Feature","geometry":{"type":"LineString","coordinates":[[106.810646,-6.130826],[106.811886,-6.130487]]},"properties":{"layer_id":"mobilitas","jenis":"krl","nama":"KRL Lin Cikarang","sumber":"OSM","atribut":{"lin":"cikarang"}}},{"type":"Feature","geometry":{"type":"LineString","coordinates":[[106.811886,-6.130487],[106.812045,-6.130448]]},"properties":{"layer_id":"mobilitas","jenis":"krl","nama":"KRL Lin Cikarang","sumber":"OSM","atribut":{"lin":"cikarang"}}},{"type":"Feature","geometry":{"type":"LineString","coordinates":[[106.849,-6.208901],[106.84903,-6.208939]]},"properties":{"layer_id":"mobilitas","jenis":"krl","nama":"KRL Lin Cikarang","sumber":"OSM","atribut":{"lin":"cikarang"}}},{"type":"Feature","geometry":{"type":"LineString","coordinates":[[106.849001,-6.208962],[106.84897,-6.20892]]},"properties":{"layer_id":"mobilitas","jenis":"krl","nama":"KRL Lin Cikarang","sumber":"OSM","atribut":{"lin":"cikarang"}}},{"type":"Feature","geometry":{"type":"LineString","coordinates":[[107.137105,-6.253378],[107.137615,-6.253335]]},"properties":{"layer_id":"mobilitas","jenis":"krl","nama":"KRL Lin Cikarang","sumber":"OSM","atribut":{"lin":"cikarang"}}},{"type":"Feature","geometry":{"type":"LineString","coordinates":[[107.137615,-6.253335],[107.138045,-6.253269]]},"properties":{"layer_id":"mobilitas","jenis":"krl","nama":"KRL Lin Cikarang","sumber":"OSM","atribut":{"lin":"cikarang"}}},{"type":"Feature","geometry":{"type":"LineString","coordinates":[[107.143337,-6.254541],[107.142547,-6.254175]]},"properties":{"layer_id":"mobilitas","jenis":"krl","nama":"KRL Lin Cikarang","sumber":"OSM","atribut":{"lin":"cikarang"}}},{"type":"Feature","geometry":{"type":"LineString","coordinates":[[107.128287,-6.254805],[107.137108,-6.253413]]},"properties":{"layer_id":"mobilitas","jenis":"krl","nama":"KRL Lin Cikarang","sumber":"OSM","atribut":{"lin":"cikarang"}}},{"type":"Feature","geometry":{"type":"LineString","coordinates":[[107.128199,-6.254819],[107.128287,-6.254805]]},"properties":{"layer_id":"mobilitas","jenis":"krl","nama":"KRL Lin Cikarang","sumber":"OSM","atribut":{"lin":"cikarang"}}},{"type":"Feature","geometry":{"type":"LineString","coordinates":[[107.137105,-6.253378],[107.128283,-6.254767]]},"properties":{"layer_id":"mobilitas","jenis":"krl","nama":"KRL Lin Cikarang","sumber":"OSM","atribut":{"lin":"cikarang"}}},{"type":"Feature","geometry":{"type":"LineString","coordinates":[[107.128283,-6.254767],[107.128196,-6.254781]]},"properties":{"layer_id":"mobilitas","jenis":"krl","nama":"KRL Lin Cikarang","sumber":"OSM","atribut":{"lin":"cikarang"}}},{"type":"Feature","geometry":{"type":"LineString","coordinates":[[106.848164,-6.207861],[106.848079,-6.207765]]},"properties":{"layer_id":"mobilitas","jenis":"krl","nama":"KRL Lin Cikarang","sumber":"OSM","atribut":{"lin":"cikarang"}}},{"type":"Feature","geometry":{"type":"LineString","coordinates":[[106.848668,-6.208463],[106.848331,-6.208078]]},"properties":{"layer_id":"mobilitas","jenis":"krl","nama":"KRL Lin Cikarang","sumber":"OSM","atribut":{"lin":"cikarang"}}},{"type":"Feature","geometry":{"type":"LineString","coordinates":[[106.848331,-6.208078],[106.848315,-6.208057]]},"properties":{"layer_id":"mobilitas","jenis":"krl","nama":"KRL Lin Cikarang","sumber":"OSM","atribut":{"lin":"cikarang"}}},{"type":"Feature","geometry":{"type":"LineString","coordinates":[[106.847797,-6.207437],[106.847827,-6.207476]]},"properties":{"layer_id":"mobilitas","jenis":"krl","nama":"KRL Lin Cikarang","sumber":"OSM","atribut":{"lin":"cikarang"}}},{"type":"Feature","geometry":{"type":"LineString","coordinates":[[106.843594,-6.201693],[106.84366,-6.201782]]},"properties":{"layer_id":"mobilitas","jenis":"krl","nama":"KRL Lin Bogor","sumber":"OSM","atribut":{"lin":"bogor"}}},{"type":"Feature","geometry":{"type":"LineString","coordinates":[[106.791098,-6.591602],[106.791092,-6.591631]]},"properties":{"layer_id":"mobilitas","jenis":"krl","nama":"KRL Lin Bogor","sumber":"OSM","atribut":{"lin":"bogor"}}},{"type":"Feature","geometry":{"type":"LineString","coordinates":[[106.659066,-6.146237],[106.659196,-6.14642]]},"properties":{"layer_id":"mobilitas","jenis":"krl","nama":"KRL lintas lain","sumber":"OSM","atribut":{"lin":"lain"}}},{"type":"Feature","geometry":{"type":"LineString","coordinates":[[106.659196,-6.14642],[106.659464,-6.146793],[106.659806,-6.147527],[106.660071,-6.148335]]},"properties":{"layer_id":"mobilitas","jenis":"krl","nama":"KRL lintas lain","sumber":"OSM","atribut":{"lin":"lain"}}},{"type":"Feature","geometry":{"type":"LineString","coordinates":[[106.66012,-6.148332],[106.659864,-6.147513],[106.659508,-6.14678],[106.659239,-6.146401]]},"properties":{"layer_id":"mobilitas","jenis":"krl","nama":"KRL lintas lain","sumber":"OSM","atribut":{"lin":"lain"}}},{"type":"Feature","geometry":{"type":"LineString","coordinates":[[106.659239,-6.146401],[106.659098,-6.14622]]},"properties":{"layer_id":"mobilitas","jenis":"krl","nama":"KRL lintas lain","sumber":"OSM","atribut":{"lin":"lain"}}},{"type":"Feature","geometry":{"type":"LineString","coordinates":[[106.816677,-6.406606],[106.816553,-6.407406],[106.815481,-6.412559]]},"properties":{"layer_id":"mobilitas","jenis":"krl","nama":"KRL Lin Bogor","sumber":"OSM","atribut":{"lin":"bogor"}}},{"type":"Feature","geometry":{"type":"LineString","coordinates":[[106.801374,-6.453222],[106.801313,-6.453624]]},"properties":{"layer_id":"mobilitas","jenis":"krl","nama":"KRL Lin Bogor","sumber":"OSM","atribut":{"lin":"bogor"}}},{"type":"Feature","geometry":{"type":"LineString","coordinates":[[106.801313,-6.453624],[106.801213,-6.454038]]},"properties":{"layer_id":"mobilitas","jenis":"krl","nama":"KRL Lin Bogor","sumber":"OSM","atribut":{"lin":"bogor"}}},{"type":"Feature","geometry":{"type":"LineString","coordinates":[[106.801549,-6.452479],[106.801374,-6.453222]]},"properties":{"layer_id":"mobilitas","jenis":"krl","nama":"KRL Lin Bogor","sumber":"OSM","atribut":{"lin":"bogor"}}},{"type":"Feature","geometry":{"type":"LineString","coordinates":[[106.818388,-6.136536],[106.817957,-6.136644]]},"properties":{"layer_id":"mobilitas","jenis":"krl","nama":"KRL lintas lain","sumber":"OSM","atribut":{"lin":"lain"}}},{"type":"Feature","geometry":{"type":"LineString","coordinates":[[106.878476,-6.112884],[106.877866,-6.113355]]},"properties":{"layer_id":"mobilitas","jenis":"krl","nama":"KRL lintas lain","sumber":"OSM","atribut":{"lin":"lain"}}},{"type":"Feature","geometry":{"type":"LineString","coordinates":[[106.899254,-6.470703],[106.899872,-6.470043],[106.900343,-6.469622],[106.900709,-6.469351],[106.901168,-6.469071],[106.902681,-6.468277]]},"properties":{"layer_id":"mobilitas","jenis":"krl","nama":"KRL Lin Bogor","sumber":"OSM","atribut":{"lin":"bogor"}}},{"type":"Feature","geometry":{"type":"LineString","coordinates":[[107.145748,-6.255585],[107.145397,-6.255432]]},"properties":{"layer_id":"mobilitas","jenis":"krl","nama":"KRL Lin Cikarang","sumber":"OSM","atribut":{"lin":"cikarang"}}},{"type":"Feature","geometry":{"type":"LineString","coordinates":[[107.145764,-6.255552],[107.145414,-6.255404]]},"properties":{"layer_id":"mobilitas","jenis":"krl","nama":"KRL Lin Cikarang","sumber":"OSM","atribut":{"lin":"cikarang"}}},{"type":"Feature","geometry":{"type":"LineString","coordinates":[[106.845266,-6.176299],[106.844988,-6.1757]]},"properties":{"layer_id":"mobilitas","jenis":"krl","nama":"KRL Lin Cikarang","sumber":"OSM","atribut":{"lin":"cikarang"}}},{"type":"Feature","geometry":{"type":"LineString","coordinates":[[106.870599,-6.215098],[106.871941,-6.215075]]},"properties":{"layer_id":"mobilitas","jenis":"krl","nama":"KRL Lin Cikarang","sumber":"OSM","atribut":{"lin":"cikarang"}}},{"type":"Feature","geometry":{"type":"LineString","coordinates":[[106.87194,-6.21501],[106.873062,-6.214972]]},"properties":{"layer_id":"mobilitas","jenis":"krl","nama":"KRL Lin Cikarang","sumber":"OSM","atribut":{"lin":"cikarang"}}},{"type":"Feature","geometry":{"type":"LineString","coordinates":[[106.86891,-6.215034],[106.869276,-6.215015]]},"properties":{"layer_id":"mobilitas","jenis":"krl","nama":"KRL Lin Cikarang","sumber":"OSM","atribut":{"lin":"cikarang"}}},{"type":"Feature","geometry":{"type":"LineString","coordinates":[[106.868665,-6.214813],[106.869642,-6.214773]]},"properties":{"layer_id":"mobilitas","jenis":"krl","nama":"KRL Lin Cikarang","sumber":"OSM","atribut":{"lin":"cikarang"}}},{"type":"Feature","geometry":{"type":"LineString","coordinates":[[106.869526,-6.214745],[106.868663,-6.214778]]},"properties":{"layer_id":"mobilitas","jenis":"krl","nama":"KRL Lin Cikarang","sumber":"OSM","atribut":{"lin":"cikarang"}}},{"type":"Feature","geometry":{"type":"LineString","coordinates":[[107.000553,-6.237419],[107.002022,-6.238336]]},"properties":{"layer_id":"mobilitas","jenis":"krl","nama":"KRL Lin Cikarang","sumber":"OSM","atribut":{"lin":"cikarang"}}},{"type":"Feature","geometry":{"type":"LineString","coordinates":[[107.144855,-6.255167],[107.144023,-6.254813]]},"properties":{"layer_id":"mobilitas","jenis":"krl","nama":"KRL Lin Cikarang","sumber":"OSM","atribut":{"lin":"cikarang"}}},{"type":"Feature","geometry":{"type":"LineString","coordinates":[[106.801327,-6.157142],[106.801323,-6.157048]]},"properties":{"layer_id":"mobilitas","jenis":"krl","nama":"KRL lintas lain","sumber":"OSM","atribut":{"lin":"lain"}}},{"type":"Feature","geometry":{"type":"LineString","coordinates":[[106.801628,-6.160086],[106.801582,-6.159607]]},"properties":{"layer_id":"mobilitas","jenis":"krl","nama":"KRL lintas lain","sumber":"OSM","atribut":{"lin":"lain"}}},{"type":"Feature","geometry":{"type":"LineString","coordinates":[[106.801536,-6.158652],[106.801628,-6.160086]]},"properties":{"layer_id":"mobilitas","jenis":"krl","nama":"KRL Lin Cikarang","sumber":"OSM","atribut":{"lin":"cikarang"}}},{"type":"Feature","geometry":{"type":"LineString","coordinates":[[106.801532,-6.158931],[106.801582,-6.159607]]},"properties":{"layer_id":"mobilitas","jenis":"krl","nama":"KRL Lin Cikarang","sumber":"OSM","atribut":{"lin":"cikarang"}}},{"type":"Feature","geometry":{"type":"LineString","coordinates":[[106.801372,-6.157709],[106.801327,-6.157142]]},"properties":{"layer_id":"mobilitas","jenis":"krl","nama":"KRL lintas lain","sumber":"OSM","atribut":{"lin":"lain"}}},{"type":"Feature","geometry":{"type":"LineString","coordinates":[[106.801406,-6.157452],[106.801448,-6.158078]]},"properties":{"layer_id":"mobilitas","jenis":"krl","nama":"KRL Lin Cikarang","sumber":"OSM","atribut":{"lin":"cikarang"}}},{"type":"Feature","geometry":{"type":"LineString","coordinates":[[106.667556,-6.171849],[106.647853,-6.174965]]},"properties":{"layer_id":"mobilitas","jenis":"krl","nama":"KRL lintas lain","sumber":"OSM","atribut":{"lin":"lain"}}},{"type":"Feature","geometry":{"type":"LineString","coordinates":[[106.668271,-6.171716],[106.667556,-6.171849]]},"properties":{"layer_id":"mobilitas","jenis":"krl","nama":"KRL lintas lain","sumber":"OSM","atribut":{"lin":"lain"}}},{"type":"Feature","geometry":{"type":"LineString","coordinates":[[106.665389,-6.172212],[106.667104,-6.17196],[106.668785,-6.171667]]},"properties":{"layer_id":"mobilitas","jenis":"krl","nama":"KRL lintas lain","sumber":"OSM","atribut":{"lin":"lain"}}},{"type":"Feature","geometry":{"type":"LineString","coordinates":[[106.848582,-6.208613],[106.84882,-6.209055]]},"properties":{"layer_id":"mobilitas","jenis":"krl","nama":"KRL lintas lain","sumber":"OSM","atribut":{"lin":"lain"}}},{"type":"Feature","geometry":{"type":"LineString","coordinates":[[106.801285,-6.157149],[106.801327,-6.157659]]},"properties":{"layer_id":"mobilitas","jenis":"krl","nama":"KRL lintas lain","sumber":"OSM","atribut":{"lin":"lain"}}},{"type":"Feature","geometry":{"type":"LineString","coordinates":[[106.669258,-6.171553],[106.668271,-6.171716]]},"properties":{"layer_id":"mobilitas","jenis":"krl","nama":"KRL lintas lain","sumber":"OSM","atribut":{"lin":"lain"}}},{"type":"Feature","geometry":{"type":"LineString","coordinates":[[106.8261,-6.132129],[106.826684,-6.132033],[106.827281,-6.132031]]},"properties":{"layer_id":"mobilitas","jenis":"krl","nama":"KRL Lin Cikarang","sumber":"OSM","atribut":{"lin":"cikarang"}}},{"type":"Feature","geometry":{"type":"LineString","coordinates":[[106.827281,-6.132031],[106.827719,-6.132114],[106.827988,-6.132204],[106.828931,-6.132701]]},"properties":{"layer_id":"mobilitas","jenis":"krl","nama":"KRL Lin Cikarang","sumber":"OSM","atribut":{"lin":"cikarang"}}},{"type":"Feature","geometry":{"type":"LineString","coordinates":[[106.829017,-6.132707],[106.827962,-6.132157],[106.827718,-6.132069],[106.827287,-6.131988]]},"properties":{"layer_id":"mobilitas","jenis":"krl","nama":"KRL Lin Cikarang","sumber":"OSM","atribut":{"lin":"cikarang"}}},{"type":"Feature","geometry":{"type":"LineString","coordinates":[[106.827287,-6.131988],[106.826801,-6.131983],[106.825883,-6.132128]]},"properties":{"layer_id":"mobilitas","jenis":"krl","nama":"KRL Lin Cikarang","sumber":"OSM","atribut":{"lin":"cikarang"}}},{"type":"Feature","geometry":{"type":"LineString","coordinates":[[106.828839,-6.132795],[106.827772,-6.133172]]},"properties":{"layer_id":"mobilitas","jenis":"krl","nama":"KRL lintas lain","sumber":"OSM","atribut":{"lin":"lain"}}},{"type":"Feature","geometry":{"type":"LineString","coordinates":[[106.82778,-6.133217],[106.828884,-6.13284]]},"properties":{"layer_id":"mobilitas","jenis":"krl","nama":"KRL lintas lain","sumber":"OSM","atribut":{"lin":"lain"}}},{"type":"Feature","geometry":{"type":"LineString","coordinates":[[106.866322,-6.213906],[106.865943,-6.213564]]},"properties":{"layer_id":"mobilitas","jenis":"krl","nama":"KRL Lin Cikarang","sumber":"OSM","atribut":{"lin":"cikarang"}}},{"type":"Feature","geometry":{"type":"LineString","coordinates":[[106.87545,-6.214884],[106.877779,-6.21472],[106.884228,-6.214343]]},"properties":{"layer_id":"mobilitas","jenis":"krl","nama":"KRL Lin Cikarang","sumber":"OSM","atribut":{"lin":"cikarang"}}},{"type":"Feature","geometry":{"type":"LineString","coordinates":[[107.221197,-6.269976],[107.217931,-6.270036],[107.213936,-6.270198],[107.205526,-6.270628]]},"properties":{"layer_id":"mobilitas","jenis":"krl","nama":"KRL Lin Cikarang","sumber":"OSM","atribut":{"lin":"cikarang"}}},{"type":"Feature","geometry":{"type":"LineString","coordinates":[[107.205526,-6.270628],[107.205338,-6.270638]]},"properties":{"layer_id":"mobilitas","jenis":"krl","nama":"KRL Lin Cikarang","sumber":"OSM","atribut":{"lin":"cikarang"}}},{"type":"Feature","geometry":{"type":"LineString","coordinates":[[107.205533,-6.27067],[107.213945,-6.270251],[107.217933,-6.270087],[107.221196,-6.270004]]},"properties":{"layer_id":"mobilitas","jenis":"krl","nama":"KRL Lin Cikarang","sumber":"OSM","atribut":{"lin":"cikarang"}}},{"type":"Feature","geometry":{"type":"LineString","coordinates":[[107.205339,-6.27068],[107.205533,-6.27067]]},"properties":{"layer_id":"mobilitas","jenis":"krl","nama":"KRL Lin Cikarang","sumber":"OSM","atribut":{"lin":"cikarang"}}},{"type":"Feature","geometry":{"type":"LineString","coordinates":[[107.205338,-6.270638],[107.203466,-6.270722]]},"properties":{"layer_id":"mobilitas","jenis":"krl","nama":"KRL Lin Cikarang","sumber":"OSM","atribut":{"lin":"cikarang"}}},{"type":"Feature","geometry":{"type":"LineString","coordinates":[[107.203466,-6.270722],[107.203295,-6.270728]]},"properties":{"layer_id":"mobilitas","jenis":"krl","nama":"KRL Lin Cikarang","sumber":"OSM","atribut":{"lin":"cikarang"}}},{"type":"Feature","geometry":{"type":"LineString","coordinates":[[107.203469,-6.270755],[107.205339,-6.27068]]},"properties":{"layer_id":"mobilitas","jenis":"krl","nama":"KRL Lin Cikarang","sumber":"OSM","atribut":{"lin":"cikarang"}}},{"type":"Feature","geometry":{"type":"LineString","coordinates":[[107.203291,-6.270762],[107.203469,-6.270755]]},"properties":{"layer_id":"mobilitas","jenis":"krl","nama":"KRL Lin Cikarang","sumber":"OSM","atribut":{"lin":"cikarang"}}},{"type":"Feature","geometry":{"type":"LineString","coordinates":[[107.253835,-6.269378],[107.249382,-6.269467]]},"properties":{"layer_id":"mobilitas","jenis":"krl","nama":"KRL Lin Cikarang","sumber":"OSM","atribut":{"lin":"cikarang"}}},{"type":"Feature","geometry":{"type":"LineString","coordinates":[[107.249382,-6.269467],[107.249309,-6.269468]]},"properties":{"layer_id":"mobilitas","jenis":"krl","nama":"KRL Lin Cikarang","sumber":"OSM","atribut":{"lin":"cikarang"}}},{"type":"Feature","geometry":{"type":"LineString","coordinates":[[107.249384,-6.269496],[107.253836,-6.269419]]},"properties":{"layer_id":"mobilitas","jenis":"krl","nama":"KRL Lin Cikarang","sumber":"OSM","atribut":{"lin":"cikarang"}}},{"type":"Feature","geometry":{"type":"LineString","coordinates":[[107.24931,-6.269497],[107.249384,-6.269496]]},"properties":{"layer_id":"mobilitas","jenis":"krl","nama":"KRL Lin Cikarang","sumber":"OSM","atribut":{"lin":"cikarang"}}},{"type":"Feature","geometry":{"type":"LineString","coordinates":[[107.249309,-6.269468],[107.245437,-6.269536]]},"properties":{"layer_id":"mobilitas","jenis":"krl","nama":"KRL Lin Cikarang","sumber":"OSM","atribut":{"lin":"cikarang"}}},{"type":"Feature","geometry":{"type":"LineString","coordinates":[[107.245437,-6.269536],[107.245271,-6.26954]]},"properties":{"layer_id":"mobilitas","jenis":"krl","nama":"KRL Lin Cikarang","sumber":"OSM","atribut":{"lin":"cikarang"}}},{"type":"Feature","geometry":{"type":"LineString","coordinates":[[107.245441,-6.269565],[107.24931,-6.269497]]},"properties":{"layer_id":"mobilitas","jenis":"krl","nama":"KRL Lin Cikarang","sumber":"OSM","atribut":{"lin":"cikarang"}}},{"type":"Feature","geometry":{"type":"LineString","coordinates":[[107.24527,-6.269568],[107.245441,-6.269565]]},"properties":{"layer_id":"mobilitas","jenis":"krl","nama":"KRL Lin Cikarang","sumber":"OSM","atribut":{"lin":"cikarang"}}},{"type":"Feature","geometry":{"type":"LineString","coordinates":[[107.162037,-6.26286],[107.153889,-6.258919],[107.150803,-6.257392],[107.149448,-6.25678]]},"properties":{"layer_id":"mobilitas","jenis":"krl","nama":"KRL Lin Cikarang","sumber":"OSM","atribut":{"lin":"cikarang"}}},{"type":"Feature","geometry":{"type":"LineString","coordinates":[[107.162301,-6.262989],[107.162037,-6.26286]]},"properties":{"layer_id":"mobilitas","jenis":"krl","nama":"KRL Lin Cikarang","sumber":"OSM","atribut":{"lin":"cikarang"}}},{"type":"Feature","geometry":{"type":"LineString","coordinates":[[107.148635,-6.256529],[107.149448,-6.256833],[107.150553,-6.257333],[107.153235,-6.258656],[107.162017,-6.262885]]},"properties":{"layer_id":"mobilitas","jenis":"krl","nama":"KRL Lin Cikarang","sumber":"OSM","atribut":{"lin":"cikarang"}}},{"type":"Feature","geometry":{"type":"LineString","coordinates":[[107.162017,-6.262885],[107.162285,-6.263018]]},"properties":{"layer_id":"mobilitas","jenis":"krl","nama":"KRL Lin Cikarang","sumber":"OSM","atribut":{"lin":"cikarang"}}},{"type":"Feature","geometry":{"type":"LineString","coordinates":[[107.180773,-6.270949],[107.177386,-6.27007]]},"properties":{"layer_id":"mobilitas","jenis":"krl","nama":"KRL Lin Cikarang","sumber":"OSM","atribut":{"lin":"cikarang"}}},{"type":"Feature","geometry":{"type":"LineString","coordinates":[[107.18009,-6.270831],[107.181927,-6.271277]]},"properties":{"layer_id":"mobilitas","jenis":"krl","nama":"KRL Lin Cikarang","sumber":"OSM","atribut":{"lin":"cikarang"}}},{"type":"Feature","geometry":{"type":"LineString","coordinates":[[107.181933,-6.271236],[107.181323,-6.271087]]},"properties":{"layer_id":"mobilitas","jenis":"krl","nama":"KRL Lin Cikarang","sumber":"OSM","atribut":{"lin":"cikarang"}}},{"type":"Feature","geometry":{"type":"LineString","coordinates":[[107.147422,-6.256022],[107.146827,-6.255862]]},"properties":{"layer_id":"mobilitas","jenis":"krl","nama":"KRL Lin Cikarang","sumber":"OSM","atribut":{"lin":"cikarang"}}},{"type":"Feature","geometry":{"type":"LineString","coordinates":[[107.147422,-6.256022],[107.148035,-6.256277]]},"properties":{"layer_id":"mobilitas","jenis":"krl","nama":"KRL Lin Cikarang","sumber":"OSM","atribut":{"lin":"cikarang"}}},{"type":"Feature","geometry":{"type":"LineString","coordinates":[[107.143455,-6.254596],[107.143337,-6.254541]]},"properties":{"layer_id":"mobilitas","jenis":"krl","nama":"KRL Lin Cikarang","sumber":"OSM","atribut":{"lin":"cikarang"}}},{"type":"Feature","geometry":{"type":"LineString","coordinates":[[107.144023,-6.254813],[107.143469,-6.254561]]},"properties":{"layer_id":"mobilitas","jenis":"krl","nama":"KRL Lin Cikarang","sumber":"OSM","atribut":{"lin":"cikarang"}}},{"type":"Feature","geometry":{"type":"LineString","coordinates":[[107.148635,-6.256529],[107.149448,-6.25678]]},"properties":{"layer_id":"mobilitas","jenis":"krl","nama":"KRL Lin Cikarang","sumber":"OSM","atribut":{"lin":"cikarang"}}},{"type":"Feature","geometry":{"type":"LineString","coordinates":[[107.148035,-6.256277],[107.148635,-6.256529]]},"properties":{"layer_id":"mobilitas","jenis":"krl","nama":"KRL Lin Cikarang","sumber":"OSM","atribut":{"lin":"cikarang"}}},{"type":"Feature","geometry":{"type":"LineString","coordinates":[[107.053447,-6.257879],[107.051805,-6.257443]]},"properties":{"layer_id":"mobilitas","jenis":"krl","nama":"KRL Lin Cikarang","sumber":"OSM","atribut":{"lin":"cikarang"}}},{"type":"Feature","geometry":{"type":"LineString","coordinates":[[107.051794,-6.257478],[107.053713,-6.258021]]},"properties":{"layer_id":"mobilitas","jenis":"krl","nama":"KRL Lin Cikarang","sumber":"OSM","atribut":{"lin":"cikarang"}}},{"type":"Feature","geometry":{"type":"LineString","coordinates":[[107.05596,-6.258668],[107.057825,-6.259113]]},"properties":{"layer_id":"mobilitas","jenis":"krl","nama":"KRL Lin Cikarang","sumber":"OSM","atribut":{"lin":"cikarang"}}},{"type":"Feature","geometry":{"type":"LineString","coordinates":[[107.05807,-6.25911],[107.053447,-6.257879]]},"properties":{"layer_id":"mobilitas","jenis":"krl","nama":"KRL Lin Cikarang","sumber":"OSM","atribut":{"lin":"cikarang"}}},{"type":"Feature","geometry":{"type":"LineString","coordinates":[[107.059234,-6.259415],[107.05807,-6.25911]]},"properties":{"layer_id":"mobilitas","jenis":"krl","nama":"KRL Lin Cikarang","sumber":"OSM","atribut":{"lin":"cikarang"}}},{"type":"Feature","geometry":{"type":"LineString","coordinates":[[107.085654,-6.261559],[107.086909,-6.261325],[107.091759,-6.260554]]},"properties":{"layer_id":"mobilitas","jenis":"krl","nama":"KRL Lin Cikarang","sumber":"OSM","atribut":{"lin":"cikarang"}}},{"type":"Feature","geometry":{"type":"LineString","coordinates":[[107.083777,-6.261864],[107.085654,-6.261559]]},"properties":{"layer_id":"mobilitas","jenis":"krl","nama":"KRL Lin Cikarang","sumber":"OSM","atribut":{"lin":"cikarang"}}},{"type":"Feature","geometry":{"type":"LineString","coordinates":[[107.091753,-6.2605],[107.085648,-6.261482]]},"properties":{"layer_id":"mobilitas","jenis":"krl","nama":"KRL Lin Cikarang","sumber":"OSM","atribut":{"lin":"cikarang"}}},{"type":"Feature","geometry":{"type":"LineString","coordinates":[[107.085648,-6.261482],[107.083756,-6.261781]]},"properties":{"layer_id":"mobilitas","jenis":"krl","nama":"KRL Lin Cikarang","sumber":"OSM","atribut":{"lin":"cikarang"}}},{"type":"Feature","geometry":{"type":"LineString","coordinates":[[107.110235,-6.257643],[107.112397,-6.257305]]},"properties":{"layer_id":"mobilitas","jenis":"krl","nama":"KRL Lin Cikarang","sumber":"OSM","atribut":{"lin":"cikarang"}}},{"type":"Feature","geometry":{"type":"LineString","coordinates":[[107.005261,-6.240723],[107.00606,-6.241448],[107.006663,-6.241888],[107.007539,-6.242407],[107.010143,-6.243714],[107.013032,-6.244844]]},"properties":{"layer_id":"mobilitas","jenis":"krl","nama":"KRL Lin Cikarang","sumber":"OSM","atribut":{"lin":"cikarang"}}},{"type":"Feature","geometry":{"type":"LineString","coordinates":[[107.013044,-6.244809],[107.010151,-6.243676],[107.007554,-6.242373],[107.006687,-6.241856],[107.00609,-6.241415],[107.005267,-6.240679]]},"properties":{"layer_id":"mobilitas","jenis":"krl","nama":"KRL Lin Cikarang","sumber":"OSM","atribut":{"lin":"cikarang"}}},{"type":"Feature","geometry":{"type":"LineString","coordinates":[[107.018223,-6.246893],[107.019218,-6.247259]]},"properties":{"layer_id":"mobilitas","jenis":"krl","nama":"KRL Lin Cikarang","sumber":"OSM","atribut":{"lin":"cikarang"}}},{"type":"Feature","geometry":{"type":"LineString","coordinates":[[107.019255,-6.247188],[107.018255,-6.246806]]},"properties":{"layer_id":"mobilitas","jenis":"krl","nama":"KRL Lin Cikarang","sumber":"OSM","atribut":{"lin":"cikarang"}}},{"type":"Feature","geometry":{"type":"LineString","coordinates":[[106.993168,-6.232789],[106.980792,-6.225027]]},"properties":{"layer_id":"mobilitas","jenis":"krl","nama":"KRL Lin Cikarang","sumber":"OSM","atribut":{"lin":"cikarang"}}},{"type":"Feature","geometry":{"type":"LineString","coordinates":[[106.980746,-6.225136],[106.982822,-6.226344],[106.987643,-6.22934],[106.990587,-6.231222],[106.99416,-6.233445],[106.994981,-6.23392]]},"properties":{"layer_id":"mobilitas","jenis":"krl","nama":"KRL Lin Cikarang","sumber":"OSM","atribut":{"lin":"cikarang"}}},{"type":"Feature","geometry":{"type":"LineString","coordinates":[[106.980792,-6.225027],[106.978889,-6.223832]]},"properties":{"layer_id":"mobilitas","jenis":"krl","nama":"KRL Lin Cikarang","sumber":"OSM","atribut":{"lin":"cikarang"}}},{"type":"Feature","geometry":{"type":"LineString","coordinates":[[106.978817,-6.223899],[106.980746,-6.225136]]},"properties":{"layer_id":"mobilitas","jenis":"krl","nama":"KRL Lin Cikarang","sumber":"OSM","atribut":{"lin":"cikarang"}}},{"type":"Feature","geometry":{"type":"LineString","coordinates":[[106.950947,-6.218986],[106.954916,-6.219452]]},"properties":{"layer_id":"mobilitas","jenis":"krl","nama":"KRL Lin Cikarang","sumber":"OSM","atribut":{"lin":"cikarang"}}},{"type":"Feature","geometry":{"type":"LineString","coordinates":[[106.955488,-6.219481],[106.950952,-6.21896]]},"properties":{"layer_id":"mobilitas","jenis":"krl","nama":"KRL Lin Cikarang","sumber":"OSM","atribut":{"lin":"cikarang"}}},{"type":"Feature","geometry":{"type":"LineString","coordinates":[[106.949254,-6.218803],[106.950947,-6.218986]]},"properties":{"layer_id":"mobilitas","jenis":"krl","nama":"KRL Lin Cikarang","sumber":"OSM","atribut":{"lin":"cikarang"}}},{"type":"Feature","geometry":{"type":"LineString","coordinates":[[106.950952,-6.21896],[106.949269,-6.218767]]},"properties":{"layer_id":"mobilitas","jenis":"krl","nama":"KRL Lin Cikarang","sumber":"OSM","atribut":{"lin":"cikarang"}}},{"type":"Feature","geometry":{"type":"LineString","coordinates":[[106.941762,-6.217788],[106.945338,-6.218219]]},"properties":{"layer_id":"mobilitas","jenis":"krl","nama":"KRL Lin Cikarang","sumber":"OSM","atribut":{"lin":"cikarang"}}},{"type":"Feature","geometry":{"type":"LineString","coordinates":[[106.941761,-6.217884],[106.945329,-6.218256]]},"properties":{"layer_id":"mobilitas","jenis":"krl","nama":"KRL Lin Cikarang","sumber":"OSM","atribut":{"lin":"cikarang"}}},{"type":"Feature","geometry":{"type":"LineString","coordinates":[[106.939253,-6.217579],[106.941761,-6.217884]]},"properties":{"layer_id":"mobilitas","jenis":"krl","nama":"KRL Lin Cikarang","sumber":"OSM","atribut":{"lin":"cikarang"}}},{"type":"Feature","geometry":{"type":"LineString","coordinates":[[106.939262,-6.217489],[106.941762,-6.217788]]},"properties":{"layer_id":"mobilitas","jenis":"krl","nama":"KRL Lin Cikarang","sumber":"OSM","atribut":{"lin":"cikarang"}}},{"type":"Feature","geometry":{"type":"LineString","coordinates":[[106.921391,-6.215428],[106.923636,-6.215728]]},"properties":{"layer_id":"mobilitas","jenis":"krl","nama":"KRL Lin Cikarang","sumber":"OSM","atribut":{"lin":"cikarang"}}},{"type":"Feature","geometry":{"type":"LineString","coordinates":[[106.921403,-6.215326],[106.923658,-6.215612]]},"properties":{"layer_id":"mobilitas","jenis":"krl","nama":"KRL Lin Cikarang","sumber":"OSM","atribut":{"lin":"cikarang"}}},{"type":"Feature","geometry":{"type":"LineString","coordinates":[[106.923969,-6.215749],[106.924621,-6.215789]]},"properties":{"layer_id":"mobilitas","jenis":"krl","nama":"KRL Lin Cikarang","sumber":"OSM","atribut":{"lin":"cikarang"}}},{"type":"Feature","geometry":{"type":"LineString","coordinates":[[106.923961,-6.215656],[106.92463,-6.215754]]},"properties":{"layer_id":"mobilitas","jenis":"krl","nama":"KRL Lin Cikarang","sumber":"OSM","atribut":{"lin":"cikarang"}}},{"type":"Feature","geometry":{"type":"LineString","coordinates":[[106.895851,-6.213199],[106.898647,-6.21324]]},"properties":{"layer_id":"mobilitas","jenis":"krl","nama":"KRL Lin Cikarang","sumber":"OSM","atribut":{"lin":"cikarang"}}},{"type":"Feature","geometry":{"type":"LineString","coordinates":[[106.895849,-6.213239],[106.898653,-6.21336]]},"properties":{"layer_id":"mobilitas","jenis":"krl","nama":"KRL Lin Cikarang","sumber":"OSM","atribut":{"lin":"cikarang"}}},{"type":"Feature","geometry":{"type":"LineString","coordinates":[[106.898653,-6.21336],[106.900642,-6.213407]]},"properties":{"layer_id":"mobilitas","jenis":"krl","nama":"KRL Lin Cikarang","sumber":"OSM","atribut":{"lin":"cikarang"}}},{"type":"Feature","geometry":{"type":"LineString","coordinates":[[106.898647,-6.21324],[106.900638,-6.213287]]},"properties":{"layer_id":"mobilitas","jenis":"krl","nama":"KRL Lin Cikarang","sumber":"OSM","atribut":{"lin":"cikarang"}}},{"type":"Feature","geometry":{"type":"LineString","coordinates":[[106.860879,-6.212133],[106.861563,-6.211836],[106.862135,-6.211705],[106.862791,-6.211716],[106.863299,-6.211832]]},"properties":{"layer_id":"mobilitas","jenis":"krl","nama":"KRL Lin Cikarang","sumber":"OSM","atribut":{"lin":"cikarang"}}},{"type":"Feature","geometry":{"type":"LineString","coordinates":[[106.863312,-6.211789],[106.863018,-6.211706],[106.862667,-6.211654],[106.862133,-6.211659],[106.861547,-6.211792],[106.860849,-6.212076]]},"properties":{"layer_id":"mobilitas","jenis":"krl","nama":"KRL Lin Cikarang","sumber":"OSM","atribut":{"lin":"cikarang"}}},{"type":"Feature","geometry":{"type":"LineString","coordinates":[[106.860849,-6.212076],[106.858905,-6.212894]]},"properties":{"layer_id":"mobilitas","jenis":"krl","nama":"KRL Lin Cikarang","sumber":"OSM","atribut":{"lin":"cikarang"}}},{"type":"Feature","geometry":{"type":"LineString","coordinates":[[106.85895,-6.212954],[106.859488,-6.212753],[106.860879,-6.212133]]},"properties":{"layer_id":"mobilitas","jenis":"krl","nama":"KRL Lin Cikarang","sumber":"OSM","atribut":{"lin":"cikarang"}}},{"type":"Feature","geometry":{"type":"LineString","coordinates":[[106.862761,-6.210505],[106.863086,-6.211058],[106.863445,-6.211461],[106.864647,-6.212444],[106.865918,-6.213593]]},"properties":{"layer_id":"mobilitas","jenis":"krl","nama":"KRL Lin Cikarang","sumber":"OSM","atribut":{"lin":"cikarang"}}},{"type":"Feature","geometry":{"type":"LineString","coordinates":[[106.862794,-6.210491],[106.86254,-6.209767],[106.862212,-6.208563]]},"properties":{"layer_id":"mobilitas","jenis":"krl","nama":"KRL Lin Cikarang","sumber":"OSM","atribut":{"lin":"cikarang"}}},{"type":"Feature","geometry":{"type":"LineString","coordinates":[[106.863476,-6.211435],[106.863121,-6.21104],[106.862794,-6.210491]]},"properties":{"layer_id":"mobilitas","jenis":"krl","nama":"KRL Lin Cikarang","sumber":"OSM","atribut":{"lin":"cikarang"}}},{"type":"Feature","geometry":{"type":"LineString","coordinates":[[106.862178,-6.208566],[106.862566,-6.209982],[106.862761,-6.210505]]},"properties":{"layer_id":"mobilitas","jenis":"krl","nama":"KRL Lin Cikarang","sumber":"OSM","atribut":{"lin":"cikarang"}}},{"type":"Feature","geometry":{"type":"LineString","coordinates":[[106.851697,-6.187295],[106.855451,-6.192271]]},"properties":{"layer_id":"mobilitas","jenis":"krl","nama":"KRL Lin Cikarang","sumber":"OSM","atribut":{"lin":"cikarang"}}},{"type":"Feature","geometry":{"type":"LineString","coordinates":[[106.85549,-6.192261],[106.851727,-6.187271]]},"properties":{"layer_id":"mobilitas","jenis":"krl","nama":"KRL Lin Cikarang","sumber":"OSM","atribut":{"lin":"cikarang"}}},{"type":"Feature","geometry":{"type":"LineString","coordinates":[[106.855451,-6.192271],[106.856794,-6.194051]]},"properties":{"layer_id":"mobilitas","jenis":"krl","nama":"KRL Lin Cikarang","sumber":"OSM","atribut":{"lin":"cikarang"}}},{"type":"Feature","geometry":{"type":"LineString","coordinates":[[106.856829,-6.19403],[106.85549,-6.192261]]},"properties":{"layer_id":"mobilitas","jenis":"krl","nama":"KRL Lin Cikarang","sumber":"OSM","atribut":{"lin":"cikarang"}}},{"type":"Feature","geometry":{"type":"LineString","coordinates":[[106.851052,-6.186416],[106.851618,-6.187188]]},"properties":{"layer_id":"mobilitas","jenis":"krl","nama":"KRL Lin Cikarang","sumber":"OSM","atribut":{"lin":"cikarang"}}},{"type":"Feature","geometry":{"type":"LineString","coordinates":[[106.851651,-6.187168],[106.851083,-6.186402]]},"properties":{"layer_id":"mobilitas","jenis":"krl","nama":"KRL Lin Cikarang","sumber":"OSM","atribut":{"lin":"cikarang"}}},{"type":"Feature","geometry":{"type":"LineString","coordinates":[[106.851083,-6.186402],[106.850198,-6.185241]]},"properties":{"layer_id":"mobilitas","jenis":"krl","nama":"KRL Lin Cikarang","sumber":"OSM","atribut":{"lin":"cikarang"}}},{"type":"Feature","geometry":{"type":"LineString","coordinates":[[106.850179,-6.185259],[106.851052,-6.186416]]},"properties":{"layer_id":"mobilitas","jenis":"krl","nama":"KRL Lin Cikarang","sumber":"OSM","atribut":{"lin":"cikarang"}}},{"type":"Feature","geometry":{"type":"LineString","coordinates":[[106.842149,-6.163841],[106.840606,-6.158977]]},"properties":{"layer_id":"mobilitas","jenis":"krl","nama":"KRL Lin Cikarang","sumber":"OSM","atribut":{"lin":"cikarang"}}},{"type":"Feature","geometry":{"type":"LineString","coordinates":[[106.842023,-6.163283],[106.841246,-6.160763],[106.840833,-6.159528]]},"properties":{"layer_id":"mobilitas","jenis":"krl","nama":"KRL Lin Cikarang","sumber":"OSM","atribut":{"lin":"cikarang"}}},{"type":"Feature","geometry":{"type":"LineString","coordinates":[[106.842181,-6.163832],[106.84204,-6.163344]]},"properties":{"layer_id":"mobilitas","jenis":"krl","nama":"KRL Lin Cikarang","sumber":"OSM","atribut":{"lin":"cikarang"}}},{"type":"Feature","geometry":{"type":"LineString","coordinates":[[106.816882,-6.13712],[106.817216,-6.137]]},"properties":{"layer_id":"mobilitas","jenis":"krl","nama":"KRL Lin Bogor","sumber":"OSM","atribut":{"lin":"bogor"}}},{"type":"Feature","geometry":{"type":"LineString","coordinates":[[106.817654,-6.136846],[106.816876,-6.137082]]},"properties":{"layer_id":"mobilitas","jenis":"krl","nama":"KRL Lin Bogor","sumber":"OSM","atribut":{"lin":"bogor"}}},{"type":"Feature","geometry":{"type":"LineString","coordinates":[[106.816886,-6.136957],[106.817024,-6.136914]]},"properties":{"layer_id":"mobilitas","jenis":"krl","nama":"KRL lintas lain","sumber":"OSM","atribut":{"lin":"lain"}}},{"type":"Feature","geometry":{"type":"LineString","coordinates":[[106.844624,-6.128187],[106.846456,-6.127855]]},"properties":{"layer_id":"mobilitas","jenis":"krl","nama":"KRL lintas lain","sumber":"OSM","atribut":{"lin":"lain"}}},{"type":"Feature","geometry":{"type":"LineString","coordinates":[[106.846454,-6.127819],[106.847669,-6.127596]]},"properties":{"layer_id":"mobilitas","jenis":"krl","nama":"KRL lintas lain","sumber":"OSM","atribut":{"lin":"lain"}}},{"type":"Feature","geometry":{"type":"LineString","coordinates":[[106.818884,-6.136565],[106.819624,-6.136402],[106.820144,-6.136371],[106.820655,-6.13648],[106.821067,-6.136678],[106.821349,-6.136893],[106.821582,-6.137185],[106.821749,-6.137457],[106.822369,-6.139625],[106.822776,-6.140738]]},"properties":{"layer_id":"mobilitas","jenis":"krl","nama":"KRL Lin Bogor","sumber":"OSM","atribut":{"lin":"bogor"}}},{"type":"Feature","geometry":{"type":"LineString","coordinates":[[106.821356,-6.136844],[106.821612,-6.137154],[106.821783,-6.13744],[106.822404,-6.13961],[106.822815,-6.140727]]},"properties":{"layer_id":"mobilitas","jenis":"krl","nama":"KRL Lin Bogor","sumber":"OSM","atribut":{"lin":"bogor"}}},{"type":"Feature","geometry":{"type":"LineString","coordinates":[[106.822815,-6.140727],[106.823071,-6.141243],[106.824265,-6.143259]]},"properties":{"layer_id":"mobilitas","jenis":"krl","nama":"KRL Lin Bogor","sumber":"OSM","atribut":{"lin":"bogor"}}},{"type":"Feature","geometry":{"type":"LineString","coordinates":[[106.822776,-6.140738],[106.823275,-6.141681],[106.824235,-6.143279]]},"properties":{"layer_id":"mobilitas","jenis":"krl","nama":"KRL Lin Bogor","sumber":"OSM","atribut":{"lin":"bogor"}}},{"type":"Feature","geometry":{"type":"LineString","coordinates":[[106.824265,-6.143259],[106.825823,-6.145792],[106.826182,-6.146531],[106.82656,-6.147552],[106.826846,-6.148819]]},"properties":{"layer_id":"mobilitas","jenis":"krl","nama":"KRL Lin Bogor","sumber":"OSM","atribut":{"lin":"bogor"}}},{"type":"Feature","geometry":{"type":"LineString","coordinates":[[106.824235,-6.143279],[106.82573,-6.145719],[106.826144,-6.146547],[106.826528,-6.147564],[106.826699,-6.148231],[106.826802,-6.148823]]},"properties":{"layer_id":"mobilitas","jenis":"krl","nama":"KRL Lin Bogor","sumber":"OSM","atribut":{"lin":"bogor"}}},{"type":"Feature","geometry":{"type":"LineString","coordinates":[[106.826846,-6.148819],[106.827257,-6.151262]]},"properties":{"layer_id":"mobilitas","jenis":"krl","nama":"KRL Lin Bogor","sumber":"OSM","atribut":{"lin":"bogor"}}},{"type":"Feature","geometry":{"type":"LineString","coordinates":[[106.826802,-6.148823],[106.827222,-6.151273]]},"properties":{"layer_id":"mobilitas","jenis":"krl","nama":"KRL Lin Bogor","sumber":"OSM","atribut":{"lin":"bogor"}}},{"type":"Feature","geometry":{"type":"LineString","coordinates":[[106.827503,-6.159436],[106.827479,-6.156976],[106.827402,-6.153804],[106.827326,-6.151857],[106.827257,-6.151262]]},"properties":{"layer_id":"mobilitas","jenis":"krl","nama":"KRL Lin Bogor","sumber":"OSM","atribut":{"lin":"bogor"}}},{"type":"Feature","geometry":{"type":"LineString","coordinates":[[106.827222,-6.151273],[106.827289,-6.151862],[106.82733,-6.152782],[106.827468,-6.159438]]},"properties":{"layer_id":"mobilitas","jenis":"krl","nama":"KRL Lin Bogor","sumber":"OSM","atribut":{"lin":"bogor"}}},{"type":"Feature","geometry":{"type":"LineString","coordinates":[[106.828076,-6.161778],[106.82781,-6.161148],[106.827676,-6.160703],[106.827543,-6.16002],[106.827503,-6.159436]]},"properties":{"layer_id":"mobilitas","jenis":"krl","nama":"KRL Lin Bogor","sumber":"OSM","atribut":{"lin":"bogor"}}},{"type":"Feature","geometry":{"type":"LineString","coordinates":[[106.827468,-6.159438],[106.82751,-6.160024],[106.827639,-6.160711],[106.827772,-6.161155],[106.82804,-6.161792]]},"properties":{"layer_id":"mobilitas","jenis":"krl","nama":"KRL Lin Bogor","sumber":"OSM","atribut":{"lin":"bogor"}}},{"type":"Feature","geometry":{"type":"LineString","coordinates":[[106.830155,-6.165151],[106.83003,-6.164828],[106.82974,-6.164268],[106.828364,-6.162295],[106.828076,-6.161778]]},"properties":{"layer_id":"mobilitas","jenis":"krl","nama":"KRL Lin Bogor","sumber":"OSM","atribut":{"lin":"bogor"}}},{"type":"Feature","geometry":{"type":"LineString","coordinates":[[106.82804,-6.161792],[106.828335,-6.162305],[106.829477,-6.163921],[106.829705,-6.164289],[106.829994,-6.164828],[106.830121,-6.165154]]},"properties":{"layer_id":"mobilitas","jenis":"krl","nama":"KRL Lin Bogor","sumber":"OSM","atribut":{"lin":"bogor"}}},{"type":"Feature","geometry":{"type":"LineString","coordinates":[[106.830505,-6.167564],[106.830474,-6.166514],[106.830422,-6.166121],[106.830346,-6.165738],[106.830155,-6.165151]]},"properties":{"layer_id":"mobilitas","jenis":"krl","nama":"KRL Lin Bogor","sumber":"OSM","atribut":{"lin":"bogor"}}},{"type":"Feature","geometry":{"type":"LineString","coordinates":[[106.830121,-6.165154],[106.830307,-6.16574],[106.830382,-6.166128],[106.830431,-6.166518],[106.830468,-6.167562]]},"properties":{"layer_id":"mobilitas","jenis":"krl","nama":"KRL Lin Bogor","sumber":"OSM","atribut":{"lin":"bogor"}}},{"type":"Feature","geometry":{"type":"LineString","coordinates":[[106.831295,-6.178531],[106.830431,-6.175903],[106.830118,-6.174528]]},"properties":{"layer_id":"mobilitas","jenis":"krl","nama":"KRL Lin Bogor","sumber":"OSM","atribut":{"lin":"bogor"}}},{"type":"Feature","geometry":{"type":"LineString","coordinates":[[106.830081,-6.174536],[106.830392,-6.175914],[106.831262,-6.178543]]},"properties":{"layer_id":"mobilitas","jenis":"krl","nama":"KRL Lin Bogor","sumber":"OSM","atribut":{"lin":"bogor"}}},{"type":"Feature","geometry":{"type":"LineString","coordinates":[[106.849649,-6.209743],[106.84903,-6.208939]]},"properties":{"layer_id":"mobilitas","jenis":"krl","nama":"KRL Lin Cikarang","sumber":"OSM","atribut":{"lin":"cikarang"}}},{"type":"Feature","geometry":{"type":"LineString","coordinates":[[106.849001,-6.208962],[106.849621,-6.209765]]},"properties":{"layer_id":"mobilitas","jenis":"krl","nama":"KRL Lin Cikarang","sumber":"OSM","atribut":{"lin":"cikarang"}}},{"type":"Feature","geometry":{"type":"LineString","coordinates":[[106.841857,-6.199375],[106.843183,-6.201145]]},"properties":{"layer_id":"mobilitas","jenis":"krl","nama":"KRL Lin Bogor","sumber":"OSM","atribut":{"lin":"bogor"}}},{"type":"Feature","geometry":{"type":"LineString","coordinates":[[106.843215,-6.201126],[106.841887,-6.199359]]},"properties":{"layer_id":"mobilitas","jenis":"krl","nama":"KRL Lin Bogor","sumber":"OSM","atribut":{"lin":"bogor"}}},{"type":"Feature","geometry":{"type":"LineString","coordinates":[[106.841887,-6.199359],[106.840432,-6.197419]]},"properties":{"layer_id":"mobilitas","jenis":"krl","nama":"KRL Lin Bogor","sumber":"OSM","atribut":{"lin":"bogor"}}},{"type":"Feature","geometry":{"type":"LineString","coordinates":[[106.840407,-6.197437],[106.841857,-6.199375]]},"properties":{"layer_id":"mobilitas","jenis":"krl","nama":"KRL Lin Bogor","sumber":"OSM","atribut":{"lin":"bogor"}}},{"type":"Feature","geometry":{"type":"LineString","coordinates":[[106.832422,-6.184559],[106.831871,-6.180546],[106.831689,-6.179719],[106.831295,-6.178531]]},"properties":{"layer_id":"mobilitas","jenis":"krl","nama":"KRL Lin Bogor","sumber":"OSM","atribut":{"lin":"bogor"}}},{"type":"Feature","geometry":{"type":"LineString","coordinates":[[106.831262,-6.178543],[106.831463,-6.179115],[106.831734,-6.180046],[106.832157,-6.182812],[106.832383,-6.184562]]},"properties":{"layer_id":"mobilitas","jenis":"krl","nama":"KRL Lin Bogor","sumber":"OSM","atribut":{"lin":"bogor"}}},{"type":"Feature","geometry":{"type":"LineString","coordinates":[[106.832925,-6.18692],[106.832686,-6.186208],[106.832554,-6.18553],[106.832422,-6.184559]]},"properties":{"layer_id":"mobilitas","jenis":"krl","nama":"KRL Lin Bogor","sumber":"OSM","atribut":{"lin":"bogor"}}},{"type":"Feature","geometry":{"type":"LineString","coordinates":[[106.832383,-6.184562],[106.832558,-6.185837],[106.832649,-6.186219],[106.832889,-6.186933]]},"properties":{"layer_id":"mobilitas","jenis":"krl","nama":"KRL Lin Bogor","sumber":"OSM","atribut":{"lin":"bogor"}}},{"type":"Feature","geometry":{"type":"LineString","coordinates":[[106.854386,-6.216276],[106.856841,-6.219517],[106.857344,-6.220347],[106.857668,-6.221009],[106.857883,-6.221571],[106.858136,-6.222511],[106.858309,-6.223497],[106.858362,-6.224174],[106.858395,-6.225931]]},"properties":{"layer_id":"mobilitas","jenis":"krl","nama":"KRL Lin Bogor","sumber":"OSM","atribut":{"lin":"bogor"}}},{"type":"Feature","geometry":{"type":"LineString","coordinates":[[106.858431,-6.225928],[106.8584,-6.224182],[106.858317,-6.22323],[106.858092,-6.222152],[106.857813,-6.221266],[106.857378,-6.220337],[106.857005,-6.219694],[106.856702,-6.219251],[106.854853,-6.216826]]},"properties":{"layer_id":"mobilitas","jenis":"krl","nama":"KRL Lin Bogor","sumber":"OSM","atribut":{"lin":"bogor"}}},{"type":"Feature","geometry":{"type":"LineString","coordinates":[[106.858458,-6.227527],[106.858431,-6.225928]]},"properties":{"layer_id":"mobilitas","jenis":"krl","nama":"KRL Lin Bogor","sumber":"OSM","atribut":{"lin":"bogor"}}},{"type":"Feature","geometry":{"type":"LineString","coordinates":[[106.858395,-6.225931],[106.858419,-6.227533]]},"properties":{"layer_id":"mobilitas","jenis":"krl","nama":"KRL Lin Bogor","sumber":"OSM","atribut":{"lin":"bogor"}}},{"type":"Feature","geometry":{"type":"LineString","coordinates":[[106.858671,-6.24097],[106.858458,-6.227527]]},"properties":{"layer_id":"mobilitas","jenis":"krl","nama":"KRL Lin Bogor","sumber":"OSM","atribut":{"lin":"bogor"}}},{"type":"Feature","geometry":{"type":"LineString","coordinates":[[106.858419,-6.227533],[106.858636,-6.240973]]},"properties":{"layer_id":"mobilitas","jenis":"krl","nama":"KRL Lin Bogor","sumber":"OSM","atribut":{"lin":"bogor"}}},{"type":"Feature","geometry":{"type":"LineString","coordinates":[[106.858705,-6.24255],[106.858671,-6.24097]]},"properties":{"layer_id":"mobilitas","jenis":"krl","nama":"KRL Lin Bogor","sumber":"OSM","atribut":{"lin":"bogor"}}},{"type":"Feature","geometry":{"type":"LineString","coordinates":[[106.858636,-6.240973],[106.858673,-6.24255]]},"properties":{"layer_id":"mobilitas","jenis":"krl","nama":"KRL Lin Bogor","sumber":"OSM","atribut":{"lin":"bogor"}}},{"type":"Feature","geometry":{"type":"LineString","coordinates":[[106.858673,-6.24255],[106.858715,-6.245682],[106.858606,-6.246805],[106.858376,-6.247769],[106.858094,-6.2486],[106.85762,-6.249729],[106.855944,-6.253403]]},"properties":{"layer_id":"mobilitas","jenis":"krl","nama":"KRL Lin Bogor","sumber":"OSM","atribut":{"lin":"bogor"}}},{"type":"Feature","geometry":{"type":"LineString","coordinates":[[106.855975,-6.253409],[106.857893,-6.249188],[106.858279,-6.248195],[106.858592,-6.247058],[106.858709,-6.246263],[106.85875,-6.245685],[106.858763,-6.244964],[106.858705,-6.24255]]},"properties":{"layer_id":"mobilitas","jenis":"krl","nama":"KRL Lin Bogor","sumber":"OSM","atribut":{"lin":"bogor"}}},{"type":"Feature","geometry":{"type":"LineString","coordinates":[[106.854965,-6.255671],[106.855975,-6.253409]]},"properties":{"layer_id":"mobilitas","jenis":"krl","nama":"KRL Lin Bogor","sumber":"OSM","atribut":{"lin":"bogor"}}},{"type":"Feature","geometry":{"type":"LineString","coordinates":[[106.855944,-6.253403],[106.854929,-6.255665]]},"properties":{"layer_id":"mobilitas","jenis":"krl","nama":"KRL Lin Bogor","sumber":"OSM","atribut":{"lin":"bogor"}}},{"type":"Feature","geometry":{"type":"LineString","coordinates":[[106.851977,-6.262404],[106.854965,-6.255671]]},"properties":{"layer_id":"mobilitas","jenis":"krl","nama":"KRL Lin Bogor","sumber":"OSM","atribut":{"lin":"bogor"}}},{"type":"Feature","geometry":{"type":"LineString","coordinates":[[106.854929,-6.255665],[106.851955,-6.262391]]},"properties":{"layer_id":"mobilitas","jenis":"krl","nama":"KRL Lin Bogor","sumber":"OSM","atribut":{"lin":"bogor"}}},{"type":"Feature","geometry":{"type":"LineString","coordinates":[[106.851955,-6.262391],[106.851099,-6.264298]]},"properties":{"layer_id":"mobilitas","jenis":"krl","nama":"KRL Lin Bogor","sumber":"OSM","atribut":{"lin":"bogor"}}},{"type":"Feature","geometry":{"type":"LineString","coordinates":[[106.851131,-6.264315],[106.851977,-6.262404]]},"properties":{"layer_id":"mobilitas","jenis":"krl","nama":"KRL Lin Bogor","sumber":"OSM","atribut":{"lin":"bogor"}}},{"type":"Feature","geometry":{"type":"LineString","coordinates":[[106.824342,-6.202605],[106.823688,-6.20245]]},"properties":{"layer_id":"mobilitas","jenis":"krl","nama":"KRL Lin Cikarang","sumber":"OSM","atribut":{"lin":"cikarang"}}},{"type":"Feature","geometry":{"type":"LineString","coordinates":[[106.824335,-6.202636],[106.823681,-6.20248]]},"properties":{"layer_id":"mobilitas","jenis":"krl","nama":"KRL Lin Cikarang","sumber":"OSM","atribut":{"lin":"cikarang"}}},{"type":"Feature","geometry":{"type":"LineString","coordinates":[[106.823073,-6.202306],[106.823242,-6.202345]]},"properties":{"layer_id":"mobilitas","jenis":"krl","nama":"KRL Lin Cikarang","sumber":"OSM","atribut":{"lin":"cikarang"}}},{"type":"Feature","geometry":{"type":"LineString","coordinates":[[106.823066,-6.202335],[106.823235,-6.202374]]},"properties":{"layer_id":"mobilitas","jenis":"krl","nama":"KRL Lin Cikarang","sumber":"OSM","atribut":{"lin":"cikarang"}}},{"type":"Feature","geometry":{"type":"LineString","coordinates":[[106.815548,-6.200709],[106.817832,-6.2012]]},"properties":{"layer_id":"mobilitas","jenis":"krl","nama":"KRL Lin Cikarang","sumber":"OSM","atribut":{"lin":"cikarang"}}},{"type":"Feature","geometry":{"type":"LineString","coordinates":[[106.844618,-6.284593],[106.844404,-6.285639],[106.844153,-6.286575],[106.843826,-6.287591],[106.841381,-6.293587],[106.840995,-6.294715],[106.84059,-6.296181],[106.84045,-6.296869],[106.840343,-6.29762],[106.840204,-6.299671],[106.840032,-6.301443],[106.838988,-6.307703]]},"properties":{"layer_id":"mobilitas","jenis":"krl","nama":"KRL Lin Bogor","sumber":"OSM","atribut":{"lin":"bogor"}}},{"type":"Feature","geometry":{"type":"LineString","coordinates":[[106.83902,-6.307709],[106.840021,-6.301804],[106.840126,-6.300965],[106.840357,-6.298085],[106.840464,-6.297099],[106.84066,-6.296043],[106.841041,-6.294702],[106.841427,-6.293564],[106.843451,-6.288657],[106.843856,-6.287605],[106.844175,-6.286628],[106.844456,-6.285631],[106.844651,-6.284594]]},"properties":{"layer_id":"mobilitas","jenis":"krl","nama":"KRL Lin Bogor","sumber":"OSM","atribut":{"lin":"bogor"}}},{"type":"Feature","geometry":{"type":"LineString","coordinates":[[106.838679,-6.309698],[106.83902,-6.307709]]},"properties":{"layer_id":"mobilitas","jenis":"krl","nama":"KRL Lin Bogor","sumber":"OSM","atribut":{"lin":"bogor"}}},{"type":"Feature","geometry":{"type":"LineString","coordinates":[[106.838988,-6.307703],[106.838647,-6.309692]]},"properties":{"layer_id":"mobilitas","jenis":"krl","nama":"KRL Lin Bogor","sumber":"OSM","atribut":{"lin":"bogor"}}},{"type":"Feature","geometry":{"type":"LineString","coordinates":[[106.834164,-6.329205],[106.833877,-6.328459],[106.833767,-6.328015],[106.833708,-6.327561],[106.833722,-6.326676],[106.833753,-6.326343],[106.83385,-6.325889],[106.834137,-6.325061],[106.834317,-6.324708],[106.835784,-6.322526],[106.836122,-6.321936],[106.836465,-6.321207],[106.836921,-6.319759],[106.838679,-6.309698]]},"properties":{"layer_id":"mobilitas","jenis":"krl","nama":"KRL Lin Bogor","sumber":"OSM","atribut":{"lin":"bogor"}}},{"type":"Feature","geometry":{"type":"LineString","coordinates":[[106.838647,-6.309692],[106.836885,-6.319749],[106.836427,-6.321199],[106.83608,-6.321914],[106.835745,-6.322498],[106.835027,-6.323521],[106.834282,-6.324692],[106.834101,-6.325049],[106.833812,-6.325876],[106.833681,-6.326678],[106.833678,-6.327566],[106.833723,-6.328017],[106.833846,-6.328471],[106.834143,-6.32922]]},"properties":{"layer_id":"mobilitas","jenis":"krl","nama":"KRL Lin Bogor","sumber":"OSM","atribut":{"lin":"bogor"}}},{"type":"Feature","geometry":{"type":"LineString","coordinates":[[106.834959,-6.330845],[106.834164,-6.329205]]},"properties":{"layer_id":"mobilitas","jenis":"krl","nama":"KRL Lin Bogor","sumber":"OSM","atribut":{"lin":"bogor"}}},{"type":"Feature","geometry":{"type":"LineString","coordinates":[[106.834143,-6.32922],[106.834921,-6.330861]]},"properties":{"layer_id":"mobilitas","jenis":"krl","nama":"KRL Lin Bogor","sumber":"OSM","atribut":{"lin":"bogor"}}},{"type":"Feature","geometry":{"type":"LineString","coordinates":[[106.834345,-6.339085],[106.835361,-6.334879],[106.835465,-6.334227],[106.835494,-6.333457],[106.835445,-6.332639],[106.835284,-6.331874],[106.835088,-6.331172],[106.834959,-6.330845]]},"properties":{"layer_id":"mobilitas","jenis":"krl","nama":"KRL Lin Bogor","sumber":"OSM","atribut":{"lin":"bogor"}}},{"type":"Feature","geometry":{"type":"LineString","coordinates":[[106.834921,-6.330861],[106.835045,-6.331183],[106.835242,-6.331871],[106.835397,-6.33263],[106.835464,-6.33336],[106.835431,-6.334225],[106.835334,-6.334881],[106.834292,-6.33908]]},"properties":{"layer_id":"mobilitas","jenis":"krl","nama":"KRL Lin Bogor","sumber":"OSM","atribut":{"lin":"bogor"}}},{"type":"Feature","geometry":{"type":"LineString","coordinates":[[106.833967,-6.340673],[106.834345,-6.339085]]},"properties":{"layer_id":"mobilitas","jenis":"krl","nama":"KRL Lin Bogor","sumber":"OSM","atribut":{"lin":"bogor"}}},{"type":"Feature","geometry":{"type":"LineString","coordinates":[[106.834292,-6.33908],[106.833922,-6.340663]]},"properties":{"layer_id":"mobilitas","jenis":"krl","nama":"KRL Lin Bogor","sumber":"OSM","atribut":{"lin":"bogor"}}},{"type":"Feature","geometry":{"type":"LineString","coordinates":[[106.832136,-6.368967],[106.832299,-6.368443],[106.83246,-6.367547],[106.832523,-6.366946],[106.832536,-6.366472],[106.832506,-6.365772],[106.832395,-6.364736],[106.831917,-6.361303]]},"properties":{"layer_id":"mobilitas","jenis":"krl","nama":"KRL Lin Bogor","sumber":"OSM","atribut":{"lin":"bogor"}}},{"type":"Feature","geometry":{"type":"LineString","coordinates":[[106.831861,-6.361301],[106.832313,-6.36448],[106.832447,-6.365632],[106.832489,-6.366365],[106.832409,-6.367581],[106.832256,-6.368432],[106.832094,-6.368954]]},"properties":{"layer_id":"mobilitas","jenis":"krl","nama":"KRL Lin Bogor","sumber":"OSM","atribut":{"lin":"bogor"}}},{"type":"Feature","geometry":{"type":"LineString","coordinates":[[106.831917,-6.361303],[106.831679,-6.359402],[106.831633,-6.358804]]},"properties":{"layer_id":"mobilitas","jenis":"krl","nama":"KRL Lin Bogor","sumber":"OSM","atribut":{"lin":"bogor"}}},{"type":"Feature","geometry":{"type":"LineString","coordinates":[[106.830084,-6.375152],[106.831632,-6.370505]]},"properties":{"layer_id":"mobilitas","jenis":"krl","nama":"KRL Lin Bogor","sumber":"OSM","atribut":{"lin":"bogor"}}},{"type":"Feature","geometry":{"type":"LineString","coordinates":[[106.831588,-6.370501],[106.83004,-6.375137]]},"properties":{"layer_id":"mobilitas","jenis":"krl","nama":"KRL Lin Bogor","sumber":"OSM","atribut":{"lin":"bogor"}}},{"type":"Feature","geometry":{"type":"LineString","coordinates":[[106.831632,-6.370505],[106.832136,-6.368967]]},"properties":{"layer_id":"mobilitas","jenis":"krl","nama":"KRL Lin Bogor","sumber":"OSM","atribut":{"lin":"bogor"}}},{"type":"Feature","geometry":{"type":"LineString","coordinates":[[106.832094,-6.368954],[106.831588,-6.370501]]},"properties":{"layer_id":"mobilitas","jenis":"krl","nama":"KRL Lin Bogor","sumber":"OSM","atribut":{"lin":"bogor"}}},{"type":"Feature","geometry":{"type":"LineString","coordinates":[[106.831582,-6.358693],[106.831636,-6.359405],[106.831861,-6.361301]]},"properties":{"layer_id":"mobilitas","jenis":"krl","nama":"KRL Lin Bogor","sumber":"OSM","atribut":{"lin":"bogor"}}},{"type":"Feature","geometry":{"type":"LineString","coordinates":[[106.820428,-6.394065],[106.820185,-6.394732],[106.818892,-6.397854],[106.818633,-6.398579],[106.817877,-6.401012]]},"properties":{"layer_id":"mobilitas","jenis":"krl","nama":"KRL Lin Bogor","sumber":"OSM","atribut":{"lin":"bogor"}}},{"type":"Feature","geometry":{"type":"LineString","coordinates":[[106.820816,-6.393314],[106.822516,-6.389246]]},"properties":{"layer_id":"mobilitas","jenis":"krl","nama":"KRL Lin Bogor","sumber":"OSM","atribut":{"lin":"bogor"}}},{"type":"Feature","geometry":{"type":"LineString","coordinates":[[106.820428,-6.394065],[106.820777,-6.393101],[106.821971,-6.390249],[106.822373,-6.38942]]},"properties":{"layer_id":"mobilitas","jenis":"krl","nama":"KRL Lin Bogor","sumber":"OSM","atribut":{"lin":"bogor"}}},{"type":"Feature","geometry":{"type":"LineString","coordinates":[[106.81819,-6.400154],[106.818668,-6.39861],[106.818933,-6.397869],[106.820816,-6.393314]]},"properties":{"layer_id":"mobilitas","jenis":"krl","nama":"KRL Lin Bogor","sumber":"OSM","atribut":{"lin":"bogor"}}},{"type":"Feature","geometry":{"type":"LineString","coordinates":[[106.816518,-6.407862],[106.816633,-6.407366]]},"properties":{"layer_id":"mobilitas","jenis":"krl","nama":"KRL Lin Bogor","sumber":"OSM","atribut":{"lin":"bogor"}}},{"type":"Feature","geometry":{"type":"LineString","coordinates":[[106.802731,-6.447649],[106.802615,-6.448008],[106.80207,-6.450221]]},"properties":{"layer_id":"mobilitas","jenis":"krl","nama":"KRL Lin Bogor","sumber":"OSM","atribut":{"lin":"bogor"}}},{"type":"Feature","geometry":{"type":"LineString","coordinates":[[106.801903,-6.450826],[106.801575,-6.452366]]},"properties":{"layer_id":"mobilitas","jenis":"krl","nama":"KRL Lin Bogor","sumber":"OSM","atribut":{"lin":"bogor"}}},{"type":"Feature","geometry":{"type":"LineString","coordinates":[[106.800392,-6.481908],[106.797795,-6.484961],[106.797072,-6.485869],[106.796344,-6.486992],[106.795983,-6.487792],[106.795668,-6.488617],[106.79521,-6.490454],[106.795093,-6.49121],[106.795074,-6.491606]]},"properties":{"layer_id":"mobilitas","jenis":"krl","nama":"KRL Lin Bogor","sumber":"OSM","atribut":{"lin":"bogor"}}},{"type":"Feature","geometry":{"type":"LineString","coordinates":[[106.800429,-6.481932],[106.797105,-6.485902],[106.796543,-6.486741],[106.796119,-6.487568],[106.795721,-6.488629],[106.795297,-6.490341],[106.795195,-6.490948]]},"properties":{"layer_id":"mobilitas","jenis":"krl","nama":"KRL Lin Bogor","sumber":"OSM","atribut":{"lin":"bogor"}}},{"type":"Feature","geometry":{"type":"LineString","coordinates":[[106.795074,-6.491606],[106.794934,-6.494757]]},"properties":{"layer_id":"mobilitas","jenis":"krl","nama":"KRL Lin Bogor","sumber":"OSM","atribut":{"lin":"bogor"}}},{"type":"Feature","geometry":{"type":"LineString","coordinates":[[106.795195,-6.490948],[106.795098,-6.491961],[106.795004,-6.494028],[106.794983,-6.495253]]},"properties":{"layer_id":"mobilitas","jenis":"krl","nama":"KRL Lin Bogor","sumber":"OSM","atribut":{"lin":"bogor"}}},{"type":"Feature","geometry":{"type":"LineString","coordinates":[[106.800457,-6.532517],[106.800278,-6.534207],[106.800025,-6.537307]]},"properties":{"layer_id":"mobilitas","jenis":"krl","nama":"KRL Lin Bogor","sumber":"OSM","atribut":{"lin":"bogor"}}},{"type":"Feature","geometry":{"type":"LineString","coordinates":[[106.798165,-6.517568],[106.799562,-6.519015],[106.800093,-6.519708],[106.800353,-6.520121],[106.800799,-6.521035],[106.800981,-6.52154],[106.801108,-6.522023],[106.801213,-6.522509],[106.801284,-6.523428],[106.801276,-6.523842],[106.800899,-6.527731],[106.800813,-6.529079]]},"properties":{"layer_id":"mobilitas","jenis":"krl","nama":"KRL Lin Bogor","sumber":"OSM","atribut":{"lin":"bogor"}}},{"type":"Feature","geometry":{"type":"LineString","coordinates":[[106.800813,-6.529079],[106.800713,-6.530687],[106.800425,-6.533341]]},"properties":{"layer_id":"mobilitas","jenis":"krl","nama":"KRL Lin Bogor","sumber":"OSM","atribut":{"lin":"bogor"}}},{"type":"Feature","geometry":{"type":"LineString","coordinates":[[106.800747,-6.529504],[106.800629,-6.531109],[106.800457,-6.532517]]},"properties":{"layer_id":"mobilitas","jenis":"krl","nama":"KRL Lin Bogor","sumber":"OSM","atribut":{"lin":"bogor"}}},{"type":"Feature","geometry":{"type":"LineString","coordinates":[[106.810851,-6.185503],[106.810896,-6.185918]]},"properties":{"layer_id":"mobilitas","jenis":"krl","nama":"KRL Lin Rangkas","sumber":"OSM","atribut":{"lin":"rangkas"}}},{"type":"Feature","geometry":{"type":"LineString","coordinates":[[106.809716,-6.198305],[106.807948,-6.200388],[106.807519,-6.200788],[106.807082,-6.2011],[106.806733,-6.201302],[106.800491,-6.204185]]},"properties":{"layer_id":"mobilitas","jenis":"krl","nama":"KRL Lin Rangkas","sumber":"OSM","atribut":{"lin":"rangkas"}}},{"type":"Feature","geometry":{"type":"LineString","coordinates":[[106.796855,-6.208856],[106.798055,-6.206222],[106.798244,-6.205841],[106.79847,-6.205495],[106.798812,-6.205121],[106.799009,-6.204964],[106.799397,-6.204732],[106.799905,-6.2045]]},"properties":{"layer_id":"mobilitas","jenis":"krl","nama":"KRL Lin Rangkas","sumber":"OSM","atribut":{"lin":"rangkas"}}},{"type":"Feature","geometry":{"type":"LineString","coordinates":[[106.79566,-6.214083],[106.796002,-6.213515],[106.79615,-6.213031],[106.796191,-6.212763],[106.796211,-6.212375],[106.796161,-6.211106],[106.796201,-6.210458],[106.796491,-6.209653],[106.796855,-6.208856]]},"properties":{"layer_id":"mobilitas","jenis":"krl","nama":"KRL Lin Rangkas","sumber":"OSM","atribut":{"lin":"rangkas"}}},{"type":"Feature","geometry":{"type":"LineString","coordinates":[[106.796555,-6.20942],[106.796233,-6.210167],[106.796119,-6.210671],[106.796098,-6.211132],[106.79616,-6.212537],[106.796104,-6.213014],[106.795958,-6.213506],[106.795636,-6.214046]]},"properties":{"layer_id":"mobilitas","jenis":"krl","nama":"KRL Lin Rangkas","sumber":"OSM","atribut":{"lin":"rangkas"}}},{"type":"Feature","geometry":{"type":"LineString","coordinates":[[106.784449,-6.233118],[106.783274,-6.235136],[106.782998,-6.23579],[106.782659,-6.23675]]},"properties":{"layer_id":"mobilitas","jenis":"krl","nama":"KRL Lin Rangkas","sumber":"OSM","atribut":{"lin":"rangkas"}}},{"type":"Feature","geometry":{"type":"LineString","coordinates":[[106.782688,-6.236762],[106.78323,-6.235319],[106.783505,-6.234783],[106.78395,-6.234031]]},"properties":{"layer_id":"mobilitas","jenis":"krl","nama":"KRL Lin Rangkas","sumber":"OSM","atribut":{"lin":"rangkas"}}},{"type":"Feature","geometry":{"type":"LineString","coordinates":[[106.782289,-6.237809],[106.781837,-6.239138],[106.781531,-6.239833],[106.781052,-6.240612],[106.780108,-6.241791]]},"properties":{"layer_id":"mobilitas","jenis":"krl","nama":"KRL Lin Rangkas","sumber":"OSM","atribut":{"lin":"rangkas"}}},{"type":"Feature","geometry":{"type":"LineString","coordinates":[[106.782037,-6.23867],[106.782323,-6.237825]]},"properties":{"layer_id":"mobilitas","jenis":"krl","nama":"KRL Lin Rangkas","sumber":"OSM","atribut":{"lin":"rangkas"}}},{"type":"Feature","geometry":{"type":"LineString","coordinates":[[106.801413,-6.155067],[106.801198,-6.152171]]},"properties":{"layer_id":"mobilitas","jenis":"krl","nama":"KRL Lin Cikarang","sumber":"OSM","atribut":{"lin":"cikarang"}}},{"type":"Feature","geometry":{"type":"LineString","coordinates":[[106.801265,-6.154564],[106.801291,-6.155073]]},"properties":{"layer_id":"mobilitas","jenis":"krl","nama":"KRL lintas lain","sumber":"OSM","atribut":{"lin":"lain"}}},{"type":"Feature","geometry":{"type":"LineString","coordinates":[[106.801145,-6.154353],[106.801168,-6.15508]]},"properties":{"layer_id":"mobilitas","jenis":"krl","nama":"KRL lintas lain","sumber":"OSM","atribut":{"lin":"lain"}}},{"type":"Feature","geometry":{"type":"LineString","coordinates":[[106.801208,-6.155078],[106.801184,-6.154584]]},"properties":{"layer_id":"mobilitas","jenis":"krl","nama":"KRL lintas lain","sumber":"OSM","atribut":{"lin":"lain"}}},{"type":"Feature","geometry":{"type":"LineString","coordinates":[[106.801291,-6.155073],[106.801315,-6.155494]]},"properties":{"layer_id":"mobilitas","jenis":"krl","nama":"KRL lintas lain","sumber":"OSM","atribut":{"lin":"lain"}}},{"type":"Feature","geometry":{"type":"LineString","coordinates":[[106.801413,-6.155067],[106.801446,-6.155594]]},"properties":{"layer_id":"mobilitas","jenis":"krl","nama":"KRL Lin Cikarang","sumber":"OSM","atribut":{"lin":"cikarang"}}},{"type":"Feature","geometry":{"type":"LineString","coordinates":[[106.801168,-6.15508],[106.801189,-6.155501]]},"properties":{"layer_id":"mobilitas","jenis":"krl","nama":"KRL lintas lain","sumber":"OSM","atribut":{"lin":"lain"}}},{"type":"Feature","geometry":{"type":"LineString","coordinates":[[106.801229,-6.155499],[106.801208,-6.155078]]},"properties":{"layer_id":"mobilitas","jenis":"krl","nama":"KRL lintas lain","sumber":"OSM","atribut":{"lin":"lain"}}},{"type":"Feature","geometry":{"type":"LineString","coordinates":[[106.789953,-6.162091],[106.789444,-6.162073]]},"properties":{"layer_id":"mobilitas","jenis":"krl","nama":"KRL lintas lain","sumber":"OSM","atribut":{"lin":"lain"}}},{"type":"Feature","geometry":{"type":"LineString","coordinates":[[106.789334,-6.162127],[106.789926,-6.162152]]},"properties":{"layer_id":"mobilitas","jenis":"krl","nama":"KRL lintas lain","sumber":"OSM","atribut":{"lin":"lain"}}},{"type":"Feature","geometry":{"type":"LineString","coordinates":[[106.789444,-6.162073],[106.787268,-6.161998]]},"properties":{"layer_id":"mobilitas","jenis":"krl","nama":"KRL lintas lain","sumber":"OSM","atribut":{"lin":"lain"}}},{"type":"Feature","geometry":{"type":"LineString","coordinates":[[106.787196,-6.162038],[106.789334,-6.162127]]},"properties":{"layer_id":"mobilitas","jenis":"krl","nama":"KRL lintas lain","sumber":"OSM","atribut":{"lin":"lain"}}},{"type":"Feature","geometry":{"type":"LineString","coordinates":[[106.771586,-6.161189],[106.769704,-6.1609],[106.76685,-6.160531]]},"properties":{"layer_id":"mobilitas","jenis":"krl","nama":"KRL lintas lain","sumber":"OSM","atribut":{"lin":"lain"}}},{"type":"Feature","geometry":{"type":"LineString","coordinates":[[106.766848,-6.160566],[106.771582,-6.161212]]},"properties":{"layer_id":"mobilitas","jenis":"krl","nama":"KRL lintas lain","sumber":"OSM","atribut":{"lin":"lain"}}},{"type":"Feature","geometry":{"type":"LineString","coordinates":[[106.773797,-6.161493],[106.771586,-6.161189]]},"properties":{"layer_id":"mobilitas","jenis":"krl","nama":"KRL lintas lain","sumber":"OSM","atribut":{"lin":"lain"}}},{"type":"Feature","geometry":{"type":"LineString","coordinates":[[106.771582,-6.161212],[106.773795,-6.161515]]},"properties":{"layer_id":"mobilitas","jenis":"krl","nama":"KRL lintas lain","sumber":"OSM","atribut":{"lin":"lain"}}},{"type":"Feature","geometry":{"type":"LineString","coordinates":[[106.759217,-6.159152],[106.756723,-6.158633]]},"properties":{"layer_id":"mobilitas","jenis":"krl","nama":"KRL lintas lain","sumber":"OSM","atribut":{"lin":"lain"}}},{"type":"Feature","geometry":{"type":"LineString","coordinates":[[106.75672,-6.158661],[106.757709,-6.15886],[106.759211,-6.159224]]},"properties":{"layer_id":"mobilitas","jenis":"krl","nama":"KRL lintas lain","sumber":"OSM","atribut":{"lin":"lain"}}},{"type":"Feature","geometry":{"type":"LineString","coordinates":[[106.800557,-6.141987],[106.800568,-6.142243]]},"properties":{"layer_id":"mobilitas","jenis":"krl","nama":"KRL Lin Cikarang","sumber":"OSM","atribut":{"lin":"cikarang"}}},{"type":"Feature","geometry":{"type":"LineString","coordinates":[[106.649551,-6.128471],[106.647567,-6.129262]]},"properties":{"layer_id":"mobilitas","jenis":"krl","nama":"KRL lintas lain","sumber":"OSM","atribut":{"lin":"lain"}}},{"type":"Feature","geometry":{"type":"LineString","coordinates":[[106.822686,-6.202221],[106.822345,-6.202144]]},"properties":{"layer_id":"mobilitas","jenis":"krl","nama":"KRL Lin Cikarang","sumber":"OSM","atribut":{"lin":"cikarang"}}},{"type":"Feature","geometry":{"type":"LineString","coordinates":[[106.822338,-6.202178],[106.822679,-6.202252]]},"properties":{"layer_id":"mobilitas","jenis":"krl","nama":"KRL Lin Cikarang","sumber":"OSM","atribut":{"lin":"cikarang"}}},{"type":"Feature","geometry":{"type":"LineString","coordinates":[[106.900638,-6.213287],[106.901022,-6.213296]]},"properties":{"layer_id":"mobilitas","jenis":"krl","nama":"KRL Lin Cikarang","sumber":"OSM","atribut":{"lin":"cikarang"}}},{"type":"Feature","geometry":{"type":"LineString","coordinates":[[106.923658,-6.215612],[106.923961,-6.215656]]},"properties":{"layer_id":"mobilitas","jenis":"krl","nama":"KRL Lin Cikarang","sumber":"OSM","atribut":{"lin":"cikarang"}}},{"type":"Feature","geometry":{"type":"LineString","coordinates":[[106.923636,-6.215728],[106.923734,-6.215734]]},"properties":{"layer_id":"mobilitas","jenis":"krl","nama":"KRL Lin Cikarang","sumber":"OSM","atribut":{"lin":"cikarang"}}},{"type":"Feature","geometry":{"type":"LineString","coordinates":[[106.923734,-6.215734],[106.923969,-6.215749]]},"properties":{"layer_id":"mobilitas","jenis":"krl","nama":"KRL Lin Cikarang","sumber":"OSM","atribut":{"lin":"cikarang"}}},{"type":"Feature","geometry":{"type":"LineString","coordinates":[[106.938806,-6.217444],[106.939262,-6.217489]]},"properties":{"layer_id":"mobilitas","jenis":"krl","nama":"KRL Lin Cikarang","sumber":"OSM","atribut":{"lin":"cikarang"}}},{"type":"Feature","geometry":{"type":"LineString","coordinates":[[106.938478,-6.217411],[106.938806,-6.217444]]},"properties":{"layer_id":"mobilitas","jenis":"krl","nama":"KRL Lin Cikarang","sumber":"OSM","atribut":{"lin":"cikarang"}}},{"type":"Feature","geometry":{"type":"LineString","coordinates":[[106.938709,-6.217497],[106.939253,-6.217579]]},"properties":{"layer_id":"mobilitas","jenis":"krl","nama":"KRL Lin Cikarang","sumber":"OSM","atribut":{"lin":"cikarang"}}},{"type":"Feature","geometry":{"type":"LineString","coordinates":[[106.938393,-6.217462],[106.938709,-6.217497]]},"properties":{"layer_id":"mobilitas","jenis":"krl","nama":"KRL Lin Cikarang","sumber":"OSM","atribut":{"lin":"cikarang"}}},{"type":"Feature","geometry":{"type":"LineString","coordinates":[[106.948306,-6.218641],[106.948689,-6.218713]]},"properties":{"layer_id":"mobilitas","jenis":"krl","nama":"KRL Lin Cikarang","sumber":"OSM","atribut":{"lin":"cikarang"}}},{"type":"Feature","geometry":{"type":"LineString","coordinates":[[106.948502,-6.218644],[106.948706,-6.218679]]},"properties":{"layer_id":"mobilitas","jenis":"krl","nama":"KRL Lin Cikarang","sumber":"OSM","atribut":{"lin":"cikarang"}}},{"type":"Feature","geometry":{"type":"LineString","coordinates":[[106.948342,-6.218618],[106.948502,-6.218644]]},"properties":{"layer_id":"mobilitas","jenis":"krl","nama":"KRL Lin Cikarang","sumber":"OSM","atribut":{"lin":"cikarang"}}},{"type":"Feature","geometry":{"type":"LineString","coordinates":[[106.818875,-6.136533],[106.819841,-6.136342],[106.820408,-6.136364],[106.820673,-6.13644],[106.820932,-6.136557],[106.82123,-6.136734],[106.821356,-6.136844]]},"properties":{"layer_id":"mobilitas","jenis":"krl","nama":"KRL Lin Bogor","sumber":"OSM","atribut":{"lin":"bogor"}}},{"type":"Feature","geometry":{"type":"LineString","coordinates":[[106.825624,-6.20291],[106.824342,-6.202605]]},"properties":{"layer_id":"mobilitas","jenis":"krl","nama":"KRL Lin Cikarang","sumber":"OSM","atribut":{"lin":"cikarang"}}},{"type":"Feature","geometry":{"type":"LineString","coordinates":[[106.824335,-6.202636],[106.825616,-6.202944]]},"properties":{"layer_id":"mobilitas","jenis":"krl","nama":"KRL Lin Cikarang","sumber":"OSM","atribut":{"lin":"cikarang"}}},{"type":"Feature","geometry":{"type":"LineString","coordinates":[[106.82574,-6.202937],[106.825624,-6.20291]]},"properties":{"layer_id":"mobilitas","jenis":"krl","nama":"KRL Lin Cikarang","sumber":"OSM","atribut":{"lin":"cikarang"}}},{"type":"Feature","geometry":{"type":"LineString","coordinates":[[106.825616,-6.202944],[106.825732,-6.202971]]},"properties":{"layer_id":"mobilitas","jenis":"krl","nama":"KRL Lin Cikarang","sumber":"OSM","atribut":{"lin":"cikarang"}}},{"type":"Feature","geometry":{"type":"LineString","coordinates":[[106.72398,-6.162549],[106.721386,-6.162995]]},"properties":{"layer_id":"mobilitas","jenis":"krl","nama":"KRL lintas lain","sumber":"OSM","atribut":{"lin":"lain"}}},{"type":"Feature","geometry":{"type":"LineString","coordinates":[[106.724723,-6.162458],[106.721,-6.163091]]},"properties":{"layer_id":"mobilitas","jenis":"krl","nama":"KRL lintas lain","sumber":"OSM","atribut":{"lin":"lain"}}},{"type":"Feature","geometry":{"type":"LineString","coordinates":[[106.721386,-6.162995],[106.720875,-6.163074]]},"properties":{"layer_id":"mobilitas","jenis":"krl","nama":"KRL lintas lain","sumber":"OSM","atribut":{"lin":"lain"}}},{"type":"Feature","geometry":{"type":"LineString","coordinates":[[106.721,-6.163091],[106.720882,-6.163108]]},"properties":{"layer_id":"mobilitas","jenis":"krl","nama":"KRL lintas lain","sumber":"OSM","atribut":{"lin":"lain"}}},{"type":"Feature","geometry":{"type":"LineString","coordinates":[[106.659098,-6.14622],[106.65865,-6.14571],[106.658267,-6.145358],[106.657798,-6.14503],[106.657474,-6.144847],[106.653799,-6.143097],[106.653048,-6.142812],[106.652698,-6.142735]]},"properties":{"layer_id":"mobilitas","jenis":"krl","nama":"KRL lintas lain","sumber":"OSM","atribut":{"lin":"lain"}}},{"type":"Feature","geometry":{"type":"LineString","coordinates":[[106.65269,-6.142781],[106.653038,-6.142857],[106.653779,-6.143143],[106.657464,-6.144899],[106.657769,-6.145072],[106.658236,-6.145401],[106.658615,-6.145751],[106.659066,-6.146237]]},"properties":{"layer_id":"mobilitas","jenis":"krl","nama":"KRL lintas lain","sumber":"OSM","atribut":{"lin":"lain"}}},{"type":"Feature","geometry":{"type":"LineString","coordinates":[[106.633646,-6.176976],[106.63467,-6.176985],[106.635109,-6.176957]]},"properties":{"layer_id":"mobilitas","jenis":"krl","nama":"KRL lintas lain","sumber":"OSM","atribut":{"lin":"lain"}}},{"type":"Feature","geometry":{"type":"LineString","coordinates":[[106.848534,-6.208679],[106.847951,-6.207836]]},"properties":{"layer_id":"mobilitas","jenis":"krl","nama":"KRL Lin Bogor","sumber":"OSM","atribut":{"lin":"bogor"}}},{"type":"Feature","geometry":{"type":"LineString","coordinates":[[106.844859,-6.175426],[106.844787,-6.175271]]},"properties":{"layer_id":"mobilitas","jenis":"krl","nama":"KRL Lin Cikarang","sumber":"OSM","atribut":{"lin":"cikarang"}}},{"type":"Feature","geometry":{"type":"LineString","coordinates":[[106.844988,-6.1757],[106.844859,-6.175426]]},"properties":{"layer_id":"mobilitas","jenis":"krl","nama":"KRL Lin Cikarang","sumber":"OSM","atribut":{"lin":"cikarang"}}},{"type":"Feature","geometry":{"type":"LineString","coordinates":[[106.970684,-6.221274],[106.973982,-6.221662],[106.974527,-6.22176],[106.975255,-6.221957],[106.975902,-6.222175],[106.976791,-6.222587],[106.977988,-6.223308],[106.978817,-6.223899]]},"properties":{"layer_id":"mobilitas","jenis":"krl","nama":"KRL Lin Cikarang","sumber":"OSM","atribut":{"lin":"cikarang"}}},{"type":"Feature","geometry":{"type":"LineString","coordinates":[[106.978889,-6.223832],[106.976808,-6.222559],[106.9759,-6.222141],[106.975265,-6.221918],[106.974535,-6.221722],[106.97397,-6.221623],[106.97069,-6.221239]]},"properties":{"layer_id":"mobilitas","jenis":"krl","nama":"KRL Lin Cikarang","sumber":"OSM","atribut":{"lin":"cikarang"}}},{"type":"Feature","geometry":{"type":"LineString","coordinates":[[106.970441,-6.221244],[106.970684,-6.221274]]},"properties":{"layer_id":"mobilitas","jenis":"krl","nama":"KRL Lin Cikarang","sumber":"OSM","atribut":{"lin":"cikarang"}}},{"type":"Feature","geometry":{"type":"LineString","coordinates":[[106.97069,-6.221239],[106.970449,-6.221211]]},"properties":{"layer_id":"mobilitas","jenis":"krl","nama":"KRL Lin Cikarang","sumber":"OSM","atribut":{"lin":"cikarang"}}},{"type":"Feature","geometry":{"type":"LineString","coordinates":[[107.013267,-6.244935],[107.01596,-6.245967],[107.016949,-6.246381]]},"properties":{"layer_id":"mobilitas","jenis":"krl","nama":"KRL Lin Cikarang","sumber":"OSM","atribut":{"lin":"cikarang"}}},{"type":"Feature","geometry":{"type":"LineString","coordinates":[[107.013032,-6.244844],[107.013267,-6.244935]]},"properties":{"layer_id":"mobilitas","jenis":"krl","nama":"KRL Lin Cikarang","sumber":"OSM","atribut":{"lin":"cikarang"}}},{"type":"Feature","geometry":{"type":"LineString","coordinates":[[107.016976,-6.246315],[107.01328,-6.2449]]},"properties":{"layer_id":"mobilitas","jenis":"krl","nama":"KRL Lin Cikarang","sumber":"OSM","atribut":{"lin":"cikarang"}}},{"type":"Feature","geometry":{"type":"LineString","coordinates":[[107.01328,-6.2449],[107.013044,-6.244809]]},"properties":{"layer_id":"mobilitas","jenis":"krl","nama":"KRL Lin Cikarang","sumber":"OSM","atribut":{"lin":"cikarang"}}},{"type":"Feature","geometry":{"type":"LineString","coordinates":[[107.181323,-6.271087],[107.180773,-6.270949]]},"properties":{"layer_id":"mobilitas","jenis":"krl","nama":"KRL Lin Cikarang","sumber":"OSM","atribut":{"lin":"cikarang"}}},{"type":"Feature","geometry":{"type":"LineString","coordinates":[[106.720651,-6.16311],[106.71955,-6.163275]]},"properties":{"layer_id":"mobilitas","jenis":"krl","nama":"KRL lintas lain","sumber":"OSM","atribut":{"lin":"lain"}}},{"type":"Feature","geometry":{"type":"LineString","coordinates":[[106.725237,-6.16232],[106.72398,-6.162549]]},"properties":{"layer_id":"mobilitas","jenis":"krl","nama":"KRL lintas lain","sumber":"OSM","atribut":{"lin":"lain"}}},{"type":"Feature","geometry":{"type":"LineString","coordinates":[[106.635109,-6.176957],[106.636303,-6.176823],[106.645731,-6.175333]]},"properties":{"layer_id":"mobilitas","jenis":"krl","nama":"KRL lintas lain","sumber":"OSM","atribut":{"lin":"lain"}}},{"type":"Feature","geometry":{"type":"LineString","coordinates":[[106.645729,-6.1753],[106.636009,-6.176821],[106.634674,-6.17695],[106.633646,-6.176941]]},"properties":{"layer_id":"mobilitas","jenis":"krl","nama":"KRL lintas lain","sumber":"OSM","atribut":{"lin":"lain"}}},{"type":"Feature","geometry":{"type":"LineString","coordinates":[[106.647853,-6.174965],[106.645729,-6.1753]]},"properties":{"layer_id":"mobilitas","jenis":"krl","nama":"KRL lintas lain","sumber":"OSM","atribut":{"lin":"lain"}}},{"type":"Feature","geometry":{"type":"LineString","coordinates":[[106.645731,-6.175333],[106.647857,-6.174997]]},"properties":{"layer_id":"mobilitas","jenis":"krl","nama":"KRL lintas lain","sumber":"OSM","atribut":{"lin":"lain"}}},{"type":"Feature","geometry":{"type":"LineString","coordinates":[[106.84204,-6.163344],[106.842023,-6.163283]]},"properties":{"layer_id":"mobilitas","jenis":"krl","nama":"KRL Lin Cikarang","sumber":"OSM","atribut":{"lin":"cikarang"}}},{"type":"Feature","geometry":{"type":"LineString","coordinates":[[106.843546,-6.171804],[106.843395,-6.17135]]},"properties":{"layer_id":"mobilitas","jenis":"krl","nama":"KRL Lin Cikarang","sumber":"OSM","atribut":{"lin":"cikarang"}}},{"type":"Feature","geometry":{"type":"LineString","coordinates":[[106.865918,-6.213593],[106.866297,-6.213934]]},"properties":{"layer_id":"mobilitas","jenis":"krl","nama":"KRL Lin Cikarang","sumber":"OSM","atribut":{"lin":"cikarang"}}},{"type":"Feature","geometry":{"type":"LineString","coordinates":[[106.80207,-6.450221],[106.802027,-6.450424]]},"properties":{"layer_id":"mobilitas","jenis":"krl","nama":"KRL Lin Bogor","sumber":"OSM","atribut":{"lin":"bogor"}}},{"type":"Feature","geometry":{"type":"LineString","coordinates":[[106.645232,-6.130216],[106.646249,-6.129794]]},"properties":{"layer_id":"mobilitas","jenis":"krl","nama":"KRL lintas lain","sumber":"OSM","atribut":{"lin":"lain"}}},{"type":"Feature","geometry":{"type":"LineString","coordinates":[[106.404765,-6.335936],[106.405171,-6.336107],[106.405751,-6.336274],[106.406155,-6.336344],[106.406824,-6.336368],[106.407519,-6.336313],[106.410739,-6.335872]]},"properties":{"layer_id":"mobilitas","jenis":"krl","nama":"KRL Lin Rangkas","sumber":"OSM","atribut":{"lin":"rangkas"}}},{"type":"Feature","geometry":{"type":"LineString","coordinates":[[106.410738,-6.335841],[106.407522,-6.336272],[106.406823,-6.336316],[106.406157,-6.336284],[106.405758,-6.336211],[106.405195,-6.336042],[106.404816,-6.335886]]},"properties":{"layer_id":"mobilitas","jenis":"krl","nama":"KRL Lin Rangkas","sumber":"OSM","atribut":{"lin":"rangkas"}}},{"type":"Feature","geometry":{"type":"LineString","coordinates":[[106.412535,-6.335617],[106.410738,-6.335841]]},"properties":{"layer_id":"mobilitas","jenis":"krl","nama":"KRL Lin Rangkas","sumber":"OSM","atribut":{"lin":"rangkas"}}},{"type":"Feature","geometry":{"type":"LineString","coordinates":[[106.410739,-6.335872],[106.41254,-6.33565]]},"properties":{"layer_id":"mobilitas","jenis":"krl","nama":"KRL Lin Rangkas","sumber":"OSM","atribut":{"lin":"rangkas"}}},{"type":"Feature","geometry":{"type":"LineString","coordinates":[[106.431742,-6.329773],[106.422713,-6.333433],[106.420951,-6.334191],[106.420081,-6.334486],[106.419227,-6.334694],[106.418422,-6.334833],[106.412535,-6.335617]]},"properties":{"layer_id":"mobilitas","jenis":"krl","nama":"KRL Lin Rangkas","sumber":"OSM","atribut":{"lin":"rangkas"}}},{"type":"Feature","geometry":{"type":"LineString","coordinates":[[106.431765,-6.329811],[106.435857,-6.328147]]},"properties":{"layer_id":"mobilitas","jenis":"krl","nama":"KRL Lin Rangkas","sumber":"OSM","atribut":{"lin":"rangkas"}}},{"type":"Feature","geometry":{"type":"LineString","coordinates":[[106.435839,-6.328115],[106.431742,-6.329773]]},"properties":{"layer_id":"mobilitas","jenis":"krl","nama":"KRL Lin Rangkas","sumber":"OSM","atribut":{"lin":"rangkas"}}},{"type":"Feature","geometry":{"type":"LineString","coordinates":[[106.445155,-6.326834],[106.440288,-6.326812],[106.43958,-6.326882],[106.438839,-6.32702],[106.437889,-6.327286],[106.435839,-6.328115]]},"properties":{"layer_id":"mobilitas","jenis":"krl","nama":"KRL Lin Rangkas","sumber":"OSM","atribut":{"lin":"rangkas"}}},{"type":"Feature","geometry":{"type":"LineString","coordinates":[[106.44548,-6.326836],[106.445155,-6.326834]]},"properties":{"layer_id":"mobilitas","jenis":"krl","nama":"KRL Lin Rangkas","sumber":"OSM","atribut":{"lin":"rangkas"}}},{"type":"Feature","geometry":{"type":"LineString","coordinates":[[106.435857,-6.328147],[106.437926,-6.327311],[106.438851,-6.327053],[106.439583,-6.326917],[106.440302,-6.326847],[106.445158,-6.326904]]},"properties":{"layer_id":"mobilitas","jenis":"krl","nama":"KRL Lin Rangkas","sumber":"OSM","atribut":{"lin":"rangkas"}}},{"type":"Feature","geometry":{"type":"LineString","coordinates":[[106.445158,-6.326904],[106.445483,-6.326906]]},"properties":{"layer_id":"mobilitas","jenis":"krl","nama":"KRL Lin Rangkas","sumber":"OSM","atribut":{"lin":"rangkas"}}},{"type":"Feature","geometry":{"type":"LineString","coordinates":[[106.462065,-6.327499],[106.460622,-6.326788]]},"properties":{"layer_id":"mobilitas","jenis":"krl","nama":"KRL Lin Rangkas","sumber":"OSM","atribut":{"lin":"rangkas"}}},{"type":"Feature","geometry":{"type":"LineString","coordinates":[[106.460672,-6.326851],[106.462044,-6.327527]]},"properties":{"layer_id":"mobilitas","jenis":"krl","nama":"KRL Lin Rangkas","sumber":"OSM","atribut":{"lin":"rangkas"}}},{"type":"Feature","geometry":{"type":"LineString","coordinates":[[106.491859,-6.336546],[106.491089,-6.335036],[106.490646,-6.33445],[106.490262,-6.334108],[106.489947,-6.333906],[106.489556,-6.33372],[106.489202,-6.333604],[106.488971,-6.333547],[106.488465,-6.333491],[106.488241,-6.333487],[106.487788,-6.333546],[106.487395,-6.333644],[106.485721,-6.334241],[106.485325,-6.334345],[106.484871,-6.334404],[106.484385,-6.334432],[106.483744,-6.334371],[106.483306,-6.334277],[106.482669,-6.334064]]},"properties":{"layer_id":"mobilitas","jenis":"krl","nama":"KRL Lin Rangkas","sumber":"OSM","atribut":{"lin":"rangkas"}}},{"type":"Feature","geometry":{"type":"LineString","coordinates":[[106.482641,-6.334118],[106.483303,-6.334329],[106.48385,-6.334432],[106.484342,-6.334472],[106.484902,-6.334453],[106.485622,-6.334315],[106.48738,-6.333696],[106.487852,-6.333584],[106.488333,-6.333544],[106.488999,-6.333608],[106.489688,-6.333833],[106.489994,-6.333987],[106.490422,-6.334298],[106.490772,-6.334655],[106.490972,-6.334925],[106.491519,-6.335954]]},"properties":{"layer_id":"mobilitas","jenis":"krl","nama":"KRL Lin Rangkas","sumber":"OSM","atribut":{"lin":"rangkas"}}},{"type":"Feature","geometry":{"type":"LineString","coordinates":[[106.493349,-6.339498],[106.491859,-6.336546]]},"properties":{"layer_id":"mobilitas","jenis":"krl","nama":"KRL Lin Rangkas","sumber":"OSM","atribut":{"lin":"rangkas"}}},{"type":"Feature","geometry":{"type":"LineString","coordinates":[[106.491519,-6.335954],[106.493718,-6.340316]]},"properties":{"layer_id":"mobilitas","jenis":"krl","nama":"KRL Lin Rangkas","sumber":"OSM","atribut":{"lin":"rangkas"}}},{"type":"Feature","geometry":{"type":"LineString","coordinates":[[106.510529,-6.354817],[106.508763,-6.353663]]},"properties":{"layer_id":"mobilitas","jenis":"krl","nama":"KRL Lin Rangkas","sumber":"OSM","atribut":{"lin":"rangkas"}}},{"type":"Feature","geometry":{"type":"LineString","coordinates":[[106.508739,-6.353688],[106.510504,-6.354845]]},"properties":{"layer_id":"mobilitas","jenis":"krl","nama":"KRL Lin Rangkas","sumber":"OSM","atribut":{"lin":"rangkas"}}},{"type":"Feature","geometry":{"type":"LineString","coordinates":[[106.641777,-6.32438],[106.643455,-6.323564],[106.643803,-6.323442],[106.644096,-6.323385]]},"properties":{"layer_id":"mobilitas","jenis":"krl","nama":"KRL Lin Rangkas","sumber":"OSM","atribut":{"lin":"rangkas"}}},{"type":"Feature","geometry":{"type":"LineString","coordinates":[[106.644095,-6.323354],[106.6438,-6.323411],[106.643446,-6.323525],[106.641766,-6.324351]]},"properties":{"layer_id":"mobilitas","jenis":"krl","nama":"KRL Lin Rangkas","sumber":"OSM","atribut":{"lin":"rangkas"}}},{"type":"Feature","geometry":{"type":"LineString","coordinates":[[106.6415,-6.324488],[106.640183,-6.325162]]},"properties":{"layer_id":"mobilitas","jenis":"krl","nama":"KRL Lin Rangkas","sumber":"OSM","atribut":{"lin":"rangkas"}}},{"type":"Feature","geometry":{"type":"LineString","coordinates":[[106.640193,-6.325191],[106.641517,-6.324515]]},"properties":{"layer_id":"mobilitas","jenis":"krl","nama":"KRL Lin Rangkas","sumber":"OSM","atribut":{"lin":"rangkas"}}},{"type":"Feature","geometry":{"type":"LineString","coordinates":[[106.663789,-6.320192],[106.665474,-6.320179]]},"properties":{"layer_id":"mobilitas","jenis":"krl","nama":"KRL Lin Rangkas","sumber":"OSM","atribut":{"lin":"rangkas"}}},{"type":"Feature","geometry":{"type":"LineString","coordinates":[[106.665477,-6.320142],[106.664186,-6.320159]]},"properties":{"layer_id":"mobilitas","jenis":"krl","nama":"KRL Lin Rangkas","sumber":"OSM","atribut":{"lin":"rangkas"}}},{"type":"Feature","geometry":{"type":"LineString","coordinates":[[106.665474,-6.320179],[106.665714,-6.320178]]},"properties":{"layer_id":"mobilitas","jenis":"krl","nama":"KRL Lin Rangkas","sumber":"OSM","atribut":{"lin":"rangkas"}}},{"type":"Feature","geometry":{"type":"LineString","coordinates":[[106.665713,-6.32014],[106.665477,-6.320142]]},"properties":{"layer_id":"mobilitas","jenis":"krl","nama":"KRL Lin Rangkas","sumber":"OSM","atribut":{"lin":"rangkas"}}},{"type":"Feature","geometry":{"type":"LineString","coordinates":[[106.745208,-6.276332],[106.748319,-6.273842],[106.749583,-6.272682],[106.750256,-6.271973]]},"properties":{"layer_id":"mobilitas","jenis":"krl","nama":"KRL Lin Rangkas","sumber":"OSM","atribut":{"lin":"rangkas"}}},{"type":"Feature","geometry":{"type":"LineString","coordinates":[[106.750228,-6.271949],[106.749512,-6.272692],[106.748215,-6.273887],[106.745183,-6.276306]]},"properties":{"layer_id":"mobilitas","jenis":"krl","nama":"KRL Lin Rangkas","sumber":"OSM","atribut":{"lin":"rangkas"}}},{"type":"Feature","geometry":{"type":"LineString","coordinates":[[106.745183,-6.276306],[106.742188,-6.278689]]},"properties":{"layer_id":"mobilitas","jenis":"krl","nama":"KRL Lin Rangkas","sumber":"OSM","atribut":{"lin":"rangkas"}}},{"type":"Feature","geometry":{"type":"LineString","coordinates":[[106.742212,-6.27873],[106.745208,-6.276332]]},"properties":{"layer_id":"mobilitas","jenis":"krl","nama":"KRL Lin Rangkas","sumber":"OSM","atribut":{"lin":"rangkas"}}},{"type":"Feature","geometry":{"type":"LineString","coordinates":[[106.750473,-6.271744],[106.754161,-6.267963]]},"properties":{"layer_id":"mobilitas","jenis":"krl","nama":"KRL Lin Rangkas","sumber":"OSM","atribut":{"lin":"rangkas"}}},{"type":"Feature","geometry":{"type":"LineString","coordinates":[[106.754161,-6.267963],[106.754305,-6.267821]]},"properties":{"layer_id":"mobilitas","jenis":"krl","nama":"KRL Lin Rangkas","sumber":"OSM","atribut":{"lin":"rangkas"}}},{"type":"Feature","geometry":{"type":"LineString","coordinates":[[106.75418,-6.267886],[106.750448,-6.271718]]},"properties":{"layer_id":"mobilitas","jenis":"krl","nama":"KRL Lin Rangkas","sumber":"OSM","atribut":{"lin":"rangkas"}}},{"type":"Feature","geometry":{"type":"LineString","coordinates":[[106.754278,-6.267787],[106.75418,-6.267886]]},"properties":{"layer_id":"mobilitas","jenis":"krl","nama":"KRL Lin Rangkas","sumber":"OSM","atribut":{"lin":"rangkas"}}},{"type":"Feature","geometry":{"type":"LineString","coordinates":[[106.811027,-6.187895],[106.810999,-6.186825]]},"properties":{"layer_id":"mobilitas","jenis":"krl","nama":"KRL Lin Rangkas","sumber":"OSM","atribut":{"lin":"rangkas"}}},{"type":"Feature","geometry":{"type":"LineString","coordinates":[[106.810985,-6.18548],[106.810993,-6.185549]]},"properties":{"layer_id":"mobilitas","jenis":"krl","nama":"KRL Lin Cikarang","sumber":"OSM","atribut":{"lin":"cikarang"}}},{"type":"Feature","geometry":{"type":"LineString","coordinates":[[106.810985,-6.18548],[106.810873,-6.184246]]},"properties":{"layer_id":"mobilitas","jenis":"krl","nama":"KRL Lin Cikarang","sumber":"OSM","atribut":{"lin":"cikarang"}}},{"type":"Feature","geometry":{"type":"LineString","coordinates":[[106.810622,-6.182506],[106.810532,-6.182219],[106.81039,-6.180828]]},"properties":{"layer_id":"mobilitas","jenis":"krl","nama":"KRL Lin Cikarang","sumber":"OSM","atribut":{"lin":"cikarang"}}},{"type":"Feature","geometry":{"type":"LineString","coordinates":[[106.810638,-6.18353],[106.810677,-6.183904]]},"properties":{"layer_id":"mobilitas","jenis":"krl","nama":"KRL lintas lain","sumber":"OSM","atribut":{"lin":"lain"}}},{"type":"Feature","geometry":{"type":"LineString","coordinates":[[106.810992,-6.186765],[106.810999,-6.186825]]},"properties":{"layer_id":"mobilitas","jenis":"krl","nama":"KRL Lin Cikarang","sumber":"OSM","atribut":{"lin":"cikarang"}}},{"type":"Feature","geometry":{"type":"LineString","coordinates":[[106.908248,-6.465448],[106.908352,-6.465396]]},"properties":{"layer_id":"mobilitas","jenis":"krl","nama":"KRL Lin Bogor","sumber":"OSM","atribut":{"lin":"bogor"}}},{"type":"Feature","geometry":{"type":"LineString","coordinates":[[106.801584,-6.452486],[106.801509,-6.4528]]},"properties":{"layer_id":"mobilitas","jenis":"krl","nama":"KRL Lin Bogor","sumber":"OSM","atribut":{"lin":"bogor"}}},{"type":"Feature","geometry":{"type":"LineString","coordinates":[[106.618165,-6.329981],[106.616651,-6.330584],[106.615964,-6.33095],[106.614041,-6.332553],[106.613404,-6.332996],[106.612662,-6.33342],[106.611745,-6.333796],[106.610845,-6.334063],[106.607722,-6.334731]]},"properties":{"layer_id":"mobilitas","jenis":"krl","nama":"KRL Lin Rangkas","sumber":"OSM","atribut":{"lin":"rangkas"}}},{"type":"Feature","geometry":{"type":"LineString","coordinates":[[106.607738,-6.334764],[106.611097,-6.33403],[106.611753,-6.333828],[106.612666,-6.333454],[106.613011,-6.333281],[106.613899,-6.332706],[106.615842,-6.331081],[106.616089,-6.330914],[106.616493,-6.330696],[106.618178,-6.330011]]},"properties":{"layer_id":"mobilitas","jenis":"krl","nama":"KRL Lin Rangkas","sumber":"OSM","atribut":{"lin":"rangkas"}}},{"type":"Feature","geometry":{"type":"LineString","coordinates":[[106.607722,-6.334731],[106.605557,-6.335192]]},"properties":{"layer_id":"mobilitas","jenis":"krl","nama":"KRL Lin Rangkas","sumber":"OSM","atribut":{"lin":"rangkas"}}},{"type":"Feature","geometry":{"type":"LineString","coordinates":[[106.60556,-6.335232],[106.607738,-6.334764]]},"properties":{"layer_id":"mobilitas","jenis":"krl","nama":"KRL Lin Rangkas","sumber":"OSM","atribut":{"lin":"rangkas"}}},{"type":"Feature","geometry":{"type":"LineString","coordinates":[[106.566019,-6.344087],[106.564711,-6.344018],[106.56377,-6.344052]]},"properties":{"layer_id":"mobilitas","jenis":"krl","nama":"KRL Lin Rangkas","sumber":"OSM","atribut":{"lin":"rangkas"}}},{"type":"Feature","geometry":{"type":"LineString","coordinates":[[106.847797,-6.207437],[106.847491,-6.207035]]},"properties":{"layer_id":"mobilitas","jenis":"krl","nama":"KRL Lin Cikarang","sumber":"OSM","atribut":{"lin":"cikarang"}}},{"type":"Feature","geometry":{"type":"LineString","coordinates":[[106.847934,-6.207679],[106.84777,-6.207461]]},"properties":{"layer_id":"mobilitas","jenis":"krl","nama":"KRL Lin Cikarang","sumber":"OSM","atribut":{"lin":"cikarang"}}},{"type":"Feature","geometry":{"type":"LineString","coordinates":[[106.847934,-6.207679],[106.848036,-6.207797]]},"properties":{"layer_id":"mobilitas","jenis":"krl","nama":"KRL Lin Cikarang","sumber":"OSM","atribut":{"lin":"cikarang"}}},{"type":"Feature","geometry":{"type":"LineString","coordinates":[[106.848288,-6.208084],[106.8483,-6.2081]]},"properties":{"layer_id":"mobilitas","jenis":"krl","nama":"KRL Lin Cikarang","sumber":"OSM","atribut":{"lin":"cikarang"}}},{"type":"Feature","geometry":{"type":"LineString","coordinates":[[106.848027,-6.207802],[106.847934,-6.207679]]},"properties":{"layer_id":"mobilitas","jenis":"krl","nama":"KRL lintas lain","sumber":"OSM","atribut":{"lin":"lain"}}},{"type":"Feature","geometry":{"type":"LineString","coordinates":[[106.848273,-6.208066],[106.848288,-6.208084]]},"properties":{"layer_id":"mobilitas","jenis":"krl","nama":"KRL Lin Cikarang","sumber":"OSM","atribut":{"lin":"cikarang"}}},{"type":"Feature","geometry":{"type":"LineString","coordinates":[[106.849883,-6.21082],[106.850094,-6.211096]]},"properties":{"layer_id":"mobilitas","jenis":"krl","nama":"KRL lintas lain","sumber":"OSM","atribut":{"lin":"lain"}}},{"type":"Feature","geometry":{"type":"LineString","coordinates":[[106.850669,-6.211649],[106.849981,-6.210746]]},"properties":{"layer_id":"mobilitas","jenis":"krl","nama":"KRL Lin Bogor","sumber":"OSM","atribut":{"lin":"bogor"}}},{"type":"Feature","geometry":{"type":"LineString","coordinates":[[106.850011,-6.210724],[106.850698,-6.211626]]},"properties":{"layer_id":"mobilitas","jenis":"krl","nama":"KRL Lin Bogor","sumber":"OSM","atribut":{"lin":"bogor"}}},{"type":"Feature","geometry":{"type":"LineString","coordinates":[[106.84941,-6.209931],[106.850011,-6.210724]]},"properties":{"layer_id":"mobilitas","jenis":"krl","nama":"KRL Lin Bogor","sumber":"OSM","atribut":{"lin":"bogor"}}},{"type":"Feature","geometry":{"type":"LineString","coordinates":[[106.849981,-6.210746],[106.849381,-6.209952]]},"properties":{"layer_id":"mobilitas","jenis":"krl","nama":"KRL Lin Bogor","sumber":"OSM","atribut":{"lin":"bogor"}}},{"type":"Feature","geometry":{"type":"LineString","coordinates":[[106.849621,-6.209765],[106.849896,-6.210127]]},"properties":{"layer_id":"mobilitas","jenis":"krl","nama":"KRL Lin Cikarang","sumber":"OSM","atribut":{"lin":"cikarang"}}},{"type":"Feature","geometry":{"type":"LineString","coordinates":[[106.849924,-6.210103],[106.849649,-6.209743]]},"properties":{"layer_id":"mobilitas","jenis":"krl","nama":"KRL Lin Cikarang","sumber":"OSM","atribut":{"lin":"cikarang"}}},{"type":"Feature","geometry":{"type":"LineString","coordinates":[[106.849896,-6.210127],[106.850231,-6.210568]]},"properties":{"layer_id":"mobilitas","jenis":"krl","nama":"KRL Lin Cikarang","sumber":"OSM","atribut":{"lin":"cikarang"}}},{"type":"Feature","geometry":{"type":"LineString","coordinates":[[106.850257,-6.210544],[106.849924,-6.210103]]},"properties":{"layer_id":"mobilitas","jenis":"krl","nama":"KRL Lin Cikarang","sumber":"OSM","atribut":{"lin":"cikarang"}}},{"type":"Feature","geometry":{"type":"LineString","coordinates":[[106.848582,-6.208613],[106.848714,-6.208893]]},"properties":{"layer_id":"mobilitas","jenis":"krl","nama":"KRL lintas lain","sumber":"OSM","atribut":{"lin":"lain"}}},{"type":"Feature","geometry":{"type":"LineString","coordinates":[[106.868909,-6.215078],[106.869976,-6.215094]]},"properties":{"layer_id":"mobilitas","jenis":"krl","nama":"KRL Lin Cikarang","sumber":"OSM","atribut":{"lin":"cikarang"}}},{"type":"Feature","geometry":{"type":"LineString","coordinates":[[106.869974,-6.215019],[106.869276,-6.215015]]},"properties":{"layer_id":"mobilitas","jenis":"krl","nama":"KRL Lin Cikarang","sumber":"OSM","atribut":{"lin":"cikarang"}}},{"type":"Feature","geometry":{"type":"LineString","coordinates":[[106.8706,-6.215021],[106.869974,-6.215019]]},"properties":{"layer_id":"mobilitas","jenis":"krl","nama":"KRL Lin Cikarang","sumber":"OSM","atribut":{"lin":"cikarang"}}},{"type":"Feature","geometry":{"type":"LineString","coordinates":[[106.869976,-6.215094],[106.870599,-6.215098]]},"properties":{"layer_id":"mobilitas","jenis":"krl","nama":"KRL Lin Cikarang","sumber":"OSM","atribut":{"lin":"cikarang"}}},{"type":"Feature","geometry":{"type":"LineString","coordinates":[[106.869975,-6.214732],[106.869526,-6.214745]]},"properties":{"layer_id":"mobilitas","jenis":"krl","nama":"KRL Lin Cikarang","sumber":"OSM","atribut":{"lin":"cikarang"}}},{"type":"Feature","geometry":{"type":"LineString","coordinates":[[106.869642,-6.214773],[106.869971,-6.21476]]},"properties":{"layer_id":"mobilitas","jenis":"krl","nama":"KRL Lin Cikarang","sumber":"OSM","atribut":{"lin":"cikarang"}}},{"type":"Feature","geometry":{"type":"LineString","coordinates":[[106.870598,-6.214731],[106.869975,-6.214732]]},"properties":{"layer_id":"mobilitas","jenis":"krl","nama":"KRL Lin Cikarang","sumber":"OSM","atribut":{"lin":"cikarang"}}},{"type":"Feature","geometry":{"type":"LineString","coordinates":[[106.869971,-6.21476],[106.870601,-6.214756]]},"properties":{"layer_id":"mobilitas","jenis":"krl","nama":"KRL Lin Cikarang","sumber":"OSM","atribut":{"lin":"cikarang"}}},{"type":"Feature","geometry":{"type":"LineString","coordinates":[[106.999337,-6.23668],[107.000553,-6.237419]]},"properties":{"layer_id":"mobilitas","jenis":"krl","nama":"KRL Lin Cikarang","sumber":"OSM","atribut":{"lin":"cikarang"}}},{"type":"Feature","geometry":{"type":"LineString","coordinates":[[107.000573,-6.237389],[106.999357,-6.236651]]},"properties":{"layer_id":"mobilitas","jenis":"krl","nama":"KRL Lin Cikarang","sumber":"OSM","atribut":{"lin":"cikarang"}}},{"type":"Feature","geometry":{"type":"LineString","coordinates":[[106.999357,-6.236651],[106.998845,-6.236327]]},"properties":{"layer_id":"mobilitas","jenis":"krl","nama":"KRL Lin Cikarang","sumber":"OSM","atribut":{"lin":"cikarang"}}},{"type":"Feature","geometry":{"type":"LineString","coordinates":[[106.998829,-6.236359],[106.999337,-6.23668]]},"properties":{"layer_id":"mobilitas","jenis":"krl","nama":"KRL Lin Cikarang","sumber":"OSM","atribut":{"lin":"cikarang"}}},{"type":"Feature","geometry":{"type":"LineString","coordinates":[[107.016949,-6.246381],[107.01795,-6.246787]]},"properties":{"layer_id":"mobilitas","jenis":"krl","nama":"KRL Lin Cikarang","sumber":"OSM","atribut":{"lin":"cikarang"}}},{"type":"Feature","geometry":{"type":"LineString","coordinates":[[107.017981,-6.246703],[107.016976,-6.246315]]},"properties":{"layer_id":"mobilitas","jenis":"krl","nama":"KRL Lin Cikarang","sumber":"OSM","atribut":{"lin":"cikarang"}}},{"type":"Feature","geometry":{"type":"LineString","coordinates":[[107.018255,-6.246806],[107.017981,-6.246703]]},"properties":{"layer_id":"mobilitas","jenis":"krl","nama":"KRL Lin Cikarang","sumber":"OSM","atribut":{"lin":"cikarang"}}},{"type":"Feature","geometry":{"type":"LineString","coordinates":[[107.01795,-6.246787],[107.018223,-6.246893]]},"properties":{"layer_id":"mobilitas","jenis":"krl","nama":"KRL Lin Cikarang","sumber":"OSM","atribut":{"lin":"cikarang"}}},{"type":"Feature","geometry":{"type":"LineString","coordinates":[[107.030247,-6.251392],[107.019255,-6.247188]]},"properties":{"layer_id":"mobilitas","jenis":"krl","nama":"KRL Lin Cikarang","sumber":"OSM","atribut":{"lin":"cikarang"}}},{"type":"Feature","geometry":{"type":"LineString","coordinates":[[107.030326,-6.251423],[107.030247,-6.251392]]},"properties":{"layer_id":"mobilitas","jenis":"krl","nama":"KRL Lin Cikarang","sumber":"OSM","atribut":{"lin":"cikarang"}}},{"type":"Feature","geometry":{"type":"LineString","coordinates":[[107.019218,-6.247259],[107.020661,-6.247767],[107.030234,-6.251428]]},"properties":{"layer_id":"mobilitas","jenis":"krl","nama":"KRL Lin Cikarang","sumber":"OSM","atribut":{"lin":"cikarang"}}},{"type":"Feature","geometry":{"type":"LineString","coordinates":[[107.030234,-6.251428],[107.030315,-6.251459]]},"properties":{"layer_id":"mobilitas","jenis":"krl","nama":"KRL Lin Cikarang","sumber":"OSM","atribut":{"lin":"cikarang"}}},{"type":"Feature","geometry":{"type":"LineString","coordinates":[[107.053713,-6.258021],[107.054655,-6.258316],[107.055685,-6.258594]]},"properties":{"layer_id":"mobilitas","jenis":"krl","nama":"KRL Lin Cikarang","sumber":"OSM","atribut":{"lin":"cikarang"}}},{"type":"Feature","geometry":{"type":"LineString","coordinates":[[107.055685,-6.258594],[107.05596,-6.258668]]},"properties":{"layer_id":"mobilitas","jenis":"krl","nama":"KRL Lin Cikarang","sumber":"OSM","atribut":{"lin":"cikarang"}}},{"type":"Feature","geometry":{"type":"LineString","coordinates":[[107.083532,-6.261816],[107.083237,-6.261863]]},"properties":{"layer_id":"mobilitas","jenis":"krl","nama":"KRL Lin Cikarang","sumber":"OSM","atribut":{"lin":"cikarang"}}},{"type":"Feature","geometry":{"type":"LineString","coordinates":[[107.083179,-6.261946],[107.083542,-6.261896]]},"properties":{"layer_id":"mobilitas","jenis":"krl","nama":"KRL Lin Cikarang","sumber":"OSM","atribut":{"lin":"cikarang"}}},{"type":"Feature","geometry":{"type":"LineString","coordinates":[[107.083542,-6.261896],[107.083777,-6.261864]]},"properties":{"layer_id":"mobilitas","jenis":"krl","nama":"KRL Lin Cikarang","sumber":"OSM","atribut":{"lin":"cikarang"}}},{"type":"Feature","geometry":{"type":"LineString","coordinates":[[107.083756,-6.261781],[107.083532,-6.261816]]},"properties":{"layer_id":"mobilitas","jenis":"krl","nama":"KRL Lin Cikarang","sumber":"OSM","atribut":{"lin":"cikarang"}}},{"type":"Feature","geometry":{"type":"LineString","coordinates":[[106.769276,-6.28943],[106.768906,-6.289527],[106.76858,-6.289656],[106.767549,-6.290192],[106.76703,-6.290571]]},"properties":{"layer_id":"mobilitas","jenis":"mrt","nama":"MRT North-South Line (Lebak Bulus → Bundaran HI)","sumber":"OSM","atribut":{}}},{"type":"Feature","geometry":{"type":"LineString","coordinates":[[106.771351,-6.289306],[106.769872,-6.289322],[106.769276,-6.28943]]},"properties":{"layer_id":"mobilitas","jenis":"mrt","nama":"MRT North-South Line (Lebak Bulus → Bundaran HI)","sumber":"OSM","atribut":{}}},{"type":"Feature","geometry":{"type":"LineString","coordinates":[[106.771351,-6.289306],[106.772305,-6.289246],[106.776065,-6.289311],[106.777227,-6.289166],[106.777717,-6.289188],[106.777941,-6.289232],[106.778245,-6.28932],[106.778571,-6.289466],[106.780093,-6.290436],[106.780628,-6.290708],[106.782436,-6.29131],[106.78557,-6.292252],[106.786085,-6.292363],[106.786515,-6.292416],[106.787418,-6.292434],[106.793627,-6.292485],[106.793905,-6.292451],[106.794125,-6.292386],[106.794515,-6.292182],[106.794836,-6.291894],[106.795082,-6.291512],[106.795216,-6.291091],[106.795388,-6.289325],[106.795371,-6.288367],[106.795417,-6.287877],[106.795775,-6.286012],[106.795931,-6.284771],[106.796109,-6.282101],[106.796382,-6.281062],[106.796564,-6.280497],[106.796965,-6.279615],[106.797113,-6.279193]]},"properties":{"layer_id":"mobilitas","jenis":"mrt","nama":"MRT North-South Line (Lebak Bulus → Bundaran HI)","sumber":"OSM","atribut":{}}},{"type":"Feature","geometry":{"type":"LineString","coordinates":[[106.797113,-6.279193],[106.797555,-6.277632]]},"properties":{"layer_id":"mobilitas","jenis":"mrt","nama":"MRT North-South Line (Lebak Bulus → Bundaran HI)","sumber":"OSM","atribut":{}}},{"type":"Feature","geometry":{"type":"LineString","coordinates":[[106.797555,-6.277632],[106.797704,-6.277008],[106.797759,-6.276366],[106.797655,-6.272846],[106.797309,-6.267642],[106.7974,-6.265499],[106.797384,-6.264705],[106.797334,-6.264302],[106.797242,-6.263938],[106.796672,-6.262043],[106.796633,-6.261539],[106.796958,-6.257812],[106.797295,-6.25448],[106.79758,-6.249501],[106.797975,-6.246587],[106.798203,-6.245424],[106.798238,-6.244917],[106.798238,-6.243223],[106.798315,-6.242664],[106.798447,-6.242046],[106.798474,-6.241724],[106.798484,-6.233667]]},"properties":{"layer_id":"mobilitas","jenis":"mrt","nama":"MRT North-South Line (Lebak Bulus → Bundaran HI)","sumber":"OSM","atribut":{}}},{"type":"Feature","geometry":{"type":"LineString","coordinates":[[106.798484,-6.233667],[106.798484,-6.233024]]},"properties":{"layer_id":"mobilitas","jenis":"mrt","nama":"MRT North-South Line (Lebak Bulus → Bundaran HI)","sumber":"OSM","atribut":{}}},{"type":"Feature","geometry":{"type":"LineString","coordinates":[[106.798484,-6.233024],[106.798518,-6.231761],[106.798594,-6.231303],[106.798851,-6.230428]]},"properties":{"layer_id":"mobilitas","jenis":"mrt","nama":"MRT North-South Line (Lebak Bulus → Bundaran HI)","sumber":"OSM","atribut":{}}},{"type":"Feature","geometry":{"type":"LineString","coordinates":[[106.798851,-6.230428],[106.799172,-6.229753],[106.799586,-6.229141],[106.799963,-6.228747],[106.800699,-6.228125]]},"properties":{"layer_id":"mobilitas","jenis":"mrt","nama":"MRT North-South Line (Lebak Bulus → Bundaran HI)","sumber":"OSM","atribut":{}}},{"type":"Feature","geometry":{"type":"LineString","coordinates":[[106.800699,-6.228125],[106.802524,-6.226784],[106.802998,-6.226379],[106.804648,-6.225192],[106.806058,-6.224121],[106.808665,-6.222442],[106.817037,-6.215857],[106.817995,-6.215063],[106.818507,-6.214601],[106.818847,-6.214244],[106.819213,-6.21382],[106.819643,-6.213245],[106.820022,-6.21264],[106.821247,-6.210248],[106.821557,-6.209586],[106.821848,-6.208857],[106.822092,-6.20773],[106.822298,-6.205852],[106.822417,-6.203603],[106.822483,-6.202938],[106.822597,-6.202106],[106.823146,-6.19895],[106.823188,-6.198464],[106.823111,-6.193364],[106.823039,-6.191026]]},"properties":{"layer_id":"mobilitas","jenis":"mrt","nama":"MRT North-South Line (Lebak Bulus → Bundaran HI)","sumber":"OSM","atribut":{}}},{"type":"Feature","geometry":{"type":"LineString","coordinates":[[106.822949,-6.191027],[106.822966,-6.193359],[106.823101,-6.198477],[106.823069,-6.198913],[106.82296,-6.199654],[106.822501,-6.202089],[106.822327,-6.203619],[106.822239,-6.205216],[106.821969,-6.2077],[106.821727,-6.20879],[106.821434,-6.209537],[106.820423,-6.211576],[106.819889,-6.212576],[106.819514,-6.213184],[106.819047,-6.21382],[106.818415,-6.214513],[106.817906,-6.214985],[106.811643,-6.219974],[106.808578,-6.222334],[106.805997,-6.224003],[106.804542,-6.225079],[106.800661,-6.228086]]},"properties":{"layer_id":"mobilitas","jenis":"mrt","nama":"North-South Line (Bundaran HI → Lebak Bulus)","sumber":"OSM","atribut":{}}},{"type":"Feature","geometry":{"type":"LineString","coordinates":[[106.800661,-6.228086],[106.799712,-6.228927],[106.799537,-6.229124],[106.79914,-6.229717],[106.798806,-6.230411]]},"properties":{"layer_id":"mobilitas","jenis":"mrt","nama":"North-South Line (Bundaran HI → Lebak Bulus)","sumber":"OSM","atribut":{}}},{"type":"Feature","geometry":{"type":"LineString","coordinates":[[106.798806,-6.230411],[106.798544,-6.231285],[106.798465,-6.231758],[106.798433,-6.232202],[106.798432,-6.233024]]},"properties":{"layer_id":"mobilitas","jenis":"mrt","nama":"North-South Line (Bundaran HI → Lebak Bulus)","sumber":"OSM","atribut":{}}},{"type":"Feature","geometry":{"type":"LineString","coordinates":[[106.798432,-6.233024],[106.798433,-6.233668]]},"properties":{"layer_id":"mobilitas","jenis":"mrt","nama":"North-South Line (Bundaran HI → Lebak Bulus)","sumber":"OSM","atribut":{}}},{"type":"Feature","geometry":{"type":"LineString","coordinates":[[106.798433,-6.233668],[106.798429,-6.241716],[106.79834,-6.242255],[106.798135,-6.242909],[106.798042,-6.243314],[106.797995,-6.245417],[106.79793,-6.24643],[106.797518,-6.249768],[106.797252,-6.254478],[106.796957,-6.257358],[106.796588,-6.261545],[106.796631,-6.262051],[106.797294,-6.264311],[106.797343,-6.264717],[106.797347,-6.265862],[106.79727,-6.267423],[106.797287,-6.26826],[106.797615,-6.272848],[106.797718,-6.276368],[106.797661,-6.277003],[106.797516,-6.277616]]},"properties":{"layer_id":"mobilitas","jenis":"mrt","nama":"North-South Line (Bundaran HI → Lebak Bulus)","sumber":"OSM","atribut":{}}},{"type":"Feature","geometry":{"type":"LineString","coordinates":[[106.797516,-6.277616],[106.797072,-6.279181]]},"properties":{"layer_id":"mobilitas","jenis":"mrt","nama":"North-South Line (Bundaran HI → Lebak Bulus)","sumber":"OSM","atribut":{}}},{"type":"Feature","geometry":{"type":"LineString","coordinates":[[106.797072,-6.279181],[106.797003,-6.279414],[106.796528,-6.280484],[106.79643,-6.280767],[106.79607,-6.282102],[106.79589,-6.284772],[106.795736,-6.286009],[106.795401,-6.287725],[106.795325,-6.288343],[106.795337,-6.289329],[106.795161,-6.291083],[106.795031,-6.291488],[106.794927,-6.291692],[106.79479,-6.29187],[106.794469,-6.292158],[106.794102,-6.292343],[106.793889,-6.292407],[106.793623,-6.29244],[106.786514,-6.292381],[106.785586,-6.292217],[106.781111,-6.29085],[106.780658,-6.290674],[106.780099,-6.290387],[106.778587,-6.289429],[106.77826,-6.289284],[106.777721,-6.289146],[106.777457,-6.289122],[106.77693,-6.289144],[106.776071,-6.289269],[106.772303,-6.289203],[106.771351,-6.289306]]},"properties":{"layer_id":"mobilitas","jenis":"mrt","nama":"North-South Line (Bundaran HI → Lebak Bulus)","sumber":"OSM","atribut":{}}},{"type":"Feature","geometry":{"type":"LineString","coordinates":[[106.771351,-6.289306],[106.769872,-6.289322],[106.769276,-6.28943]]},"properties":{"layer_id":"mobilitas","jenis":"mrt","nama":"North-South Line (Bundaran HI → Lebak Bulus)","sumber":"OSM","atribut":{}}},{"type":"Feature","geometry":{"type":"LineString","coordinates":[[106.769276,-6.28943],[106.768906,-6.289527],[106.76858,-6.289656],[106.767549,-6.290192],[106.76703,-6.290571]]},"properties":{"layer_id":"mobilitas","jenis":"mrt","nama":"North-South Line (Bundaran HI → Lebak Bulus)","sumber":"OSM","atribut":{}}},{"type":"Feature","geometry":{"type":"LineString","coordinates":[[106.845904,-6.208748],[106.846242,-6.208854]]},"properties":{"layer_id":"mobilitas","jenis":"lrt","nama":"Lin Selatan: Manggarai → Kelapa Gading","sumber":"OSM","atribut":{}}},{"type":"Feature","geometry":{"type":"LineString","coordinates":[[106.846242,-6.208854],[106.846471,-6.208913],[106.846803,-6.208939],[106.847183,-6.208894],[106.847458,-6.208801],[106.847772,-6.208614],[106.847961,-6.208448],[106.848224,-6.208087]]},"properties":{"layer_id":"mobilitas","jenis":"lrt","nama":"Lin Selatan: Manggarai → Kelapa Gading","sumber":"OSM","atribut":{}}},{"type":"Feature","geometry":{"type":"LineString","coordinates":[[106.848224,-6.208087],[106.84853,-6.207461]]},"properties":{"layer_id":"mobilitas","jenis":"lrt","nama":"Lin Selatan: Manggarai → Kelapa Gading","sumber":"OSM","atribut":{}}},{"type":"Feature","geometry":{"type":"LineString","coordinates":[[106.84853,-6.207461],[106.848704,-6.207003],[106.848833,-6.206486]]},"properties":{"layer_id":"mobilitas","jenis":"lrt","nama":"Lin Selatan: Manggarai → Kelapa Gading","sumber":"OSM","atribut":{}}},{"type":"Feature","geometry":{"type":"LineString","coordinates":[[106.848833,-6.206486],[106.849363,-6.203554]]},"properties":{"layer_id":"mobilitas","jenis":"lrt","nama":"Lin Selatan: Manggarai → Kelapa Gading","sumber":"OSM","atribut":{}}},{"type":"Feature","geometry":{"type":"LineString","coordinates":[[106.849363,-6.203554],[106.849496,-6.202788]]},"properties":{"layer_id":"mobilitas","jenis":"lrt","nama":"Lin Selatan: Manggarai → Kelapa Gading","sumber":"OSM","atribut":{}}},{"type":"Feature","geometry":{"type":"LineString","coordinates":[[106.849496,-6.202788],[106.84956,-6.202619],[106.8498,-6.202415]]},"properties":{"layer_id":"mobilitas","jenis":"lrt","nama":"Lin Selatan: Manggarai → Kelapa Gading","sumber":"OSM","atribut":{}}},{"type":"Feature","geometry":{"type":"LineString","coordinates":[[106.8498,-6.202415],[106.850703,-6.201833]]},"properties":{"layer_id":"mobilitas","jenis":"lrt","nama":"Lin Selatan: Manggarai → Kelapa Gading","sumber":"OSM","atribut":{}}},{"type":"Feature","geometry":{"type":"LineString","coordinates":[[106.850703,-6.201833],[106.851273,-6.201621]]},"properties":{"layer_id":"mobilitas","jenis":"lrt","nama":"Lin Selatan: Manggarai → Kelapa Gading","sumber":"OSM","atribut":{}}},{"type":"Feature","geometry":{"type":"LineString","coordinates":[[106.851273,-6.201621],[106.85162,-6.201435],[106.852024,-6.201155]]},"properties":{"layer_id":"mobilitas","jenis":"lrt","nama":"Lin Selatan: Manggarai → Kelapa Gading","sumber":"OSM","atribut":{}}},{"type":"Feature","geometry":{"type":"LineString","coordinates":[[106.852024,-6.201155],[106.854411,-6.199146],[106.855784,-6.19811]]},"properties":{"layer_id":"mobilitas","jenis":"lrt","nama":"Lin Selatan: Manggarai → Kelapa Gading","sumber":"OSM","atribut":{}}},{"type":"Feature","geometry":{"type":"LineString","coordinates":[[106.855784,-6.19811],[106.856022,-6.197929],[106.856496,-6.197477],[106.85688,-6.197186]]},"properties":{"layer_id":"mobilitas","jenis":"lrt","nama":"Lin Selatan: Manggarai → Kelapa Gading","sumber":"OSM","atribut":{}}},{"type":"Feature","geometry":{"type":"LineString","coordinates":[[106.85688,-6.197186],[106.859625,-6.195351]]},"properties":{"layer_id":"mobilitas","jenis":"lrt","nama":"Lin Selatan: Manggarai → Kelapa Gading","sumber":"OSM","atribut":{}}},{"type":"Feature","geometry":{"type":"LineString","coordinates":[[106.859625,-6.195351],[106.860426,-6.194807]]},"properties":{"layer_id":"mobilitas","jenis":"lrt","nama":"Lin Selatan: Manggarai → Kelapa Gading","sumber":"OSM","atribut":{}}},{"type":"Feature","geometry":{"type":"LineString","coordinates":[[106.860426,-6.194807],[106.861639,-6.194003],[106.862729,-6.193413],[106.86325,-6.193182],[106.863907,-6.192946],[106.864447,-6.192792],[106.865164,-6.192638],[106.866049,-6.19251],[106.870188,-6.192093]]},"properties":{"layer_id":"mobilitas","jenis":"lrt","nama":"Lin Selatan: Manggarai → Kelapa Gading","sumber":"OSM","atribut":{}}},{"type":"Feature","geometry":{"type":"LineString","coordinates":[[106.870188,-6.192093],[106.871281,-6.191994]]},"properties":{"layer_id":"mobilitas","jenis":"lrt","nama":"Lin Selatan: Manggarai → Kelapa Gading","sumber":"OSM","atribut":{}}},{"type":"Feature","geometry":{"type":"LineString","coordinates":[[106.871281,-6.191994],[106.872453,-6.191996],[106.873224,-6.19208]]},"properties":{"layer_id":"mobilitas","jenis":"lrt","nama":"Lin Selatan: Manggarai → Kelapa Gading","sumber":"OSM","atribut":{}}},{"type":"Feature","geometry":{"type":"LineString","coordinates":[[106.873224,-6.19208],[106.874653,-6.192277]]},"properties":{"layer_id":"mobilitas","jenis":"lrt","nama":"Lin Selatan: Manggarai → Kelapa Gading","sumber":"OSM","atribut":{}}},{"type":"Feature","geometry":{"type":"LineString","coordinates":[[106.874653,-6.192277],[106.87668,-6.192561],[106.881995,-6.193108]]},"properties":{"layer_id":"mobilitas","jenis":"lrt","nama":"Lin Selatan: Manggarai → Kelapa Gading","sumber":"OSM","atribut":{}}},{"type":"Feature","geometry":{"type":"LineString","coordinates":[[106.881995,-6.193108],[106.883141,-6.193226]]},"properties":{"layer_id":"mobilitas","jenis":"lrt","nama":"Lin Selatan: Manggarai → Kelapa Gading","sumber":"OSM","atribut":{}}},{"type":"Feature","geometry":{"type":"LineString","coordinates":[[106.883141,-6.193226],[106.884066,-6.193321],[106.886137,-6.19346],[106.888044,-6.193476]]},"properties":{"layer_id":"mobilitas","jenis":"lrt","nama":"Lin Selatan: Manggarai → Kelapa Gading","sumber":"OSM","atribut":{}}},{"type":"Feature","geometry":{"type":"LineString","coordinates":[[106.888044,-6.193476],[106.890322,-6.193491]]},"properties":{"layer_id":"mobilitas","jenis":"lrt","nama":"Lin Selatan: Manggarai → Kelapa Gading","sumber":"OSM","atribut":{}}},{"type":"Feature","geometry":{"type":"LineString","coordinates":[[106.890322,-6.193491],[106.890629,-6.193485],[106.89078,-6.193452],[106.890995,-6.193327],[106.891088,-6.19323],[106.891175,-6.193072],[106.891214,-6.19264]]},"properties":{"layer_id":"mobilitas","jenis":"lrt","nama":"Lin Selatan: Manggarai → Kelapa Gading","sumber":"OSM","atribut":{}}},{"type":"Feature","geometry":{"type":"LineString","coordinates":[[106.891214,-6.19264],[106.891223,-6.191477]]},"properties":{"layer_id":"mobilitas","jenis":"lrt","nama":"Lin Selatan: Manggarai → Kelapa Gading","sumber":"OSM","atribut":{}}},{"type":"Feature","geometry":{"type":"LineString","coordinates":[[106.891223,-6.191477],[106.891228,-6.190977]]},"properties":{"layer_id":"mobilitas","jenis":"lrt","nama":"Lin Selatan: Manggarai → Kelapa Gading","sumber":"OSM","atribut":{}}},{"type":"Feature","geometry":{"type":"LineString","coordinates":[[106.891228,-6.190977],[106.89116,-6.188379],[106.891181,-6.185834],[106.89122,-6.18505],[106.891333,-6.18389]]},"properties":{"layer_id":"mobilitas","jenis":"lrt","nama":"Lin Selatan: Manggarai → Kelapa Gading","sumber":"OSM","atribut":{}}},{"type":"Feature","geometry":{"type":"LineString","coordinates":[[106.891333,-6.18389],[106.891417,-6.183169]]},"properties":{"layer_id":"mobilitas","jenis":"lrt","nama":"Lin Selatan: Manggarai → Kelapa Gading","sumber":"OSM","atribut":{}}},{"type":"Feature","geometry":{"type":"LineString","coordinates":[[106.891417,-6.183169],[106.891586,-6.182001],[106.891881,-6.180805],[106.892098,-6.180086],[106.892409,-6.17924],[106.892795,-6.178343],[106.893239,-6.17759]]},"properties":{"layer_id":"mobilitas","jenis":"lrt","nama":"Lin Selatan: Manggarai → Kelapa Gading","sumber":"OSM","atribut":{}}},{"type":"Feature","geometry":{"type":"LineString","coordinates":[[106.893239,-6.17759],[106.893759,-6.176793]]},"properties":{"layer_id":"mobilitas","jenis":"lrt","nama":"Lin Selatan: Manggarai → Kelapa Gading","sumber":"OSM","atribut":{}}},{"type":"Feature","geometry":{"type":"LineString","coordinates":[[106.893759,-6.176793],[106.894113,-6.176374],[106.894299,-6.176226],[106.894572,-6.176072]]},"properties":{"layer_id":"mobilitas","jenis":"lrt","nama":"Lin Selatan: Manggarai → Kelapa Gading","sumber":"OSM","atribut":{}}},{"type":"Feature","geometry":{"type":"LineString","coordinates":[[106.894572,-6.176072],[106.895618,-6.175498],[106.895963,-6.1752],[106.896257,-6.174855],[106.89724,-6.173404],[106.899526,-6.169771]]},"properties":{"layer_id":"mobilitas","jenis":"lrt","nama":"Lin Selatan: Manggarai → Kelapa Gading","sumber":"OSM","atribut":{}}},{"type":"Feature","geometry":{"type":"LineString","coordinates":[[106.899526,-6.169771],[106.900141,-6.168798]]},"properties":{"layer_id":"mobilitas","jenis":"lrt","nama":"Lin Selatan: Manggarai → Kelapa Gading","sumber":"OSM","atribut":{}}},{"type":"Feature","geometry":{"type":"LineString","coordinates":[[106.900141,-6.168798],[106.905793,-6.159827]]},"properties":{"layer_id":"mobilitas","jenis":"lrt","nama":"Lin Selatan: Manggarai → Kelapa Gading","sumber":"OSM","atribut":{}}},{"type":"Feature","geometry":{"type":"LineString","coordinates":[[106.905793,-6.159827],[106.906398,-6.158854]]},"properties":{"layer_id":"mobilitas","jenis":"lrt","nama":"Lin Selatan: Manggarai → Kelapa Gading","sumber":"OSM","atribut":{}}},{"type":"Feature","geometry":{"type":"LineString","coordinates":[[106.906398,-6.158854],[106.908668,-6.155237]]},"properties":{"layer_id":"mobilitas","jenis":"lrt","nama":"Lin Selatan: Manggarai → Kelapa Gading","sumber":"OSM","atribut":{}}},{"type":"Feature","geometry":{"type":"LineString","coordinates":[[106.908668,-6.155237],[106.909038,-6.154702],[106.909172,-6.154627],[106.909395,-6.154583],[106.91085,-6.154754],[106.913553,-6.154904],[106.913809,-6.154956]]},"properties":{"layer_id":"mobilitas","jenis":"lrt","nama":"Lin Selatan: Manggarai → Kelapa Gading","sumber":"OSM","atribut":{}}},{"type":"Feature","geometry":{"type":"LineString","coordinates":[[106.913809,-6.154956],[106.913979,-6.155066],[106.914113,-6.155249],[106.91415,-6.155423],[106.91415,-6.155911]]},"properties":{"layer_id":"mobilitas","jenis":"lrt","nama":"Lin Selatan: Manggarai → Kelapa Gading","sumber":"OSM","atribut":{}}},{"type":"Feature","geometry":{"type":"LineString","coordinates":[[106.914132,-6.15742],[106.91415,-6.155911]]},"properties":{"layer_id":"mobilitas","jenis":"lrt","nama":"Lin Selatan: Manggarai → Kelapa Gading","sumber":"OSM","atribut":{}}},{"type":"Feature","geometry":{"type":"LineString","coordinates":[[106.914301,-6.155913],[106.914284,-6.15743]]},"properties":{"layer_id":"mobilitas","jenis":"lrt","nama":"Lin Selatan: Kelapa Gading → Manggarai","sumber":"OSM","atribut":{}}},{"type":"Feature","geometry":{"type":"LineString","coordinates":[[106.914301,-6.155913],[106.914297,-6.155379],[106.914221,-6.155162],[106.914025,-6.154971],[106.913759,-6.154886],[106.910857,-6.154717],[106.909288,-6.154543],[106.909073,-6.154603],[106.908913,-6.154726],[106.908603,-6.155201]]},"properties":{"layer_id":"mobilitas","jenis":"lrt","nama":"Lin Selatan: Kelapa Gading → Manggarai","sumber":"OSM","atribut":{}}},{"type":"Feature","geometry":{"type":"LineString","coordinates":[[106.908603,-6.155201],[106.906364,-6.158831]]},"properties":{"layer_id":"mobilitas","jenis":"lrt","nama":"Lin Selatan: Kelapa Gading → Manggarai","sumber":"OSM","atribut":{}}},{"type":"Feature","geometry":{"type":"LineString","coordinates":[[106.906364,-6.158831],[106.905748,-6.159801]]},"properties":{"layer_id":"mobilitas","jenis":"lrt","nama":"Lin Selatan: Kelapa Gading → Manggarai","sumber":"OSM","atribut":{}}},{"type":"Feature","geometry":{"type":"LineString","coordinates":[[106.905748,-6.159801],[106.904891,-6.161187]]},"properties":{"layer_id":"mobilitas","jenis":"lrt","nama":"Lin Selatan: Kelapa Gading → Manggarai","sumber":"OSM","atribut":{}}},{"type":"Feature","geometry":{"type":"LineString","coordinates":[[106.904891,-6.161187],[106.900113,-6.168783]]},"properties":{"layer_id":"mobilitas","jenis":"lrt","nama":"Lin Selatan: Kelapa Gading → Manggarai","sumber":"OSM","atribut":{}}},{"type":"Feature","geometry":{"type":"LineString","coordinates":[[106.900113,-6.168783],[106.8995,-6.169754]]},"properties":{"layer_id":"mobilitas","jenis":"lrt","nama":"Lin Selatan: Kelapa Gading → Manggarai","sumber":"OSM","atribut":{}}},{"type":"Feature","geometry":{"type":"LineString","coordinates":[[106.8995,-6.169754],[106.897218,-6.17338],[106.896231,-6.174837],[106.895949,-6.17517],[106.895597,-6.175468],[106.894563,-6.176038]]},"properties":{"layer_id":"mobilitas","jenis":"lrt","nama":"Lin Selatan: Kelapa Gading → Manggarai","sumber":"OSM","atribut":{}}},{"type":"Feature","geometry":{"type":"LineString","coordinates":[[106.894563,-6.176038],[106.894265,-6.176209],[106.894075,-6.176363],[106.893728,-6.176774]]},"properties":{"layer_id":"mobilitas","jenis":"lrt","nama":"Lin Selatan: Kelapa Gading → Manggarai","sumber":"OSM","atribut":{}}},{"type":"Feature","geometry":{"type":"LineString","coordinates":[[106.893728,-6.176774],[106.893207,-6.177576]]},"properties":{"layer_id":"mobilitas","jenis":"lrt","nama":"Lin Selatan: Kelapa Gading → Manggarai","sumber":"OSM","atribut":{}}},{"type":"Feature","geometry":{"type":"LineString","coordinates":[[106.893207,-6.177576],[106.892865,-6.178117],[106.892669,-6.178507],[106.892053,-6.180073],[106.891836,-6.180795],[106.891544,-6.181991],[106.891375,-6.183164]]},"properties":{"layer_id":"mobilitas","jenis":"lrt","nama":"Lin Selatan: Kelapa Gading → Manggarai","sumber":"OSM","atribut":{}}},{"type":"Feature","geometry":{"type":"LineString","coordinates":[[106.891375,-6.183164],[106.891292,-6.183883]]},"properties":{"layer_id":"mobilitas","jenis":"lrt","nama":"Lin Selatan: Kelapa Gading → Manggarai","sumber":"OSM","atribut":{}}},{"type":"Feature","geometry":{"type":"LineString","coordinates":[[106.891292,-6.183883],[106.891143,-6.185513],[106.891114,-6.188384],[106.891184,-6.190975]]},"properties":{"layer_id":"mobilitas","jenis":"lrt","nama":"Lin Selatan: Kelapa Gading → Manggarai","sumber":"OSM","atribut":{}}},{"type":"Feature","geometry":{"type":"LineString","coordinates":[[106.891184,-6.190975],[106.89118,-6.191478]]},"properties":{"layer_id":"mobilitas","jenis":"lrt","nama":"Lin Selatan: Kelapa Gading → Manggarai","sumber":"OSM","atribut":{}}},{"type":"Feature","geometry":{"type":"LineString","coordinates":[[106.89118,-6.191478],[106.891173,-6.192643]]},"properties":{"layer_id":"mobilitas","jenis":"lrt","nama":"Lin Selatan: Kelapa Gading → Manggarai","sumber":"OSM","atribut":{}}},{"type":"Feature","geometry":{"type":"LineString","coordinates":[[106.891173,-6.192643],[106.89116,-6.19298],[106.891112,-6.193114],[106.890985,-6.193282],[106.890755,-6.193414],[106.890325,-6.19345]]},"properties":{"layer_id":"mobilitas","jenis":"lrt","nama":"Lin Selatan: Kelapa Gading → Manggarai","sumber":"OSM","atribut":{}}},{"type":"Feature","geometry":{"type":"LineString","coordinates":[[106.890325,-6.19345],[106.888042,-6.193437]]},"properties":{"layer_id":"mobilitas","jenis":"lrt","nama":"Lin Selatan: Kelapa Gading → Manggarai","sumber":"OSM","atribut":{}}},{"type":"Feature","geometry":{"type":"LineString","coordinates":[[106.888042,-6.193437],[106.885856,-6.193411],[106.883145,-6.193179]]},"properties":{"layer_id":"mobilitas","jenis":"lrt","nama":"Lin Selatan: Kelapa Gading → Manggarai","sumber":"OSM","atribut":{}}},{"type":"Feature","geometry":{"type":"LineString","coordinates":[[106.883145,-6.193179],[106.881998,-6.193061]]},"properties":{"layer_id":"mobilitas","jenis":"lrt","nama":"Lin Selatan: Kelapa Gading → Manggarai","sumber":"OSM","atribut":{}}},{"type":"Feature","geometry":{"type":"LineString","coordinates":[[106.881998,-6.193061],[106.876686,-6.192514],[106.874655,-6.192239]]},"properties":{"layer_id":"mobilitas","jenis":"lrt","nama":"Lin Selatan: Kelapa Gading → Manggarai","sumber":"OSM","atribut":{}}},{"type":"Feature","geometry":{"type":"LineString","coordinates":[[106.874655,-6.192239],[106.873228,-6.192037]]},"properties":{"layer_id":"mobilitas","jenis":"lrt","nama":"Lin Selatan: Kelapa Gading → Manggarai","sumber":"OSM","atribut":{}}},{"type":"Feature","geometry":{"type":"LineString","coordinates":[[106.873228,-6.192037],[106.872456,-6.191949],[106.871275,-6.19195]]},"properties":{"layer_id":"mobilitas","jenis":"lrt","nama":"Lin Selatan: Kelapa Gading → Manggarai","sumber":"OSM","atribut":{}}},{"type":"Feature","geometry":{"type":"LineString","coordinates":[[106.871275,-6.19195],[106.870184,-6.19205]]},"properties":{"layer_id":"mobilitas","jenis":"lrt","nama":"Lin Selatan: Kelapa Gading → Manggarai","sumber":"OSM","atribut":{}}},{"type":"Feature","geometry":{"type":"LineString","coordinates":[[106.870184,-6.19205],[106.866047,-6.19247],[106.865155,-6.192591],[106.864436,-6.192746],[106.86323,-6.193147],[106.862709,-6.19337],[106.861617,-6.193967],[106.860406,-6.194773]]},"properties":{"layer_id":"mobilitas","jenis":"lrt","nama":"Lin Selatan: Kelapa Gading → Manggarai","sumber":"OSM","atribut":{}}},{"type":"Feature","geometry":{"type":"LineString","coordinates":[[106.860406,-6.194773],[106.859598,-6.195308]]},"properties":{"layer_id":"mobilitas","jenis":"lrt","nama":"Lin Selatan: Kelapa Gading → Manggarai","sumber":"OSM","atribut":{}}},{"type":"Feature","geometry":{"type":"LineString","coordinates":[[106.859598,-6.195308],[106.856847,-6.197158]]},"properties":{"layer_id":"mobilitas","jenis":"lrt","nama":"Lin Selatan: Kelapa Gading → Manggarai","sumber":"OSM","atribut":{}}},{"type":"Feature","geometry":{"type":"LineString","coordinates":[[106.856847,-6.197158],[106.855761,-6.198073]]},"properties":{"layer_id":"mobilitas","jenis":"lrt","nama":"Lin Selatan: Kelapa Gading → Manggarai","sumber":"OSM","atribut":{}}},{"type":"Feature","geometry":{"type":"LineString","coordinates":[[106.855761,-6.198073],[106.855311,-6.198388],[106.854377,-6.199123],[106.851989,-6.201111]]},"properties":{"layer_id":"mobilitas","jenis":"lrt","nama":"Lin Selatan: Kelapa Gading → Manggarai","sumber":"OSM","atribut":{}}},{"type":"Feature","geometry":{"type":"LineString","coordinates":[[106.851989,-6.201111],[106.85126,-6.201581]]},"properties":{"layer_id":"mobilitas","jenis":"lrt","nama":"Lin Selatan: Kelapa Gading → Manggarai","sumber":"OSM","atribut":{}}},{"type":"Feature","geometry":{"type":"LineString","coordinates":[[106.85126,-6.201581],[106.850683,-6.201802]]},"properties":{"layer_id":"mobilitas","jenis":"lrt","nama":"Lin Selatan: Kelapa Gading → Manggarai","sumber":"OSM","atribut":{}}},{"type":"Feature","geometry":{"type":"LineString","coordinates":[[106.850683,-6.201802],[106.849777,-6.202386]]},"properties":{"layer_id":"mobilitas","jenis":"lrt","nama":"Lin Selatan: Kelapa Gading → Manggarai","sumber":"OSM","atribut":{}}},{"type":"Feature","geometry":{"type":"LineString","coordinates":[[106.849777,-6.202386],[106.849598,-6.202519],[106.849524,-6.202612],[106.849459,-6.202797]]},"properties":{"layer_id":"mobilitas","jenis":"lrt","nama":"Lin Selatan: Kelapa Gading → Manggarai","sumber":"OSM","atribut":{}}},{"type":"Feature","geometry":{"type":"LineString","coordinates":[[106.849459,-6.202797],[106.849329,-6.203552]]},"properties":{"layer_id":"mobilitas","jenis":"lrt","nama":"Lin Selatan: Kelapa Gading → Manggarai","sumber":"OSM","atribut":{}}},{"type":"Feature","geometry":{"type":"LineString","coordinates":[[106.849329,-6.203552],[106.848794,-6.206477]]},"properties":{"layer_id":"mobilitas","jenis":"lrt","nama":"Lin Selatan: Kelapa Gading → Manggarai","sumber":"OSM","atribut":{}}},{"type":"Feature","geometry":{"type":"LineString","coordinates":[[106.848794,-6.206477],[106.84866,-6.206988],[106.848487,-6.207424]]},"properties":{"layer_id":"mobilitas","jenis":"lrt","nama":"Lin Selatan: Kelapa Gading → Manggarai","sumber":"OSM","atribut":{}}},{"type":"Feature","geometry":{"type":"LineString","coordinates":[[106.848487,-6.207424],[106.848185,-6.208046]]},"properties":{"layer_id":"mobilitas","jenis":"lrt","nama":"Lin Selatan: Kelapa Gading → Manggarai","sumber":"OSM","atribut":{}}},{"type":"Feature","geometry":{"type":"LineString","coordinates":[[106.848185,-6.208046],[106.847895,-6.208434],[106.847645,-6.208651],[106.847457,-6.208755],[106.847209,-6.20884],[106.846805,-6.208894],[106.846488,-6.208869],[106.846258,-6.208811]]},"properties":{"layer_id":"mobilitas","jenis":"lrt","nama":"Lin Selatan: Kelapa Gading → Manggarai","sumber":"OSM","atribut":{}}},{"type":"Feature","geometry":{"type":"LineString","coordinates":[[106.846258,-6.208811],[106.845499,-6.208564]]},"properties":{"layer_id":"mobilitas","jenis":"lrt","nama":"Lin Selatan: Kelapa Gading → Manggarai","sumber":"OSM","atribut":{}}},{"type":"Feature","geometry":{"type":"LineString","coordinates":[[106.664612,-6.120136],[106.66547,-6.119722]]},"properties":{"layer_id":"mobilitas","jenis":"lrt","nama":"Kalayang Bandar Udara (Terminal 3 → Terminal 1)","sumber":"OSM","atribut":{}}},{"type":"Feature","geometry":{"type":"LineString","coordinates":[[106.663567,-6.120678],[106.664612,-6.120136]]},"properties":{"layer_id":"mobilitas","jenis":"lrt","nama":"Kalayang Bandar Udara (Terminal 3 → Terminal 1)","sumber":"OSM","atribut":{}}},{"type":"Feature","geometry":{"type":"LineString","coordinates":[[106.663567,-6.120678],[106.660856,-6.122078],[106.659468,-6.122979],[106.65887,-6.123314],[106.658365,-6.123539],[106.655974,-6.124477],[106.65559,-6.12448],[106.655346,-6.12439],[106.655146,-6.124239],[106.654984,-6.124034],[106.654671,-6.123341],[106.654495,-6.123136],[106.654367,-6.123041],[106.654105,-6.12294],[106.65381,-6.122919],[106.653393,-6.123043]]},"properties":{"layer_id":"mobilitas","jenis":"lrt","nama":"Kalayang Bandar Udara (Terminal 3 → Terminal 1)","sumber":"OSM","atribut":{}}},{"type":"Feature","geometry":{"type":"LineString","coordinates":[[106.653393,-6.123043],[106.652683,-6.123325]]},"properties":{"layer_id":"mobilitas","jenis":"lrt","nama":"Kalayang Bandar Udara (Terminal 3 → Terminal 1)","sumber":"OSM","atribut":{}}},{"type":"Feature","geometry":{"type":"LineString","coordinates":[[106.652683,-6.123325],[106.652339,-6.123477],[106.652083,-6.123685],[106.651916,-6.123977],[106.651871,-6.124309],[106.651952,-6.124658],[106.652552,-6.126145],[106.65282,-6.126683]]},"properties":{"layer_id":"mobilitas","jenis":"lrt","nama":"Kalayang Bandar Udara (Terminal 3 → Terminal 1)","sumber":"OSM","atribut":{}}},{"type":"Feature","geometry":{"type":"LineString","coordinates":[[106.65282,-6.126683],[106.65316,-6.127547]]},"properties":{"layer_id":"mobilitas","jenis":"lrt","nama":"Kalayang Bandar Udara (Terminal 3 → Terminal 1)","sumber":"OSM","atribut":{}}},{"type":"Feature","geometry":{"type":"LineString","coordinates":[[106.65316,-6.127547],[106.653323,-6.128146],[106.653806,-6.129332]]},"properties":{"layer_id":"mobilitas","jenis":"lrt","nama":"Kalayang Bandar Udara (Terminal 3 → Terminal 1)","sumber":"OSM","atribut":{}}},{"type":"Feature","geometry":{"type":"LineString","coordinates":[[106.653806,-6.129332],[106.654127,-6.130104],[106.654261,-6.130271],[106.654426,-6.130407],[106.654625,-6.130492],[106.654924,-6.130531],[106.655138,-6.130496],[106.655456,-6.130379]]},"properties":{"layer_id":"mobilitas","jenis":"lrt","nama":"Kalayang Bandar Udara (Terminal 3 → Terminal 1)","sumber":"OSM","atribut":{}}},{"type":"Feature","geometry":{"type":"LineString","coordinates":[[106.655456,-6.130379],[106.656079,-6.130131]]},"properties":{"layer_id":"mobilitas","jenis":"lrt","nama":"Kalayang Bandar Udara (Terminal 3 → Terminal 1)","sumber":"OSM","atribut":{}}},{"type":"Feature","geometry":{"type":"LineString","coordinates":[[106.655681,-6.130441],[106.655509,-6.130509]]},"properties":{"layer_id":"mobilitas","jenis":"lrt","nama":"Kalayang Bandar Udara (Terminal 1 → Terminal 3)","sumber":"OSM","atribut":{}}},{"type":"Feature","geometry":{"type":"LineString","coordinates":[[106.655509,-6.130509],[106.655024,-6.130672],[106.654791,-6.130676],[106.65457,-6.130629],[106.65425,-6.13043],[106.654094,-6.130226],[106.653971,-6.129957]]},"properties":{"layer_id":"mobilitas","jenis":"lrt","nama":"Kalayang Bandar Udara (Terminal 1 → Terminal 3)","sumber":"OSM","atribut":{}}},{"type":"Feature","geometry":{"type":"LineString","coordinates":[[106.653971,-6.129957],[106.653546,-6.128879]]},"properties":{"layer_id":"mobilitas","jenis":"lrt","nama":"Kalayang Bandar Udara (Terminal 1 → Terminal 3)","sumber":"OSM","atribut":{}}},{"type":"Feature","geometry":{"type":"LineString","coordinates":[[106.653546,-6.128879],[106.65303,-6.127598]]},"properties":{"layer_id":"mobilitas","jenis":"lrt","nama":"Kalayang Bandar Udara (Terminal 1 → Terminal 3)","sumber":"OSM","atribut":{}}},{"type":"Feature","geometry":{"type":"LineString","coordinates":[[106.65303,-6.127598],[106.652688,-6.126735]]},"properties":{"layer_id":"mobilitas","jenis":"lrt","nama":"Kalayang Bandar Udara (Terminal 1 → Terminal 3)","sumber":"OSM","atribut":{}}},{"type":"Feature","geometry":{"type":"LineString","coordinates":[[106.652688,-6.126735],[106.652519,-6.126172],[106.651841,-6.124477],[106.651783,-6.124171],[106.651797,-6.123984],[106.65185,-6.123812],[106.651997,-6.123569],[106.652186,-6.123403],[106.652632,-6.123198]]},"properties":{"layer_id":"mobilitas","jenis":"lrt","nama":"Kalayang Bandar Udara (Terminal 1 → Terminal 3)","sumber":"OSM","atribut":{}}},{"type":"Feature","geometry":{"type":"LineString","coordinates":[[106.652632,-6.123198],[106.65334,-6.122913]]},"properties":{"layer_id":"mobilitas","jenis":"lrt","nama":"Kalayang Bandar Udara (Terminal 1 → Terminal 3)","sumber":"OSM","atribut":{}}},{"type":"Feature","geometry":{"type":"LineString","coordinates":[[106.65334,-6.122913],[106.653806,-6.122794],[106.654092,-6.122826],[106.654326,-6.122924],[106.654532,-6.123078],[106.654707,-6.123305],[106.65501,-6.123981],[106.655173,-6.124188],[106.655381,-6.124344],[106.655603,-6.124424],[106.655835,-6.124449],[106.655965,-6.12443],[106.658348,-6.1235],[106.65885,-6.123274],[106.659443,-6.122948],[106.661341,-6.121684],[106.66287,-6.120868]]},"properties":{"layer_id":"mobilitas","jenis":"lrt","nama":"Kalayang Bandar Udara (Terminal 1 → Terminal 3)","sumber":"OSM","atribut":{}}},{"type":"Feature","geometry":{"type":"LineString","coordinates":[[106.66287,-6.120868],[106.664558,-6.119995]]},"properties":{"layer_id":"mobilitas","jenis":"lrt","nama":"Kalayang Bandar Udara (Terminal 1 → Terminal 3)","sumber":"OSM","atribut":{}}},{"type":"Feature","geometry":{"type":"LineString","coordinates":[[106.664558,-6.119995],[106.66522,-6.119677]]},"properties":{"layer_id":"mobilitas","jenis":"lrt","nama":"Kalayang Bandar Udara (Terminal 1 → Terminal 3)","sumber":"OSM","atribut":{}}},{"type":"Feature","geometry":{"type":"LineString","coordinates":[[106.825525,-6.204851],[106.827174,-6.205191],[106.827923,-6.205306],[106.828273,-6.205452],[106.828446,-6.205614],[106.82873,-6.20614],[106.829215,-6.20674],[106.829412,-6.2071]]},"properties":{"layer_id":"mobilitas","jenis":"lrt","nama":"Cibubur Line (Dukuh Atas → Harjamukti)","sumber":"OSM","atribut":{}}},{"type":"Feature","geometry":{"type":"LineString","coordinates":[[106.829412,-6.2071],[106.829825,-6.207994],[106.830026,-6.208571],[106.830218,-6.209343],[106.830313,-6.20991]]},"properties":{"layer_id":"mobilitas","jenis":"lrt","nama":"Cibubur Line (Dukuh Atas → Harjamukti)","sumber":"OSM","atribut":{}}},{"type":"Feature","geometry":{"type":"LineString","coordinates":[[106.830313,-6.20991],[106.830421,-6.211294],[106.830426,-6.212949],[106.830695,-6.216442],[106.831019,-6.218046],[106.83135,-6.219109]]},"properties":{"layer_id":"mobilitas","jenis":"lrt","nama":"Cibubur Line (Dukuh Atas → Harjamukti)","sumber":"OSM","atribut":{}}},{"type":"Feature","geometry":{"type":"LineString","coordinates":[[106.83135,-6.219109],[106.831474,-6.219496],[106.831698,-6.22003]]},"properties":{"layer_id":"mobilitas","jenis":"lrt","nama":"Cibubur Line (Dukuh Atas → Harjamukti)","sumber":"OSM","atribut":{}}},{"type":"Feature","geometry":{"type":"LineString","coordinates":[[106.831698,-6.22003],[106.832025,-6.220872],[106.83238,-6.222285]]},"properties":{"layer_id":"mobilitas","jenis":"lrt","nama":"Cibubur Line (Dukuh Atas → Harjamukti)","sumber":"OSM","atribut":{}}},{"type":"Feature","geometry":{"type":"LineString","coordinates":[[106.83238,-6.222285],[106.832773,-6.223854],[106.832834,-6.224237],[106.833219,-6.229429]]},"properties":{"layer_id":"mobilitas","jenis":"lrt","nama":"Cibubur Line (Dukuh Atas → Harjamukti)","sumber":"OSM","atribut":{}}},{"type":"Feature","geometry":{"type":"LineString","coordinates":[[106.833219,-6.229429],[106.833192,-6.230042],[106.832955,-6.230915],[106.832768,-6.231439],[106.832345,-6.232235]]},"properties":{"layer_id":"mobilitas","jenis":"lrt","nama":"Cibubur Line (Dukuh Atas → Harjamukti)","sumber":"OSM","atribut":{}}},{"type":"Feature","geometry":{"type":"LineString","coordinates":[[106.832345,-6.232235],[106.831824,-6.232903],[106.831481,-6.23327],[106.831181,-6.233532],[106.830592,-6.233945],[106.830269,-6.234125],[106.829253,-6.234585],[106.828758,-6.234865],[106.828505,-6.235063],[106.828199,-6.235363],[106.827825,-6.235834]]},"properties":{"layer_id":"mobilitas","jenis":"lrt","nama":"Cibubur Line (Dukuh Atas → Harjamukti)","sumber":"OSM","atribut":{}}},{"type":"Feature","geometry":{"type":"LineString","coordinates":[[106.827825,-6.235834],[106.827518,-6.236324],[106.827393,-6.236675],[106.82738,-6.236918],[106.827486,-6.237303],[106.82762,-6.237511],[106.827819,-6.237695],[106.82834,-6.238021],[106.828955,-6.238351]]},"properties":{"layer_id":"mobilitas","jenis":"lrt","nama":"Cibubur Line (Dukuh Atas → Harjamukti)","sumber":"OSM","atribut":{}}},{"type":"Feature","geometry":{"type":"LineString","coordinates":[[106.828955,-6.238351],[106.829723,-6.238729],[106.830702,-6.239328],[106.83178,-6.240054],[106.832444,-6.240431],[106.832927,-6.240666],[106.833547,-6.240873],[106.839082,-6.242318]]},"properties":{"layer_id":"mobilitas","jenis":"lrt","nama":"Cibubur Line (Dukuh Atas → Harjamukti)","sumber":"OSM","atribut":{}}},{"type":"Feature","geometry":{"type":"LineString","coordinates":[[106.839082,-6.242318],[106.840483,-6.24272],[106.841237,-6.242899],[106.841637,-6.243042],[106.842634,-6.243477],[106.843023,-6.2436],[106.843473,-6.243669],[106.844873,-6.243743]]},"properties":{"layer_id":"mobilitas","jenis":"lrt","nama":"Cibubur Line (Dukuh Atas → Harjamukti)","sumber":"OSM","atribut":{}}},{"type":"Feature","geometry":{"type":"LineString","coordinates":[[106.844873,-6.243743],[106.846024,-6.243805],[106.846778,-6.243789],[106.84801,-6.24367],[106.850033,-6.243584],[106.852283,-6.243446],[106.856396,-6.243466],[106.857696,-6.243515]]},"properties":{"layer_id":"mobilitas","jenis":"lrt","nama":"Cibubur Line (Dukuh Atas → Harjamukti)","sumber":"OSM","atribut":{}}},{"type":"Feature","geometry":{"type":"LineString","coordinates":[[106.857696,-6.243515],[106.860067,-6.243525],[106.861708,-6.243416],[106.862721,-6.243394],[106.863409,-6.243416],[106.864166,-6.243487],[106.865292,-6.243705],[106.866709,-6.244171],[106.869654,-6.24541]]},"properties":{"layer_id":"mobilitas","jenis":"lrt","nama":"Cibubur Line (Dukuh Atas → Harjamukti)","sumber":"OSM","atribut":{}}},{"type":"Feature","geometry":{"type":"LineString","coordinates":[[106.869654,-6.24541],[106.869813,-6.245478]]},"properties":{"layer_id":"mobilitas","jenis":"lrt","nama":"Cibubur Line (Dukuh Atas → Harjamukti)","sumber":"OSM","atribut":{}}},{"type":"Feature","geometry":{"type":"LineString","coordinates":[[106.869813,-6.245478],[106.870708,-6.245784]]},"properties":{"layer_id":"mobilitas","jenis":"lrt","nama":"Cibubur Line (Dukuh Atas → Harjamukti)","sumber":"OSM","atribut":{}}},{"type":"Feature","geometry":{"type":"LineString","coordinates":[[106.870708,-6.245784],[106.87182,-6.24608]]},"properties":{"layer_id":"mobilitas","jenis":"lrt","nama":"Cibubur Line (Dukuh Atas → Harjamukti)","sumber":"OSM","atribut":{}}},{"type":"Feature","geometry":{"type":"LineString","coordinates":[[106.872859,-6.246353],[106.87182,-6.24608]]},"properties":{"layer_id":"mobilitas","jenis":"lrt","nama":"Cibubur Line (Dukuh Atas → Harjamukti)","sumber":"OSM","atribut":{}}},{"type":"Feature","geometry":{"type":"LineString","coordinates":[[106.874152,-6.246911],[106.873887,-6.246684],[106.873672,-6.246575],[106.872859,-6.246353]]},"properties":{"layer_id":"mobilitas","jenis":"lrt","nama":"Cibubur Line (Dukuh Atas → Harjamukti)","sumber":"OSM","atribut":{}}},{"type":"Feature","geometry":{"type":"LineString","coordinates":[[106.875379,-6.24793],[106.874152,-6.246911]]},"properties":{"layer_id":"mobilitas","jenis":"lrt","nama":"Cibubur Line (Dukuh Atas → Harjamukti)","sumber":"OSM","atribut":{}}},{"type":"Feature","geometry":{"type":"LineString","coordinates":[[106.875379,-6.24793],[106.875608,-6.248176],[106.875749,-6.248405],[106.875794,-6.248764],[106.87568,-6.249116],[106.875242,-6.249658],[106.873427,-6.25139],[106.873153,-6.251671],[106.873006,-6.251885],[106.872626,-6.252539],[106.871715,-6.254885],[106.87163,-6.25528],[106.871663,-6.255599],[106.871731,-6.255779],[106.871864,-6.255995],[106.871983,-6.256129],[106.87277,-6.25672],[106.873029,-6.257049],[106.873126,-6.257338],[106.873443,-6.259118],[106.873462,-6.259937],[106.873199,-6.264275],[106.873409,-6.266167],[106.873414,-6.266723],[106.873379,-6.267075],[106.873054,-6.268904],[106.87299,-6.269544],[106.872964,-6.270165],[106.87298,-6.271269]]},"properties":{"layer_id":"mobilitas","jenis":"lrt","nama":"Cibubur Line (Dukuh Atas → Harjamukti)","sumber":"OSM","atribut":{}}},{"type":"Feature","geometry":{"type":"LineString","coordinates":[[106.87298,-6.271269],[106.873112,-6.273524],[106.873671,-6.276022],[106.874102,-6.277347]]},"properties":{"layer_id":"mobilitas","jenis":"lrt","nama":"Cibubur Line (Dukuh Atas → Harjamukti)","sumber":"OSM","atribut":{}}},{"type":"Feature","geometry":{"type":"LineString","coordinates":[[106.874102,-6.277347],[106.875106,-6.279818],[106.877024,-6.284351],[106.877646,-6.285598],[106.878252,-6.286648],[106.878418,-6.287036],[106.879101,-6.288808],[106.879979,-6.29141],[106.88076,-6.293488],[106.882783,-6.298515],[106.883111,-6.299229],[106.883266,-6.299716],[106.883428,-6.300407],[106.883937,-6.303108],[106.884025,-6.303274],[106.884539,-6.303969],[106.884644,-6.304233],[106.884667,-6.304402],[106.884621,-6.304777],[106.88392,-6.30628],[106.883867,-6.306602],[106.883874,-6.306827],[106.884525,-6.310429],[106.884672,-6.310812],[106.885114,-6.311641],[106.885289,-6.312168],[106.885487,-6.312958],[106.885948,-6.315131],[106.88621,-6.31663],[106.886513,-6.318652],[106.88657,-6.319277],[106.886616,-6.321212],[106.886608,-6.32313],[106.886681,-6.326928],[106.886834,-6.329919],[106.887022,-6.331625],[106.887985,-6.337479],[106.888398,-6.339011],[106.889827,-6.346534],[106.891691,-6.353223],[106.89189,-6.354052],[106.892225,-6.355043],[106.892593,-6.356531],[106.893475,-6.36158],[106.894046,-6.365807],[106.894108,-6.36605],[106.894446,-6.366954],[106.894572,-6.367428],[106.894966,-6.369798],[106.895208,-6.371536],[106.895652,-6.373896]]},"properties":{"layer_id":"mobilitas","jenis":"lrt","nama":"Cibubur Line (Dukuh Atas → Harjamukti)","sumber":"OSM","atribut":{}}},{"type":"Feature","geometry":{"type":"LineString","coordinates":[[106.895686,-6.37389],[106.895256,-6.371536],[106.895004,-6.369787],[106.89461,-6.367423],[106.894484,-6.366938],[106.894087,-6.365802],[106.893515,-6.361582],[106.892635,-6.356534],[106.892416,-6.355601],[106.891217,-6.351453],[106.889865,-6.346524],[106.888441,-6.339003],[106.888022,-6.337481],[106.887061,-6.331618],[106.886977,-6.330973],[106.886823,-6.329128],[106.88673,-6.326931],[106.886602,-6.31928],[106.886545,-6.31865],[106.886329,-6.317098],[106.885985,-6.315127],[106.88553,-6.312986],[106.885191,-6.311734],[106.884681,-6.310731],[106.884566,-6.310417],[106.883938,-6.306905],[106.883926,-6.306472],[106.88397,-6.306293],[106.884662,-6.30479],[106.884707,-6.304627],[106.884697,-6.304232],[106.884587,-6.303947],[106.884195,-6.303449],[106.883982,-6.303102],[106.883899,-6.302783],[106.883468,-6.300397],[106.883157,-6.299229],[106.882821,-6.298509],[106.880792,-6.293478],[106.880013,-6.291393],[106.879132,-6.288789],[106.87846,-6.287023],[106.878289,-6.286626],[106.87768,-6.285582],[106.877061,-6.284331],[106.875142,-6.279799],[106.874153,-6.27735]]},"properties":{"layer_id":"mobilitas","jenis":"lrt","nama":"Cibubur Line (Harjamukti → Dukuh Atas)","sumber":"OSM","atribut":{}}},{"type":"Feature","geometry":{"type":"LineString","coordinates":[[106.874153,-6.27735],[106.873695,-6.275963],[106.873149,-6.273524],[106.873045,-6.272051],[106.873022,-6.271269]]},"properties":{"layer_id":"mobilitas","jenis":"lrt","nama":"Cibubur Line (Harjamukti → Dukuh Atas)","sumber":"OSM","atribut":{}}},{"type":"Feature","geometry":{"type":"LineString","coordinates":[[106.873022,-6.271269],[106.873005,-6.270166],[106.873087,-6.268918],[106.873422,-6.267092],[106.873463,-6.266724],[106.873462,-6.266176],[106.873246,-6.264263],[106.873507,-6.259931],[106.873499,-6.259117],[106.873174,-6.257351],[106.873075,-6.25703],[106.872808,-6.256709],[106.872021,-6.256122],[106.871946,-6.256033],[106.871706,-6.255588],[106.871678,-6.255281],[106.871697,-6.255087],[106.87267,-6.252549],[106.873043,-6.251902],[106.873451,-6.251411],[106.875283,-6.249674],[106.875461,-6.249485],[106.87572,-6.249127],[106.875818,-6.248884],[106.875824,-6.248538],[106.875788,-6.248406],[106.875652,-6.248157],[106.875402,-6.247915]]},"properties":{"layer_id":"mobilitas","jenis":"lrt","nama":"Cibubur Line (Harjamukti → Dukuh Atas)","sumber":"OSM","atribut":{}}},{"type":"Feature","geometry":{"type":"LineString","coordinates":[[106.875402,-6.247915],[106.874174,-6.246876]]},"properties":{"layer_id":"mobilitas","jenis":"lrt","nama":"Cibubur Line (Harjamukti → Dukuh Atas)","sumber":"OSM","atribut":{}}},{"type":"Feature","geometry":{"type":"LineString","coordinates":[[106.874174,-6.246876],[106.87389,-6.246631],[106.873762,-6.24656],[106.872906,-6.246333]]},"properties":{"layer_id":"mobilitas","jenis":"lrt","nama":"Cibubur Line (Harjamukti → Dukuh Atas)","sumber":"OSM","atribut":{}}},{"type":"Feature","geometry":{"type":"LineString","coordinates":[[106.872906,-6.246333],[106.870712,-6.245744]]},"properties":{"layer_id":"mobilitas","jenis":"lrt","nama":"Cibubur Line (Harjamukti → Dukuh Atas)","sumber":"OSM","atribut":{}}},{"type":"Feature","geometry":{"type":"LineString","coordinates":[[106.870712,-6.245744],[106.869825,-6.245448]]},"properties":{"layer_id":"mobilitas","jenis":"lrt","nama":"Cibubur Line (Harjamukti → Dukuh Atas)","sumber":"OSM","atribut":{}}},{"type":"Feature","geometry":{"type":"LineString","coordinates":[[106.869825,-6.245448],[106.869225,-6.245178]]},"properties":{"layer_id":"mobilitas","jenis":"lrt","nama":"Cibubur Line (Harjamukti → Dukuh Atas)","sumber":"OSM","atribut":{}}},{"type":"Feature","geometry":{"type":"LineString","coordinates":[[106.869225,-6.245178],[106.867074,-6.244257],[106.865817,-6.243813],[106.865308,-6.243666],[106.864243,-6.243461],[106.863414,-6.243371],[106.862714,-6.243343],[106.861702,-6.243363],[106.86007,-6.243477],[106.858229,-6.243486],[106.856402,-6.243427]]},"properties":{"layer_id":"mobilitas","jenis":"lrt","nama":"Cibubur Line (Harjamukti → Dukuh Atas)","sumber":"OSM","atribut":{}}},{"type":"Feature","geometry":{"type":"LineString","coordinates":[[106.856402,-6.243427],[106.85228,-6.243409],[106.850044,-6.243555],[106.848515,-6.243607],[106.846841,-6.243755],[106.846312,-6.243774],[106.844169,-6.243667]]},"properties":{"layer_id":"mobilitas","jenis":"lrt","nama":"Cibubur Line (Harjamukti → Dukuh Atas)","sumber":"OSM","atribut":{}}},{"type":"Feature","geometry":{"type":"LineString","coordinates":[[106.844169,-6.243667],[106.843329,-6.243614],[106.842835,-6.243506],[106.841454,-6.242932],[106.837839,-6.241936]]},"properties":{"layer_id":"mobilitas","jenis":"lrt","nama":"Cibubur Line (Harjamukti → Dukuh Atas)","sumber":"OSM","atribut":{}}},{"type":"Feature","geometry":{"type":"LineString","coordinates":[[106.837839,-6.241936],[106.83356,-6.240827],[106.832946,-6.240622],[106.832467,-6.24039],[106.831805,-6.240014],[106.830955,-6.239434],[106.829746,-6.238688],[106.828364,-6.23798]]},"properties":{"layer_id":"mobilitas","jenis":"lrt","nama":"Cibubur Line (Harjamukti → Dukuh Atas)","sumber":"OSM","atribut":{}}},{"type":"Feature","geometry":{"type":"LineString","coordinates":[[106.828364,-6.23798],[106.827847,-6.237657],[106.827657,-6.237481],[106.827481,-6.237164],[106.827428,-6.236915],[106.82744,-6.236683],[106.827562,-6.236343],[106.827955,-6.235728],[106.828234,-6.235396]]},"properties":{"layer_id":"mobilitas","jenis":"lrt","nama":"Cibubur Line (Harjamukti → Dukuh Atas)","sumber":"OSM","atribut":{}}},{"type":"Feature","geometry":{"type":"LineString","coordinates":[[106.828234,-6.235396],[106.828536,-6.235099],[106.82889,-6.234835],[106.829274,-6.234628],[106.83029,-6.234167],[106.830617,-6.233986],[106.831211,-6.233569],[106.831682,-6.233132],[106.832036,-6.232723],[106.832317,-6.232354],[106.832567,-6.23194]]},"properties":{"layer_id":"mobilitas","jenis":"lrt","nama":"Cibubur Line (Harjamukti → Dukuh Atas)","sumber":"OSM","atribut":{}}},{"type":"Feature","geometry":{"type":"LineString","coordinates":[[106.832567,-6.23194],[106.83286,-6.231294],[106.83314,-6.230424],[106.833228,-6.230043],[106.833271,-6.229664],[106.833179,-6.228157]]},"properties":{"layer_id":"mobilitas","jenis":"lrt","nama":"Cibubur Line (Harjamukti → Dukuh Atas)","sumber":"OSM","atribut":{}}},{"type":"Feature","geometry":{"type":"LineString","coordinates":[[106.833179,-6.228157],[106.832854,-6.224043],[106.832115,-6.221027]]},"properties":{"layer_id":"mobilitas","jenis":"lrt","nama":"Cibubur Line (Harjamukti → Dukuh Atas)","sumber":"OSM","atribut":{}}},{"type":"Feature","geometry":{"type":"LineString","coordinates":[[106.832115,-6.221027],[106.831927,-6.220453],[106.831505,-6.219484]]},"properties":{"layer_id":"mobilitas","jenis":"lrt","nama":"Cibubur Line (Harjamukti → Dukuh Atas)","sumber":"OSM","atribut":{}}},{"type":"Feature","geometry":{"type":"LineString","coordinates":[[106.831505,-6.219484],[106.831052,-6.218021],[106.830739,-6.216441],[106.83047,-6.212953],[106.830467,-6.211297],[106.830421,-6.210478],[106.830332,-6.209694],[106.830099,-6.208669]]},"properties":{"layer_id":"mobilitas","jenis":"lrt","nama":"Cibubur Line (Harjamukti → Dukuh Atas)","sumber":"OSM","atribut":{}}},{"type":"Feature","geometry":{"type":"LineString","coordinates":[[106.830099,-6.208669],[106.829866,-6.207979],[106.829565,-6.207312],[106.829369,-6.206898],[106.829154,-6.206585]]},"properties":{"layer_id":"mobilitas","jenis":"lrt","nama":"Cibubur Line (Harjamukti → Dukuh Atas)","sumber":"OSM","atribut":{}}},{"type":"Feature","geometry":{"type":"LineString","coordinates":[[106.829154,-6.206585],[106.82877,-6.206115],[106.828484,-6.205585],[106.828301,-6.205413],[106.828181,-6.205344],[106.827934,-6.20526],[106.827182,-6.205144],[106.825536,-6.204805]]},"properties":{"layer_id":"mobilitas","jenis":"lrt","nama":"Cibubur Line (Harjamukti → Dukuh Atas)","sumber":"OSM","atribut":{}}},{"type":"Feature","geometry":{"type":"LineString","coordinates":[[107.02167,-6.264088],[107.010093,-6.260024],[106.997187,-6.255416],[106.994381,-6.254456],[106.9908,-6.253081]]},"properties":{"layer_id":"mobilitas","jenis":"lrt","nama":"Bekasi Line (Jatimulya → Dukuh Atas)","sumber":"OSM","atribut":{}}},{"type":"Feature","geometry":{"type":"LineString","coordinates":[[106.9908,-6.253081],[106.989654,-6.252582]]},"properties":{"layer_id":"mobilitas","jenis":"lrt","nama":"Bekasi Line (Jatimulya → Dukuh Atas)","sumber":"OSM","atribut":{}}},{"type":"Feature","geometry":{"type":"LineString","coordinates":[[106.989654,-6.252582],[106.986903,-6.251228],[106.985446,-6.250437],[106.983089,-6.249398],[106.982252,-6.249091],[106.981301,-6.24879],[106.98073,-6.248651],[106.979808,-6.248513],[106.97885,-6.24847],[106.977065,-6.248477],[106.976231,-6.24856],[106.974867,-6.248806],[106.974119,-6.249004],[106.973229,-6.249288],[106.972453,-6.249596],[106.971863,-6.249863],[106.970676,-6.25049],[106.969989,-6.250912],[106.967915,-6.252295],[106.965559,-6.253654],[106.965017,-6.253922],[106.96368,-6.254448]]},"properties":{"layer_id":"mobilitas","jenis":"lrt","nama":"Bekasi Line (Jatimulya → Dukuh Atas)","sumber":"OSM","atribut":{}}},{"type":"Feature","geometry":{"type":"LineString","coordinates":[[106.96368,-6.254448],[106.962568,-6.254886]]},"properties":{"layer_id":"mobilitas","jenis":"lrt","nama":"Bekasi Line (Jatimulya → Dukuh Atas)","sumber":"OSM","atribut":{}}},{"type":"Feature","geometry":{"type":"LineString","coordinates":[[106.962568,-6.254886],[106.961888,-6.255136],[106.961346,-6.255281],[106.960777,-6.255352],[106.959474,-6.255423],[106.956013,-6.256151],[106.955377,-6.256227],[106.954137,-6.2563],[106.952539,-6.256534]]},"properties":{"layer_id":"mobilitas","jenis":"lrt","nama":"Bekasi Line (Jatimulya → Dukuh Atas)","sumber":"OSM","atribut":{}}},{"type":"Feature","geometry":{"type":"LineString","coordinates":[[106.952539,-6.256534],[106.946297,-6.25683],[106.945693,-6.256805],[106.943864,-6.256647],[106.943327,-6.256644],[106.940346,-6.257083],[106.927916,-6.257704],[106.92086,-6.258103],[106.918098,-6.258179],[106.915961,-6.25811],[106.915306,-6.258055],[106.914794,-6.257975],[106.913172,-6.257603],[106.912587,-6.2574],[106.908557,-6.255681],[106.907249,-6.255203],[106.906334,-6.25496],[106.905439,-6.254631],[106.904492,-6.254142],[106.903869,-6.253746],[106.903356,-6.25336],[106.902698,-6.252781],[106.902075,-6.252129],[106.901259,-6.25103],[106.899524,-6.248025],[106.898447,-6.246541],[106.897428,-6.245493],[106.896707,-6.244968],[106.895861,-6.244455],[106.895203,-6.244154],[106.894524,-6.243906],[106.893911,-6.243728],[106.892911,-6.243593],[106.89232,-6.243602],[106.891436,-6.243697]]},"properties":{"layer_id":"mobilitas","jenis":"lrt","nama":"Bekasi Line (Jatimulya → Dukuh Atas)","sumber":"OSM","atribut":{}}},{"type":"Feature","geometry":{"type":"LineString","coordinates":[[106.891436,-6.243697],[106.890732,-6.243834],[106.890263,-6.243973],[106.8897,-6.244205],[106.889195,-6.244513]]},"properties":{"layer_id":"mobilitas","jenis":"lrt","nama":"Bekasi Line (Jatimulya → Dukuh Atas)","sumber":"OSM","atribut":{}}},{"type":"Feature","geometry":{"type":"LineString","coordinates":[[106.889195,-6.244513],[106.888056,-6.245285],[106.887068,-6.246003],[106.885835,-6.246738],[106.885417,-6.246905],[106.885009,-6.24704],[106.884539,-6.247145],[106.883744,-6.247242],[106.881369,-6.247127]]},"properties":{"layer_id":"mobilitas","jenis":"lrt","nama":"Bekasi Line (Jatimulya → Dukuh Atas)","sumber":"OSM","atribut":{}}},{"type":"Feature","geometry":{"type":"LineString","coordinates":[[106.881369,-6.247127],[106.880291,-6.247075],[106.880079,-6.247091],[106.879557,-6.247204],[106.879143,-6.247389],[106.878159,-6.248056]]},"properties":{"layer_id":"mobilitas","jenis":"lrt","nama":"Bekasi Line (Jatimulya → Dukuh Atas)","sumber":"OSM","atribut":{}}},{"type":"Feature","geometry":{"type":"LineString","coordinates":[[106.878159,-6.248056],[106.877506,-6.248528],[106.877057,-6.248712],[106.876762,-6.248757],[106.876597,-6.248741],[106.876239,-6.248588],[106.875402,-6.247915]]},"properties":{"layer_id":"mobilitas","jenis":"lrt","nama":"Bekasi Line (Jatimulya → Dukuh Atas)","sumber":"OSM","atribut":{}}},{"type":"Feature","geometry":{"type":"LineString","coordinates":[[106.875402,-6.247915],[106.874174,-6.246876]]},"properties":{"layer_id":"mobilitas","jenis":"lrt","nama":"Bekasi Line (Jatimulya → Dukuh Atas)","sumber":"OSM","atribut":{}}},{"type":"Feature","geometry":{"type":"LineString","coordinates":[[106.874174,-6.246876],[106.87389,-6.246631],[106.873762,-6.24656],[106.872906,-6.246333]]},"properties":{"layer_id":"mobilitas","jenis":"lrt","nama":"Bekasi Line (Jatimulya → Dukuh Atas)","sumber":"OSM","atribut":{}}},{"type":"Feature","geometry":{"type":"LineString","coordinates":[[106.872906,-6.246333],[106.870712,-6.245744]]},"properties":{"layer_id":"mobilitas","jenis":"lrt","nama":"Bekasi Line (Jatimulya → Dukuh Atas)","sumber":"OSM","atribut":{}}},{"type":"Feature","geometry":{"type":"LineString","coordinates":[[106.870712,-6.245744],[106.869825,-6.245448]]},"properties":{"layer_id":"mobilitas","jenis":"lrt","nama":"Bekasi Line (Jatimulya → Dukuh Atas)","sumber":"OSM","atribut":{}}},{"type":"Feature","geometry":{"type":"LineString","coordinates":[[106.869825,-6.245448],[106.869225,-6.245178]]},"properties":{"layer_id":"mobilitas","jenis":"lrt","nama":"Bekasi Line (Jatimulya → Dukuh Atas)","sumber":"OSM","atribut":{}}},{"type":"Feature","geometry":{"type":"LineString","coordinates":[[106.869225,-6.245178],[106.867074,-6.244257],[106.865817,-6.243813],[106.865308,-6.243666],[106.864243,-6.243461],[106.863414,-6.243371],[106.862714,-6.243343],[106.861702,-6.243363],[106.86007,-6.243477],[106.858229,-6.243486],[106.856402,-6.243427]]},"properties":{"layer_id":"mobilitas","jenis":"lrt","nama":"Bekasi Line (Jatimulya → Dukuh Atas)","sumber":"OSM","atribut":{}}},{"type":"Feature","geometry":{"type":"LineString","coordinates":[[106.856402,-6.243427],[106.85228,-6.243409],[106.850044,-6.243555],[106.848515,-6.243607],[106.846841,-6.243755],[106.846312,-6.243774],[106.844169,-6.243667]]},"properties":{"layer_id":"mobilitas","jenis":"lrt","nama":"Bekasi Line (Jatimulya → Dukuh Atas)","sumber":"OSM","atribut":{}}},{"type":"Feature","geometry":{"type":"LineString","coordinates":[[106.844169,-6.243667],[106.843329,-6.243614],[106.842835,-6.243506],[106.841454,-6.242932],[106.837839,-6.241936]]},"properties":{"layer_id":"mobilitas","jenis":"lrt","nama":"Bekasi Line (Jatimulya → Dukuh Atas)","sumber":"OSM","atribut":{}}},{"type":"Feature","geometry":{"type":"LineString","coordinates":[[106.837839,-6.241936],[106.83356,-6.240827],[106.832946,-6.240622],[106.832467,-6.24039],[106.831805,-6.240014],[106.830955,-6.239434],[106.829746,-6.238688],[106.828364,-6.23798]]},"properties":{"layer_id":"mobilitas","jenis":"lrt","nama":"Bekasi Line (Jatimulya → Dukuh Atas)","sumber":"OSM","atribut":{}}},{"type":"Feature","geometry":{"type":"LineString","coordinates":[[106.828364,-6.23798],[106.827847,-6.237657],[106.827657,-6.237481],[106.827481,-6.237164],[106.827428,-6.236915],[106.82744,-6.236683],[106.827562,-6.236343],[106.827955,-6.235728],[106.828234,-6.235396]]},"properties":{"layer_id":"mobilitas","jenis":"lrt","nama":"Bekasi Line (Jatimulya → Dukuh Atas)","sumber":"OSM","atribut":{}}},{"type":"Feature","geometry":{"type":"LineString","coordinates":[[106.828234,-6.235396],[106.828536,-6.235099],[106.82889,-6.234835],[106.829274,-6.234628],[106.83029,-6.234167],[106.830617,-6.233986],[106.831211,-6.233569],[106.831682,-6.233132],[106.832036,-6.232723],[106.832317,-6.232354],[106.832567,-6.23194]]},"properties":{"layer_id":"mobilitas","jenis":"lrt","nama":"Bekasi Line (Jatimulya → Dukuh Atas)","sumber":"OSM","atribut":{}}},{"type":"Feature","geometry":{"type":"LineString","coordinates":[[106.832567,-6.23194],[106.83286,-6.231294],[106.83314,-6.230424],[106.833228,-6.230043],[106.833271,-6.229664],[106.833179,-6.228157]]},"properties":{"layer_id":"mobilitas","jenis":"lrt","nama":"Bekasi Line (Jatimulya → Dukuh Atas)","sumber":"OSM","atribut":{}}},{"type":"Feature","geometry":{"type":"LineString","coordinates":[[106.833179,-6.228157],[106.832854,-6.224043],[106.832115,-6.221027]]},"properties":{"layer_id":"mobilitas","jenis":"lrt","nama":"Bekasi Line (Jatimulya → Dukuh Atas)","sumber":"OSM","atribut":{}}},{"type":"Feature","geometry":{"type":"LineString","coordinates":[[106.832115,-6.221027],[106.831927,-6.220453],[106.831505,-6.219484]]},"properties":{"layer_id":"mobilitas","jenis":"lrt","nama":"Bekasi Line (Jatimulya → Dukuh Atas)","sumber":"OSM","atribut":{}}},{"type":"Feature","geometry":{"type":"LineString","coordinates":[[106.831505,-6.219484],[106.831052,-6.218021],[106.830739,-6.216441],[106.83047,-6.212953],[106.830467,-6.211297],[106.830421,-6.210478],[106.830332,-6.209694],[106.830099,-6.208669]]},"properties":{"layer_id":"mobilitas","jenis":"lrt","nama":"Bekasi Line (Jatimulya → Dukuh Atas)","sumber":"OSM","atribut":{}}},{"type":"Feature","geometry":{"type":"LineString","coordinates":[[106.830099,-6.208669],[106.829866,-6.207979],[106.829565,-6.207312],[106.829369,-6.206898],[106.829154,-6.206585]]},"properties":{"layer_id":"mobilitas","jenis":"lrt","nama":"Bekasi Line (Jatimulya → Dukuh Atas)","sumber":"OSM","atribut":{}}},{"type":"Feature","geometry":{"type":"LineString","coordinates":[[106.829154,-6.206585],[106.82877,-6.206115],[106.828484,-6.205585],[106.828301,-6.205413],[106.828181,-6.205344],[106.827934,-6.20526],[106.827182,-6.205144],[106.825536,-6.204805]]},"properties":{"layer_id":"mobilitas","jenis":"lrt","nama":"Bekasi Line (Jatimulya → Dukuh Atas)","sumber":"OSM","atribut":{}}},{"type":"Feature","geometry":{"type":"LineString","coordinates":[[106.825525,-6.204851],[106.827174,-6.205191],[106.827923,-6.205306],[106.828273,-6.205452],[106.828446,-6.205614],[106.82873,-6.20614],[106.829215,-6.20674],[106.829412,-6.2071]]},"properties":{"layer_id":"mobilitas","jenis":"lrt","nama":"Bekasi Line (Dukuh Atas → Jatimulya)","sumber":"OSM","atribut":{}}},{"type":"Feature","geometry":{"type":"LineString","coordinates":[[106.829412,-6.2071],[106.829825,-6.207994],[106.830026,-6.208571],[106.830218,-6.209343],[106.830313,-6.20991]]},"properties":{"layer_id":"mobilitas","jenis":"lrt","nama":"Bekasi Line (Dukuh Atas → Jatimulya)","sumber":"OSM","atribut":{}}},{"type":"Feature","geometry":{"type":"LineString","coordinates":[[106.830313,-6.20991],[106.830421,-6.211294],[106.830426,-6.212949],[106.830695,-6.216442],[106.831019,-6.218046],[106.83135,-6.219109]]},"properties":{"layer_id":"mobilitas","jenis":"lrt","nama":"Bekasi Line (Dukuh Atas → Jatimulya)","sumber":"OSM","atribut":{}}},{"type":"Feature","geometry":{"type":"LineString","coordinates":[[106.83135,-6.219109],[106.831474,-6.219496],[106.831698,-6.22003]]},"properties":{"layer_id":"mobilitas","jenis":"lrt","nama":"Bekasi Line (Dukuh Atas → Jatimulya)","sumber":"OSM","atribut":{}}},{"type":"Feature","geometry":{"type":"LineString","coordinates":[[106.831698,-6.22003],[106.832025,-6.220872],[106.83238,-6.222285]]},"properties":{"layer_id":"mobilitas","jenis":"lrt","nama":"Bekasi Line (Dukuh Atas → Jatimulya)","sumber":"OSM","atribut":{}}},{"type":"Feature","geometry":{"type":"LineString","coordinates":[[106.83238,-6.222285],[106.832773,-6.223854],[106.832834,-6.224237],[106.833219,-6.229429]]},"properties":{"layer_id":"mobilitas","jenis":"lrt","nama":"Bekasi Line (Dukuh Atas → Jatimulya)","sumber":"OSM","atribut":{}}},{"type":"Feature","geometry":{"type":"LineString","coordinates":[[106.833219,-6.229429],[106.833192,-6.230042],[106.832955,-6.230915],[106.832768,-6.231439],[106.832345,-6.232235]]},"properties":{"layer_id":"mobilitas","jenis":"lrt","nama":"Bekasi Line (Dukuh Atas → Jatimulya)","sumber":"OSM","atribut":{}}},{"type":"Feature","geometry":{"type":"LineString","coordinates":[[106.832345,-6.232235],[106.831824,-6.232903],[106.831481,-6.23327],[106.831181,-6.233532],[106.830592,-6.233945],[106.830269,-6.234125],[106.829253,-6.234585],[106.828758,-6.234865],[106.828505,-6.235063],[106.828199,-6.235363],[106.827825,-6.235834]]},"properties":{"layer_id":"mobilitas","jenis":"lrt","nama":"Bekasi Line (Dukuh Atas → Jatimulya)","sumber":"OSM","atribut":{}}},{"type":"Feature","geometry":{"type":"LineString","coordinates":[[106.827825,-6.235834],[106.827518,-6.236324],[106.827393,-6.236675],[106.82738,-6.236918],[106.827486,-6.237303],[106.82762,-6.237511],[106.827819,-6.237695],[106.82834,-6.238021],[106.828955,-6.238351]]},"properties":{"layer_id":"mobilitas","jenis":"lrt","nama":"Bekasi Line (Dukuh Atas → Jatimulya)","sumber":"OSM","atribut":{}}},{"type":"Feature","geometry":{"type":"LineString","coordinates":[[106.828955,-6.238351],[106.829723,-6.238729],[106.830702,-6.239328],[106.83178,-6.240054],[106.832444,-6.240431],[106.832927,-6.240666],[106.833547,-6.240873],[106.839082,-6.242318]]},"properties":{"layer_id":"mobilitas","jenis":"lrt","nama":"Bekasi Line (Dukuh Atas → Jatimulya)","sumber":"OSM","atribut":{}}},{"type":"Feature","geometry":{"type":"LineString","coordinates":[[106.839082,-6.242318],[106.840483,-6.24272],[106.841237,-6.242899],[106.841637,-6.243042],[106.842634,-6.243477],[106.843023,-6.2436],[106.843473,-6.243669],[106.844873,-6.243743]]},"properties":{"layer_id":"mobilitas","jenis":"lrt","nama":"Bekasi Line (Dukuh Atas → Jatimulya)","sumber":"OSM","atribut":{}}},{"type":"Feature","geometry":{"type":"LineString","coordinates":[[106.844873,-6.243743],[106.846024,-6.243805],[106.846778,-6.243789],[106.84801,-6.24367],[106.850033,-6.243584],[106.852283,-6.243446],[106.856396,-6.243466],[106.857696,-6.243515]]},"properties":{"layer_id":"mobilitas","jenis":"lrt","nama":"Bekasi Line (Dukuh Atas → Jatimulya)","sumber":"OSM","atribut":{}}},{"type":"Feature","geometry":{"type":"LineString","coordinates":[[106.857696,-6.243515],[106.860067,-6.243525],[106.861708,-6.243416],[106.862721,-6.243394],[106.863409,-6.243416],[106.864166,-6.243487],[106.865292,-6.243705],[106.866709,-6.244171],[106.869654,-6.24541]]},"properties":{"layer_id":"mobilitas","jenis":"lrt","nama":"Bekasi Line (Dukuh Atas → Jatimulya)","sumber":"OSM","atribut":{}}},{"type":"Feature","geometry":{"type":"LineString","coordinates":[[106.869654,-6.24541],[106.869813,-6.245478]]},"properties":{"layer_id":"mobilitas","jenis":"lrt","nama":"Bekasi Line (Dukuh Atas → Jatimulya)","sumber":"OSM","atribut":{}}},{"type":"Feature","geometry":{"type":"LineString","coordinates":[[106.869813,-6.245478],[106.870708,-6.245784]]},"properties":{"layer_id":"mobilitas","jenis":"lrt","nama":"Bekasi Line (Dukuh Atas → Jatimulya)","sumber":"OSM","atribut":{}}},{"type":"Feature","geometry":{"type":"LineString","coordinates":[[106.870708,-6.245784],[106.87182,-6.24608]]},"properties":{"layer_id":"mobilitas","jenis":"lrt","nama":"Bekasi Line (Dukuh Atas → Jatimulya)","sumber":"OSM","atribut":{}}},{"type":"Feature","geometry":{"type":"LineString","coordinates":[[106.872859,-6.246353],[106.87182,-6.24608]]},"properties":{"layer_id":"mobilitas","jenis":"lrt","nama":"Bekasi Line (Dukuh Atas → Jatimulya)","sumber":"OSM","atribut":{}}},{"type":"Feature","geometry":{"type":"LineString","coordinates":[[106.874152,-6.246911],[106.873887,-6.246684],[106.873672,-6.246575],[106.872859,-6.246353]]},"properties":{"layer_id":"mobilitas","jenis":"lrt","nama":"Bekasi Line (Dukuh Atas → Jatimulya)","sumber":"OSM","atribut":{}}},{"type":"Feature","geometry":{"type":"LineString","coordinates":[[106.875379,-6.24793],[106.874152,-6.246911]]},"properties":{"layer_id":"mobilitas","jenis":"lrt","nama":"Bekasi Line (Dukuh Atas → Jatimulya)","sumber":"OSM","atribut":{}}},{"type":"Feature","geometry":{"type":"LineString","coordinates":[[106.875379,-6.24793],[106.876216,-6.248634],[106.876598,-6.248796],[106.876773,-6.248809],[106.876919,-6.2488],[106.877229,-6.248716],[106.877552,-6.248553],[106.878184,-6.2481]]},"properties":{"layer_id":"mobilitas","jenis":"lrt","nama":"Bekasi Line (Dukuh Atas → Jatimulya)","sumber":"OSM","atribut":{}}},{"type":"Feature","geometry":{"type":"LineString","coordinates":[[106.878184,-6.2481],[106.879016,-6.247518],[106.87958,-6.247243],[106.88008,-6.247135],[106.881375,-6.247173]]},"properties":{"layer_id":"mobilitas","jenis":"lrt","nama":"Bekasi Line (Dukuh Atas → Jatimulya)","sumber":"OSM","atribut":{}}},{"type":"Feature","geometry":{"type":"LineString","coordinates":[[106.881375,-6.247173],[106.883758,-6.247286],[106.884557,-6.247192],[106.885446,-6.24695],[106.885865,-6.246776],[106.886509,-6.2464],[106.889219,-6.244538]]},"properties":{"layer_id":"mobilitas","jenis":"lrt","nama":"Bekasi Line (Dukuh Atas → Jatimulya)","sumber":"OSM","atribut":{}}},{"type":"Feature","geometry":{"type":"LineString","coordinates":[[106.889219,-6.244538],[106.889728,-6.244229],[106.890272,-6.243999],[106.891025,-6.243795],[106.891457,-6.243725]]},"properties":{"layer_id":"mobilitas","jenis":"lrt","nama":"Bekasi Line (Dukuh Atas → Jatimulya)","sumber":"OSM","atribut":{}}},{"type":"Feature","geometry":{"type":"LineString","coordinates":[[106.891457,-6.243725],[106.892334,-6.243632],[106.892922,-6.243624],[106.893914,-6.243759],[106.894523,-6.243937],[106.8952,-6.244182],[106.895855,-6.244483],[106.896707,-6.244999],[106.897422,-6.245524],[106.898418,-6.246553],[106.899493,-6.248043],[106.901237,-6.251066],[106.901831,-6.251882],[106.902354,-6.252492],[106.903052,-6.253156],[106.903341,-6.253399],[106.904145,-6.253977],[106.904942,-6.25444],[106.905438,-6.254679],[106.906331,-6.255006],[106.90724,-6.255245],[106.907654,-6.255396],[106.912594,-6.257448],[106.91316,-6.257635],[106.914682,-6.258002],[106.915273,-6.258104],[106.915878,-6.258154],[106.918143,-6.258226],[106.921446,-6.25812],[106.927915,-6.257743],[106.940355,-6.257127],[106.943021,-6.256709],[106.943324,-6.256685],[106.943784,-6.256685],[106.945749,-6.256852],[106.946306,-6.256868],[106.952543,-6.256576]]},"properties":{"layer_id":"mobilitas","jenis":"lrt","nama":"Bekasi Line (Dukuh Atas → Jatimulya)","sumber":"OSM","atribut":{}}},{"type":"Feature","geometry":{"type":"LineString","coordinates":[[106.952543,-6.256576],[106.954165,-6.256339],[106.955666,-6.256242],[106.956048,-6.256187],[106.959475,-6.255468],[106.960791,-6.255394],[106.961352,-6.255323],[106.961898,-6.255174],[106.962576,-6.25492]]},"properties":{"layer_id":"mobilitas","jenis":"lrt","nama":"Bekasi Line (Dukuh Atas → Jatimulya)","sumber":"OSM","atribut":{}}},{"type":"Feature","geometry":{"type":"LineString","coordinates":[[106.962576,-6.25492],[106.963691,-6.25448]]},"properties":{"layer_id":"mobilitas","jenis":"lrt","nama":"Bekasi Line (Dukuh Atas → Jatimulya)","sumber":"OSM","atribut":{}}},{"type":"Feature","geometry":{"type":"LineString","coordinates":[[106.963691,-6.25448],[106.965022,-6.253957],[106.965575,-6.253693],[106.96793,-6.252327],[106.970014,-6.250942],[106.970696,-6.250524],[106.971349,-6.250159],[106.972461,-6.249634],[106.97324,-6.249323],[106.974121,-6.249038],[106.974868,-6.248844],[106.975517,-6.248709],[106.9771,-6.248518],[106.978854,-6.248509],[106.979536,-6.248533],[106.980119,-6.248591],[106.980726,-6.248687],[106.981295,-6.248826],[106.982227,-6.249119],[106.98308,-6.249427],[106.985424,-6.250479],[106.986878,-6.251261],[106.989636,-6.252634]]},"properties":{"layer_id":"mobilitas","jenis":"lrt","nama":"Bekasi Line (Dukuh Atas → Jatimulya)","sumber":"OSM","atribut":{}}},{"type":"Feature","geometry":{"type":"LineString","coordinates":[[106.989636,-6.252634],[106.990778,-6.25313]]},"properties":{"layer_id":"mobilitas","jenis":"lrt","nama":"Bekasi Line (Dukuh Atas → Jatimulya)","sumber":"OSM","atribut":{}}},{"type":"Feature","geometry":{"type":"LineString","coordinates":[[106.990778,-6.25313],[106.9944,-6.254472],[107.010093,-6.260068],[107.021665,-6.264126]]},"properties":{"layer_id":"mobilitas","jenis":"lrt","nama":"Bekasi Line (Dukuh Atas → Jatimulya)","sumber":"OSM","atribut":{}}},{"type":"Feature","geometry":{"type":"LineString","coordinates":[[106.792507,-6.175142],[106.790288,-6.173105],[106.789557,-6.172206],[106.789245,-6.171682],[106.788998,-6.1711],[106.78879,-6.170484],[106.788583,-6.169659],[106.788445,-6.168892],[106.788465,-6.167969],[106.788564,-6.167519],[106.788827,-6.16708],[106.789099,-6.166863],[106.789441,-6.166728]]},"properties":{"layer_id":"mobilitas","jenis":"mrt","nama":"East-West Line (Tomang → Medan Satria)","sumber":"OSM","atribut":{}}},{"type":"Feature","geometry":{"type":"LineString","coordinates":[[106.789441,-6.166728],[106.789811,-6.166661],[106.796807,-6.166059]]},"properties":{"layer_id":"mobilitas","jenis":"mrt","nama":"East-West Line (Tomang → Medan Satria)","sumber":"OSM","atribut":{}}},{"type":"Feature","geometry":{"type":"LineString","coordinates":[[106.796807,-6.166059],[106.7985,-6.165941]]},"properties":{"layer_id":"mobilitas","jenis":"mrt","nama":"East-West Line (Tomang → Medan Satria)","sumber":"OSM","atribut":{}}},{"type":"Feature","geometry":{"type":"LineString","coordinates":[[106.7985,-6.165941],[106.800156,-6.165897],[106.803297,-6.165897],[106.804001,-6.165931],[106.805308,-6.166061],[106.807677,-6.165905],[106.808376,-6.165898],[106.808635,-6.165925],[106.809184,-6.166081],[106.809557,-6.166245],[106.809728,-6.166362],[106.809912,-6.166508],[106.810176,-6.166818],[106.810486,-6.167395],[106.810715,-6.167993],[106.810816,-6.168612],[106.811152,-6.171753],[106.813071,-6.17956],[106.813248,-6.180153],[106.813516,-6.180627],[106.81381,-6.180898],[106.814042,-6.18105],[106.814536,-6.181278],[106.821292,-6.183285],[106.821854,-6.183397],[106.822221,-6.183418],[106.823165,-6.183387],[106.832305,-6.182812],[106.833355,-6.182715],[106.834216,-6.182594],[106.83688,-6.181733],[106.838595,-6.181296],[106.839315,-6.181007],[106.840003,-6.180541],[106.843556,-6.177883],[106.843907,-6.177532],[106.845143,-6.175853],[106.845565,-6.175498],[106.845747,-6.175407],[106.848198,-6.175023],[106.855316,-6.17441],[106.857785,-6.173988]]},"properties":{"layer_id":"mobilitas","jenis":"mrt","nama":"East-West Line (Tomang → Medan Satria)","sumber":"OSM","atribut":{}}},{"type":"Feature","geometry":{"type":"LineString","coordinates":[[106.857785,-6.173988],[106.858841,-6.173775],[106.859605,-6.173555]]},"properties":{"layer_id":"mobilitas","jenis":"mrt","nama":"East-West Line (Tomang → Medan Satria)","sumber":"OSM","atribut":{}}},{"type":"Feature","geometry":{"type":"LineString","coordinates":[[106.859605,-6.173555],[106.86039,-6.173276],[106.860969,-6.17303],[106.871042,-6.168353],[106.872472,-6.167705],[106.872907,-6.167543],[106.875637,-6.166687],[106.876813,-6.166379],[106.877385,-6.166352],[106.877815,-6.166372],[106.879409,-6.166531],[106.879718,-6.16659],[106.880793,-6.166958],[106.891162,-6.173306],[106.893959,-6.175904],[106.896206,-6.177884],[106.896446,-6.178037],[106.896844,-6.178153],[106.898255,-6.178197],[106.901127,-6.178403],[106.902022,-6.178678],[106.906888,-6.180586],[106.907408,-6.180833],[106.908907,-6.181724],[106.909442,-6.181988],[106.910009,-6.182221],[106.911053,-6.182367],[106.911362,-6.182476],[106.911854,-6.182709],[106.91206,-6.182767],[106.912438,-6.182748],[106.913616,-6.18249],[106.914054,-6.182497],[106.916906,-6.182699],[106.919377,-6.183075],[106.923139,-6.183398],[106.924692,-6.183625],[106.925444,-6.183766],[106.926097,-6.183836],[106.926732,-6.183816],[106.935601,-6.182809],[106.936178,-6.182799],[106.936691,-6.18286],[106.937291,-6.183018],[106.93802,-6.18332],[106.939742,-6.183929],[106.940395,-6.184072],[106.953168,-6.186291],[106.959503,-6.187543],[106.960705,-6.187816],[106.96149,-6.188046],[106.963275,-6.188636],[106.967249,-6.190148],[106.969047,-6.190923],[106.96971,-6.191249],[106.970251,-6.191602],[106.971058,-6.192289],[106.972792,-6.194192]]},"properties":{"layer_id":"mobilitas","jenis":"mrt","nama":"East-West Line (Tomang → Medan Satria)","sumber":"OSM","atribut":{}}},{"type":"Feature","geometry":{"type":"LineString","coordinates":[[106.972862,-6.194122],[106.971105,-6.192215],[106.970554,-6.191716],[106.969727,-6.191154],[106.969077,-6.190832],[106.967269,-6.190085],[106.962865,-6.188419],[106.961088,-6.187867],[106.959514,-6.187489],[106.95318,-6.186213],[106.942735,-6.184425],[106.940417,-6.184003],[106.939766,-6.183859],[106.939363,-6.183726],[106.938049,-6.183247],[106.937313,-6.18294],[106.936706,-6.182783],[106.936177,-6.182715],[106.935594,-6.182729],[106.926728,-6.183752],[106.926098,-6.183775],[106.925434,-6.183704],[106.923149,-6.183345],[106.918885,-6.182974],[106.916908,-6.182655],[106.91376,-6.182446],[106.913445,-6.182469],[106.912497,-6.182682],[106.912074,-6.182706],[106.911879,-6.182647],[106.911359,-6.182391],[106.911055,-6.182289],[106.910193,-6.182187],[106.909833,-6.182083],[106.908926,-6.181663],[106.907425,-6.180796],[106.906908,-6.180545],[106.902037,-6.178636],[106.901135,-6.178358],[106.898253,-6.178147],[106.896852,-6.178107],[106.89646,-6.178001],[106.896226,-6.177845]]},"properties":{"layer_id":"mobilitas","jenis":"mrt","nama":"East-West Line (Medan Satria → Tomang)","sumber":"OSM","atribut":{}}},{"type":"Feature","geometry":{"type":"LineString","coordinates":[[106.896226,-6.177845],[106.894734,-6.176499],[106.893991,-6.175875],[106.89119,-6.17327],[106.880821,-6.166922],[106.879728,-6.166561],[106.87871,-6.166407],[106.877394,-6.166311],[106.8768,-6.166337],[106.87584,-6.166579],[106.872894,-6.167508],[106.872448,-6.167676],[106.871008,-6.168311],[106.860945,-6.172985],[106.860373,-6.173228],[106.85959,-6.173509]]},"properties":{"layer_id":"mobilitas","jenis":"mrt","nama":"East-West Line (Medan Satria → Tomang)","sumber":"OSM","atribut":{}}},{"type":"Feature","geometry":{"type":"LineString","coordinates":[[106.85959,-6.173509],[106.858836,-6.173718],[106.857776,-6.173938]]},"properties":{"layer_id":"mobilitas","jenis":"mrt","nama":"East-West Line (Medan Satria → Tomang)","sumber":"OSM","atribut":{}}},{"type":"Feature","geometry":{"type":"LineString","coordinates":[[106.857776,-6.173938],[106.853935,-6.174404],[106.850581,-6.174665],[106.848345,-6.1749],[106.845706,-6.175313],[106.845526,-6.175394],[106.8451,-6.175752],[106.844406,-6.176639],[106.843824,-6.177445],[106.843497,-6.177779],[106.839493,-6.180793],[106.839269,-6.180927],[106.838813,-6.181109],[106.836845,-6.181623],[106.834435,-6.182398],[106.833819,-6.182524],[106.833376,-6.182577],[106.823245,-6.183238],[106.822213,-6.183285],[106.821872,-6.183267],[106.821327,-6.183161],[106.814589,-6.181147],[106.814221,-6.180985],[106.813889,-6.180788],[106.813582,-6.180488],[106.813417,-6.180209],[106.813247,-6.179767],[106.811257,-6.171737],[106.811197,-6.171373],[106.810951,-6.168868],[106.810788,-6.167895],[106.810592,-6.167365],[106.810275,-6.166783],[106.810008,-6.166465],[106.809789,-6.16628],[106.809429,-6.166071],[106.809073,-6.165939],[106.808631,-6.165837],[106.808299,-6.165806],[106.807641,-6.165818],[106.805441,-6.165978],[106.803848,-6.165831],[106.803294,-6.165808],[106.800144,-6.165797],[106.798496,-6.165898]]},"properties":{"layer_id":"mobilitas","jenis":"mrt","nama":"East-West Line (Medan Satria → Tomang)","sumber":"OSM","atribut":{}}},{"type":"Feature","geometry":{"type":"LineString","coordinates":[[106.798496,-6.165898],[106.796807,-6.166021]]},"properties":{"layer_id":"mobilitas","jenis":"mrt","nama":"East-West Line (Medan Satria → Tomang)","sumber":"OSM","atribut":{}}},{"type":"Feature","geometry":{"type":"LineString","coordinates":[[106.796807,-6.166021],[106.789559,-6.16666],[106.789194,-6.16677],[106.788911,-6.166945],[106.788686,-6.167206],[106.788524,-6.167512],[106.788446,-6.167826],[106.788394,-6.168628],[106.788394,-6.168831],[106.788472,-6.169384],[106.788722,-6.170504],[106.789132,-6.171614],[106.789477,-6.172219],[106.790232,-6.173134],[106.79095,-6.173831],[106.792459,-6.175197]]},"properties":{"layer_id":"mobilitas","jenis":"mrt","nama":"East-West Line (Medan Satria → Tomang)","sumber":"OSM","atribut":{}}},{"type":"Feature","geometry":{"type":"Point","coordinates":[106.821641,-6.391129]},"properties":{"layer_id":"mobilitas","jenis":"stasiun","nama":"Depok Baru","sumber":"OSM","atribut":{"moda":"krl"}}},{"type":"Feature","geometry":{"type":"Point","coordinates":[106.64671,-6.17517]},"properties":{"layer_id":"mobilitas","jenis":"stasiun","nama":"Tanah Tinggi","sumber":"OSM","atribut":{"moda":"krl"}}},{"type":"Feature","geometry":{"type":"Point","coordinates":[106.632011,-6.176975]},"properties":{"layer_id":"mobilitas","jenis":"stasiun","nama":"Tangerang","sumber":"OSM","atribut":{"moda":"krl"}}},{"type":"Feature","geometry":{"type":"Point","coordinates":[106.979827,-6.224513]},"properties":{"layer_id":"mobilitas","jenis":"stasiun","nama":"Kranji","sumber":"OSM","atribut":{"moda":"krl"}}},{"type":"Feature","geometry":{"type":"Point","coordinates":[107.083798,-6.261825]},"properties":{"layer_id":"mobilitas","jenis":"stasiun","nama":"Cibitung","sumber":"OSM","atribut":{"moda":"krl"}}},{"type":"Feature","geometry":{"type":"Point","coordinates":[106.712647,-6.296844]},"properties":{"layer_id":"mobilitas","jenis":"stasiun","nama":"Sudimara","sumber":"OSM","atribut":{"moda":"krl"}}},{"type":"Feature","geometry":{"type":"Point","coordinates":[106.744693,-6.276683]},"properties":{"layer_id":"mobilitas","jenis":"stasiun","nama":"Pondok Ranji","sumber":"OSM","atribut":{"moda":"krl"}}},{"type":"Feature","geometry":{"type":"Point","coordinates":[106.729146,-6.288582]},"properties":{"layer_id":"mobilitas","jenis":"stasiun","nama":"Jurangmangu","sumber":"OSM","atribut":{"moda":"krl"}}},{"type":"Feature","geometry":{"type":"Point","coordinates":[106.855167,-6.255201]},"properties":{"layer_id":"mobilitas","jenis":"stasiun","nama":"Duren Kalibata","sumber":"OSM","atribut":{"moda":"krl"}}},{"type":"Feature","geometry":{"type":"Point","coordinates":[106.802362,-6.448824]},"properties":{"layer_id":"mobilitas","jenis":"stasiun","nama":"Citayam","sumber":"OSM","atribut":{"moda":"krl"}}},{"type":"Feature","geometry":{"type":"Point","coordinates":[106.43406,-6.328836]},"properties":{"layer_id":"mobilitas","jenis":"stasiun","nama":"Tigaraksa","sumber":"OSM","atribut":{"moda":"krl"}}},{"type":"Feature","geometry":{"type":"Point","coordinates":[106.461659,-6.327318]},"properties":{"layer_id":"mobilitas","jenis":"stasiun","nama":"Tenjo","sumber":"OSM","atribut":{"moda":"krl"}}},{"type":"Feature","geometry":{"type":"Point","coordinates":[106.569846,-6.344344]},"properties":{"layer_id":"mobilitas","jenis":"stasiun","nama":"Parungpanjang","sumber":"OSM","atribut":{"moda":"krl"}}},{"type":"Feature","geometry":{"type":"Point","coordinates":[106.492563,-6.33797]},"properties":{"layer_id":"mobilitas","jenis":"stasiun","nama":"Daru","sumber":"OSM","atribut":{"moda":"krl"}}},{"type":"Feature","geometry":{"type":"Point","coordinates":[106.618971,-6.329683]},"properties":{"layer_id":"mobilitas","jenis":"stasiun","nama":"Cicayur","sumber":"OSM","atribut":{"moda":"krl"}}},{"type":"Feature","geometry":{"type":"Point","coordinates":[106.509643,-6.354265]},"properties":{"layer_id":"mobilitas","jenis":"stasiun","nama":"Cilejit","sumber":"OSM","atribut":{"moda":"krl"}}},{"type":"Feature","geometry":{"type":"Point","coordinates":[106.906269,-6.466282]},"properties":{"layer_id":"mobilitas","jenis":"stasiun","nama":"Nambo","sumber":"OSM","atribut":{"moda":"krl"}}},{"type":"Feature","geometry":{"type":"Point","coordinates":[106.824296,-6.460783]},"properties":{"layer_id":"mobilitas","jenis":"stasiun","nama":"Pondok Rajeg","sumber":"OSM","atribut":{"moda":"krl"}}},{"type":"Feature","geometry":{"type":"Point","coordinates":[106.85252,-6.464248]},"properties":{"layer_id":"mobilitas","jenis":"stasiun","nama":"Cibinong","sumber":"OSM","atribut":{"moda":"krl"}}},{"type":"Feature","geometry":{"type":"Point","coordinates":[106.800688,-6.530724]},"properties":{"layer_id":"mobilitas","jenis":"stasiun","nama":"Cilebut","sumber":"OSM","atribut":{"moda":"krl"}}},{"type":"Feature","geometry":{"type":"Point","coordinates":[106.814568,-6.70278]},"properties":{"layer_id":"mobilitas","jenis":"stasiun","nama":"Maseng","sumber":"OSM","atribut":{"moda":"krl"}}},{"type":"Feature","geometry":{"type":"Point","coordinates":[106.802938,-6.742249]},"properties":{"layer_id":"mobilitas","jenis":"stasiun","nama":"Cigombong","sumber":"OSM","atribut":{"moda":"krl"}}},{"type":"Feature","geometry":{"type":"Point","coordinates":[106.817084,-6.404826]},"properties":{"layer_id":"mobilitas","jenis":"stasiun","nama":"Depok","sumber":"OSM","atribut":{"moda":"krl"}}},{"type":"Feature","geometry":{"type":"Point","coordinates":[106.80974,-6.626143]},"properties":{"layer_id":"mobilitas","jenis":"stasiun","nama":"Batutulis","sumber":"OSM","atribut":{"moda":"krl"}}},{"type":"Feature","geometry":{"type":"Point","coordinates":[106.85869,-6.242552]},"properties":{"layer_id":"mobilitas","jenis":"stasiun","nama":"Cawang","sumber":"OSM","atribut":{"moda":"krl"}}},{"type":"Feature","geometry":{"type":"Point","coordinates":[106.831782,-6.360431]},"properties":{"layer_id":"mobilitas","jenis":"stasiun","nama":"Universitas Indonesia","sumber":"OSM","atribut":{"moda":"krl"}}},{"type":"Feature","geometry":{"type":"Point","coordinates":[106.817016,-6.663597]},"properties":{"layer_id":"mobilitas","jenis":"stasiun","nama":"Ciomas","sumber":"OSM","atribut":{"moda":"krl"}}},{"type":"Feature","geometry":{"type":"Point","coordinates":[106.858439,-6.226398]},"properties":{"layer_id":"mobilitas","jenis":"stasiun","nama":"Tebet","sumber":"OSM","atribut":{"moda":"krl"}}},{"type":"Feature","geometry":{"type":"Point","coordinates":[106.998744,-6.236214]},"properties":{"layer_id":"mobilitas","jenis":"stasiun","nama":"Bekasi","sumber":"OSM","atribut":{"moda":"krl"}}},{"type":"Feature","geometry":{"type":"Point","coordinates":[106.92316,-6.215606]},"properties":{"layer_id":"mobilitas","jenis":"stasiun","nama":"Buaran","sumber":"OSM","atribut":{"moda":"krl"}}},{"type":"Feature","geometry":{"type":"Point","coordinates":[106.952479,-6.219081]},"properties":{"layer_id":"mobilitas","jenis":"stasiun","nama":"Cakung","sumber":"OSM","atribut":{"moda":"krl"}}},{"type":"Feature","geometry":{"type":"Point","coordinates":[106.856512,-6.19362]},"properties":{"layer_id":"mobilitas","jenis":"stasiun","nama":"Kramat","sumber":"OSM","atribut":{"moda":"krl"}}},{"type":"Feature","geometry":{"type":"Point","coordinates":[106.771908,-6.161252]},"properties":{"layer_id":"mobilitas","jenis":"stasiun","nama":"Pesing","sumber":"OSM","atribut":{"moda":"krl"}}},{"type":"Feature","geometry":{"type":"Point","coordinates":[106.832084,-6.369059]},"properties":{"layer_id":"mobilitas","jenis":"stasiun","nama":"Pondok Cina","sumber":"OSM","atribut":{"moda":"krl"}}},{"type":"Feature","geometry":{"type":"Point","coordinates":[106.680752,-6.169735]},"properties":{"layer_id":"mobilitas","jenis":"stasiun","nama":"Poris","sumber":"OSM","atribut":{"moda":"krl"}}},{"type":"Feature","geometry":{"type":"Point","coordinates":[106.665584,-6.320153]},"properties":{"layer_id":"mobilitas","jenis":"stasiun","nama":"Serpong","sumber":"OSM","atribut":{"moda":"krl"}}},{"type":"Feature","geometry":{"type":"Point","coordinates":[106.798446,-6.238774]},"properties":{"layer_id":"mobilitas","jenis":"stasiun","nama":"ASEAN Headquarters","sumber":"OSM","atribut":{"moda":"mrt"}}},{"type":"Feature","geometry":{"type":"Point","coordinates":[106.870339,-6.214925]},"properties":{"layer_id":"mobilitas","jenis":"stasiun","nama":"Jatinegara","sumber":"OSM","atribut":{"moda":"krl"}}},{"type":"Feature","geometry":{"type":"Point","coordinates":[106.832566,-6.185911]},"properties":{"layer_id":"mobilitas","jenis":"stasiun","nama":"Gondangdia","sumber":"OSM","atribut":{"moda":"krl"}}},{"type":"Feature","geometry":{"type":"Point","coordinates":[106.862342,-6.209124]},"properties":{"layer_id":"mobilitas","jenis":"stasiun","nama":"Pondok Jati","sumber":"OSM","atribut":{"moda":"krl"}}},{"type":"Feature","geometry":{"type":"Point","coordinates":[106.849935,-6.21017]},"properties":{"layer_id":"mobilitas","jenis":"stasiun","nama":"Manggarai","sumber":"OSM","atribut":{"moda":"krl"}}},{"type":"Feature","geometry":{"type":"Point","coordinates":[106.84128,-6.198505]},"properties":{"layer_id":"mobilitas","jenis":"stasiun","nama":"Cikini","sumber":"OSM","atribut":{"moda":"krl"}}},{"type":"Feature","geometry":{"type":"Point","coordinates":[106.810894,-6.185713]},"properties":{"layer_id":"mobilitas","jenis":"stasiun","nama":"Tanah Abang","sumber":"OSM","atribut":{"moda":"krl"}}},{"type":"Feature","geometry":{"type":"Point","coordinates":[106.844574,-6.174423]},"properties":{"layer_id":"mobilitas","jenis":"stasiun","nama":"Pasar Senen","sumber":"OSM","atribut":{"moda":"krl"}}},{"type":"Feature","geometry":{"type":"Point","coordinates":[106.797232,-6.20792]},"properties":{"layer_id":"mobilitas","jenis":"stasiun","nama":"Palmerah","sumber":"OSM","atribut":{"moda":"krl"}}},{"type":"Feature","geometry":{"type":"Point","coordinates":[106.851796,-6.262798]},"properties":{"layer_id":"mobilitas","jenis":"stasiun","nama":"Pasar Minggu Baru","sumber":"OSM","atribut":{"moda":"krl"}}},{"type":"Feature","geometry":{"type":"Point","coordinates":[106.830461,-6.166675]},"properties":{"layer_id":"mobilitas","jenis":"stasiun","nama":"Juanda","sumber":"OSM","atribut":{"moda":"krl"}}},{"type":"Feature","geometry":{"type":"Point","coordinates":[106.830647,-6.176655]},"properties":{"layer_id":"mobilitas","jenis":"stasiun","nama":"Gambir","sumber":"OSM","atribut":{"moda":"krl"}}},{"type":"Feature","geometry":{"type":"Point","coordinates":[106.841401,-6.161703]},"properties":{"layer_id":"mobilitas","jenis":"stasiun","nama":"Kemayoran","sumber":"OSM","atribut":{"moda":"krl"}}},{"type":"Feature","geometry":{"type":"Point","coordinates":[106.899413,-6.213319]},"properties":{"layer_id":"mobilitas","jenis":"stasiun","nama":"Klender","sumber":"OSM","atribut":{"moda":"krl"}}},{"type":"Feature","geometry":{"type":"Point","coordinates":[106.940183,-6.217659]},"properties":{"layer_id":"mobilitas","jenis":"stasiun","nama":"Klender Baru","sumber":"OSM","atribut":{"moda":"krl"}}},{"type":"Feature","geometry":{"type":"Point","coordinates":[106.703728,-6.165966]},"properties":{"layer_id":"mobilitas","jenis":"stasiun","nama":"Kalideres","sumber":"OSM","atribut":{"moda":"krl"}}},{"type":"Feature","geometry":{"type":"Point","coordinates":[106.880558,-6.292909]},"properties":{"layer_id":"mobilitas","jenis":"stasiun","nama":"Taman Mini","sumber":"OSM","atribut":{"moda":"lrt"}}},{"type":"Feature","geometry":{"type":"Point","coordinates":[106.819717,-6.201594]},"properties":{"layer_id":"mobilitas","jenis":"stasiun","nama":"BNI City","sumber":"OSM","atribut":{"moda":"krl"}}},{"type":"Feature","geometry":{"type":"Point","coordinates":[106.834263,-6.339345]},"properties":{"layer_id":"mobilitas","jenis":"stasiun","nama":"Universitas Pancasila","sumber":"OSM","atribut":{"moda":"krl"}}},{"type":"Feature","geometry":{"type":"Point","coordinates":[106.850871,-6.186153]},"properties":{"layer_id":"mobilitas","jenis":"stasiun","nama":"Gang Sentiong","sumber":"OSM","atribut":{"moda":"krl"}}},{"type":"Feature","geometry":{"type":"Point","coordinates":[106.827655,-6.160667]},"properties":{"layer_id":"mobilitas","jenis":"stasiun","nama":"Sawah Besar","sumber":"OSM","atribut":{"moda":"krl"}}},{"type":"Feature","geometry":{"type":"Point","coordinates":[106.823449,-6.202408]},"properties":{"layer_id":"mobilitas","jenis":"stasiun","nama":"Sudirman","sumber":"OSM","atribut":{"moda":"krl"}}},{"type":"Feature","geometry":{"type":"Point","coordinates":[106.838949,-6.308041]},"properties":{"layer_id":"mobilitas","jenis":"stasiun","nama":"Tanjung Barat","sumber":"OSM","atribut":{"moda":"krl"}}},{"type":"Feature","geometry":{"type":"Point","coordinates":[106.800779,-6.144737]},"properties":{"layer_id":"mobilitas","jenis":"stasiun","nama":"Angke","sumber":"OSM","atribut":{"moda":"krl"}}},{"type":"Feature","geometry":{"type":"Point","coordinates":[106.836832,-6.1451]},"properties":{"layer_id":"mobilitas","jenis":"stasiun","nama":"Rajawali","sumber":"OSM","atribut":{"moda":"krl"}}},{"type":"Feature","geometry":{"type":"Point","coordinates":[106.801297,-6.155276]},"properties":{"layer_id":"mobilitas","jenis":"stasiun","nama":"Duri","sumber":"OSM","atribut":{"moda":"krl"}}},{"type":"Feature","geometry":{"type":"Point","coordinates":[106.826983,-6.149804]},"properties":{"layer_id":"mobilitas","jenis":"stasiun","nama":"Mangga Besar","sumber":"OSM","atribut":{"moda":"krl"}}},{"type":"Feature","geometry":{"type":"Point","coordinates":[106.844856,-6.283332]},"properties":{"layer_id":"mobilitas","jenis":"stasiun","nama":"Pasar Minggu","sumber":"OSM","atribut":{"moda":"krl"}}},{"type":"Feature","geometry":{"type":"Point","coordinates":[106.823132,-6.1413]},"properties":{"layer_id":"mobilitas","jenis":"stasiun","nama":"Jayakarta","sumber":"OSM","atribut":{"moda":"krl"}}},{"type":"Feature","geometry":{"type":"Point","coordinates":[106.834679,-6.330308]},"properties":{"layer_id":"mobilitas","jenis":"stasiun","nama":"Lenteng Agung","sumber":"OSM","atribut":{"moda":"krl"}}},{"type":"Feature","geometry":{"type":"Point","coordinates":[106.881498,-6.110691]},"properties":{"layer_id":"mobilitas","jenis":"stasiun","nama":"Tanjung Priuk","sumber":"OSM","atribut":{"moda":"krl"}}},{"type":"Feature","geometry":{"type":"Point","coordinates":[106.722754,-6.162744]},"properties":{"layer_id":"mobilitas","jenis":"stasiun","nama":"Rawa Buaya","sumber":"OSM","atribut":{"moda":"krl"}}},{"type":"Feature","geometry":{"type":"Point","coordinates":[106.81462,-6.137583]},"properties":{"layer_id":"mobilitas","jenis":"stasiun","nama":"Jakarta Kota","sumber":"OSM","atribut":{"moda":"krl"}}},{"type":"Feature","geometry":{"type":"Point","coordinates":[106.78961,-6.162035]},"properties":{"layer_id":"mobilitas","jenis":"stasiun","nama":"Grogol","sumber":"OSM","atribut":{"moda":"krl"}}},{"type":"Feature","geometry":{"type":"Point","coordinates":[106.782534,-6.23723]},"properties":{"layer_id":"mobilitas","jenis":"stasiun","nama":"Kebayoran","sumber":"OSM","atribut":{"moda":"krl"}}},{"type":"Feature","geometry":{"type":"Point","coordinates":[106.756573,-6.158627]},"properties":{"layer_id":"mobilitas","jenis":"stasiun","nama":"Taman Kota","sumber":"OSM","atribut":{"moda":"krl"}}},{"type":"Feature","geometry":{"type":"Point","coordinates":[106.845137,-6.128115]},"properties":{"layer_id":"mobilitas","jenis":"stasiun","nama":"Ancol","sumber":"OSM","atribut":{"moda":"krl"}}},{"type":"Feature","geometry":{"type":"Point","coordinates":[106.819373,-6.133327]},"properties":{"layer_id":"mobilitas","jenis":"stasiun","nama":"Jakarta Gudang","sumber":"OSM","atribut":{"moda":"krl"}}},{"type":"Feature","geometry":{"type":"Point","coordinates":[107.018105,-6.246795]},"properties":{"layer_id":"mobilitas","jenis":"stasiun","nama":"Bekasi Timur","sumber":"OSM","atribut":{"moda":"krl"}}},{"type":"Feature","geometry":{"type":"Point","coordinates":[106.411655,-6.335738]},"properties":{"layer_id":"mobilitas","jenis":"stasiun","nama":"Cikoya","sumber":"OSM","atribut":{"moda":"krl"}}},{"type":"Feature","geometry":{"type":"Point","coordinates":[107.111227,-6.257474]},"properties":{"layer_id":"mobilitas","jenis":"stasiun","nama":"Metland Telagamurni","sumber":"OSM","atribut":{"moda":"krl"}}},{"type":"Feature","geometry":{"type":"Point","coordinates":[106.676152,-6.314884]},"properties":{"layer_id":"mobilitas","jenis":"stasiun","nama":"Rawa Buntu","sumber":"OSM","atribut":{"moda":"krl"}}},{"type":"Feature","geometry":{"type":"Point","coordinates":[106.795025,-6.493234]},"properties":{"layer_id":"mobilitas","jenis":"stasiun","nama":"Bojonggede","sumber":"OSM","atribut":{"moda":"krl"}}},{"type":"Feature","geometry":{"type":"Point","coordinates":[106.828487,-6.132702]},"properties":{"layer_id":"mobilitas","jenis":"stasiun","nama":"Kampung Bandan","sumber":"OSM","atribut":{"moda":"krl"}}},{"type":"Feature","geometry":{"type":"Point","coordinates":[106.86136,-6.122821]},"properties":{"layer_id":"mobilitas","jenis":"stasiun","nama":"Jakarta International Stadium","sumber":"OSM","atribut":{"moda":"krl"}}},{"type":"Feature","geometry":{"type":"Point","coordinates":[107.218992,-6.364677]},"properties":{"layer_id":"mobilitas","jenis":"stasiun","nama":"Karawang","sumber":"OSM","atribut":{"moda":"krl"}}},{"type":"Feature","geometry":{"type":"Point","coordinates":[106.884488,-6.245635]},"properties":{"layer_id":"mobilitas","jenis":"stasiun","nama":"Halim","sumber":"OSM","atribut":{"moda":"krl"}}},{"type":"Feature","geometry":{"type":"Point","coordinates":[106.906024,-6.159408]},"properties":{"layer_id":"mobilitas","jenis":"stasiun","nama":"Boulevard Utara Summarecon Mall","sumber":"OSM","atribut":{"moda":"lrt"}}},{"type":"Feature","geometry":{"type":"Point","coordinates":[106.899873,-6.169193]},"properties":{"layer_id":"mobilitas","jenis":"stasiun","nama":"Boulevard Selatan","sumber":"OSM","atribut":{"moda":"lrt"}}},{"type":"Feature","geometry":{"type":"Point","coordinates":[106.893393,-6.17731]},"properties":{"layer_id":"mobilitas","jenis":"stasiun","nama":"Pulomas","sumber":"OSM","atribut":{"moda":"lrt"}}},{"type":"Feature","geometry":{"type":"Point","coordinates":[106.891354,-6.183553]},"properties":{"layer_id":"mobilitas","jenis":"stasiun","nama":"Equestrian","sumber":"OSM","atribut":{"moda":"lrt"}}},{"type":"Feature","geometry":{"type":"Point","coordinates":[106.891184,-6.19213]},"properties":{"layer_id":"mobilitas","jenis":"stasiun","nama":"Velodrome","sumber":"OSM","atribut":{"moda":"lrt"}}},{"type":"Feature","geometry":{"type":"Point","coordinates":[106.914208,-6.157433]},"properties":{"layer_id":"mobilitas","jenis":"stasiun","nama":"Kelapa Gading","sumber":"OSM","atribut":{"moda":"lrt"}}},{"type":"Feature","geometry":{"type":"Point","coordinates":[106.823008,-6.191864]},"properties":{"layer_id":"mobilitas","jenis":"stasiun","nama":"Bundaran HI Bank Jakarta","sumber":"OSM","atribut":{"moda":"mrt"}}},{"type":"Feature","geometry":{"type":"Point","coordinates":[106.822788,-6.200796]},"properties":{"layer_id":"mobilitas","jenis":"stasiun","nama":"Dukuh Atas BNI","sumber":"OSM","atribut":{"moda":"mrt"}}},{"type":"Feature","geometry":{"type":"Point","coordinates":[106.821695,-6.209065]},"properties":{"layer_id":"mobilitas","jenis":"stasiun","nama":"Setiabudi Astra","sumber":"OSM","atribut":{"moda":"mrt"}}},{"type":"Feature","geometry":{"type":"Point","coordinates":[106.817948,-6.215026]},"properties":{"layer_id":"mobilitas","jenis":"stasiun","nama":"Bendungan Hilir","sumber":"OSM","atribut":{"moda":"mrt"}}},{"type":"Feature","geometry":{"type":"Point","coordinates":[106.808623,-6.22239]},"properties":{"layer_id":"mobilitas","jenis":"stasiun","nama":"Istora Mandiri","sumber":"OSM","atribut":{"moda":"mrt"}}},{"type":"Feature","geometry":{"type":"Point","coordinates":[106.802493,-6.226734]},"properties":{"layer_id":"mobilitas","jenis":"stasiun","nama":"Senayan Mastercard","sumber":"OSM","atribut":{"moda":"mrt"}}},{"type":"Feature","geometry":{"type":"Point","coordinates":[106.798133,-6.244464]},"properties":{"layer_id":"mobilitas","jenis":"stasiun","nama":"Blok M BCA","sumber":"OSM","atribut":{"moda":"mrt"}}},{"type":"Feature","geometry":{"type":"Point","coordinates":[106.79714,-6.255779]},"properties":{"layer_id":"mobilitas","jenis":"stasiun","nama":"Blok A VISA","sumber":"OSM","atribut":{"moda":"mrt"}}},{"type":"Feature","geometry":{"type":"Point","coordinates":[106.797326,-6.266695]},"properties":{"layer_id":"mobilitas","jenis":"stasiun","nama":"Haji Nawi","sumber":"OSM","atribut":{"moda":"mrt"}}},{"type":"Feature","geometry":{"type":"Point","coordinates":[106.797316,-6.27836]},"properties":{"layer_id":"mobilitas","jenis":"stasiun","nama":"Cipete Raya TUKU","sumber":"OSM","atribut":{"moda":"mrt"}}},{"type":"Feature","geometry":{"type":"Point","coordinates":[106.792464,-6.292451]},"properties":{"layer_id":"mobilitas","jenis":"stasiun","nama":"Fatmawati Indomaret","sumber":"OSM","atribut":{"moda":"mrt"}}},{"type":"Feature","geometry":{"type":"Point","coordinates":[106.774935,-6.289274]},"properties":{"layer_id":"mobilitas","jenis":"stasiun","nama":"Lebak Bulus Bank Syariah Indonesia","sumber":"OSM","atribut":{"moda":"mrt"}}},{"type":"Feature","geometry":{"type":"Point","coordinates":[106.857072,-6.243472]},"properties":{"layer_id":"mobilitas","jenis":"stasiun","nama":"Cikoko","sumber":"OSM","atribut":{"moda":"lrt"}}},{"type":"Feature","geometry":{"type":"Point","coordinates":[106.838515,-6.242141]},"properties":{"layer_id":"mobilitas","jenis":"stasiun","nama":"Pancoran","sumber":"OSM","atribut":{"moda":"lrt"}}},{"type":"Feature","geometry":{"type":"Point","coordinates":[106.830234,-6.209322]},"properties":{"layer_id":"mobilitas","jenis":"stasiun","nama":"Setiabudi","sumber":"OSM","atribut":{"moda":"lrt"}}},{"type":"Feature","geometry":{"type":"Point","coordinates":[106.832237,-6.221609]},"properties":{"layer_id":"mobilitas","jenis":"stasiun","nama":"Rasuna Said","sumber":"OSM","atribut":{"moda":"lrt"}}},{"type":"Feature","geometry":{"type":"Point","coordinates":[106.88438,-6.309549]},"properties":{"layer_id":"mobilitas","jenis":"stasiun","nama":"Kampung Rambutan","sumber":"OSM","atribut":{"moda":"lrt"}}},{"type":"Feature","geometry":{"type":"Point","coordinates":[106.89567,-6.373893]},"properties":{"layer_id":"mobilitas","jenis":"stasiun","nama":"Harjamukti","sumber":"OSM","atribut":{"moda":"lrt"}}},{"type":"Feature","geometry":{"type":"Point","coordinates":[106.641626,-6.324445]},"properties":{"layer_id":"mobilitas","jenis":"stasiun","nama":"Cisauk","sumber":"OSM","atribut":{"moda":"krl"}}},{"type":"Feature","geometry":{"type":"Point","coordinates":[107.02167,-6.264108]},"properties":{"layer_id":"mobilitas","jenis":"stasiun","nama":"Jatimulya","sumber":"OSM","atribut":{"moda":"lrt"}}},{"type":"Feature","geometry":{"type":"Point","coordinates":[106.859753,-6.212567]},"properties":{"layer_id":"mobilitas","jenis":"stasiun","nama":"Matraman","sumber":"OSM","atribut":{"moda":"krl"}}},{"type":"Feature","geometry":{"type":"Point","coordinates":[107.179632,-6.270684]},"properties":{"layer_id":"mobilitas","jenis":"stasiun","nama":"Lemahabang","sumber":"OSM","atribut":{"moda":"krl"}}},{"type":"Feature","geometry":{"type":"Point","coordinates":[106.790769,-6.594289]},"properties":{"layer_id":"mobilitas","jenis":"stasiun","nama":"Bogor","sumber":"OSM","atribut":{"moda":"krl"}}},{"type":"Feature","geometry":{"type":"Point","coordinates":[106.990424,-6.252949]},"properties":{"layer_id":"mobilitas","jenis":"stasiun","nama":"Bekasi Barat","sumber":"OSM","atribut":{"moda":"lrt"}}},{"type":"Feature","geometry":{"type":"Point","coordinates":[106.963211,-6.25465]},"properties":{"layer_id":"mobilitas","jenis":"stasiun","nama":"Cikunir 2","sumber":"OSM","atribut":{"moda":"lrt"}}},{"type":"Feature","geometry":{"type":"Point","coordinates":[106.951873,-6.2566]},"properties":{"layer_id":"mobilitas","jenis":"stasiun","nama":"Cikunir 1","sumber":"OSM","atribut":{"moda":"lrt"}}},{"type":"Feature","geometry":{"type":"Point","coordinates":[106.92792,-6.257748]},"properties":{"layer_id":"mobilitas","jenis":"stasiun","nama":"Jatibening Baru","sumber":"OSM","atribut":{"moda":"lrt"}}},{"type":"Feature","geometry":{"type":"Point","coordinates":[106.833203,-6.228773]},"properties":{"layer_id":"mobilitas","jenis":"stasiun","nama":"Kuningan","sumber":"OSM","atribut":{"moda":"lrt"}}},{"type":"Feature","geometry":{"type":"Point","coordinates":[106.886643,-6.323769]},"properties":{"layer_id":"mobilitas","jenis":"stasiun","nama":"Ciracas","sumber":"OSM","atribut":{"moda":"lrt"}}},{"type":"Feature","geometry":{"type":"Point","coordinates":[106.82553,-6.204828]},"properties":{"layer_id":"mobilitas","jenis":"stasiun","nama":"Dukuh Atas Bank Syariah Indonesia","sumber":"OSM","atribut":{"moda":"lrt"}}},{"type":"Feature","geometry":{"type":"Point","coordinates":[106.86397,-6.243446]},"properties":{"layer_id":"mobilitas","jenis":"stasiun","nama":"Ciliwung","sumber":"OSM","atribut":{"moda":"lrt"}}},{"type":"Feature","geometry":{"type":"Point","coordinates":[107.055804,-6.25855]},"properties":{"layer_id":"mobilitas","jenis":"stasiun","nama":"Tambun","sumber":"OSM","atribut":{"moda":"krl"}}},{"type":"Feature","geometry":{"type":"Point","coordinates":[106.665287,-6.172027]},"properties":{"layer_id":"mobilitas","jenis":"stasiun","nama":"Batu Ceper","sumber":"OSM","atribut":{"moda":"krl"}}},{"type":"Feature","geometry":{"type":"Point","coordinates":[106.606613,-6.334994]},"properties":{"layer_id":"mobilitas","jenis":"stasiun","nama":"Jatake","sumber":"OSM","atribut":{"moda":"krl"}}},{"type":"Feature","geometry":{"type":"Point","coordinates":[106.887287,-6.245866]},"properties":{"layer_id":"mobilitas","jenis":"stasiun","nama":"Halim","sumber":"OSM","atribut":{"moda":"lrt"}}},{"type":"Feature","geometry":{"type":"Point","coordinates":[106.790649,-6.597812]},"properties":{"layer_id":"mobilitas","jenis":"stasiun","nama":"Bogor Paledang","sumber":"OSM","atribut":{"moda":"krl"}}},{"type":"Feature","geometry":{"type":"Point","coordinates":[106.845668,-6.208654]},"properties":{"layer_id":"mobilitas","jenis":"stasiun","nama":"Manggarai","sumber":"OSM","atribut":{"moda":"lrt"}}},{"type":"Feature","geometry":{"type":"Point","coordinates":[106.850214,-6.202116]},"properties":{"layer_id":"mobilitas","jenis":"stasiun","nama":"Proklamasi","sumber":"OSM","atribut":{"moda":"lrt"}}},{"type":"Feature","geometry":{"type":"Point","coordinates":[106.859983,-6.195077]},"properties":{"layer_id":"mobilitas","jenis":"stasiun","nama":"Matraman","sumber":"OSM","atribut":{"moda":"lrt"}}},{"type":"Feature","geometry":{"type":"Point","coordinates":[106.870889,-6.192]},"properties":{"layer_id":"mobilitas","jenis":"stasiun","nama":"Pramuka","sumber":"OSM","atribut":{"moda":"lrt"}}},{"type":"Feature","geometry":{"type":"Point","coordinates":[106.882505,-6.193139]},"properties":{"layer_id":"mobilitas","jenis":"stasiun","nama":"Rawamangun","sumber":"OSM","atribut":{"moda":"lrt"}}},{"type":"Feature","geometry":{"type":"Point","coordinates":[107.145073,-6.255314]},"properties":{"layer_id":"mobilitas","jenis":"stasiun","nama":"Cikarang","sumber":"OSM","atribut":{"moda":"krl"}}},{"type":"Feature","geometry":{"type":"Point","coordinates":[106.736134,-6.160214]},"properties":{"layer_id":"mobilitas","jenis":"stasiun","nama":"Bojong Indah","sumber":"OSM","atribut":{"moda":"krl"}}},{"type":"Feature","geometry":{"type":"Point","coordinates":[106.779769,-6.790115]},"properties":{"layer_id":"mobilitas","jenis":"stasiun","nama":"Cicurug","sumber":"OSM","atribut":{"moda":"krl"}}},{"type":"Feature","geometry":{"type":"Point","coordinates":[106.652516,-6.127279]},"properties":{"layer_id":"mobilitas","jenis":"stasiun","nama":"Bandara Soekarno-Hatta","sumber":"OSM","atribut":{"moda":"krl"}}},{"type":"Feature","geometry":{"type":"Point","coordinates":[106.87123,-6.245907]},"properties":{"layer_id":"mobilitas","jenis":"stasiun","nama":"Cawang","sumber":"OSM","atribut":{"moda":"lrt"}}},{"type":"Feature","geometry":{"type":"Point","coordinates":[106.652947,-6.127128]},"properties":{"layer_id":"mobilitas","jenis":"stasiun","nama":"Bandara Soekarno-Hatta","sumber":"OSM","atribut":{"moda":"lrt"}}},{"type":"Feature","geometry":{"type":"Point","coordinates":[106.655816,-6.130291]},"properties":{"layer_id":"mobilitas","jenis":"stasiun","nama":"Terminal 1","sumber":"OSM","atribut":{"moda":"lrt"}}},{"type":"Feature","geometry":{"type":"Point","coordinates":[106.653021,-6.123135]},"properties":{"layer_id":"mobilitas","jenis":"stasiun","nama":"Terminal 2","sumber":"OSM","atribut":{"moda":"lrt"}}},{"type":"Feature","geometry":{"type":"Point","coordinates":[106.665118,-6.11979]},"properties":{"layer_id":"mobilitas","jenis":"stasiun","nama":"Terminal 3","sumber":"OSM","atribut":{"moda":"lrt"}}},{"type":"Feature","geometry":{"type":"Point","coordinates":[106.745615,-6.551755]},"properties":{"layer_id":"mobilitas","jenis":"halte","nama":null,"sumber":"OSM","atribut":{}}},{"type":"Feature","geometry":{"type":"Point","coordinates":[106.74915,-6.34724]},"properties":{"layer_id":"mobilitas","jenis":"halte","nama":"Halte","sumber":"OSM","atribut":{}}},{"type":"Feature","geometry":{"type":"Point","coordinates":[106.829771,-6.34835]},"properties":{"layer_id":"mobilitas","jenis":"halte","nama":"Asrama UI","sumber":"OSM","atribut":{}}},{"type":"Feature","geometry":{"type":"Point","coordinates":[106.831599,-6.368122]},"properties":{"layer_id":"mobilitas","jenis":"halte","nama":"Balairung","sumber":"OSM","atribut":{}}},{"type":"Feature","geometry":{"type":"Point","coordinates":[106.825819,-6.359453]},"properties":{"layer_id":"mobilitas","jenis":"halte","nama":"Fakultas Ekonomi dan Bisnis","sumber":"OSM","atribut":{}}},{"type":"Feature","geometry":{"type":"Point","coordinates":[106.825694,-6.359614]},"properties":{"layer_id":"mobilitas","jenis":"halte","nama":"Fakultas Ekonomi dan Bisnis","sumber":"OSM","atribut":{}}},{"type":"Feature","geometry":{"type":"Point","coordinates":[106.832227,-6.364898]},"properties":{"layer_id":"mobilitas","jenis":"halte","nama":"Fakultas Hukum","sumber":"OSM","atribut":{}}},{"type":"Feature","geometry":{"type":"Point","coordinates":[106.829463,-6.361182]},"properties":{"layer_id":"mobilitas","jenis":"halte","nama":"Fakultas Ilmu Pengetahuan Budaya","sumber":"OSM","atribut":{}}},{"type":"Feature","geometry":{"type":"Point","coordinates":[106.829362,-6.371702]},"properties":{"layer_id":"mobilitas","jenis":"halte","nama":"Fakultas Kesehatan Masyarakat","sumber":"OSM","atribut":{}}},{"type":"Feature","geometry":{"type":"Point","coordinates":[106.83012,-6.361826]},"properties":{"layer_id":"mobilitas","jenis":"halte","nama":"Fakultas Ilmu Sosial dan Ilmu Politik","sumber":"OSM","atribut":{}}},{"type":"Feature","geometry":{"type":"Point","coordinates":[106.829104,-6.371456]},"properties":{"layer_id":"mobilitas","jenis":"halte","nama":"Fakultas Kesehatan Masyarakat","sumber":"OSM","atribut":{}}},{"type":"Feature","geometry":{"type":"Point","coordinates":[106.825973,-6.369673]},"properties":{"layer_id":"mobilitas","jenis":"halte","nama":"Fakultas Matematika dan IPA","sumber":"OSM","atribut":{}}},{"type":"Feature","geometry":{"type":"Point","coordinates":[106.825757,-6.369844]},"properties":{"layer_id":"mobilitas","jenis":"halte","nama":"Fakultas Matematika dan IPA","sumber":"OSM","atribut":{}}},{"type":"Feature","geometry":{"type":"Point","coordinates":[106.831202,-6.362916]},"properties":{"layer_id":"mobilitas","jenis":"halte","nama":"Fakultas Psikologi","sumber":"OSM","atribut":{}}},{"type":"Feature","geometry":{"type":"Point","coordinates":[106.823311,-6.361283]},"properties":{"layer_id":"mobilitas","jenis":"halte","nama":"Fakultas Teknik","sumber":"OSM","atribut":{}}},{"type":"Feature","geometry":{"type":"Point","coordinates":[106.831818,-6.353529]},"properties":{"layer_id":"mobilitas","jenis":"halte","nama":"Universitas Indonesia","sumber":"OSM","atribut":{}}},{"type":"Feature","geometry":{"type":"Point","coordinates":[106.832013,-6.365598]},"properties":{"layer_id":"mobilitas","jenis":"halte","nama":"Masjid UI","sumber":"OSM","atribut":{}}},{"type":"Feature","geometry":{"type":"Point","coordinates":[106.824021,-6.36676]},"properties":{"layer_id":"mobilitas","jenis":"halte","nama":"Pusgiwa","sumber":"OSM","atribut":{}}},{"type":"Feature","geometry":{"type":"Point","coordinates":[106.831794,-6.368227]},"properties":{"layer_id":"mobilitas","jenis":"halte","nama":"Pondok Cina","sumber":"OSM","atribut":{}}},{"type":"Feature","geometry":{"type":"Point","coordinates":[106.821801,-6.365952]},"properties":{"layer_id":"mobilitas","jenis":"halte","nama":"Program Vokasi","sumber":"OSM","atribut":{}}},{"type":"Feature","geometry":{"type":"Point","coordinates":[106.821654,-6.366113]},"properties":{"layer_id":"mobilitas","jenis":"halte","nama":"Program Vokasi","sumber":"OSM","atribut":{}}},{"type":"Feature","geometry":{"type":"Point","coordinates":[106.83172,-6.361064]},"properties":{"layer_id":"mobilitas","jenis":"halte","nama":"Stasiun KRL Universitas Indonesia","sumber":"OSM","atribut":{}}},{"type":"Feature","geometry":{"type":"Point","coordinates":[106.824483,-6.367015]},"properties":{"layer_id":"mobilitas","jenis":"halte","nama":"SOR","sumber":"OSM","atribut":{}}},{"type":"Feature","geometry":{"type":"Point","coordinates":[106.819018,-6.305763]},"properties":{"layer_id":"mobilitas","jenis":"halte","nama":"Ragunan","sumber":"OSM","atribut":{}}},{"type":"Feature","geometry":{"type":"Point","coordinates":[106.756036,-6.307487]},"properties":{"layer_id":"mobilitas","jenis":"halte","nama":"Kampus UIN 1","sumber":"OSM","atribut":{}}},{"type":"Feature","geometry":{"type":"Point","coordinates":[106.892616,-6.299817]},"properties":{"layer_id":"mobilitas","jenis":"halte","nama":"Anjungan Jambi","sumber":"OSM","atribut":{}}},{"type":"Feature","geometry":{"type":"Point","coordinates":[106.880252,-6.289546]},"properties":{"layer_id":"mobilitas","jenis":"halte","nama":"Pondok Gede Raya","sumber":"OSM","atribut":{}}},{"type":"Feature","geometry":{"type":"Point","coordinates":[106.877514,-6.289885]},"properties":{"layer_id":"mobilitas","jenis":"halte","nama":"Dukuh 5","sumber":"OSM","atribut":{}}},{"type":"Feature","geometry":{"type":"Point","coordinates":[106.880885,-6.291602]},"properties":{"layer_id":"mobilitas","jenis":"halte","nama":"Tamini Square 2","sumber":"OSM","atribut":{}}},{"type":"Feature","geometry":{"type":"Point","coordinates":[106.880663,-6.291528]},"properties":{"layer_id":"mobilitas","jenis":"halte","nama":"Tamini Square 1","sumber":"OSM","atribut":{}}},{"type":"Feature","geometry":{"type":"Point","coordinates":[106.88324,-6.298404]},"properties":{"layer_id":"mobilitas","jenis":"halte","nama":"Masjid At Tin","sumber":"OSM","atribut":{}}},{"type":"Feature","geometry":{"type":"Point","coordinates":[106.749953,-6.340217]},"properties":{"layer_id":"mobilitas","jenis":"halte","nama":"Primajasa","sumber":"OSM","atribut":{}}},{"type":"Feature","geometry":{"type":"Point","coordinates":[106.819048,-6.402873]},"properties":{"layer_id":"mobilitas","jenis":"halte","nama":"Puskesmas Panmas","sumber":"OSM","atribut":{}}},{"type":"Feature","geometry":{"type":"Point","coordinates":[106.822814,-6.394951]},"properties":{"layer_id":"mobilitas","jenis":"halte","nama":"Balaikota Depok 2","sumber":"OSM","atribut":{}}},{"type":"Feature","geometry":{"type":"Point","coordinates":[106.840169,-6.297729]},"properties":{"layer_id":"mobilitas","jenis":"halte","nama":"Komplek AL","sumber":"OSM","atribut":{}}},{"type":"Feature","geometry":{"type":"Point","coordinates":[106.839739,-6.302032]},"properties":{"layer_id":"mobilitas","jenis":"halte","nama":"Tanjung Barat","sumber":"OSM","atribut":{}}},{"type":"Feature","geometry":{"type":"Point","coordinates":[106.83866,-6.307565]},"properties":{"layer_id":"mobilitas","jenis":"halte","nama":"Stasiun Tanjung Barat 2","sumber":"OSM","atribut":{}}},{"type":"Feature","geometry":{"type":"Point","coordinates":[106.840997,-6.295756]},"properties":{"layer_id":"mobilitas","jenis":"halte","nama":"Poltangan","sumber":"OSM","atribut":{}}},{"type":"Feature","geometry":{"type":"Point","coordinates":[106.840037,-6.302889]},"properties":{"layer_id":"mobilitas","jenis":"halte","nama":"Flyover Tanjung Barat","sumber":"OSM","atribut":{}}},{"type":"Feature","geometry":{"type":"Point","coordinates":[106.838097,-6.308819]},"properties":{"layer_id":"mobilitas","jenis":"halte","nama":"Lenteng Agung Barat","sumber":"OSM","atribut":{}}},{"type":"Feature","geometry":{"type":"Point","coordinates":[106.839167,-6.308301]},"properties":{"layer_id":"mobilitas","jenis":"halte","nama":"Tanjung Mas Raya","sumber":"OSM","atribut":{}}},{"type":"Feature","geometry":{"type":"Point","coordinates":[106.843677,-6.286748]},"properties":{"layer_id":"mobilitas","jenis":"halte","nama":"LP3I","sumber":"OSM","atribut":{}}},{"type":"Feature","geometry":{"type":"Point","coordinates":[106.844569,-6.282524]},"properties":{"layer_id":"mobilitas","jenis":"halte","nama":"Terminal Pasar Minggu 2","sumber":"OSM","atribut":{}}},{"type":"Feature","geometry":{"type":"Point","coordinates":[106.795555,-6.286695]},"properties":{"layer_id":"mobilitas","jenis":"halte","nama":"Pasar Mede","sumber":"OSM","atribut":{}}},{"type":"Feature","geometry":{"type":"Point","coordinates":[106.795347,-6.291271]},"properties":{"layer_id":"mobilitas","jenis":"halte","nama":"Simpang Fatmawati","sumber":"OSM","atribut":{}}},{"type":"Feature","geometry":{"type":"Point","coordinates":[106.795114,-6.291183]},"properties":{"layer_id":"mobilitas","jenis":"halte","nama":"Jalan Banjarsari 2","sumber":"OSM","atribut":{}}},{"type":"Feature","geometry":{"type":"Point","coordinates":[106.79616,-6.281385]},"properties":{"layer_id":"mobilitas","jenis":"halte","nama":"Rumah Sakit Setia Mitra 2","sumber":"OSM","atribut":{}}},{"type":"Feature","geometry":{"type":"Point","coordinates":[106.7964,-6.281244]},"properties":{"layer_id":"mobilitas","jenis":"halte","nama":"Rumah Sakit Setia Mitra 1","sumber":"OSM","atribut":{}}},{"type":"Feature","geometry":{"type":"Point","coordinates":[106.795593,-6.287291]},"properties":{"layer_id":"mobilitas","jenis":"halte","nama":"Jalan Cilandak V","sumber":"OSM","atribut":{}}},{"type":"Feature","geometry":{"type":"Point","coordinates":[106.833931,-6.339237]},"properties":{"layer_id":"mobilitas","jenis":"halte","nama":"Stasiun Universitas Pancasila","sumber":"OSM","atribut":{}}},{"type":"Feature","geometry":{"type":"Point","coordinates":[106.883375,-6.435412]},"properties":{"layer_id":"mobilitas","jenis":"halte","nama":"SDN Tapos 4","sumber":"OSM","atribut":{}}},{"type":"Feature","geometry":{"type":"Point","coordinates":[106.886282,-6.432273]},"properties":{"layer_id":"mobilitas","jenis":"halte","nama":"Kantor Kecamatan Tapos","sumber":"OSM","atribut":{}}},{"type":"Feature","geometry":{"type":"Point","coordinates":[106.745917,-6.319929]},"properties":{"layer_id":"mobilitas","jenis":"halte","nama":"SMK Darussalam","sumber":"OSM","atribut":{}}},{"type":"Feature","geometry":{"type":"Point","coordinates":[106.7463,-6.321283]},"properties":{"layer_id":"mobilitas","jenis":"halte","nama":"Pom Bensin Ciputat","sumber":"OSM","atribut":{}}},{"type":"Feature","geometry":{"type":"Point","coordinates":[106.819082,-6.399946]},"properties":{"layer_id":"mobilitas","jenis":"halte","nama":"Scarlet Kartini","sumber":"OSM","atribut":{}}},{"type":"Feature","geometry":{"type":"Point","coordinates":[106.799911,-6.331669]},"properties":{"layer_id":"mobilitas","jenis":"halte","nama":"Andara","sumber":"OSM","atribut":{}}},{"type":"Feature","geometry":{"type":"Point","coordinates":[106.817677,-6.317251]},"properties":{"layer_id":"mobilitas","jenis":"halte","nama":"Sagu Atas","sumber":"OSM","atribut":{}}},{"type":"Feature","geometry":{"type":"Point","coordinates":[106.817744,-6.31718]},"properties":{"layer_id":"mobilitas","jenis":"halte","nama":"Sagu Jagakarsa","sumber":"OSM","atribut":{}}},{"type":"Feature","geometry":{"type":"Point","coordinates":[106.803701,-6.314519]},"properties":{"layer_id":"mobilitas","jenis":"halte","nama":"Andara Raya","sumber":"OSM","atribut":{}}},{"type":"Feature","geometry":{"type":"Point","coordinates":[106.816427,-6.316214]},"properties":{"layer_id":"mobilitas","jenis":"halte","nama":"Paso TK Rahmania","sumber":"OSM","atribut":{}}},{"type":"Feature","geometry":{"type":"Point","coordinates":[106.812736,-6.31592]},"properties":{"layer_id":"mobilitas","jenis":"halte","nama":"Paso Raya","sumber":"OSM","atribut":{}}},{"type":"Feature","geometry":{"type":"Point","coordinates":[106.812698,-6.313423]},"properties":{"layer_id":"mobilitas","jenis":"halte","nama":"Gang Harapan I Jagakarsa","sumber":"OSM","atribut":{}}},{"type":"Feature","geometry":{"type":"Point","coordinates":[106.81066,-6.310752]},"properties":{"layer_id":"mobilitas","jenis":"halte","nama":"Komplek Bukit Indah","sumber":"OSM","atribut":{}}},{"type":"Feature","geometry":{"type":"Point","coordinates":[106.816481,-6.315967]},"properties":{"layer_id":"mobilitas","jenis":"halte","nama":"TK Rahmania","sumber":"OSM","atribut":{}}},{"type":"Feature","geometry":{"type":"Point","coordinates":[106.813092,-6.310819]},"properties":{"layer_id":"mobilitas","jenis":"halte","nama":"Pertigaan Kampung Kandang","sumber":"OSM","atribut":{}}},{"type":"Feature","geometry":{"type":"Point","coordinates":[106.816066,-6.316039]},"properties":{"layer_id":"mobilitas","jenis":"halte","nama":"Pertigaan Paso Kav.Polri","sumber":"OSM","atribut":{}}},{"type":"Feature","geometry":{"type":"Point","coordinates":[106.814273,-6.316221]},"properties":{"layer_id":"mobilitas","jenis":"halte","nama":"Sekolah Cita Buana","sumber":"OSM","atribut":{}}},{"type":"Feature","geometry":{"type":"Point","coordinates":[106.813164,-6.31172]},"properties":{"layer_id":"mobilitas","jenis":"halte","nama":"Kahfi Raya","sumber":"OSM","atribut":{}}},{"type":"Feature","geometry":{"type":"Point","coordinates":[106.810758,-6.310888]},"properties":{"layer_id":"mobilitas","jenis":"halte","nama":"Komplek Bukit Indah","sumber":"OSM","atribut":{}}},{"type":"Feature","geometry":{"type":"Point","coordinates":[106.805711,-6.31063]},"properties":{"layer_id":"mobilitas","jenis":"halte","nama":"Damai Musyawarah","sumber":"OSM","atribut":{}}},{"type":"Feature","geometry":{"type":"Point","coordinates":[106.816249,-6.310843]},"properties":{"layer_id":"mobilitas","jenis":"halte","nama":"Pintu Barat Ragunan","sumber":"OSM","atribut":{}}},{"type":"Feature","geometry":{"type":"Point","coordinates":[106.805731,-6.310547]},"properties":{"layer_id":"mobilitas","jenis":"halte","nama":"Gang Haji Manin","sumber":"OSM","atribut":{}}},{"type":"Feature","geometry":{"type":"Point","coordinates":[106.808914,-6.311643]},"properties":{"layer_id":"mobilitas","jenis":"halte","nama":"Puri Margasatwa","sumber":"OSM","atribut":{}}},{"type":"Feature","geometry":{"type":"Point","coordinates":[106.806897,-6.310814]},"properties":{"layer_id":"mobilitas","jenis":"halte","nama":"Pringondani","sumber":"OSM","atribut":{}}},{"type":"Feature","geometry":{"type":"Point","coordinates":[106.806823,-6.31068]},"properties":{"layer_id":"mobilitas","jenis":"halte","nama":"Seberang Pringondani","sumber":"OSM","atribut":{}}},{"type":"Feature","geometry":{"type":"Point","coordinates":[106.80882,-6.311441]},"properties":{"layer_id":"mobilitas","jenis":"halte","nama":"Seberang Puri Margasatwa","sumber":"OSM","atribut":{}}},{"type":"Feature","geometry":{"type":"Point","coordinates":[106.805767,-6.310541]},"properties":{"layer_id":"mobilitas","jenis":"halte","nama":"Wisma Semar","sumber":"OSM","atribut":{}}},{"type":"Feature","geometry":{"type":"Point","coordinates":[106.818465,-6.320639]},"properties":{"layer_id":"mobilitas","jenis":"halte","nama":"Pepaya 5","sumber":"OSM","atribut":{}}},{"type":"Feature","geometry":{"type":"Point","coordinates":[106.823726,-6.326405]},"properties":{"layer_id":"mobilitas","jenis":"halte","nama":"Pertigaan Kebagusan Kelapa Hijau","sumber":"OSM","atribut":{}}},{"type":"Feature","geometry":{"type":"Point","coordinates":[106.823822,-6.326397]},"properties":{"layer_id":"mobilitas","jenis":"halte","nama":"Pertigaan Kelapa Hijau Kebagusan","sumber":"OSM","atribut":{}}},{"type":"Feature","geometry":{"type":"Point","coordinates":[106.825317,-6.320954]},"properties":{"layer_id":"mobilitas","jenis":"halte","nama":"Puskesmas Pasar Minggu","sumber":"OSM","atribut":{}}},{"type":"Feature","geometry":{"type":"Point","coordinates":[106.824371,-6.322858]},"properties":{"layer_id":"mobilitas","jenis":"halte","nama":"Taman Spatudhea","sumber":"OSM","atribut":{}}},{"type":"Feature","geometry":{"type":"Point","coordinates":[106.824462,-6.323058]},"properties":{"layer_id":"mobilitas","jenis":"halte","nama":"Taman Spatodhea","sumber":"OSM","atribut":{}}},{"type":"Feature","geometry":{"type":"Point","coordinates":[106.822274,-6.326566]},"properties":{"layer_id":"mobilitas","jenis":"halte","nama":"Kecapi Jagakarsa","sumber":"OSM","atribut":{}}},{"type":"Feature","geometry":{"type":"Point","coordinates":[106.820721,-6.326625]},"properties":{"layer_id":"mobilitas","jenis":"halte","nama":"Perempatan Kelurahan Lama","sumber":"OSM","atribut":{}}},{"type":"Feature","geometry":{"type":"Point","coordinates":[106.819122,-6.317693]},"properties":{"layer_id":"mobilitas","jenis":"halte","nama":"Pertigaan Sagu Pepaya","sumber":"OSM","atribut":{}}},{"type":"Feature","geometry":{"type":"Point","coordinates":[106.825436,-6.320637]},"properties":{"layer_id":"mobilitas","jenis":"halte","nama":"Puskesmas Pasar Minggu","sumber":"OSM","atribut":{}}},{"type":"Feature","geometry":{"type":"Point","coordinates":[106.824073,-6.327028]},"properties":{"layer_id":"mobilitas","jenis":"halte","nama":"Pertigaan Kebagusan Jagakarsa","sumber":"OSM","atribut":{}}},{"type":"Feature","geometry":{"type":"Point","coordinates":[106.823538,-6.32682]},"properties":{"layer_id":"mobilitas","jenis":"halte","nama":"Masjid Jami Al Wiqoyah","sumber":"OSM","atribut":{}}},{"type":"Feature","geometry":{"type":"Point","coordinates":[106.822687,-6.326738]},"properties":{"layer_id":"mobilitas","jenis":"halte","nama":"Kelurahan Baru Jagakarsa","sumber":"OSM","atribut":{}}},{"type":"Feature","geometry":{"type":"Point","coordinates":[106.830727,-6.286009]},"properties":{"layer_id":"mobilitas","jenis":"halte","nama":"Koperasi","sumber":"OSM","atribut":{}}},{"type":"Feature","geometry":{"type":"Point","coordinates":[106.825355,-6.314232]},"properties":{"layer_id":"mobilitas","jenis":"halte","nama":"Masjid Jami Al Nurul Huda","sumber":"OSM","atribut":{}}},{"type":"Feature","geometry":{"type":"Point","coordinates":[106.827443,-6.305343]},"properties":{"layer_id":"mobilitas","jenis":"halte","nama":"SD Kebagusan 01","sumber":"OSM","atribut":{}}},{"type":"Feature","geometry":{"type":"Point","coordinates":[106.831468,-6.286175]},"properties":{"layer_id":"mobilitas","jenis":"halte","nama":"Karang Pola","sumber":"OSM","atribut":{}}},{"type":"Feature","geometry":{"type":"Point","coordinates":[106.825654,-6.312149]},"properties":{"layer_id":"mobilitas","jenis":"halte","nama":"Pintu Timur Ragunan","sumber":"OSM","atribut":{}}},{"type":"Feature","geometry":{"type":"Point","coordinates":[106.827298,-6.305223]},"properties":{"layer_id":"mobilitas","jenis":"halte","nama":"SD Kebagusan 01","sumber":"OSM","atribut":{}}},{"type":"Feature","geometry":{"type":"Point","coordinates":[106.826997,-6.309081]},"properties":{"layer_id":"mobilitas","jenis":"halte","nama":"Kebagusan III","sumber":"OSM","atribut":{}}},{"type":"Feature","geometry":{"type":"Point","coordinates":[106.829965,-6.286166]},"properties":{"layer_id":"mobilitas","jenis":"halte","nama":"Halte Wisma Gapensi","sumber":"OSM","atribut":{}}},{"type":"Feature","geometry":{"type":"Point","coordinates":[106.827331,-6.296628]},"properties":{"layer_id":"mobilitas","jenis":"halte","nama":"Gang Puskesmas Kebagusan Raya","sumber":"OSM","atribut":{}}},{"type":"Feature","geometry":{"type":"Point","coordinates":[106.829291,-6.286634]},"properties":{"layer_id":"mobilitas","jenis":"halte","nama":"SD Pelita Pagi Jatipadang","sumber":"OSM","atribut":{}}},{"type":"Feature","geometry":{"type":"Point","coordinates":[106.82907,-6.289353]},"properties":{"layer_id":"mobilitas","jenis":"halte","nama":"Gang Haji Ja'anih","sumber":"OSM","atribut":{}}},{"type":"Feature","geometry":{"type":"Point","coordinates":[106.828759,-6.292765]},"properties":{"layer_id":"mobilitas","jenis":"halte","nama":"Jatipadang V","sumber":"OSM","atribut":{}}},{"type":"Feature","geometry":{"type":"Point","coordinates":[106.832077,-6.299147]},"properties":{"layer_id":"mobilitas","jenis":"halte","nama":"18 Office","sumber":"OSM","atribut":{}}},{"type":"Feature","geometry":{"type":"Point","coordinates":[106.828312,-6.296351]},"properties":{"layer_id":"mobilitas","jenis":"halte","nama":"Gang Salihan","sumber":"OSM","atribut":{}}},{"type":"Feature","geometry":{"type":"Point","coordinates":[106.833533,-6.299453]},"properties":{"layer_id":"mobilitas","jenis":"halte","nama":"Halte Jalan Mujaer Raya","sumber":"OSM","atribut":{}}},{"type":"Feature","geometry":{"type":"Point","coordinates":[106.82075,-6.326534]},"properties":{"layer_id":"mobilitas","jenis":"halte","nama":"SD Yayasan Islam Al Azhar Syuhada","sumber":"OSM","atribut":{}}},{"type":"Feature","geometry":{"type":"Point","coordinates":[106.819093,-6.317464]},"properties":{"layer_id":"mobilitas","jenis":"halte","nama":"Pertigaan Sagu Pepaya Raya","sumber":"OSM","atribut":{}}},{"type":"Feature","geometry":{"type":"Point","coordinates":[106.819313,-6.32352]},"properties":{"layer_id":"mobilitas","jenis":"halte","nama":"Seberang SMPN 166","sumber":"OSM","atribut":{}}},{"type":"Feature","geometry":{"type":"Point","coordinates":[106.819882,-6.324761]},"properties":{"layer_id":"mobilitas","jenis":"halte","nama":"SMAN 49","sumber":"OSM","atribut":{}}},{"type":"Feature","geometry":{"type":"Point","coordinates":[106.819824,-6.324736]},"properties":{"layer_id":"mobilitas","jenis":"halte","nama":"SMAN 49","sumber":"OSM","atribut":{}}},{"type":"Feature","geometry":{"type":"Point","coordinates":[106.819207,-6.323289]},"properties":{"layer_id":"mobilitas","jenis":"halte","nama":"SMPN 166","sumber":"OSM","atribut":{}}},{"type":"Feature","geometry":{"type":"Point","coordinates":[106.818528,-6.321756]},"properties":{"layer_id":"mobilitas","jenis":"halte","nama":"Alfamidi Pepaya","sumber":"OSM","atribut":{}}},{"type":"Feature","geometry":{"type":"Point","coordinates":[106.827021,-6.296597]},"properties":{"layer_id":"mobilitas","jenis":"halte","nama":"Gang Puskesmas Kelurahan Kebagusan","sumber":"OSM","atribut":{}}},{"type":"Feature","geometry":{"type":"Point","coordinates":[106.823548,-6.291477]},"properties":{"layer_id":"mobilitas","jenis":"halte","nama":"SMKN 57","sumber":"OSM","atribut":{}}},{"type":"Feature","geometry":{"type":"Point","coordinates":[106.818519,-6.320422]},"properties":{"layer_id":"mobilitas","jenis":"halte","nama":"Pepaya VI","sumber":"OSM","atribut":{}}},{"type":"Feature","geometry":{"type":"Point","coordinates":[106.825705,-6.312433]},"properties":{"layer_id":"mobilitas","jenis":"halte","nama":"Pintu Timur Ragunan","sumber":"OSM","atribut":{}}},{"type":"Feature","geometry":{"type":"Point","coordinates":[106.825114,-6.319496]},"properties":{"layer_id":"mobilitas","jenis":"halte","nama":"SMPN 175","sumber":"OSM","atribut":{}}},{"type":"Feature","geometry":{"type":"Point","coordinates":[106.824883,-6.31781]},"properties":{"layer_id":"mobilitas","jenis":"halte","nama":"Pertigaan Kelapa Peon","sumber":"OSM","atribut":{}}},{"type":"Feature","geometry":{"type":"Point","coordinates":[106.825195,-6.319416]},"properties":{"layer_id":"mobilitas","jenis":"halte","nama":"SMPN 175","sumber":"OSM","atribut":{}}},{"type":"Feature","geometry":{"type":"Point","coordinates":[106.824828,-6.317553]},"properties":{"layer_id":"mobilitas","jenis":"halte","nama":"Pertigaan Sagu Kebagusan","sumber":"OSM","atribut":{}}},{"type":"Feature","geometry":{"type":"Point","coordinates":[106.826223,-6.300058]},"properties":{"layer_id":"mobilitas","jenis":"halte","nama":"KUA Pasar Minggu","sumber":"OSM","atribut":{}}},{"type":"Feature","geometry":{"type":"Point","coordinates":[106.826331,-6.29997]},"properties":{"layer_id":"mobilitas","jenis":"halte","nama":"KUA Pasar Minggu","sumber":"OSM","atribut":{}}},{"type":"Feature","geometry":{"type":"Point","coordinates":[106.824281,-6.327988]},"properties":{"layer_id":"mobilitas","jenis":"halte","nama":"Gang Haji Bontong","sumber":"OSM","atribut":{}}},{"type":"Feature","geometry":{"type":"Point","coordinates":[106.825093,-6.329123]},"properties":{"layer_id":"mobilitas","jenis":"halte","nama":"Pom Bensin Jagakarsa","sumber":"OSM","atribut":{}}},{"type":"Feature","geometry":{"type":"Point","coordinates":[106.825325,-6.315008]},"properties":{"layer_id":"mobilitas","jenis":"halte","nama":"Kebagusan IV","sumber":"OSM","atribut":{}}},{"type":"Feature","geometry":{"type":"Point","coordinates":[106.829532,-6.336083]},"properties":{"layer_id":"mobilitas","jenis":"halte","nama":"Sekolah Avicenna","sumber":"OSM","atribut":{}}},{"type":"Feature","geometry":{"type":"Point","coordinates":[106.826225,-6.330011]},"properties":{"layer_id":"mobilitas","jenis":"halte","nama":"SDI Al Azhar Jagakarsa","sumber":"OSM","atribut":{}}},{"type":"Feature","geometry":{"type":"Point","coordinates":[106.828487,-6.339123]},"properties":{"layer_id":"mobilitas","jenis":"halte","nama":"Desa Putra","sumber":"OSM","atribut":{}}},{"type":"Feature","geometry":{"type":"Point","coordinates":[106.824232,-6.328095]},"properties":{"layer_id":"mobilitas","jenis":"halte","nama":"Gang Haji Bontong","sumber":"OSM","atribut":{}}},{"type":"Feature","geometry":{"type":"Point","coordinates":[106.825286,-6.329294]},"properties":{"layer_id":"mobilitas","jenis":"halte","nama":"Pom Bensin Jagakarsa","sumber":"OSM","atribut":{}}},{"type":"Feature","geometry":{"type":"Point","coordinates":[106.826144,-6.330065]},"properties":{"layer_id":"mobilitas","jenis":"halte","nama":"SDI Al Azhar Jagakarsa","sumber":"OSM","atribut":{}}},{"type":"Feature","geometry":{"type":"Point","coordinates":[106.826988,-6.335765]},"properties":{"layer_id":"mobilitas","jenis":"halte","nama":"Pertigaan Moh.Kahfi Jeruk","sumber":"OSM","atribut":{}}},{"type":"Feature","geometry":{"type":"Point","coordinates":[106.827135,-6.330377]},"properties":{"layer_id":"mobilitas","jenis":"halte","nama":"STIKES Bhakti Pertiwi Indonesia","sumber":"OSM","atribut":{}}},{"type":"Feature","geometry":{"type":"Point","coordinates":[106.830414,-6.336626]},"properties":{"layer_id":"mobilitas","jenis":"halte","nama":"Masjid Al Birru","sumber":"OSM","atribut":{}}},{"type":"Feature","geometry":{"type":"Point","coordinates":[106.827301,-6.330329]},"properties":{"layer_id":"mobilitas","jenis":"halte","nama":"STIKES Bhakti Pertiwi Indonesia","sumber":"OSM","atribut":{}}},{"type":"Feature","geometry":{"type":"Point","coordinates":[106.829236,-6.330931]},"properties":{"layer_id":"mobilitas","jenis":"halte","nama":"Pertigaan Jagakarsa Jeruk","sumber":"OSM","atribut":{}}},{"type":"Feature","geometry":{"type":"Point","coordinates":[106.826212,-6.34466]},"properties":{"layer_id":"mobilitas","jenis":"halte","nama":"Sekolah Perguruan Rakyat 1","sumber":"OSM","atribut":{}}},{"type":"Feature","geometry":{"type":"Point","coordinates":[106.834789,-6.335886]},"properties":{"layer_id":"mobilitas","jenis":"halte","nama":"Seberang SMAN 38","sumber":"OSM","atribut":{}}},{"type":"Feature","geometry":{"type":"Point","coordinates":[106.8274,-6.345276]},"properties":{"layer_id":"mobilitas","jenis":"halte","nama":"Seberang TK Kartika VIII - 13","sumber":"OSM","atribut":{}}},{"type":"Feature","geometry":{"type":"Point","coordinates":[106.833315,-6.342182]},"properties":{"layer_id":"mobilitas","jenis":"halte","nama":"Universitas Pancasila","sumber":"OSM","atribut":{}}},{"type":"Feature","geometry":{"type":"Point","coordinates":[106.828909,-6.330904]},"properties":{"layer_id":"mobilitas","jenis":"halte","nama":"Pertigaan Jagakarsa Kelapa Tiga","sumber":"OSM","atribut":{}}},{"type":"Feature","geometry":{"type":"Point","coordinates":[106.828222,-6.344602]},"properties":{"layer_id":"mobilitas","jenis":"halte","nama":"Jalan Cempaka Srengseng Sawah","sumber":"OSM","atribut":{}}},{"type":"Feature","geometry":{"type":"Point","coordinates":[106.8347,-6.331419]},"properties":{"layer_id":"mobilitas","jenis":"halte","nama":"Stasiun Lenteng Agung 2","sumber":"OSM","atribut":{}}},{"type":"Feature","geometry":{"type":"Point","coordinates":[106.831483,-6.331174]},"properties":{"layer_id":"mobilitas","jenis":"halte","nama":"Pusdiklat BPS","sumber":"OSM","atribut":{}}},{"type":"Feature","geometry":{"type":"Point","coordinates":[106.830978,-6.345106]},"properties":{"layer_id":"mobilitas","jenis":"halte","nama":"SDN Srengseng Sawah 07","sumber":"OSM","atribut":{}}},{"type":"Feature","geometry":{"type":"Point","coordinates":[106.833062,-6.331065]},"properties":{"layer_id":"mobilitas","jenis":"halte","nama":"Pasar Jaya Lenteng Agung","sumber":"OSM","atribut":{}}},{"type":"Feature","geometry":{"type":"Point","coordinates":[106.83505,-6.332372]},"properties":{"layer_id":"mobilitas","jenis":"halte","nama":"Jagakarsa Stasiun Lenteng Agung","sumber":"OSM","atribut":{}}},{"type":"Feature","geometry":{"type":"Point","coordinates":[106.831384,-6.331099]},"properties":{"layer_id":"mobilitas","jenis":"halte","nama":"Pusdiklat BPS","sumber":"OSM","atribut":{}}},{"type":"Feature","geometry":{"type":"Point","coordinates":[106.816364,-6.314353]},"properties":{"layer_id":"mobilitas","jenis":"halte","nama":"Kavling Polri Blok E Jagakarsa","sumber":"OSM","atribut":{}}},{"type":"Feature","geometry":{"type":"Point","coordinates":[106.816284,-6.312285]},"properties":{"layer_id":"mobilitas","jenis":"halte","nama":"Kavling Polri Blok H Jagakarsa","sumber":"OSM","atribut":{}}},{"type":"Feature","geometry":{"type":"Point","coordinates":[106.851379,-6.396737]},"properties":{"layer_id":"mobilitas","jenis":"halte","nama":"Pasar Mini","sumber":"OSM","atribut":{}}},{"type":"Feature","geometry":{"type":"Point","coordinates":[106.851115,-6.40021]},"properties":{"layer_id":"mobilitas","jenis":"halte","nama":"SDN Mekarjaya 11 & Abadijaya 01","sumber":"OSM","atribut":{}}},{"type":"Feature","geometry":{"type":"Point","coordinates":[106.813735,-6.308283]},"properties":{"layer_id":"mobilitas","jenis":"halte","nama":"SMK Al Hidayah 1","sumber":"OSM","atribut":{}}},{"type":"Feature","geometry":{"type":"Point","coordinates":[106.815518,-6.295779]},"properties":{"layer_id":"mobilitas","jenis":"halte","nama":"SPBU Cilandak KKO","sumber":"OSM","atribut":{}}},{"type":"Feature","geometry":{"type":"Point","coordinates":[106.813889,-6.308167]},"properties":{"layer_id":"mobilitas","jenis":"halte","nama":"Seberang SMK Al Hidayah 1","sumber":"OSM","atribut":{}}},{"type":"Feature","geometry":{"type":"Point","coordinates":[106.813889,-6.306325]},"properties":{"layer_id":"mobilitas","jenis":"halte","nama":"SDN Cilandak Timur 01","sumber":"OSM","atribut":{}}},{"type":"Feature","geometry":{"type":"Point","coordinates":[106.814058,-6.30568]},"properties":{"layer_id":"mobilitas","jenis":"halte","nama":"Seberang RS Marinir Cilandak","sumber":"OSM","atribut":{}}},{"type":"Feature","geometry":{"type":"Point","coordinates":[106.814401,-6.301946]},"properties":{"layer_id":"mobilitas","jenis":"halte","nama":"Jalan Kampung Utan Cilandak KKO","sumber":"OSM","atribut":{}}},{"type":"Feature","geometry":{"type":"Point","coordinates":[106.814787,-6.299403]},"properties":{"layer_id":"mobilitas","jenis":"halte","nama":"Gang Cemara Cilandak KKO","sumber":"OSM","atribut":{}}},{"type":"Feature","geometry":{"type":"Point","coordinates":[106.81565,-6.295871]},"properties":{"layer_id":"mobilitas","jenis":"halte","nama":"Seberang SPBU Cilandak KKO","sumber":"OSM","atribut":{}}},{"type":"Feature","geometry":{"type":"Point","coordinates":[106.816329,-6.29352]},"properties":{"layer_id":"mobilitas","jenis":"halte","nama":"Universitas Tarumanagara Cilandak KKO","sumber":"OSM","atribut":{}}},{"type":"Feature","geometry":{"type":"Point","coordinates":[106.81462,-6.299487]},"properties":{"layer_id":"mobilitas","jenis":"halte","nama":"Seberang Gang Cemara Cilandak KKO","sumber":"OSM","atribut":{}}},{"type":"Feature","geometry":{"type":"Point","coordinates":[106.851049,-6.398678]},"properties":{"layer_id":"mobilitas","jenis":"halte","nama":"Danau Toba","sumber":"OSM","atribut":{}}},{"type":"Feature","geometry":{"type":"Point","coordinates":[106.850695,-6.402177]},"properties":{"layer_id":"mobilitas","jenis":"halte","nama":"RS Sumber Bahagia","sumber":"OSM","atribut":{}}},{"type":"Feature","geometry":{"type":"Point","coordinates":[106.850051,-6.40494]},"properties":{"layer_id":"mobilitas","jenis":"halte","nama":"Polsek Sukmajaya","sumber":"OSM","atribut":{}}},{"type":"Feature","geometry":{"type":"Point","coordinates":[106.845746,-6.40438]},"properties":{"layer_id":"mobilitas","jenis":"halte","nama":"Japat","sumber":"OSM","atribut":{}}},{"type":"Feature","geometry":{"type":"Point","coordinates":[106.850217,-6.402938]},"properties":{"layer_id":"mobilitas","jenis":"halte","nama":"Tirtasari","sumber":"OSM","atribut":{}}},{"type":"Feature","geometry":{"type":"Point","coordinates":[106.844709,-6.406013]},"properties":{"layer_id":"mobilitas","jenis":"halte","nama":"Jl. Koblak","sumber":"OSM","atribut":{}}},{"type":"Feature","geometry":{"type":"Point","coordinates":[106.842988,-6.404888]},"properties":{"layer_id":"mobilitas","jenis":"halte","nama":"Griya Lembah","sumber":"OSM","atribut":{}}},{"type":"Feature","geometry":{"type":"Point","coordinates":[106.838546,-6.403857]},"properties":{"layer_id":"mobilitas","jenis":"halte","nama":"KSU","sumber":"OSM","atribut":{}}},{"type":"Feature","geometry":{"type":"Point","coordinates":[106.835029,-6.403702]},"properties":{"layer_id":"mobilitas","jenis":"halte","nama":"Tip Top","sumber":"OSM","atribut":{}}},{"type":"Feature","geometry":{"type":"Point","coordinates":[106.828448,-6.400739]},"properties":{"layer_id":"mobilitas","jenis":"halte","nama":"BPJS Ketenagakerjaan","sumber":"OSM","atribut":{}}},{"type":"Feature","geometry":{"type":"Point","coordinates":[106.82032,-6.399193]},"properties":{"layer_id":"mobilitas","jenis":"halte","nama":"KPP Sawangan","sumber":"OSM","atribut":{}}},{"type":"Feature","geometry":{"type":"Point","coordinates":[106.824989,-6.391529]},"properties":{"layer_id":"mobilitas","jenis":"halte","nama":"Plaza Depok","sumber":"OSM","atribut":{}}},{"type":"Feature","geometry":{"type":"Point","coordinates":[106.815919,-6.310269]},"properties":{"layer_id":"mobilitas","jenis":"halte","nama":"Seberang Pintu Ragunan Barat","sumber":"OSM","atribut":{}}},{"type":"Feature","geometry":{"type":"Point","coordinates":[106.816775,-6.306761]},"properties":{"layer_id":"mobilitas","jenis":"halte","nama":"Gang Borobudur Ragunan","sumber":"OSM","atribut":{}}},{"type":"Feature","geometry":{"type":"Point","coordinates":[106.81613,-6.305448]},"properties":{"layer_id":"mobilitas","jenis":"halte","nama":"Gang Tamansari Ragunan","sumber":"OSM","atribut":{}}},{"type":"Feature","geometry":{"type":"Point","coordinates":[106.81856,-6.305247]},"properties":{"layer_id":"mobilitas","jenis":"halte","nama":"Ragunan 2","sumber":"OSM","atribut":{}}},{"type":"Feature","geometry":{"type":"Point","coordinates":[106.823759,-6.335413]},"properties":{"layer_id":"mobilitas","jenis":"halte","nama":"Rumah Sakit Zahirah","sumber":"OSM","atribut":{}}},{"type":"Feature","geometry":{"type":"Point","coordinates":[106.816886,-6.306804]},"properties":{"layer_id":"mobilitas","jenis":"halte","nama":"Seberang Gang Borobudur Ragunan","sumber":"OSM","atribut":{}}},{"type":"Feature","geometry":{"type":"Point","coordinates":[106.819097,-6.305372]},"properties":{"layer_id":"mobilitas","jenis":"halte","nama":"Jalan Saco Ragunan","sumber":"OSM","atribut":{}}},{"type":"Feature","geometry":{"type":"Point","coordinates":[106.815853,-6.308257]},"properties":{"layer_id":"mobilitas","jenis":"halte","nama":"Gang Musholla Ragunan","sumber":"OSM","atribut":{}}},{"type":"Feature","geometry":{"type":"Point","coordinates":[106.82138,-6.3345]},"properties":{"layer_id":"mobilitas","jenis":"halte","nama":"Kantor Kecamatan Jagakarsa","sumber":"OSM","atribut":{}}},{"type":"Feature","geometry":{"type":"Point","coordinates":[106.816206,-6.305545]},"properties":{"layer_id":"mobilitas","jenis":"halte","nama":"Seberang Gang Tamansari Ragunan","sumber":"OSM","atribut":{}}},{"type":"Feature","geometry":{"type":"Point","coordinates":[106.818315,-6.305299]},"properties":{"layer_id":"mobilitas","jenis":"halte","nama":"Ragunan 1","sumber":"OSM","atribut":{}}},{"type":"Feature","geometry":{"type":"Point","coordinates":[106.815927,-6.308221]},"properties":{"layer_id":"mobilitas","jenis":"halte","nama":"Seberang Gang Musholla Ragunan","sumber":"OSM","atribut":{}}},{"type":"Feature","geometry":{"type":"Point","coordinates":[106.823169,-6.33516]},"properties":{"layer_id":"mobilitas","jenis":"halte","nama":"Gang Mangga","sumber":"OSM","atribut":{}}},{"type":"Feature","geometry":{"type":"Point","coordinates":[106.82147,-6.334581]},"properties":{"layer_id":"mobilitas","jenis":"halte","nama":"Kantor Kecamatan Jagakarsa","sumber":"OSM","atribut":{}}},{"type":"Feature","geometry":{"type":"Point","coordinates":[106.815755,-6.345125]},"properties":{"layer_id":"mobilitas","jenis":"halte","nama":"Warung Sila","sumber":"OSM","atribut":{}}},{"type":"Feature","geometry":{"type":"Point","coordinates":[106.811601,-6.345958]},"properties":{"layer_id":"mobilitas","jenis":"halte","nama":"Pertigaan Warungsila Rindang","sumber":"OSM","atribut":{}}},{"type":"Feature","geometry":{"type":"Point","coordinates":[106.81045,-6.346108]},"properties":{"layer_id":"mobilitas","jenis":"halte","nama":"Jalan Persahabatan","sumber":"OSM","atribut":{}}},{"type":"Feature","geometry":{"type":"Point","coordinates":[106.821639,-6.339183]},"properties":{"layer_id":"mobilitas","jenis":"halte","nama":"Halte Setu Babakan","sumber":"OSM","atribut":{}}},{"type":"Feature","geometry":{"type":"Point","coordinates":[106.809698,-6.347945]},"properties":{"layer_id":"mobilitas","jenis":"halte","nama":"SMP SMA Bakti 17","sumber":"OSM","atribut":{}}},{"type":"Feature","geometry":{"type":"Point","coordinates":[106.817867,-6.342678]},"properties":{"layer_id":"mobilitas","jenis":"halte","nama":"Pom Bensin Kahfi","sumber":"OSM","atribut":{}}},{"type":"Feature","geometry":{"type":"Point","coordinates":[106.81414,-6.344408]},"properties":{"layer_id":"mobilitas","jenis":"halte","nama":"RS Ali Sibroh Malisi","sumber":"OSM","atribut":{}}},{"type":"Feature","geometry":{"type":"Point","coordinates":[106.809576,-6.34811]},"properties":{"layer_id":"mobilitas","jenis":"halte","nama":"SMP SMK Bakti 17","sumber":"OSM","atribut":{}}},{"type":"Feature","geometry":{"type":"Point","coordinates":[106.809318,-6.348879]},"properties":{"layer_id":"mobilitas","jenis":"halte","nama":"SDN Cipedak 04 & 03","sumber":"OSM","atribut":{}}},{"type":"Feature","geometry":{"type":"Point","coordinates":[106.80937,-6.348965]},"properties":{"layer_id":"mobilitas","jenis":"halte","nama":"SDN Cipedak 04 & 03","sumber":"OSM","atribut":{}}},{"type":"Feature","geometry":{"type":"Point","coordinates":[106.807744,-6.350888]},"properties":{"layer_id":"mobilitas","jenis":"halte","nama":"Perempatan Persahabatan Timbul","sumber":"OSM","atribut":{}}},{"type":"Feature","geometry":{"type":"Point","coordinates":[106.810108,-6.346709]},"properties":{"layer_id":"mobilitas","jenis":"halte","nama":"Masjid Darussalam","sumber":"OSM","atribut":{}}},{"type":"Feature","geometry":{"type":"Point","coordinates":[106.807174,-6.361628]},"properties":{"layer_id":"mobilitas","jenis":"halte","nama":"Gang Dul Djaim","sumber":"OSM","atribut":{}}},{"type":"Feature","geometry":{"type":"Point","coordinates":[106.807235,-6.361746]},"properties":{"layer_id":"mobilitas","jenis":"halte","nama":"Gang Dul Djaim","sumber":"OSM","atribut":{}}},{"type":"Feature","geometry":{"type":"Point","coordinates":[106.807721,-6.350839]},"properties":{"layer_id":"mobilitas","jenis":"halte","nama":"Persahabatan Timbul Raya","sumber":"OSM","atribut":{}}},{"type":"Feature","geometry":{"type":"Point","coordinates":[106.820234,-6.327804]},"properties":{"layer_id":"mobilitas","jenis":"halte","nama":"SDN Jagakarsa 03","sumber":"OSM","atribut":{}}},{"type":"Feature","geometry":{"type":"Point","coordinates":[106.806291,-6.336503]},"properties":{"layer_id":"mobilitas","jenis":"halte","nama":"Puskesmas Ciganjur","sumber":"OSM","atribut":{}}},{"type":"Feature","geometry":{"type":"Point","coordinates":[106.807394,-6.333119]},"properties":{"layer_id":"mobilitas","jenis":"halte","nama":"Masjid El Syifa","sumber":"OSM","atribut":{}}},{"type":"Feature","geometry":{"type":"Point","coordinates":[106.811673,-6.316371]},"properties":{"layer_id":"mobilitas","jenis":"halte","nama":"RSUD Kecamatan Jagakarsa","sumber":"OSM","atribut":{}}},{"type":"Feature","geometry":{"type":"Point","coordinates":[106.80517,-6.338499]},"properties":{"layer_id":"mobilitas","jenis":"halte","nama":"Masjid Assa'adatain","sumber":"OSM","atribut":{}}},{"type":"Feature","geometry":{"type":"Point","coordinates":[106.807574,-6.33291]},"properties":{"layer_id":"mobilitas","jenis":"halte","nama":"Masjid El Syifa","sumber":"OSM","atribut":{}}},{"type":"Feature","geometry":{"type":"Point","coordinates":[106.811759,-6.316396]},"properties":{"layer_id":"mobilitas","jenis":"halte","nama":"RSUD Kecamatan Jagakarsa","sumber":"OSM","atribut":{}}},{"type":"Feature","geometry":{"type":"Point","coordinates":[106.811206,-6.322348]},"properties":{"layer_id":"mobilitas","jenis":"halte","nama":"Gang Film","sumber":"OSM","atribut":{}}},{"type":"Feature","geometry":{"type":"Point","coordinates":[106.811464,-6.324609]},"properties":{"layer_id":"mobilitas","jenis":"halte","nama":"Daarul Aitam","sumber":"OSM","atribut":{}}},{"type":"Feature","geometry":{"type":"Point","coordinates":[106.806188,-6.336544]},"properties":{"layer_id":"mobilitas","jenis":"halte","nama":"Puskesmas Ciganjur","sumber":"OSM","atribut":{}}},{"type":"Feature","geometry":{"type":"Point","coordinates":[106.805102,-6.338999]},"properties":{"layer_id":"mobilitas","jenis":"halte","nama":"Jalan Kemenyan","sumber":"OSM","atribut":{}}},{"type":"Feature","geometry":{"type":"Point","coordinates":[106.801523,-6.351217]},"properties":{"layer_id":"mobilitas","jenis":"halte","nama":"Masjid Jami Asy Syakirin","sumber":"OSM","atribut":{}}},{"type":"Feature","geometry":{"type":"Point","coordinates":[106.801566,-6.351841]},"properties":{"layer_id":"mobilitas","jenis":"halte","nama":"Jalan Haji Aselih","sumber":"OSM","atribut":{}}},{"type":"Feature","geometry":{"type":"Point","coordinates":[106.801156,-6.354842]},"properties":{"layer_id":"mobilitas","jenis":"halte","nama":"SDN 05 Cipedak","sumber":"OSM","atribut":{}}},{"type":"Feature","geometry":{"type":"Point","coordinates":[106.801739,-6.362194]},"properties":{"layer_id":"mobilitas","jenis":"halte","nama":"SMPN 131","sumber":"OSM","atribut":{}}},{"type":"Feature","geometry":{"type":"Point","coordinates":[106.800681,-6.357493]},"properties":{"layer_id":"mobilitas","jenis":"halte","nama":"Madrasah Aliyah Citra Cendekia","sumber":"OSM","atribut":{}}},{"type":"Feature","geometry":{"type":"Point","coordinates":[106.803668,-6.345418]},"properties":{"layer_id":"mobilitas","jenis":"halte","nama":"Gang Haji Amsar","sumber":"OSM","atribut":{}}},{"type":"Feature","geometry":{"type":"Point","coordinates":[106.808281,-6.331049]},"properties":{"layer_id":"mobilitas","jenis":"halte","nama":"Taman Buni","sumber":"OSM","atribut":{}}},{"type":"Feature","geometry":{"type":"Point","coordinates":[106.804756,-6.340389]},"properties":{"layer_id":"mobilitas","jenis":"halte","nama":"Yayasan Islam Al Makmur","sumber":"OSM","atribut":{}}},{"type":"Feature","geometry":{"type":"Point","coordinates":[106.804684,-6.340246]},"properties":{"layer_id":"mobilitas","jenis":"halte","nama":"Yayasan Islam Al Makmur","sumber":"OSM","atribut":{}}},{"type":"Feature","geometry":{"type":"Point","coordinates":[106.806984,-6.334092]},"properties":{"layer_id":"mobilitas","jenis":"halte","nama":"SMP El Syifa","sumber":"OSM","atribut":{}}},{"type":"Feature","geometry":{"type":"Point","coordinates":[106.811021,-6.326243]},"properties":{"layer_id":"mobilitas","jenis":"halte","nama":"Gang Haji Na'awih","sumber":"OSM","atribut":{}}},{"type":"Feature","geometry":{"type":"Point","coordinates":[106.804623,-6.341733]},"properties":{"layer_id":"mobilitas","jenis":"halte","nama":"Masjid Daarul Iman","sumber":"OSM","atribut":{}}},{"type":"Feature","geometry":{"type":"Point","coordinates":[106.808143,-6.331156]},"properties":{"layer_id":"mobilitas","jenis":"halte","nama":"Taman Buni","sumber":"OSM","atribut":{}}},{"type":"Feature","geometry":{"type":"Point","coordinates":[106.810893,-6.32697]},"properties":{"layer_id":"mobilitas","jenis":"halte","nama":"Pertigaan Herman Susilo","sumber":"OSM","atribut":{}}},{"type":"Feature","geometry":{"type":"Point","coordinates":[106.804018,-6.344751]},"properties":{"layer_id":"mobilitas","jenis":"halte","nama":"Pertigaan Brigif Warungsila","sumber":"OSM","atribut":{}}},{"type":"Feature","geometry":{"type":"Point","coordinates":[106.80179,-6.350048]},"properties":{"layer_id":"mobilitas","jenis":"halte","nama":"Pom Bensin Kahfi 1","sumber":"OSM","atribut":{}}},{"type":"Feature","geometry":{"type":"Point","coordinates":[106.803511,-6.345626]},"properties":{"layer_id":"mobilitas","jenis":"halte","nama":"Masjid Jami Al Makmur","sumber":"OSM","atribut":{}}},{"type":"Feature","geometry":{"type":"Point","coordinates":[106.801697,-6.350148]},"properties":{"layer_id":"mobilitas","jenis":"halte","nama":"Pertigaan Kahfi Raya Timbul Raya","sumber":"OSM","atribut":{}}},{"type":"Feature","geometry":{"type":"Point","coordinates":[106.80078,-6.35752]},"properties":{"layer_id":"mobilitas","jenis":"halte","nama":"Seberang Madrasah Aliyah Citra Cendekia","sumber":"OSM","atribut":{}}},{"type":"Feature","geometry":{"type":"Point","coordinates":[106.803273,-6.36358]},"properties":{"layer_id":"mobilitas","jenis":"halte","nama":"Jalan Kramat","sumber":"OSM","atribut":{}}},{"type":"Feature","geometry":{"type":"Point","coordinates":[106.802762,-6.36324]},"properties":{"layer_id":"mobilitas","jenis":"halte","nama":"Manggar 2","sumber":"OSM","atribut":{}}},{"type":"Feature","geometry":{"type":"Point","coordinates":[106.801711,-6.362294]},"properties":{"layer_id":"mobilitas","jenis":"halte","nama":"SMPN 131","sumber":"OSM","atribut":{}}},{"type":"Feature","geometry":{"type":"Point","coordinates":[106.801218,-6.354425]},"properties":{"layer_id":"mobilitas","jenis":"halte","nama":"SDN 05 Cipedak","sumber":"OSM","atribut":{}}},{"type":"Feature","geometry":{"type":"Point","coordinates":[106.801499,-6.352172]},"properties":{"layer_id":"mobilitas","jenis":"halte","nama":"Jalan Haji Aselih","sumber":"OSM","atribut":{}}},{"type":"Feature","geometry":{"type":"Point","coordinates":[106.804283,-6.343117]},"properties":{"layer_id":"mobilitas","jenis":"halte","nama":"Simpang Brigif","sumber":"OSM","atribut":{}}},{"type":"Feature","geometry":{"type":"Point","coordinates":[106.811244,-6.318007]},"properties":{"layer_id":"mobilitas","jenis":"halte","nama":"Masjid Al Akhyar","sumber":"OSM","atribut":{}}},{"type":"Feature","geometry":{"type":"Point","coordinates":[106.811129,-6.322262]},"properties":{"layer_id":"mobilitas","jenis":"halte","nama":"Gang Film","sumber":"OSM","atribut":{}}},{"type":"Feature","geometry":{"type":"Point","coordinates":[106.806959,-6.363443]},"properties":{"layer_id":"mobilitas","jenis":"halte","nama":"Tanah Baru","sumber":"OSM","atribut":{}}},{"type":"Feature","geometry":{"type":"Point","coordinates":[106.813147,-6.310725]},"properties":{"layer_id":"mobilitas","jenis":"halte","nama":"Pertigaan Kampung Kandang","sumber":"OSM","atribut":{}}},{"type":"Feature","geometry":{"type":"Point","coordinates":[106.798706,-6.292611]},"properties":{"layer_id":"mobilitas","jenis":"halte","nama":"Jalan Intan","sumber":"OSM","atribut":{}}},{"type":"Feature","geometry":{"type":"Point","coordinates":[106.833196,-6.28607]},"properties":{"layer_id":"mobilitas","jenis":"halte","nama":"SMAN 28","sumber":"OSM","atribut":{}}},{"type":"Feature","geometry":{"type":"Point","coordinates":[106.835243,-6.285537]},"properties":{"layer_id":"mobilitas","jenis":"halte","nama":"Kecamatan Pasar Minggu","sumber":"OSM","atribut":{}}},{"type":"Feature","geometry":{"type":"Point","coordinates":[106.83391,-6.286234]},"properties":{"layer_id":"mobilitas","jenis":"halte","nama":"TTI Center","sumber":"OSM","atribut":{}}},{"type":"Feature","geometry":{"type":"Point","coordinates":[106.839341,-6.285557]},"properties":{"layer_id":"mobilitas","jenis":"halte","nama":"Direktorat Jenderal Holtikultura","sumber":"OSM","atribut":{}}},{"type":"Feature","geometry":{"type":"Point","coordinates":[106.837324,-6.285269]},"properties":{"layer_id":"mobilitas","jenis":"halte","nama":"Litbang Pertanian","sumber":"OSM","atribut":{}}},{"type":"Feature","geometry":{"type":"Point","coordinates":[106.835465,-6.28555]},"properties":{"layer_id":"mobilitas","jenis":"halte","nama":"Seberang Kecamatan Pasar Minggu","sumber":"OSM","atribut":{}}},{"type":"Feature","geometry":{"type":"Point","coordinates":[106.837015,-6.285072]},"properties":{"layer_id":"mobilitas","jenis":"halte","nama":"SMU Balai Rakyat","sumber":"OSM","atribut":{}}},{"type":"Feature","geometry":{"type":"Point","coordinates":[106.825469,-6.287656]},"properties":{"layer_id":"mobilitas","jenis":"halte","nama":"Jalan Murai II","sumber":"OSM","atribut":{}}},{"type":"Feature","geometry":{"type":"Point","coordinates":[106.829227,-6.287071]},"properties":{"layer_id":"mobilitas","jenis":"halte","nama":"SD Pelita Pagi Jatipadang","sumber":"OSM","atribut":{}}},{"type":"Feature","geometry":{"type":"Point","coordinates":[106.829762,-6.297145]},"properties":{"layer_id":"mobilitas","jenis":"halte","nama":"Graha Simatupang","sumber":"OSM","atribut":{}}},{"type":"Feature","geometry":{"type":"Point","coordinates":[106.82886,-6.289733]},"properties":{"layer_id":"mobilitas","jenis":"halte","nama":"Gang Haji Saibun","sumber":"OSM","atribut":{}}},{"type":"Feature","geometry":{"type":"Point","coordinates":[106.826386,-6.298011]},"properties":{"layer_id":"mobilitas","jenis":"halte","nama":"SDN 14 Ragunan","sumber":"OSM","atribut":{}}},{"type":"Feature","geometry":{"type":"Point","coordinates":[106.82631,-6.29823]},"properties":{"layer_id":"mobilitas","jenis":"halte","nama":"SDN 14 Ragunan","sumber":"OSM","atribut":{}}},{"type":"Feature","geometry":{"type":"Point","coordinates":[106.803039,-6.350278]},"properties":{"layer_id":"mobilitas","jenis":"halte","nama":"Jalan Timbul Raya","sumber":"OSM","atribut":{}}},{"type":"Feature","geometry":{"type":"Point","coordinates":[106.831529,-6.335548]},"properties":{"layer_id":"mobilitas","jenis":"halte","nama":"Jalan Putra III Jagakarsa","sumber":"OSM","atribut":{}}},{"type":"Feature","geometry":{"type":"Point","coordinates":[106.829892,-6.336353]},"properties":{"layer_id":"mobilitas","jenis":"halte","nama":"Seberang Sekolah Avicenna Jagakarsa","sumber":"OSM","atribut":{}}},{"type":"Feature","geometry":{"type":"Point","coordinates":[106.822633,-6.338321]},"properties":{"layer_id":"mobilitas","jenis":"halte","nama":"Jalan Kebembem","sumber":"OSM","atribut":{}}},{"type":"Feature","geometry":{"type":"Point","coordinates":[106.82547,-6.33615]},"properties":{"layer_id":"mobilitas","jenis":"halte","nama":"Pertigaan Kahfi II Sirsak","sumber":"OSM","atribut":{}}},{"type":"Feature","geometry":{"type":"Point","coordinates":[106.819108,-6.335477]},"properties":{"layer_id":"mobilitas","jenis":"halte","nama":"Gang Haji Ganan","sumber":"OSM","atribut":{}}},{"type":"Feature","geometry":{"type":"Point","coordinates":[106.818979,-6.335656]},"properties":{"layer_id":"mobilitas","jenis":"halte","nama":"Jalan Anggrek","sumber":"OSM","atribut":{}}},{"type":"Feature","geometry":{"type":"Point","coordinates":[106.818575,-6.336752]},"properties":{"layer_id":"mobilitas","jenis":"halte","nama":"SDN 05 Jagakarsa","sumber":"OSM","atribut":{}}},{"type":"Feature","geometry":{"type":"Point","coordinates":[106.818386,-6.337046]},"properties":{"layer_id":"mobilitas","jenis":"halte","nama":"SDN 06 Jagakarsa","sumber":"OSM","atribut":{}}},{"type":"Feature","geometry":{"type":"Point","coordinates":[106.795858,-6.350824]},"properties":{"layer_id":"mobilitas","jenis":"halte","nama":"Pertigaan Balai Pertemuan Warga","sumber":"OSM","atribut":{}}},{"type":"Feature","geometry":{"type":"Point","coordinates":[106.81169,-6.345423]},"properties":{"layer_id":"mobilitas","jenis":"halte","nama":"Jalan Rindang Warung Sila","sumber":"OSM","atribut":{}}},{"type":"Feature","geometry":{"type":"Point","coordinates":[106.815702,-6.337606]},"properties":{"layer_id":"mobilitas","jenis":"halte","nama":"Gang Haji Mesir","sumber":"OSM","atribut":{}}},{"type":"Feature","geometry":{"type":"Point","coordinates":[106.816544,-6.338038]},"properties":{"layer_id":"mobilitas","jenis":"halte","nama":"Gang Haji Mesir","sumber":"OSM","atribut":{}}},{"type":"Feature","geometry":{"type":"Point","coordinates":[106.812603,-6.34278]},"properties":{"layer_id":"mobilitas","jenis":"halte","nama":"Jalan Sadar Raya","sumber":"OSM","atribut":{}}},{"type":"Feature","geometry":{"type":"Point","coordinates":[106.803254,-6.350389]},"properties":{"layer_id":"mobilitas","jenis":"halte","nama":"Jalan Timbul Raya","sumber":"OSM","atribut":{}}},{"type":"Feature","geometry":{"type":"Point","coordinates":[106.812539,-6.342894]},"properties":{"layer_id":"mobilitas","jenis":"halte","nama":"Jalan Sadar Raya","sumber":"OSM","atribut":{}}},{"type":"Feature","geometry":{"type":"Point","coordinates":[106.813506,-6.33801]},"properties":{"layer_id":"mobilitas","jenis":"halte","nama":"Simpang Sadar Raya Montong","sumber":"OSM","atribut":{}}},{"type":"Feature","geometry":{"type":"Point","coordinates":[106.813553,-6.338037]},"properties":{"layer_id":"mobilitas","jenis":"halte","nama":"Simpang Sadar Raya Montong","sumber":"OSM","atribut":{}}},{"type":"Feature","geometry":{"type":"Point","coordinates":[106.817919,-6.338173]},"properties":{"layer_id":"mobilitas","jenis":"halte","nama":"Casamora Rawa Cupang","sumber":"OSM","atribut":{}}},{"type":"Feature","geometry":{"type":"Point","coordinates":[106.798511,-6.351604]},"properties":{"layer_id":"mobilitas","jenis":"halte","nama":"Waduk Brigif","sumber":"OSM","atribut":{}}},{"type":"Feature","geometry":{"type":"Point","coordinates":[106.798681,-6.35165]},"properties":{"layer_id":"mobilitas","jenis":"halte","nama":"Waduk Brigif","sumber":"OSM","atribut":{}}},{"type":"Feature","geometry":{"type":"Point","coordinates":[106.795872,-6.350875]},"properties":{"layer_id":"mobilitas","jenis":"halte","nama":"Pertigaan Balai Pertemuan Warga","sumber":"OSM","atribut":{}}},{"type":"Feature","geometry":{"type":"Point","coordinates":[106.795758,-6.347771]},"properties":{"layer_id":"mobilitas","jenis":"halte","nama":"Pool Aselih JAK.64","sumber":"OSM","atribut":{}}},{"type":"Feature","geometry":{"type":"Point","coordinates":[106.820185,-6.327795]},"properties":{"layer_id":"mobilitas","jenis":"halte","nama":"SDN 03 Jagakarsa","sumber":"OSM","atribut":{}}},{"type":"Feature","geometry":{"type":"Point","coordinates":[106.825959,-6.335909]},"properties":{"layer_id":"mobilitas","jenis":"halte","nama":"Madrasah Ibtidaiyah Negeri 8 Srengseng Sawah","sumber":"OSM","atribut":{}}},{"type":"Feature","geometry":{"type":"Point","coordinates":[106.826022,-6.336002]},"properties":{"layer_id":"mobilitas","jenis":"halte","nama":"MIN 8 Srengseng Sawah","sumber":"OSM","atribut":{}}},{"type":"Feature","geometry":{"type":"Point","coordinates":[106.844159,-6.284408]},"properties":{"layer_id":"mobilitas","jenis":"halte","nama":"Pasar Minggu","sumber":"OSM","atribut":{}}},{"type":"Feature","geometry":{"type":"Point","coordinates":[106.809438,-6.356487]},"properties":{"layer_id":"mobilitas","jenis":"halte","nama":"Pool 9H Transjakarta - Cipedak","sumber":"OSM","atribut":{}}},{"type":"Feature","geometry":{"type":"Point","coordinates":[106.780527,-6.301148]},"properties":{"layer_id":"mobilitas","jenis":"halte","nama":"Bona Indah","sumber":"OSM","atribut":{}}},{"type":"Feature","geometry":{"type":"Point","coordinates":[106.78083,-6.301173]},"properties":{"layer_id":"mobilitas","jenis":"halte","nama":"Bona Indah","sumber":"OSM","atribut":{}}},{"type":"Feature","geometry":{"type":"Point","coordinates":[106.803438,-6.312856]},"properties":{"layer_id":"mobilitas","jenis":"halte","nama":"Andara Margasatwa 3","sumber":"OSM","atribut":{}}},{"type":"Feature","geometry":{"type":"Point","coordinates":[106.803449,-6.310209]},"properties":{"layer_id":"mobilitas","jenis":"halte","nama":"Simpang Bango Margasatwa","sumber":"OSM","atribut":{}}},{"type":"Feature","geometry":{"type":"Point","coordinates":[106.803685,-6.308403]},"properties":{"layer_id":"mobilitas","jenis":"halte","nama":"Al Jabr Islamic Scholl","sumber":"OSM","atribut":{}}},{"type":"Feature","geometry":{"type":"Point","coordinates":[106.803575,-6.308269]},"properties":{"layer_id":"mobilitas","jenis":"halte","nama":"Al Jabr Islamic School","sumber":"OSM","atribut":{}}},{"type":"Feature","geometry":{"type":"Point","coordinates":[106.804579,-6.303059]},"properties":{"layer_id":"mobilitas","jenis":"halte","nama":"Perempatan Tridharma Raya","sumber":"OSM","atribut":{}}},{"type":"Feature","geometry":{"type":"Point","coordinates":[106.801024,-6.306249]},"properties":{"layer_id":"mobilitas","jenis":"halte","nama":"Pinang Kalijati 1","sumber":"OSM","atribut":{}}},{"type":"Feature","geometry":{"type":"Point","coordinates":[106.803583,-6.310033]},"properties":{"layer_id":"mobilitas","jenis":"halte","nama":"Pertigaan Bango Margasatwa","sumber":"OSM","atribut":{}}},{"type":"Feature","geometry":{"type":"Point","coordinates":[106.803754,-6.306198]},"properties":{"layer_id":"mobilitas","jenis":"halte","nama":"SMAN 56","sumber":"OSM","atribut":{}}},{"type":"Feature","geometry":{"type":"Point","coordinates":[106.803629,-6.3062]},"properties":{"layer_id":"mobilitas","jenis":"halte","nama":"SMAN 56","sumber":"OSM","atribut":{}}},{"type":"Feature","geometry":{"type":"Point","coordinates":[106.803968,-6.304698]},"properties":{"layer_id":"mobilitas","jenis":"halte","nama":"Yayasan Panti Nugraha","sumber":"OSM","atribut":{}}},{"type":"Feature","geometry":{"type":"Point","coordinates":[106.801551,-6.304945]},"properties":{"layer_id":"mobilitas","jenis":"halte","nama":"MTSN 19","sumber":"OSM","atribut":{}}},{"type":"Feature","geometry":{"type":"Point","coordinates":[106.802354,-6.304358]},"properties":{"layer_id":"mobilitas","jenis":"halte","nama":"Gang H. Ahmad Nado","sumber":"OSM","atribut":{}}},{"type":"Feature","geometry":{"type":"Point","coordinates":[106.804496,-6.302976]},"properties":{"layer_id":"mobilitas","jenis":"halte","nama":"Perempatan Tridharma Raya","sumber":"OSM","atribut":{}}},{"type":"Feature","geometry":{"type":"Point","coordinates":[106.801667,-6.304797]},"properties":{"layer_id":"mobilitas","jenis":"halte","nama":"MTSN 19","sumber":"OSM","atribut":{}}},{"type":"Feature","geometry":{"type":"Point","coordinates":[106.802477,-6.304387]},"properties":{"layer_id":"mobilitas","jenis":"halte","nama":"Gang H. Ahmad Nado","sumber":"OSM","atribut":{}}},{"type":"Feature","geometry":{"type":"Point","coordinates":[106.800982,-6.306145]},"properties":{"layer_id":"mobilitas","jenis":"halte","nama":"Gang Pinang VI","sumber":"OSM","atribut":{}}},{"type":"Feature","geometry":{"type":"Point","coordinates":[106.800826,-6.307493]},"properties":{"layer_id":"mobilitas","jenis":"halte","nama":"Jalan Pinang IV","sumber":"OSM","atribut":{}}},{"type":"Feature","geometry":{"type":"Point","coordinates":[106.800346,-6.307454]},"properties":{"layer_id":"mobilitas","jenis":"halte","nama":"SMP Dharma Putra Nusantara","sumber":"OSM","atribut":{}}},{"type":"Feature","geometry":{"type":"Point","coordinates":[106.800725,-6.307445]},"properties":{"layer_id":"mobilitas","jenis":"halte","nama":"Jalan Pinang IV","sumber":"OSM","atribut":{}}},{"type":"Feature","geometry":{"type":"Point","coordinates":[106.798987,-6.303384]},"properties":{"layer_id":"mobilitas","jenis":"halte","nama":"Komplek DDN","sumber":"OSM","atribut":{}}},{"type":"Feature","geometry":{"type":"Point","coordinates":[106.798794,-6.304974]},"properties":{"layer_id":"mobilitas","jenis":"halte","nama":"Sekolah Charitas","sumber":"OSM","atribut":{}}},{"type":"Feature","geometry":{"type":"Point","coordinates":[106.798637,-6.305216]},"properties":{"layer_id":"mobilitas","jenis":"halte","nama":"Sekolah Charitas","sumber":"OSM","atribut":{}}},{"type":"Feature","geometry":{"type":"Point","coordinates":[106.799142,-6.303388]},"properties":{"layer_id":"mobilitas","jenis":"halte","nama":"Komplek DDN","sumber":"OSM","atribut":{}}},{"type":"Feature","geometry":{"type":"Point","coordinates":[106.798677,-6.306441]},"properties":{"layer_id":"mobilitas","jenis":"halte","nama":"Kelurahan Pondok Labu","sumber":"OSM","atribut":{}}},{"type":"Feature","geometry":{"type":"Point","coordinates":[106.798728,-6.30656]},"properties":{"layer_id":"mobilitas","jenis":"halte","nama":"Kelurahan Pondok Labu","sumber":"OSM","atribut":{}}},{"type":"Feature","geometry":{"type":"Point","coordinates":[106.794099,-6.312041]},"properties":{"layer_id":"mobilitas","jenis":"halte","nama":"Pasar Pondok Labu","sumber":"OSM","atribut":{}}},{"type":"Feature","geometry":{"type":"Point","coordinates":[106.795228,-6.312369]},"properties":{"layer_id":"mobilitas","jenis":"halte","nama":"SMPN 85","sumber":"OSM","atribut":{}}},{"type":"Feature","geometry":{"type":"Point","coordinates":[106.818755,-6.305469]},"properties":{"layer_id":"mobilitas","jenis":"halte","nama":"Ragunan (Non BRT)","sumber":"OSM","atribut":{}}},{"type":"Feature","geometry":{"type":"Point","coordinates":[106.8005,-6.328205]},"properties":{"layer_id":"mobilitas","jenis":"halte","nama":"Andara (Pool JAK.44)","sumber":"OSM","atribut":{}}},{"type":"Feature","geometry":{"type":"Point","coordinates":[106.827161,-6.335841]},"properties":{"layer_id":"mobilitas","jenis":"halte","nama":"Seberang Ruko Moh Kahfi II","sumber":"OSM","atribut":{}}},{"type":"Feature","geometry":{"type":"Point","coordinates":[106.833948,-6.332799]},"properties":{"layer_id":"mobilitas","jenis":"halte","nama":"SDN Srengseng Sawah 01","sumber":"OSM","atribut":{}}},{"type":"Feature","geometry":{"type":"Point","coordinates":[106.833007,-6.334049]},"properties":{"layer_id":"mobilitas","jenis":"halte","nama":"IBI-K 57","sumber":"OSM","atribut":{}}},{"type":"Feature","geometry":{"type":"Point","coordinates":[106.832904,-6.334018]},"properties":{"layer_id":"mobilitas","jenis":"halte","nama":"IBIK 57 Gedung B","sumber":"OSM","atribut":{}}},{"type":"Feature","geometry":{"type":"Point","coordinates":[106.833605,-6.370542]},"properties":{"layer_id":"mobilitas","jenis":"halte","nama":"Halte Pondok Cina","sumber":"OSM","atribut":{}}},{"type":"Feature","geometry":{"type":"Point","coordinates":[106.823423,-6.291199]},"properties":{"layer_id":"mobilitas","jenis":"halte","nama":"Jalan Gotong Royong","sumber":"OSM","atribut":{}}},{"type":"Feature","geometry":{"type":"Point","coordinates":[106.833561,-6.328928]},"properties":{"layer_id":"mobilitas","jenis":"halte","nama":"Jalan H. Tphir","sumber":"OSM","atribut":{}}},{"type":"Feature","geometry":{"type":"Point","coordinates":[106.833249,-6.327477]},"properties":{"layer_id":"mobilitas","jenis":"halte","nama":"Gang H. Ali","sumber":"OSM","atribut":{}}},{"type":"Feature","geometry":{"type":"Point","coordinates":[106.833916,-6.326595]},"properties":{"layer_id":"mobilitas","jenis":"halte","nama":"Masjid Jami Al Barkah","sumber":"OSM","atribut":{}}},{"type":"Feature","geometry":{"type":"Point","coordinates":[106.835418,-6.330814]},"properties":{"layer_id":"mobilitas","jenis":"halte","nama":"Stasiun Lenteng Agung 1","sumber":"OSM","atribut":{}}},{"type":"Feature","geometry":{"type":"Point","coordinates":[106.835689,-6.333098]},"properties":{"layer_id":"mobilitas","jenis":"halte","nama":"Wijaya Kusuma","sumber":"OSM","atribut":{}}},{"type":"Feature","geometry":{"type":"Point","coordinates":[106.834924,-6.337351]},"properties":{"layer_id":"mobilitas","jenis":"halte","nama":"Gang Durian","sumber":"OSM","atribut":{}}},{"type":"Feature","geometry":{"type":"Point","coordinates":[106.834554,-6.338982]},"properties":{"layer_id":"mobilitas","jenis":"halte","nama":"Stasiun Pancasila","sumber":"OSM","atribut":{}}},{"type":"Feature","geometry":{"type":"Point","coordinates":[106.835315,-6.335732]},"properties":{"layer_id":"mobilitas","jenis":"halte","nama":"Persimpangan Lenteng Agung","sumber":"OSM","atribut":{}}},{"type":"Feature","geometry":{"type":"Point","coordinates":[106.834474,-6.337307]},"properties":{"layer_id":"mobilitas","jenis":"halte","nama":"Gang Sumarso","sumber":"OSM","atribut":{}}},{"type":"Feature","geometry":{"type":"Point","coordinates":[106.811272,-6.317795]},"properties":{"layer_id":"mobilitas","jenis":"halte","nama":"Masjid Al Akhyar","sumber":"OSM","atribut":{}}},{"type":"Feature","geometry":{"type":"Point","coordinates":[106.828331,-6.333151]},"properties":{"layer_id":"mobilitas","jenis":"halte","nama":"Seberang Gang Robaya","sumber":"OSM","atribut":{}}},{"type":"Feature","geometry":{"type":"Point","coordinates":[106.827537,-6.334578]},"properties":{"layer_id":"mobilitas","jenis":"halte","nama":"Rumah Sakit Aulia","sumber":"OSM","atribut":{}}},{"type":"Feature","geometry":{"type":"Point","coordinates":[106.828189,-6.333276]},"properties":{"layer_id":"mobilitas","jenis":"halte","nama":"Gang Robaya","sumber":"OSM","atribut":{}}},{"type":"Feature","geometry":{"type":"Point","coordinates":[106.827164,-6.335209]},"properties":{"layer_id":"mobilitas","jenis":"halte","nama":"Seberang Rumah Sakit Aulia","sumber":"OSM","atribut":{}}},{"type":"Feature","geometry":{"type":"Point","coordinates":[106.79573,-6.309128]},"properties":{"layer_id":"mobilitas","jenis":"halte","nama":"Simpang Pinang 1 Pondok Labu","sumber":"OSM","atribut":{}}},{"type":"Feature","geometry":{"type":"Point","coordinates":[106.794712,-6.309132]},"properties":{"layer_id":"mobilitas","jenis":"halte","nama":"Graha Werdatama Pondok Labu","sumber":"OSM","atribut":{}}},{"type":"Feature","geometry":{"type":"Point","coordinates":[106.797955,-6.308137]},"properties":{"layer_id":"mobilitas","jenis":"halte","nama":"Pinang 3B","sumber":"OSM","atribut":{}}},{"type":"Feature","geometry":{"type":"Point","coordinates":[106.797959,-6.308185]},"properties":{"layer_id":"mobilitas","jenis":"halte","nama":"Pinang 2","sumber":"OSM","atribut":{}}},{"type":"Feature","geometry":{"type":"Point","coordinates":[106.79871,-6.307681]},"properties":{"layer_id":"mobilitas","jenis":"halte","nama":"Masjid Jami' Darussalam","sumber":"OSM","atribut":{}}},{"type":"Feature","geometry":{"type":"Point","coordinates":[106.79879,-6.307492]},"properties":{"layer_id":"mobilitas","jenis":"halte","nama":"Pinang","sumber":"OSM","atribut":{}}},{"type":"Feature","geometry":{"type":"Point","coordinates":[106.79637,-6.312562]},"properties":{"layer_id":"mobilitas","jenis":"halte","nama":"Taman DDN","sumber":"OSM","atribut":{}}},{"type":"Feature","geometry":{"type":"Point","coordinates":[106.813749,-6.310435]},"properties":{"layer_id":"mobilitas","jenis":"halte","nama":"Simpang Cilandak Margasatwa KKO","sumber":"OSM","atribut":{}}},{"type":"Feature","geometry":{"type":"Point","coordinates":[106.833632,-6.363849]},"properties":{"layer_id":"mobilitas","jenis":"halte","nama":null,"sumber":"OSM","atribut":{}}},{"type":"Feature","geometry":{"type":"Point","coordinates":[106.833866,-6.363811]},"properties":{"layer_id":"mobilitas","jenis":"halte","nama":null,"sumber":"OSM","atribut":{}}},{"type":"Feature","geometry":{"type":"Point","coordinates":[106.833205,-6.372305]},"properties":{"layer_id":"mobilitas","jenis":"halte","nama":"Margo City","sumber":"OSM","atribut":{}}},{"type":"Feature","geometry":{"type":"Point","coordinates":[106.833235,-6.359984]},"properties":{"layer_id":"mobilitas","jenis":"halte","nama":"Evecio Apartemen","sumber":"OSM","atribut":{}}},{"type":"Feature","geometry":{"type":"Point","coordinates":[106.833053,-6.360109]},"properties":{"layer_id":"mobilitas","jenis":"halte","nama":"Apartemen Melati","sumber":"OSM","atribut":{}}},{"type":"Feature","geometry":{"type":"Point","coordinates":[106.831507,-6.34498]},"properties":{"layer_id":"mobilitas","jenis":"halte","nama":"Jalan Srengseng Sawah 1","sumber":"OSM","atribut":{}}},{"type":"Feature","geometry":{"type":"Point","coordinates":[106.833524,-6.344798]},"properties":{"layer_id":"mobilitas","jenis":"halte","nama":"SMAN 109","sumber":"OSM","atribut":{}}},{"type":"Feature","geometry":{"type":"Point","coordinates":[106.832433,-6.352444]},"properties":{"layer_id":"mobilitas","jenis":"halte","nama":"Halte Universitas Indonesia","sumber":"OSM","atribut":{}}},{"type":"Feature","geometry":{"type":"Point","coordinates":[106.833129,-6.3436]},"properties":{"layer_id":"mobilitas","jenis":"halte","nama":"Gang Berdikari","sumber":"OSM","atribut":{}}},{"type":"Feature","geometry":{"type":"Point","coordinates":[106.832765,-6.350372]},"properties":{"layer_id":"mobilitas","jenis":"halte","nama":"Syibi","sumber":"OSM","atribut":{}}},{"type":"Feature","geometry":{"type":"Point","coordinates":[106.794501,-6.304702]},"properties":{"layer_id":"mobilitas","jenis":"halte","nama":"One Belpark 1","sumber":"OSM","atribut":{}}},{"type":"Feature","geometry":{"type":"Point","coordinates":[106.781433,-6.303417]},"properties":{"layer_id":"mobilitas","jenis":"halte","nama":"Karang Tengah Raya","sumber":"OSM","atribut":{}}},{"type":"Feature","geometry":{"type":"Point","coordinates":[106.834048,-6.340939]},"properties":{"layer_id":"mobilitas","jenis":"halte","nama":"Gang Sawo","sumber":"OSM","atribut":{}}},{"type":"Feature","geometry":{"type":"Point","coordinates":[106.8044,-6.30446]},"properties":{"layer_id":"mobilitas","jenis":"halte","nama":"TK Sekar Banysa","sumber":"OSM","atribut":{}}},{"type":"Feature","geometry":{"type":"Point","coordinates":[106.794623,-6.301746]},"properties":{"layer_id":"mobilitas","jenis":"halte","nama":"Dapsus 2","sumber":"OSM","atribut":{}}},{"type":"Feature","geometry":{"type":"Point","coordinates":[106.794451,-6.303764]},"properties":{"layer_id":"mobilitas","jenis":"halte","nama":"One Belpark 2","sumber":"OSM","atribut":{}}},{"type":"Feature","geometry":{"type":"Point","coordinates":[106.794795,-6.301073]},"properties":{"layer_id":"mobilitas","jenis":"halte","nama":"Dapsus 1","sumber":"OSM","atribut":{}}},{"type":"Feature","geometry":{"type":"Point","coordinates":[106.795081,-6.3017]},"properties":{"layer_id":"mobilitas","jenis":"halte","nama":"Jalan Wijaya Kusuma","sumber":"OSM","atribut":{}}},{"type":"Feature","geometry":{"type":"Point","coordinates":[106.794774,-6.30166]},"properties":{"layer_id":"mobilitas","jenis":"halte","nama":"Wijaya Kusuma 1","sumber":"OSM","atribut":{}}},{"type":"Feature","geometry":{"type":"Point","coordinates":[106.795203,-6.301798]},"properties":{"layer_id":"mobilitas","jenis":"halte","nama":"Jalan Wijaya Kusuma 1","sumber":"OSM","atribut":{}}},{"type":"Feature","geometry":{"type":"Point","coordinates":[106.794671,-6.298531]},"properties":{"layer_id":"mobilitas","jenis":"halte","nama":"Halte Lebak Bulus II","sumber":"OSM","atribut":{}}},{"type":"Feature","geometry":{"type":"Point","coordinates":[106.794751,-6.297819]},"properties":{"layer_id":"mobilitas","jenis":"halte","nama":"Fatmawati Festival","sumber":"OSM","atribut":{}}},{"type":"Feature","geometry":{"type":"Point","coordinates":[106.795043,-6.294412]},"properties":{"layer_id":"mobilitas","jenis":"halte","nama":"Kantor Pos Fatmawati","sumber":"OSM","atribut":{}}},{"type":"Feature","geometry":{"type":"Point","coordinates":[106.795222,-6.294048]},"properties":{"layer_id":"mobilitas","jenis":"halte","nama":"RS Fatmawati","sumber":"OSM","atribut":{}}},{"type":"Feature","geometry":{"type":"Point","coordinates":[106.793756,-6.308947]},"properties":{"layer_id":"mobilitas","jenis":"halte","nama":"Jalan Pinang Raya","sumber":"OSM","atribut":{}}},{"type":"Feature","geometry":{"type":"Point","coordinates":[106.910946,-6.305325]},"properties":{"layer_id":"mobilitas","jenis":"halte","nama":null,"sumber":"OSM","atribut":{}}},{"type":"Feature","geometry":{"type":"Point","coordinates":[106.784851,-6.311107]},"properties":{"layer_id":"mobilitas","jenis":"halte","nama":"Jalan Laksana","sumber":"OSM","atribut":{}}},{"type":"Feature","geometry":{"type":"Point","coordinates":[106.780998,-6.310127]},"properties":{"layer_id":"mobilitas","jenis":"halte","nama":"Gang Haji Irih","sumber":"OSM","atribut":{}}},{"type":"Feature","geometry":{"type":"Point","coordinates":[106.781116,-6.310521]},"properties":{"layer_id":"mobilitas","jenis":"halte","nama":"Gardu PLN","sumber":"OSM","atribut":{}}},{"type":"Feature","geometry":{"type":"Point","coordinates":[106.78185,-6.306559]},"properties":{"layer_id":"mobilitas","jenis":"halte","nama":"Karang Indah","sumber":"OSM","atribut":{}}},{"type":"Feature","geometry":{"type":"Point","coordinates":[106.776393,-6.297356]},"properties":{"layer_id":"mobilitas","jenis":"halte","nama":"Lebak Bulus Indah","sumber":"OSM","atribut":{}}},{"type":"Feature","geometry":{"type":"Point","coordinates":[106.771022,-6.291165]},"properties":{"layer_id":"mobilitas","jenis":"halte","nama":"Halte Pasar Jumat","sumber":"OSM","atribut":{}}},{"type":"Feature","geometry":{"type":"Point","coordinates":[106.814173,-6.310759]},"properties":{"layer_id":"mobilitas","jenis":"halte","nama":"Pusat Jajanan Kuliner Kampung Kandang","sumber":"OSM","atribut":{}}},{"type":"Feature","geometry":{"type":"Point","coordinates":[106.818744,-6.321943]},"properties":{"layer_id":"mobilitas","jenis":"halte","nama":"Jalan Kecapi","sumber":"OSM","atribut":{}}},{"type":"Feature","geometry":{"type":"Point","coordinates":[106.811725,-6.314968]},"properties":{"layer_id":"mobilitas","jenis":"halte","nama":"Komplek Damkar Jagakarsa","sumber":"OSM","atribut":{}}},{"type":"Feature","geometry":{"type":"Point","coordinates":[106.803903,-6.310427]},"properties":{"layer_id":"mobilitas","jenis":"halte","nama":"Semar","sumber":"OSM","atribut":{}}},{"type":"Feature","geometry":{"type":"Point","coordinates":[106.790391,-6.302034]},"properties":{"layer_id":"mobilitas","jenis":"halte","nama":"Politeknik Kesehatan DKI","sumber":"OSM","atribut":{}}},{"type":"Feature","geometry":{"type":"Point","coordinates":[106.790292,-6.301962]},"properties":{"layer_id":"mobilitas","jenis":"halte","nama":"Politeknik Kesehatan DKI","sumber":"OSM","atribut":{}}},{"type":"Feature","geometry":{"type":"Point","coordinates":[106.792484,-6.301908]},"properties":{"layer_id":"mobilitas","jenis":"halte","nama":"Haji Syafii 1","sumber":"OSM","atribut":{}}},{"type":"Feature","geometry":{"type":"Point","coordinates":[106.788123,-6.302569]},"properties":{"layer_id":"mobilitas","jenis":"halte","nama":"Gunung Balong 1","sumber":"OSM","atribut":{}}},{"type":"Feature","geometry":{"type":"Point","coordinates":[106.788068,-6.302496]},"properties":{"layer_id":"mobilitas","jenis":"halte","nama":"Gunung Balong 1","sumber":"OSM","atribut":{}}},{"type":"Feature","geometry":{"type":"Point","coordinates":[106.786317,-6.302819]},"properties":{"layer_id":"mobilitas","jenis":"halte","nama":"GPIB Sumber Kasih","sumber":"OSM","atribut":{}}},{"type":"Feature","geometry":{"type":"Point","coordinates":[106.786411,-6.302865]},"properties":{"layer_id":"mobilitas","jenis":"halte","nama":"GPIB Sumber Kasih","sumber":"OSM","atribut":{}}},{"type":"Feature","geometry":{"type":"Point","coordinates":[106.784876,-6.30309]},"properties":{"layer_id":"mobilitas","jenis":"halte","nama":"Manunggal Kantor Lurah Lebak Bulus","sumber":"OSM","atribut":{}}},{"type":"Feature","geometry":{"type":"Point","coordinates":[106.784739,-6.303072]},"properties":{"layer_id":"mobilitas","jenis":"halte","nama":"Manunggal","sumber":"OSM","atribut":{}}},{"type":"Feature","geometry":{"type":"Point","coordinates":[106.783642,-6.303496]},"properties":{"layer_id":"mobilitas","jenis":"halte","nama":"SD Negeri 01/06/07 Pagi","sumber":"OSM","atribut":{}}},{"type":"Feature","geometry":{"type":"Point","coordinates":[106.783643,-6.303569]},"properties":{"layer_id":"mobilitas","jenis":"halte","nama":"SD Negeri Pagi 01/06/07 Lebakbulus","sumber":"OSM","atribut":{}}},{"type":"Feature","geometry":{"type":"Point","coordinates":[106.781181,-6.301968]},"properties":{"layer_id":"mobilitas","jenis":"halte","nama":"TK SD Al Barkah","sumber":"OSM","atribut":{}}},{"type":"Feature","geometry":{"type":"Point","coordinates":[106.781429,-6.302164]},"properties":{"layer_id":"mobilitas","jenis":"halte","nama":"TK SD Al Barkah","sumber":"OSM","atribut":{}}},{"type":"Feature","geometry":{"type":"Point","coordinates":[106.777812,-6.298843]},"properties":{"layer_id":"mobilitas","jenis":"halte","nama":"Adhyaksa VI","sumber":"OSM","atribut":{}}},{"type":"Feature","geometry":{"type":"Point","coordinates":[106.779816,-6.300339]},"properties":{"layer_id":"mobilitas","jenis":"halte","nama":"Masjid Jami Al Barkah","sumber":"OSM","atribut":{}}},{"type":"Feature","geometry":{"type":"Point","coordinates":[106.779571,-6.300386]},"properties":{"layer_id":"mobilitas","jenis":"halte","nama":"Masjid Jami Al Barkah","sumber":"OSM","atribut":{}}},{"type":"Feature","geometry":{"type":"Point","coordinates":[106.792419,-6.301837]},"properties":{"layer_id":"mobilitas","jenis":"halte","nama":"Yayasan Pendidikan PGRI","sumber":"OSM","atribut":{}}},{"type":"Feature","geometry":{"type":"Point","coordinates":[106.797978,-6.301922]},"properties":{"layer_id":"mobilitas","jenis":"halte","nama":"BBPK Kemenkes DKI","sumber":"OSM","atribut":{}}},{"type":"Feature","geometry":{"type":"Point","coordinates":[106.796126,-6.301863]},"properties":{"layer_id":"mobilitas","jenis":"halte","nama":"Gang Haji Emur","sumber":"OSM","atribut":{}}},{"type":"Feature","geometry":{"type":"Point","coordinates":[106.781652,-6.303604]},"properties":{"layer_id":"mobilitas","jenis":"halte","nama":"Gunung Balong","sumber":"OSM","atribut":{}}},{"type":"Feature","geometry":{"type":"Point","coordinates":[106.798031,-6.302256]},"properties":{"layer_id":"mobilitas","jenis":"halte","nama":"BBPK Kemenkes","sumber":"OSM","atribut":{}}},{"type":"Feature","geometry":{"type":"Point","coordinates":[106.797995,-6.303034]},"properties":{"layer_id":"mobilitas","jenis":"halte","nama":"Wijaya Kusuma 2","sumber":"OSM","atribut":{}}},{"type":"Feature","geometry":{"type":"Point","coordinates":[106.783134,-6.297543]},"properties":{"layer_id":"mobilitas","jenis":"halte","nama":"BonaVista","sumber":"OSM","atribut":{}}},{"type":"Feature","geometry":{"type":"Point","coordinates":[106.817201,-6.2914]},"properties":{"layer_id":"mobilitas","jenis":"halte","nama":"Ampera 4","sumber":"OSM","atribut":{}}},{"type":"Feature","geometry":{"type":"Point","coordinates":[106.819291,-6.2832]},"properties":{"layer_id":"mobilitas","jenis":"halte","nama":"Halte Jalan A","sumber":"OSM","atribut":{}}},{"type":"Feature","geometry":{"type":"Point","coordinates":[106.75928,-6.352662]},"properties":{"layer_id":"mobilitas","jenis":"halte","nama":"Tutor House Indonesia","sumber":"OSM","atribut":{}}},{"type":"Feature","geometry":{"type":"Point","coordinates":[106.821143,-6.300369]},"properties":{"layer_id":"mobilitas","jenis":"halte","nama":"PLN Corporate University 1","sumber":"OSM","atribut":{}}},{"type":"Feature","geometry":{"type":"Point","coordinates":[106.82153,-6.295831]},"properties":{"layer_id":"mobilitas","jenis":"halte","nama":"Bumi Perkemahan Ragunan","sumber":"OSM","atribut":{}}},{"type":"Feature","geometry":{"type":"Point","coordinates":[106.821262,-6.297218]},"properties":{"layer_id":"mobilitas","jenis":"halte","nama":"Kementerian Pertanian","sumber":"OSM","atribut":{}}},{"type":"Feature","geometry":{"type":"Point","coordinates":[106.81947,-6.281783]},"properties":{"layer_id":"mobilitas","jenis":"halte","nama":"Pengadilan Negeri Jakarta 1","sumber":"OSM","atribut":{}}},{"type":"Feature","geometry":{"type":"Point","coordinates":[106.817098,-6.291284]},"properties":{"layer_id":"mobilitas","jenis":"halte","nama":"Ampera 3","sumber":"OSM","atribut":{}}},{"type":"Feature","geometry":{"type":"Point","coordinates":[106.817705,-6.289966]},"properties":{"layer_id":"mobilitas","jenis":"halte","nama":"Sekolah Sumbangsih","sumber":"OSM","atribut":{}}},{"type":"Feature","geometry":{"type":"Point","coordinates":[106.818485,-6.287497]},"properties":{"layer_id":"mobilitas","jenis":"halte","nama":"Jalan Kenanga","sumber":"OSM","atribut":{}}},{"type":"Feature","geometry":{"type":"Point","coordinates":[106.818985,-6.284325]},"properties":{"layer_id":"mobilitas","jenis":"halte","nama":"STPDN","sumber":"OSM","atribut":{}}},{"type":"Feature","geometry":{"type":"Point","coordinates":[106.819711,-6.280878]},"properties":{"layer_id":"mobilitas","jenis":"halte","nama":"Pengadilan Negeri Jakarta Selatan 2","sumber":"OSM","atribut":{}}},{"type":"Feature","geometry":{"type":"Point","coordinates":[106.81883,-6.285859]},"properties":{"layer_id":"mobilitas","jenis":"halte","nama":"RSIA Kemang","sumber":"OSM","atribut":{}}},{"type":"Feature","geometry":{"type":"Point","coordinates":[106.821414,-6.30104]},"properties":{"layer_id":"mobilitas","jenis":"halte","nama":"PLN Corporate University 2","sumber":"OSM","atribut":{}}},{"type":"Feature","geometry":{"type":"Point","coordinates":[106.834914,-6.323081]},"properties":{"layer_id":"mobilitas","jenis":"halte","nama":"Kampus IISIP","sumber":"OSM","atribut":{}}},{"type":"Feature","geometry":{"type":"Point","coordinates":[106.835775,-6.318165]},"properties":{"layer_id":"mobilitas","jenis":"halte","nama":"Jalan Joe","sumber":"OSM","atribut":{}}},{"type":"Feature","geometry":{"type":"Point","coordinates":[106.836524,-6.314742]},"properties":{"layer_id":"mobilitas","jenis":"halte","nama":"Masjid Arrohmah","sumber":"OSM","atribut":{}}},{"type":"Feature","geometry":{"type":"Point","coordinates":[106.841746,-6.292152]},"properties":{"layer_id":"mobilitas","jenis":"halte","nama":"Mja Rawa Bambu","sumber":"OSM","atribut":{}}},{"type":"Feature","geometry":{"type":"Point","coordinates":[106.842338,-6.290646]},"properties":{"layer_id":"mobilitas","jenis":"halte","nama":"Grand Pasar Minggu","sumber":"OSM","atribut":{}}},{"type":"Feature","geometry":{"type":"Point","coordinates":[106.840737,-6.294771]},"properties":{"layer_id":"mobilitas","jenis":"halte","nama":"Rawa Bambu","sumber":"OSM","atribut":{}}},{"type":"Feature","geometry":{"type":"Point","coordinates":[106.844617,-6.283119]},"properties":{"layer_id":"mobilitas","jenis":"halte","nama":"Stasiun Pasar Minggu 1","sumber":"OSM","atribut":{}}},{"type":"Feature","geometry":{"type":"Point","coordinates":[106.840659,-6.297263]},"properties":{"layer_id":"mobilitas","jenis":"halte","nama":"Jalan Mawar","sumber":"OSM","atribut":{}}},{"type":"Feature","geometry":{"type":"Point","coordinates":[106.838507,-6.312046]},"properties":{"layer_id":"mobilitas","jenis":"halte","nama":"Poltek Bunda Kandung","sumber":"OSM","atribut":{}}},{"type":"Feature","geometry":{"type":"Point","coordinates":[106.837726,-6.316532]},"properties":{"layer_id":"mobilitas","jenis":"halte","nama":"Gang Kancil 1 Lenteng Agung","sumber":"OSM","atribut":{}}},{"type":"Feature","geometry":{"type":"Point","coordinates":[106.836325,-6.322025]},"properties":{"layer_id":"mobilitas","jenis":"halte","nama":"Lenteng Agung","sumber":"OSM","atribut":{}}},{"type":"Feature","geometry":{"type":"Point","coordinates":[106.837025,-6.320359]},"properties":{"layer_id":"mobilitas","jenis":"halte","nama":"SPBU Jalan Guru","sumber":"OSM","atribut":{}}},{"type":"Feature","geometry":{"type":"Point","coordinates":[106.835772,-6.322935]},"properties":{"layer_id":"mobilitas","jenis":"halte","nama":"Taman Lenteng Agung","sumber":"OSM","atribut":{}}},{"type":"Feature","geometry":{"type":"Point","coordinates":[106.835804,-6.336119]},"properties":{"layer_id":"mobilitas","jenis":"halte","nama":"SMAN 38","sumber":"OSM","atribut":{}}},{"type":"Feature","geometry":{"type":"Point","coordinates":[106.793585,-6.31106]},"properties":{"layer_id":"mobilitas","jenis":"halte","nama":"Jalan Haji Ipin","sumber":"OSM","atribut":{}}},{"type":"Feature","geometry":{"type":"Point","coordinates":[106.793673,-6.309005]},"properties":{"layer_id":"mobilitas","jenis":"halte","nama":"Jalan Haji Muslim","sumber":"OSM","atribut":{}}},{"type":"Feature","geometry":{"type":"Point","coordinates":[106.795778,-6.28499]},"properties":{"layer_id":"mobilitas","jenis":"halte","nama":"SMKN 28","sumber":"OSM","atribut":{}}},{"type":"Feature","geometry":{"type":"Point","coordinates":[106.80352,-6.310838]},"properties":{"layer_id":"mobilitas","jenis":"halte","nama":"Bango Raya","sumber":"OSM","atribut":{}}},{"type":"Feature","geometry":{"type":"Point","coordinates":[106.707645,-6.323315]},"properties":{"layer_id":"mobilitas","jenis":"halte","nama":null,"sumber":"OSM","atribut":{}}},{"type":"Feature","geometry":{"type":"Point","coordinates":[106.871384,-6.290438]},"properties":{"layer_id":"mobilitas","jenis":"halte","nama":"Seberang Polsek Ciracas","sumber":"OSM","atribut":{}}},{"type":"Feature","geometry":{"type":"Point","coordinates":[106.85929,-6.302489]},"properties":{"layer_id":"mobilitas","jenis":"halte","nama":"SMAN 104","sumber":"OSM","atribut":{}}},{"type":"Feature","geometry":{"type":"Point","coordinates":[106.862123,-6.304596]},"properties":{"layer_id":"mobilitas","jenis":"halte","nama":"RSUD Pasar Rebo 1","sumber":"OSM","atribut":{}}},{"type":"Feature","geometry":{"type":"Point","coordinates":[106.867138,-6.30783]},"properties":{"layer_id":"mobilitas","jenis":"halte","nama":"Jalan Makmur","sumber":"OSM","atribut":{}}},{"type":"Feature","geometry":{"type":"Point","coordinates":[106.87047,-6.308946]},"properties":{"layer_id":"mobilitas","jenis":"halte","nama":"Supriyadi","sumber":"OSM","atribut":{}}},{"type":"Feature","geometry":{"type":"Point","coordinates":[106.872243,-6.308662]},"properties":{"layer_id":"mobilitas","jenis":"halte","nama":"Jalan Asmin 2","sumber":"OSM","atribut":{}}},{"type":"Feature","geometry":{"type":"Point","coordinates":[106.876452,-6.307643]},"properties":{"layer_id":"mobilitas","jenis":"halte","nama":"Gang Ali","sumber":"OSM","atribut":{}}},{"type":"Feature","geometry":{"type":"Point","coordinates":[106.877612,-6.307337]},"properties":{"layer_id":"mobilitas","jenis":"halte","nama":"SMPN 188","sumber":"OSM","atribut":{}}},{"type":"Feature","geometry":{"type":"Point","coordinates":[106.774864,-6.289432]},"properties":{"layer_id":"mobilitas","jenis":"halte","nama":"Stasiun MRT Lebak Bulus","sumber":"OSM","atribut":{}}},{"type":"Feature","geometry":{"type":"Point","coordinates":[106.78464,-6.292059]},"properties":{"layer_id":"mobilitas","jenis":"halte","nama":"RS Siloam","sumber":"OSM","atribut":{}}},{"type":"Feature","geometry":{"type":"Point","coordinates":[106.787046,-6.292529]},"properties":{"layer_id":"mobilitas","jenis":"halte","nama":"Jalan Kaimun Jaya","sumber":"OSM","atribut":{}}},{"type":"Feature","geometry":{"type":"Point","coordinates":[106.789751,-6.292555]},"properties":{"layer_id":"mobilitas","jenis":"halte","nama":"Gang Ampera BMW Astra","sumber":"OSM","atribut":{}}},{"type":"Feature","geometry":{"type":"Point","coordinates":[106.793698,-6.292586]},"properties":{"layer_id":"mobilitas","jenis":"halte","nama":"Stasiun MRT Fatmawati","sumber":"OSM","atribut":{}}},{"type":"Feature","geometry":{"type":"Point","coordinates":[106.797449,-6.292566]},"properties":{"layer_id":"mobilitas","jenis":"halte","nama":"Fatmawati 1","sumber":"OSM","atribut":{}}},{"type":"Feature","geometry":{"type":"Point","coordinates":[106.80222,-6.292684]},"properties":{"layer_id":"mobilitas","jenis":"halte","nama":"JGC Indonesia","sumber":"OSM","atribut":{}}},{"type":"Feature","geometry":{"type":"Point","coordinates":[106.808928,-6.292633]},"properties":{"layer_id":"mobilitas","jenis":"halte","nama":"KPP Pratama Cilandak","sumber":"OSM","atribut":{}}},{"type":"Feature","geometry":{"type":"Point","coordinates":[106.81579,-6.292661]},"properties":{"layer_id":"mobilitas","jenis":"halte","nama":"Ampera 2","sumber":"OSM","atribut":{}}},{"type":"Feature","geometry":{"type":"Point","coordinates":[106.820885,-6.293548]},"properties":{"layer_id":"mobilitas","jenis":"halte","nama":"RSUD Pasar Minggu","sumber":"OSM","atribut":{}}},{"type":"Feature","geometry":{"type":"Point","coordinates":[106.824414,-6.294944]},"properties":{"layer_id":"mobilitas","jenis":"halte","nama":"Kementan","sumber":"OSM","atribut":{}}},{"type":"Feature","geometry":{"type":"Point","coordinates":[106.826978,-6.296278]},"properties":{"layer_id":"mobilitas","jenis":"halte","nama":"Kebagusan Raya","sumber":"OSM","atribut":{}}},{"type":"Feature","geometry":{"type":"Point","coordinates":[106.829627,-6.297697]},"properties":{"layer_id":"mobilitas","jenis":"halte","nama":"Plaza Oleos","sumber":"OSM","atribut":{}}},{"type":"Feature","geometry":{"type":"Point","coordinates":[106.833264,-6.299921]},"properties":{"layer_id":"mobilitas","jenis":"halte","nama":"PHE Tower Kebagusan","sumber":"OSM","atribut":{}}},{"type":"Feature","geometry":{"type":"Point","coordinates":[106.836322,-6.301893]},"properties":{"layer_id":"mobilitas","jenis":"halte","nama":"Baung","sumber":"OSM","atribut":{}}},{"type":"Feature","geometry":{"type":"Point","coordinates":[106.842872,-6.303907]},"properties":{"layer_id":"mobilitas","jenis":"halte","nama":"Gang Nanas","sumber":"OSM","atribut":{}}},{"type":"Feature","geometry":{"type":"Point","coordinates":[106.845173,-6.304197]},"properties":{"layer_id":"mobilitas","jenis":"halte","nama":"Jalan Nangka Raya","sumber":"OSM","atribut":{}}},{"type":"Feature","geometry":{"type":"Point","coordinates":[106.845878,-6.304246]},"properties":{"layer_id":"mobilitas","jenis":"halte","nama":"Telkomsel Jalan Nangka","sumber":"OSM","atribut":{}}},{"type":"Feature","geometry":{"type":"Point","coordinates":[106.8486,-6.30446]},"properties":{"layer_id":"mobilitas","jenis":"halte","nama":"ACC Simatupang","sumber":"OSM","atribut":{}}},{"type":"Feature","geometry":{"type":"Point","coordinates":[106.850903,-6.304393]},"properties":{"layer_id":"mobilitas","jenis":"halte","nama":"Muara Dalam","sumber":"OSM","atribut":{}}},{"type":"Feature","geometry":{"type":"Point","coordinates":[106.857162,-6.302534]},"properties":{"layer_id":"mobilitas","jenis":"halte","nama":"Plaza PP Condet 1","sumber":"OSM","atribut":{}}},{"type":"Feature","geometry":{"type":"Point","coordinates":[106.880123,-6.306018]},"properties":{"layer_id":"mobilitas","jenis":"halte","nama":"Seberang Terminal Kampung Rambutan","sumber":"OSM","atribut":{}}},{"type":"Feature","geometry":{"type":"Point","coordinates":[106.877673,-6.306726]},"properties":{"layer_id":"mobilitas","jenis":"halte","nama":"Jalan Mastrip","sumber":"OSM","atribut":{}}},{"type":"Feature","geometry":{"type":"Point","coordinates":[106.873676,-6.307762]},"properties":{"layer_id":"mobilitas","jenis":"halte","nama":"Jalan Baru Tanah Merdeka","sumber":"OSM","atribut":{}}},{"type":"Feature","geometry":{"type":"Point","coordinates":[106.870649,-6.308388]},"properties":{"layer_id":"mobilitas","jenis":"halte","nama":"RS Jantung Binawaluya","sumber":"OSM","atribut":{}}},{"type":"Feature","geometry":{"type":"Point","coordinates":[106.869417,-6.308146]},"properties":{"layer_id":"mobilitas","jenis":"halte","nama":"Jalan Ar Ridho","sumber":"OSM","atribut":{}}},{"type":"Feature","geometry":{"type":"Point","coordinates":[106.862391,-6.304544]},"properties":{"layer_id":"mobilitas","jenis":"halte","nama":"RSUD Pasar Rebo 2","sumber":"OSM","atribut":{}}},{"type":"Feature","geometry":{"type":"Point","coordinates":[106.857821,-6.302327]},"properties":{"layer_id":"mobilitas","jenis":"halte","nama":"Plaza PP Condet 2","sumber":"OSM","atribut":{}}},{"type":"Feature","geometry":{"type":"Point","coordinates":[106.850601,-6.303996]},"properties":{"layer_id":"mobilitas","jenis":"halte","nama":"Jalan Muara 1","sumber":"OSM","atribut":{}}},{"type":"Feature","geometry":{"type":"Point","coordinates":[106.847285,-6.303808]},"properties":{"layer_id":"mobilitas","jenis":"halte","nama":"Jalan Nangka 1","sumber":"OSM","atribut":{}}},{"type":"Feature","geometry":{"type":"Point","coordinates":[106.84437,-6.303456]},"properties":{"layer_id":"mobilitas","jenis":"halte","nama":"Jalan Haji Saidi","sumber":"OSM","atribut":{}}},{"type":"Feature","geometry":{"type":"Point","coordinates":[106.83617,-6.301173]},"properties":{"layer_id":"mobilitas","jenis":"halte","nama":"Jalan Gabus Raya","sumber":"OSM","atribut":{}}},{"type":"Feature","geometry":{"type":"Point","coordinates":[106.830902,-6.297748]},"properties":{"layer_id":"mobilitas","jenis":"halte","nama":"Jalan Jatipadang Poncol","sumber":"OSM","atribut":{}}},{"type":"Feature","geometry":{"type":"Point","coordinates":[106.823255,-6.29387]},"properties":{"layer_id":"mobilitas","jenis":"halte","nama":"Jatipadang Raya","sumber":"OSM","atribut":{}}},{"type":"Feature","geometry":{"type":"Point","coordinates":[106.817818,-6.292032]},"properties":{"layer_id":"mobilitas","jenis":"halte","nama":"Ampera 1","sumber":"OSM","atribut":{}}},{"type":"Feature","geometry":{"type":"Point","coordinates":[106.815088,-6.291934]},"properties":{"layer_id":"mobilitas","jenis":"halte","nama":"Cilandak","sumber":"OSM","atribut":{}}},{"type":"Feature","geometry":{"type":"Point","coordinates":[106.808778,-6.291945]},"properties":{"layer_id":"mobilitas","jenis":"halte","nama":"Ratu Prabu","sumber":"OSM","atribut":{}}},{"type":"Feature","geometry":{"type":"Point","coordinates":[106.802137,-6.291948]},"properties":{"layer_id":"mobilitas","jenis":"halte","nama":"Cilandak Tengah","sumber":"OSM","atribut":{}}},{"type":"Feature","geometry":{"type":"Point","coordinates":[106.796022,-6.291951]},"properties":{"layer_id":"mobilitas","jenis":"halte","nama":"Fatmawati 2","sumber":"OSM","atribut":{}}},{"type":"Feature","geometry":{"type":"Point","coordinates":[106.789179,-6.291919]},"properties":{"layer_id":"mobilitas","jenis":"halte","nama":"Prasetya Mulya","sumber":"OSM","atribut":{}}},{"type":"Feature","geometry":{"type":"Point","coordinates":[106.786354,-6.291762]},"properties":{"layer_id":"mobilitas","jenis":"halte","nama":"Beverly Tower","sumber":"OSM","atribut":{}}},{"type":"Feature","geometry":{"type":"Point","coordinates":[106.779111,-6.289106]},"properties":{"layer_id":"mobilitas","jenis":"halte","nama":"Gelanggang TB Simatupang","sumber":"OSM","atribut":{}}},{"type":"Feature","geometry":{"type":"Point","coordinates":[106.773143,-6.282069]},"properties":{"layer_id":"mobilitas","jenis":"halte","nama":"RA Kartini","sumber":"OSM","atribut":{}}},{"type":"Feature","geometry":{"type":"Point","coordinates":[106.771794,-6.282872]},"properties":{"layer_id":"mobilitas","jenis":"halte","nama":"MTsN 3 Jakarta","sumber":"OSM","atribut":{}}},{"type":"Feature","geometry":{"type":"Point","coordinates":[106.771201,-6.28648]},"properties":{"layer_id":"mobilitas","jenis":"halte","nama":"Selapa Polri","sumber":"OSM","atribut":{}}},{"type":"Feature","geometry":{"type":"Point","coordinates":[106.901408,-6.303631]},"properties":{"layer_id":"mobilitas","jenis":"halte","nama":"Museum Perangko","sumber":"OSM","atribut":{}}},{"type":"Feature","geometry":{"type":"Point","coordinates":[106.904129,-6.301094]},"properties":{"layer_id":"mobilitas","jenis":"halte","nama":"Museum Minyak & Gas Bumi","sumber":"OSM","atribut":{}}},{"type":"Feature","geometry":{"type":"Point","coordinates":[106.896043,-6.303788]},"properties":{"layer_id":"mobilitas","jenis":"halte","nama":"Museum Dunia Air Tawar","sumber":"OSM","atribut":{}}},{"type":"Feature","geometry":{"type":"Point","coordinates":[106.892573,-6.303808]},"properties":{"layer_id":"mobilitas","jenis":"halte","nama":"Taman Legenda Keong Emas","sumber":"OSM","atribut":{}}},{"type":"Feature","geometry":{"type":"Point","coordinates":[106.872048,-6.294222]},"properties":{"layer_id":"mobilitas","jenis":"halte","nama":"Pasar Induk","sumber":"OSM","atribut":{}}},{"type":"Feature","geometry":{"type":"Point","coordinates":[106.868048,-6.301939]},"properties":{"layer_id":"mobilitas","jenis":"halte","nama":"Trikora","sumber":"OSM","atribut":{}}},{"type":"Feature","geometry":{"type":"Point","coordinates":[106.865751,-6.306526]},"properties":{"layer_id":"mobilitas","jenis":"halte","nama":"Flyover Raya Bogor","sumber":"OSM","atribut":{}}},{"type":"Feature","geometry":{"type":"Point","coordinates":[106.873916,-6.308143]},"properties":{"layer_id":"mobilitas","jenis":"halte","nama":"Tanah Merdeka Arah Barat","sumber":"OSM","atribut":{}}},{"type":"Feature","geometry":{"type":"Point","coordinates":[106.873932,-6.30785]},"properties":{"layer_id":"mobilitas","jenis":"halte","nama":"Tanah Merdeka Arah Timur","sumber":"OSM","atribut":{}}},{"type":"Feature","geometry":{"type":"Point","coordinates":[106.881685,-6.309216]},"properties":{"layer_id":"mobilitas","jenis":"halte","nama":"Kampung Rambutan","sumber":"OSM","atribut":{}}},{"type":"Feature","geometry":{"type":"Point","coordinates":[106.826255,-6.285435]},"properties":{"layer_id":"mobilitas","jenis":"halte","nama":"Jatipadang","sumber":"OSM","atribut":{}}},{"type":"Feature","geometry":{"type":"Point","coordinates":[106.823632,-6.291022]},"properties":{"layer_id":"mobilitas","jenis":"halte","nama":"Jati Barat","sumber":"OSM","atribut":{}}},{"type":"Feature","geometry":{"type":"Point","coordinates":[106.822124,-6.294619]},"properties":{"layer_id":"mobilitas","jenis":"halte","nama":"Simpang Ragunan Ar-Raudhah","sumber":"OSM","atribut":{}}},{"type":"Feature","geometry":{"type":"Point","coordinates":[106.881156,-6.29014]},"properties":{"layer_id":"mobilitas","jenis":"halte","nama":"Makasar","sumber":"OSM","atribut":{}}},{"type":"Feature","geometry":{"type":"Point","coordinates":[106.841271,-6.294548]},"properties":{"layer_id":"mobilitas","jenis":"halte","nama":"Poltangan 1","sumber":"OSM","atribut":{}}},{"type":"Feature","geometry":{"type":"Point","coordinates":[106.837925,-6.28455]},"properties":{"layer_id":"mobilitas","jenis":"halte","nama":"Gelanggang Remaja Pasar Minggu","sumber":"OSM","atribut":{}}},{"type":"Feature","geometry":{"type":"Point","coordinates":[106.840628,-6.285491]},"properties":{"layer_id":"mobilitas","jenis":"halte","nama":"Seberang Kelurahan Pasar Minggu","sumber":"OSM","atribut":{}}},{"type":"Feature","geometry":{"type":"Point","coordinates":[106.843934,-6.286682]},"properties":{"layer_id":"mobilitas","jenis":"halte","nama":"Seberang LP3I","sumber":"OSM","atribut":{}}},{"type":"Feature","geometry":{"type":"Point","coordinates":[106.842571,-6.291187]},"properties":{"layer_id":"mobilitas","jenis":"halte","nama":"Seberang Grand Pasar Minggu","sumber":"OSM","atribut":{}}},{"type":"Feature","geometry":{"type":"Point","coordinates":[106.874539,-6.308165]},"properties":{"layer_id":"mobilitas","jenis":"halte","nama":"Tanah Merdeka 1","sumber":"OSM","atribut":{}}},{"type":"Feature","geometry":{"type":"Point","coordinates":[106.88315,-6.309785]},"properties":{"layer_id":"mobilitas","jenis":"halte","nama":"Terminal Kampung Rambutan 3","sumber":"OSM","atribut":{}}},{"type":"Feature","geometry":{"type":"Point","coordinates":[106.812349,-6.292433]},"properties":{"layer_id":"mobilitas","jenis":"halte","nama":"Jaha","sumber":"OSM","atribut":{}}},{"type":"Feature","geometry":{"type":"Point","coordinates":[106.776783,-6.287559]},"properties":{"layer_id":"mobilitas","jenis":"halte","nama":"Carrefour Lebak Bulus","sumber":"OSM","atribut":{}}},{"type":"Feature","geometry":{"type":"Point","coordinates":[106.774009,-6.289421]},"properties":{"layer_id":"mobilitas","jenis":"halte","nama":"Lebak Bulus","sumber":"OSM","atribut":{}}},{"type":"Feature","geometry":{"type":"Point","coordinates":[106.772065,-6.28214]},"properties":{"layer_id":"mobilitas","jenis":"halte","nama":"Pondok Pinang","sumber":"OSM","atribut":{}}},{"type":"Feature","geometry":{"type":"Point","coordinates":[106.812567,-6.291821]},"properties":{"layer_id":"mobilitas","jenis":"halte","nama":"Al Mahbubiyah","sumber":"OSM","atribut":{}}},{"type":"Feature","geometry":{"type":"Point","coordinates":[106.819618,-6.280941]},"properties":{"layer_id":"mobilitas","jenis":"halte","nama":"Pengadilan Negeri Jakarta Selatan 1","sumber":"OSM","atribut":{}}},{"type":"Feature","geometry":{"type":"Point","coordinates":[106.819229,-6.283793]},"properties":{"layer_id":"mobilitas","jenis":"halte","nama":"Komplek Polri Ragunan","sumber":"OSM","atribut":{}}},{"type":"Feature","geometry":{"type":"Point","coordinates":[106.818148,-6.288799]},"properties":{"layer_id":"mobilitas","jenis":"halte","nama":"Ampera Garden","sumber":"OSM","atribut":{}}},{"type":"Feature","geometry":{"type":"Point","coordinates":[106.814318,-6.301735]},"properties":{"layer_id":"mobilitas","jenis":"halte","nama":"Seberang Jalan Kampung Utan","sumber":"OSM","atribut":{}}},{"type":"Feature","geometry":{"type":"Point","coordinates":[106.813606,-6.310362]},"properties":{"layer_id":"mobilitas","jenis":"halte","nama":"Simpang Margasatwa Cilandak KKO","sumber":"OSM","atribut":{}}},{"type":"Feature","geometry":{"type":"Point","coordinates":[106.820944,-6.304382]},"properties":{"layer_id":"mobilitas","jenis":"halte","nama":"Badan Diklat Kejaksaan RI","sumber":"OSM","atribut":{}}},{"type":"Feature","geometry":{"type":"Point","coordinates":[106.820807,-6.30417]},"properties":{"layer_id":"mobilitas","jenis":"halte","nama":"Jalan Haji Khair","sumber":"OSM","atribut":{}}},{"type":"Feature","geometry":{"type":"Point","coordinates":[106.821146,-6.301916]},"properties":{"layer_id":"mobilitas","jenis":"halte","nama":"Masjid Jami Nurul Falah","sumber":"OSM","atribut":{}}},{"type":"Feature","geometry":{"type":"Point","coordinates":[106.81165,-6.315596]},"properties":{"layer_id":"mobilitas","jenis":"halte","nama":"Pemadam Jagakarsa","sumber":"OSM","atribut":{}}},{"type":"Feature","geometry":{"type":"Point","coordinates":[106.796672,-6.310435]},"properties":{"layer_id":"mobilitas","jenis":"halte","nama":"Jalan Pinang II Pondok Labu","sumber":"OSM","atribut":{}}},{"type":"Feature","geometry":{"type":"Point","coordinates":[106.795971,-6.284922]},"properties":{"layer_id":"mobilitas","jenis":"halte","nama":"Wisma Subud","sumber":"OSM","atribut":{}}},{"type":"Feature","geometry":{"type":"Point","coordinates":[106.842657,-6.287648]},"properties":{"layer_id":"mobilitas","jenis":"halte","nama":"Jalan Pertanian III","sumber":"OSM","atribut":{}}},{"type":"Feature","geometry":{"type":"Point","coordinates":[106.843688,-6.285073]},"properties":{"layer_id":"mobilitas","jenis":"halte","nama":"Robinson","sumber":"OSM","atribut":{}}},{"type":"Feature","geometry":{"type":"Point","coordinates":[106.839312,-6.307574]},"properties":{"layer_id":"mobilitas","jenis":"halte","nama":"Stasiun Tanjung Barat 1","sumber":"OSM","atribut":{}}},{"type":"Feature","geometry":{"type":"Point","coordinates":[106.838983,-6.309504]},"properties":{"layer_id":"mobilitas","jenis":"halte","nama":"Haji Alwi","sumber":"OSM","atribut":{}}},{"type":"Feature","geometry":{"type":"Point","coordinates":[106.826249,-6.286263]},"properties":{"layer_id":"mobilitas","jenis":"halte","nama":"Gang Jenan","sumber":"OSM","atribut":{}}},{"type":"Feature","geometry":{"type":"Point","coordinates":[106.826081,-6.285604]},"properties":{"layer_id":"mobilitas","jenis":"halte","nama":"Jatipadang 1","sumber":"OSM","atribut":{}}},{"type":"Feature","geometry":{"type":"Point","coordinates":[106.827593,-6.281878]},"properties":{"layer_id":"mobilitas","jenis":"halte","nama":"Jalan Warung Jati Barat","sumber":"OSM","atribut":{}}},{"type":"Feature","geometry":{"type":"Point","coordinates":[106.826342,-6.286151]},"properties":{"layer_id":"mobilitas","jenis":"halte","nama":"Seberang Gang Jenan","sumber":"OSM","atribut":{}}},{"type":"Feature","geometry":{"type":"Point","coordinates":[106.826244,-6.285773]},"properties":{"layer_id":"mobilitas","jenis":"halte","nama":"Jatipadang 2","sumber":"OSM","atribut":{}}},{"type":"Feature","geometry":{"type":"Point","coordinates":[106.827347,-6.282893]},"properties":{"layer_id":"mobilitas","jenis":"halte","nama":"Jalan Taman Margasatwa Raya","sumber":"OSM","atribut":{}}},{"type":"Feature","geometry":{"type":"Point","coordinates":[106.893632,-6.36877]},"properties":{"layer_id":"mobilitas","jenis":"halte","nama":"Cibubur Junction","sumber":"OSM","atribut":{}}},{"type":"Feature","geometry":{"type":"Point","coordinates":[106.896264,-6.36975]},"properties":{"layer_id":"mobilitas","jenis":"halte","nama":"Buperta Cibubur","sumber":"OSM","atribut":{}}},{"type":"Feature","geometry":{"type":"Point","coordinates":[106.881637,-6.295429]},"properties":{"layer_id":"mobilitas","jenis":"halte","nama":"Rest Area TMII","sumber":"OSM","atribut":{}}},{"type":"Feature","geometry":{"type":"Point","coordinates":[106.88993,-6.341047]},"properties":{"layer_id":"mobilitas","jenis":"halte","nama":"Rest Area Cibubur","sumber":"OSM","atribut":{}}},{"type":"Feature","geometry":{"type":"Point","coordinates":[106.895412,-6.372668]},"properties":{"layer_id":"mobilitas","jenis":"halte","nama":"Stasiun LRT Harjamukti 1","sumber":"OSM","atribut":{}}},{"type":"Feature","geometry":{"type":"Point","coordinates":[106.867607,-6.380885]},"properties":{"layer_id":"mobilitas","jenis":"halte","nama":"Pintu Tol Cijago","sumber":"OSM","atribut":{}}},{"type":"Feature","geometry":{"type":"Point","coordinates":[106.865595,-6.381854]},"properties":{"layer_id":"mobilitas","jenis":"halte","nama":"Insinyur Haji Juanda","sumber":"OSM","atribut":{}}},{"type":"Feature","geometry":{"type":"Point","coordinates":[106.866293,-6.382111]},"properties":{"layer_id":"mobilitas","jenis":"halte","nama":"Gas Alam","sumber":"OSM","atribut":{}}},{"type":"Feature","geometry":{"type":"Point","coordinates":[106.854087,-6.379968]},"properties":{"layer_id":"mobilitas","jenis":"halte","nama":"Komplek Pelni","sumber":"OSM","atribut":{}}},{"type":"Feature","geometry":{"type":"Point","coordinates":[106.85353,-6.380065]},"properties":{"layer_id":"mobilitas","jenis":"halte","nama":"Jasa Warga","sumber":"OSM","atribut":{}}},{"type":"Feature","geometry":{"type":"Point","coordinates":[106.849231,-6.379459]},"properties":{"layer_id":"mobilitas","jenis":"halte","nama":"Gang Saminten","sumber":"OSM","atribut":{}}},{"type":"Feature","geometry":{"type":"Point","coordinates":[106.849038,-6.379205]},"properties":{"layer_id":"mobilitas","jenis":"halte","nama":"Seberang Gang Saminten","sumber":"OSM","atribut":{}}},{"type":"Feature","geometry":{"type":"Point","coordinates":[106.850801,-6.379465]},"properties":{"layer_id":"mobilitas","jenis":"halte","nama":"H. Moh Nail","sumber":"OSM","atribut":{}}},{"type":"Feature","geometry":{"type":"Point","coordinates":[106.844166,-6.379614]},"properties":{"layer_id":"mobilitas","jenis":"halte","nama":"Seberang Pesona Square","sumber":"OSM","atribut":{}}},{"type":"Feature","geometry":{"type":"Point","coordinates":[106.843133,-6.379612]},"properties":{"layer_id":"mobilitas","jenis":"halte","nama":"Pesona Square","sumber":"OSM","atribut":{}}},{"type":"Feature","geometry":{"type":"Point","coordinates":[106.841441,-6.379691]},"properties":{"layer_id":"mobilitas","jenis":"halte","nama":"Moch Yusuf Raya 2","sumber":"OSM","atribut":{}}},{"type":"Feature","geometry":{"type":"Point","coordinates":[106.84099,-6.379575]},"properties":{"layer_id":"mobilitas","jenis":"halte","nama":"Moch Yusuf Raya 1","sumber":"OSM","atribut":{}}},{"type":"Feature","geometry":{"type":"Point","coordinates":[106.833286,-6.377381]},"properties":{"layer_id":"mobilitas","jenis":"halte","nama":"STIAMI 1","sumber":"OSM","atribut":{}}},{"type":"Feature","geometry":{"type":"Point","coordinates":[106.832674,-6.377315]},"properties":{"layer_id":"mobilitas","jenis":"halte","nama":"STIAMI 2","sumber":"OSM","atribut":{}}},{"type":"Feature","geometry":{"type":"Point","coordinates":[106.829996,-6.382543]},"properties":{"layer_id":"mobilitas","jenis":"halte","nama":"Pesona Khayangan","sumber":"OSM","atribut":{}}},{"type":"Feature","geometry":{"type":"Point","coordinates":[106.829601,-6.382834]},"properties":{"layer_id":"mobilitas","jenis":"halte","nama":"Kedongdong","sumber":"OSM","atribut":{}}},{"type":"Feature","geometry":{"type":"Point","coordinates":[106.829193,-6.384643]},"properties":{"layer_id":"mobilitas","jenis":"halte","nama":"Gang Beringin","sumber":"OSM","atribut":{}}},{"type":"Feature","geometry":{"type":"Point","coordinates":[106.827255,-6.38727]},"properties":{"layer_id":"mobilitas","jenis":"halte","nama":"D Mall","sumber":"OSM","atribut":{}}},{"type":"Feature","geometry":{"type":"Point","coordinates":[106.827366,-6.387568]},"properties":{"layer_id":"mobilitas","jenis":"halte","nama":"Ace Hardware","sumber":"OSM","atribut":{}}},{"type":"Feature","geometry":{"type":"Point","coordinates":[106.826068,-6.389373]},"properties":{"layer_id":"mobilitas","jenis":"halte","nama":"STM Mandiri","sumber":"OSM","atribut":{}}},{"type":"Feature","geometry":{"type":"Point","coordinates":[106.824652,-6.391595]},"properties":{"layer_id":"mobilitas","jenis":"halte","nama":"Terminal Depok","sumber":"OSM","atribut":{}}},{"type":"Feature","geometry":{"type":"Point","coordinates":[106.886645,-6.302332]},"properties":{"layer_id":"mobilitas","jenis":"halte","nama":"TMII","sumber":"OSM","atribut":{}}},{"type":"Feature","geometry":{"type":"Point","coordinates":[106.885471,-6.303509]},"properties":{"layer_id":"mobilitas","jenis":"halte","nama":"Green Terrace","sumber":"OSM","atribut":{}}},{"type":"Feature","geometry":{"type":"Point","coordinates":[106.88732,-6.304747]},"properties":{"layer_id":"mobilitas","jenis":"halte","nama":"Green Terrace 2","sumber":"OSM","atribut":{}}},{"type":"Feature","geometry":{"type":"Point","coordinates":[106.890034,-6.305426]},"properties":{"layer_id":"mobilitas","jenis":"halte","nama":"TMII Pintu 3","sumber":"OSM","atribut":{}}},{"type":"Feature","geometry":{"type":"Point","coordinates":[106.896562,-6.30715]},"properties":{"layer_id":"mobilitas","jenis":"halte","nama":"Museum Nasional Visible Storage","sumber":"OSM","atribut":{}}},{"type":"Feature","geometry":{"type":"Point","coordinates":[106.897738,-6.30775]},"properties":{"layer_id":"mobilitas","jenis":"halte","nama":"Nizamia Andalusia","sumber":"OSM","atribut":{}}},{"type":"Feature","geometry":{"type":"Point","coordinates":[106.898011,-6.308996]},"properties":{"layer_id":"mobilitas","jenis":"halte","nama":"Jalan Bambu Hubuny","sumber":"OSM","atribut":{}}},{"type":"Feature","geometry":{"type":"Point","coordinates":[106.896475,-6.308136]},"properties":{"layer_id":"mobilitas","jenis":"halte","nama":"Gerbang Tol Bambu Apus 2","sumber":"OSM","atribut":{}}},{"type":"Feature","geometry":{"type":"Point","coordinates":[106.894915,-6.307485]},"properties":{"layer_id":"mobilitas","jenis":"halte","nama":"Jalan Gempol Raya","sumber":"OSM","atribut":{}}},{"type":"Feature","geometry":{"type":"Point","coordinates":[106.894069,-6.307308]},"properties":{"layer_id":"mobilitas","jenis":"halte","nama":"Gempol","sumber":"OSM","atribut":{}}},{"type":"Feature","geometry":{"type":"Point","coordinates":[106.893148,-6.307038]},"properties":{"layer_id":"mobilitas","jenis":"halte","nama":"RS Adhiyaksa","sumber":"OSM","atribut":{}}},{"type":"Feature","geometry":{"type":"Point","coordinates":[106.891917,-6.306756]},"properties":{"layer_id":"mobilitas","jenis":"halte","nama":"Jalan Rawa Segaran","sumber":"OSM","atribut":{}}},{"type":"Feature","geometry":{"type":"Point","coordinates":[106.890184,-6.306384]},"properties":{"layer_id":"mobilitas","jenis":"halte","nama":"Jalan Nangka","sumber":"OSM","atribut":{}}},{"type":"Feature","geometry":{"type":"Point","coordinates":[106.886367,-6.304818]},"properties":{"layer_id":"mobilitas","jenis":"halte","nama":"Simpang Mabes Hankam","sumber":"OSM","atribut":{}}},{"type":"Feature","geometry":{"type":"Point","coordinates":[106.883604,-6.300555]},"properties":{"layer_id":"mobilitas","jenis":"halte","nama":"Jembatan Pintu Satu","sumber":"OSM","atribut":{}}},{"type":"Feature","geometry":{"type":"Point","coordinates":[106.883894,-6.300737]},"properties":{"layer_id":"mobilitas","jenis":"halte","nama":"Seberang Jembatan Pintu Satu","sumber":"OSM","atribut":{}}},{"type":"Feature","geometry":{"type":"Point","coordinates":[106.883108,-6.298719]},"properties":{"layer_id":"mobilitas","jenis":"halte","nama":"Seberang Masjid At Tin","sumber":"OSM","atribut":{}}},{"type":"Feature","geometry":{"type":"Point","coordinates":[106.8818,-6.294638]},"properties":{"layer_id":"mobilitas","jenis":"halte","nama":"RS Moh Ridwan Meuraksa","sumber":"OSM","atribut":{}}},{"type":"Feature","geometry":{"type":"Point","coordinates":[106.881611,-6.294726]},"properties":{"layer_id":"mobilitas","jenis":"halte","nama":"Seberang RS Moh Ridwan Meuraksa","sumber":"OSM","atribut":{}}},{"type":"Feature","geometry":{"type":"Point","coordinates":[106.828698,-6.330575]},"properties":{"layer_id":"mobilitas","jenis":"halte","nama":"Seberang Simpang Kelapa Tiga Jagakarsa","sumber":"OSM","atribut":{}}},{"type":"Feature","geometry":{"type":"Point","coordinates":[106.828792,-6.330507]},"properties":{"layer_id":"mobilitas","jenis":"halte","nama":"Simpang Kelapa Tiga Jagakarsa","sumber":"OSM","atribut":{}}},{"type":"Feature","geometry":{"type":"Point","coordinates":[106.829392,-6.327083]},"properties":{"layer_id":"mobilitas","jenis":"halte","nama":"Masjid Al Khoiriyah Jagakarsa","sumber":"OSM","atribut":{}}},{"type":"Feature","geometry":{"type":"Point","coordinates":[106.83008,-6.324278]},"properties":{"layer_id":"mobilitas","jenis":"halte","nama":"Gang Haji Salam","sumber":"OSM","atribut":{}}},{"type":"Feature","geometry":{"type":"Point","coordinates":[106.830129,-6.324376]},"properties":{"layer_id":"mobilitas","jenis":"halte","nama":"Seberang Gang Haji Salam","sumber":"OSM","atribut":{}}},{"type":"Feature","geometry":{"type":"Point","coordinates":[106.831805,-6.321568]},"properties":{"layer_id":"mobilitas","jenis":"halte","nama":"Jalan Batas Dua","sumber":"OSM","atribut":{}}},{"type":"Feature","geometry":{"type":"Point","coordinates":[106.831949,-6.32156]},"properties":{"layer_id":"mobilitas","jenis":"halte","nama":"Seberang Jalan Batas Dua","sumber":"OSM","atribut":{}}},{"type":"Feature","geometry":{"type":"Point","coordinates":[106.833443,-6.31925]},"properties":{"layer_id":"mobilitas","jenis":"halte","nama":"SDN Lenteng Agung 09 Jagakarsa","sumber":"OSM","atribut":{}}},{"type":"Feature","geometry":{"type":"Point","coordinates":[106.833365,-6.319222]},"properties":{"layer_id":"mobilitas","jenis":"halte","nama":"Jalan Kebagusan Dalam 1","sumber":"OSM","atribut":{}}},{"type":"Feature","geometry":{"type":"Point","coordinates":[106.862439,-6.311748]},"properties":{"layer_id":"mobilitas","jenis":"halte","nama":"Mall Cijantung","sumber":"OSM","atribut":{}}},{"type":"Feature","geometry":{"type":"Point","coordinates":[106.862644,-6.311658]},"properties":{"layer_id":"mobilitas","jenis":"halte","nama":"Litbang Depnaker Jaktim","sumber":"OSM","atribut":{}}},{"type":"Feature","geometry":{"type":"Point","coordinates":[106.863571,-6.309248]},"properties":{"layer_id":"mobilitas","jenis":"halte","nama":"Jalan Makmur Raya Bogor","sumber":"OSM","atribut":{}}},{"type":"Feature","geometry":{"type":"Point","coordinates":[106.863851,-6.308145]},"properties":{"layer_id":"mobilitas","jenis":"halte","nama":"Simpang Anyelir","sumber":"OSM","atribut":{}}},{"type":"Feature","geometry":{"type":"Point","coordinates":[106.864557,-6.307685]},"properties":{"layer_id":"mobilitas","jenis":"halte","nama":"Akses Bawah Flyover Raya Bogor","sumber":"OSM","atribut":{}}},{"type":"Feature","geometry":{"type":"Point","coordinates":[106.863034,-6.314453]},"properties":{"layer_id":"mobilitas","jenis":"halte","nama":"Sekolah Islam PB Soedirman","sumber":"OSM","atribut":{}}},{"type":"Feature","geometry":{"type":"Point","coordinates":[106.864792,-6.318792]},"properties":{"layer_id":"mobilitas","jenis":"halte","nama":"Jalan Suci Raya Bogor","sumber":"OSM","atribut":{}}},{"type":"Feature","geometry":{"type":"Point","coordinates":[106.864614,-6.318747]},"properties":{"layer_id":"mobilitas","jenis":"halte","nama":"Dharma Bakti Cijantung","sumber":"OSM","atribut":{}}},{"type":"Feature","geometry":{"type":"Point","coordinates":[106.863248,-6.314596]},"properties":{"layer_id":"mobilitas","jenis":"halte","nama":"Seberang Sekolah Islam PB Soedirman","sumber":"OSM","atribut":{}}},{"type":"Feature","geometry":{"type":"Point","coordinates":[106.864087,-6.325244]},"properties":{"layer_id":"mobilitas","jenis":"halte","nama":"GOR Ciracas","sumber":"OSM","atribut":{}}},{"type":"Feature","geometry":{"type":"Point","coordinates":[106.863176,-6.326046]},"properties":{"layer_id":"mobilitas","jenis":"halte","nama":"Jalan Pule I Cijantung","sumber":"OSM","atribut":{}}},{"type":"Feature","geometry":{"type":"Point","coordinates":[106.863226,-6.326098]},"properties":{"layer_id":"mobilitas","jenis":"halte","nama":"Jalan Asem Cijantung","sumber":"OSM","atribut":{}}},{"type":"Feature","geometry":{"type":"Point","coordinates":[106.860833,-6.325708]},"properties":{"layer_id":"mobilitas","jenis":"halte","nama":"Jalan Karya Bakti III Cijantung","sumber":"OSM","atribut":{}}},{"type":"Feature","geometry":{"type":"Point","coordinates":[106.860803,-6.325664]},"properties":{"layer_id":"mobilitas","jenis":"halte","nama":"Jalan Haji Jipin Cijantung","sumber":"OSM","atribut":{}}},{"type":"Feature","geometry":{"type":"Point","coordinates":[106.861786,-6.325815]},"properties":{"layer_id":"mobilitas","jenis":"halte","nama":"Seberang Kelurahan Cijantung","sumber":"OSM","atribut":{}}},{"type":"Feature","geometry":{"type":"Point","coordinates":[106.860134,-6.325875]},"properties":{"layer_id":"mobilitas","jenis":"halte","nama":"Seberang Sekolah Malahayati","sumber":"OSM","atribut":{}}},{"type":"Feature","geometry":{"type":"Point","coordinates":[106.860144,-6.325835]},"properties":{"layer_id":"mobilitas","jenis":"halte","nama":"Sekolah Malahayati","sumber":"OSM","atribut":{}}},{"type":"Feature","geometry":{"type":"Point","coordinates":[106.864997,-6.321491]},"properties":{"layer_id":"mobilitas","jenis":"halte","nama":"Prajawangsa 1","sumber":"OSM","atribut":{}}},{"type":"Feature","geometry":{"type":"Point","coordinates":[106.861857,-6.325771]},"properties":{"layer_id":"mobilitas","jenis":"halte","nama":"Kelurahan Cijantung","sumber":"OSM","atribut":{}}},{"type":"Feature","geometry":{"type":"Point","coordinates":[106.8639,-6.326542]},"properties":{"layer_id":"mobilitas","jenis":"halte","nama":"SDN 01 Ciracas","sumber":"OSM","atribut":{}}},{"type":"Feature","geometry":{"type":"Point","coordinates":[106.865193,-6.321583]},"properties":{"layer_id":"mobilitas","jenis":"halte","nama":"Pool Blue Bird Cijantung","sumber":"OSM","atribut":{}}},{"type":"Feature","geometry":{"type":"Point","coordinates":[106.863885,-6.325426]},"properties":{"layer_id":"mobilitas","jenis":"halte","nama":"Seberang GOR Ciracas","sumber":"OSM","atribut":{}}},{"type":"Feature","geometry":{"type":"Point","coordinates":[106.863732,-6.326465]},"properties":{"layer_id":"mobilitas","jenis":"halte","nama":"Gongseng","sumber":"OSM","atribut":{}}},{"type":"Feature","geometry":{"type":"Point","coordinates":[106.864463,-6.323622]},"properties":{"layer_id":"mobilitas","jenis":"halte","nama":"Seberang Masjid Baitul Muttaqin","sumber":"OSM","atribut":{}}},{"type":"Feature","geometry":{"type":"Point","coordinates":[106.857476,-6.337557]},"properties":{"layer_id":"mobilitas","jenis":"halte","nama":"Pesona Kalisari","sumber":"OSM","atribut":{}}},{"type":"Feature","geometry":{"type":"Point","coordinates":[106.857063,-6.33758]},"properties":{"layer_id":"mobilitas","jenis":"halte","nama":"Seberang Pesona Kalisari","sumber":"OSM","atribut":{}}},{"type":"Feature","geometry":{"type":"Point","coordinates":[106.856269,-6.337117]},"properties":{"layer_id":"mobilitas","jenis":"halte","nama":"Seberang Kelurahan Kalisari","sumber":"OSM","atribut":{}}},{"type":"Feature","geometry":{"type":"Point","coordinates":[106.856152,-6.337141]},"properties":{"layer_id":"mobilitas","jenis":"halte","nama":"Kelurahan Kalisari","sumber":"OSM","atribut":{}}},{"type":"Feature","geometry":{"type":"Point","coordinates":[106.855314,-6.33683]},"properties":{"layer_id":"mobilitas","jenis":"halte","nama":"SMPN 203","sumber":"OSM","atribut":{}}},{"type":"Feature","geometry":{"type":"Point","coordinates":[106.855081,-6.336696]},"properties":{"layer_id":"mobilitas","jenis":"halte","nama":"Seberang SDN Kalisari 05","sumber":"OSM","atribut":{}}},{"type":"Feature","geometry":{"type":"Point","coordinates":[106.854695,-6.336336]},"properties":{"layer_id":"mobilitas","jenis":"halte","nama":"SDN Kalisari 01","sumber":"OSM","atribut":{}}},{"type":"Feature","geometry":{"type":"Point","coordinates":[106.854594,-6.336272]},"properties":{"layer_id":"mobilitas","jenis":"halte","nama":"Seberang SDN Kalisari 01","sumber":"OSM","atribut":{}}},{"type":"Feature","geometry":{"type":"Point","coordinates":[106.85376,-6.335763]},"properties":{"layer_id":"mobilitas","jenis":"halte","nama":"Simpang Haji Jumat Kalisari","sumber":"OSM","atribut":{}}},{"type":"Feature","geometry":{"type":"Point","coordinates":[106.853703,-6.335765]},"properties":{"layer_id":"mobilitas","jenis":"halte","nama":"Simpang Kalisari II","sumber":"OSM","atribut":{}}},{"type":"Feature","geometry":{"type":"Point","coordinates":[106.85275,-6.33497]},"properties":{"layer_id":"mobilitas","jenis":"halte","nama":"Jalan Manunggal Bhakti Kalisari","sumber":"OSM","atribut":{}}},{"type":"Feature","geometry":{"type":"Point","coordinates":[106.852721,-6.334918]},"properties":{"layer_id":"mobilitas","jenis":"halte","nama":"Seberang Jalan Manunggal Bhakti Kalisari","sumber":"OSM","atribut":{}}},{"type":"Feature","geometry":{"type":"Point","coordinates":[106.852624,-6.3339]},"properties":{"layer_id":"mobilitas","jenis":"halte","nama":"Gang Bengkel Kalisari","sumber":"OSM","atribut":{}}},{"type":"Feature","geometry":{"type":"Point","coordinates":[106.852764,-6.333488]},"properties":{"layer_id":"mobilitas","jenis":"halte","nama":"Seberang Jalan Lestari Kalisari","sumber":"OSM","atribut":{}}},{"type":"Feature","geometry":{"type":"Point","coordinates":[106.852806,-6.332076]},"properties":{"layer_id":"mobilitas","jenis":"halte","nama":"Seberang Jalan Mangga Kalisari","sumber":"OSM","atribut":{}}},{"type":"Feature","geometry":{"type":"Point","coordinates":[106.852727,-6.331195]},"properties":{"layer_id":"mobilitas","jenis":"halte","nama":"Seberang SMPN 179","sumber":"OSM","atribut":{}}},{"type":"Feature","geometry":{"type":"Point","coordinates":[106.852443,-6.329856]},"properties":{"layer_id":"mobilitas","jenis":"halte","nama":"Jalan Batas II Baru","sumber":"OSM","atribut":{}}},{"type":"Feature","geometry":{"type":"Point","coordinates":[106.852134,-6.329116]},"properties":{"layer_id":"mobilitas","jenis":"halte","nama":"Jalan Bakti II Baru","sumber":"OSM","atribut":{}}},{"type":"Feature","geometry":{"type":"Point","coordinates":[106.851234,-6.328237]},"properties":{"layer_id":"mobilitas","jenis":"halte","nama":"Jalan Masjid Al Jadid I Baru","sumber":"OSM","atribut":{}}},{"type":"Feature","geometry":{"type":"Point","coordinates":[106.850255,-6.328061]},"properties":{"layer_id":"mobilitas","jenis":"halte","nama":"Simpang Haji Hasan Rambutan Baru","sumber":"OSM","atribut":{}}},{"type":"Feature","geometry":{"type":"Point","coordinates":[106.850299,-6.327201]},"properties":{"layer_id":"mobilitas","jenis":"halte","nama":"Gang Bidan Baru","sumber":"OSM","atribut":{}}},{"type":"Feature","geometry":{"type":"Point","coordinates":[106.850172,-6.325876]},"properties":{"layer_id":"mobilitas","jenis":"halte","nama":"Gang Haji Rosanih Baru","sumber":"OSM","atribut":{}}},{"type":"Feature","geometry":{"type":"Point","coordinates":[106.850484,-6.325012]},"properties":{"layer_id":"mobilitas","jenis":"halte","nama":"Simpang Gongseng Raya Haji Hasan","sumber":"OSM","atribut":{}}},{"type":"Feature","geometry":{"type":"Point","coordinates":[106.851464,-6.325274]},"properties":{"layer_id":"mobilitas","jenis":"halte","nama":"Seberang Jalan Serba Guna Cijantung","sumber":"OSM","atribut":{}}},{"type":"Feature","geometry":{"type":"Point","coordinates":[106.852327,-6.326425]},"properties":{"layer_id":"mobilitas","jenis":"halte","nama":"Masjid Al Jadid Cijantung","sumber":"OSM","atribut":{}}},{"type":"Feature","geometry":{"type":"Point","coordinates":[106.85346,-6.326528]},"properties":{"layer_id":"mobilitas","jenis":"halte","nama":"Seberang Bumi Gotong Royong","sumber":"OSM","atribut":{}}},{"type":"Feature","geometry":{"type":"Point","coordinates":[106.855799,-6.326557]},"properties":{"layer_id":"mobilitas","jenis":"halte","nama":"Seberang Gang Rezeki Cijantung","sumber":"OSM","atribut":{}}},{"type":"Feature","geometry":{"type":"Point","coordinates":[106.856125,-6.326524]},"properties":{"layer_id":"mobilitas","jenis":"halte","nama":"Simpang Pertengahan Cijantung","sumber":"OSM","atribut":{}}},{"type":"Feature","geometry":{"type":"Point","coordinates":[106.857722,-6.326378]},"properties":{"layer_id":"mobilitas","jenis":"halte","nama":"Seberang Gang Wali Pertama Cijantung","sumber":"OSM","atribut":{}}},{"type":"Feature","geometry":{"type":"Point","coordinates":[106.857458,-6.326425]},"properties":{"layer_id":"mobilitas","jenis":"halte","nama":"Gang Wali Pertama Cijantung","sumber":"OSM","atribut":{}}},{"type":"Feature","geometry":{"type":"Point","coordinates":[106.858325,-6.326345]},"properties":{"layer_id":"mobilitas","jenis":"halte","nama":"Seberang Jalan Bima I Cijantung","sumber":"OSM","atribut":{}}},{"type":"Feature","geometry":{"type":"Point","coordinates":[106.858498,-6.326266]},"properties":{"layer_id":"mobilitas","jenis":"halte","nama":"Jalan Bima I Cijantung","sumber":"OSM","atribut":{}}},{"type":"Feature","geometry":{"type":"Point","coordinates":[106.859239,-6.326478]},"properties":{"layer_id":"mobilitas","jenis":"halte","nama":"Simpang Gongseng Raya Pondok Baru","sumber":"OSM","atribut":{}}},{"type":"Feature","geometry":{"type":"Point","coordinates":[106.859312,-6.326196]},"properties":{"layer_id":"mobilitas","jenis":"halte","nama":"Simpang Pondok Baru Gongseng Raya","sumber":"OSM","atribut":{}}},{"type":"Feature","geometry":{"type":"Point","coordinates":[106.856403,-6.324499]},"properties":{"layer_id":"mobilitas","jenis":"halte","nama":"Gang Palem II","sumber":"OSM","atribut":{}}},{"type":"Feature","geometry":{"type":"Point","coordinates":[106.855227,-6.324435]},"properties":{"layer_id":"mobilitas","jenis":"halte","nama":"Gang Permata Indah III","sumber":"OSM","atribut":{}}},{"type":"Feature","geometry":{"type":"Point","coordinates":[106.852314,-6.323484]},"properties":{"layer_id":"mobilitas","jenis":"halte","nama":"Kantor Kelurahan Baru","sumber":"OSM","atribut":{}}},{"type":"Feature","geometry":{"type":"Point","coordinates":[106.848234,-6.322169]},"properties":{"layer_id":"mobilitas","jenis":"halte","nama":"Jalan Haji Hasan","sumber":"OSM","atribut":{}}},{"type":"Feature","geometry":{"type":"Point","coordinates":[106.846646,-6.323324]},"properties":{"layer_id":"mobilitas","jenis":"halte","nama":"Tribuana","sumber":"OSM","atribut":{}}},{"type":"Feature","geometry":{"type":"Point","coordinates":[106.844924,-6.325735]},"properties":{"layer_id":"mobilitas","jenis":"halte","nama":"Jalan Kobandiklat II","sumber":"OSM","atribut":{}}},{"type":"Feature","geometry":{"type":"Point","coordinates":[106.845526,-6.330404]},"properties":{"layer_id":"mobilitas","jenis":"halte","nama":"Jalan Saraceen","sumber":"OSM","atribut":{}}},{"type":"Feature","geometry":{"type":"Point","coordinates":[106.845704,-6.333704]},"properties":{"layer_id":"mobilitas","jenis":"halte","nama":"Jalan Caraka Buana II","sumber":"OSM","atribut":{}}},{"type":"Feature","geometry":{"type":"Point","coordinates":[106.848856,-6.335191]},"properties":{"layer_id":"mobilitas","jenis":"halte","nama":"Jalan Puri Tjapang Indah","sumber":"OSM","atribut":{}}},{"type":"Feature","geometry":{"type":"Point","coordinates":[106.858133,-6.34279]},"properties":{"layer_id":"mobilitas","jenis":"halte","nama":"Kalisari Lapan Pekayon","sumber":"OSM","atribut":{}}},{"type":"Feature","geometry":{"type":"Point","coordinates":[106.859112,-6.341939]},"properties":{"layer_id":"mobilitas","jenis":"halte","nama":"Seberang Gedung Lapan Pekayon","sumber":"OSM","atribut":{}}},{"type":"Feature","geometry":{"type":"Point","coordinates":[106.85956,-6.341624]},"properties":{"layer_id":"mobilitas","jenis":"halte","nama":"Seberang Komplek Lapan Pekayon","sumber":"OSM","atribut":{}}},{"type":"Feature","geometry":{"type":"Point","coordinates":[106.859758,-6.341316]},"properties":{"layer_id":"mobilitas","jenis":"halte","nama":"Seberang Komplek Lapan Pekayon","sumber":"OSM","atribut":{}}},{"type":"Feature","geometry":{"type":"Point","coordinates":[106.860879,-6.340879]},"properties":{"layer_id":"mobilitas","jenis":"halte","nama":"Seberang SDN Pekayon 10","sumber":"OSM","atribut":{}}},{"type":"Feature","geometry":{"type":"Point","coordinates":[106.860972,-6.340981]},"properties":{"layer_id":"mobilitas","jenis":"halte","nama":"SDN Pekayon 10","sumber":"OSM","atribut":{}}},{"type":"Feature","geometry":{"type":"Point","coordinates":[106.863162,-6.341669]},"properties":{"layer_id":"mobilitas","jenis":"halte","nama":"Simpang Lapan Madrasah 2","sumber":"OSM","atribut":{}}},{"type":"Feature","geometry":{"type":"Point","coordinates":[106.863099,-6.341553]},"properties":{"layer_id":"mobilitas","jenis":"halte","nama":"Simpang Lapan Madrasah 1","sumber":"OSM","atribut":{}}},{"type":"Feature","geometry":{"type":"Point","coordinates":[106.863623,-6.340927]},"properties":{"layer_id":"mobilitas","jenis":"halte","nama":"Seberang SMPN 184","sumber":"OSM","atribut":{}}},{"type":"Feature","geometry":{"type":"Point","coordinates":[106.86377,-6.340703]},"properties":{"layer_id":"mobilitas","jenis":"halte","nama":"SMPN 184","sumber":"OSM","atribut":{}}},{"type":"Feature","geometry":{"type":"Point","coordinates":[106.864055,-6.339948]},"properties":{"layer_id":"mobilitas","jenis":"halte","nama":"Simpang Kalisari Raya Lapan","sumber":"OSM","atribut":{}}},{"type":"Feature","geometry":{"type":"Point","coordinates":[106.863481,-6.339566]},"properties":{"layer_id":"mobilitas","jenis":"halte","nama":"Seberang Midi Utama Kalisari","sumber":"OSM","atribut":{}}},{"type":"Feature","geometry":{"type":"Point","coordinates":[106.861475,-6.339061]},"properties":{"layer_id":"mobilitas","jenis":"halte","nama":"Puskesmas Pasar Rebo","sumber":"OSM","atribut":{}}},{"type":"Feature","geometry":{"type":"Point","coordinates":[106.86172,-6.339113]},"properties":{"layer_id":"mobilitas","jenis":"halte","nama":"Seberang Puskesmas Pasar Rebo","sumber":"OSM","atribut":{}}},{"type":"Feature","geometry":{"type":"Point","coordinates":[106.859878,-6.338532]},"properties":{"layer_id":"mobilitas","jenis":"halte","nama":"Seberang Jalan Damai Kalisari","sumber":"OSM","atribut":{}}},{"type":"Feature","geometry":{"type":"Point","coordinates":[106.860014,-6.338502]},"properties":{"layer_id":"mobilitas","jenis":"halte","nama":"Jalan Damai Kalisari","sumber":"OSM","atribut":{}}},{"type":"Feature","geometry":{"type":"Point","coordinates":[106.858885,-6.338216]},"properties":{"layer_id":"mobilitas","jenis":"halte","nama":"Seberang Jalan Saorma Kalisari","sumber":"OSM","atribut":{}}},{"type":"Feature","geometry":{"type":"Point","coordinates":[106.858787,-6.338279]},"properties":{"layer_id":"mobilitas","jenis":"halte","nama":"Jalan Saorma Kalisari","sumber":"OSM","atribut":{}}},{"type":"Feature","geometry":{"type":"Point","coordinates":[106.882243,-6.309266]},"properties":{"layer_id":"mobilitas","jenis":"halte","nama":"Kampung Rambutan","sumber":"OSM","atribut":{}}},{"type":"Feature","geometry":{"type":"Point","coordinates":[106.869595,-6.343826]},"properties":{"layer_id":"mobilitas","jenis":"halte","nama":"Jalan Tipar Cibubur","sumber":"OSM","atribut":{}}},{"type":"Feature","geometry":{"type":"Point","coordinates":[106.869168,-6.343662]},"properties":{"layer_id":"mobilitas","jenis":"halte","nama":"Simpang Lapangan Tembak Raya Bogor","sumber":"OSM","atribut":{}}},{"type":"Feature","geometry":{"type":"Point","coordinates":[106.869105,-6.342933]},"properties":{"layer_id":"mobilitas","jenis":"halte","nama":"Seberang Huntsman","sumber":"OSM","atribut":{}}},{"type":"Feature","geometry":{"type":"Point","coordinates":[106.868993,-6.342789]},"properties":{"layer_id":"mobilitas","jenis":"halte","nama":"Ciba","sumber":"OSM","atribut":{}}},{"type":"Feature","geometry":{"type":"Point","coordinates":[106.869304,-6.340704]},"properties":{"layer_id":"mobilitas","jenis":"halte","nama":"Titanium Square","sumber":"OSM","atribut":{}}},{"type":"Feature","geometry":{"type":"Point","coordinates":[106.869004,-6.340046]},"properties":{"layer_id":"mobilitas","jenis":"halte","nama":"Komplek Zeni Raya Bogor","sumber":"OSM","atribut":{}}},{"type":"Feature","geometry":{"type":"Point","coordinates":[106.868984,-6.339333]},"properties":{"layer_id":"mobilitas","jenis":"halte","nama":"Komplek Zeni Kecamatan Pasar Rebo","sumber":"OSM","atribut":{}}},{"type":"Feature","geometry":{"type":"Point","coordinates":[106.868278,-6.336793]},"properties":{"layer_id":"mobilitas","jenis":"halte","nama":"Seberang Polsek Pasar Rebo","sumber":"OSM","atribut":{}}},{"type":"Feature","geometry":{"type":"Point","coordinates":[106.868061,-6.336622]},"properties":{"layer_id":"mobilitas","jenis":"halte","nama":"Polsek Pasar Rebo","sumber":"OSM","atribut":{}}},{"type":"Feature","geometry":{"type":"Point","coordinates":[106.867765,-6.334678]},"properties":{"layer_id":"mobilitas","jenis":"halte","nama":"Seberang Komplek Polri Foremos","sumber":"OSM","atribut":{}}},{"type":"Feature","geometry":{"type":"Point","coordinates":[106.86769,-6.332747]},"properties":{"layer_id":"mobilitas","jenis":"halte","nama":"Khong Guan Bicuit Factory","sumber":"OSM","atribut":{}}},{"type":"Feature","geometry":{"type":"Point","coordinates":[106.867554,-6.332833]},"properties":{"layer_id":"mobilitas","jenis":"halte","nama":"Simpang Belly 1","sumber":"OSM","atribut":{}}},{"type":"Feature","geometry":{"type":"Point","coordinates":[106.867478,-6.332211]},"properties":{"layer_id":"mobilitas","jenis":"halte","nama":"Simpang Bely 2","sumber":"OSM","atribut":{}}},{"type":"Feature","geometry":{"type":"Point","coordinates":[106.867265,-6.331239]},"properties":{"layer_id":"mobilitas","jenis":"halte","nama":"Naga Ciracas","sumber":"OSM","atribut":{}}},{"type":"Feature","geometry":{"type":"Point","coordinates":[106.865886,-6.329364]},"properties":{"layer_id":"mobilitas","jenis":"halte","nama":"Seberang Jalan Buah Cijantung","sumber":"OSM","atribut":{}}},{"type":"Feature","geometry":{"type":"Point","coordinates":[106.865726,-6.329382]},"properties":{"layer_id":"mobilitas","jenis":"halte","nama":"Jalan Buah Cijantung","sumber":"OSM","atribut":{}}},{"type":"Feature","geometry":{"type":"Point","coordinates":[106.864798,-6.328246]},"properties":{"layer_id":"mobilitas","jenis":"halte","nama":"Jalan Haji Marzuki Raya Bogor","sumber":"OSM","atribut":{}}},{"type":"Feature","geometry":{"type":"Point","coordinates":[106.893008,-6.369731]},"properties":{"layer_id":"mobilitas","jenis":"halte","nama":"Seberang Taman Wiladatika","sumber":"OSM","atribut":{}}},{"type":"Feature","geometry":{"type":"Point","coordinates":[106.889689,-6.368664]},"properties":{"layer_id":"mobilitas","jenis":"halte","nama":"Taman Segitiga Cibubur","sumber":"OSM","atribut":{}}},{"type":"Feature","geometry":{"type":"Point","coordinates":[106.889295,-6.36745]},"properties":{"layer_id":"mobilitas","jenis":"halte","nama":"GOR Popki Cibubur","sumber":"OSM","atribut":{}}},{"type":"Feature","geometry":{"type":"Point","coordinates":[106.888977,-6.36676]},"properties":{"layer_id":"mobilitas","jenis":"halte","nama":"Seberang Popki Cibubur","sumber":"OSM","atribut":{}}},{"type":"Feature","geometry":{"type":"Point","coordinates":[106.888455,-6.365798]},"properties":{"layer_id":"mobilitas","jenis":"halte","nama":"Komplek Perum Ad Cibubur","sumber":"OSM","atribut":{}}},{"type":"Feature","geometry":{"type":"Point","coordinates":[106.888225,-6.365895]},"properties":{"layer_id":"mobilitas","jenis":"halte","nama":"SMP Islam Al Azhar 19","sumber":"OSM","atribut":{}}},{"type":"Feature","geometry":{"type":"Point","coordinates":[106.887354,-6.365782]},"properties":{"layer_id":"mobilitas","jenis":"halte","nama":"Seberang Sekolah Al Wahyu Cibubur","sumber":"OSM","atribut":{}}},{"type":"Feature","geometry":{"type":"Point","coordinates":[106.887356,-6.365854]},"properties":{"layer_id":"mobilitas","jenis":"halte","nama":"Sekolah Al Wahyu Cibubur","sumber":"OSM","atribut":{}}},{"type":"Feature","geometry":{"type":"Point","coordinates":[106.885952,-6.365116]},"properties":{"layer_id":"mobilitas","jenis":"halte","nama":"Seberang SMKN 52","sumber":"OSM","atribut":{}}},{"type":"Feature","geometry":{"type":"Point","coordinates":[106.885878,-6.365205]},"properties":{"layer_id":"mobilitas","jenis":"halte","nama":"SMKN 52","sumber":"OSM","atribut":{}}},{"type":"Feature","geometry":{"type":"Point","coordinates":[106.886128,-6.364182]},"properties":{"layer_id":"mobilitas","jenis":"halte","nama":"Gang Mantap Cibubur","sumber":"OSM","atribut":{}}},{"type":"Feature","geometry":{"type":"Point","coordinates":[106.886043,-6.364139]},"properties":{"layer_id":"mobilitas","jenis":"halte","nama":"Seberang Gang Mantap Cibubur","sumber":"OSM","atribut":{}}},{"type":"Feature","geometry":{"type":"Point","coordinates":[106.884384,-6.363738]},"properties":{"layer_id":"mobilitas","jenis":"halte","nama":"Gang Al Khoiriyah Cibubur","sumber":"OSM","atribut":{}}},{"type":"Feature","geometry":{"type":"Point","coordinates":[106.884229,-6.36369]},"properties":{"layer_id":"mobilitas","jenis":"halte","nama":"Jalan Abdulrahman Cibubur","sumber":"OSM","atribut":{}}},{"type":"Feature","geometry":{"type":"Point","coordinates":[106.884338,-6.362485]},"properties":{"layer_id":"mobilitas","jenis":"halte","nama":"Seberang Gang Baronang Cibubur","sumber":"OSM","atribut":{}}},{"type":"Feature","geometry":{"type":"Point","coordinates":[106.884443,-6.362457]},"properties":{"layer_id":"mobilitas","jenis":"halte","nama":"Gang Baronang Cibubur","sumber":"OSM","atribut":{}}},{"type":"Feature","geometry":{"type":"Point","coordinates":[106.884597,-6.361448]},"properties":{"layer_id":"mobilitas","jenis":"halte","nama":"Gang Swadaya II Cibubur","sumber":"OSM","atribut":{}}},{"type":"Feature","geometry":{"type":"Point","coordinates":[106.883444,-6.360119]},"properties":{"layer_id":"mobilitas","jenis":"halte","nama":"Akbid Yaspen Tugu Ibu","sumber":"OSM","atribut":{}}},{"type":"Feature","geometry":{"type":"Point","coordinates":[106.883049,-6.359867]},"properties":{"layer_id":"mobilitas","jenis":"halte","nama":"Seberang Man 6 Jakarta","sumber":"OSM","atribut":{}}},{"type":"Feature","geometry":{"type":"Point","coordinates":[106.882792,-6.359557]},"properties":{"layer_id":"mobilitas","jenis":"halte","nama":"Man 6 Jakarta","sumber":"OSM","atribut":{}}},{"type":"Feature","geometry":{"type":"Point","coordinates":[106.882129,-6.358834]},"properties":{"layer_id":"mobilitas","jenis":"halte","nama":"Jalan Cibubur VIII","sumber":"OSM","atribut":{}}},{"type":"Feature","geometry":{"type":"Point","coordinates":[106.881947,-6.358686]},"properties":{"layer_id":"mobilitas","jenis":"halte","nama":"Gang Iman Utara Cibubur","sumber":"OSM","atribut":{}}},{"type":"Feature","geometry":{"type":"Point","coordinates":[106.880551,-6.356488]},"properties":{"layer_id":"mobilitas","jenis":"halte","nama":"Jalan Mangga Cibubur","sumber":"OSM","atribut":{}}},{"type":"Feature","geometry":{"type":"Point","coordinates":[106.880492,-6.356483]},"properties":{"layer_id":"mobilitas","jenis":"halte","nama":"Seberang Jalan Cibubur VII","sumber":"OSM","atribut":{}}},{"type":"Feature","geometry":{"type":"Point","coordinates":[106.879278,-6.355736]},"properties":{"layer_id":"mobilitas","jenis":"halte","nama":"Seberang Puskesmas Cibubur","sumber":"OSM","atribut":{}}},{"type":"Feature","geometry":{"type":"Point","coordinates":[106.879187,-6.355684]},"properties":{"layer_id":"mobilitas","jenis":"halte","nama":"Puskesmas Cibubur","sumber":"OSM","atribut":{}}},{"type":"Feature","geometry":{"type":"Point","coordinates":[106.878705,-6.354806]},"properties":{"layer_id":"mobilitas","jenis":"halte","nama":"SDN Cibubur 01","sumber":"OSM","atribut":{}}},{"type":"Feature","geometry":{"type":"Point","coordinates":[106.87843,-6.353997]},"properties":{"layer_id":"mobilitas","jenis":"halte","nama":"Seberang Masjid Jami Fathul Ghofur","sumber":"OSM","atribut":{}}},{"type":"Feature","geometry":{"type":"Point","coordinates":[106.878296,-6.353633]},"properties":{"layer_id":"mobilitas","jenis":"halte","nama":"Seberang Jalan Cibubur VI","sumber":"OSM","atribut":{}}},{"type":"Feature","geometry":{"type":"Point","coordinates":[106.878335,-6.353572]},"properties":{"layer_id":"mobilitas","jenis":"halte","nama":"Jalan Cibubur VI","sumber":"OSM","atribut":{}}},{"type":"Feature","geometry":{"type":"Point","coordinates":[106.878291,-6.352143]},"properties":{"layer_id":"mobilitas","jenis":"halte","nama":"Jalan Cendana Cibubur","sumber":"OSM","atribut":{}}},{"type":"Feature","geometry":{"type":"Point","coordinates":[106.878446,-6.351499]},"properties":{"layer_id":"mobilitas","jenis":"halte","nama":"Simpang Kali Caglak","sumber":"OSM","atribut":{}}},{"type":"Feature","geometry":{"type":"Point","coordinates":[106.877781,-6.350658]},"properties":{"layer_id":"mobilitas","jenis":"halte","nama":"Jalan Bumi Sutra Cibubur","sumber":"OSM","atribut":{}}},{"type":"Feature","geometry":{"type":"Point","coordinates":[106.877548,-6.350393]},"properties":{"layer_id":"mobilitas","jenis":"halte","nama":"Seberang Jalan Bumi Sutra Cibubur","sumber":"OSM","atribut":{}}},{"type":"Feature","geometry":{"type":"Point","coordinates":[106.876743,-6.349537]},"properties":{"layer_id":"mobilitas","jenis":"halte","nama":"Seberang Kelurahan Cibubur","sumber":"OSM","atribut":{}}},{"type":"Feature","geometry":{"type":"Point","coordinates":[106.876656,-6.349623]},"properties":{"layer_id":"mobilitas","jenis":"halte","nama":"Kelurahan Cibubur","sumber":"OSM","atribut":{}}},{"type":"Feature","geometry":{"type":"Point","coordinates":[106.876372,-6.348226]},"properties":{"layer_id":"mobilitas","jenis":"halte","nama":"Gang Ferry Cibubur","sumber":"OSM","atribut":{}}},{"type":"Feature","geometry":{"type":"Point","coordinates":[106.876324,-6.348134]},"properties":{"layer_id":"mobilitas","jenis":"halte","nama":"Jalan Cibubur III","sumber":"OSM","atribut":{}}},{"type":"Feature","geometry":{"type":"Point","coordinates":[106.87469,-6.347525]},"properties":{"layer_id":"mobilitas","jenis":"halte","nama":"Gang Lestari Cibubur","sumber":"OSM","atribut":{}}},{"type":"Feature","geometry":{"type":"Point","coordinates":[106.874502,-6.347386]},"properties":{"layer_id":"mobilitas","jenis":"halte","nama":"Gang Damai Lapangan Tembak","sumber":"OSM","atribut":{}}},{"type":"Feature","geometry":{"type":"Point","coordinates":[106.874171,-6.347222]},"properties":{"layer_id":"mobilitas","jenis":"halte","nama":"Seberang Gang Puas Cibubur","sumber":"OSM","atribut":{}}},{"type":"Feature","geometry":{"type":"Point","coordinates":[106.873691,-6.346988]},"properties":{"layer_id":"mobilitas","jenis":"halte","nama":"Jalan Cibubur II","sumber":"OSM","atribut":{}}},{"type":"Feature","geometry":{"type":"Point","coordinates":[106.873409,-6.346706]},"properties":{"layer_id":"mobilitas","jenis":"halte","nama":"Jalan Cibubur I","sumber":"OSM","atribut":{}}},{"type":"Feature","geometry":{"type":"Point","coordinates":[106.872288,-6.345656]},"properties":{"layer_id":"mobilitas","jenis":"halte","nama":"Seberang Pasar Cibubur","sumber":"OSM","atribut":{}}},{"type":"Feature","geometry":{"type":"Point","coordinates":[106.872268,-6.345585]},"properties":{"layer_id":"mobilitas","jenis":"halte","nama":"Pasar Cibubur","sumber":"OSM","atribut":{}}},{"type":"Feature","geometry":{"type":"Point","coordinates":[106.871362,-6.344803]},"properties":{"layer_id":"mobilitas","jenis":"halte","nama":"Trans Utama Cibubur","sumber":"OSM","atribut":{}}},{"type":"Feature","geometry":{"type":"Point","coordinates":[106.870739,-6.344483]},"properties":{"layer_id":"mobilitas","jenis":"halte","nama":"Viekontama Perkasa Cibubur","sumber":"OSM","atribut":{}}},{"type":"Feature","geometry":{"type":"Point","coordinates":[106.913783,-6.306438]},"properties":{"layer_id":"mobilitas","jenis":"halte","nama":"Seberang Jalan Kapuk Bambu Apus","sumber":"OSM","atribut":{}}},{"type":"Feature","geometry":{"type":"Point","coordinates":[106.913691,-6.30635]},"properties":{"layer_id":"mobilitas","jenis":"halte","nama":"Jalan Kapuk Bambu Apus","sumber":"OSM","atribut":{}}},{"type":"Feature","geometry":{"type":"Point","coordinates":[106.912162,-6.305894]},"properties":{"layer_id":"mobilitas","jenis":"halte","nama":"Seberang Gang Waru","sumber":"OSM","atribut":{}}},{"type":"Feature","geometry":{"type":"Point","coordinates":[106.91209,-6.305806]},"properties":{"layer_id":"mobilitas","jenis":"halte","nama":"Gang Waru","sumber":"OSM","atribut":{}}},{"type":"Feature","geometry":{"type":"Point","coordinates":[106.911073,-6.305729]},"properties":{"layer_id":"mobilitas","jenis":"halte","nama":"Pertigaan Haji Sajim 2","sumber":"OSM","atribut":{}}},{"type":"Feature","geometry":{"type":"Point","coordinates":[106.909999,-6.306005]},"properties":{"layer_id":"mobilitas","jenis":"halte","nama":"Seberang Jalan Mini III","sumber":"OSM","atribut":{}}},{"type":"Feature","geometry":{"type":"Point","coordinates":[106.910179,-6.305844]},"properties":{"layer_id":"mobilitas","jenis":"halte","nama":"Jalan Mini III","sumber":"OSM","atribut":{}}},{"type":"Feature","geometry":{"type":"Point","coordinates":[106.907798,-6.308727]},"properties":{"layer_id":"mobilitas","jenis":"halte","nama":"Jalan Mini II","sumber":"OSM","atribut":{}}},{"type":"Feature","geometry":{"type":"Point","coordinates":[106.90774,-6.308979]},"properties":{"layer_id":"mobilitas","jenis":"halte","nama":"Seberang Jalan Mini II","sumber":"OSM","atribut":{}}},{"type":"Feature","geometry":{"type":"Point","coordinates":[106.906634,-6.311001]},"properties":{"layer_id":"mobilitas","jenis":"halte","nama":"Simpang Haji Karim 2","sumber":"OSM","atribut":{}}},{"type":"Feature","geometry":{"type":"Point","coordinates":[106.906658,-6.311146]},"properties":{"layer_id":"mobilitas","jenis":"halte","nama":"Simpang Haji Karim 1","sumber":"OSM","atribut":{}}},{"type":"Feature","geometry":{"type":"Point","coordinates":[106.905458,-6.311302]},"properties":{"layer_id":"mobilitas","jenis":"halte","nama":"Seberang Jalan Mini I","sumber":"OSM","atribut":{}}},{"type":"Feature","geometry":{"type":"Point","coordinates":[106.90549,-6.311257]},"properties":{"layer_id":"mobilitas","jenis":"halte","nama":"Jalan Mini I","sumber":"OSM","atribut":{}}},{"type":"Feature","geometry":{"type":"Point","coordinates":[106.904432,-6.31114]},"properties":{"layer_id":"mobilitas","jenis":"halte","nama":"Jalan Mini","sumber":"OSM","atribut":{}}},{"type":"Feature","geometry":{"type":"Point","coordinates":[106.899501,-6.30882]},"properties":{"layer_id":"mobilitas","jenis":"halte","nama":"Polsek Cipayung","sumber":"OSM","atribut":{}}},{"type":"Feature","geometry":{"type":"Point","coordinates":[106.900262,-6.310461]},"properties":{"layer_id":"mobilitas","jenis":"halte","nama":"Rindang Alam","sumber":"OSM","atribut":{}}},{"type":"Feature","geometry":{"type":"Point","coordinates":[106.910288,-6.284695]},"properties":{"layer_id":"mobilitas","jenis":"halte","nama":"Simpang Raya Pondok Gede 1","sumber":"OSM","atribut":{}}},{"type":"Feature","geometry":{"type":"Point","coordinates":[106.911588,-6.285641]},"properties":{"layer_id":"mobilitas","jenis":"halte","nama":"Pasar Pondok Gede","sumber":"OSM","atribut":{}}},{"type":"Feature","geometry":{"type":"Point","coordinates":[106.91393,-6.282777]},"properties":{"layer_id":"mobilitas","jenis":"halte","nama":"Seberang Koramil Pondok Gede","sumber":"OSM","atribut":{}}},{"type":"Feature","geometry":{"type":"Point","coordinates":[106.912838,-6.282574]},"properties":{"layer_id":"mobilitas","jenis":"halte","nama":"SMPN 6 Bekasi","sumber":"OSM","atribut":{}}},{"type":"Feature","geometry":{"type":"Point","coordinates":[106.908654,-6.284319]},"properties":{"layer_id":"mobilitas","jenis":"halte","nama":"Pondok Molek","sumber":"OSM","atribut":{}}},{"type":"Feature","geometry":{"type":"Point","coordinates":[106.907946,-6.284497]},"properties":{"layer_id":"mobilitas","jenis":"halte","nama":"Ruko Molek","sumber":"OSM","atribut":{}}},{"type":"Feature","geometry":{"type":"Point","coordinates":[106.904834,-6.284746]},"properties":{"layer_id":"mobilitas","jenis":"halte","nama":"Komplek Dirgantara III Halim PK","sumber":"OSM","atribut":{}}},{"type":"Feature","geometry":{"type":"Point","coordinates":[106.904602,-6.284874]},"properties":{"layer_id":"mobilitas","jenis":"halte","nama":"Monumen Pancasila Sakti","sumber":"OSM","atribut":{}}},{"type":"Feature","geometry":{"type":"Point","coordinates":[106.904987,-6.286273]},"properties":{"layer_id":"mobilitas","jenis":"halte","nama":"Jalan SPG 7","sumber":"OSM","atribut":{}}},{"type":"Feature","geometry":{"type":"Point","coordinates":[106.905106,-6.286406]},"properties":{"layer_id":"mobilitas","jenis":"halte","nama":"Monumen Pancasila Sakti 2","sumber":"OSM","atribut":{}}},{"type":"Feature","geometry":{"type":"Point","coordinates":[106.90582,-6.287573]},"properties":{"layer_id":"mobilitas","jenis":"halte","nama":"Gang Warga Lubang Buaya","sumber":"OSM","atribut":{}}},{"type":"Feature","geometry":{"type":"Point","coordinates":[106.906806,-6.288945]},"properties":{"layer_id":"mobilitas","jenis":"halte","nama":"Seberang Gang Haji Jamin","sumber":"OSM","atribut":{}}},{"type":"Feature","geometry":{"type":"Point","coordinates":[106.906675,-6.290318]},"properties":{"layer_id":"mobilitas","jenis":"halte","nama":"Seberang Gang Rukun Lubang Buaya","sumber":"OSM","atribut":{}}},{"type":"Feature","geometry":{"type":"Point","coordinates":[106.90665,-6.290315]},"properties":{"layer_id":"mobilitas","jenis":"halte","nama":"Gang Rukun Lubang Buaya","sumber":"OSM","atribut":{}}},{"type":"Feature","geometry":{"type":"Point","coordinates":[106.906032,-6.291258]},"properties":{"layer_id":"mobilitas","jenis":"halte","nama":"Jalan Damai Lubang Buaya","sumber":"OSM","atribut":{}}},{"type":"Feature","geometry":{"type":"Point","coordinates":[106.90602,-6.291355]},"properties":{"layer_id":"mobilitas","jenis":"halte","nama":"Jalan Kramat Lubang Buaya","sumber":"OSM","atribut":{}}},{"type":"Feature","geometry":{"type":"Point","coordinates":[106.905197,-6.292818]},"properties":{"layer_id":"mobilitas","jenis":"halte","nama":"Jalan Cengkeh Lubang Buaya","sumber":"OSM","atribut":{}}},{"type":"Feature","geometry":{"type":"Point","coordinates":[106.904436,-6.294223]},"properties":{"layer_id":"mobilitas","jenis":"halte","nama":"Jalan Pala","sumber":"OSM","atribut":{}}},{"type":"Feature","geometry":{"type":"Point","coordinates":[106.903988,-6.295052]},"properties":{"layer_id":"mobilitas","jenis":"halte","nama":"Seberang TK Dinamika","sumber":"OSM","atribut":{}}},{"type":"Feature","geometry":{"type":"Point","coordinates":[106.903887,-6.295112]},"properties":{"layer_id":"mobilitas","jenis":"halte","nama":"TK Dinamika","sumber":"OSM","atribut":{}}},{"type":"Feature","geometry":{"type":"Point","coordinates":[106.903576,-6.295802]},"properties":{"layer_id":"mobilitas","jenis":"halte","nama":"Gang Delima III","sumber":"OSM","atribut":{}}},{"type":"Feature","geometry":{"type":"Point","coordinates":[106.903472,-6.295914]},"properties":{"layer_id":"mobilitas","jenis":"halte","nama":"Jalan Adil 2","sumber":"OSM","atribut":{}}},{"type":"Feature","geometry":{"type":"Point","coordinates":[106.902896,-6.297271]},"properties":{"layer_id":"mobilitas","jenis":"halte","nama":"Jalan Adil","sumber":"OSM","atribut":{}}},{"type":"Feature","geometry":{"type":"Point","coordinates":[106.903451,-6.297382]},"properties":{"layer_id":"mobilitas","jenis":"halte","nama":"Rawa Binong Lubang Buaya","sumber":"OSM","atribut":{}}},{"type":"Feature","geometry":{"type":"Point","coordinates":[106.903452,-6.297421]},"properties":{"layer_id":"mobilitas","jenis":"halte","nama":"Gang Service","sumber":"OSM","atribut":{}}},{"type":"Feature","geometry":{"type":"Point","coordinates":[106.904935,-6.298022]},"properties":{"layer_id":"mobilitas","jenis":"halte","nama":"Seberang RPTRA Mutiara Rawa Binong","sumber":"OSM","atribut":{}}},{"type":"Feature","geometry":{"type":"Point","coordinates":[106.904848,-6.297992]},"properties":{"layer_id":"mobilitas","jenis":"halte","nama":"RPTRA Mutiara Rawa Binong","sumber":"OSM","atribut":{}}},{"type":"Feature","geometry":{"type":"Point","coordinates":[106.905394,-6.298172]},"properties":{"layer_id":"mobilitas","jenis":"halte","nama":"Jalan Kramat I Rawabinong","sumber":"OSM","atribut":{}}},{"type":"Feature","geometry":{"type":"Point","coordinates":[106.906347,-6.29859]},"properties":{"layer_id":"mobilitas","jenis":"halte","nama":"Jalan Al Hidayah III","sumber":"OSM","atribut":{}}},{"type":"Feature","geometry":{"type":"Point","coordinates":[106.906468,-6.298565]},"properties":{"layer_id":"mobilitas","jenis":"halte","nama":"Jalan Kramat II Rawabinong","sumber":"OSM","atribut":{}}},{"type":"Feature","geometry":{"type":"Point","coordinates":[106.907732,-6.299037]},"properties":{"layer_id":"mobilitas","jenis":"halte","nama":"Seberang Jalan Kramat III","sumber":"OSM","atribut":{}}},{"type":"Feature","geometry":{"type":"Point","coordinates":[106.907785,-6.299027]},"properties":{"layer_id":"mobilitas","jenis":"halte","nama":"Jalan Kramat III Rawabinong","sumber":"OSM","atribut":{}}},{"type":"Feature","geometry":{"type":"Point","coordinates":[106.908524,-6.299208]},"properties":{"layer_id":"mobilitas","jenis":"halte","nama":"Jalan Rama IX","sumber":"OSM","atribut":{}}},{"type":"Feature","geometry":{"type":"Point","coordinates":[106.908605,-6.299297]},"properties":{"layer_id":"mobilitas","jenis":"halte","nama":"Jalan Rama IX","sumber":"OSM","atribut":{}}},{"type":"Feature","geometry":{"type":"Point","coordinates":[106.909238,-6.299415]},"properties":{"layer_id":"mobilitas","jenis":"halte","nama":"Seberang Jalan Kramat IV","sumber":"OSM","atribut":{}}},{"type":"Feature","geometry":{"type":"Point","coordinates":[106.909293,-6.299361]},"properties":{"layer_id":"mobilitas","jenis":"halte","nama":"Jalan Kramat IV Rawabinong","sumber":"OSM","atribut":{}}},{"type":"Feature","geometry":{"type":"Point","coordinates":[106.910445,-6.30009]},"properties":{"layer_id":"mobilitas","jenis":"halte","nama":"Jalan Kramat V Rawabinong","sumber":"OSM","atribut":{}}},{"type":"Feature","geometry":{"type":"Point","coordinates":[106.912295,-6.3016]},"properties":{"layer_id":"mobilitas","jenis":"halte","nama":"Pertigaan Cedang 2","sumber":"OSM","atribut":{}}},{"type":"Feature","geometry":{"type":"Point","coordinates":[106.912537,-6.301579]},"properties":{"layer_id":"mobilitas","jenis":"halte","nama":"Pertigaan Cedang 1","sumber":"OSM","atribut":{}}},{"type":"Feature","geometry":{"type":"Point","coordinates":[106.913608,-6.301823]},"properties":{"layer_id":"mobilitas","jenis":"halte","nama":"Masjid Al Barokah 2","sumber":"OSM","atribut":{}}},{"type":"Feature","geometry":{"type":"Point","coordinates":[106.913817,-6.30179]},"properties":{"layer_id":"mobilitas","jenis":"halte","nama":"Masjid Al Barokah 1","sumber":"OSM","atribut":{}}},{"type":"Feature","geometry":{"type":"Point","coordinates":[106.91541,-6.302618]},"properties":{"layer_id":"mobilitas","jenis":"halte","nama":"Taman Bambu 2","sumber":"OSM","atribut":{}}},{"type":"Feature","geometry":{"type":"Point","coordinates":[106.915357,-6.302515]},"properties":{"layer_id":"mobilitas","jenis":"halte","nama":"Taman Bambu 1","sumber":"OSM","atribut":{}}},{"type":"Feature","geometry":{"type":"Point","coordinates":[106.9167,-6.30267]},"properties":{"layer_id":"mobilitas","jenis":"halte","nama":"Seberang Gang Swadaya Pagelarang","sumber":"OSM","atribut":{}}},{"type":"Feature","geometry":{"type":"Point","coordinates":[106.916817,-6.302606]},"properties":{"layer_id":"mobilitas","jenis":"halte","nama":"Gang Swadaya Pagelarang","sumber":"OSM","atribut":{}}},{"type":"Feature","geometry":{"type":"Point","coordinates":[106.917572,-6.302588]},"properties":{"layer_id":"mobilitas","jenis":"halte","nama":"Masjid Nur Alimin 2","sumber":"OSM","atribut":{}}},{"type":"Feature","geometry":{"type":"Point","coordinates":[106.917628,-6.302541]},"properties":{"layer_id":"mobilitas","jenis":"halte","nama":"Masjid Nur Alimin 1","sumber":"OSM","atribut":{}}},{"type":"Feature","geometry":{"type":"Point","coordinates":[106.917573,-6.30372]},"properties":{"layer_id":"mobilitas","jenis":"halte","nama":"Pertigaan Pegelarang 2","sumber":"OSM","atribut":{}}},{"type":"Feature","geometry":{"type":"Point","coordinates":[106.916825,-6.304987]},"properties":{"layer_id":"mobilitas","jenis":"halte","nama":"Gang Kembang II Pegelarang","sumber":"OSM","atribut":{}}},{"type":"Feature","geometry":{"type":"Point","coordinates":[106.916719,-6.30552]},"properties":{"layer_id":"mobilitas","jenis":"halte","nama":"Jalan Perdagangan","sumber":"OSM","atribut":{}}},{"type":"Feature","geometry":{"type":"Point","coordinates":[106.916496,-6.305778]},"properties":{"layer_id":"mobilitas","jenis":"halte","nama":"SPBU Setu","sumber":"OSM","atribut":{}}},{"type":"Feature","geometry":{"type":"Point","coordinates":[106.915811,-6.306762]},"properties":{"layer_id":"mobilitas","jenis":"halte","nama":"Seberang Jalan Mandor Munding","sumber":"OSM","atribut":{}}},{"type":"Feature","geometry":{"type":"Point","coordinates":[106.915638,-6.307094]},"properties":{"layer_id":"mobilitas","jenis":"halte","nama":"Jalan Mandor Munding","sumber":"OSM","atribut":{}}},{"type":"Feature","geometry":{"type":"Point","coordinates":[106.91509,-6.306868]},"properties":{"layer_id":"mobilitas","jenis":"halte","nama":"Jalan Damai Mandor Munding","sumber":"OSM","atribut":{}}},{"type":"Feature","geometry":{"type":"Point","coordinates":[106.830863,-6.370061]},"properties":{"layer_id":"mobilitas","jenis":"halte","nama":"Rumpun Ilmu Kesehatan","sumber":"OSM","atribut":{}}},{"type":"Feature","geometry":{"type":"Point","coordinates":[106.831061,-6.370129]},"properties":{"layer_id":"mobilitas","jenis":"halte","nama":"Rumpun Ilmu Kesehatan","sumber":"OSM","atribut":{}}},{"type":"Feature","geometry":{"type":"Point","coordinates":[106.83205,-6.364791]},"properties":{"layer_id":"mobilitas","jenis":"halte","nama":"Fakultas Hukum","sumber":"OSM","atribut":{}}},{"type":"Feature","geometry":{"type":"Point","coordinates":[106.831495,-6.360997]},"properties":{"layer_id":"mobilitas","jenis":"halte","nama":"Stasiun KRL Universitas Indonesia","sumber":"OSM","atribut":{}}},{"type":"Feature","geometry":{"type":"Point","coordinates":[106.831661,-6.353468]},"properties":{"layer_id":"mobilitas","jenis":"halte","nama":"Resimen Mahasiswa","sumber":"OSM","atribut":{}}},{"type":"Feature","geometry":{"type":"Point","coordinates":[106.831816,-6.353467]},"properties":{"layer_id":"mobilitas","jenis":"halte","nama":"Resimen Mahasiswa","sumber":"OSM","atribut":{}}},{"type":"Feature","geometry":{"type":"Point","coordinates":[106.827139,-6.370953]},"properties":{"layer_id":"mobilitas","jenis":"halte","nama":"Fakultas Ilmu Keperawatan","sumber":"OSM","atribut":{}}},{"type":"Feature","geometry":{"type":"Point","coordinates":[106.826964,-6.371103]},"properties":{"layer_id":"mobilitas","jenis":"halte","nama":"Fakultas Ilmu Keperawatan","sumber":"OSM","atribut":{}}},{"type":"Feature","geometry":{"type":"Point","coordinates":[106.829719,-6.361121]},"properties":{"layer_id":"mobilitas","jenis":"halte","nama":"Fakultas Ilmu Pengetahuan Budaya","sumber":"OSM","atribut":{}}},{"type":"Feature","geometry":{"type":"Point","coordinates":[106.823192,-6.361055]},"properties":{"layer_id":"mobilitas","jenis":"halte","nama":"Fakultas Teknik","sumber":"OSM","atribut":{}}},{"type":"Feature","geometry":{"type":"Point","coordinates":[106.895983,-6.289618]},"properties":{"layer_id":"mobilitas","jenis":"halte","nama":"Jalan Gorda","sumber":"OSM","atribut":{}}},{"type":"Feature","geometry":{"type":"Point","coordinates":[106.895675,-6.289589]},"properties":{"layer_id":"mobilitas","jenis":"halte","nama":"Seberang Jalan Gorda","sumber":"OSM","atribut":{}}},{"type":"Feature","geometry":{"type":"Point","coordinates":[106.901214,-6.285159]},"properties":{"layer_id":"mobilitas","jenis":"halte","nama":"TK Angkasa 8","sumber":"OSM","atribut":{}}},{"type":"Feature","geometry":{"type":"Point","coordinates":[106.910408,-6.283372]},"properties":{"layer_id":"mobilitas","jenis":"halte","nama":"Simpang Raya Pondok Gede 2","sumber":"OSM","atribut":{}}},{"type":"Feature","geometry":{"type":"Point","coordinates":[106.889156,-6.290488]},"properties":{"layer_id":"mobilitas","jenis":"halte","nama":"Seberang Rumah Sakit Haji Jakarta","sumber":"OSM","atribut":{}}},{"type":"Feature","geometry":{"type":"Point","coordinates":[106.893627,-6.289784]},"properties":{"layer_id":"mobilitas","jenis":"halte","nama":"Seberang Pasar Gardu","sumber":"OSM","atribut":{}}},{"type":"Feature","geometry":{"type":"Point","coordinates":[106.889488,-6.290297]},"properties":{"layer_id":"mobilitas","jenis":"halte","nama":"Rumah Sakit Haji Jakarta","sumber":"OSM","atribut":{}}},{"type":"Feature","geometry":{"type":"Point","coordinates":[106.893162,-6.289977]},"properties":{"layer_id":"mobilitas","jenis":"halte","nama":"Pasar Gardu","sumber":"OSM","atribut":{}}},{"type":"Feature","geometry":{"type":"Point","coordinates":[106.91371,-6.28213]},"properties":{"layer_id":"mobilitas","jenis":"halte","nama":"Lapangan Pondok Gede","sumber":"OSM","atribut":{}}},{"type":"Feature","geometry":{"type":"Point","coordinates":[106.898043,-6.287847]},"properties":{"layer_id":"mobilitas","jenis":"halte","nama":"Lakesgilut TNI AU 2","sumber":"OSM","atribut":{}}},{"type":"Feature","geometry":{"type":"Point","coordinates":[106.898087,-6.287611]},"properties":{"layer_id":"mobilitas","jenis":"halte","nama":"Lakesgilut TNI AU 1","sumber":"OSM","atribut":{}}},{"type":"Feature","geometry":{"type":"Point","coordinates":[106.913555,-6.280975]},"properties":{"layer_id":"mobilitas","jenis":"halte","nama":"Kecamatan Pondok Gede","sumber":"OSM","atribut":{}}},{"type":"Feature","geometry":{"type":"Point","coordinates":[106.90141,-6.28524]},"properties":{"layer_id":"mobilitas","jenis":"halte","nama":"Jalan Kramat Pangeran Syarif","sumber":"OSM","atribut":{}}},{"type":"Feature","geometry":{"type":"Point","coordinates":[106.897115,-6.288924]},"properties":{"layer_id":"mobilitas","jenis":"halte","nama":"Jalan Bacang Lubang Buaya","sumber":"OSM","atribut":{}}},{"type":"Feature","geometry":{"type":"Point","coordinates":[106.906753,-6.284521]},"properties":{"layer_id":"mobilitas","jenis":"halte","nama":"Griya Kukila Halim Perdanakusuma","sumber":"OSM","atribut":{}}},{"type":"Feature","geometry":{"type":"Point","coordinates":[106.896944,-6.288945]},"properties":{"layer_id":"mobilitas","jenis":"halte","nama":"Bacang Lubang Buaya","sumber":"OSM","atribut":{}}},{"type":"Feature","geometry":{"type":"Point","coordinates":[106.888263,-6.29051]},"properties":{"layer_id":"mobilitas","jenis":"halte","nama":"Asrama Haji Pondok Gede","sumber":"OSM","atribut":{}}},{"type":"Feature","geometry":{"type":"Point","coordinates":[106.881843,-6.309536]},"properties":{"layer_id":"mobilitas","jenis":"halte","nama":"Kampung Rambutan","sumber":"OSM","atribut":{}}},{"type":"Feature","geometry":{"type":"Point","coordinates":[106.8241,-6.337471]},"properties":{"layer_id":"mobilitas","jenis":"halte","nama":"Seberang Setu Babakan 1","sumber":"OSM","atribut":{}}},{"type":"Feature","geometry":{"type":"Point","coordinates":[106.822666,-6.338439]},"properties":{"layer_id":"mobilitas","jenis":"halte","nama":"Seberang Jalan Kebembem","sumber":"OSM","atribut":{}}},{"type":"Feature","geometry":{"type":"Point","coordinates":[106.819399,-6.341604]},"properties":{"layer_id":"mobilitas","jenis":"halte","nama":"Gang Datuk","sumber":"OSM","atribut":{}}},{"type":"Feature","geometry":{"type":"Point","coordinates":[106.816031,-6.344805]},"properties":{"layer_id":"mobilitas","jenis":"halte","nama":"Jalan Perikanan","sumber":"OSM","atribut":{}}},{"type":"Feature","geometry":{"type":"Point","coordinates":[106.813271,-6.348726]},"properties":{"layer_id":"mobilitas","jenis":"halte","nama":"Jalan Haji Mohammed Nalim","sumber":"OSM","atribut":{}}},{"type":"Feature","geometry":{"type":"Point","coordinates":[106.810542,-6.35487]},"properties":{"layer_id":"mobilitas","jenis":"halte","nama":"Jalan Moch. Kahfi II","sumber":"OSM","atribut":{}}},{"type":"Feature","geometry":{"type":"Point","coordinates":[106.810281,-6.357373]},"properties":{"layer_id":"mobilitas","jenis":"halte","nama":"Seberang Jalan Cipedak Raya","sumber":"OSM","atribut":{}}},{"type":"Feature","geometry":{"type":"Point","coordinates":[106.812709,-6.356282]},"properties":{"layer_id":"mobilitas","jenis":"halte","nama":"Gang Haji Benih Srengseng Sawah","sumber":"OSM","atribut":{}}},{"type":"Feature","geometry":{"type":"Point","coordinates":[106.815839,-6.352349]},"properties":{"layer_id":"mobilitas","jenis":"halte","nama":"Jalan Haji Lele","sumber":"OSM","atribut":{}}},{"type":"Feature","geometry":{"type":"Point","coordinates":[106.81756,-6.352273]},"properties":{"layer_id":"mobilitas","jenis":"halte","nama":"SMP PGRI 3 Jakarta","sumber":"OSM","atribut":{}}},{"type":"Feature","geometry":{"type":"Point","coordinates":[106.819806,-6.350159]},"properties":{"layer_id":"mobilitas","jenis":"halte","nama":"TPU Srengseng Sawah","sumber":"OSM","atribut":{}}},{"type":"Feature","geometry":{"type":"Point","coordinates":[106.82092,-6.345792]},"properties":{"layer_id":"mobilitas","jenis":"halte","nama":"Masjid Baitul Ma'mur","sumber":"OSM","atribut":{}}},{"type":"Feature","geometry":{"type":"Point","coordinates":[106.824856,-6.346224]},"properties":{"layer_id":"mobilitas","jenis":"halte","nama":"Gang Damai Srengseng Sawah","sumber":"OSM","atribut":{}}},{"type":"Feature","geometry":{"type":"Point","coordinates":[106.871457,-6.284414]},"properties":{"layer_id":"mobilitas","jenis":"halte","nama":"Kecamatan Kramat Jati","sumber":"OSM","atribut":{}}},{"type":"Feature","geometry":{"type":"Point","coordinates":[106.8712,-6.284736]},"properties":{"layer_id":"mobilitas","jenis":"halte","nama":"Bulak Rantai","sumber":"OSM","atribut":{}}},{"type":"Feature","geometry":{"type":"Point","coordinates":[106.870821,-6.286267]},"properties":{"layer_id":"mobilitas","jenis":"halte","nama":"Pasar Hek 1","sumber":"OSM","atribut":{}}},{"type":"Feature","geometry":{"type":"Point","coordinates":[106.870987,-6.28628]},"properties":{"layer_id":"mobilitas","jenis":"halte","nama":"Pasar Hek 2","sumber":"OSM","atribut":{}}},{"type":"Feature","geometry":{"type":"Point","coordinates":[106.869625,-6.299883]},"properties":{"layer_id":"mobilitas","jenis":"halte","nama":"Jakarta Islamic Hospital","sumber":"OSM","atribut":{}}},{"type":"Feature","geometry":{"type":"Point","coordinates":[106.871505,-6.296313]},"properties":{"layer_id":"mobilitas","jenis":"halte","nama":"Pintu Keluar Pasar Induk","sumber":"OSM","atribut":{}}},{"type":"Feature","geometry":{"type":"Point","coordinates":[106.865574,-6.304999]},"properties":{"layer_id":"mobilitas","jenis":"halte","nama":"Jalan Trikora","sumber":"OSM","atribut":{}}},{"type":"Feature","geometry":{"type":"Point","coordinates":[106.888364,-6.290952]},"properties":{"layer_id":"mobilitas","jenis":"halte","nama":"SPBU Pinang Ranti 2","sumber":"OSM","atribut":{}}},{"type":"Feature","geometry":{"type":"Point","coordinates":[106.88588,-6.291293]},"properties":{"layer_id":"mobilitas","jenis":"halte","nama":"Terminal Pinang Ranti","sumber":"OSM","atribut":{}}},{"type":"Feature","geometry":{"type":"Point","coordinates":[106.88647,-6.291235]},"properties":{"layer_id":"mobilitas","jenis":"halte","nama":"Pinang Ranti","sumber":"OSM","atribut":{}}},{"type":"Feature","geometry":{"type":"Point","coordinates":[106.800608,-6.327858]},"properties":{"layer_id":"mobilitas","jenis":"halte","nama":"Jln. Andara Raya","sumber":"OSM","atribut":{}}},{"type":"Feature","geometry":{"type":"Point","coordinates":[106.80369,-6.313471]},"properties":{"layer_id":"mobilitas","jenis":"halte","nama":"Andara Margasatwa 1","sumber":"OSM","atribut":{}}},{"type":"Feature","geometry":{"type":"Point","coordinates":[106.80228,-6.313202]},"properties":{"layer_id":"mobilitas","jenis":"halte","nama":"Timah Jln. Margasatwa","sumber":"OSM","atribut":{}}},{"type":"Feature","geometry":{"type":"Point","coordinates":[106.79938,-6.313102]},"properties":{"layer_id":"mobilitas","jenis":"halte","nama":"Sbr. Akper Fatmawati Pondok Labu","sumber":"OSM","atribut":{}}},{"type":"Feature","geometry":{"type":"Point","coordinates":[106.79687,-6.31264]},"properties":{"layer_id":"mobilitas","jenis":"halte","nama":"Simpang DDN Pondok Labu","sumber":"OSM","atribut":{}}},{"type":"Feature","geometry":{"type":"Point","coordinates":[106.79271,-6.311351]},"properties":{"layer_id":"mobilitas","jenis":"halte","nama":"Sekolah Darussalam H. Ipin","sumber":"OSM","atribut":{}}},{"type":"Feature","geometry":{"type":"Point","coordinates":[106.79104,-6.311504]},"properties":{"layer_id":"mobilitas","jenis":"halte","nama":"Al Izhar Pondok Labu 2","sumber":"OSM","atribut":{}}},{"type":"Feature","geometry":{"type":"Point","coordinates":[106.78859,-6.311342]},"properties":{"layer_id":"mobilitas","jenis":"halte","nama":"Sbr. Sekolah Keperawatan YPDR","sumber":"OSM","atribut":{}}},{"type":"Feature","geometry":{"type":"Point","coordinates":[106.78671,-6.311012]},"properties":{"layer_id":"mobilitas","jenis":"halte","nama":"Jln. H. Gandun","sumber":"OSM","atribut":{}}},{"type":"Feature","geometry":{"type":"Point","coordinates":[106.78548,-6.311017]},"properties":{"layer_id":"mobilitas","jenis":"halte","nama":"Sekolah Purba Adhika 2","sumber":"OSM","atribut":{}}},{"type":"Feature","geometry":{"type":"Point","coordinates":[106.782892,-6.310612]},"properties":{"layer_id":"mobilitas","jenis":"halte","nama":"Gg. Musholla Karang Tengah I","sumber":"OSM","atribut":{}}},{"type":"Feature","geometry":{"type":"Point","coordinates":[106.78131,-6.310523]},"properties":{"layer_id":"mobilitas","jenis":"halte","nama":"Simpang Karang Tengah 1","sumber":"OSM","atribut":{}}},{"type":"Feature","geometry":{"type":"Point","coordinates":[106.781067,-6.309958]},"properties":{"layer_id":"mobilitas","jenis":"halte","nama":"Jln. Karang Tengah Raya","sumber":"OSM","atribut":{}}},{"type":"Feature","geometry":{"type":"Point","coordinates":[106.78171,-6.306832]},"properties":{"layer_id":"mobilitas","jenis":"halte","nama":"Putaran Karang Tengah","sumber":"OSM","atribut":{}}},{"type":"Feature","geometry":{"type":"Point","coordinates":[106.78025,-6.307004]},"properties":{"layer_id":"mobilitas","jenis":"halte","nama":"SLB 01","sumber":"OSM","atribut":{}}},{"type":"Feature","geometry":{"type":"Point","coordinates":[106.77796,-6.305309]},"properties":{"layer_id":"mobilitas","jenis":"halte","nama":"Azhari Islamic School 2","sumber":"OSM","atribut":{}}},{"type":"Feature","geometry":{"type":"Point","coordinates":[106.77782,-6.304028]},"properties":{"layer_id":"mobilitas","jenis":"halte","nama":"SDN Lebak Bulus 03","sumber":"OSM","atribut":{}}},{"type":"Feature","geometry":{"type":"Point","coordinates":[106.777547,-6.302017]},"properties":{"layer_id":"mobilitas","jenis":"halte","nama":"Jln. Pertanian II","sumber":"OSM","atribut":{}}},{"type":"Feature","geometry":{"type":"Point","coordinates":[106.775563,-6.300031]},"properties":{"layer_id":"mobilitas","jenis":"halte","nama":"Sbr. Madrasah Al Husna","sumber":"OSM","atribut":{}}},{"type":"Feature","geometry":{"type":"Point","coordinates":[106.77338,-6.296551]},"properties":{"layer_id":"mobilitas","jenis":"halte","nama":"Batan H Kaman","sumber":"OSM","atribut":{}}},{"type":"Feature","geometry":{"type":"Point","coordinates":[106.772,-6.293368]},"properties":{"layer_id":"mobilitas","jenis":"halte","nama":"Pusdiklat Batan","sumber":"OSM","atribut":{}}},{"type":"Feature","geometry":{"type":"Point","coordinates":[106.77111,-6.291176]},"properties":{"layer_id":"mobilitas","jenis":"halte","nama":"Masjid Darul Quran","sumber":"OSM","atribut":{}}},{"type":"Feature","geometry":{"type":"Point","coordinates":[106.77095,-6.290158]},"properties":{"layer_id":"mobilitas","jenis":"halte","nama":"Jln. Grafika","sumber":"OSM","atribut":{}}},{"type":"Feature","geometry":{"type":"Point","coordinates":[106.772978,-6.289344]},"properties":{"layer_id":"mobilitas","jenis":"halte","nama":"Lebak Bulus Jak Lingko","sumber":"OSM","atribut":{}}},{"type":"Feature","geometry":{"type":"Point","coordinates":[106.77718,-6.289215]},"properties":{"layer_id":"mobilitas","jenis":"halte","nama":"Poins Square","sumber":"OSM","atribut":{}}},{"type":"Feature","geometry":{"type":"Point","coordinates":[106.78024,-6.291913]},"properties":{"layer_id":"mobilitas","jenis":"halte","nama":"Jln. Adiaksa II","sumber":"OSM","atribut":{}}},{"type":"Feature","geometry":{"type":"Point","coordinates":[106.77774,-6.296499]},"properties":{"layer_id":"mobilitas","jenis":"halte","nama":"Taman Lestari Indah","sumber":"OSM","atribut":{}}},{"type":"Feature","geometry":{"type":"Point","coordinates":[106.77454,-6.298247]},"properties":{"layer_id":"mobilitas","jenis":"halte","nama":"Simpang Adiaksa","sumber":"OSM","atribut":{}}},{"type":"Feature","geometry":{"type":"Point","coordinates":[106.77531,-6.299956]},"properties":{"layer_id":"mobilitas","jenis":"halte","nama":"Jln. Madrasah Al Husna","sumber":"OSM","atribut":{}}},{"type":"Feature","geometry":{"type":"Point","coordinates":[106.77775,-6.303808]},"properties":{"layer_id":"mobilitas","jenis":"halte","nama":"SDN Lebak Bulus 02","sumber":"OSM","atribut":{}}},{"type":"Feature","geometry":{"type":"Point","coordinates":[106.77789,-6.305186]},"properties":{"layer_id":"mobilitas","jenis":"halte","nama":"Azhari Islamic School 1","sumber":"OSM","atribut":{}}},{"type":"Feature","geometry":{"type":"Point","coordinates":[106.78049,-6.30731]},"properties":{"layer_id":"mobilitas","jenis":"halte","nama":"SDN Lebak Bulus 04","sumber":"OSM","atribut":{}}},{"type":"Feature","geometry":{"type":"Point","coordinates":[106.78105,-6.308803]},"properties":{"layer_id":"mobilitas","jenis":"halte","nama":"Villa Delima","sumber":"OSM","atribut":{}}},{"type":"Feature","geometry":{"type":"Point","coordinates":[106.78098,-6.310364]},"properties":{"layer_id":"mobilitas","jenis":"halte","nama":"Simpang Karang Tengah","sumber":"OSM","atribut":{}}},{"type":"Feature","geometry":{"type":"Point","coordinates":[106.783992,-6.311055]},"properties":{"layer_id":"mobilitas","jenis":"halte","nama":"Jln. Baros","sumber":"OSM","atribut":{}}},{"type":"Feature","geometry":{"type":"Point","coordinates":[106.78555,-6.311037]},"properties":{"layer_id":"mobilitas","jenis":"halte","nama":"Sekolah Purba Adhika 1","sumber":"OSM","atribut":{}}},{"type":"Feature","geometry":{"type":"Point","coordinates":[106.78659,-6.311078]},"properties":{"layer_id":"mobilitas","jenis":"halte","nama":"Jln. H. Koon","sumber":"OSM","atribut":{}}},{"type":"Feature","geometry":{"type":"Point","coordinates":[106.78843,-6.311307]},"properties":{"layer_id":"mobilitas","jenis":"halte","nama":"Sekolah Keperawatan YPDR","sumber":"OSM","atribut":{}}},{"type":"Feature","geometry":{"type":"Point","coordinates":[106.790939,-6.311579]},"properties":{"layer_id":"mobilitas","jenis":"halte","nama":"Al Izhar Pondok Labu 1","sumber":"OSM","atribut":{}}},{"type":"Feature","geometry":{"type":"Point","coordinates":[106.792791,-6.31148]},"properties":{"layer_id":"mobilitas","jenis":"halte","nama":"Masjid At Taqwa H. Ipin","sumber":"OSM","atribut":{}}},{"type":"Feature","geometry":{"type":"Point","coordinates":[106.79931,-6.313187]},"properties":{"layer_id":"mobilitas","jenis":"halte","nama":"Akper Fatmawati Pondok Labu","sumber":"OSM","atribut":{}}},{"type":"Feature","geometry":{"type":"Point","coordinates":[106.80221,-6.313269]},"properties":{"layer_id":"mobilitas","jenis":"halte","nama":"SDN Pondok Labu 11","sumber":"OSM","atribut":{}}},{"type":"Feature","geometry":{"type":"Point","coordinates":[106.80356,-6.313577]},"properties":{"layer_id":"mobilitas","jenis":"halte","nama":"Andara Margasatwa 2","sumber":"OSM","atribut":{}}},{"type":"Feature","geometry":{"type":"Point","coordinates":[106.780003,-6.286739]},"properties":{"layer_id":"mobilitas","jenis":"halte","nama":"Underpass Lebak Bulus","sumber":"OSM","atribut":{}}},{"type":"Feature","geometry":{"type":"Point","coordinates":[106.843746,-6.283341]},"properties":{"layer_id":"mobilitas","jenis":"halte","nama":"Pasar Minggu","sumber":"OSM","atribut":{}}},{"type":"Feature","geometry":{"type":"Point","coordinates":[106.86023,-6.281099]},"properties":{"layer_id":"mobilitas","jenis":"halte","nama":"Gg. Bambu Batu Ampar","sumber":"OSM","atribut":{}}},{"type":"Feature","geometry":{"type":"Point","coordinates":[106.85943,-6.283309]},"properties":{"layer_id":"mobilitas","jenis":"halte","nama":"Kel. Batu Ampar","sumber":"OSM","atribut":{}}},{"type":"Feature","geometry":{"type":"Point","coordinates":[106.8582,-6.284556]},"properties":{"layer_id":"mobilitas","jenis":"halte","nama":"Simpang Condet Baru 2","sumber":"OSM","atribut":{}}},{"type":"Feature","geometry":{"type":"Point","coordinates":[106.85679,-6.284097]},"properties":{"layer_id":"mobilitas","jenis":"halte","nama":"Simpang Batu Pandan 2","sumber":"OSM","atribut":{}}},{"type":"Feature","geometry":{"type":"Point","coordinates":[106.85556,-6.28409]},"properties":{"layer_id":"mobilitas","jenis":"halte","nama":"Simpang Raya Condet Batu Ampar","sumber":"OSM","atribut":{}}},{"type":"Feature","geometry":{"type":"Point","coordinates":[106.85517,-6.280969]},"properties":{"layer_id":"mobilitas","jenis":"halte","nama":"Condet Raya","sumber":"OSM","atribut":{}}},{"type":"Feature","geometry":{"type":"Point","coordinates":[106.84994,-6.281594]},"properties":{"layer_id":"mobilitas","jenis":"halte","nama":"Sbr. Kel. Balekambang","sumber":"OSM","atribut":{}}},{"type":"Feature","geometry":{"type":"Point","coordinates":[106.84932,-6.282601]},"properties":{"layer_id":"mobilitas","jenis":"halte","nama":"Kober Balekambang","sumber":"OSM","atribut":{}}},{"type":"Feature","geometry":{"type":"Point","coordinates":[106.84945,-6.283554]},"properties":{"layer_id":"mobilitas","jenis":"halte","nama":"Akses Jembatan Ciliwung Balekambang","sumber":"OSM","atribut":{}}},{"type":"Feature","geometry":{"type":"Point","coordinates":[106.8506,-6.284041]},"properties":{"layer_id":"mobilitas","jenis":"halte","nama":"Masjid Jami Al Muttaqin Balekambang","sumber":"OSM","atribut":{}}},{"type":"Feature","geometry":{"type":"Point","coordinates":[106.85293,-6.28435]},"properties":{"layer_id":"mobilitas","jenis":"halte","nama":"Jln. Mesjid Al Mabruk","sumber":"OSM","atribut":{}}},{"type":"Feature","geometry":{"type":"Point","coordinates":[106.85555,-6.284139]},"properties":{"layer_id":"mobilitas","jenis":"halte","nama":"Simpang Batu Ampar Condet Raya","sumber":"OSM","atribut":{}}},{"type":"Feature","geometry":{"type":"Point","coordinates":[106.85689,-6.284209]},"properties":{"layer_id":"mobilitas","jenis":"halte","nama":"Simpang Batu Pandan 1","sumber":"OSM","atribut":{}}},{"type":"Feature","geometry":{"type":"Point","coordinates":[106.8582,-6.284739]},"properties":{"layer_id":"mobilitas","jenis":"halte","nama":"Simpang Condet Baru 1","sumber":"OSM","atribut":{}}},{"type":"Feature","geometry":{"type":"Point","coordinates":[106.85835,-6.284068]},"properties":{"layer_id":"mobilitas","jenis":"halte","nama":"SDN 11 Batu Ampar","sumber":"OSM","atribut":{}}},{"type":"Feature","geometry":{"type":"Point","coordinates":[106.85936,-6.283558]},"properties":{"layer_id":"mobilitas","jenis":"halte","nama":"Puskesmas Batu Ampar","sumber":"OSM","atribut":{}}},{"type":"Feature","geometry":{"type":"Point","coordinates":[106.86024,-6.280831]},"properties":{"layer_id":"mobilitas","jenis":"halte","nama":"Simpang Masjid Condet Batu Ampar","sumber":"OSM","atribut":{}}},{"type":"Feature","geometry":{"type":"Point","coordinates":[106.85365,-6.284347]},"properties":{"layer_id":"mobilitas","jenis":"halte","nama":"Sbr. Gg. Rawa Gurih","sumber":"OSM","atribut":{}}},{"type":"Feature","geometry":{"type":"Point","coordinates":[106.85164,-6.284147]},"properties":{"layer_id":"mobilitas","jenis":"halte","nama":"Puskesmas Balekambang","sumber":"OSM","atribut":{}}},{"type":"Feature","geometry":{"type":"Point","coordinates":[106.85052,-6.283996]},"properties":{"layer_id":"mobilitas","jenis":"halte","nama":"Sbr. Masjid Jami Al Muttaqin Balekambang","sumber":"OSM","atribut":{}}},{"type":"Feature","geometry":{"type":"Point","coordinates":[106.84945,-6.283464]},"properties":{"layer_id":"mobilitas","jenis":"halte","nama":"Sbr. Akses Jembatan Ciliwung Balekambang","sumber":"OSM","atribut":{}}},{"type":"Feature","geometry":{"type":"Point","coordinates":[106.84937,-6.282428]},"properties":{"layer_id":"mobilitas","jenis":"halte","nama":"Jln. Kober Balekambang","sumber":"OSM","atribut":{}}},{"type":"Feature","geometry":{"type":"Point","coordinates":[106.84996,-6.28163]},"properties":{"layer_id":"mobilitas","jenis":"halte","nama":"Kel. Balekambang","sumber":"OSM","atribut":{}}},{"type":"Feature","geometry":{"type":"Point","coordinates":[106.85073,-6.281031]},"properties":{"layer_id":"mobilitas","jenis":"halte","nama":"Jln. Pangeran Balekambang","sumber":"OSM","atribut":{}}},{"type":"Feature","geometry":{"type":"Point","coordinates":[106.89131,-6.281522]},"properties":{"layer_id":"mobilitas","jenis":"halte","nama":"Padang Golf Halim 2","sumber":"OSM","atribut":{}}},{"type":"Feature","geometry":{"type":"Point","coordinates":[106.89231,-6.288242]},"properties":{"layer_id":"mobilitas","jenis":"halte","nama":"Sbr. Puskesmas Halim 1","sumber":"OSM","atribut":{}}},{"type":"Feature","geometry":{"type":"Point","coordinates":[106.89261,-6.289746]},"properties":{"layer_id":"mobilitas","jenis":"halte","nama":"Punto Dewo Gardu 2","sumber":"OSM","atribut":{}}},{"type":"Feature","geometry":{"type":"Point","coordinates":[106.899315,-6.286138]},"properties":{"layer_id":"mobilitas","jenis":"halte","nama":"Gg. Andong Halim","sumber":"OSM","atribut":{}}},{"type":"Feature","geometry":{"type":"Point","coordinates":[106.90141,-6.28524]},"properties":{"layer_id":"mobilitas","jenis":"halte","nama":"Jln. Kramat Pangeran Syarif","sumber":"OSM","atribut":{}}},{"type":"Feature","geometry":{"type":"Point","coordinates":[106.89938,-6.285949]},"properties":{"layer_id":"mobilitas","jenis":"halte","nama":"Sbr. Gg. Andong","sumber":"OSM","atribut":{}}},{"type":"Feature","geometry":{"type":"Point","coordinates":[106.892699,-6.289681]},"properties":{"layer_id":"mobilitas","jenis":"halte","nama":"Punto Dewo Gardu 1","sumber":"OSM","atribut":{}}},{"type":"Feature","geometry":{"type":"Point","coordinates":[106.892399,-6.288338]},"properties":{"layer_id":"mobilitas","jenis":"halte","nama":"Puskesmas Halim 1","sumber":"OSM","atribut":{}}},{"type":"Feature","geometry":{"type":"Point","coordinates":[106.891283,-6.281825]},"properties":{"layer_id":"mobilitas","jenis":"halte","nama":"Padang Golf Halim 1","sumber":"OSM","atribut":{}}},{"type":"Feature","geometry":{"type":"Point","coordinates":[106.746904,-6.31563]},"properties":{"layer_id":"mobilitas","jenis":"halte","nama":"Pasar Ciputat","sumber":"OSM","atribut":{}}},{"type":"Feature","geometry":{"type":"Point","coordinates":[106.748522,-6.331156]},"properties":{"layer_id":"mobilitas","jenis":"halte","nama":"Pool PPD Ciputat","sumber":"OSM","atribut":{}}},{"type":"Feature","geometry":{"type":"Point","coordinates":[106.756061,-6.308948]},"properties":{"layer_id":"mobilitas","jenis":"halte","nama":"Komplek UIN","sumber":"OSM","atribut":{}}},{"type":"Feature","geometry":{"type":"Point","coordinates":[106.762126,-6.300507]},"properties":{"layer_id":"mobilitas","jenis":"halte","nama":"Jalan Pahlawan","sumber":"OSM","atribut":{}}},{"type":"Feature","geometry":{"type":"Point","coordinates":[106.765059,-6.293817]},"properties":{"layer_id":"mobilitas","jenis":"halte","nama":"Jalan Sandratex 1","sumber":"OSM","atribut":{}}},{"type":"Feature","geometry":{"type":"Point","coordinates":[106.764947,-6.297369]},"properties":{"layer_id":"mobilitas","jenis":"halte","nama":"Komplek Mandiri Giant Express 1","sumber":"OSM","atribut":{}}},{"type":"Feature","geometry":{"type":"Point","coordinates":[106.752518,-6.312229]},"properties":{"layer_id":"mobilitas","jenis":"halte","nama":"Pusdiklat Kemenag 2","sumber":"OSM","atribut":{}}},{"type":"Feature","geometry":{"type":"Point","coordinates":[106.757487,-6.305613]},"properties":{"layer_id":"mobilitas","jenis":"halte","nama":"Jalan WR Supratman","sumber":"OSM","atribut":{}}},{"type":"Feature","geometry":{"type":"Point","coordinates":[106.76139,-6.301629]},"properties":{"layer_id":"mobilitas","jenis":"halte","nama":"Situ Gintung 2","sumber":"OSM","atribut":{}}},{"type":"Feature","geometry":{"type":"Point","coordinates":[106.755956,-6.308339]},"properties":{"layer_id":"mobilitas","jenis":"halte","nama":"Jalan Pesanggrahan","sumber":"OSM","atribut":{}}},{"type":"Feature","geometry":{"type":"Point","coordinates":[106.755147,-6.310434]},"properties":{"layer_id":"mobilitas","jenis":"halte","nama":"Polsek Ciputat 2","sumber":"OSM","atribut":{}}},{"type":"Feature","geometry":{"type":"Point","coordinates":[106.752279,-6.312052]},"properties":{"layer_id":"mobilitas","jenis":"halte","nama":"Pusdiklat Kemenag 1","sumber":"OSM","atribut":{}}},{"type":"Feature","geometry":{"type":"Point","coordinates":[106.76234,-6.300534]},"properties":{"layer_id":"mobilitas","jenis":"halte","nama":"Situ Gintung 1","sumber":"OSM","atribut":{}}},{"type":"Feature","geometry":{"type":"Point","coordinates":[106.76554,-6.295705]},"properties":{"layer_id":"mobilitas","jenis":"halte","nama":"UMJ 2","sumber":"OSM","atribut":{}}},{"type":"Feature","geometry":{"type":"Point","coordinates":[106.768945,-6.289566]},"properties":{"layer_id":"mobilitas","jenis":"halte","nama":"Cirendeu Permai","sumber":"OSM","atribut":{}}},{"type":"Feature","geometry":{"type":"Point","coordinates":[106.765408,-6.296068]},"properties":{"layer_id":"mobilitas","jenis":"halte","nama":"UMJ 1","sumber":"OSM","atribut":{}}},{"type":"Feature","geometry":{"type":"Point","coordinates":[106.757772,-6.305628]},"properties":{"layer_id":"mobilitas","jenis":"halte","nama":"Kampus 2 UIN","sumber":"OSM","atribut":{}}},{"type":"Feature","geometry":{"type":"Point","coordinates":[106.754996,-6.310352]},"properties":{"layer_id":"mobilitas","jenis":"halte","nama":"Polsek Ciputat 1","sumber":"OSM","atribut":{}}},{"type":"Feature","geometry":{"type":"Point","coordinates":[106.746762,-6.315453]},"properties":{"layer_id":"mobilitas","jenis":"halte","nama":"Baileys Lagoon City","sumber":"OSM","atribut":{}}},{"type":"Feature","geometry":{"type":"Point","coordinates":[106.756269,-6.30765]},"properties":{"layer_id":"mobilitas","jenis":"halte","nama":"Kampus UIN 2","sumber":"OSM","atribut":{}}},{"type":"Feature","geometry":{"type":"Point","coordinates":[106.765296,-6.293681]},"properties":{"layer_id":"mobilitas","jenis":"halte","nama":"Jalan Sandratex 2","sumber":"OSM","atribut":{}}},{"type":"Feature","geometry":{"type":"Point","coordinates":[106.76499,-6.297573]},"properties":{"layer_id":"mobilitas","jenis":"halte","nama":"Komplek Mandiri Giant Express 2","sumber":"OSM","atribut":{}}},{"type":"Feature","geometry":{"type":"Point","coordinates":[106.820038,-6.305511]},"properties":{"layer_id":"mobilitas","jenis":"halte","nama":"Terminal Ragunan","sumber":"OSM","atribut":{}}},{"type":"Feature","geometry":{"type":"Point","coordinates":[106.771,-6.289096]},"properties":{"layer_id":"mobilitas","jenis":"halte","nama":"Simpang Ps. Jumat","sumber":"OSM","atribut":{}}},{"type":"Feature","geometry":{"type":"Point","coordinates":[106.77436,-6.289421]},"properties":{"layer_id":"mobilitas","jenis":"halte","nama":"Stasiun MRT Lebak Bulus","sumber":"OSM","atribut":{}}},{"type":"Feature","geometry":{"type":"Point","coordinates":[106.775304,-6.284509]},"properties":{"layer_id":"mobilitas","jenis":"halte","nama":"Jln. Niaga Hijau 1","sumber":"OSM","atribut":{}}},{"type":"Feature","geometry":{"type":"Point","coordinates":[106.772388,-6.280168]},"properties":{"layer_id":"mobilitas","jenis":"halte","nama":"Sbr. Fedex Pondok Pinang","sumber":"OSM","atribut":{}}},{"type":"Feature","geometry":{"type":"Point","coordinates":[106.77201,-6.281498]},"properties":{"layer_id":"mobilitas","jenis":"halte","nama":"MAN 4 Jakarta","sumber":"OSM","atribut":{}}},{"type":"Feature","geometry":{"type":"Point","coordinates":[106.8999,-6.32253]},"properties":{"layer_id":"mobilitas","jenis":"halte","nama":"SMPN 283","sumber":"OSM","atribut":{}}},{"type":"Feature","geometry":{"type":"Point","coordinates":[106.899563,-6.323991]},"properties":{"layer_id":"mobilitas","jenis":"halte","nama":"Masjid Al Barokah Cipayung","sumber":"OSM","atribut":{}}},{"type":"Feature","geometry":{"type":"Point","coordinates":[106.8987,-6.32605]},"properties":{"layer_id":"mobilitas","jenis":"halte","nama":"Sbr. Royal Tasneem","sumber":"OSM","atribut":{}}},{"type":"Feature","geometry":{"type":"Point","coordinates":[106.898234,-6.327303]},"properties":{"layer_id":"mobilitas","jenis":"halte","nama":"Pondok Pesantren Nurul Qolbi","sumber":"OSM","atribut":{}}},{"type":"Feature","geometry":{"type":"Point","coordinates":[106.8961,-6.3264]},"properties":{"layer_id":"mobilitas","jenis":"halte","nama":"Bamboe Madani Residence","sumber":"OSM","atribut":{}}},{"type":"Feature","geometry":{"type":"Point","coordinates":[106.8947,-6.3238]},"properties":{"layer_id":"mobilitas","jenis":"halte","nama":"Sbr. Gg. Japar","sumber":"OSM","atribut":{}}},{"type":"Feature","geometry":{"type":"Point","coordinates":[106.894422,-6.321522]},"properties":{"layer_id":"mobilitas","jenis":"halte","nama":"Sbr. Pertigaan Gg. Bahagia","sumber":"OSM","atribut":{}}},{"type":"Feature","geometry":{"type":"Point","coordinates":[106.8928,-6.32042]},"properties":{"layer_id":"mobilitas","jenis":"halte","nama":"Pertigaan Jln. Seira Tanimbar","sumber":"OSM","atribut":{}}},{"type":"Feature","geometry":{"type":"Point","coordinates":[106.8915,-6.3198]},"properties":{"layer_id":"mobilitas","jenis":"halte","nama":"Masjid Nauroh Abdurrahman","sumber":"OSM","atribut":{}}},{"type":"Feature","geometry":{"type":"Point","coordinates":[106.889551,-6.320779]},"properties":{"layer_id":"mobilitas","jenis":"halte","nama":"Jln. Keluarga","sumber":"OSM","atribut":{}}},{"type":"Feature","geometry":{"type":"Point","coordinates":[106.89047,-6.323003]},"properties":{"layer_id":"mobilitas","jenis":"halte","nama":"Sbr. Jln. Masjid I","sumber":"OSM","atribut":{}}},{"type":"Feature","geometry":{"type":"Point","coordinates":[106.8927,-6.32241]},"properties":{"layer_id":"mobilitas","jenis":"halte","nama":"Jln. Masjid IV A","sumber":"OSM","atribut":{}}},{"type":"Feature","geometry":{"type":"Point","coordinates":[106.894356,-6.321495]},"properties":{"layer_id":"mobilitas","jenis":"halte","nama":"Pertigaan Gg. Bahagia","sumber":"OSM","atribut":{}}},{"type":"Feature","geometry":{"type":"Point","coordinates":[106.8946,-6.32385]},"properties":{"layer_id":"mobilitas","jenis":"halte","nama":"Gg. Japar","sumber":"OSM","atribut":{}}},{"type":"Feature","geometry":{"type":"Point","coordinates":[106.896,-6.32646]},"properties":{"layer_id":"mobilitas","jenis":"halte","nama":"Pertigaan Masjid Nurul Cipayung","sumber":"OSM","atribut":{}}},{"type":"Feature","geometry":{"type":"Point","coordinates":[106.8982,-6.32761]},"properties":{"layer_id":"mobilitas","jenis":"halte","nama":"Pertigaan Jln. TPU Cipayung","sumber":"OSM","atribut":{}}},{"type":"Feature","geometry":{"type":"Point","coordinates":[106.8988,-6.32605]},"properties":{"layer_id":"mobilitas","jenis":"halte","nama":"Royal Tasneem","sumber":"OSM","atribut":{}}},{"type":"Feature","geometry":{"type":"Point","coordinates":[106.8996,-6.32405]},"properties":{"layer_id":"mobilitas","jenis":"halte","nama":"Sbr. Masjid Al Barokah Cipayung","sumber":"OSM","atribut":{}}},{"type":"Feature","geometry":{"type":"Point","coordinates":[106.9004,-6.32257]},"properties":{"layer_id":"mobilitas","jenis":"halte","nama":"URINDO Kampus B","sumber":"OSM","atribut":{}}},{"type":"Feature","geometry":{"type":"Point","coordinates":[106.9013,-6.32102]},"properties":{"layer_id":"mobilitas","jenis":"halte","nama":"Masjid Jami Nurul Ikhlas","sumber":"OSM","atribut":{}}},{"type":"Feature","geometry":{"type":"Point","coordinates":[106.9013,-6.31771]},"properties":{"layer_id":"mobilitas","jenis":"halte","nama":"Sbr. Gg. Swadaya I","sumber":"OSM","atribut":{}}},{"type":"Feature","geometry":{"type":"Point","coordinates":[106.9007,-6.31643]},"properties":{"layer_id":"mobilitas","jenis":"halte","nama":"URINDO Kampus A","sumber":"OSM","atribut":{}}},{"type":"Feature","geometry":{"type":"Point","coordinates":[106.8998,-6.31489]},"properties":{"layer_id":"mobilitas","jenis":"halte","nama":"Sbr. Palm One Residence","sumber":"OSM","atribut":{}}},{"type":"Feature","geometry":{"type":"Point","coordinates":[106.8978,-6.31512]},"properties":{"layer_id":"mobilitas","jenis":"halte","nama":"Jln. Palem Kartika","sumber":"OSM","atribut":{}}},{"type":"Feature","geometry":{"type":"Point","coordinates":[106.8955,-6.31479]},"properties":{"layer_id":"mobilitas","jenis":"halte","nama":"Taman Kelinci Bambu Apus","sumber":"OSM","atribut":{}}},{"type":"Feature","geometry":{"type":"Point","coordinates":[106.894056,-6.313749]},"properties":{"layer_id":"mobilitas","jenis":"halte","nama":"Pertigaan Jln. Bambu Apus","sumber":"OSM","atribut":{}}},{"type":"Feature","geometry":{"type":"Point","coordinates":[106.894162,-6.311783]},"properties":{"layer_id":"mobilitas","jenis":"halte","nama":"Sbr. Gedung Serbaguna Gempol","sumber":"OSM","atribut":{}}},{"type":"Feature","geometry":{"type":"Point","coordinates":[106.894475,-6.309139]},"properties":{"layer_id":"mobilitas","jenis":"halte","nama":"Sbr. Gg. Makmur","sumber":"OSM","atribut":{}}},{"type":"Feature","geometry":{"type":"Point","coordinates":[106.888533,-6.305124]},"properties":{"layer_id":"mobilitas","jenis":"halte","nama":"Pintu 3 TMII","sumber":"OSM","atribut":{}}},{"type":"Feature","geometry":{"type":"Point","coordinates":[106.871657,-6.283552]},"properties":{"layer_id":"mobilitas","jenis":"halte","nama":"PLN Kramat Jati","sumber":"OSM","atribut":{}}},{"type":"Feature","geometry":{"type":"Point","coordinates":[106.8712,-6.28032]},"properties":{"layer_id":"mobilitas","jenis":"halte","nama":"Jln. Masjid Al Ihsan","sumber":"OSM","atribut":{}}},{"type":"Feature","geometry":{"type":"Point","coordinates":[106.8716,-6.283302]},"properties":{"layer_id":"mobilitas","jenis":"halte","nama":"Sbr. PLN Kramat Jati","sumber":"OSM","atribut":{}}},{"type":"Feature","geometry":{"type":"Point","coordinates":[106.87258,-6.287636]},"properties":{"layer_id":"mobilitas","jenis":"halte","nama":"UP Angkutan Sekolah","sumber":"OSM","atribut":{}}},{"type":"Feature","geometry":{"type":"Point","coordinates":[106.87417,-6.287962]},"properties":{"layer_id":"mobilitas","jenis":"halte","nama":"Sbr. SDN Dukuh 01","sumber":"OSM","atribut":{}}},{"type":"Feature","geometry":{"type":"Point","coordinates":[106.8757,-6.288611]},"properties":{"layer_id":"mobilitas","jenis":"halte","nama":"Jln. Dukuh III","sumber":"OSM","atribut":{}}},{"type":"Feature","geometry":{"type":"Point","coordinates":[106.876882,-6.289177]},"properties":{"layer_id":"mobilitas","jenis":"halte","nama":"Pintu Tol Pondok Gede Selatan","sumber":"OSM","atribut":{}}},{"type":"Feature","geometry":{"type":"Point","coordinates":[106.88903,-6.305526]},"properties":{"layer_id":"mobilitas","jenis":"halte","nama":"Sbr. Pintu III Taman Mini","sumber":"OSM","atribut":{}}},{"type":"Feature","geometry":{"type":"Point","coordinates":[106.894367,-6.309091]},"properties":{"layer_id":"mobilitas","jenis":"halte","nama":"Gg. Makmur","sumber":"OSM","atribut":{}}},{"type":"Feature","geometry":{"type":"Point","coordinates":[106.894042,-6.311898]},"properties":{"layer_id":"mobilitas","jenis":"halte","nama":"Gedung Serbaguna Gempol","sumber":"OSM","atribut":{}}},{"type":"Feature","geometry":{"type":"Point","coordinates":[106.893947,-6.314117]},"properties":{"layer_id":"mobilitas","jenis":"halte","nama":"Sbr. Pertigaan Jln. Bambu Apus","sumber":"OSM","atribut":{}}},{"type":"Feature","geometry":{"type":"Point","coordinates":[106.8954,-6.31488]},"properties":{"layer_id":"mobilitas","jenis":"halte","nama":"Sbr. Taman Kelinci Bambu Apus","sumber":"OSM","atribut":{}}},{"type":"Feature","geometry":{"type":"Point","coordinates":[106.8978,-6.31523]},"properties":{"layer_id":"mobilitas","jenis":"halte","nama":"Sbr. Jln. Palem Kartika","sumber":"OSM","atribut":{}}},{"type":"Feature","geometry":{"type":"Point","coordinates":[106.8999,-6.31502]},"properties":{"layer_id":"mobilitas","jenis":"halte","nama":"Palm One Residence","sumber":"OSM","atribut":{}}},{"type":"Feature","geometry":{"type":"Point","coordinates":[106.9006,-6.31645]},"properties":{"layer_id":"mobilitas","jenis":"halte","nama":"Sbr. URINDO Kampus A","sumber":"OSM","atribut":{}}},{"type":"Feature","geometry":{"type":"Point","coordinates":[106.9015,-6.31797]},"properties":{"layer_id":"mobilitas","jenis":"halte","nama":"Gg. Swadaya I","sumber":"OSM","atribut":{}}},{"type":"Feature","geometry":{"type":"Point","coordinates":[106.901295,-6.319876]},"properties":{"layer_id":"mobilitas","jenis":"halte","nama":"Sbr. Jln. SMPN 180","sumber":"OSM","atribut":{}}},{"type":"Feature","geometry":{"type":"Point","coordinates":[106.901242,-6.321034]},"properties":{"layer_id":"mobilitas","jenis":"halte","nama":"Sbr. Masjid Jami Nurul Ikhlas","sumber":"OSM","atribut":{}}},{"type":"Feature","geometry":{"type":"Point","coordinates":[106.875646,-6.288421]},"properties":{"layer_id":"mobilitas","jenis":"halte","nama":"Jln. Dukuh II","sumber":"OSM","atribut":{}}},{"type":"Feature","geometry":{"type":"Point","coordinates":[106.874061,-6.287783]},"properties":{"layer_id":"mobilitas","jenis":"halte","nama":"SDN Dukuh 01","sumber":"OSM","atribut":{}}},{"type":"Feature","geometry":{"type":"Point","coordinates":[106.872434,-6.28745]},"properties":{"layer_id":"mobilitas","jenis":"halte","nama":"Sbr. UP Angkutan Sekolah","sumber":"OSM","atribut":{}}},{"type":"Feature","geometry":{"type":"Point","coordinates":[106.87136,-6.284729]},"properties":{"layer_id":"mobilitas","jenis":"halte","nama":"Kec. Kramat Jati 2","sumber":"OSM","atribut":{}}},{"type":"Feature","geometry":{"type":"Point","coordinates":[106.87222,-6.283918]},"properties":{"layer_id":"mobilitas","jenis":"halte","nama":"Dato Tonggara","sumber":"OSM","atribut":{}}},{"type":"Feature","geometry":{"type":"Point","coordinates":[106.893582,-6.355579]},"properties":{"layer_id":"mobilitas","jenis":"halte","nama":"Residence 8 Munjul","sumber":"OSM","atribut":{}}},{"type":"Feature","geometry":{"type":"Point","coordinates":[106.892011,-6.351182]},"properties":{"layer_id":"mobilitas","jenis":"halte","nama":"Sbr. Gg. Gotong Royong","sumber":"OSM","atribut":{}}},{"type":"Feature","geometry":{"type":"Point","coordinates":[106.887045,-6.352017]},"properties":{"layer_id":"mobilitas","jenis":"halte","nama":"Cibubur Indah II","sumber":"OSM","atribut":{}}},{"type":"Feature","geometry":{"type":"Point","coordinates":[106.8842,-6.351708]},"properties":{"layer_id":"mobilitas","jenis":"halte","nama":"Sbr. Ramayana KDW","sumber":"OSM","atribut":{}}},{"type":"Feature","geometry":{"type":"Point","coordinates":[106.88415,-6.350069]},"properties":{"layer_id":"mobilitas","jenis":"halte","nama":"Jln. Cibubur Indah V","sumber":"OSM","atribut":{}}},{"type":"Feature","geometry":{"type":"Point","coordinates":[106.884484,-6.348832]},"properties":{"layer_id":"mobilitas","jenis":"halte","nama":"Sbr. Jln. Dahlia KDW","sumber":"OSM","atribut":{}}},{"type":"Feature","geometry":{"type":"Point","coordinates":[106.884378,-6.347345]},"properties":{"layer_id":"mobilitas","jenis":"halte","nama":"Sbr. Lapangan Kaprina","sumber":"OSM","atribut":{}}},{"type":"Feature","geometry":{"type":"Point","coordinates":[106.883349,-6.347212]},"properties":{"layer_id":"mobilitas","jenis":"halte","nama":"Sbr. SDN Kelapa Dua Wetan 04","sumber":"OSM","atribut":{}}},{"type":"Feature","geometry":{"type":"Point","coordinates":[106.883679,-6.344459]},"properties":{"layer_id":"mobilitas","jenis":"halte","nama":"Sbr. SMA Advent XV Ciracas","sumber":"OSM","atribut":{}}},{"type":"Feature","geometry":{"type":"Point","coordinates":[106.8856,-6.343207]},"properties":{"layer_id":"mobilitas","jenis":"halte","nama":"SDN Kelapa Dua Wetan 01","sumber":"OSM","atribut":{}}},{"type":"Feature","geometry":{"type":"Point","coordinates":[106.88639,-6.342372]},"properties":{"layer_id":"mobilitas","jenis":"halte","nama":"Sbr. Man 15 Jakarta","sumber":"OSM","atribut":{}}},{"type":"Feature","geometry":{"type":"Point","coordinates":[106.8873,-6.340963]},"properties":{"layer_id":"mobilitas","jenis":"halte","nama":"Simpang PKP Raya KDW","sumber":"OSM","atribut":{}}},{"type":"Feature","geometry":{"type":"Point","coordinates":[106.88778,-6.33686]},"properties":{"layer_id":"mobilitas","jenis":"halte","nama":"Sbr. Jln. Saluran Ciracas","sumber":"OSM","atribut":{}}},{"type":"Feature","geometry":{"type":"Point","coordinates":[106.8873,-6.33435]},"properties":{"layer_id":"mobilitas","jenis":"halte","nama":"Sbr. Jln. Asam Kelapa Dua Wetan","sumber":"OSM","atribut":{}}},{"type":"Feature","geometry":{"type":"Point","coordinates":[106.88641,-6.32926]},"properties":{"layer_id":"mobilitas","jenis":"halte","nama":"Pertigaan Jln. Asem","sumber":"OSM","atribut":{}}},{"type":"Feature","geometry":{"type":"Point","coordinates":[106.885751,-6.328961]},"properties":{"layer_id":"mobilitas","jenis":"halte","nama":"Jln. Raya Ciracas","sumber":"OSM","atribut":{}}},{"type":"Feature","geometry":{"type":"Point","coordinates":[106.883965,-6.328744]},"properties":{"layer_id":"mobilitas","jenis":"halte","nama":"Sbr. Jln. H. Usman Ciracas","sumber":"OSM","atribut":{}}},{"type":"Feature","geometry":{"type":"Point","coordinates":[106.88213,-6.328162]},"properties":{"layer_id":"mobilitas","jenis":"halte","nama":"Sbr. Jln. Kaja Raya Ciracas","sumber":"OSM","atribut":{}}},{"type":"Feature","geometry":{"type":"Point","coordinates":[106.87903,-6.328431]},"properties":{"layer_id":"mobilitas","jenis":"halte","nama":"Pemadam Ciracas","sumber":"OSM","atribut":{}}},{"type":"Feature","geometry":{"type":"Point","coordinates":[106.87752,-6.328757]},"properties":{"layer_id":"mobilitas","jenis":"halte","nama":"Kel. Ciracas","sumber":"OSM","atribut":{}}},{"type":"Feature","geometry":{"type":"Point","coordinates":[106.87629,-6.329219]},"properties":{"layer_id":"mobilitas","jenis":"halte","nama":"Sbr. Premier Terrace","sumber":"OSM","atribut":{}}},{"type":"Feature","geometry":{"type":"Point","coordinates":[106.87594,-6.328468]},"properties":{"layer_id":"mobilitas","jenis":"halte","nama":"Sbr. Gg. Sawo Ciracas","sumber":"OSM","atribut":{}}},{"type":"Feature","geometry":{"type":"Point","coordinates":[106.876624,-6.326418]},"properties":{"layer_id":"mobilitas","jenis":"halte","nama":"Lapangan Bola Centex","sumber":"OSM","atribut":{}}},{"type":"Feature","geometry":{"type":"Point","coordinates":[106.87706,-6.32323]},"properties":{"layer_id":"mobilitas","jenis":"halte","nama":"Gg. Senggol","sumber":"OSM","atribut":{}}},{"type":"Feature","geometry":{"type":"Point","coordinates":[106.877449,-6.320176]},"properties":{"layer_id":"mobilitas","jenis":"halte","nama":"SMP 208 Ciracas","sumber":"OSM","atribut":{}}},{"type":"Feature","geometry":{"type":"Point","coordinates":[106.878509,-6.317626]},"properties":{"layer_id":"mobilitas","jenis":"halte","nama":"SDN 06 Ciracas","sumber":"OSM","atribut":{}}},{"type":"Feature","geometry":{"type":"Point","coordinates":[106.879425,-6.316638]},"properties":{"layer_id":"mobilitas","jenis":"halte","nama":"Sbr. Jln. Pule","sumber":"OSM","atribut":{}}},{"type":"Feature","geometry":{"type":"Point","coordinates":[106.87975,-6.315685]},"properties":{"layer_id":"mobilitas","jenis":"halte","nama":"Jln. Tanah Merdeka Selatan","sumber":"OSM","atribut":{}}},{"type":"Feature","geometry":{"type":"Point","coordinates":[106.87959,-6.31338]},"properties":{"layer_id":"mobilitas","jenis":"halte","nama":"Sbr. Jln. Tanah Merdeka V","sumber":"OSM","atribut":{}}},{"type":"Feature","geometry":{"type":"Point","coordinates":[106.87948,-6.312016]},"properties":{"layer_id":"mobilitas","jenis":"halte","nama":"Jln. Tanah Merdeka IV","sumber":"OSM","atribut":{}}},{"type":"Feature","geometry":{"type":"Point","coordinates":[106.87927,-6.309665]},"properties":{"layer_id":"mobilitas","jenis":"halte","nama":"Sbr. Dewan Masjid Ciracas","sumber":"OSM","atribut":{}}},{"type":"Feature","geometry":{"type":"Point","coordinates":[106.87664,-6.309252]},"properties":{"layer_id":"mobilitas","jenis":"halte","nama":"Sbr. SDN 02 Pagi Rambutan","sumber":"OSM","atribut":{}}},{"type":"Feature","geometry":{"type":"Point","coordinates":[106.87583,-6.30889]},"properties":{"layer_id":"mobilitas","jenis":"halte","nama":"Sbr. Jln. Pertiwi","sumber":"OSM","atribut":{}}},{"type":"Feature","geometry":{"type":"Point","coordinates":[106.86579,-6.306777]},"properties":{"layer_id":"mobilitas","jenis":"halte","nama":"Putaran Pasar Rebo","sumber":"OSM","atribut":{}}},{"type":"Feature","geometry":{"type":"Point","coordinates":[106.875897,-6.30902]},"properties":{"layer_id":"mobilitas","jenis":"halte","nama":"Jln. Pertiwi","sumber":"OSM","atribut":{}}},{"type":"Feature","geometry":{"type":"Point","coordinates":[106.87661,-6.309373]},"properties":{"layer_id":"mobilitas","jenis":"halte","nama":"SDN 02 Pagi Rambutan","sumber":"OSM","atribut":{}}},{"type":"Feature","geometry":{"type":"Point","coordinates":[106.87912,-6.309673]},"properties":{"layer_id":"mobilitas","jenis":"halte","nama":"Dewan Masjid Ciracas","sumber":"OSM","atribut":{}}},{"type":"Feature","geometry":{"type":"Point","coordinates":[106.879389,-6.312003]},"properties":{"layer_id":"mobilitas","jenis":"halte","nama":"Sbr. Jln. Tanah Merdeka IV","sumber":"OSM","atribut":{}}},{"type":"Feature","geometry":{"type":"Point","coordinates":[106.879474,-6.313089]},"properties":{"layer_id":"mobilitas","jenis":"halte","nama":"Jln. Tanah Merdeka V","sumber":"OSM","atribut":{}}},{"type":"Feature","geometry":{"type":"Point","coordinates":[106.879672,-6.315676]},"properties":{"layer_id":"mobilitas","jenis":"halte","nama":"Jln. Tanah Merdeka Selatan 1","sumber":"OSM","atribut":{}}},{"type":"Feature","geometry":{"type":"Point","coordinates":[106.879369,-6.31659]},"properties":{"layer_id":"mobilitas","jenis":"halte","nama":"Jln. Pule","sumber":"OSM","atribut":{}}},{"type":"Feature","geometry":{"type":"Point","coordinates":[106.878466,-6.317609]},"properties":{"layer_id":"mobilitas","jenis":"halte","nama":"Sbr. SDN 06 Ciracas","sumber":"OSM","atribut":{}}},{"type":"Feature","geometry":{"type":"Point","coordinates":[106.87692,-6.323216]},"properties":{"layer_id":"mobilitas","jenis":"halte","nama":"Sbr. Gg. Senggol","sumber":"OSM","atribut":{}}},{"type":"Feature","geometry":{"type":"Point","coordinates":[106.876542,-6.326379]},"properties":{"layer_id":"mobilitas","jenis":"halte","nama":"Sbr. Lapangan Bola Centex","sumber":"OSM","atribut":{}}},{"type":"Feature","geometry":{"type":"Point","coordinates":[106.875888,-6.328311]},"properties":{"layer_id":"mobilitas","jenis":"halte","nama":"Gg. Sawo Ciracas","sumber":"OSM","atribut":{}}},{"type":"Feature","geometry":{"type":"Point","coordinates":[106.876315,-6.329288]},"properties":{"layer_id":"mobilitas","jenis":"halte","nama":"Sbr. SDIT At Tahiriyah","sumber":"OSM","atribut":{}}},{"type":"Feature","geometry":{"type":"Point","coordinates":[106.877785,-6.328789]},"properties":{"layer_id":"mobilitas","jenis":"halte","nama":"Sbr. Kel. Ciracas","sumber":"OSM","atribut":{}}},{"type":"Feature","geometry":{"type":"Point","coordinates":[106.88214,-6.328241]},"properties":{"layer_id":"mobilitas","jenis":"halte","nama":"Jln. Kaja Raya Ciracas","sumber":"OSM","atribut":{}}},{"type":"Feature","geometry":{"type":"Point","coordinates":[106.884035,-6.328843]},"properties":{"layer_id":"mobilitas","jenis":"halte","nama":"Jln. H. Usman Ciracas","sumber":"OSM","atribut":{}}},{"type":"Feature","geometry":{"type":"Point","coordinates":[106.885713,-6.32906]},"properties":{"layer_id":"mobilitas","jenis":"halte","nama":"Sbr. Jln. Raya Ciracas","sumber":"OSM","atribut":{}}},{"type":"Feature","geometry":{"type":"Point","coordinates":[106.886367,-6.329333]},"properties":{"layer_id":"mobilitas","jenis":"halte","nama":"Sbr. Pertigaan Jln. Asem","sumber":"OSM","atribut":{}}},{"type":"Feature","geometry":{"type":"Point","coordinates":[106.886698,-6.331575]},"properties":{"layer_id":"mobilitas","jenis":"halte","nama":"Simpang Jln. Cipayung Raya","sumber":"OSM","atribut":{}}},{"type":"Feature","geometry":{"type":"Point","coordinates":[106.88715,-6.334282]},"properties":{"layer_id":"mobilitas","jenis":"halte","nama":"Jln. Asem Kelapa Dua Wetan","sumber":"OSM","atribut":{}}},{"type":"Feature","geometry":{"type":"Point","coordinates":[106.887671,-6.336891]},"properties":{"layer_id":"mobilitas","jenis":"halte","nama":"Jln. Saluran Ciracas","sumber":"OSM","atribut":{}}},{"type":"Feature","geometry":{"type":"Point","coordinates":[106.886347,-6.342301]},"properties":{"layer_id":"mobilitas","jenis":"halte","nama":"Man 15 Jakarta","sumber":"OSM","atribut":{}}},{"type":"Feature","geometry":{"type":"Point","coordinates":[106.885512,-6.343189]},"properties":{"layer_id":"mobilitas","jenis":"halte","nama":"Sbr. SDN Kelapa Dua Wetan 01","sumber":"OSM","atribut":{}}},{"type":"Feature","geometry":{"type":"Point","coordinates":[106.88349,-6.344393]},"properties":{"layer_id":"mobilitas","jenis":"halte","nama":"SMA Advent XV Ciracas","sumber":"OSM","atribut":{}}},{"type":"Feature","geometry":{"type":"Point","coordinates":[106.88299,-6.347237]},"properties":{"layer_id":"mobilitas","jenis":"halte","nama":"SDN Kelapa Dua Wetan 02","sumber":"OSM","atribut":{}}},{"type":"Feature","geometry":{"type":"Point","coordinates":[106.88461,-6.347866]},"properties":{"layer_id":"mobilitas","jenis":"halte","nama":"Lapangan Kaprina","sumber":"OSM","atribut":{}}},{"type":"Feature","geometry":{"type":"Point","coordinates":[106.88437,-6.348905]},"properties":{"layer_id":"mobilitas","jenis":"halte","nama":"Jln. Dahlia KDW","sumber":"OSM","atribut":{}}},{"type":"Feature","geometry":{"type":"Point","coordinates":[106.88411,-6.350015]},"properties":{"layer_id":"mobilitas","jenis":"halte","nama":"Sbr. Jln. Cibubur Indah V","sumber":"OSM","atribut":{}}},{"type":"Feature","geometry":{"type":"Point","coordinates":[106.88432,-6.351839]},"properties":{"layer_id":"mobilitas","jenis":"halte","nama":"Ramayana KDW","sumber":"OSM","atribut":{}}},{"type":"Feature","geometry":{"type":"Point","coordinates":[106.88715,-6.352143]},"properties":{"layer_id":"mobilitas","jenis":"halte","nama":"Sbr. Cibubur Indah II","sumber":"OSM","atribut":{}}},{"type":"Feature","geometry":{"type":"Point","coordinates":[106.779985,-6.286997]},"properties":{"layer_id":"mobilitas","jenis":"halte","nama":"JPO Timur Pondok Indah 1","sumber":"OSM","atribut":{}}},{"type":"Feature","geometry":{"type":"Point","coordinates":[106.780353,-6.284041]},"properties":{"layer_id":"mobilitas","jenis":"halte","nama":"Pondok Indah Plaza","sumber":"OSM","atribut":{}}},{"type":"Feature","geometry":{"type":"Point","coordinates":[106.78028,-6.283107]},"properties":{"layer_id":"mobilitas","jenis":"halte","nama":"Jln. Metro Duta 1","sumber":"OSM","atribut":{}}},{"type":"Feature","geometry":{"type":"Point","coordinates":[106.784258,-6.281591]},"properties":{"layer_id":"mobilitas","jenis":"halte","nama":"Gg. Sekolah Duta V","sumber":"OSM","atribut":{}}},{"type":"Feature","geometry":{"type":"Point","coordinates":[106.787287,-6.284406]},"properties":{"layer_id":"mobilitas","jenis":"halte","nama":"Sbr. Sekolah Kristen Tirtamarta","sumber":"OSM","atribut":{}}},{"type":"Feature","geometry":{"type":"Point","coordinates":[106.788769,-6.284456]},"properties":{"layer_id":"mobilitas","jenis":"halte","nama":"Jakarta Intercultural School","sumber":"OSM","atribut":{}}},{"type":"Feature","geometry":{"type":"Point","coordinates":[106.791733,-6.28238]},"properties":{"layer_id":"mobilitas","jenis":"halte","nama":"Sbr. SPBU Terogong","sumber":"OSM","atribut":{}}},{"type":"Feature","geometry":{"type":"Point","coordinates":[106.792919,-6.283217]},"properties":{"layer_id":"mobilitas","jenis":"halte","nama":"Jln. Caringin Utara I","sumber":"OSM","atribut":{}}},{"type":"Feature","geometry":{"type":"Point","coordinates":[106.793838,-6.283564]},"properties":{"layer_id":"mobilitas","jenis":"halte","nama":"SMKN 20","sumber":"OSM","atribut":{}}},{"type":"Feature","geometry":{"type":"Point","coordinates":[106.826922,-6.286223]},"properties":{"layer_id":"mobilitas","jenis":"halte","nama":"Gg. Jenan","sumber":"OSM","atribut":{}}},{"type":"Feature","geometry":{"type":"Point","coordinates":[106.84066,-6.285642]},"properties":{"layer_id":"mobilitas","jenis":"halte","nama":"Kel. Ps. Minggu","sumber":"OSM","atribut":{}}},{"type":"Feature","geometry":{"type":"Point","coordinates":[106.84371,-6.283048]},"properties":{"layer_id":"mobilitas","jenis":"halte","nama":"Term. Pasar Minggu","sumber":"OSM","atribut":{}}},{"type":"Feature","geometry":{"type":"Point","coordinates":[106.840823,-6.285458]},"properties":{"layer_id":"mobilitas","jenis":"halte","nama":"Ramayana Raya Ragunan","sumber":"OSM","atribut":{}}},{"type":"Feature","geometry":{"type":"Point","coordinates":[106.834763,-6.285859]},"properties":{"layer_id":"mobilitas","jenis":"halte","nama":"Kel. Jati Padang","sumber":"OSM","atribut":{}}},{"type":"Feature","geometry":{"type":"Point","coordinates":[106.826953,-6.286121]},"properties":{"layer_id":"mobilitas","jenis":"halte","nama":"Sbr. Gg. Jenan","sumber":"OSM","atribut":{}}},{"type":"Feature","geometry":{"type":"Point","coordinates":[106.827915,-6.281952]},"properties":{"layer_id":"mobilitas","jenis":"halte","nama":"Sbr. Jln. Warung Jati Barat","sumber":"OSM","atribut":{}}},{"type":"Feature","geometry":{"type":"Point","coordinates":[106.794151,-6.283544]},"properties":{"layer_id":"mobilitas","jenis":"halte","nama":"Sbr. SMKN 20","sumber":"OSM","atribut":{}}},{"type":"Feature","geometry":{"type":"Point","coordinates":[106.79249,-6.282943]},"properties":{"layer_id":"mobilitas","jenis":"halte","nama":"Jln. Caringin Utara","sumber":"OSM","atribut":{}}},{"type":"Feature","geometry":{"type":"Point","coordinates":[106.791638,-6.282325]},"properties":{"layer_id":"mobilitas","jenis":"halte","nama":"SPBU Terogong","sumber":"OSM","atribut":{}}},{"type":"Feature","geometry":{"type":"Point","coordinates":[106.788734,-6.284435]},"properties":{"layer_id":"mobilitas","jenis":"halte","nama":"Sbr. Jakarta Intercultural School","sumber":"OSM","atribut":{}}},{"type":"Feature","geometry":{"type":"Point","coordinates":[106.787533,-6.284297]},"properties":{"layer_id":"mobilitas","jenis":"halte","nama":"Sekolah Kristen Tirtamarta","sumber":"OSM","atribut":{}}},{"type":"Feature","geometry":{"type":"Point","coordinates":[106.783795,-6.281134]},"properties":{"layer_id":"mobilitas","jenis":"halte","nama":"Gg. Sekolah Kencana I","sumber":"OSM","atribut":{}}},{"type":"Feature","geometry":{"type":"Point","coordinates":[106.7801,-6.283181]},"properties":{"layer_id":"mobilitas","jenis":"halte","nama":"Sbr. Jln. Metro Duta 1","sumber":"OSM","atribut":{}}},{"type":"Feature","geometry":{"type":"Point","coordinates":[106.780143,-6.28408]},"properties":{"layer_id":"mobilitas","jenis":"halte","nama":"Seberang Pondok Indah Plaza","sumber":"OSM","atribut":{}}},{"type":"Feature","geometry":{"type":"Point","coordinates":[106.77936,-6.28723]},"properties":{"layer_id":"mobilitas","jenis":"halte","nama":"JPO Barat Pondok Indah 1","sumber":"OSM","atribut":{}}},{"type":"Feature","geometry":{"type":"Point","coordinates":[106.749146,-6.338901]},"properties":{"layer_id":"mobilitas","jenis":"halte","nama":"Pool BMP Ciputat","sumber":"OSM","atribut":{}}},{"type":"Feature","geometry":{"type":"Point","coordinates":[106.748746,-6.331948]},"properties":{"layer_id":"mobilitas","jenis":"halte","nama":"Pool PPD Transjakarta Ciputat","sumber":"OSM","atribut":{}}},{"type":"Feature","geometry":{"type":"Point","coordinates":[106.82158,-6.41755]},"properties":{"layer_id":"mobilitas","jenis":"halte","nama":"Superindo GDC","sumber":"OSM","atribut":{}}},{"type":"Feature","geometry":{"type":"Point","coordinates":[106.842902,-6.440801]},"properties":{"layer_id":"mobilitas","jenis":"halte","nama":"Klinik Melati","sumber":"OSM","atribut":{}}},{"type":"Feature","geometry":{"type":"Point","coordinates":[106.842686,-6.441169]},"properties":{"layer_id":"mobilitas","jenis":"halte","nama":"Klinik Melati","sumber":"OSM","atribut":{}}},{"type":"Feature","geometry":{"type":"Point","coordinates":[106.843218,-6.439704]},"properties":{"layer_id":"mobilitas","jenis":"halte","nama":"Indomaret Fresh","sumber":"OSM","atribut":{}}},{"type":"Feature","geometry":{"type":"Point","coordinates":[106.85236,-6.436062]},"properties":{"layer_id":"mobilitas","jenis":"halte","nama":"Gapura Kostrad","sumber":"OSM","atribut":{}}},{"type":"Feature","geometry":{"type":"Point","coordinates":[106.853052,-6.43577]},"properties":{"layer_id":"mobilitas","jenis":"halte","nama":"BRI Cilodong","sumber":"OSM","atribut":{}}},{"type":"Feature","geometry":{"type":"Point","coordinates":[106.838846,-6.43937]},"properties":{"layer_id":"mobilitas","jenis":"halte","nama":"Kanaka Estate","sumber":"OSM","atribut":{}}},{"type":"Feature","geometry":{"type":"Point","coordinates":[106.83785,-6.439437]},"properties":{"layer_id":"mobilitas","jenis":"halte","nama":"Setu Cilodong","sumber":"OSM","atribut":{}}},{"type":"Feature","geometry":{"type":"Point","coordinates":[106.834938,-6.440841]},"properties":{"layer_id":"mobilitas","jenis":"halte","nama":"Alzam-zam","sumber":"OSM","atribut":{}}},{"type":"Feature","geometry":{"type":"Point","coordinates":[106.835151,-6.442459]},"properties":{"layer_id":"mobilitas","jenis":"halte","nama":"Optik Lulu","sumber":"OSM","atribut":{}}},{"type":"Feature","geometry":{"type":"Point","coordinates":[106.830145,-6.444493]},"properties":{"layer_id":"mobilitas","jenis":"halte","nama":"Puskesmas Cilodong","sumber":"OSM","atribut":{}}},{"type":"Feature","geometry":{"type":"Point","coordinates":[106.825924,-6.440103]},"properties":{"layer_id":"mobilitas","jenis":"halte","nama":"Puri Insani 2","sumber":"OSM","atribut":{}}},{"type":"Feature","geometry":{"type":"Point","coordinates":[106.826027,-6.439789]},"properties":{"layer_id":"mobilitas","jenis":"halte","nama":"Alun-Alun Depok","sumber":"OSM","atribut":{}}},{"type":"Feature","geometry":{"type":"Point","coordinates":[106.825983,-6.436737]},"properties":{"layer_id":"mobilitas","jenis":"halte","nama":"Cluster Azalea","sumber":"OSM","atribut":{}}},{"type":"Feature","geometry":{"type":"Point","coordinates":[106.826402,-6.431949]},"properties":{"layer_id":"mobilitas","jenis":"halte","nama":"Masjid Jami Al Mu'iz","sumber":"OSM","atribut":{}}},{"type":"Feature","geometry":{"type":"Point","coordinates":[106.826213,-6.431758]},"properties":{"layer_id":"mobilitas","jenis":"halte","nama":"Sederhana Lintau 88 Bspace","sumber":"OSM","atribut":{}}},{"type":"Feature","geometry":{"type":"Point","coordinates":[106.829297,-6.423369]},"properties":{"layer_id":"mobilitas","jenis":"halte","nama":"Damkar","sumber":"OSM","atribut":{}}},{"type":"Feature","geometry":{"type":"Point","coordinates":[106.829593,-6.422507]},"properties":{"layer_id":"mobilitas","jenis":"halte","nama":"Gor GDC","sumber":"OSM","atribut":{}}},{"type":"Feature","geometry":{"type":"Point","coordinates":[106.82762,-6.419173]},"properties":{"layer_id":"mobilitas","jenis":"halte","nama":"JGU GDC","sumber":"OSM","atribut":{}}},{"type":"Feature","geometry":{"type":"Point","coordinates":[106.827594,-6.41942]},"properties":{"layer_id":"mobilitas","jenis":"halte","nama":"Anggrek","sumber":"OSM","atribut":{}}},{"type":"Feature","geometry":{"type":"Point","coordinates":[106.821619,-6.417502]},"properties":{"layer_id":"mobilitas","jenis":"halte","nama":"Superindo GDC","sumber":"OSM","atribut":{}}},{"type":"Feature","geometry":{"type":"Point","coordinates":[106.819225,-6.411647]},"properties":{"layer_id":"mobilitas","jenis":"halte","nama":"Depo Bangunan Depok","sumber":"OSM","atribut":{}}},{"type":"Feature","geometry":{"type":"Point","coordinates":[106.818661,-6.406689]},"properties":{"layer_id":"mobilitas","jenis":"halte","nama":"Yamaha Kartini","sumber":"OSM","atribut":{}}},{"type":"Feature","geometry":{"type":"Point","coordinates":[106.818865,-6.405647]},"properties":{"layer_id":"mobilitas","jenis":"halte","nama":"Stasiun Depok Lama","sumber":"OSM","atribut":{}}},{"type":"Feature","geometry":{"type":"Point","coordinates":[106.81912,-6.399998]},"properties":{"layer_id":"mobilitas","jenis":"halte","nama":"Scarlet Kartini","sumber":"OSM","atribut":{}}},{"type":"Feature","geometry":{"type":"Point","coordinates":[106.819089,-6.402878]},"properties":{"layer_id":"mobilitas","jenis":"halte","nama":"Puskesmas Panmas","sumber":"OSM","atribut":{}}},{"type":"Feature","geometry":{"type":"Point","coordinates":[106.820686,-6.398013]},"properties":{"layer_id":"mobilitas","jenis":"halte","nama":"Apotek II","sumber":"OSM","atribut":{}}},{"type":"Feature","geometry":{"type":"Point","coordinates":[106.820932,-6.396905]},"properties":{"layer_id":"mobilitas","jenis":"halte","nama":"Apotek I","sumber":"OSM","atribut":{}}},{"type":"Feature","geometry":{"type":"Point","coordinates":[106.822606,-6.394789]},"properties":{"layer_id":"mobilitas","jenis":"halte","nama":"Balaikota Depok 1","sumber":"OSM","atribut":{}}},{"type":"Feature","geometry":{"type":"Point","coordinates":[106.823658,-6.393521]},"properties":{"layer_id":"mobilitas","jenis":"halte","nama":"ITC Depok","sumber":"OSM","atribut":{}}},{"type":"Feature","geometry":{"type":"Point","coordinates":[106.824113,-6.393199]},"properties":{"layer_id":"mobilitas","jenis":"halte","nama":"Saladin","sumber":"OSM","atribut":{}}},{"type":"Feature","geometry":{"type":"Point","coordinates":[106.822749,-6.399664]},"properties":{"layer_id":"mobilitas","jenis":"halte","nama":"Jl. Kenanga","sumber":"OSM","atribut":{}}},{"type":"Feature","geometry":{"type":"Point","coordinates":[106.82303,-6.399616]},"properties":{"layer_id":"mobilitas","jenis":"halte","nama":"Mardi Yuana","sumber":"OSM","atribut":{}}},{"type":"Feature","geometry":{"type":"Point","coordinates":[106.825224,-6.399957]},"properties":{"layer_id":"mobilitas","jenis":"halte","nama":"RS Hermina","sumber":"OSM","atribut":{}}},{"type":"Feature","geometry":{"type":"Point","coordinates":[106.826471,-6.400445]},"properties":{"layer_id":"mobilitas","jenis":"halte","nama":"Pemuda","sumber":"OSM","atribut":{}}},{"type":"Feature","geometry":{"type":"Point","coordinates":[106.832018,-6.401487]},"properties":{"layer_id":"mobilitas","jenis":"halte","nama":"Panus II","sumber":"OSM","atribut":{}}},{"type":"Feature","geometry":{"type":"Point","coordinates":[106.831989,-6.401849]},"properties":{"layer_id":"mobilitas","jenis":"halte","nama":"Panus I","sumber":"OSM","atribut":{}}},{"type":"Feature","geometry":{"type":"Point","coordinates":[106.833492,-6.403902]},"properties":{"layer_id":"mobilitas","jenis":"halte","nama":"Pasar Segar I","sumber":"OSM","atribut":{}}},{"type":"Feature","geometry":{"type":"Point","coordinates":[106.833581,-6.403771]},"properties":{"layer_id":"mobilitas","jenis":"halte","nama":"Pasar Segar II","sumber":"OSM","atribut":{}}},{"type":"Feature","geometry":{"type":"Point","coordinates":[106.837529,-6.403832]},"properties":{"layer_id":"mobilitas","jenis":"halte","nama":"Griya Depok Asri I","sumber":"OSM","atribut":{}}},{"type":"Feature","geometry":{"type":"Point","coordinates":[106.837857,-6.403771]},"properties":{"layer_id":"mobilitas","jenis":"halte","nama":"Griya Depok Asri II","sumber":"OSM","atribut":{}}},{"type":"Feature","geometry":{"type":"Point","coordinates":[106.840125,-6.403964]},"properties":{"layer_id":"mobilitas","jenis":"halte","nama":"Raden Saleh II","sumber":"OSM","atribut":{}}},{"type":"Feature","geometry":{"type":"Point","coordinates":[106.840653,-6.404206]},"properties":{"layer_id":"mobilitas","jenis":"halte","nama":"Raden Saleh I","sumber":"OSM","atribut":{}}},{"type":"Feature","geometry":{"type":"Point","coordinates":[106.843629,-6.406406]},"properties":{"layer_id":"mobilitas","jenis":"halte","nama":"Sukmajaya I","sumber":"OSM","atribut":{}}},{"type":"Feature","geometry":{"type":"Point","coordinates":[106.843773,-6.40632]},"properties":{"layer_id":"mobilitas","jenis":"halte","nama":"Sukmajaya II","sumber":"OSM","atribut":{}}},{"type":"Feature","geometry":{"type":"Point","coordinates":[106.847144,-6.40501]},"properties":{"layer_id":"mobilitas","jenis":"halte","nama":"SDN Cipayung I","sumber":"OSM","atribut":{}}},{"type":"Feature","geometry":{"type":"Point","coordinates":[106.847162,-6.40491]},"properties":{"layer_id":"mobilitas","jenis":"halte","nama":"SDN Cipayung II","sumber":"OSM","atribut":{}}},{"type":"Feature","geometry":{"type":"Point","coordinates":[106.85047,-6.405302]},"properties":{"layer_id":"mobilitas","jenis":"halte","nama":"Polsek Sukmajaya I","sumber":"OSM","atribut":{}}},{"type":"Feature","geometry":{"type":"Point","coordinates":[106.850357,-6.405173]},"properties":{"layer_id":"mobilitas","jenis":"halte","nama":"Polsek Sukmajaya II","sumber":"OSM","atribut":{}}},{"type":"Feature","geometry":{"type":"Point","coordinates":[106.851919,-6.406295]},"properties":{"layer_id":"mobilitas","jenis":"halte","nama":"Simpang BBM II","sumber":"OSM","atribut":{}}},{"type":"Feature","geometry":{"type":"Point","coordinates":[106.852259,-6.406866]},"properties":{"layer_id":"mobilitas","jenis":"halte","nama":"Simpang BBM I","sumber":"OSM","atribut":{}}},{"type":"Feature","geometry":{"type":"Point","coordinates":[106.854464,-6.408475]},"properties":{"layer_id":"mobilitas","jenis":"halte","nama":"Taman Manggis Indah II","sumber":"OSM","atribut":{}}},{"type":"Feature","geometry":{"type":"Point","coordinates":[106.854753,-6.408495]},"properties":{"layer_id":"mobilitas","jenis":"halte","nama":"Taman Manggis Indah I","sumber":"OSM","atribut":{}}},{"type":"Feature","geometry":{"type":"Point","coordinates":[106.857897,-6.40795]},"properties":{"layer_id":"mobilitas","jenis":"halte","nama":"Graha Prima","sumber":"OSM","atribut":{}}},{"type":"Feature","geometry":{"type":"Point","coordinates":[106.857729,-6.407952]},"properties":{"layer_id":"mobilitas","jenis":"halte","nama":"Pondok Tirta Mandala","sumber":"OSM","atribut":{}}},{"type":"Feature","geometry":{"type":"Point","coordinates":[106.860844,-6.410192]},"properties":{"layer_id":"mobilitas","jenis":"halte","nama":"Simpangan I","sumber":"OSM","atribut":{}}},{"type":"Feature","geometry":{"type":"Point","coordinates":[106.860832,-6.410079]},"properties":{"layer_id":"mobilitas","jenis":"halte","nama":"Simpangan II","sumber":"OSM","atribut":{}}},{"type":"Feature","geometry":{"type":"Point","coordinates":[106.862071,-6.408396]},"properties":{"layer_id":"mobilitas","jenis":"halte","nama":"RS Simpangan I","sumber":"OSM","atribut":{}}},{"type":"Feature","geometry":{"type":"Point","coordinates":[106.861927,-6.408389]},"properties":{"layer_id":"mobilitas","jenis":"halte","nama":"RS Simpangan II","sumber":"OSM","atribut":{}}},{"type":"Feature","geometry":{"type":"Point","coordinates":[106.861689,-6.403541]},"properties":{"layer_id":"mobilitas","jenis":"halte","nama":"Panasonic I","sumber":"OSM","atribut":{}}},{"type":"Feature","geometry":{"type":"Point","coordinates":[106.861575,-6.403461]},"properties":{"layer_id":"mobilitas","jenis":"halte","nama":"Panasonic II","sumber":"OSM","atribut":{}}},{"type":"Feature","geometry":{"type":"Point","coordinates":[106.862256,-6.400699]},"properties":{"layer_id":"mobilitas","jenis":"halte","nama":"DEPPEN RRI I","sumber":"OSM","atribut":{}}},{"type":"Feature","geometry":{"type":"Point","coordinates":[106.862145,-6.40064]},"properties":{"layer_id":"mobilitas","jenis":"halte","nama":"DEPPEN RRI II","sumber":"OSM","atribut":{}}},{"type":"Feature","geometry":{"type":"Point","coordinates":[106.864424,-6.398207]},"properties":{"layer_id":"mobilitas","jenis":"halte","nama":"Gang Nangka II","sumber":"OSM","atribut":{}}},{"type":"Feature","geometry":{"type":"Point","coordinates":[106.864632,-6.398258]},"properties":{"layer_id":"mobilitas","jenis":"halte","nama":"Gang Nangka I","sumber":"OSM","atribut":{}}},{"type":"Feature","geometry":{"type":"Point","coordinates":[106.866068,-6.390673]},"properties":{"layer_id":"mobilitas","jenis":"halte","nama":"RS Sentra Medika II","sumber":"OSM","atribut":{}}},{"type":"Feature","geometry":{"type":"Point","coordinates":[106.866223,-6.390724]},"properties":{"layer_id":"mobilitas","jenis":"halte","nama":"RS Sentra Medika I","sumber":"OSM","atribut":{}}},{"type":"Feature","geometry":{"type":"Point","coordinates":[106.867479,-6.386113]},"properties":{"layer_id":"mobilitas","jenis":"halte","nama":"Pekapuran II","sumber":"OSM","atribut":{}}},{"type":"Feature","geometry":{"type":"Point","coordinates":[106.867533,-6.385775]},"properties":{"layer_id":"mobilitas","jenis":"halte","nama":"Pekapuran I","sumber":"OSM","atribut":{}}},{"type":"Feature","geometry":{"type":"Point","coordinates":[106.867094,-6.383217]},"properties":{"layer_id":"mobilitas","jenis":"halte","nama":"Cisalak I","sumber":"OSM","atribut":{}}},{"type":"Feature","geometry":{"type":"Point","coordinates":[106.86692,-6.383229]},"properties":{"layer_id":"mobilitas","jenis":"halte","nama":"Cisalak II","sumber":"OSM","atribut":{}}},{"type":"Feature","geometry":{"type":"Point","coordinates":[106.734146,-6.343942]},"properties":{"layer_id":"mobilitas","jenis":"halte","nama":null,"sumber":"OSM","atribut":{}}},{"type":"Feature","geometry":{"type":"Point","coordinates":[106.777486,-6.301983]},"properties":{"layer_id":"mobilitas","jenis":"halte","nama":"Jln. Pertanian II","sumber":"OSM","atribut":{}}},{"type":"Feature","geometry":{"type":"Point","coordinates":[106.904025,-6.341574]},"properties":{"layer_id":"mobilitas","jenis":"halte","nama":"Nuansa Cilangkap","sumber":"OSM","atribut":{}}},{"type":"Feature","geometry":{"type":"Point","coordinates":[106.769076,-6.558881]},"properties":{"layer_id":"mobilitas","jenis":"halte","nama":"Kampung Curug","sumber":"OSM","atribut":{}}},{"type":"Feature","geometry":{"type":"Point","coordinates":[106.771801,-6.557307]},"properties":{"layer_id":"mobilitas","jenis":"halte","nama":"Radar Bogor","sumber":"OSM","atribut":{}}},{"type":"Feature","geometry":{"type":"Point","coordinates":[106.776105,-6.556579]},"properties":{"layer_id":"mobilitas","jenis":"halte","nama":"Transmart","sumber":"OSM","atribut":{}}},{"type":"Feature","geometry":{"type":"Point","coordinates":[106.785186,-6.558795]},"properties":{"layer_id":"mobilitas","jenis":"halte","nama":"Bogor Square","sumber":"OSM","atribut":{}}},{"type":"Feature","geometry":{"type":"Point","coordinates":[106.727367,-6.551253]},"properties":{"layer_id":"mobilitas","jenis":"halte","nama":"Gerbang Belakang IPB","sumber":"OSM","atribut":{}}},{"type":"Feature","geometry":{"type":"Point","coordinates":[106.7326,-6.422116]},"properties":{"layer_id":"mobilitas","jenis":"halte","nama":"Pohon Jubleg Parung","sumber":"OSM","atribut":{}}},{"type":"Feature","geometry":{"type":"Point","coordinates":[106.730523,-6.423318]},"properties":{"layer_id":"mobilitas","jenis":"halte","nama":"Pasar Parung","sumber":"OSM","atribut":{}}},{"type":"Feature","geometry":{"type":"Point","coordinates":[106.732539,-6.42276]},"properties":{"layer_id":"mobilitas","jenis":"halte","nama":"Seberang Pasar Parung","sumber":"OSM","atribut":{}}},{"type":"Feature","geometry":{"type":"Point","coordinates":[106.728706,-6.475723]},"properties":{"layer_id":"mobilitas","jenis":"halte","nama":"Dinas PUPR Jampang","sumber":"OSM","atribut":{}}},{"type":"Feature","geometry":{"type":"Point","coordinates":[106.705763,-6.537365]},"properties":{"layer_id":"mobilitas","jenis":"halte","nama":"Pertigaan Rancabungur","sumber":"OSM","atribut":{}}},{"type":"Feature","geometry":{"type":"Point","coordinates":[106.757225,-6.51236]},"properties":{"layer_id":"mobilitas","jenis":"halte","nama":"Kemang","sumber":"OSM","atribut":{}}},{"type":"Feature","geometry":{"type":"Point","coordinates":[106.793145,-6.490587]},"properties":{"layer_id":"mobilitas","jenis":"halte","nama":"Terminal Bojonggede","sumber":"OSM","atribut":{}}},{"type":"Feature","geometry":{"type":"Point","coordinates":[106.77551,-6.47261]},"properties":{"layer_id":"mobilitas","jenis":"halte","nama":"Pertigaan Nanggerang","sumber":"OSM","atribut":{}}},{"type":"Feature","geometry":{"type":"Point","coordinates":[106.756836,-6.497963]},"properties":{"layer_id":"mobilitas","jenis":"halte","nama":"Gereja Bethel Kemang","sumber":"OSM","atribut":{}}},{"type":"Feature","geometry":{"type":"Point","coordinates":[106.752156,-6.457236]},"properties":{"layer_id":"mobilitas","jenis":"halte","nama":"Masjid Jami' Baiturrahim Inkopad","sumber":"OSM","atribut":{}}},{"type":"Feature","geometry":{"type":"Point","coordinates":[106.800981,-6.356258]},"properties":{"layer_id":"mobilitas","jenis":"halte","nama":"Jalan Palem","sumber":"OSM","atribut":{}}},{"type":"Feature","geometry":{"type":"Point","coordinates":[106.887384,-6.246368]},"properties":{"layer_id":"mobilitas","jenis":"tol","nama":"Halim","sumber":"OSM","atribut":{}}},{"type":"Feature","geometry":{"type":"Point","coordinates":[106.734633,-6.283312]},"properties":{"layer_id":"mobilitas","jenis":"tol","nama":"Pondok Ranji","sumber":"OSM","atribut":{}}},{"type":"Feature","geometry":{"type":"Point","coordinates":[106.778821,-6.127342]},"properties":{"layer_id":"mobilitas","jenis":"tol","nama":"Gerbang tol","sumber":"OSM","atribut":{}}},{"type":"Feature","geometry":{"type":"Point","coordinates":[106.958435,-6.259882]},"properties":{"layer_id":"mobilitas","jenis":"tol","nama":"Cikunir 4","sumber":"OSM","atribut":{}}},{"type":"Feature","geometry":{"type":"Point","coordinates":[106.889197,-6.461432]},"properties":{"layer_id":"mobilitas","jenis":"tol","nama":"Toll Gate Gunung Putri","sumber":"OSM","atribut":{}}},{"type":"Feature","geometry":{"type":"Point","coordinates":[106.878255,-6.287103]},"properties":{"layer_id":"mobilitas","jenis":"tol","nama":"Toll Gate Ramp Taman Mini 1","sumber":"OSM","atribut":{}}},{"type":"Feature","geometry":{"type":"Point","coordinates":[106.877593,-6.287372]},"properties":{"layer_id":"mobilitas","jenis":"tol","nama":"Toll Gate Ramp Taman Mini 2","sumber":"OSM","atribut":{}}},{"type":"Feature","geometry":{"type":"Point","coordinates":[106.884767,-6.310196]},"properties":{"layer_id":"mobilitas","jenis":"tol","nama":"Pasar Rebo","sumber":"OSM","atribut":{}}},{"type":"Feature","geometry":{"type":"Point","coordinates":[106.900922,-6.310206]},"properties":{"layer_id":"mobilitas","jenis":"tol","nama":"Gerbang Tol Bambu Apus 1","sumber":"OSM","atribut":{}}},{"type":"Feature","geometry":{"type":"Point","coordinates":[106.840499,-6.24248]},"properties":{"layer_id":"mobilitas","jenis":"tol","nama":"Gerbang Tol Tebet 1","sumber":"OSM","atribut":{}}},{"type":"Feature","geometry":{"type":"Point","coordinates":[106.809247,-6.21505]},"properties":{"layer_id":"mobilitas","jenis":"tol","nama":"Toll Gate Senayan","sumber":"OSM","atribut":{}}},{"type":"Feature","geometry":{"type":"Point","coordinates":[106.815531,-6.223695]},"properties":{"layer_id":"mobilitas","jenis":"tol","nama":"Semanggi 1","sumber":"OSM","atribut":{}}},{"type":"Feature","geometry":{"type":"Point","coordinates":[106.822841,-6.234081]},"properties":{"layer_id":"mobilitas","jenis":"tol","nama":"Kuningan 1","sumber":"OSM","atribut":{}}},{"type":"Feature","geometry":{"type":"Point","coordinates":[106.802772,-6.206666]},"properties":{"layer_id":"mobilitas","jenis":"tol","nama":"Gerbang Tol Pejompongan","sumber":"OSM","atribut":{}}},{"type":"Feature","geometry":{"type":"Point","coordinates":[106.798594,-6.199816]},"properties":{"layer_id":"mobilitas","jenis":"tol","nama":"Slipi 1","sumber":"OSM","atribut":{}}},{"type":"Feature","geometry":{"type":"Point","coordinates":[106.79753,-6.19515]},"properties":{"layer_id":"mobilitas","jenis":"tol","nama":"Gerbang Tol Slipi 2","sumber":"OSM","atribut":{}}},{"type":"Feature","geometry":{"type":"Point","coordinates":[106.78186,-6.290622]},"properties":{"layer_id":"mobilitas","jenis":"tol","nama":"Toll Gate Pondok Pinang","sumber":"OSM","atribut":{}}},{"type":"Feature","geometry":{"type":"Point","coordinates":[106.768821,-6.121801]},"properties":{"layer_id":"mobilitas","jenis":"tol","nama":"Kapuk","sumber":"OSM","atribut":{}}},{"type":"Feature","geometry":{"type":"Point","coordinates":[106.62169,-6.223072]},"properties":{"layer_id":"mobilitas","jenis":"tol","nama":"Gerbang tol","sumber":"OSM","atribut":{}}},{"type":"Feature","geometry":{"type":"Point","coordinates":[106.637869,-6.221637]},"properties":{"layer_id":"mobilitas","jenis":"tol","nama":"Toll Gate Tangerang 2","sumber":"OSM","atribut":{}}},{"type":"Feature","geometry":{"type":"Point","coordinates":[106.730256,-6.189914]},"properties":{"layer_id":"mobilitas","jenis":"tol","nama":"Kembangan Selatan","sumber":"OSM","atribut":{}}},{"type":"Feature","geometry":{"type":"Point","coordinates":[106.744246,-6.191203]},"properties":{"layer_id":"mobilitas","jenis":"tol","nama":"Toll Gate Meruya 2","sumber":"OSM","atribut":{}}},{"type":"Feature","geometry":{"type":"Point","coordinates":[106.74421,-6.191648]},"properties":{"layer_id":"mobilitas","jenis":"tol","nama":"Meruya 1","sumber":"OSM","atribut":{}}},{"type":"Feature","geometry":{"type":"Point","coordinates":[106.851108,-6.125705]},"properties":{"layer_id":"mobilitas","jenis":"tol","nama":"Gerbang Tol Ancol Timur","sumber":"OSM","atribut":{}}},{"type":"Feature","geometry":{"type":"Point","coordinates":[106.824971,-6.131429]},"properties":{"layer_id":"mobilitas","jenis":"tol","nama":"Toll Gate Ancol Barat","sumber":"OSM","atribut":{}}},{"type":"Feature","geometry":{"type":"Point","coordinates":[106.950097,-6.221447]},"properties":{"layer_id":"mobilitas","jenis":"tol","nama":"Gerbang tol","sumber":"OSM","atribut":{}}},{"type":"Feature","geometry":{"type":"Point","coordinates":[106.943278,-6.256793]},"properties":{"layer_id":"mobilitas","jenis":"tol","nama":"Gerbang Tol Pondok Gede Timur 1","sumber":"OSM","atribut":{}}},{"type":"Feature","geometry":{"type":"Point","coordinates":[106.944566,-6.257688]},"properties":{"layer_id":"mobilitas","jenis":"tol","nama":"Gerbang Tol Pondok Gede Timur 2","sumber":"OSM","atribut":{}}},{"type":"Feature","geometry":{"type":"Point","coordinates":[106.938415,-6.187119]},"properties":{"layer_id":"mobilitas","jenis":"tol","nama":"Cakung 1","sumber":"OSM","atribut":{}}},{"type":"Feature","geometry":{"type":"Point","coordinates":[106.87493,-6.224368]},"properties":{"layer_id":"mobilitas","jenis":"tol","nama":"Pedati","sumber":"OSM","atribut":{}}},{"type":"Feature","geometry":{"type":"Point","coordinates":[106.892896,-6.132802]},"properties":{"layer_id":"mobilitas","jenis":"tol","nama":"Gerbang Tol Tanjung Priok 1","sumber":"OSM","atribut":{}}},{"type":"Feature","geometry":{"type":"Point","coordinates":[106.891239,-6.131827]},"properties":{"layer_id":"mobilitas","jenis":"tol","nama":"Toll Gate Tanjung Priok 2","sumber":"OSM","atribut":{}}},{"type":"Feature","geometry":{"type":"Point","coordinates":[106.817689,-6.597505]},"properties":{"layer_id":"mobilitas","jenis":"tol","nama":"Gerbang Tol Bogor","sumber":"OSM","atribut":{}}},{"type":"Feature","geometry":{"type":"Point","coordinates":[106.844914,-6.563906]},"properties":{"layer_id":"mobilitas","jenis":"tol","nama":"Gerbang Tol Sentul Selatan 1","sumber":"OSM","atribut":{}}},{"type":"Feature","geometry":{"type":"Point","coordinates":[106.895049,-6.365784]},"properties":{"layer_id":"mobilitas","jenis":"tol","nama":"Toll Gate Cibubur 1","sumber":"OSM","atribut":{}}},{"type":"Feature","geometry":{"type":"Point","coordinates":[106.794244,-6.132256]},"properties":{"layer_id":"mobilitas","jenis":"tol","nama":"Toll Gate Jembatan Tiga 2","sumber":"OSM","atribut":{}}},{"type":"Feature","geometry":{"type":"Point","coordinates":[106.791349,-6.13258]},"properties":{"layer_id":"mobilitas","jenis":"tol","nama":"Toll Gate Jembatan Tiga 1","sumber":"OSM","atribut":{}}},{"type":"Feature","geometry":{"type":"Point","coordinates":[106.804372,-6.131874]},"properties":{"layer_id":"mobilitas","jenis":"tol","nama":"Toll Gate Gedong Panjang 1","sumber":"OSM","atribut":{}}},{"type":"Feature","geometry":{"type":"Point","coordinates":[106.789824,-6.144491]},"properties":{"layer_id":"mobilitas","jenis":"tol","nama":"Toll Gate Angke 2","sumber":"OSM","atribut":{}}},{"type":"Feature","geometry":{"type":"Point","coordinates":[106.767997,-6.190284]},"properties":{"layer_id":"mobilitas","jenis":"tol","nama":"Toll Gate Kebon Jeruk 1","sumber":"OSM","atribut":{}}},{"type":"Feature","geometry":{"type":"Point","coordinates":[106.767996,-6.189709]},"properties":{"layer_id":"mobilitas","jenis":"tol","nama":"gerbang Tol Kebon Jeruk 2","sumber":"OSM","atribut":{}}},{"type":"Feature","geometry":{"type":"Point","coordinates":[106.807135,-6.130952]},"properties":{"layer_id":"mobilitas","jenis":"tol","nama":"Toll Gate Gedong Panjang 2","sumber":"OSM","atribut":{}}},{"type":"Feature","geometry":{"type":"Point","coordinates":[106.921685,-6.311371]},"properties":{"layer_id":"mobilitas","jenis":"tol","nama":"Gerbang Tol Jatiwarna 2","sumber":"OSM","atribut":{}}},{"type":"Feature","geometry":{"type":"Point","coordinates":[106.927051,-6.310002]},"properties":{"layer_id":"mobilitas","jenis":"tol","nama":"Jati Warna 1","sumber":"OSM","atribut":{}}},{"type":"Feature","geometry":{"type":"Point","coordinates":[106.774589,-6.284053]},"properties":{"layer_id":"mobilitas","jenis":"tol","nama":"Gerbang tol","sumber":"OSM","atribut":{}}},{"type":"Feature","geometry":{"type":"Point","coordinates":[106.846206,-6.130874]},"properties":{"layer_id":"mobilitas","jenis":"tol","nama":"Kemayoran","sumber":"OSM","atribut":{}}},{"type":"Feature","geometry":{"type":"Point","coordinates":[106.846438,-6.132062]},"properties":{"layer_id":"mobilitas","jenis":"tol","nama":"Gerbang tol","sumber":"OSM","atribut":{}}},{"type":"Feature","geometry":{"type":"Point","coordinates":[106.726186,-6.289306]},"properties":{"layer_id":"mobilitas","jenis":"tol","nama":"Toll Gate Pondok Aren 1","sumber":"OSM","atribut":{}}},{"type":"Feature","geometry":{"type":"Point","coordinates":[106.726583,-6.289791]},"properties":{"layer_id":"mobilitas","jenis":"tol","nama":"Toll Gate Pondok Aren 2","sumber":"OSM","atribut":{}}},{"type":"Feature","geometry":{"type":"Point","coordinates":[106.734836,-6.283811]},"properties":{"layer_id":"mobilitas","jenis":"tol","nama":"Pondok Ranji","sumber":"OSM","atribut":{}}},{"type":"Feature","geometry":{"type":"Point","coordinates":[106.98714,-6.25069]},"properties":{"layer_id":"mobilitas","jenis":"tol","nama":"Gerbang tol","sumber":"OSM","atribut":{}}},{"type":"Feature","geometry":{"type":"Point","coordinates":[107.075193,-6.283081]},"properties":{"layer_id":"mobilitas","jenis":"tol","nama":"Cibitung 3","sumber":"OSM","atribut":{}}},{"type":"Feature","geometry":{"type":"Point","coordinates":[107.137154,-6.312739]},"properties":{"layer_id":"mobilitas","jenis":"tol","nama":"Gerbang Tol Cikarang Barat 1","sumber":"OSM","atribut":{}}},{"type":"Feature","geometry":{"type":"Point","coordinates":[107.140025,-6.311483]},"properties":{"layer_id":"mobilitas","jenis":"tol","nama":"Gerbang Tol Cikarang Barat 4","sumber":"OSM","atribut":{}}},{"type":"Feature","geometry":{"type":"Point","coordinates":[106.874437,-6.482435]},"properties":{"layer_id":"mobilitas","jenis":"tol","nama":"Gerbang Tol Citeureup I","sumber":"OSM","atribut":{}}},{"type":"Feature","geometry":{"type":"Point","coordinates":[106.955716,-6.246412]},"properties":{"layer_id":"mobilitas","jenis":"tol","nama":"Kalimalang 2","sumber":"OSM","atribut":{}}},{"type":"Feature","geometry":{"type":"Point","coordinates":[106.521543,-6.204466]},"properties":{"layer_id":"mobilitas","jenis":"tol","nama":"Toll Gate Ramp Cikupa","sumber":"OSM","atribut":{}}},{"type":"Feature","geometry":{"type":"Point","coordinates":[106.523699,-6.205533]},"properties":{"layer_id":"mobilitas","jenis":"tol","nama":"Gerbang tol","sumber":"OSM","atribut":{}}},{"type":"Feature","geometry":{"type":"Point","coordinates":[106.523695,-6.205381]},"properties":{"layer_id":"mobilitas","jenis":"tol","nama":"Gerbang tol","sumber":"OSM","atribut":{}}},{"type":"Feature","geometry":{"type":"Point","coordinates":[106.889557,-6.148767]},"properties":{"layer_id":"mobilitas","jenis":"tol","nama":"Toll Gate Podomoro","sumber":"OSM","atribut":{}}},{"type":"Feature","geometry":{"type":"Point","coordinates":[106.987936,-6.252473]},"properties":{"layer_id":"mobilitas","jenis":"tol","nama":"Bekasi Barat 2","sumber":"OSM","atribut":{}}},{"type":"Feature","geometry":{"type":"Point","coordinates":[107.136041,-6.311905]},"properties":{"layer_id":"mobilitas","jenis":"tol","nama":"Gerbang Tol Cikarang Barat 3","sumber":"OSM","atribut":{}}},{"type":"Feature","geometry":{"type":"Point","coordinates":[107.162167,-6.332211]},"properties":{"layer_id":"mobilitas","jenis":"tol","nama":"Gerbang Tol Cibatu","sumber":"OSM","atribut":{}}},{"type":"Feature","geometry":{"type":"Point","coordinates":[106.908136,-6.256337]},"properties":{"layer_id":"mobilitas","jenis":"tol","nama":"Toll Gate Pondok Gede Barat 2","sumber":"OSM","atribut":{}}},{"type":"Feature","geometry":{"type":"Point","coordinates":[106.839146,-6.631068]},"properties":{"layer_id":"mobilitas","jenis":"tol","nama":"Gerbang Tol Ciawi","sumber":"OSM","atribut":{}}},{"type":"Feature","geometry":{"type":"Point","coordinates":[106.835691,-6.564501]},"properties":{"layer_id":"mobilitas","jenis":"tol","nama":"Gerbang Tol Sentul Barat","sumber":"OSM","atribut":{}}},{"type":"Feature","geometry":{"type":"Point","coordinates":[106.835674,-6.564274]},"properties":{"layer_id":"mobilitas","jenis":"tol","nama":"Gerbang Tol Sentul Barat","sumber":"OSM","atribut":{}}},{"type":"Feature","geometry":{"type":"Point","coordinates":[106.854405,-6.527581]},"properties":{"layer_id":"mobilitas","jenis":"tol","nama":"Toll Gate Sentul 1","sumber":"OSM","atribut":{}}},{"type":"Feature","geometry":{"type":"Point","coordinates":[106.852624,-6.531457]},"properties":{"layer_id":"mobilitas","jenis":"tol","nama":"Toll Gate Sentul 2","sumber":"OSM","atribut":{}}},{"type":"Feature","geometry":{"type":"Point","coordinates":[106.734015,-6.116108]},"properties":{"layer_id":"mobilitas","jenis":"tol","nama":"Kamal 3","sumber":"OSM","atribut":{}}},{"type":"Feature","geometry":{"type":"Point","coordinates":[106.735201,-6.118789]},"properties":{"layer_id":"mobilitas","jenis":"tol","nama":"Kamal 1","sumber":"OSM","atribut":{}}},{"type":"Feature","geometry":{"type":"Point","coordinates":[106.73426,-6.1156]},"properties":{"layer_id":"mobilitas","jenis":"tol","nama":"Kamal 2","sumber":"OSM","atribut":{}}},{"type":"Feature","geometry":{"type":"Point","coordinates":[106.79293,-6.156493]},"properties":{"layer_id":"mobilitas","jenis":"tol","nama":"Gerbang Tol Jelambar 2","sumber":"OSM","atribut":{}}},{"type":"Feature","geometry":{"type":"Point","coordinates":[106.791897,-6.157638]},"properties":{"layer_id":"mobilitas","jenis":"tol","nama":"Toll Gate Jelambar 1","sumber":"OSM","atribut":{}}},{"type":"Feature","geometry":{"type":"Point","coordinates":[106.787323,-6.140597]},"properties":{"layer_id":"mobilitas","jenis":"tol","nama":"Toll Gate Angke 1","sumber":"OSM","atribut":{}}},{"type":"Feature","geometry":{"type":"Point","coordinates":[107.136804,-6.31183]},"properties":{"layer_id":"mobilitas","jenis":"tol","nama":"Gerbang Tol Cikarang Barat 2","sumber":"OSM","atribut":{}}},{"type":"Feature","geometry":{"type":"Point","coordinates":[107.185668,-6.341788]},"properties":{"layer_id":"mobilitas","jenis":"tol","nama":"Gerbang Tol Cikarang Timur","sumber":"OSM","atribut":{}}},{"type":"Feature","geometry":{"type":"Point","coordinates":[106.798367,-6.292123]},"properties":{"layer_id":"mobilitas","jenis":"tol","nama":"Gerbang tol","sumber":"OSM","atribut":{}}},{"type":"Feature","geometry":{"type":"Point","coordinates":[107.015864,-6.263516]},"properties":{"layer_id":"mobilitas","jenis":"tol","nama":"Gerbang Tol Bekasi Timur 2","sumber":"OSM","atribut":{}}},{"type":"Feature","geometry":{"type":"Point","coordinates":[106.910376,-6.312219]},"properties":{"layer_id":"mobilitas","jenis":"tol","nama":"Setu","sumber":"OSM","atribut":{}}},{"type":"Feature","geometry":{"type":"Point","coordinates":[106.893678,-6.421048]},"properties":{"layer_id":"mobilitas","jenis":"tol","nama":"Toll Gate Cimanggis","sumber":"OSM","atribut":{}}},{"type":"Feature","geometry":{"type":"Point","coordinates":[106.614103,-6.226812]},"properties":{"layer_id":"mobilitas","jenis":"tol","nama":"Gerbang tol","sumber":"OSM","atribut":{}}},{"type":"Feature","geometry":{"type":"Point","coordinates":[106.868894,-6.308047]},"properties":{"layer_id":"mobilitas","jenis":"tol","nama":"Gedong 1","sumber":"OSM","atribut":{}}},{"type":"Feature","geometry":{"type":"Point","coordinates":[106.87776,-6.307189]},"properties":{"layer_id":"mobilitas","jenis":"tol","nama":"Kampung Rambutan","sumber":"OSM","atribut":{}}},{"type":"Feature","geometry":{"type":"Point","coordinates":[106.668616,-6.217094]},"properties":{"layer_id":"mobilitas","jenis":"tol","nama":"Gerbang tol","sumber":"OSM","atribut":{}}},{"type":"Feature","geometry":{"type":"Point","coordinates":[106.666016,-6.218421]},"properties":{"layer_id":"mobilitas","jenis":"tol","nama":"Kunciran 8","sumber":"OSM","atribut":{}}},{"type":"Feature","geometry":{"type":"Point","coordinates":[106.666972,-6.220309]},"properties":{"layer_id":"mobilitas","jenis":"tol","nama":"Kunciran 1","sumber":"OSM","atribut":{}}},{"type":"Feature","geometry":{"type":"Point","coordinates":[106.895711,-6.382812]},"properties":{"layer_id":"mobilitas","jenis":"tol","nama":"Toll Gate Cimanggis 2","sumber":"OSM","atribut":{}}},{"type":"Feature","geometry":{"type":"Point","coordinates":[106.733239,-6.192849]},"properties":{"layer_id":"mobilitas","jenis":"tol","nama":"Meruya Utara 3","sumber":"OSM","atribut":{}}},{"type":"Feature","geometry":{"type":"Point","coordinates":[106.953348,-6.241719]},"properties":{"layer_id":"mobilitas","jenis":"tol","nama":"Kalimalang 1","sumber":"OSM","atribut":{}}},{"type":"Feature","geometry":{"type":"Point","coordinates":[106.859717,-6.243306]},"properties":{"layer_id":"mobilitas","jenis":"tol","nama":"Toll Gate Cawang","sumber":"OSM","atribut":{}}},{"type":"Feature","geometry":{"type":"Point","coordinates":[106.733473,-6.192032]},"properties":{"layer_id":"mobilitas","jenis":"tol","nama":"Meruya Utara 2","sumber":"OSM","atribut":{}}},{"type":"Feature","geometry":{"type":"Point","coordinates":[106.735994,-6.191329]},"properties":{"layer_id":"mobilitas","jenis":"tol","nama":"Meruya Utara 1","sumber":"OSM","atribut":{}}},{"type":"Feature","geometry":{"type":"Point","coordinates":[106.747147,-6.221176]},"properties":{"layer_id":"mobilitas","jenis":"tol","nama":"Joglo 1","sumber":"OSM","atribut":{}}},{"type":"Feature","geometry":{"type":"Point","coordinates":[106.737283,-6.204109]},"properties":{"layer_id":"mobilitas","jenis":"tol","nama":"Meruya Selatan 2","sumber":"OSM","atribut":{}}},{"type":"Feature","geometry":{"type":"Point","coordinates":[106.727333,-6.152005]},"properties":{"layer_id":"mobilitas","jenis":"tol","nama":"Toll Gate Rawa Buaya Utara","sumber":"OSM","atribut":{}}},{"type":"Feature","geometry":{"type":"Point","coordinates":[106.984448,-6.249937]},"properties":{"layer_id":"mobilitas","jenis":"tol","nama":"Gerbang tol Bekasi Barat 3","sumber":"OSM","atribut":{}}},{"type":"Feature","geometry":{"type":"Point","coordinates":[107.016879,-6.261527]},"properties":{"layer_id":"mobilitas","jenis":"tol","nama":"Gerbang Tol Bekasi Timur 1","sumber":"OSM","atribut":{}}},{"type":"Feature","geometry":{"type":"Point","coordinates":[106.768052,-6.264635]},"properties":{"layer_id":"mobilitas","jenis":"tol","nama":"Gerbang tol","sumber":"OSM","atribut":{}}},{"type":"Feature","geometry":{"type":"Point","coordinates":[106.765872,-6.259594]},"properties":{"layer_id":"mobilitas","jenis":"tol","nama":"Gerbang tol","sumber":"OSM","atribut":{}}},{"type":"Feature","geometry":{"type":"Point","coordinates":[106.793521,-6.181638]},"properties":{"layer_id":"mobilitas","jenis":"tol","nama":"Gerbang Tol Tomang","sumber":"OSM","atribut":{}}},{"type":"Feature","geometry":{"type":"Point","coordinates":[107.051659,-6.278567]},"properties":{"layer_id":"mobilitas","jenis":"tol","nama":"Gerbang Tol Tambun","sumber":"OSM","atribut":{}}},{"type":"Feature","geometry":{"type":"Point","coordinates":[107.051585,-6.27839]},"properties":{"layer_id":"mobilitas","jenis":"tol","nama":"Gerbang Tol Tambun","sumber":"OSM","atribut":{}}},{"type":"Feature","geometry":{"type":"Point","coordinates":[106.844685,-6.303627]},"properties":{"layer_id":"mobilitas","jenis":"tol","nama":"Gerbang Tol Lenteng Agung 1","sumber":"OSM","atribut":{}}},{"type":"Feature","geometry":{"type":"Point","coordinates":[106.848416,-6.304038]},"properties":{"layer_id":"mobilitas","jenis":"tol","nama":"Gerbang Tol Lenteng Agung 3","sumber":"OSM","atribut":{}}},{"type":"Feature","geometry":{"type":"Point","coordinates":[106.734313,-6.117661]},"properties":{"layer_id":"mobilitas","jenis":"tol","nama":"Kamal 4","sumber":"OSM","atribut":{}}},{"type":"Feature","geometry":{"type":"Point","coordinates":[106.861867,-6.30568]},"properties":{"layer_id":"mobilitas","jenis":"tol","nama":"Gedong 2","sumber":"OSM","atribut":{}}},{"type":"Feature","geometry":{"type":"Point","coordinates":[106.727581,-6.157434]},"properties":{"layer_id":"mobilitas","jenis":"tol","nama":"Toll Gate Rawa Buaya Selatan","sumber":"OSM","atribut":{}}},{"type":"Feature","geometry":{"type":"Point","coordinates":[106.873424,-6.201473]},"properties":{"layer_id":"mobilitas","jenis":"tol","nama":"Rawamangun","sumber":"OSM","atribut":{}}},{"type":"Feature","geometry":{"type":"Point","coordinates":[106.873761,-6.210246]},"properties":{"layer_id":"mobilitas","jenis":"tol","nama":"Jatinegara","sumber":"OSM","atribut":{}}},{"type":"Feature","geometry":{"type":"Point","coordinates":[106.893254,-6.119525]},"properties":{"layer_id":"mobilitas","jenis":"tol","nama":"Gerbang tol","sumber":"OSM","atribut":{}}},{"type":"Feature","geometry":{"type":"Point","coordinates":[106.937901,-6.13935]},"properties":{"layer_id":"mobilitas","jenis":"tol","nama":"Gerbang tol","sumber":"OSM","atribut":{}}},{"type":"Feature","geometry":{"type":"Point","coordinates":[106.943245,-6.178071]},"properties":{"layer_id":"mobilitas","jenis":"tol","nama":"Gerbang Tol Cakung 2","sumber":"OSM","atribut":{}}},{"type":"Feature","geometry":{"type":"Point","coordinates":[106.768295,-6.276836]},"properties":{"layer_id":"mobilitas","jenis":"tol","nama":"Gerbang tol","sumber":"OSM","atribut":{}}},{"type":"Feature","geometry":{"type":"Point","coordinates":[106.883555,-6.30445]},"properties":{"layer_id":"mobilitas","jenis":"tol","nama":"Toll Gate Dukuh 2","sumber":"OSM","atribut":{}}},{"type":"Feature","geometry":{"type":"Point","coordinates":[106.864512,-6.380619]},"properties":{"layer_id":"mobilitas","jenis":"tol","nama":"Toll Gate Cisalak 3","sumber":"OSM","atribut":{}}},{"type":"Feature","geometry":{"type":"Point","coordinates":[106.87128,-6.382076]},"properties":{"layer_id":"mobilitas","jenis":"tol","nama":"Cisalak 2","sumber":"OSM","atribut":{}}},{"type":"Feature","geometry":{"type":"Point","coordinates":[106.877115,-6.235433]},"properties":{"layer_id":"mobilitas","jenis":"tol","nama":"Kebon Nanas","sumber":"OSM","atribut":{}}},{"type":"Feature","geometry":{"type":"Point","coordinates":[106.873143,-6.483401]},"properties":{"layer_id":"mobilitas","jenis":"tol","nama":"Toll Gate Citeureup 2","sumber":"OSM","atribut":{}}},{"type":"Feature","geometry":{"type":"Point","coordinates":[106.639434,-6.222418]},"properties":{"layer_id":"mobilitas","jenis":"tol","nama":"Tangerang 1","sumber":"OSM","atribut":{}}},{"type":"Feature","geometry":{"type":"Point","coordinates":[106.705223,-6.202478]},"properties":{"layer_id":"mobilitas","jenis":"tol","nama":"Toll Gate Karang Tengah Barat 2","sumber":"OSM","atribut":{}}},{"type":"Feature","geometry":{"type":"Point","coordinates":[106.804075,-6.299852]},"properties":{"layer_id":"mobilitas","jenis":"tol","nama":"Cilandak Utama","sumber":"OSM","atribut":{}}},{"type":"Feature","geometry":{"type":"Point","coordinates":[106.691472,-6.109506]},"properties":{"layer_id":"mobilitas","jenis":"tol","nama":"Benda","sumber":"OSM","atribut":{}}},{"type":"Feature","geometry":{"type":"Point","coordinates":[106.758264,-6.239091]},"properties":{"layer_id":"mobilitas","jenis":"tol","nama":"Ciledug 1","sumber":"OSM","atribut":{}}},{"type":"Feature","geometry":{"type":"Point","coordinates":[106.754842,-6.233594]},"properties":{"layer_id":"mobilitas","jenis":"tol","nama":"Ciledug 2","sumber":"OSM","atribut":{}}},{"type":"Feature","geometry":{"type":"Point","coordinates":[106.637188,-6.221475]},"properties":{"layer_id":"mobilitas","jenis":"tol","nama":"Gerbang Tol Tanggerang Serpong","sumber":"OSM","atribut":{}}},{"type":"Feature","geometry":{"type":"Point","coordinates":[106.790313,-6.173277]},"properties":{"layer_id":"mobilitas","jenis":"tol","nama":"Tanjung Duren","sumber":"OSM","atribut":{}}},{"type":"Feature","geometry":{"type":"Point","coordinates":[106.88349,-6.301633]},"properties":{"layer_id":"mobilitas","jenis":"tol","nama":"Dukuh","sumber":"OSM","atribut":{}}},{"type":"Feature","geometry":{"type":"Point","coordinates":[106.8645,-6.380729]},"properties":{"layer_id":"mobilitas","jenis":"tol","nama":"Toll Gate Cisalak 3","sumber":"OSM","atribut":{}}},{"type":"Feature","geometry":{"type":"Point","coordinates":[106.861947,-6.381012]},"properties":{"layer_id":"mobilitas","jenis":"tol","nama":"Gerbang tol","sumber":"OSM","atribut":{}}},{"type":"Feature","geometry":{"type":"Point","coordinates":[106.840219,-6.379181]},"properties":{"layer_id":"mobilitas","jenis":"tol","nama":"Margonda 2","sumber":"OSM","atribut":{}}},{"type":"Feature","geometry":{"type":"Point","coordinates":[106.834703,-6.376884]},"properties":{"layer_id":"mobilitas","jenis":"tol","nama":"Gerbang tol","sumber":"OSM","atribut":{}}},{"type":"Feature","geometry":{"type":"Point","coordinates":[106.834765,-6.376753]},"properties":{"layer_id":"mobilitas","jenis":"tol","nama":"Margonda 1","sumber":"OSM","atribut":{}}},{"type":"Feature","geometry":{"type":"Point","coordinates":[106.740203,-6.208723]},"properties":{"layer_id":"mobilitas","jenis":"tol","nama":"Gerbang tol","sumber":"OSM","atribut":{}}},{"type":"Feature","geometry":{"type":"Point","coordinates":[106.902465,-6.108431]},"properties":{"layer_id":"mobilitas","jenis":"tol","nama":"Gerbang tol","sumber":"OSM","atribut":{}}},{"type":"Feature","geometry":{"type":"Point","coordinates":[106.940282,-6.146076]},"properties":{"layer_id":"mobilitas","jenis":"tol","nama":"Rorotan","sumber":"OSM","atribut":{}}},{"type":"Feature","geometry":{"type":"Point","coordinates":[106.907788,-6.255542]},"properties":{"layer_id":"mobilitas","jenis":"tol","nama":"Gerbang tol","sumber":"OSM","atribut":{}}},{"type":"Feature","geometry":{"type":"Point","coordinates":[106.950163,-6.24969]},"properties":{"layer_id":"mobilitas","jenis":"tol","nama":"Toll Gate Bintara Jaya","sumber":"OSM","atribut":{}}},{"type":"Feature","geometry":{"type":"Point","coordinates":[106.7314,-6.194006]},"properties":{"layer_id":"mobilitas","jenis":"tol","nama":"Meruya Utara 4","sumber":"OSM","atribut":{}}},{"type":"Feature","geometry":{"type":"Point","coordinates":[106.733171,-6.194834]},"properties":{"layer_id":"mobilitas","jenis":"tol","nama":"Meruya Utama 2","sumber":"OSM","atribut":{}}},{"type":"Feature","geometry":{"type":"Point","coordinates":[106.735841,-6.28278]},"properties":{"layer_id":"mobilitas","jenis":"tol","nama":"Gerbang tol","sumber":"OSM","atribut":{}}},{"type":"Feature","geometry":{"type":"Point","coordinates":[106.899992,-6.104068]},"properties":{"layer_id":"mobilitas","jenis":"tol","nama":"Gerbang tol","sumber":"OSM","atribut":{}}},{"type":"Feature","geometry":{"type":"Point","coordinates":[106.912468,-6.108335]},"properties":{"layer_id":"mobilitas","jenis":"tol","nama":"Gerbang tol","sumber":"OSM","atribut":{}}},{"type":"Feature","geometry":{"type":"Point","coordinates":[106.925533,-6.117941]},"properties":{"layer_id":"mobilitas","jenis":"tol","nama":"Semper 2","sumber":"OSM","atribut":{}}},{"type":"Feature","geometry":{"type":"Point","coordinates":[106.951894,-6.213039]},"properties":{"layer_id":"mobilitas","jenis":"tol","nama":"Gerbang tol","sumber":"OSM","atribut":{}}},{"type":"Feature","geometry":{"type":"Point","coordinates":[106.791493,-6.292365]},"properties":{"layer_id":"mobilitas","jenis":"tol","nama":"Gerbang tol","sumber":"OSM","atribut":{}}},{"type":"Feature","geometry":{"type":"Point","coordinates":[106.819813,-6.229992]},"properties":{"layer_id":"mobilitas","jenis":"tol","nama":"Semanggi 2","sumber":"OSM","atribut":{}}},{"type":"Feature","geometry":{"type":"Point","coordinates":[106.616408,-6.226582]},"properties":{"layer_id":"mobilitas","jenis":"tol","nama":"Toll Gate Karawaci 1","sumber":"OSM","atribut":{}}},{"type":"Feature","geometry":{"type":"Point","coordinates":[106.895594,-6.307556]},"properties":{"layer_id":"mobilitas","jenis":"tol","nama":"Gerbang Tol Bambu Apus 2","sumber":"OSM","atribut":{}}},{"type":"Feature","geometry":{"type":"Point","coordinates":[106.565392,-6.218625]},"properties":{"layer_id":"mobilitas","jenis":"tol","nama":"Bitung 1","sumber":"OSM","atribut":{}}},{"type":"Feature","geometry":{"type":"Point","coordinates":[107.135729,-6.313516]},"properties":{"layer_id":"mobilitas","jenis":"tol","nama":"Gerbang Tol Cikarang Barat 5","sumber":"OSM","atribut":{}}},{"type":"Feature","geometry":{"type":"Point","coordinates":[106.826453,-6.595957]},"properties":{"layer_id":"mobilitas","jenis":"tol","nama":"Gerbang Tol Bogor 2","sumber":"OSM","atribut":{}}},{"type":"Feature","geometry":{"type":"Point","coordinates":[106.803875,-6.298771]},"properties":{"layer_id":"mobilitas","jenis":"tol","nama":"Cilandak Utama","sumber":"OSM","atribut":{}}},{"type":"Feature","geometry":{"type":"Point","coordinates":[106.803707,-6.32065]},"properties":{"layer_id":"mobilitas","jenis":"tol","nama":"Gerbang tol","sumber":"OSM","atribut":{}}},{"type":"Feature","geometry":{"type":"Point","coordinates":[106.705376,-6.300385]},"properties":{"layer_id":"mobilitas","jenis":"tol","nama":"Serpong 1","sumber":"OSM","atribut":{}}},{"type":"Feature","geometry":{"type":"Point","coordinates":[106.699329,-6.304048]},"properties":{"layer_id":"mobilitas","jenis":"tol","nama":"Serpong 3","sumber":"OSM","atribut":{}}},{"type":"Feature","geometry":{"type":"Point","coordinates":[106.703897,-6.300761]},"properties":{"layer_id":"mobilitas","jenis":"tol","nama":"Serpong 4","sumber":"OSM","atribut":{}}},{"type":"Feature","geometry":{"type":"Point","coordinates":[106.700131,-6.302017]},"properties":{"layer_id":"mobilitas","jenis":"tol","nama":"Serpong 2","sumber":"OSM","atribut":{}}},{"type":"Feature","geometry":{"type":"Point","coordinates":[106.896604,-6.386766]},"properties":{"layer_id":"mobilitas","jenis":"tol","nama":"Toll Gate Cimanggis 3","sumber":"OSM","atribut":{}}},{"type":"Feature","geometry":{"type":"Point","coordinates":[106.80371,-6.75377]},"properties":{"layer_id":"mobilitas","jenis":"tol","nama":"Cigombong 1","sumber":"OSM","atribut":{}}},{"type":"Feature","geometry":{"type":"Point","coordinates":[106.824571,-6.701251]},"properties":{"layer_id":"mobilitas","jenis":"tol","nama":"Caringin","sumber":"OSM","atribut":{}}},{"type":"Feature","geometry":{"type":"Point","coordinates":[106.842651,-6.562503]},"properties":{"layer_id":"mobilitas","jenis":"tol","nama":"Gerbang Tol Sentul Selatan 2","sumber":"OSM","atribut":{}}},{"type":"Feature","geometry":{"type":"Point","coordinates":[107.085405,-6.285988]},"properties":{"layer_id":"mobilitas","jenis":"tol","nama":"Cibitung 2","sumber":"OSM","atribut":{}}},{"type":"Feature","geometry":{"type":"Point","coordinates":[106.520822,-6.205095]},"properties":{"layer_id":"mobilitas","jenis":"tol","nama":"Gerbang tol","sumber":"OSM","atribut":{}}},{"type":"Feature","geometry":{"type":"Point","coordinates":[106.734139,-6.284195]},"properties":{"layer_id":"mobilitas","jenis":"tol","nama":"Gerbang tol","sumber":"OSM","atribut":{}}},{"type":"Feature","geometry":{"type":"Point","coordinates":[106.933527,-6.248684]},"properties":{"layer_id":"mobilitas","jenis":"tol","nama":"Pondok Kelapa 1","sumber":"OSM","atribut":{}}},{"type":"Feature","geometry":{"type":"Point","coordinates":[106.744093,-6.21634]},"properties":{"layer_id":"mobilitas","jenis":"tol","nama":"Joglo 2","sumber":"OSM","atribut":{}}},{"type":"Feature","geometry":{"type":"Point","coordinates":[106.875456,-6.183008]},"properties":{"layer_id":"mobilitas","jenis":"tol","nama":"Toll Gate Pulomas","sumber":"OSM","atribut":{}}},{"type":"Feature","geometry":{"type":"Point","coordinates":[106.877181,-6.172246]},"properties":{"layer_id":"mobilitas","jenis":"tol","nama":"Toll Gate Cempaka Putih","sumber":"OSM","atribut":{}}},{"type":"Feature","geometry":{"type":"Point","coordinates":[106.872857,-6.381936]},"properties":{"layer_id":"mobilitas","jenis":"tol","nama":"Toll Gate Cisalak 1","sumber":"OSM","atribut":{}}},{"type":"Feature","geometry":{"type":"Point","coordinates":[106.728892,-6.180956]},"properties":{"layer_id":"mobilitas","jenis":"tol","nama":"Gerbang tol","sumber":"OSM","atribut":{}}},{"type":"Feature","geometry":{"type":"Point","coordinates":[106.729009,-6.181401]},"properties":{"layer_id":"mobilitas","jenis":"tol","nama":"Kembangan Utara","sumber":"OSM","atribut":{}}},{"type":"Feature","geometry":{"type":"Point","coordinates":[106.884022,-6.457181]},"properties":{"layer_id":"mobilitas","jenis":"tol","nama":"Toll Gate Karanggan","sumber":"OSM","atribut":{}}},{"type":"Feature","geometry":{"type":"Point","coordinates":[106.883026,-6.302454]},"properties":{"layer_id":"mobilitas","jenis":"tol","nama":"Dukuh 2","sumber":"OSM","atribut":{}}},{"type":"Feature","geometry":{"type":"Point","coordinates":[106.877242,-6.30733]},"properties":{"layer_id":"mobilitas","jenis":"tol","nama":"Gerbang tol","sumber":"OSM","atribut":{}}},{"type":"Feature","geometry":{"type":"Point","coordinates":[106.861436,-6.305672]},"properties":{"layer_id":"mobilitas","jenis":"tol","nama":"Gerbang tol","sumber":"OSM","atribut":{}}},{"type":"Feature","geometry":{"type":"Point","coordinates":[106.883154,-6.299849]},"properties":{"layer_id":"mobilitas","jenis":"tol","nama":"Gerbang tol","sumber":"OSM","atribut":{}}},{"type":"Feature","geometry":{"type":"Point","coordinates":[106.883638,-6.302277]},"properties":{"layer_id":"mobilitas","jenis":"tol","nama":"Gerbang tol","sumber":"OSM","atribut":{}}},{"type":"Feature","geometry":{"type":"Point","coordinates":[106.768038,-6.276338]},"properties":{"layer_id":"mobilitas","jenis":"tol","nama":"Gerbang tol","sumber":"OSM","atribut":{}}},{"type":"Feature","geometry":{"type":"Point","coordinates":[106.768029,-6.263961]},"properties":{"layer_id":"mobilitas","jenis":"tol","nama":"Gerbang tol","sumber":"OSM","atribut":{}}},{"type":"Feature","geometry":{"type":"Point","coordinates":[106.849782,-6.243133]},"properties":{"layer_id":"mobilitas","jenis":"tol","nama":"Toll Gate Tebet 2","sumber":"OSM","atribut":{}}},{"type":"Feature","geometry":{"type":"Point","coordinates":[106.889033,-6.245147]},"properties":{"layer_id":"mobilitas","jenis":"tol","nama":"Toll Gate Halim Utama","sumber":"OSM","atribut":{}}},{"type":"Feature","geometry":{"type":"Point","coordinates":[106.872923,-6.267048]},"properties":{"layer_id":"mobilitas","jenis":"tol","nama":"Toll Gate Cililitan","sumber":"OSM","atribut":{}}},{"type":"Feature","geometry":{"type":"Point","coordinates":[106.777616,-6.125969]},"properties":{"layer_id":"mobilitas","jenis":"tol","nama":"Gerbang tol","sumber":"OSM","atribut":{}}},{"type":"Feature","geometry":{"type":"Point","coordinates":[106.831295,-6.602273]},"properties":{"layer_id":"mobilitas","jenis":"tol","nama":"Gerbang Tol Ciawi 2","sumber":"OSM","atribut":{}}},{"type":"Feature","geometry":{"type":"Point","coordinates":[106.926005,-6.248441]},"properties":{"layer_id":"mobilitas","jenis":"tol","nama":"Toll Gate Pondok Kelapa 2","sumber":"OSM","atribut":{}}},{"type":"Feature","geometry":{"type":"Point","coordinates":[106.851955,-6.533496]},"properties":{"layer_id":"mobilitas","jenis":"tol","nama":"Sentul 4","sumber":"OSM","atribut":{}}},{"type":"Feature","geometry":{"type":"Point","coordinates":[106.871847,-6.486068]},"properties":{"layer_id":"mobilitas","jenis":"tol","nama":"Citeurep 4","sumber":"OSM","atribut":{}}},{"type":"Feature","geometry":{"type":"Point","coordinates":[107.124483,-6.299365]},"properties":{"layer_id":"mobilitas","jenis":"tol","nama":"Cikarang Utara","sumber":"OSM","atribut":{}}},{"type":"Feature","geometry":{"type":"Point","coordinates":[106.839427,-6.65524]},"properties":{"layer_id":"mobilitas","jenis":"tol","nama":"Ciawi Selatan","sumber":"OSM","atribut":{}}},{"type":"Feature","geometry":{"type":"Point","coordinates":[106.839501,-6.655125]},"properties":{"layer_id":"mobilitas","jenis":"tol","nama":"Ciawi Selatan","sumber":"OSM","atribut":{}}},{"type":"Feature","geometry":{"type":"Point","coordinates":[106.871901,-6.382304]},"properties":{"layer_id":"mobilitas","jenis":"tol","nama":"Cisalak 2","sumber":"OSM","atribut":{}}},{"type":"Feature","geometry":{"type":"Point","coordinates":[106.564913,-6.218407]},"properties":{"layer_id":"mobilitas","jenis":"tol","nama":"Bitung 1 (GTO)","sumber":"OSM","atribut":{}}},{"type":"Feature","geometry":{"type":"Point","coordinates":[106.668046,-6.21738]},"properties":{"layer_id":"mobilitas","jenis":"tol","nama":"Kunciran 2 (GTO)","sumber":"OSM","atribut":{}}},{"type":"Feature","geometry":{"type":"Point","coordinates":[106.733433,-6.284539]},"properties":{"layer_id":"mobilitas","jenis":"tol","nama":"Gerbang tol","sumber":"OSM","atribut":{}}},{"type":"Feature","geometry":{"type":"Point","coordinates":[106.736521,-6.282427]},"properties":{"layer_id":"mobilitas","jenis":"tol","nama":"Gerbang tol","sumber":"OSM","atribut":{}}},{"type":"Feature","geometry":{"type":"Point","coordinates":[106.758597,-6.240358]},"properties":{"layer_id":"mobilitas","jenis":"tol","nama":"Ciledug 3","sumber":"OSM","atribut":{}}},{"type":"Feature","geometry":{"type":"Point","coordinates":[106.522608,-6.205635]},"properties":{"layer_id":"mobilitas","jenis":"tol","nama":"Toll Gate Cikupa (GTO)","sumber":"OSM","atribut":{}}},{"type":"Feature","geometry":{"type":"Point","coordinates":[106.744731,-6.191701]},"properties":{"layer_id":"mobilitas","jenis":"tol","nama":"Meruya 1","sumber":"OSM","atribut":{}}},{"type":"Feature","geometry":{"type":"Point","coordinates":[106.950195,-6.221437]},"properties":{"layer_id":"mobilitas","jenis":"tol","nama":"Bintara","sumber":"OSM","atribut":{}}},{"type":"Feature","geometry":{"type":"Point","coordinates":[106.92654,-6.24849]},"properties":{"layer_id":"mobilitas","jenis":"tol","nama":"Toll Gate Pondok Kelapa 2","sumber":"OSM","atribut":{}}},{"type":"Feature","geometry":{"type":"Point","coordinates":[106.990035,-6.250016]},"properties":{"layer_id":"mobilitas","jenis":"tol","nama":"Gerbang Tol Bekasi Barat 1","sumber":"OSM","atribut":{}}},{"type":"Feature","geometry":{"type":"Point","coordinates":[106.459073,-6.200025]},"properties":{"layer_id":"mobilitas","jenis":"tol","nama":"GT Balaraja Barat","sumber":"OSM","atribut":{}}},{"type":"Feature","geometry":{"type":"Point","coordinates":[106.566243,-6.219267]},"properties":{"layer_id":"mobilitas","jenis":"tol","nama":"Bitung 2","sumber":"OSM","atribut":{}}},{"type":"Feature","geometry":{"type":"Point","coordinates":[106.955568,-6.295675]},"properties":{"layer_id":"mobilitas","jenis":"tol","nama":"Jati Asih 1","sumber":"OSM","atribut":{}}},{"type":"Feature","geometry":{"type":"Point","coordinates":[106.954906,-6.297337]},"properties":{"layer_id":"mobilitas","jenis":"tol","nama":"Jati Asih 2","sumber":"OSM","atribut":{}}},{"type":"Feature","geometry":{"type":"Point","coordinates":[106.960142,-6.2568]},"properties":{"layer_id":"mobilitas","jenis":"tol","nama":"GT Cikunir 2","sumber":"OSM","atribut":{}}},{"type":"Feature","geometry":{"type":"Point","coordinates":[106.954694,-6.256887]},"properties":{"layer_id":"mobilitas","jenis":"tol","nama":"GT Cikunir 3","sumber":"OSM","atribut":{}}},{"type":"Feature","geometry":{"type":"Point","coordinates":[106.954673,-6.256383]},"properties":{"layer_id":"mobilitas","jenis":"tol","nama":"Cikunir 1","sumber":"OSM","atribut":{}}},{"type":"Feature","geometry":{"type":"Point","coordinates":[106.485045,-6.204124]},"properties":{"layer_id":"mobilitas","jenis":"tol","nama":"Balaraja Timur","sumber":"OSM","atribut":{}}},{"type":"Feature","geometry":{"type":"Point","coordinates":[106.835159,-6.240858]},"properties":{"layer_id":"mobilitas","jenis":"tol","nama":"Kuningan 2","sumber":"OSM","atribut":{}}},{"type":"Feature","geometry":{"type":"Point","coordinates":[106.734618,-6.116737]},"properties":{"layer_id":"mobilitas","jenis":"tol","nama":"Kamal Utama","sumber":"OSM","atribut":{}}},{"type":"Feature","geometry":{"type":"Point","coordinates":[106.669137,-6.219855]},"properties":{"layer_id":"mobilitas","jenis":"tol","nama":"Kunciran 3","sumber":"OSM","atribut":{}}},{"type":"Feature","geometry":{"type":"Point","coordinates":[106.668689,-6.220099]},"properties":{"layer_id":"mobilitas","jenis":"tol","nama":"Kunciran 4","sumber":"OSM","atribut":{}}},{"type":"Feature","geometry":{"type":"Point","coordinates":[106.918524,-6.382513]},"properties":{"layer_id":"mobilitas","jenis":"tol","nama":"Jatikarya 2","sumber":"OSM","atribut":{}}},{"type":"Feature","geometry":{"type":"Point","coordinates":[106.917738,-6.382823]},"properties":{"layer_id":"mobilitas","jenis":"tol","nama":"Gerbang Tol Jatikarya Utama","sumber":"OSM","atribut":{}}},{"type":"Feature","geometry":{"type":"Point","coordinates":[106.918127,-6.382061]},"properties":{"layer_id":"mobilitas","jenis":"tol","nama":"Jatikarya 1","sumber":"OSM","atribut":{}}},{"type":"Feature","geometry":{"type":"Point","coordinates":[106.971369,-6.378092]},"properties":{"layer_id":"mobilitas","jenis":"tol","nama":"Gerbang Tol Narogong","sumber":"OSM","atribut":{}}},{"type":"Feature","geometry":{"type":"Point","coordinates":[106.746955,-6.337284]},"properties":{"layer_id":"mobilitas","jenis":"tol","nama":"Gerbang Tol Pamulang","sumber":"OSM","atribut":{}}},{"type":"Feature","geometry":{"type":"Point","coordinates":[106.720796,-6.097941]},"properties":{"layer_id":"mobilitas","jenis":"tol","nama":"Gerbang Tol Kataraja 2","sumber":"OSM","atribut":{}}},{"type":"Feature","geometry":{"type":"Point","coordinates":[106.720465,-6.09822]},"properties":{"layer_id":"mobilitas","jenis":"tol","nama":"Gerbang Tol Kataraja 1","sumber":"OSM","atribut":{}}},{"type":"Feature","geometry":{"type":"Point","coordinates":[106.685538,-6.266956]},"properties":{"layer_id":"mobilitas","jenis":"tol","nama":"Parigi","sumber":"OSM","atribut":{}}},{"type":"Feature","geometry":{"type":"Point","coordinates":[106.815412,-6.369785]},"properties":{"layer_id":"mobilitas","jenis":"tol","nama":"Kukusan 2","sumber":"OSM","atribut":{}}},{"type":"Feature","geometry":{"type":"Point","coordinates":[106.674929,-6.26708]},"properties":{"layer_id":"mobilitas","jenis":"tol","nama":"Gerbang Tol Jelupang","sumber":"OSM","atribut":{}}},{"type":"Feature","geometry":{"type":"Point","coordinates":[106.933026,-6.248628]},"properties":{"layer_id":"mobilitas","jenis":"tol","nama":"Pondok Kelapa 1","sumber":"OSM","atribut":{}}},{"type":"Feature","geometry":{"type":"Point","coordinates":[106.730252,-6.129922]},"properties":{"layer_id":"mobilitas","jenis":"tol","nama":"Kayu Besar 3","sumber":"OSM","atribut":{}}},{"type":"Feature","geometry":{"type":"Point","coordinates":[106.898114,-6.387725]},"properties":{"layer_id":"mobilitas","jenis":"tol","nama":"Cimanggis 5","sumber":"OSM","atribut":{}}},{"type":"Feature","geometry":{"type":"Point","coordinates":[106.662502,-6.2183]},"properties":{"layer_id":"mobilitas","jenis":"tol","nama":"Gerbang Tol Kunciran 5","sumber":"OSM","atribut":{}}},{"type":"Feature","geometry":{"type":"Point","coordinates":[106.85414,-6.528665]},"properties":{"layer_id":"mobilitas","jenis":"tol","nama":"Toll Gate Sentul 1","sumber":"OSM","atribut":{}}},{"type":"Feature","geometry":{"type":"Point","coordinates":[106.736386,-6.282395]},"properties":{"layer_id":"mobilitas","jenis":"tol","nama":"Gerbang tol","sumber":"OSM","atribut":{}}},{"type":"Feature","geometry":{"type":"Point","coordinates":[106.697744,-6.105102]},"properties":{"layer_id":"mobilitas","jenis":"tol","nama":"Gerbang tol","sumber":"OSM","atribut":{}}},{"type":"Feature","geometry":{"type":"Point","coordinates":[106.696563,-6.105746]},"properties":{"layer_id":"mobilitas","jenis":"tol","nama":"Gerbang tol","sumber":"OSM","atribut":{}}},{"type":"Feature","geometry":{"type":"Point","coordinates":[106.695957,-6.105984]},"properties":{"layer_id":"mobilitas","jenis":"tol","nama":"Gerbang tol","sumber":"OSM","atribut":{}}},{"type":"Feature","geometry":{"type":"Point","coordinates":[106.700618,-6.301819]},"properties":{"layer_id":"mobilitas","jenis":"tol","nama":"Serpong 6","sumber":"OSM","atribut":{}}},{"type":"Feature","geometry":{"type":"Point","coordinates":[106.835652,-6.37777]},"properties":{"layer_id":"mobilitas","jenis":"tol","nama":"Margonda 2","sumber":"OSM","atribut":{}}},{"type":"Feature","geometry":{"type":"Point","coordinates":[106.768002,-6.189794]},"properties":{"layer_id":"mobilitas","jenis":"tol","nama":"Toll Gate Kebon Jeruk 2","sumber":"OSM","atribut":{}}},{"type":"Feature","geometry":{"type":"Point","coordinates":[106.520867,-6.205715]},"properties":{"layer_id":"mobilitas","jenis":"tol","nama":"Toll Gate Ramp Cikupa","sumber":"OSM","atribut":{}}},{"type":"Feature","geometry":{"type":"Point","coordinates":[106.572438,-6.221765]},"properties":{"layer_id":"mobilitas","jenis":"tol","nama":"Gerbang Tol Bitung 3","sumber":"OSM","atribut":{}}},{"type":"Feature","geometry":{"type":"Point","coordinates":[106.521451,-6.204447]},"properties":{"layer_id":"mobilitas","jenis":"tol","nama":"Toll Gate Ramp Cikupa","sumber":"OSM","atribut":{}}},{"type":"Feature","geometry":{"type":"Point","coordinates":[106.73275,-6.19316]},"properties":{"layer_id":"mobilitas","jenis":"tol","nama":"Meruya Utama 3","sumber":"OSM","atribut":{}}},{"type":"Feature","geometry":{"type":"Point","coordinates":[106.832387,-6.613702]},"properties":{"layer_id":"mobilitas","jenis":"tol","nama":"Gerbang Tol Bogor Selatan","sumber":"OSM","atribut":{}}},{"type":"Feature","geometry":{"type":"Point","coordinates":[106.789084,-6.355931]},"properties":{"layer_id":"mobilitas","jenis":"tol","nama":"Krukut 1","sumber":"OSM","atribut":{}}},{"type":"Feature","geometry":{"type":"Point","coordinates":[107.079942,-6.286258]},"properties":{"layer_id":"mobilitas","jenis":"tol","nama":"Cibitung 7","sumber":"OSM","atribut":{}}},{"type":"Feature","geometry":{"type":"Point","coordinates":[106.883401,-6.158951]},"properties":{"layer_id":"mobilitas","jenis":"tol","nama":"Toll Gate Sunter","sumber":"OSM","atribut":{}}},{"type":"Feature","geometry":{"type":"Point","coordinates":[106.884893,-6.310802]},"properties":{"layer_id":"mobilitas","jenis":"tol","nama":"Pasar Rebo","sumber":"OSM","atribut":{}}},{"type":"Feature","geometry":{"type":"Point","coordinates":[106.782584,-6.392803]},"properties":{"layer_id":"mobilitas","jenis":"tol","nama":"Sawangan 4","sumber":"OSM","atribut":{}}},{"type":"Feature","geometry":{"type":"Point","coordinates":[106.783143,-6.392684]},"properties":{"layer_id":"mobilitas","jenis":"tol","nama":"Sawangan 1","sumber":"OSM","atribut":{}}},{"type":"Feature","geometry":{"type":"Point","coordinates":[106.789114,-6.354265]},"properties":{"layer_id":"mobilitas","jenis":"tol","nama":"Krukut 4","sumber":"OSM","atribut":{}}},{"type":"Feature","geometry":{"type":"Point","coordinates":[106.872719,-6.266055]},"properties":{"layer_id":"mobilitas","jenis":"tol","nama":"Cililitan 2","sumber":"OSM","atribut":{}}},{"type":"Feature","geometry":{"type":"Point","coordinates":[106.894265,-6.365278]},"properties":{"layer_id":"mobilitas","jenis":"tol","nama":"Gerbang tol","sumber":"OSM","atribut":{}}},{"type":"Feature","geometry":{"type":"Point","coordinates":[106.730143,-6.129467]},"properties":{"layer_id":"mobilitas","jenis":"tol","nama":"Gerbang tol","sumber":"OSM","atribut":{}}},{"type":"Feature","geometry":{"type":"Point","coordinates":[106.74863,-6.27306]},"properties":{"layer_id":"mobilitas","jenis":"tol","nama":"Bintaro 2","sumber":"OSM","atribut":{}}},{"type":"Feature","geometry":{"type":"Point","coordinates":[106.769622,-6.121503]},"properties":{"layer_id":"mobilitas","jenis":"tol","nama":"Kapuk 2","sumber":"OSM","atribut":{}}},{"type":"Feature","geometry":{"type":"Point","coordinates":[106.846269,-6.131437]},"properties":{"layer_id":"mobilitas","jenis":"tol","nama":"Gerbang tol","sumber":"OSM","atribut":{}}},{"type":"Feature","geometry":{"type":"Point","coordinates":[106.713929,-6.196358]},"properties":{"layer_id":"mobilitas","jenis":"tol","nama":"Karang Tengah Barat 1","sumber":"OSM","atribut":{}}},{"type":"Feature","geometry":{"type":"Point","coordinates":[106.566365,-6.219755]},"properties":{"layer_id":"mobilitas","jenis":"tol","nama":"Gerbang tol","sumber":"OSM","atribut":{}}},{"type":"Feature","geometry":{"type":"Point","coordinates":[106.66533,-6.215541]},"properties":{"layer_id":"mobilitas","jenis":"tol","nama":"Kunciran 7","sumber":"OSM","atribut":{}}},{"type":"Feature","geometry":{"type":"Point","coordinates":[106.668195,-6.2165]},"properties":{"layer_id":"mobilitas","jenis":"tol","nama":"Kunciran 6","sumber":"OSM","atribut":{}}},{"type":"Feature","geometry":{"type":"Point","coordinates":[106.655426,-6.20508]},"properties":{"layer_id":"mobilitas","jenis":"tol","nama":"Gerbang Tol Tirtayasa 3","sumber":"OSM","atribut":{}}},{"type":"Feature","geometry":{"type":"Point","coordinates":[106.657016,-6.208071]},"properties":{"layer_id":"mobilitas","jenis":"tol","nama":"Pinang 2","sumber":"OSM","atribut":{}}},{"type":"Feature","geometry":{"type":"Point","coordinates":[106.657819,-6.208223]},"properties":{"layer_id":"mobilitas","jenis":"tol","nama":"Pinang 1","sumber":"OSM","atribut":{}}},{"type":"Feature","geometry":{"type":"Point","coordinates":[106.656186,-6.205643]},"properties":{"layer_id":"mobilitas","jenis":"tol","nama":"Gerbang Tol Tirtayasa 4","sumber":"OSM","atribut":{}}},{"type":"Feature","geometry":{"type":"Point","coordinates":[106.653466,-6.180776]},"properties":{"layer_id":"mobilitas","jenis":"tol","nama":"Buaran Indah 1","sumber":"OSM","atribut":{}}},{"type":"Feature","geometry":{"type":"Point","coordinates":[106.652654,-6.181454]},"properties":{"layer_id":"mobilitas","jenis":"tol","nama":"Buaran Indah 2","sumber":"OSM","atribut":{}}},{"type":"Feature","geometry":{"type":"Point","coordinates":[106.653126,-6.168966]},"properties":{"layer_id":"mobilitas","jenis":"tol","nama":"Tanah Tinggi 2","sumber":"OSM","atribut":{}}},{"type":"Feature","geometry":{"type":"Point","coordinates":[106.653701,-6.168551]},"properties":{"layer_id":"mobilitas","jenis":"tol","nama":"Tanah Tinggi 1","sumber":"OSM","atribut":{}}},{"type":"Feature","geometry":{"type":"Point","coordinates":[106.895567,-6.385131]},"properties":{"layer_id":"mobilitas","jenis":"tol","nama":"Cimanggis 4","sumber":"OSM","atribut":{}}},{"type":"Feature","geometry":{"type":"Point","coordinates":[107.069845,-6.310568]},"properties":{"layer_id":"mobilitas","jenis":"tol","nama":"Gerbang Tol Setu Utara 1","sumber":"OSM","atribut":{}}},{"type":"Feature","geometry":{"type":"Point","coordinates":[107.069781,-6.310481]},"properties":{"layer_id":"mobilitas","jenis":"tol","nama":"Gerbang Tol Setu Utara 1","sumber":"OSM","atribut":{}}},{"type":"Feature","geometry":{"type":"Point","coordinates":[106.991022,-6.108019]},"properties":{"layer_id":"mobilitas","jenis":"tol","nama":"Gerbang Tol Tarumajaya","sumber":"OSM","atribut":{}}},{"type":"Feature","geometry":{"type":"Point","coordinates":[107.083424,-6.287188]},"properties":{"layer_id":"mobilitas","jenis":"tol","nama":"Cibitung 1","sumber":"OSM","atribut":{}}},{"type":"Feature","geometry":{"type":"Point","coordinates":[107.081123,-6.285524]},"properties":{"layer_id":"mobilitas","jenis":"tol","nama":"Cibitung 4","sumber":"OSM","atribut":{}}},{"type":"Feature","geometry":{"type":"Point","coordinates":[106.875023,-6.227201]},"properties":{"layer_id":"mobilitas","jenis":"tol","nama":"Gerbang Tol Pisangan","sumber":"OSM","atribut":{}}},{"type":"Feature","geometry":{"type":"Point","coordinates":[107.080744,-6.286372]},"properties":{"layer_id":"mobilitas","jenis":"tol","nama":"Cibitung 8","sumber":"OSM","atribut":{}}},{"type":"Feature","geometry":{"type":"Point","coordinates":[106.681699,-6.135509]},"properties":{"layer_id":"mobilitas","jenis":"tol","nama":"Benda Utama","sumber":"OSM","atribut":{}}},{"type":"Feature","geometry":{"type":"Point","coordinates":[106.681607,-6.135389]},"properties":{"layer_id":"mobilitas","jenis":"tol","nama":"Benda Utama","sumber":"OSM","atribut":{}}},{"type":"Feature","geometry":{"type":"Point","coordinates":[106.704573,-6.304389]},"properties":{"layer_id":"mobilitas","jenis":"tol","nama":"Serpong 7","sumber":"OSM","atribut":{}}},{"type":"Feature","geometry":{"type":"Point","coordinates":[106.643014,-6.307307]},"properties":{"layer_id":"mobilitas","jenis":"tol","nama":"Gerbang Tol BSD Utama","sumber":"OSM","atribut":{}}},{"type":"Feature","geometry":{"type":"Point","coordinates":[106.896925,-6.155722]},"properties":{"layer_id":"mobilitas","jenis":"tol","nama":"Gerbang Tol Kelapa Gading","sumber":"OSM","atribut":{}}},{"type":"Feature","geometry":{"type":"Point","coordinates":[106.937662,-6.18399]},"properties":{"layer_id":"mobilitas","jenis":"tol","nama":"Cakung","sumber":"OSM","atribut":{}}},{"type":"Feature","geometry":{"type":"Point","coordinates":[106.940691,-6.183935]},"properties":{"layer_id":"mobilitas","jenis":"tol","nama":"Bekasi Raya","sumber":"OSM","atribut":{}}},{"type":"Feature","geometry":{"type":"Point","coordinates":[107.096917,-6.269289]},"properties":{"layer_id":"mobilitas","jenis":"tol","nama":"Telaga Asih","sumber":"OSM","atribut":{}}},{"type":"Feature","geometry":{"type":"Point","coordinates":[106.732835,-6.193873]},"properties":{"layer_id":"mobilitas","jenis":"tol","nama":"Meruya Utama 1","sumber":"OSM","atribut":{}}},{"type":"Feature","geometry":{"type":"Point","coordinates":[106.765844,-6.528489]},"properties":{"layer_id":"mobilitas","jenis":"tol","nama":"Gerbang Tol Kayu Manis 2","sumber":"OSM","atribut":{}}},{"type":"Feature","geometry":{"type":"Point","coordinates":[106.765508,-6.528495]},"properties":{"layer_id":"mobilitas","jenis":"tol","nama":"Gerbang Tol Kayu Manis 1","sumber":"OSM","atribut":{}}},{"type":"Feature","geometry":{"type":"Point","coordinates":[107.068533,-6.186706]},"properties":{"layer_id":"mobilitas","jenis":"tol","nama":"Gerbang Tol Gabus","sumber":"OSM","atribut":{}}},{"type":"Feature","geometry":{"type":"Point","coordinates":[107.068471,-6.186625]},"properties":{"layer_id":"mobilitas","jenis":"tol","nama":"Gerbang Tol Gabus","sumber":"OSM","atribut":{}}},{"type":"Feature","geometry":{"type":"Point","coordinates":[107.084597,-6.286024]},"properties":{"layer_id":"mobilitas","jenis":"tol","nama":"Cibitung 6","sumber":"OSM","atribut":{}}},{"type":"Feature","geometry":{"type":"Point","coordinates":[106.643788,-6.307776]},"properties":{"layer_id":"mobilitas","jenis":"tol","nama":"Gerbang Tol BSD Timur 2","sumber":"OSM","atribut":{}}},{"type":"Feature","geometry":{"type":"Point","coordinates":[106.642689,-6.306418]},"properties":{"layer_id":"mobilitas","jenis":"tol","nama":"Gerbang Tol BSD Timur 1","sumber":"OSM","atribut":{}}},{"type":"Feature","geometry":{"type":"Point","coordinates":[106.641302,-6.309615]},"properties":{"layer_id":"mobilitas","jenis":"tol","nama":"Gerbang Tol BSD Barat 1","sumber":"OSM","atribut":{}}},{"type":"Feature","geometry":{"type":"Point","coordinates":[106.996975,-6.247597]},"properties":{"layer_id":"mobilitas","jenis":"tol","nama":"Gerbang Tol Margajaya 1","sumber":"OSM","atribut":{}}},{"type":"Feature","geometry":{"type":"Point","coordinates":[106.996862,-6.24759]},"properties":{"layer_id":"mobilitas","jenis":"tol","nama":"Gerbang Tol Margajaya 2","sumber":"OSM","atribut":{}}},{"type":"Feature","geometry":{"type":"Point","coordinates":[106.814907,-6.37017]},"properties":{"layer_id":"mobilitas","jenis":"tol","nama":"Gerbang Tol Kukusan 1","sumber":"OSM","atribut":{}}},{"type":"Feature","geometry":{"type":"Point","coordinates":[106.706164,-6.20175]},"properties":{"layer_id":"mobilitas","jenis":"tol","nama":"Gerbang tol","sumber":"OSM","atribut":{}}},{"type":"Feature","geometry":{"type":"Point","coordinates":[106.893777,-6.362857]},"properties":{"layer_id":"mobilitas","jenis":"tol","nama":"Gerbang tol","sumber":"OSM","atribut":{}}},{"type":"Feature","geometry":{"type":"Point","coordinates":[106.793721,-6.364988]},"properties":{"layer_id":"mobilitas","jenis":"tol","nama":"Gerbang Tol Krukut 3","sumber":"OSM","atribut":{}}},{"type":"Feature","geometry":{"type":"Point","coordinates":[106.791747,-6.365272]},"properties":{"layer_id":"mobilitas","jenis":"tol","nama":"Gerbang Tol Krukut 5","sumber":"OSM","atribut":{}}},{"type":"Feature","geometry":{"type":"Point","coordinates":[106.793066,-6.365505]},"properties":{"layer_id":"mobilitas","jenis":"tol","nama":"Gerbang Tol Krukut 4","sumber":"OSM","atribut":{}}},{"type":"Feature","geometry":{"type":"Point","coordinates":[106.747675,-6.221969]},"properties":{"layer_id":"mobilitas","jenis":"tol","nama":"Joglo 1","sumber":"OSM","atribut":{}}},{"type":"Feature","geometry":{"type":"Point","coordinates":[106.811408,-6.368816]},"properties":{"layer_id":"mobilitas","jenis":"tol","nama":"Gerbang Tol Kukusan 3","sumber":"OSM","atribut":{}}},{"type":"Feature","geometry":{"type":"Point","coordinates":[106.811761,-6.368382]},"properties":{"layer_id":"mobilitas","jenis":"tol","nama":"Gerbang Tol Kukusan 4","sumber":"OSM","atribut":{}}},{"type":"Feature","geometry":{"type":"Point","coordinates":[106.681438,-6.1352]},"properties":{"layer_id":"mobilitas","jenis":"tol","nama":"Benda Utama","sumber":"OSM","atribut":{}}},{"type":"Feature","geometry":{"type":"Point","coordinates":[106.706631,-6.299548]},"properties":{"layer_id":"mobilitas","jenis":"tol","nama":"Serpong 5","sumber":"OSM","atribut":{}}},{"type":"Feature","geometry":{"type":"Point","coordinates":[106.945693,-6.383854]},"properties":{"layer_id":"mobilitas","jenis":"tol","nama":"Gerbang Tol Nagrak","sumber":"OSM","atribut":{}}},{"type":"Feature","geometry":{"type":"Point","coordinates":[106.904173,-6.246104]},"properties":{"layer_id":"mobilitas","jenis":"tol","nama":"Gerbang Tol Jatiwaringin 2","sumber":"OSM","atribut":{}}},{"type":"Feature","geometry":{"type":"Point","coordinates":[106.937133,-6.134679]},"properties":{"layer_id":"mobilitas","jenis":"tol","nama":"Gerbang Tol Semper","sumber":"OSM","atribut":{}}},{"type":"Feature","geometry":{"type":"Point","coordinates":[106.977195,-6.116429]},"properties":{"layer_id":"mobilitas","jenis":"tol","nama":"Gerbang Tol Marunda","sumber":"OSM","atribut":{}}},{"type":"Feature","geometry":{"type":"Point","coordinates":[106.799065,-6.34135]},"properties":{"layer_id":"mobilitas","jenis":"tol","nama":"Gerbang tol","sumber":"OSM","atribut":{}}},{"type":"Feature","geometry":{"type":"Point","coordinates":[106.799514,-6.341644]},"properties":{"layer_id":"mobilitas","jenis":"tol","nama":"Gerbang tol","sumber":"OSM","atribut":{}}},{"type":"Feature","geometry":{"type":"Point","coordinates":[106.773879,-6.363025]},"properties":{"layer_id":"mobilitas","jenis":"tol","nama":"Gerbang Tol Limo 2","sumber":"OSM","atribut":{}}},{"type":"Feature","geometry":{"type":"Point","coordinates":[106.771595,-6.361869]},"properties":{"layer_id":"mobilitas","jenis":"tol","nama":"Gerbang Tol Limo Utama","sumber":"OSM","atribut":{}}},{"type":"Feature","geometry":{"type":"Point","coordinates":[106.773822,-6.360826]},"properties":{"layer_id":"mobilitas","jenis":"tol","nama":"Gerbang Tol Limo 1","sumber":"OSM","atribut":{}}},{"type":"Feature","geometry":{"type":"Point","coordinates":[107.097207,-6.390626]},"properties":{"layer_id":"mobilitas","jenis":"tol","nama":"Gerbang Tol Sukaragam","sumber":"OSM","atribut":{}}},{"type":"Feature","geometry":{"type":"Point","coordinates":[106.888457,-6.244709]},"properties":{"layer_id":"mobilitas","jenis":"tol","nama":"Gerbang tol Halim 3","sumber":"OSM","atribut":{}}},{"type":"Feature","geometry":{"type":"Point","coordinates":[106.888487,-6.244769]},"properties":{"layer_id":"mobilitas","jenis":"tol","nama":"GT Halim 3","sumber":"OSM","atribut":{}}},{"type":"Feature","geometry":{"type":"Point","coordinates":[106.870983,-6.124355]},"properties":{"layer_id":"mobilitas","jenis":"tol","nama":"Gerbang Tol Papanggo","sumber":"OSM","atribut":{}}},{"type":"Feature","geometry":{"type":"Point","coordinates":[106.59606,-6.316344]},"properties":{"layer_id":"mobilitas","jenis":"tol","nama":"Gerbang Tol Legok","sumber":"OSM","atribut":{}}},{"type":"Feature","geometry":{"type":"Point","coordinates":[106.61599,-6.323627]},"properties":{"layer_id":"mobilitas","jenis":"tol","nama":"Gerbang Tol Industri","sumber":"OSM","atribut":{}}},{"type":"Feature","geometry":{"type":"Point","coordinates":[107.074445,-6.305678]},"properties":{"layer_id":"mobilitas","jenis":"tol","nama":"Gerbang Tol Setu Utara 2","sumber":"OSM","atribut":{}}},{"type":"Feature","geometry":{"type":"Point","coordinates":[106.785809,-6.362737]},"properties":{"layer_id":"mobilitas","jenis":"tol","nama":"Gerbang tol","sumber":"OSM","atribut":{}}},{"type":"Feature","geometry":{"type":"Point","coordinates":[106.787324,-6.364007]},"properties":{"layer_id":"mobilitas","jenis":"tol","nama":"Gerbang tol","sumber":"OSM","atribut":{}}},{"type":"Feature","geometry":{"type":"Point","coordinates":[106.903752,-6.245462]},"properties":{"layer_id":"mobilitas","jenis":"tol","nama":"Gerbang Tol Jatiwaringin 1","sumber":"OSM","atribut":{}}},{"type":"Feature","geometry":{"type":"Point","coordinates":[106.819199,-6.29245]},"properties":{"layer_id":"mobilitas","jenis":"tol","nama":"Ampera 1","sumber":"OSM","atribut":{}}},{"type":"Feature","geometry":{"type":"Point","coordinates":[106.835484,-6.30125]},"properties":{"layer_id":"mobilitas","jenis":"tol","nama":"Gerbang Tol Lenteng Agung 2","sumber":"OSM","atribut":{}}},{"type":"Feature","geometry":{"type":"Point","coordinates":[106.813436,-6.292344]},"properties":{"layer_id":"mobilitas","jenis":"tol","nama":"gerbang tol ampera 2","sumber":"OSM","atribut":{}}},{"type":"Feature","geometry":{"type":"Point","coordinates":[106.803285,-6.32063]},"properties":{"layer_id":"mobilitas","jenis":"tol","nama":"Gerbang tol","sumber":"OSM","atribut":{}}},{"type":"Feature","geometry":{"type":"Point","coordinates":[106.720581,-6.098121]},"properties":{"layer_id":"mobilitas","jenis":"tol","nama":"Gerbang Tol Kataraja 1","sumber":"OSM","atribut":{}}},{"type":"Feature","geometry":{"type":"Point","coordinates":[107.026662,-6.349835]},"properties":{"layer_id":"mobilitas","jenis":"tol","nama":"Gerbang Tol Burangkeng","sumber":"OSM","atribut":{}}},{"type":"Feature","geometry":{"type":"Point","coordinates":[106.963052,-6.24975]},"properties":{"layer_id":"mobilitas","jenis":"tol","nama":"Gerbang tol","sumber":"OSM","atribut":{}}},{"type":"Feature","geometry":{"type":"Point","coordinates":[107.194002,-6.424459]},"properties":{"layer_id":"mobilitas","jenis":"tol","nama":"Gerbang Tol Bojongmangu","sumber":"OSM","atribut":{}}},{"type":"Feature","geometry":{"type":"Point","coordinates":[107.193972,-6.424529]},"properties":{"layer_id":"mobilitas","jenis":"tol","nama":"Gerbang Tol Bojongmangu","sumber":"OSM","atribut":{}}},{"type":"Feature","geometry":{"type":"Point","coordinates":[106.830827,-6.684139]},"properties":{"layer_id":"mobilitas","jenis":"tol","nama":"Gerbang Tol Caringin Utama","sumber":"OSM","atribut":{}}},{"type":"Feature","geometry":{"type":"Point","coordinates":[107.083119,-6.287646]},"properties":{"layer_id":"mobilitas","jenis":"tol","nama":"GT Cibitung 5","sumber":"OSM","atribut":{}}},{"type":"Feature","geometry":{"type":"Point","coordinates":[106.897839,-6.41187]},"properties":{"layer_id":"mobilitas","jenis":"tol","nama":"Cimanggis 6","sumber":"OSM","atribut":{}}},{"type":"Feature","geometry":{"type":"Point","coordinates":[106.698696,-6.075358]},"properties":{"layer_id":"mobilitas","jenis":"tol","nama":"Gerbang Tol Kosambi 1","sumber":"OSM","atribut":{}}},{"type":"Feature","geometry":{"type":"Point","coordinates":[106.696318,-6.074205]},"properties":{"layer_id":"mobilitas","jenis":"tol","nama":"Gerbang Tol Kosambi 2","sumber":"OSM","atribut":{}}},{"type":"Feature","geometry":{"type":"Point","coordinates":[106.689793,-6.068144]},"properties":{"layer_id":"mobilitas","jenis":"tol","nama":"Gerbang tol","sumber":"OSM","atribut":{}}},{"type":"Feature","geometry":{"type":"Point","coordinates":[106.689302,-6.06851]},"properties":{"layer_id":"mobilitas","jenis":"tol","nama":"Gerbang tol","sumber":"OSM","atribut":{}}},{"type":"Feature","geometry":{"type":"Point","coordinates":[106.616536,-6.224736]},"properties":{"layer_id":"mobilitas","jenis":"tol","nama":"Gerbang tol","sumber":"OSM","atribut":{}}},{"type":"Feature","geometry":{"type":"Point","coordinates":[106.77989,-6.124615]},"properties":{"layer_id":"mobilitas","jenis":"tol","nama":"Pluit 3","sumber":"OSM","atribut":{}}},{"type":"Feature","geometry":{"type":"Point","coordinates":[106.947983,-6.11875]},"properties":{"layer_id":"mobilitas","jenis":"tol","nama":"Gerbang tol","sumber":"OSM","atribut":{}}}]}