{"type":"FeatureCollection","features":[{"type":"Feature","geometry":{"type":"MultiPolygon","coordinates":[[[[106.688167,-6.282558],[106.68832,-6.282543],[106.688491,-6.282401],[106.688983,-6.282231],[106.689255,-6.282329],[106.690181,-6.281866],[106.690395,-6.281862],[106.690552,-6.281739],[106.690625,-6.281411],[106.690597,-6.280851],[106.690916,-6.28084],[106.691426,-6.281069],[106.691902,-6.281077],[106.692369,-6.281715],[106.69247,-6.281712],[106.693566,-6.281554],[106.694793,-6.281556],[106.696061,-6.281091],[106.696727,-6.281175],[106.696996,-6.281123],[106.697451,-6.280812],[106.69756,-6.28062],[106.696479,-6.280011],[106.69644,-6.279726],[106.696493,-6.277609],[106.696442,-6.276938],[106.69601,-6.276],[106.693773,-6.274136],[106.693098,-6.272888],[106.691218,-6.271074],[106.68933,-6.26937],[106.689266,-6.269234],[106.690214,-6.266396],[106.690601,-6.264792],[106.690853,-6.264339],[106.691196,-6.264125],[106.691489,-6.263579],[106.692106,-6.261819],[106.69213,-6.261001],[106.691943,-6.260332],[106.691823,-6.259572],[106.692376,-6.259542],[106.692668,-6.259324],[106.693149,-6.25925],[106.693526,-6.259396],[106.694129,-6.259883],[106.696929,-6.261238],[106.697719,-6.261938],[106.698579,-6.262962],[106.699541,-6.263914],[106.700081,-6.264262],[106.700809,-6.264456],[106.700959,-6.264609],[106.70177,-6.264023],[106.701619,-6.263794],[106.701977,-6.263576],[106.702508,-6.264346],[106.702527,-6.26446],[106.703387,-6.263901],[106.703974,-6.263636],[106.704772,-6.263628],[106.704951,-6.264724],[106.705118,-6.265301],[106.706318,-6.266181],[106.706746,-6.267243],[106.706749,-6.267772],[106.706617,-6.268262],[106.706552,-6.269568],[106.706737,-6.269912],[106.707589,-6.270447],[106.706434,-6.27075],[106.706348,-6.271002],[106.705607,-6.27151],[106.705558,-6.271843],[106.705416,-6.27213],[106.705436,-6.272283],[106.70678,-6.273932],[106.706743,-6.274687],[106.706052,-6.275253],[106.705973,-6.275499],[106.702233,-6.282745],[106.702258,-6.284736],[106.702364,-6.285349],[106.703171,-6.288244],[106.703325,-6.288424],[106.700796,-6.288931],[106.700433,-6.288926],[106.700399,-6.288998],[106.699208,-6.288727],[106.699002,-6.288733],[106.698788,-6.288805],[106.698198,-6.288791],[106.698249,-6.289015],[106.697005,-6.289153],[106.69396,-6.289215],[106.693582,-6.289271],[106.693252,-6.289218],[106.691391,-6.289827],[106.690613,-6.289872],[106.690438,-6.289527],[106.6902,-6.28945],[106.689892,-6.289699],[106.689007,-6.289969],[106.688904,-6.289683],[106.688657,-6.289465],[106.688597,-6.289331],[106.688646,-6.288824],[106.688802,-6.288733],[106.689273,-6.288824],[106.689478,-6.288715],[106.689442,-6.288543],[106.689202,-6.288353],[106.68911,-6.288064],[106.689109,-6.287802],[106.689227,-6.287412],[106.689714,-6.286995],[106.690282,-6.286794],[106.690351,-6.286583],[106.690178,-6.286368],[106.689792,-6.28639],[106.689431,-6.286098],[106.689016,-6.285123],[106.688589,-6.284486],[106.688561,-6.284226],[106.688752,-6.283924],[106.688762,-6.283628],[106.688496,-6.283392],[106.688125,-6.283223],[106.688083,-6.283143],[106.688204,-6.282724],[106.688167,-6.282558]]]]},"properties":{"nama":"Parigi Lama","kecamatan":"Pondok Aren","kota":"Kota Tangerang Selatan","tipe_kawasan":"Kawasan hijau","kualitas_udara":"sehat","atribut":{"sumber_batas":"OSM","kualitas_udara":"contoh","stasiun":0,"rth":4,"poi":0}}},{"type":"Feature","geometry":{"type":"MultiPolygon","coordinates":[[[[106.703325,-6.288424],[106.703171,-6.288244],[106.702364,-6.285349],[106.702258,-6.284736],[106.702233,-6.282745],[106.705973,-6.275499],[106.706052,-6.275253],[106.706743,-6.274687],[106.70678,-6.273932],[106.705436,-6.272283],[106.705416,-6.27213],[106.705558,-6.271843],[106.705607,-6.27151],[106.706348,-6.271002],[106.706434,-6.27075],[106.707589,-6.270447],[106.707586,-6.270384],[106.707817,-6.270563],[106.70808,-6.27096],[106.708171,-6.272226],[106.71013,-6.272039],[106.712702,-6.273492],[106.716231,-6.275015],[106.717595,-6.274949],[106.718621,-6.279283],[106.718845,-6.280531],[106.718417,-6.280802],[106.717848,-6.281164],[106.716918,-6.283355],[106.716729,-6.284485],[106.7157,-6.285211],[106.715572,-6.285436],[106.715516,-6.285705],[106.715763,-6.286638],[106.715598,-6.288864],[106.715177,-6.290527],[106.715334,-6.291655],[106.715976,-6.2925],[106.714297,-6.293453],[106.713653,-6.29364],[106.712583,-6.293728],[106.710395,-6.294139],[106.708838,-6.294228],[106.708534,-6.294152],[106.707352,-6.29324],[106.706832,-6.292603],[106.705893,-6.292072],[106.7057,-6.291902],[106.705349,-6.291342],[106.705081,-6.29007],[106.70419,-6.28898],[106.703372,-6.288368],[106.703325,-6.288424]]]]},"properties":{"nama":"Pondok Pucung","kecamatan":"Pondok Aren","kota":"Kota Tangerang Selatan","tipe_kawasan":"Kawasan hijau","kualitas_udara":"sehat","atribut":{"sumber_batas":"OSM","kualitas_udara":"contoh","stasiun":0,"rth":11,"poi":1}}},{"type":"Feature","geometry":{"type":"MultiPolygon","coordinates":[[[[106.735725,-6.423138],[106.735723,-6.423424],[106.736007,-6.42391],[106.7367,-6.423863],[106.736867,-6.423953],[106.736807,-6.424373],[106.736592,-6.424523],[106.73595,-6.424652],[106.735627,-6.424866],[106.735298,-6.425301],[106.735324,-6.425971],[106.735194,-6.426248],[106.734619,-6.426257],[106.734057,-6.426395],[106.732986,-6.42647],[106.732819,-6.426601],[106.732712,-6.426855],[106.732727,-6.427193],[106.733264,-6.42796],[106.733429,-6.428301],[106.733487,-6.428679],[106.733463,-6.428768],[106.733246,-6.428943],[106.732896,-6.429125],[106.73286,-6.429274],[106.732947,-6.42939],[106.733471,-6.429313],[106.733944,-6.429417],[106.734165,-6.429534],[106.734783,-6.430548],[106.735099,-6.430809],[106.735664,-6.430907],[106.735881,-6.431394],[106.736308,-6.43173],[106.736328,-6.432054],[106.735982,-6.432614],[106.73589,-6.433754],[106.735791,-6.434098],[106.736061,-6.434332],[106.736623,-6.43452],[106.736877,-6.435505],[106.736821,-6.435921],[106.737066,-6.436146],[106.737117,-6.436779],[106.737166,-6.436923],[106.737315,-6.437067],[106.737474,-6.437799],[106.737851,-6.438313],[106.738369,-6.438797],[106.73859,-6.43863],[106.739047,-6.438879],[106.739319,-6.438926],[106.742691,-6.438844],[106.74471,-6.438927],[106.745127,-6.438902],[106.745911,-6.438735],[106.745937,-6.439063],[106.746398,-6.438937],[106.748313,-6.438996],[106.748647,-6.439078],[106.748726,-6.438796],[106.74897,-6.438827],[106.748966,-6.43892],[106.749394,-6.438741],[106.749583,-6.438969],[106.749975,-6.439021],[106.75006,-6.438914],[106.750331,-6.438931],[106.751758,-6.438749],[106.753097,-6.438708],[106.753451,-6.438849],[106.75363,-6.437943],[106.753629,-6.437675],[106.75347,-6.437526],[106.752983,-6.437517],[106.752922,-6.437338],[106.753021,-6.436744],[106.753345,-6.436549],[106.753571,-6.436283],[106.753501,-6.435889],[106.753396,-6.435612],[106.752955,-6.435028],[106.752165,-6.434664],[106.752157,-6.4346],[106.752525,-6.43443],[106.752716,-6.434044],[106.753028,-6.43371],[106.753298,-6.432892],[106.753711,-6.432793],[106.753803,-6.432718],[106.754012,-6.432746],[106.754286,-6.432631],[106.75438,-6.432379],[106.754302,-6.43227],[106.754392,-6.432123],[106.754525,-6.43208],[106.754608,-6.431902],[106.754542,-6.431776],[106.754927,-6.430642],[106.754726,-6.430516],[106.754545,-6.430246],[106.753905,-6.430055],[106.752926,-6.429958],[106.751309,-6.429572],[106.751036,-6.430238],[106.74971,-6.429881],[106.74923,-6.429609],[106.747948,-6.429504],[106.747523,-6.429283],[106.747506,-6.429139],[106.747376,-6.429097],[106.746821,-6.42922],[106.746782,-6.429639],[106.746638,-6.429706],[106.746095,-6.429711],[106.745973,-6.42966],[106.745855,-6.42925],[106.745639,-6.429132],[106.745728,-6.428431],[106.745675,-6.427805],[106.745991,-6.426754],[106.746474,-6.426259],[106.746501,-6.426163],[106.745921,-6.425784],[106.745997,-6.425614],[106.745921,-6.425587],[106.745889,-6.425416],[106.745648,-6.42539],[106.745675,-6.425235],[106.74561,-6.425182],[106.745664,-6.425129],[106.745455,-6.424707],[106.745433,-6.42442],[106.745358,-6.424393],[106.745986,-6.423124],[106.746442,-6.422826],[106.746549,-6.422628],[106.746742,-6.422549],[106.747461,-6.422751],[106.747949,-6.42152],[106.747847,-6.420928],[106.748077,-6.420733],[106.747439,-6.420683],[106.747198,-6.420741],[106.746989,-6.420928],[106.746501,-6.421029],[106.744752,-6.421195],[106.744259,-6.421134],[106.743887,-6.421173],[106.743896,-6.421244],[106.743393,-6.42128],[106.743405,-6.421542],[106.743306,-6.421752],[106.74312,-6.422077],[106.742706,-6.422493],[106.742496,-6.422805],[106.742424,-6.423075],[106.742168,-6.42347],[106.742075,-6.423936],[106.741829,-6.42388],[106.741367,-6.423602],[106.741259,-6.423629],[106.741158,-6.423788],[106.740983,-6.423891],[106.740588,-6.424042],[106.74037,-6.424322],[106.740308,-6.425294],[106.739919,-6.425907],[106.739066,-6.42588],[106.738958,-6.425027],[106.739039,-6.42451],[106.73873,-6.424148],[106.738403,-6.424169],[106.738301,-6.424108],[106.738146,-6.423495],[106.738046,-6.423417],[106.737773,-6.42329],[106.737462,-6.423361],[106.73703,-6.423287],[106.736198,-6.423316],[106.735725,-6.423138]]]]},"properties":{"nama":"Duren Seribu","kecamatan":"Bojongsari","kota":"Kota Depok","tipe_kawasan":"Kawasan hijau","kualitas_udara":"sehat","atribut":{"sumber_batas":"OSM","kualitas_udara":"contoh","stasiun":0,"rth":3,"poi":2}}},{"type":"Feature","geometry":{"type":"MultiPolygon","coordinates":[[[[106.735198,-6.411748],[106.734577,-6.413459],[106.733917,-6.41628],[106.734737,-6.416532],[106.734841,-6.416939],[106.735042,-6.417287],[106.735454,-6.417788],[106.736175,-6.417974],[106.73635,-6.418616],[106.736413,-6.418661],[106.736819,-6.418524],[106.736995,-6.418559],[106.737063,-6.418857],[106.737242,-6.418959],[106.737271,-6.419116],[106.737124,-6.419826],[106.736175,-6.420081],[106.735572,-6.420409],[106.73553,-6.420617],[106.735942,-6.420763],[106.73615,-6.420981],[106.736144,-6.421058],[106.735932,-6.421275],[106.735977,-6.421891],[106.735888,-6.422203],[106.735761,-6.422376],[106.735358,-6.422628],[106.735651,-6.422811],[106.735715,-6.422907],[106.735725,-6.423138],[106.736053,-6.423276],[106.73703,-6.423287],[106.737462,-6.423361],[106.737773,-6.42329],[106.738046,-6.423417],[106.738146,-6.423495],[106.738301,-6.424108],[106.738403,-6.424169],[106.73873,-6.424148],[106.739039,-6.42451],[106.738958,-6.425027],[106.739066,-6.42588],[106.739919,-6.425907],[106.740308,-6.425294],[106.740328,-6.424413],[106.740588,-6.424042],[106.740983,-6.423891],[106.741158,-6.423788],[106.741259,-6.423629],[106.741367,-6.423602],[106.741829,-6.42388],[106.742075,-6.423936],[106.742168,-6.42347],[106.742706,-6.422493],[106.74312,-6.422077],[106.743306,-6.421752],[106.743405,-6.421542],[106.743393,-6.42128],[106.743896,-6.421244],[106.743887,-6.421173],[106.744259,-6.421134],[106.744752,-6.421195],[106.746501,-6.421029],[106.746989,-6.420928],[106.747198,-6.420741],[106.747439,-6.420683],[106.748077,-6.420733],[106.748828,-6.420518],[106.748909,-6.419664],[106.749053,-6.419074],[106.748789,-6.41888],[106.748716,-6.418672],[106.749038,-6.418252],[106.749483,-6.41726],[106.749612,-6.416743],[106.749698,-6.415784],[106.749634,-6.415277],[106.749574,-6.415224],[106.749462,-6.415288],[106.749381,-6.415251],[106.749322,-6.414803],[106.749076,-6.414547],[106.748979,-6.414062],[106.748732,-6.413822],[106.748668,-6.413667],[106.748705,-6.413577],[106.748802,-6.413571],[106.748732,-6.413284],[106.748357,-6.412553],[106.748233,-6.412511],[106.748185,-6.412409],[106.748464,-6.41169],[106.747702,-6.411594],[106.747831,-6.410714],[106.747761,-6.410448],[106.74646,-6.410209],[106.746147,-6.410302],[106.745893,-6.410295],[106.745735,-6.410055],[106.74546,-6.409922],[106.744694,-6.409875],[106.744343,-6.409913],[106.744193,-6.410006],[106.742515,-6.409885],[106.742567,-6.410314],[106.742525,-6.410536],[106.742371,-6.410679],[106.741832,-6.410851],[106.741692,-6.411012],[106.740776,-6.410824],[106.74057,-6.411762],[106.740572,-6.412057],[106.740289,-6.412089],[106.740334,-6.412721],[106.738758,-6.412617],[106.735625,-6.411908],[106.735198,-6.411748]]]]},"properties":{"nama":"Duren Mekar","kecamatan":"Bojongsari","kota":"Kota Depok","tipe_kawasan":"Kawasan hijau","kualitas_udara":"sehat","atribut":{"sumber_batas":"OSM","kualitas_udara":"contoh","stasiun":0,"rth":3,"poi":1}}},{"type":"Feature","geometry":{"type":"MultiPolygon","coordinates":[[[[106.747645,-6.410389],[106.747804,-6.410522],[106.747831,-6.410714],[106.747702,-6.411594],[106.748464,-6.41169],[106.748185,-6.412409],[106.748233,-6.412511],[106.748357,-6.412553],[106.748732,-6.413284],[106.748802,-6.413571],[106.748705,-6.413577],[106.748668,-6.413667],[106.748732,-6.413822],[106.748979,-6.414062],[106.749076,-6.414547],[106.749322,-6.414803],[106.749381,-6.415251],[106.749462,-6.415288],[106.749574,-6.415224],[106.749634,-6.415277],[106.749698,-6.415784],[106.749677,-6.416237],[106.749612,-6.416743],[106.749317,-6.417692],[106.749038,-6.418252],[106.748716,-6.418672],[106.748789,-6.41888],[106.749053,-6.419074],[106.748909,-6.419664],[106.748828,-6.420518],[106.748077,-6.420733],[106.747847,-6.420928],[106.747949,-6.42152],[106.747461,-6.422751],[106.746742,-6.422549],[106.746549,-6.422628],[106.746442,-6.422826],[106.745986,-6.423124],[106.745358,-6.424393],[106.745433,-6.42442],[106.745455,-6.424707],[106.745664,-6.425129],[106.74561,-6.425182],[106.745675,-6.425235],[106.745648,-6.42539],[106.745889,-6.425416],[106.745921,-6.425587],[106.745997,-6.425614],[106.745921,-6.425784],[106.746501,-6.426163],[106.746474,-6.426259],[106.745991,-6.426754],[106.745675,-6.427805],[106.745728,-6.428431],[106.745639,-6.429132],[106.745855,-6.42925],[106.745973,-6.42966],[106.746095,-6.429711],[106.746638,-6.429706],[106.746782,-6.429639],[106.746821,-6.42922],[106.747376,-6.429097],[106.747506,-6.429139],[106.747523,-6.429283],[106.747948,-6.429504],[106.74923,-6.429609],[106.74971,-6.429881],[106.751036,-6.430238],[106.751309,-6.429572],[106.752926,-6.429958],[106.753905,-6.430055],[106.754545,-6.430246],[106.754726,-6.430516],[106.754927,-6.430642],[106.754542,-6.431776],[106.754608,-6.431902],[106.754525,-6.43208],[106.754392,-6.432123],[106.754302,-6.43227],[106.75438,-6.432379],[106.754286,-6.432631],[106.754012,-6.432746],[106.753803,-6.432718],[106.753711,-6.432793],[106.753298,-6.432892],[106.753028,-6.43371],[106.752716,-6.434044],[106.752525,-6.43443],[106.752157,-6.4346],[106.752165,-6.434664],[106.752955,-6.435028],[106.753396,-6.435612],[106.753501,-6.435889],[106.753571,-6.436283],[106.753345,-6.436549],[106.753021,-6.436744],[106.752922,-6.437338],[106.752983,-6.437517],[106.75347,-6.437526],[106.753629,-6.437675],[106.75363,-6.437943],[106.753451,-6.438849],[106.75448,-6.438962],[106.754878,-6.438871],[106.755522,-6.439039],[106.755585,-6.438981],[106.756876,-6.439105],[106.757094,-6.439052],[106.757132,-6.438933],[106.758043,-6.438989],[106.759085,-6.438942],[106.76,-6.438976],[106.760001,-6.438641],[106.760157,-6.438642],[106.76049,-6.438695],[106.760835,-6.438907],[106.763014,-6.439092],[106.763575,-6.439009],[106.763785,-6.438853],[106.764122,-6.439235],[106.764786,-6.439199],[106.764708,-6.437456],[106.764234,-6.437145],[106.764085,-6.436829],[106.763629,-6.436488],[106.763597,-6.436312],[106.763737,-6.436131],[106.763737,-6.435902],[106.763511,-6.435555],[106.763527,-6.435337],[106.763603,-6.435076],[106.76393,-6.434814],[106.763871,-6.434255],[106.763667,-6.434105],[106.763286,-6.433988],[106.762868,-6.434042],[106.762766,-6.433882],[106.762674,-6.433332],[106.762605,-6.433253],[106.762353,-6.433258],[106.762219,-6.433338],[106.762122,-6.433647],[106.762036,-6.433684],[106.761425,-6.43329],[106.76129,-6.432799],[106.761076,-6.432794],[106.760877,-6.432959],[106.760534,-6.432959],[106.760357,-6.432773],[106.760357,-6.432613],[106.7607,-6.432325],[106.761467,-6.431952],[106.76165,-6.431728],[106.761634,-6.431493],[106.761768,-6.430902],[106.76165,-6.43063],[106.761559,-6.429974],[106.761639,-6.429452],[106.761752,-6.429228],[106.762068,-6.429036],[106.762347,-6.428556],[106.763323,-6.427474],[106.763372,-6.427277],[106.763222,-6.427058],[106.762691,-6.426685],[106.761628,-6.426733],[106.761028,-6.426696],[106.760641,-6.426642],[106.760373,-6.426499],[106.76025,-6.426296],[106.760277,-6.426168],[106.76077,-6.425688],[106.760867,-6.425246],[106.761162,-6.424771],[106.761162,-6.424505],[106.761065,-6.424329],[106.760663,-6.424068],[106.75981,-6.423231],[106.759209,-6.422436],[106.759096,-6.422197],[106.759118,-6.422026],[106.759413,-6.421642],[106.759896,-6.420773],[106.759445,-6.420491],[106.758726,-6.420262],[106.758243,-6.419798],[106.757873,-6.419904],[106.757669,-6.419888],[106.757535,-6.419798],[106.757315,-6.419441],[106.756774,-6.419041],[106.756409,-6.418929],[106.756318,-6.418758],[106.756334,-6.418577],[106.756688,-6.417756],[106.756961,-6.417511],[106.75723,-6.417084],[106.757272,-6.416535],[106.75761,-6.416066],[106.757557,-6.415976],[106.757814,-6.415299],[106.757541,-6.415149],[106.757675,-6.414824],[106.757863,-6.414003],[106.758587,-6.414153],[106.758946,-6.414371],[106.759601,-6.415101],[106.760019,-6.415299],[106.760277,-6.415581],[106.760405,-6.415597],[106.760609,-6.415416],[106.760652,-6.415165],[106.760389,-6.41404],[106.760121,-6.413518],[106.759606,-6.412788],[106.759493,-6.412452],[106.75952,-6.411535],[106.759762,-6.410735],[106.759692,-6.410495],[106.75944,-6.410304],[106.758552,-6.409985],[106.758262,-6.410107],[106.757724,-6.410052],[106.757739,-6.410125],[106.757181,-6.41004],[106.756993,-6.410352],[106.755974,-6.41017],[106.754698,-6.409829],[106.754488,-6.41016],[106.754349,-6.410202],[106.752707,-6.409728],[106.752402,-6.409307],[106.75211,-6.409458],[106.752005,-6.409333],[106.751623,-6.409466],[106.751419,-6.409177],[106.75099,-6.408216],[106.749745,-6.407513],[106.749366,-6.406996],[106.748888,-6.406816],[106.748704,-6.40682],[106.748549,-6.407043],[106.748083,-6.406822],[106.747928,-6.407404],[106.74785,-6.408275],[106.747515,-6.40839],[106.747579,-6.408542],[106.747536,-6.409291],[106.747611,-6.409397],[106.74771,-6.409419],[106.747694,-6.409544],[106.74781,-6.409659],[106.747673,-6.409981],[106.747645,-6.410389]]]]},"properties":{"nama":"Pengasinan","kecamatan":"Sawangan","kota":"Kota Depok","tipe_kawasan":"Pusat aktivitas","kualitas_udara":"sehat","atribut":{"sumber_batas":"OSM","kualitas_udara":"contoh","stasiun":0,"rth":2,"poi":9}}},{"type":"Feature","geometry":{"type":"MultiPolygon","coordinates":[[[[106.742515,-6.409885],[106.744193,-6.410006],[106.744343,-6.409913],[106.744694,-6.409875],[106.74546,-6.409922],[106.745735,-6.410055],[106.745893,-6.410295],[106.746147,-6.410302],[106.74646,-6.410209],[106.747645,-6.410389],[106.747673,-6.409981],[106.74781,-6.409659],[106.747694,-6.409544],[106.74771,-6.409419],[106.747611,-6.409397],[106.747536,-6.409291],[106.747579,-6.408542],[106.747515,-6.40839],[106.74785,-6.408275],[106.747928,-6.407404],[106.748083,-6.406822],[106.748233,-6.405783],[106.747724,-6.405698],[106.747461,-6.405111],[106.748196,-6.404061],[106.748298,-6.403779],[106.74906,-6.40251],[106.749585,-6.402281],[106.749617,-6.402185],[106.749784,-6.402067],[106.749972,-6.40195],[106.750143,-6.40195],[106.750256,-6.401838],[106.750385,-6.401454],[106.750315,-6.401076],[106.750953,-6.400276],[106.750926,-6.399439],[106.750867,-6.399242],[106.75046,-6.399045],[106.750385,-6.398943],[106.750336,-6.398197],[106.750186,-6.39785],[106.750245,-6.397477],[106.750191,-6.397136],[106.749966,-6.397013],[106.749725,-6.396555],[106.749923,-6.395238],[106.750336,-6.394657],[106.750385,-6.394433],[106.750229,-6.394151],[106.750476,-6.392455],[106.750862,-6.392045],[106.750996,-6.391533],[106.751586,-6.39092],[106.751752,-6.390472],[106.751742,-6.390142],[106.751532,-6.390078],[106.751457,-6.389913],[106.750916,-6.389694],[106.750685,-6.390083],[106.750433,-6.390163],[106.74944,-6.390259],[106.749038,-6.390414],[106.748303,-6.391171],[106.747842,-6.391411],[106.747574,-6.391379],[106.747386,-6.391267],[106.746769,-6.3906],[106.744891,-6.389683],[106.744376,-6.390803],[106.743765,-6.39236],[106.742914,-6.397866],[106.741539,-6.405476],[106.741396,-6.405806],[106.741208,-6.406049],[106.740629,-6.406374],[106.740342,-6.406414],[106.738142,-6.406184],[106.737643,-6.406331],[106.737378,-6.406509],[106.737193,-6.406714],[106.736942,-6.407239],[106.735974,-6.409906],[106.735198,-6.411748],[106.735625,-6.411908],[106.738758,-6.412617],[106.740334,-6.412721],[106.740289,-6.412089],[106.740572,-6.412057],[106.74057,-6.411762],[106.740776,-6.410824],[106.741692,-6.411012],[106.741832,-6.410851],[106.742371,-6.410679],[106.742525,-6.410536],[106.742567,-6.410314],[106.742515,-6.409885]]]]},"properties":{"nama":"Bojongsari Lama","kecamatan":"Bojongsari","kota":"Kota Depok","tipe_kawasan":"Permukiman","kualitas_udara":"kurang_sehat","atribut":{"sumber_batas":"OSM","kualitas_udara":"contoh","stasiun":0,"rth":1,"poi":2}}},{"type":"Feature","geometry":{"type":"MultiPolygon","coordinates":[[[[106.751536,-6.384898],[106.75132,-6.383876],[106.751054,-6.38336],[106.74901,-6.383432],[106.748913,-6.382055],[106.745996,-6.382098],[106.744205,-6.382337],[106.743475,-6.382316],[106.74341,-6.382066],[106.742382,-6.381981],[106.742494,-6.381374],[106.742833,-6.380848],[106.742832,-6.380646],[106.742067,-6.380404],[106.742015,-6.380156],[106.741856,-6.379992],[106.741681,-6.379918],[106.741303,-6.38035],[106.740968,-6.38044],[106.739623,-6.380397],[106.739521,-6.380461],[106.739491,-6.380581],[106.737893,-6.380549],[106.737414,-6.380639],[106.73747,-6.382184],[106.737274,-6.386657],[106.737347,-6.386958],[106.738037,-6.387875],[106.738125,-6.388129],[106.738773,-6.392978],[106.738797,-6.393653],[106.738615,-6.394084],[106.738393,-6.394686],[106.738611,-6.395677],[106.738967,-6.396565],[106.74008,-6.39819],[106.741013,-6.400532],[106.741329,-6.400932],[106.741496,-6.400969],[106.741995,-6.400825],[106.742386,-6.400813],[106.742914,-6.397866],[106.743765,-6.39236],[106.744376,-6.390803],[106.744891,-6.389683],[106.746769,-6.3906],[106.747386,-6.391267],[106.747574,-6.391379],[106.747842,-6.391411],[106.748303,-6.391171],[106.749038,-6.390414],[106.74944,-6.390259],[106.750433,-6.390163],[106.750685,-6.390083],[106.750916,-6.389694],[106.751457,-6.389913],[106.7515,-6.389673],[106.751414,-6.389486],[106.751248,-6.389342],[106.751243,-6.389172],[106.751549,-6.388766],[106.751593,-6.388279],[106.751524,-6.387937],[106.750924,-6.387291],[106.750864,-6.386903],[106.750984,-6.386416],[106.751247,-6.385973],[106.751508,-6.385801],[106.751586,-6.385408],[106.751536,-6.384898]]]]},"properties":{"nama":"Bojongsari Baru","kecamatan":"Bojongsari","kota":"Kota Depok","tipe_kawasan":"Kawasan hijau","kualitas_udara":"sehat","atribut":{"sumber_batas":"OSM","kualitas_udara":"contoh","stasiun":0,"rth":5,"poi":2}}},{"type":"Feature","geometry":{"type":"MultiPolygon","coordinates":[[[[106.746548,-6.382106],[106.745996,-6.382098],[106.744205,-6.382337],[106.743475,-6.382316],[106.74341,-6.382066],[106.742382,-6.381981],[106.742494,-6.381374],[106.742833,-6.380848],[106.742832,-6.380646],[106.742067,-6.380404],[106.742015,-6.380156],[106.741856,-6.379992],[106.741681,-6.379918],[106.741303,-6.38035],[106.740968,-6.38044],[106.739623,-6.380397],[106.739521,-6.380461],[106.739491,-6.380581],[106.737893,-6.380549],[106.737414,-6.380639],[106.73698,-6.379687],[106.73577,-6.378029],[106.735583,-6.377406],[106.735079,-6.376635],[106.734757,-6.376325],[106.733965,-6.373975],[106.733716,-6.373967],[106.733304,-6.373767],[106.732838,-6.373751],[106.732614,-6.373778],[106.73214,-6.37398],[106.731848,-6.374013],[106.731159,-6.373665],[106.730732,-6.371819],[106.730688,-6.371367],[106.730803,-6.370471],[106.731277,-6.369205],[106.731367,-6.368804],[106.73164,-6.366923],[106.732014,-6.365284],[106.732003,-6.363622],[106.732049,-6.363422],[106.732636,-6.362219],[106.732722,-6.360611],[106.733998,-6.360549],[106.73446,-6.360615],[106.73692,-6.360567],[106.737212,-6.360647],[106.739371,-6.360673],[106.739594,-6.360737],[106.740098,-6.360695],[106.740149,-6.360743],[106.740402,-6.360716],[106.740487,-6.360615],[106.740822,-6.360596],[106.742722,-6.360747],[106.743105,-6.360711],[106.743853,-6.360815],[106.743891,-6.360737],[106.744747,-6.360857],[106.74495,-6.359938],[106.746058,-6.359946],[106.746013,-6.360537],[106.746369,-6.360615],[106.746707,-6.360609],[106.746699,-6.360916],[106.747509,-6.360913],[106.748015,-6.360999],[106.747833,-6.361559],[106.74659,-6.36389],[106.746031,-6.365724],[106.745675,-6.366995],[106.745226,-6.370553],[106.745209,-6.3712],[106.745676,-6.377097],[106.74656,-6.380881],[106.746605,-6.381735],[106.746548,-6.382106]]]]},"properties":{"nama":"Serua","kecamatan":"Bojongsari","kota":"Kota Depok","tipe_kawasan":"Permukiman","kualitas_udara":"kurang_sehat","atribut":{"sumber_batas":"OSM","kualitas_udara":"contoh","stasiun":0,"rth":1,"poi":5}}},{"type":"Feature","geometry":{"type":"MultiPolygon","coordinates":[[[[106.737414,-6.380639],[106.735315,-6.38093],[106.734236,-6.381494],[106.73263,-6.38199],[106.731163,-6.38164],[106.730094,-6.381119],[106.729132,-6.379726],[106.728728,-6.379484],[106.726407,-6.379284],[106.725719,-6.378439],[106.725675,-6.378302],[106.724383,-6.378151],[106.722822,-6.377658],[106.722944,-6.377492],[106.723573,-6.377101],[106.723775,-6.376892],[106.72376,-6.37662],[106.723534,-6.376387],[106.723349,-6.376315],[106.72315,-6.37633],[106.72283,-6.37638],[106.722288,-6.376612],[106.721848,-6.376626],[106.721048,-6.376424],[106.720864,-6.376306],[106.720883,-6.376136],[106.721428,-6.375353],[106.721632,-6.375272],[106.721866,-6.375014],[106.72245,-6.37482],[106.72271,-6.37461],[106.72271,-6.37434],[106.72246,-6.37404],[106.72172,-6.373645],[106.721383,-6.373635],[106.721174,-6.373554],[106.720095,-6.372591],[106.719095,-6.372145],[106.718622,-6.371612],[106.718364,-6.371419],[106.717888,-6.371208],[106.71778,-6.37073],[106.717638,-6.370455],[106.717376,-6.370339],[106.71712,-6.370104],[106.7171,-6.369834],[106.716966,-6.369611],[106.717352,-6.368974],[106.717525,-6.368451],[106.717781,-6.368409],[106.718319,-6.367636],[106.718426,-6.367377],[106.718441,-6.367148],[106.718411,-6.366987],[106.717858,-6.366978],[106.717682,-6.366687],[106.717644,-6.366499],[106.717294,-6.36639],[106.717153,-6.365812],[106.717025,-6.36561],[106.717016,-6.365372],[106.717073,-6.365176],[106.717501,-6.364878],[106.717772,-6.364777],[106.717864,-6.364495],[106.717795,-6.364307],[106.71795,-6.364072],[106.718987,-6.364193],[106.719336,-6.36434],[106.719553,-6.364358],[106.720229,-6.36426],[106.720389,-6.36415],[106.720941,-6.363349],[106.721329,-6.363035],[106.721314,-6.362889],[106.720933,-6.362187],[106.721138,-6.362118],[106.721677,-6.362145],[106.721518,-6.36053],[106.721567,-6.360483],[106.723614,-6.360394],[106.728058,-6.360042],[106.730031,-6.360232],[106.73088,-6.360228],[106.730981,-6.360372],[106.732722,-6.360611],[106.732636,-6.362219],[106.732049,-6.363422],[106.732003,-6.363622],[106.732014,-6.365284],[106.73164,-6.366923],[106.731352,-6.368912],[106.730803,-6.370471],[106.730702,-6.371112],[106.730732,-6.371819],[106.731113,-6.373572],[106.731223,-6.373727],[106.731848,-6.374013],[106.73214,-6.37398],[106.732614,-6.373778],[106.732838,-6.373751],[106.733304,-6.373767],[106.733716,-6.373967],[106.733965,-6.373975],[106.734757,-6.376325],[106.735079,-6.376635],[106.735583,-6.377406],[106.73577,-6.378029],[106.73698,-6.379687],[106.737414,-6.380639]]]]},"properties":{"nama":"Pondok Petir","kecamatan":"Bojongsari","kota":"Kota Depok","tipe_kawasan":"Kawasan hijau","kualitas_udara":"sehat","atribut":{"sumber_batas":"OSM","kualitas_udara":"contoh","stasiun":0,"rth":3,"poi":0}}},{"type":"Feature","geometry":{"type":"MultiPolygon","coordinates":[[[[106.735198,-6.411748],[106.735974,-6.409906],[106.736942,-6.407239],[106.737193,-6.406714],[106.737378,-6.406509],[106.737643,-6.406331],[106.738142,-6.406184],[106.740342,-6.406414],[106.740629,-6.406374],[106.741208,-6.406049],[106.741396,-6.405806],[106.741539,-6.405476],[106.742386,-6.400813],[106.741995,-6.400825],[106.741496,-6.400969],[106.741329,-6.400932],[106.741169,-6.400783],[106.740605,-6.399611],[106.74008,-6.39819],[106.738967,-6.396565],[106.738611,-6.395677],[106.738464,-6.395098],[106.738394,-6.394625],[106.738788,-6.393715],[106.738796,-6.393319],[106.738416,-6.390034],[106.738097,-6.387987],[106.737347,-6.386958],[106.737274,-6.386657],[106.73747,-6.382184],[106.737414,-6.380639],[106.735315,-6.38093],[106.734236,-6.381494],[106.73263,-6.38199],[106.731163,-6.38164],[106.730094,-6.381119],[106.729132,-6.379726],[106.728728,-6.379484],[106.726407,-6.379284],[106.725719,-6.378439],[106.725675,-6.378302],[106.724383,-6.378151],[106.722822,-6.377658],[106.722723,-6.377791],[106.72254,-6.37862],[106.72215,-6.37901],[106.72173,-6.37963],[106.72167,-6.37982],[106.72215,-6.38005],[106.72228,-6.38039],[106.72241,-6.38055],[106.723247,-6.381072],[106.723317,-6.381202],[106.723249,-6.381569],[106.72294,-6.38187],[106.722682,-6.382575],[106.72262,-6.38359],[106.72249,-6.38396],[106.72201,-6.38465],[106.72185,-6.38521],[106.721777,-6.385767],[106.721907,-6.386034],[106.722064,-6.386148],[106.722154,-6.38613],[106.72228,-6.386048],[106.72239,-6.385523],[106.722604,-6.385208],[106.722777,-6.385142],[106.722836,-6.385202],[106.722836,-6.385398],[106.722694,-6.385785],[106.722764,-6.386319],[106.722931,-6.386607],[106.723328,-6.386917],[106.72364,-6.38666],[106.723924,-6.38673],[106.72414,-6.386892],[106.724379,-6.386846],[106.72464,-6.38652],[106.7247,-6.3862],[106.72502,-6.38607],[106.725234,-6.385649],[106.725365,-6.385559],[106.725983,-6.385421],[106.72643,-6.38554],[106.7268,-6.38587],[106.726955,-6.385933],[106.727333,-6.386013],[106.72802,-6.38595],[106.72803,-6.38629],[106.72793,-6.38656],[106.7278,-6.38669],[106.726866,-6.38695],[106.726836,-6.387064],[106.726968,-6.387514],[106.726677,-6.387969],[106.72671,-6.388103],[106.726896,-6.388207],[106.727086,-6.38825],[106.727562,-6.388203],[106.727933,-6.388065],[106.72817,-6.3877],[106.728371,-6.387728],[106.72859,-6.3882],[106.72862,-6.38886],[106.72879,-6.3895],[106.72877,-6.38966],[106.72862,-6.38977],[106.727368,-6.38944],[106.727056,-6.38955],[106.727025,-6.389767],[106.72723,-6.39024],[106.72719,-6.39058],[106.72706,-6.39093],[106.72694,-6.39186],[106.726985,-6.391955],[106.72748,-6.39217],[106.727634,-6.392423],[106.727395,-6.393326],[106.72746,-6.39346],[106.72766,-6.39361],[106.72841,-6.394066],[106.728571,-6.394301],[106.728542,-6.3945],[106.728378,-6.394609],[106.7277,-6.3945],[106.727481,-6.394133],[106.7274,-6.39411],[106.72704,-6.39429],[106.72674,-6.39467],[106.726604,-6.395019],[106.726327,-6.395229],[106.726194,-6.395796],[106.726364,-6.396059],[106.726386,-6.396298],[106.726472,-6.396367],[106.72681,-6.396374],[106.727033,-6.39627],[106.727118,-6.396204],[106.727206,-6.395915],[106.727688,-6.395722],[106.728162,-6.395899],[106.728591,-6.395862],[106.728685,-6.396145],[106.728755,-6.396176],[106.728873,-6.396158],[106.728984,-6.396008],[106.72904,-6.396019],[106.729196,-6.396255],[106.729411,-6.396428],[106.729439,-6.396666],[106.729389,-6.396722],[106.72903,-6.396889],[106.72863,-6.397241],[106.728579,-6.397583],[106.728771,-6.397898],[106.728582,-6.398335],[106.728636,-6.398634],[106.72904,-6.399006],[106.729482,-6.39893],[106.730228,-6.398944],[106.73043,-6.399184],[106.730771,-6.399113],[106.730913,-6.399203],[106.730856,-6.399296],[106.730486,-6.399489],[106.730136,-6.399851],[106.729696,-6.40008],[106.729562,-6.400923],[106.729661,-6.401285],[106.729658,-6.40201],[106.72974,-6.402091],[106.730072,-6.401901],[106.73021,-6.401897],[106.730427,-6.402158],[106.730577,-6.402229],[106.731159,-6.402115],[106.731275,-6.402153],[106.73148,-6.402555],[106.731454,-6.402621],[106.731233,-6.402686],[106.731169,-6.402825],[106.731223,-6.403205],[106.731147,-6.403502],[106.731168,-6.404434],[106.731398,-6.404561],[106.732066,-6.40456],[106.732141,-6.405059],[106.73186,-6.405298],[106.731896,-6.405705],[106.731996,-6.4057],[106.73211,-6.40555],[106.732422,-6.405379],[106.732664,-6.405389],[106.732786,-6.405538],[106.732738,-6.405645],[106.732454,-6.40572],[106.732386,-6.405824],[106.732478,-6.406639],[106.732237,-6.406847],[106.732153,-6.406853],[106.731944,-6.406678],[106.731778,-6.406667],[106.731641,-6.406813],[106.731333,-6.40693],[106.731356,-6.407561],[106.731458,-6.407697],[106.731695,-6.40775],[106.731747,-6.407825],[106.732005,-6.408343],[106.732005,-6.408536],[106.731853,-6.409109],[106.731551,-6.409653],[106.730985,-6.409899],[106.730742,-6.410314],[106.730723,-6.41041],[106.730938,-6.410864],[106.730999,-6.411165],[106.730802,-6.411825],[106.730854,-6.412448],[106.730443,-6.413655],[106.730354,-6.41432],[106.730402,-6.414481],[106.730743,-6.414838],[106.731082,-6.414775],[106.731789,-6.414448],[106.731946,-6.414204],[106.731997,-6.413839],[106.73217,-6.413793],[106.732232,-6.414129],[106.73233,-6.4143],[106.733183,-6.414933],[106.733409,-6.415422],[106.73367,-6.415568],[106.733715,-6.415719],[106.733656,-6.416044],[106.73373,-6.416192],[106.733917,-6.41628],[106.734577,-6.413459],[106.735198,-6.411748]]]]},"properties":{"nama":"Curug","kecamatan":"Bojongsari","kota":"Kota Depok","tipe_kawasan":"Kawasan hijau","kualitas_udara":"sehat","atribut":{"sumber_batas":"OSM","kualitas_udara":"contoh","stasiun":0,"rth":16,"poi":1}}},{"type":"Feature","geometry":{"type":"MultiPolygon","coordinates":[[[[106.87479,-6.2801],[106.87459,-6.280422],[106.87581,-6.283392],[106.876198,-6.283988],[106.876287,-6.28439],[106.876192,-6.284848],[106.876069,-6.284943],[106.875394,-6.284931],[106.87516,-6.285014],[106.874843,-6.28527],[106.874716,-6.285302],[106.874648,-6.285397],[106.874648,-6.285602],[106.874724,-6.285862],[106.874608,-6.285937],[106.874319,-6.285941],[106.874267,-6.286038],[106.874312,-6.286172],[106.874155,-6.286361],[106.873537,-6.286417],[106.873357,-6.286495],[106.872998,-6.286763],[106.873054,-6.286986],[106.872897,-6.287154],[106.872639,-6.287265],[106.87219,-6.287187],[106.871844,-6.288409],[106.872199,-6.289059],[106.872404,-6.289102],[106.872616,-6.289321],[106.87272,-6.28934],[106.872919,-6.289624],[106.873005,-6.289874],[106.87325,-6.289607],[106.873416,-6.289546],[106.873596,-6.289639],[106.873676,-6.289932],[106.873591,-6.290162],[106.873272,-6.29044],[106.873304,-6.291572],[106.873107,-6.291934],[106.873249,-6.292307],[106.873128,-6.292647],[106.873232,-6.292751],[106.873741,-6.292846],[106.873782,-6.29293],[106.873777,-6.293204],[106.873627,-6.293732],[106.873815,-6.294615],[106.873897,-6.294682],[106.874181,-6.294702],[106.874671,-6.294617],[106.875269,-6.294996],[106.875208,-6.295244],[106.875247,-6.295665],[106.87519,-6.295828],[106.874753,-6.295947],[106.874104,-6.296438],[106.87413,-6.296594],[106.874315,-6.296816],[106.874453,-6.297116],[106.874318,-6.297248],[106.874001,-6.297235],[106.873823,-6.29737],[106.87387,-6.297571],[106.874152,-6.297889],[106.874153,-6.297997],[106.873918,-6.298231],[106.873291,-6.298157],[106.873138,-6.298187],[106.873081,-6.298473],[106.872763,-6.298994],[106.872796,-6.299131],[106.872969,-6.299221],[106.873067,-6.299457],[106.873053,-6.300203],[106.873182,-6.30047],[106.87352,-6.300743],[106.87361,-6.300747],[106.873963,-6.300207],[106.87445,-6.299858],[106.874578,-6.299881],[106.874628,-6.30007],[106.874579,-6.300583],[106.874766,-6.300628],[106.874799,-6.300696],[106.874589,-6.301051],[106.874568,-6.301461],[106.874604,-6.301541],[106.874961,-6.301701],[106.875007,-6.301827],[106.874958,-6.301976],[106.874813,-6.302119],[106.874957,-6.302199],[106.875198,-6.302219],[106.875431,-6.302019],[106.875737,-6.302049],[106.875785,-6.302005],[106.875781,-6.301751],[106.875915,-6.301641],[106.877218,-6.302338],[106.877421,-6.303357],[106.877371,-6.303727],[106.878078,-6.304029],[106.878144,-6.304148],[106.878119,-6.304577],[106.878223,-6.305034],[106.87853,-6.305107],[106.87873,-6.305086],[106.879239,-6.305338],[106.879232,-6.306058],[106.879403,-6.306599],[106.88154,-6.306064],[106.88427,-6.305821],[106.883688,-6.303233],[106.882879,-6.300381],[106.882367,-6.298796],[106.881897,-6.297709],[106.881306,-6.295575],[106.880448,-6.293566],[106.879447,-6.290915],[106.879063,-6.290145],[106.878345,-6.288346],[106.877649,-6.286995],[106.876873,-6.284774],[106.875996,-6.283172],[106.87479,-6.2801]]]]},"properties":{"nama":"Dukuh","kecamatan":"Kramat Jati","kota":"Jakarta Timur","tipe_kawasan":"Kawasan hijau","kualitas_udara":"tidak_sehat","atribut":{"sumber_batas":"OSM","kualitas_udara":"contoh","stasiun":0,"rth":5,"poi":0}}},{"type":"Feature","geometry":{"type":"MultiPolygon","coordinates":[[[[106.801048,-6.333687],[106.801417,-6.333653],[106.801637,-6.333551],[106.801799,-6.33338],[106.801923,-6.332866],[106.801856,-6.332382],[106.801804,-6.332275],[106.801415,-6.332034],[106.801285,-6.331802],[106.801298,-6.33157],[106.801561,-6.331249],[106.801893,-6.331333],[106.802006,-6.331287],[106.80231,-6.33105],[106.802628,-6.330674],[106.803099,-6.330491],[106.803456,-6.329907],[106.803326,-6.328527],[106.803376,-6.327684],[106.803556,-6.327294],[106.804103,-6.32707],[106.804217,-6.326784],[106.804092,-6.325251],[106.804583,-6.325045],[106.804653,-6.324777],[106.804524,-6.324507],[106.805027,-6.324187],[106.804922,-6.323887],[106.804985,-6.323712],[106.805367,-6.323565],[106.805622,-6.323585],[106.806045,-6.323816],[106.806172,-6.32381],[106.806382,-6.323683],[106.806286,-6.323403],[106.805999,-6.323062],[106.805963,-6.322939],[106.806019,-6.322743],[106.806153,-6.322671],[106.80677,-6.322623],[106.807025,-6.322423],[106.80726,-6.322119],[106.807197,-6.321938],[106.806899,-6.32169],[106.806505,-6.321655],[106.80654,-6.321332],[106.806772,-6.321101],[106.807135,-6.321056],[106.807388,-6.320882],[106.807581,-6.32096],[106.807736,-6.320875],[106.80782,-6.321013],[106.807976,-6.321043],[106.8081,-6.321218],[106.807949,-6.321524],[106.808214,-6.322694],[106.808165,-6.323185],[106.808025,-6.32356],[106.808201,-6.323577],[106.808346,-6.323475],[106.808468,-6.323704],[106.808404,-6.324223],[106.808195,-6.324743],[106.808316,-6.325381],[106.808293,-6.325754],[106.808502,-6.325878],[106.80848,-6.326066],[106.80877,-6.326333],[106.808904,-6.326592],[106.80928,-6.326691],[106.809484,-6.326876],[106.809551,-6.327054],[106.809711,-6.327084],[106.809867,-6.327291],[106.809696,-6.32749],[106.809793,-6.327671],[106.811336,-6.327097],[106.813755,-6.327148],[106.813781,-6.328124],[106.813514,-6.328352],[106.813333,-6.328818],[106.813317,-6.329321],[106.813941,-6.330257],[106.814036,-6.330736],[106.813994,-6.331264],[106.813344,-6.333154],[106.813072,-6.336024],[106.813708,-6.336048],[106.815003,-6.336281],[106.815209,-6.336423],[106.815225,-6.336551],[106.815303,-6.336582],[106.815563,-6.336577],[106.81629,-6.33678],[106.818243,-6.337481],[106.81863,-6.336563],[106.822296,-6.337995],[106.822417,-6.33806],[106.822717,-6.33842],[106.821224,-6.339485],[106.819955,-6.340823],[106.819168,-6.341837],[106.818864,-6.342131],[106.817471,-6.343069],[106.816738,-6.343869],[106.816249,-6.344539],[106.815659,-6.345158],[106.813886,-6.344308],[106.81349,-6.344245],[106.813205,-6.344119],[106.812382,-6.344057],[106.812271,-6.344214],[106.812223,-6.34445],[106.811954,-6.344576],[106.811527,-6.345992],[106.810554,-6.345676],[106.808822,-6.344982],[106.808093,-6.345136],[106.806229,-6.344907],[106.806056,-6.345109],[106.804001,-6.344647],[106.804016,-6.344429],[106.80375,-6.344362],[106.800952,-6.344057],[106.800279,-6.343959],[106.799423,-6.343737],[106.798976,-6.343809],[106.798963,-6.34331],[106.799036,-6.343204],[106.79936,-6.343141],[106.799525,-6.343045],[106.799499,-6.342727],[106.799697,-6.342507],[106.799535,-6.342185],[106.799475,-6.341785],[106.799756,-6.341219],[106.799967,-6.341243],[106.800174,-6.341113],[106.800178,-6.340955],[106.799924,-6.340872],[106.799918,-6.340667],[106.800071,-6.340479],[106.799875,-6.340149],[106.799748,-6.339448],[106.798974,-6.338656],[106.798746,-6.338261],[106.79872,-6.338144],[106.798886,-6.337939],[106.798976,-6.337206],[106.798755,-6.336961],[106.798684,-6.336569],[106.798886,-6.336311],[106.798979,-6.335934],[106.799258,-6.33448],[106.799258,-6.334229],[106.79943,-6.334121],[106.799491,-6.333721],[106.79937,-6.333543],[106.799389,-6.333406],[106.799701,-6.333524],[106.799798,-6.333403],[106.79995,-6.333358],[106.800114,-6.333454],[106.801048,-6.333687]]]]},"properties":{"nama":"Ciganjur","kecamatan":"Jagakarsa","kota":"Jakarta Selatan","tipe_kawasan":"Kawasan hijau","kualitas_udara":"tidak_sehat","atribut":{"sumber_batas":"OSM","kualitas_udara":"contoh","stasiun":0,"rth":5,"poi":1}}},{"type":"Feature","geometry":{"type":"MultiPolygon","coordinates":[[[[106.889641,-6.343665],[106.889064,-6.340447],[106.891563,-6.339921],[106.89197,-6.339235],[106.892432,-6.339129],[106.892495,-6.339003],[106.89318,-6.339131],[106.893287,-6.339006],[106.893727,-6.338858],[106.893867,-6.338963],[106.893998,-6.33923],[106.894725,-6.339629],[106.895449,-6.33987],[106.895698,-6.339709],[106.896708,-6.339983],[106.897402,-6.340254],[106.89771,-6.340526],[106.899176,-6.341315],[106.899381,-6.341533],[106.899123,-6.341882],[106.898063,-6.342309],[106.897925,-6.342469],[106.897727,-6.342572],[106.897713,-6.342756],[106.897305,-6.343504],[106.897276,-6.343663],[106.898023,-6.344034],[106.898549,-6.344538],[106.89869,-6.344356],[106.898916,-6.343684],[106.899037,-6.343574],[106.899183,-6.343476],[106.899776,-6.343643],[106.899898,-6.343737],[106.900114,-6.344262],[106.900399,-6.3447],[106.901059,-6.345318],[106.901142,-6.345888],[106.901253,-6.345932],[106.901911,-6.345897],[106.902041,-6.345955],[106.902206,-6.346269],[106.902367,-6.346797],[106.902274,-6.346999],[106.901986,-6.348478],[106.901896,-6.348681],[106.900918,-6.348763],[106.900649,-6.348893],[106.900376,-6.349405],[106.900366,-6.349784],[106.900868,-6.349905],[106.900964,-6.350053],[106.90105,-6.350554],[106.900098,-6.351608],[106.900433,-6.351629],[106.900835,-6.352003],[106.900541,-6.352416],[106.900814,-6.352845],[106.900408,-6.35418],[106.899655,-6.355014],[106.899415,-6.355487],[106.898901,-6.355789],[106.897863,-6.356048],[106.897683,-6.355438],[106.89738,-6.355342],[106.897606,-6.354596],[106.897048,-6.354369],[106.896774,-6.355305],[106.896541,-6.355227],[106.896511,-6.35511],[106.896678,-6.354481],[106.896487,-6.354361],[106.896281,-6.354521],[106.896205,-6.354596],[106.895999,-6.355174],[106.895862,-6.355297],[106.895766,-6.355518],[106.895715,-6.356019],[106.895852,-6.356827],[106.896085,-6.357333],[106.895428,-6.357429],[106.895691,-6.358109],[106.895755,-6.358445],[106.895267,-6.358831],[106.894655,-6.359007],[106.894586,-6.358954],[106.894513,-6.358477],[106.894288,-6.358117],[106.893883,-6.357997],[106.893271,-6.358069],[106.892907,-6.356275],[106.892142,-6.353387],[106.890406,-6.347265],[106.889641,-6.343665]]]]},"properties":{"nama":"Munjul","kecamatan":"Cipayung","kota":"Jakarta Timur","tipe_kawasan":"Kawasan hijau","kualitas_udara":"kurang_sehat","atribut":{"sumber_batas":"OSM","kualitas_udara":"contoh","stasiun":0,"rth":3,"poi":1}}},{"type":"Feature","geometry":{"type":"MultiPolygon","coordinates":[[[[106.859324,-6.268842],[106.860163,-6.269052],[106.860555,-6.269019],[106.861329,-6.269139],[106.863331,-6.268928],[106.864762,-6.268933],[106.866318,-6.268678],[106.866893,-6.269583],[106.86692,-6.269753],[106.867204,-6.270105],[106.867265,-6.270314],[106.866942,-6.271336],[106.866921,-6.271588],[106.866979,-6.271669],[106.867025,-6.272337],[106.866928,-6.272715],[106.867031,-6.27335],[106.866962,-6.27363],[106.867031,-6.274431],[106.867231,-6.275036],[106.867731,-6.275953],[106.868279,-6.27672],[106.868792,-6.277257],[106.869185,-6.278396],[106.869339,-6.278667],[106.868278,-6.278995],[106.868532,-6.279587],[106.868207,-6.280423],[106.868146,-6.280734],[106.868234,-6.281167],[106.868227,-6.281703],[106.867901,-6.282444],[106.867351,-6.282076],[106.866711,-6.281914],[106.865542,-6.281756],[106.864773,-6.281565],[106.863966,-6.281506],[106.863749,-6.281566],[106.863893,-6.282523],[106.864294,-6.28333],[106.864403,-6.283772],[106.864345,-6.284083],[106.864157,-6.284401],[106.864178,-6.284505],[106.864014,-6.284684],[106.863784,-6.284645],[106.863543,-6.284763],[106.863329,-6.284667],[106.863023,-6.284636],[106.862899,-6.285111],[106.862837,-6.28575],[106.862933,-6.286199],[106.862744,-6.286384],[106.86251,-6.286435],[106.862413,-6.286377],[106.862001,-6.28651],[106.861845,-6.286498],[106.861737,-6.286587],[106.861611,-6.286578],[106.861238,-6.286742],[106.860826,-6.28681],[106.86087,-6.286432],[106.860612,-6.286282],[106.859753,-6.28629],[106.859576,-6.286792],[106.859195,-6.287254],[106.8591,-6.287764],[106.858917,-6.288582],[106.858985,-6.28899],[106.860084,-6.289962],[106.860273,-6.290958],[106.859557,-6.292009],[106.859499,-6.292243],[106.85787,-6.292209],[106.857877,-6.292553],[106.85663,-6.292536],[106.855778,-6.292769],[106.855463,-6.286252],[106.85537,-6.285675],[106.855295,-6.284316],[106.855221,-6.281471],[106.854978,-6.278026],[106.85525,-6.277197],[106.855201,-6.277187],[106.855526,-6.276626],[106.856762,-6.273974],[106.856909,-6.273785],[106.857062,-6.273345],[106.857876,-6.271865],[106.858003,-6.271462],[106.858642,-6.270297],[106.859324,-6.268842]]]]},"properties":{"nama":"Batu Ampar","kecamatan":"Kramat Jati","kota":"Jakarta Timur","tipe_kawasan":"Kawasan hijau","kualitas_udara":"tidak_sehat","atribut":{"sumber_batas":"OSM","kualitas_udara":"contoh","stasiun":0,"rth":3,"poi":3}}},{"type":"Feature","geometry":{"type":"MultiPolygon","coordinates":[[[[106.834944,-6.344526],[106.83549,-6.344209],[106.835509,-6.343897],[106.835571,-6.343788],[106.836728,-6.342143],[106.837058,-6.341835],[106.83739,-6.341708],[106.838299,-6.341086],[106.838574,-6.341176],[106.838995,-6.341854],[106.839246,-6.342094],[106.839436,-6.342183],[106.840108,-6.342456],[106.840359,-6.342494],[106.84062,-6.342494],[106.840757,-6.342414],[106.840873,-6.342236],[106.840951,-6.342],[106.840923,-6.341633],[106.840781,-6.341214],[106.840572,-6.340955],[106.840184,-6.340889],[106.839554,-6.341063],[106.839422,-6.341011],[106.839185,-6.340333],[106.839535,-6.339538],[106.840165,-6.338851],[106.840355,-6.338286],[106.840364,-6.338069],[106.840203,-6.337339],[106.840331,-6.336742],[106.840449,-6.336497],[106.840449,-6.336309],[106.84026,-6.336097],[106.839933,-6.33597],[106.839805,-6.33573],[106.839725,-6.335138],[106.839849,-6.333516],[106.840129,-6.332185],[106.840335,-6.332069],[106.840721,-6.332154],[106.842105,-6.332192],[106.842597,-6.332102],[106.843326,-6.331856],[106.843522,-6.331619],[106.84344,-6.331403],[106.843087,-6.331148],[106.841985,-6.330861],[106.841361,-6.330278],[106.840421,-6.329586],[106.840297,-6.329375],[106.84027,-6.32911],[106.840309,-6.328917],[106.840577,-6.32848],[106.840873,-6.327598],[106.841124,-6.327139],[106.841295,-6.326649],[106.841459,-6.326574],[106.841574,-6.326623],[106.841693,-6.326819],[106.841709,-6.327089],[106.841905,-6.327463],[106.842205,-6.327572],[106.842461,-6.32756],[106.842771,-6.327361],[106.843192,-6.326726],[106.84325,-6.326557],[106.843199,-6.325978],[106.84293,-6.325425],[106.842487,-6.324769],[106.84134,-6.323334],[106.840225,-6.322826],[106.840054,-6.322635],[106.839996,-6.322483],[106.840024,-6.322166],[106.840098,-6.322019],[106.840901,-6.321744],[106.841022,-6.321568],[106.84105,-6.321443],[106.840889,-6.321209],[106.840705,-6.321156],[106.84053,-6.321204],[106.839875,-6.321553],[106.83923,-6.321675],[106.838768,-6.321525],[106.838544,-6.321387],[106.838356,-6.321051],[106.838341,-6.320796],[106.838698,-6.320079],[106.83945,-6.319052],[106.839991,-6.318566],[106.8404,-6.318356],[106.842423,-6.317945],[106.842774,-6.318003],[106.843056,-6.318137],[106.843275,-6.318382],[106.843553,-6.318452],[106.843874,-6.318385],[106.844074,-6.31822],[106.844161,-6.317852],[106.844132,-6.316834],[106.843802,-6.316506],[106.843512,-6.315821],[106.843387,-6.315887],[106.842706,-6.314807],[106.842475,-6.314749],[106.842397,-6.314911],[106.842246,-6.314961],[106.842025,-6.314883],[106.841947,-6.314817],[106.841884,-6.314597],[106.841551,-6.314494],[106.841269,-6.313957],[106.840797,-6.313961],[106.840706,-6.31387],[106.840365,-6.3133],[106.839592,-6.312305],[106.839314,-6.312157],[106.838941,-6.312174],[106.838242,-6.31191],[106.839881,-6.302541],[106.838722,-6.30232],[106.837746,-6.301984],[106.837246,-6.302042],[106.837151,-6.302108],[106.837101,-6.302604],[106.837335,-6.305472],[106.837204,-6.306499],[106.837164,-6.307776],[106.837052,-6.308578],[106.8367,-6.309965],[106.836602,-6.311568],[106.836228,-6.313857],[106.836246,-6.314133],[106.835907,-6.315764],[106.835912,-6.316213],[106.835405,-6.317287],[106.835214,-6.318356],[106.834729,-6.318318],[106.834312,-6.318074],[106.834137,-6.318078],[106.833786,-6.318357],[106.83357,-6.31862],[106.833315,-6.31924],[106.831953,-6.321324],[106.831966,-6.321502],[106.831667,-6.321884],[106.831385,-6.322667],[106.831153,-6.322839],[106.830684,-6.322811],[106.830625,-6.322864],[106.82996,-6.324801],[106.829863,-6.326219],[106.829443,-6.327012],[106.829308,-6.32768],[106.829145,-6.329999],[106.829019,-6.330211],[106.828882,-6.330237],[106.828658,-6.330787],[106.829548,-6.331093],[106.830591,-6.331238],[106.831676,-6.331087],[106.832853,-6.331051],[106.833732,-6.331036],[106.834631,-6.331163],[106.835001,-6.331007],[106.835264,-6.331843],[106.835413,-6.332615],[106.835487,-6.334002],[106.835313,-6.334913],[106.834667,-6.337384],[106.834559,-6.338146],[106.834124,-6.340005],[106.833553,-6.344086],[106.834944,-6.344526]]]]},"properties":{"nama":"Lenteng Agung","kecamatan":"Jagakarsa","kota":"Jakarta Selatan","tipe_kawasan":"Permukiman dekat stasiun","kualitas_udara":"kurang_sehat","atribut":{"sumber_batas":"OSM","kualitas_udara":"contoh","stasiun":1,"rth":4,"poi":2}}},{"type":"Feature","geometry":{"type":"MultiPolygon","coordinates":[[[[106.859499,-6.292243],[106.859557,-6.292009],[106.860273,-6.290958],[106.860084,-6.289962],[106.858985,-6.28899],[106.858927,-6.288824],[106.858917,-6.288582],[106.859195,-6.287254],[106.859576,-6.286792],[106.859753,-6.28629],[106.860612,-6.286282],[106.86087,-6.286432],[106.860826,-6.28681],[106.861238,-6.286742],[106.861611,-6.286578],[106.861737,-6.286587],[106.861845,-6.286498],[106.862001,-6.28651],[106.862413,-6.286377],[106.86251,-6.286435],[106.862744,-6.286384],[106.862933,-6.286199],[106.862837,-6.28575],[106.862899,-6.285111],[106.863023,-6.284636],[106.863329,-6.284667],[106.863543,-6.284763],[106.863784,-6.284645],[106.864014,-6.284684],[106.864178,-6.284505],[106.864157,-6.284401],[106.864345,-6.284083],[106.864403,-6.283772],[106.864294,-6.28333],[106.863893,-6.282523],[106.863749,-6.281566],[106.863966,-6.281506],[106.864773,-6.281565],[106.865542,-6.281756],[106.866711,-6.281914],[106.867351,-6.282076],[106.867901,-6.282444],[106.868227,-6.281703],[106.868234,-6.281167],[106.868146,-6.280734],[106.868207,-6.280423],[106.868532,-6.279587],[106.868278,-6.278995],[106.869339,-6.278667],[106.870291,-6.279437],[106.871066,-6.280888],[106.871796,-6.281714],[106.871852,-6.281848],[106.87183,-6.282027],[106.871563,-6.282694],[106.871032,-6.284897],[106.871157,-6.284944],[106.871159,-6.285],[106.871049,-6.285104],[106.870723,-6.28574],[106.870633,-6.28613],[106.870678,-6.28699],[106.870872,-6.288326],[106.871939,-6.291921],[106.872176,-6.292927],[106.872181,-6.293619],[106.871905,-6.295125],[106.871624,-6.296382],[106.871393,-6.296987],[106.870573,-6.298792],[106.8695,-6.300271],[106.86895,-6.299849],[106.868514,-6.299788],[106.868024,-6.299484],[106.866748,-6.29915],[106.866969,-6.298307],[106.866343,-6.29809],[106.865528,-6.297939],[106.865617,-6.297264],[106.86569,-6.297251],[106.865688,-6.295983],[106.865374,-6.295987],[106.865396,-6.295588],[106.865312,-6.295206],[106.86529,-6.294583],[106.862769,-6.29485],[106.86229,-6.293699],[106.861766,-6.293734],[106.861582,-6.293662],[106.860702,-6.29383],[106.860381,-6.293982],[106.859564,-6.292814],[106.859464,-6.292508],[106.859499,-6.292243]]]]},"properties":{"nama":"Tengah","kecamatan":"Kramat Jati","kota":"Jakarta Timur","tipe_kawasan":"Permukiman","kualitas_udara":"tidak_sehat","atribut":{"sumber_batas":"OSM","kualitas_udara":"contoh","stasiun":0,"rth":2,"poi":2}}},{"type":"Feature","geometry":{"type":"MultiPolygon","coordinates":[[[[106.84134,-6.323334],[106.840225,-6.322826],[106.839996,-6.322483],[106.840024,-6.322166],[106.840098,-6.322019],[106.840901,-6.321744],[106.84105,-6.321443],[106.840889,-6.321209],[106.840705,-6.321156],[106.84053,-6.321204],[106.839875,-6.321553],[106.83923,-6.321675],[106.838768,-6.321525],[106.838544,-6.321387],[106.838356,-6.321051],[106.838341,-6.320796],[106.838698,-6.320079],[106.83945,-6.319052],[106.839991,-6.318566],[106.8404,-6.318356],[106.842423,-6.317945],[106.842774,-6.318003],[106.843056,-6.318137],[106.843275,-6.318382],[106.843553,-6.318452],[106.843874,-6.318385],[106.844074,-6.31822],[106.844161,-6.317852],[106.844132,-6.316834],[106.844316,-6.316598],[106.844618,-6.316483],[106.845022,-6.316507],[106.845742,-6.317003],[106.846154,-6.317032],[106.846652,-6.316576],[106.847019,-6.315833],[106.84735,-6.315525],[106.847707,-6.315276],[106.848354,-6.315069],[106.848569,-6.315149],[106.848887,-6.315428],[106.84897,-6.315611],[106.848977,-6.31606],[106.84872,-6.316567],[106.848548,-6.317235],[106.848211,-6.317518],[106.847869,-6.317616],[106.847022,-6.317645],[106.846891,-6.317884],[106.846918,-6.318032],[106.84722,-6.318202],[106.848367,-6.318301],[106.848938,-6.318675],[106.849201,-6.318739],[106.849159,-6.319572],[106.850657,-6.32141],[106.850891,-6.32148],[106.851228,-6.32196],[106.851501,-6.322174],[106.85157,-6.322287],[106.851583,-6.322658],[106.851731,-6.322798],[106.851744,-6.323071],[106.851802,-6.323118],[106.852471,-6.323131],[106.852474,-6.323483],[106.852931,-6.323492],[106.853709,-6.32378],[106.853979,-6.323799],[106.854137,-6.323948],[106.854892,-6.324243],[106.855251,-6.324459],[106.855077,-6.324679],[106.85496,-6.325353],[106.854658,-6.325782],[106.85467,-6.326231],[106.854602,-6.326561],[106.855139,-6.326533],[106.855532,-6.326365],[106.855946,-6.326544],[106.855563,-6.327375],[106.855246,-6.329068],[106.85493,-6.330175],[106.854387,-6.33004],[106.852339,-6.329858],[106.850769,-6.329827],[106.84991,-6.329712],[106.84922,-6.32988],[106.848205,-6.329762],[106.848016,-6.330287],[106.847704,-6.330188],[106.847234,-6.330164],[106.84729,-6.330273],[106.847254,-6.330366],[106.846759,-6.33067],[106.84665,-6.330816],[106.846395,-6.330823],[106.846375,-6.330749],[106.845713,-6.330793],[106.845673,-6.330632],[106.844586,-6.330651],[106.8446,-6.330122],[106.843105,-6.330083],[106.843087,-6.331148],[106.841985,-6.330861],[106.841361,-6.330278],[106.840421,-6.329586],[106.840268,-6.329267],[106.840309,-6.328917],[106.840577,-6.32848],[106.840873,-6.327598],[106.841124,-6.327139],[106.841295,-6.326649],[106.841459,-6.326574],[106.841574,-6.326623],[106.841693,-6.326819],[106.841709,-6.327089],[106.841905,-6.327463],[106.842205,-6.327572],[106.842461,-6.32756],[106.842771,-6.327361],[106.842979,-6.327115],[106.84325,-6.326557],[106.843199,-6.325978],[106.84293,-6.325425],[106.841874,-6.32396],[106.84134,-6.323334]]]]},"properties":{"nama":"Baru","kecamatan":"Pasar Rebo","kota":"Jakarta Timur","tipe_kawasan":"Permukiman","kualitas_udara":"kurang_sehat","atribut":{"sumber_batas":"OSM","kualitas_udara":"contoh","stasiun":0,"rth":0,"poi":2}}},{"type":"Feature","geometry":{"type":"MultiPolygon","coordinates":[[[[106.858476,-6.31557],[106.858218,-6.315247],[106.858211,-6.314845],[106.858049,-6.314589],[106.857474,-6.314503],[106.85702,-6.31433],[106.856876,-6.314352],[106.856534,-6.314023],[106.85595,-6.313949],[106.855773,-6.313653],[106.85555,-6.313798],[106.855181,-6.313885],[106.854882,-6.313763],[106.85477,-6.313553],[106.854742,-6.313307],[106.854864,-6.312744],[106.854825,-6.312494],[106.85282,-6.31085],[106.852543,-6.310889],[106.852419,-6.311001],[106.852292,-6.311396],[106.852276,-6.312467],[106.852136,-6.31279],[106.851799,-6.313177],[106.851505,-6.313714],[106.85129,-6.314208],[106.851223,-6.314554],[106.851435,-6.315082],[106.8518,-6.315671],[106.851869,-6.315864],[106.851798,-6.316083],[106.851551,-6.316321],[106.849714,-6.317302],[106.849531,-6.317473],[106.849424,-6.317843],[106.849442,-6.318572],[106.84935,-6.318722],[106.849201,-6.318739],[106.849159,-6.319572],[106.850657,-6.32141],[106.850891,-6.32148],[106.851228,-6.32196],[106.851501,-6.322174],[106.85157,-6.322287],[106.851583,-6.322658],[106.851731,-6.322798],[106.851744,-6.323071],[106.851802,-6.323118],[106.852471,-6.323131],[106.852474,-6.323483],[106.852931,-6.323492],[106.853709,-6.32378],[106.853979,-6.323799],[106.854137,-6.323948],[106.854892,-6.324243],[106.855251,-6.324459],[106.855077,-6.324679],[106.85496,-6.325353],[106.854658,-6.325782],[106.85467,-6.326231],[106.854602,-6.326561],[106.855139,-6.326533],[106.855532,-6.326365],[106.855946,-6.326544],[106.855563,-6.327375],[106.855374,-6.328207],[106.856956,-6.328464],[106.856913,-6.328752],[106.857237,-6.32881],[106.857207,-6.328984],[106.857551,-6.329041],[106.85753,-6.329253],[106.858152,-6.32934],[106.858435,-6.329444],[106.858898,-6.329741],[106.859027,-6.329551],[106.859812,-6.32987],[106.859956,-6.329543],[106.860387,-6.32973],[106.860532,-6.329898],[106.860871,-6.329368],[106.861181,-6.32913],[106.861875,-6.32975],[106.862071,-6.330535],[106.862228,-6.33082],[106.862187,-6.331143],[106.862478,-6.331409],[106.862871,-6.331577],[106.862973,-6.33169],[106.863103,-6.332161],[106.863671,-6.332782],[106.863715,-6.33304],[106.863802,-6.333173],[106.864351,-6.332764],[106.864618,-6.333045],[106.864881,-6.333051],[106.865241,-6.332825],[106.866282,-6.332756],[106.866841,-6.332806],[106.86763,-6.332666],[106.86759,-6.332251],[106.867261,-6.331299],[106.866764,-6.330389],[106.864444,-6.327974],[106.864023,-6.327259],[106.863892,-6.326903],[106.863812,-6.326506],[106.863841,-6.325918],[106.86497,-6.322178],[106.865202,-6.321168],[106.865174,-6.320458],[106.864941,-6.319324],[106.864672,-6.318499],[106.864175,-6.317153],[106.863693,-6.316103],[106.862832,-6.313536],[106.862573,-6.312086],[106.862587,-6.311393],[106.862057,-6.311416],[106.861933,-6.311495],[106.859667,-6.314561],[106.859129,-6.315075],[106.858476,-6.31557]]]]},"properties":{"nama":"Cijantung","kecamatan":"Pasar Rebo","kota":"Jakarta Timur","tipe_kawasan":"Pusat aktivitas","kualitas_udara":"tidak_sehat","atribut":{"sumber_batas":"OSM","kualitas_udara":"contoh","stasiun":0,"rth":2,"poi":8}}},{"type":"Feature","geometry":{"type":"MultiPolygon","coordinates":[[[[106.806523,-6.302079],[106.806949,-6.302069],[106.806939,-6.302318],[106.807039,-6.302769],[106.807581,-6.303207],[106.807822,-6.303229],[106.808082,-6.303129],[106.80838,-6.303489],[106.808335,-6.303646],[106.808465,-6.303909],[106.808697,-6.303905],[106.808883,-6.304038],[106.808999,-6.304767],[106.809224,-6.305025],[106.809248,-6.30553],[106.80918,-6.30562],[106.808656,-6.305779],[106.808744,-6.306217],[106.808639,-6.306307],[106.808718,-6.306389],[106.808734,-6.306539],[106.808577,-6.306688],[106.808259,-6.306729],[106.808312,-6.307226],[106.8086,-6.307854],[106.808643,-6.308107],[106.808549,-6.308208],[106.808216,-6.308315],[106.808063,-6.308485],[106.807741,-6.30902],[106.807727,-6.309207],[106.807967,-6.309682],[106.808274,-6.309939],[106.808545,-6.310502],[106.808451,-6.31077],[106.808273,-6.310847],[106.807976,-6.311107],[106.807901,-6.311415],[106.807947,-6.311619],[106.808174,-6.311935],[106.808272,-6.312434],[106.80793,-6.313245],[106.808073,-6.313347],[106.808352,-6.31336],[106.808789,-6.31388],[106.808903,-6.313938],[106.809007,-6.314113],[106.808982,-6.314259],[106.809091,-6.314623],[106.805688,-6.314976],[106.801846,-6.315038],[106.801847,-6.315085],[106.796991,-6.315269],[106.796,-6.315199],[106.795046,-6.315337],[106.794802,-6.315284],[106.794478,-6.315305],[106.794473,-6.315365],[106.793133,-6.315429],[106.793177,-6.315778],[106.79242,-6.315779],[106.791983,-6.315609],[106.791496,-6.31501],[106.791233,-6.314786],[106.790818,-6.314646],[106.790538,-6.314635],[106.790356,-6.314673],[106.790201,-6.314822],[106.789562,-6.316057],[106.789372,-6.316637],[106.787645,-6.316546],[106.786719,-6.316572],[106.7856,-6.316326],[106.783939,-6.316375],[106.782967,-6.316586],[106.782557,-6.315889],[106.782357,-6.315286],[106.781655,-6.313961],[106.78126,-6.311672],[106.78194,-6.311612],[106.781966,-6.311758],[106.782715,-6.311676],[106.785719,-6.312036],[106.785924,-6.311677],[106.78653,-6.311703],[106.787425,-6.311944],[106.787683,-6.311222],[106.788362,-6.311213],[106.788494,-6.310969],[106.788504,-6.310667],[106.788633,-6.310313],[106.788136,-6.309193],[106.788258,-6.308646],[106.788235,-6.308414],[106.788448,-6.307988],[106.788182,-6.307627],[106.788293,-6.30696],[106.788209,-6.306287],[106.788275,-6.306108],[106.788838,-6.305454],[106.789126,-6.304638],[106.7899,-6.304369],[106.790306,-6.303983],[106.790148,-6.303369],[106.790344,-6.302961],[106.790302,-6.302827],[106.789658,-6.302642],[106.78963,-6.302378],[106.789715,-6.301993],[106.792044,-6.302104],[106.79215,-6.301852],[106.79308,-6.301873],[106.793349,-6.302266],[106.793598,-6.302293],[106.794626,-6.302205],[106.794689,-6.301711],[106.795695,-6.301847],[106.797005,-6.301867],[106.799904,-6.301775],[106.800003,-6.301986],[106.800385,-6.30205],[106.800508,-6.302451],[106.804187,-6.302326],[106.806523,-6.302079]]]]},"properties":{"nama":"Pondok Labu","kecamatan":"Cilandak","kota":"Jakarta Selatan","tipe_kawasan":"Kawasan hijau","kualitas_udara":"kurang_sehat","atribut":{"sumber_batas":"OSM","kualitas_udara":"contoh","stasiun":0,"rth":14,"poi":7}}},{"type":"Feature","geometry":{"type":"MultiPolygon","coordinates":[[[[106.870371,-6.35269],[106.870231,-6.352908],[106.870195,-6.353247],[106.87011,-6.353328],[106.869791,-6.353459],[106.869347,-6.353416],[106.868994,-6.353859],[106.868765,-6.353553],[106.868546,-6.353385],[106.867949,-6.353424],[106.867803,-6.353771],[106.867931,-6.353884],[106.867844,-6.354501],[106.866652,-6.355502],[106.866419,-6.355522],[106.8661,-6.356003],[106.86546,-6.35608],[106.863083,-6.357849],[106.862559,-6.357191],[106.863586,-6.356324],[106.862607,-6.354802],[106.860921,-6.3559],[106.860572,-6.3554],[106.860679,-6.354774],[106.860941,-6.354282],[106.860233,-6.353782],[106.859582,-6.353419],[106.859337,-6.354287],[106.857843,-6.353871],[106.857575,-6.354044],[106.856454,-6.353943],[106.856449,-6.353852],[106.856255,-6.353801],[106.856259,-6.353315],[106.856447,-6.353086],[106.85679,-6.352163],[106.856818,-6.351723],[106.856728,-6.351419],[106.856782,-6.351059],[106.857128,-6.350544],[106.857487,-6.350265],[106.857571,-6.349527],[106.857716,-6.349381],[106.857814,-6.348768],[106.857833,-6.348097],[106.857556,-6.347879],[106.857403,-6.34762],[106.85714,-6.347353],[106.856751,-6.347084],[106.856607,-6.347202],[106.855794,-6.346712],[106.855311,-6.34657],[106.855206,-6.346098],[106.855896,-6.344438],[106.855602,-6.343995],[106.856353,-6.344016],[106.858134,-6.343841],[106.858072,-6.342961],[106.860393,-6.340841],[106.860723,-6.3401],[106.860611,-6.338621],[106.860809,-6.338657],[106.861803,-6.339157],[106.862039,-6.33838],[106.862257,-6.335475],[106.862356,-6.334822],[106.862752,-6.334799],[106.862713,-6.333457],[106.862424,-6.333339],[106.862446,-6.332449],[106.861993,-6.33248],[106.86194,-6.332027],[106.862384,-6.331962],[106.862414,-6.331887],[106.862683,-6.331767],[106.862673,-6.33166],[106.862782,-6.331531],[106.862973,-6.33169],[106.863103,-6.332161],[106.863671,-6.332782],[106.863715,-6.33304],[106.863802,-6.333173],[106.864351,-6.332764],[106.864618,-6.333045],[106.864881,-6.333051],[106.865241,-6.332825],[106.866282,-6.332756],[106.866841,-6.332806],[106.86763,-6.332666],[106.86799,-6.335848],[106.86843,-6.337634],[106.868931,-6.337702],[106.871127,-6.338358],[106.872,-6.338904],[106.872454,-6.339327],[106.872901,-6.339588],[106.872574,-6.339669],[106.872187,-6.339659],[106.872078,-6.339806],[106.872419,-6.340136],[106.872468,-6.340234],[106.872419,-6.340377],[106.872164,-6.340493],[106.871774,-6.340404],[106.871668,-6.340441],[106.871567,-6.340516],[106.871387,-6.340885],[106.871455,-6.340953],[106.87212,-6.341083],[106.872117,-6.341662],[106.872171,-6.341785],[106.872404,-6.341905],[106.872535,-6.342051],[106.872197,-6.342961],[106.872175,-6.343301],[106.872247,-6.343412],[106.872558,-6.343612],[106.872697,-6.343596],[106.872954,-6.343428],[106.873226,-6.343494],[106.873293,-6.343559],[106.873255,-6.34373],[106.872887,-6.344289],[106.872774,-6.344626],[106.872617,-6.344855],[106.872036,-6.345442],[106.871827,-6.345765],[106.871694,-6.345817],[106.871389,-6.345771],[106.870844,-6.346177],[106.870206,-6.346343],[106.87018,-6.346402],[106.870484,-6.346645],[106.870496,-6.346879],[106.870398,-6.347065],[106.869686,-6.347073],[106.869673,-6.34715],[106.869866,-6.347352],[106.869855,-6.348163],[106.869694,-6.348073],[106.869187,-6.348442],[106.868772,-6.348488],[106.868813,-6.348753],[106.869051,-6.349006],[106.869064,-6.349287],[106.86939,-6.349572],[106.869386,-6.349931],[106.869326,-6.350006],[106.869126,-6.349952],[106.868994,-6.349985],[106.868797,-6.350125],[106.868543,-6.35097],[106.868571,-6.351114],[106.868733,-6.351217],[106.869247,-6.351238],[106.869298,-6.35155],[106.869649,-6.35159],[106.869717,-6.351475],[106.869804,-6.351484],[106.86972,-6.352086],[106.870371,-6.35269]]]]},"properties":{"nama":"Pekayon","kecamatan":"Pasar Rebo","kota":"Jakarta Timur","tipe_kawasan":"Kawasan hijau","kualitas_udara":"kurang_sehat","atribut":{"sumber_batas":"OSM","kualitas_udara":"contoh","stasiun":0,"rth":4,"poi":0}}},{"type":"Feature","geometry":{"type":"MultiPolygon","coordinates":[[[[106.855778,-6.292769],[106.855463,-6.286252],[106.85537,-6.285675],[106.855295,-6.284316],[106.855221,-6.281471],[106.854978,-6.278026],[106.85525,-6.277197],[106.855201,-6.277187],[106.855526,-6.276626],[106.856762,-6.273974],[106.856909,-6.273785],[106.857062,-6.273345],[106.857876,-6.271865],[106.858003,-6.271462],[106.858642,-6.270297],[106.859892,-6.267689],[106.858081,-6.267722],[106.857158,-6.267626],[106.855581,-6.267571],[106.855721,-6.268324],[106.856638,-6.270373],[106.856425,-6.270584],[106.85606,-6.270591],[106.855833,-6.27046],[106.855379,-6.269639],[106.85516,-6.269593],[106.854949,-6.269638],[106.854875,-6.269881],[106.854912,-6.270542],[106.855267,-6.2709],[106.856065,-6.271501],[106.856582,-6.271737],[106.856873,-6.272096],[106.856944,-6.272439],[106.856727,-6.27274],[106.856378,-6.272822],[106.855453,-6.272649],[106.854909,-6.272351],[106.85458,-6.272028],[106.854071,-6.271906],[106.853583,-6.271933],[106.853502,-6.272356],[106.853587,-6.27274],[106.853568,-6.272958],[106.853527,-6.27317],[106.853354,-6.27334],[106.853066,-6.27341],[106.851992,-6.273219],[106.85152,-6.273426],[106.851316,-6.273805],[106.85134,-6.274061],[106.851953,-6.275129],[106.851933,-6.275535],[106.851758,-6.276042],[106.851338,-6.276549],[106.850922,-6.276707],[106.850586,-6.276745],[106.84983,-6.27652],[106.849445,-6.276512],[106.849116,-6.276752],[106.848794,-6.277313],[106.848132,-6.277938],[106.846774,-6.278857],[106.846788,-6.279411],[106.84742,-6.279762],[106.848102,-6.280042],[106.848503,-6.27985],[106.849159,-6.279666],[106.849979,-6.279528],[106.850268,-6.279536],[106.850438,-6.279642],[106.850427,-6.279786],[106.850346,-6.27988],[106.849326,-6.280676],[106.847617,-6.282872],[106.847573,-6.283167],[106.847871,-6.283436],[106.848214,-6.28348],[106.848435,-6.283431],[106.848574,-6.28332],[106.848825,-6.283464],[106.848885,-6.283645],[106.848771,-6.283849],[106.847696,-6.284846],[106.847533,-6.285108],[106.847403,-6.285676],[106.847416,-6.286375],[106.847712,-6.287107],[106.848555,-6.288096],[106.849435,-6.288572],[106.849774,-6.288511],[106.85035,-6.287911],[106.850688,-6.287955],[106.851207,-6.288288],[106.851269,-6.288815],[106.851057,-6.289399],[106.850756,-6.28983],[106.849488,-6.290177],[106.849334,-6.29044],[106.849771,-6.291648],[106.850204,-6.292592],[106.850443,-6.292794],[106.85073,-6.292904],[106.851037,-6.292979],[106.851281,-6.292887],[106.851578,-6.292517],[106.851716,-6.29116],[106.851875,-6.291026],[106.852553,-6.290945],[106.853388,-6.290434],[106.853692,-6.290312],[106.854154,-6.290254],[106.854403,-6.290326],[106.854586,-6.290624],[106.854503,-6.291096],[106.854322,-6.29157],[106.853541,-6.292661],[106.852755,-6.293454],[106.852371,-6.29398],[106.852268,-6.294708],[106.852411,-6.294847],[106.853216,-6.293941],[106.853816,-6.293684],[106.854065,-6.29372],[106.854184,-6.293463],[106.85521,-6.29341],[106.85543,-6.294026],[106.855871,-6.294473],[106.855778,-6.292769]]]]},"properties":{"nama":"Bale Kambang","kecamatan":"Kramat Jati","kota":"Jakarta Timur","tipe_kawasan":"Kawasan hijau","kualitas_udara":"tidak_sehat","atribut":{"sumber_batas":"OSM","kualitas_udara":"contoh","stasiun":0,"rth":14,"poi":0}}},{"type":"Feature","geometry":{"type":"MultiPolygon","coordinates":[[[[106.892789,-6.298982],[106.892809,-6.299869],[106.892319,-6.299861],[106.892082,-6.298975],[106.890349,-6.298922],[106.89035,-6.299847],[106.88933,-6.299832],[106.889321,-6.298898],[106.882367,-6.298796],[106.881897,-6.297709],[106.881306,-6.295575],[106.880448,-6.293566],[106.879447,-6.290915],[106.879063,-6.290145],[106.878345,-6.288346],[106.877649,-6.286995],[106.876873,-6.284774],[106.877292,-6.284663],[106.879698,-6.285151],[106.879747,-6.285061],[106.87996,-6.285178],[106.88012,-6.285027],[106.880202,-6.284174],[106.880366,-6.283768],[106.88028,-6.283503],[106.880333,-6.282949],[106.880524,-6.282692],[106.881022,-6.282367],[106.881637,-6.281407],[106.881997,-6.28033],[106.881809,-6.280066],[106.881726,-6.279827],[106.881679,-6.278859],[106.881523,-6.278351],[106.881509,-6.277908],[106.881156,-6.277768],[106.881149,-6.2773],[106.881285,-6.27642],[106.881125,-6.276311],[106.881228,-6.276075],[106.881448,-6.276125],[106.881554,-6.276083],[106.8816,-6.275974],[106.881536,-6.275778],[106.881675,-6.275606],[106.881686,-6.275518],[106.881528,-6.275382],[106.881691,-6.275243],[106.881627,-6.274517],[106.881684,-6.274104],[106.881747,-6.273981],[106.881984,-6.273883],[106.881977,-6.273734],[106.882055,-6.273656],[106.882222,-6.273713],[106.882325,-6.273679],[106.882343,-6.273567],[106.882279,-6.273184],[106.882367,-6.272938],[106.882354,-6.272787],[106.882213,-6.27242],[106.882087,-6.272316],[106.88344,-6.271604],[106.883275,-6.272876],[106.883336,-6.273706],[106.883482,-6.274057],[106.883697,-6.275182],[106.883273,-6.275206],[106.883419,-6.276265],[106.88404,-6.277591],[106.884357,-6.277958],[106.884479,-6.278818],[106.884398,-6.280565],[106.884617,-6.281358],[106.885214,-6.282151],[106.885524,-6.283035],[106.885768,-6.283265],[106.886073,-6.283732],[106.886079,-6.284034],[106.885987,-6.284258],[106.885993,-6.284652],[106.886704,-6.287653],[106.886984,-6.288307],[106.887228,-6.288707],[106.888923,-6.289347],[106.889513,-6.289444],[106.889929,-6.289665],[106.890005,-6.290026],[106.889954,-6.29028],[106.889207,-6.290344],[106.888018,-6.290567],[106.888352,-6.290927],[106.888686,-6.292171],[106.889303,-6.293028],[106.88943,-6.293337],[106.889644,-6.294604],[106.890183,-6.29547],[106.890514,-6.2962],[106.890663,-6.296383],[106.89136,-6.296835],[106.891985,-6.296932],[106.89282,-6.297205],[106.892764,-6.297952],[106.892789,-6.298982]]]]},"properties":{"nama":"Pinang Ranti","kecamatan":"Makasar","kota":"Jakarta Timur","tipe_kawasan":"Permukiman dekat stasiun","kualitas_udara":"tidak_sehat","atribut":{"sumber_batas":"OSM","kualitas_udara":"contoh","stasiun":1,"rth":1,"poi":8}}},{"type":"Feature","geometry":{"type":"MultiPolygon","coordinates":[[[[106.883406,-6.302237],[106.883966,-6.304412],[106.884647,-6.307772],[106.884961,-6.309003],[106.88647,-6.316042],[106.886754,-6.317598],[106.886932,-6.319344],[106.886997,-6.321773],[106.887428,-6.321818],[106.888666,-6.322209],[106.889629,-6.320786],[106.889979,-6.320004],[106.890164,-6.319282],[106.89264,-6.320383],[106.893647,-6.320959],[106.894196,-6.320328],[106.89449,-6.319874],[106.894792,-6.31961],[106.895083,-6.319231],[106.895535,-6.318455],[106.896098,-6.317088],[106.896321,-6.316487],[106.896023,-6.315705],[106.896157,-6.314905],[106.895675,-6.314861],[106.894067,-6.31453],[106.893961,-6.314421],[106.894086,-6.311609],[106.89434,-6.311095],[106.894346,-6.309314],[106.894669,-6.308261],[106.895508,-6.306803],[106.891493,-6.30572],[106.887574,-6.304976],[106.886137,-6.304101],[106.884176,-6.302199],[106.883406,-6.302237]]]]},"properties":{"nama":"Ceger","kecamatan":"Cipayung","kota":"Jakarta Timur","tipe_kawasan":"Permukiman","kualitas_udara":"tidak_sehat","atribut":{"sumber_batas":"OSM","kualitas_udara":"contoh","stasiun":0,"rth":2,"poi":1}}},{"type":"Feature","geometry":{"type":"MultiPolygon","coordinates":[[[[106.83158,-6.335419],[106.832262,-6.334804],[106.832428,-6.33451],[106.833168,-6.333789],[106.833738,-6.332924],[106.834859,-6.331881],[106.835264,-6.331843],[106.835001,-6.331007],[106.834631,-6.331163],[106.833732,-6.331036],[106.832853,-6.331051],[106.831676,-6.331087],[106.830591,-6.331238],[106.829548,-6.331093],[106.828658,-6.330787],[106.828882,-6.330237],[106.829019,-6.330211],[106.829145,-6.329999],[106.829308,-6.32768],[106.82951,-6.32683],[106.829863,-6.326219],[106.82996,-6.324801],[106.830507,-6.323192],[106.830684,-6.322811],[106.831153,-6.322839],[106.831385,-6.322667],[106.831667,-6.321884],[106.831966,-6.321502],[106.831953,-6.321324],[106.8298,-6.321029],[106.829589,-6.321091],[106.829075,-6.321912],[106.827118,-6.321784],[106.825347,-6.321522],[106.82545,-6.320744],[106.825441,-6.320299],[106.825117,-6.319846],[106.825006,-6.318517],[106.824903,-6.318057],[106.824782,-6.317833],[106.82365,-6.317727],[106.82369,-6.31742],[106.823531,-6.317372],[106.82205,-6.317551],[106.820506,-6.317475],[106.820476,-6.317415],[106.818174,-6.317132],[106.818007,-6.317259],[106.81767,-6.317235],[106.816402,-6.31685],[106.816539,-6.316069],[106.816291,-6.315984],[106.816428,-6.315352],[106.816269,-6.31339],[106.816245,-6.310876],[106.816122,-6.310657],[106.814896,-6.310792],[106.811954,-6.310691],[106.811257,-6.310899],[106.810604,-6.3108],[106.809613,-6.310902],[106.809313,-6.311661],[106.809191,-6.311697],[106.80805,-6.311031],[106.807976,-6.311107],[106.807908,-6.311521],[106.808174,-6.311935],[106.808272,-6.312434],[106.808225,-6.312642],[106.807921,-6.313207],[106.808073,-6.313347],[106.808235,-6.31334],[106.808352,-6.31336],[106.808965,-6.314017],[106.808982,-6.314259],[106.809174,-6.314867],[106.809225,-6.315602],[106.80901,-6.316123],[106.808746,-6.316059],[106.80859,-6.316176],[106.808661,-6.316411],[106.808821,-6.316506],[106.808781,-6.316772],[106.808267,-6.316854],[106.807985,-6.317296],[106.807825,-6.31736],[106.807682,-6.317677],[106.807687,-6.317973],[106.807808,-6.318278],[106.808084,-6.318639],[106.808084,-6.318779],[106.80762,-6.318983],[106.807251,-6.319512],[106.807541,-6.319889],[106.807552,-6.319987],[106.807329,-6.320278],[106.807414,-6.320695],[106.807388,-6.320882],[106.807581,-6.32096],[106.807736,-6.320875],[106.80782,-6.321013],[106.807976,-6.321043],[106.8081,-6.321218],[106.807949,-6.321524],[106.808214,-6.322694],[106.808165,-6.323185],[106.808025,-6.32356],[106.808201,-6.323577],[106.808346,-6.323475],[106.808468,-6.323704],[106.808404,-6.324223],[106.808195,-6.324743],[106.808316,-6.325381],[106.808293,-6.325754],[106.808502,-6.325878],[106.80848,-6.326066],[106.80877,-6.326333],[106.808904,-6.326592],[106.80928,-6.326691],[106.809484,-6.326876],[106.809551,-6.327054],[106.809711,-6.327084],[106.809867,-6.327291],[106.809696,-6.32749],[106.809793,-6.327671],[106.811336,-6.327097],[106.813755,-6.327148],[106.813781,-6.328124],[106.813514,-6.328352],[106.813333,-6.328818],[106.813317,-6.329321],[106.813941,-6.330257],[106.814036,-6.330736],[106.813994,-6.331264],[106.813344,-6.333154],[106.813072,-6.336024],[106.813708,-6.336048],[106.815003,-6.336281],[106.815209,-6.336423],[106.815225,-6.336551],[106.815303,-6.336582],[106.815563,-6.336577],[106.81629,-6.33678],[106.818243,-6.337481],[106.81863,-6.336563],[106.822296,-6.337995],[106.822417,-6.33806],[106.822717,-6.33842],[106.824269,-6.337279],[106.824621,-6.337092],[106.825613,-6.336101],[106.826384,-6.335867],[106.827346,-6.335812],[106.828508,-6.335553],[106.828914,-6.335716],[106.829692,-6.336237],[106.83057,-6.336256],[106.830863,-6.336146],[106.831233,-6.335831],[106.83158,-6.335419]]]]},"properties":{"nama":"Jagakarsa","kecamatan":"Jagakarsa","kota":"Jakarta Selatan","tipe_kawasan":"Kawasan hijau","kualitas_udara":"kurang_sehat","atribut":{"sumber_batas":"OSM","kualitas_udara":"contoh","stasiun":0,"rth":6,"poi":1}}},{"type":"Feature","geometry":{"type":"MultiPolygon","coordinates":[[[[106.831953,-6.321324],[106.8298,-6.321029],[106.829589,-6.321091],[106.829075,-6.321912],[106.827118,-6.321784],[106.825347,-6.321522],[106.82545,-6.320744],[106.825441,-6.320299],[106.825117,-6.319846],[106.825006,-6.318517],[106.824903,-6.318057],[106.824782,-6.317833],[106.82505,-6.316517],[106.825754,-6.311561],[106.825816,-6.31134],[106.825913,-6.311301],[106.826159,-6.311345],[106.826387,-6.311491],[106.82655,-6.311446],[106.82668,-6.311146],[106.826881,-6.310403],[106.827114,-6.308604],[106.827462,-6.30754],[106.82759,-6.307383],[106.827655,-6.307161],[106.827702,-6.306582],[106.82757,-6.305879],[106.826668,-6.303437],[106.826457,-6.302722],[106.826269,-6.301748],[106.826274,-6.298985],[106.826355,-6.298238],[106.826244,-6.297521],[106.826226,-6.297249],[106.826347,-6.297136],[106.827547,-6.29633],[106.833015,-6.299385],[106.833887,-6.300037],[106.835622,-6.301088],[106.836468,-6.301702],[106.837151,-6.302108],[106.837101,-6.302604],[106.837335,-6.305472],[106.837204,-6.306499],[106.837164,-6.307776],[106.837052,-6.308578],[106.8367,-6.309965],[106.836602,-6.311568],[106.836228,-6.313857],[106.836246,-6.314133],[106.835907,-6.315764],[106.835912,-6.316213],[106.835405,-6.317287],[106.835214,-6.318356],[106.834729,-6.318318],[106.834312,-6.318074],[106.834137,-6.318078],[106.833786,-6.318357],[106.83357,-6.31862],[106.833315,-6.31924],[106.831953,-6.321324]]]]},"properties":{"nama":"Kebagusan","kecamatan":"Pasar Minggu","kota":"Jakarta Selatan","tipe_kawasan":"Kawasan hijau","kualitas_udara":"tidak_sehat","atribut":{"sumber_batas":"OSM","kualitas_udara":"contoh","stasiun":0,"rth":6,"poi":1}}},{"type":"Feature","geometry":{"type":"MultiPolygon","coordinates":[[[[106.80861,-6.307952],[106.808312,-6.307226],[106.808259,-6.306729],[106.808577,-6.306688],[106.808734,-6.306539],[106.808718,-6.306389],[106.808639,-6.306307],[106.808744,-6.306217],[106.808656,-6.305779],[106.80918,-6.30562],[106.809248,-6.30553],[106.809224,-6.305025],[106.808999,-6.304767],[106.808883,-6.304038],[106.808697,-6.303905],[106.808465,-6.303909],[106.808335,-6.303646],[106.80838,-6.303489],[106.808082,-6.303129],[106.807822,-6.303229],[106.807581,-6.303207],[106.807039,-6.302769],[106.806939,-6.302318],[106.806949,-6.302069],[106.806809,-6.301729],[106.806648,-6.301734],[106.806634,-6.301339],[106.806263,-6.300493],[106.806175,-6.299189],[106.805918,-6.298763],[106.805348,-6.29839],[106.805049,-6.298318],[106.804969,-6.298095],[106.805034,-6.297911],[106.805285,-6.297722],[106.805579,-6.296758],[106.80628,-6.296191],[106.806867,-6.29589],[106.806895,-6.295779],[106.806854,-6.295512],[106.806483,-6.295261],[106.806376,-6.294721],[106.806247,-6.294523],[106.805913,-6.294382],[106.805502,-6.294373],[106.805398,-6.294276],[106.805079,-6.293765],[106.805048,-6.293182],[106.805619,-6.292622],[106.805743,-6.292366],[106.805842,-6.291411],[106.806282,-6.290686],[106.8067,-6.290483],[106.80714,-6.29043],[106.807232,-6.290345],[106.80731,-6.290081],[106.808022,-6.290187],[106.808363,-6.289822],[106.808428,-6.289555],[106.808761,-6.289045],[106.808523,-6.288465],[106.808438,-6.287749],[106.808539,-6.287455],[106.809035,-6.286974],[106.809007,-6.286687],[106.809161,-6.28631],[106.809169,-6.285989],[106.809661,-6.285962],[106.809756,-6.28579],[106.809661,-6.285591],[106.809693,-6.285237],[106.809609,-6.284754],[106.80971,-6.284474],[106.809644,-6.284316],[106.809468,-6.284191],[106.809382,-6.283818],[106.809573,-6.283475],[106.809601,-6.283319],[106.809511,-6.28314],[106.809352,-6.282876],[106.809341,-6.2824],[106.809731,-6.281701],[106.809917,-6.281489],[106.810249,-6.281263],[106.810498,-6.280907],[106.810616,-6.280331],[106.81062,-6.279915],[106.81082,-6.279627],[106.811078,-6.279499],[106.811758,-6.279411],[106.812011,-6.279168],[106.812129,-6.278731],[106.812267,-6.278478],[106.812763,-6.278319],[106.812844,-6.277977],[106.81263,-6.277759],[106.812705,-6.277576],[106.812915,-6.277547],[106.813075,-6.277335],[106.813081,-6.276985],[106.812938,-6.276765],[106.812863,-6.276423],[106.813079,-6.276312],[106.813427,-6.275955],[106.813939,-6.276036],[106.814076,-6.275904],[106.814215,-6.275333],[106.814134,-6.274907],[106.813918,-6.274547],[106.813979,-6.274082],[106.813829,-6.273855],[106.813835,-6.273669],[106.814005,-6.273265],[106.813954,-6.273028],[106.814593,-6.272967],[106.816469,-6.273241],[106.81821,-6.27356],[106.821093,-6.274226],[106.820651,-6.275878],[106.819818,-6.280043],[106.818311,-6.28862],[106.818069,-6.289371],[106.816511,-6.292686],[106.816248,-6.293713],[106.815887,-6.29476],[106.814933,-6.298424],[106.814711,-6.299669],[106.814535,-6.3012],[106.81435,-6.30183],[106.814278,-6.303705],[106.813926,-6.306809],[106.813722,-6.310101],[106.813751,-6.310727],[106.812908,-6.310757],[106.811954,-6.310691],[106.811257,-6.310899],[106.810604,-6.3108],[106.809613,-6.310902],[106.809313,-6.311661],[106.809191,-6.311697],[106.80805,-6.311031],[106.808493,-6.31072],[106.808528,-6.310403],[106.80823,-6.309876],[106.807967,-6.309682],[106.807727,-6.309207],[106.807741,-6.30902],[106.807942,-6.308645],[106.808216,-6.308315],[106.808599,-6.308182],[106.808643,-6.308107],[106.80861,-6.307952]]]]},"properties":{"nama":"Cilandak Timur","kecamatan":"Pasar Minggu","kota":"Jakarta Selatan","tipe_kawasan":"Pusat aktivitas","kualitas_udara":"tidak_sehat","atribut":{"sumber_batas":"OSM","kualitas_udara":"contoh","stasiun":0,"rth":13,"poi":8}}},{"type":"Feature","geometry":{"type":"MultiPolygon","coordinates":[[[[106.798976,-6.343809],[106.798934,-6.343966],[106.798779,-6.344123],[106.798336,-6.344234],[106.798271,-6.344299],[106.798212,-6.344653],[106.797626,-6.34469],[106.797534,-6.34476],[106.797325,-6.345168],[106.797297,-6.345849],[106.796821,-6.346376],[106.796504,-6.346605],[106.796221,-6.34658],[106.795928,-6.346427],[106.795804,-6.346101],[106.795605,-6.345958],[106.795473,-6.345968],[106.794519,-6.346599],[106.794406,-6.346541],[106.794218,-6.346626],[106.794194,-6.346799],[106.793889,-6.34701],[106.793343,-6.347566],[106.792618,-6.347978],[106.792554,-6.348213],[106.792437,-6.34833],[106.792395,-6.348551],[106.792749,-6.348811],[106.79295,-6.34948],[106.793074,-6.349589],[106.793021,-6.349673],[106.792887,-6.349712],[106.792961,-6.349933],[106.793057,-6.349958],[106.793053,-6.350095],[106.793106,-6.350148],[106.793205,-6.350109],[106.793322,-6.349955],[106.793478,-6.349923],[106.793566,-6.34981],[106.793747,-6.350225],[106.793725,-6.350454],[106.793984,-6.35057],[106.794033,-6.350672],[106.793992,-6.351276],[106.79394,-6.351362],[106.793195,-6.351701],[106.792523,-6.352263],[106.792493,-6.352417],[106.792717,-6.352819],[106.793319,-6.353187],[106.793214,-6.353868],[106.793251,-6.353926],[106.793503,-6.35396],[106.793919,-6.354226],[106.794002,-6.354299],[106.794026,-6.354521],[106.793933,-6.354626],[106.793351,-6.354832],[106.793112,-6.355054],[106.793002,-6.355297],[106.793051,-6.355583],[106.793026,-6.356105],[106.793205,-6.356408],[106.793217,-6.356978],[106.792978,-6.357159],[106.792965,-6.357725],[106.792904,-6.35783],[106.792648,-6.357882],[106.792551,-6.357955],[106.792498,-6.358125],[106.792571,-6.358711],[106.792672,-6.358906],[106.793599,-6.359935],[106.793709,-6.360145],[106.793676,-6.360566],[106.793526,-6.360676],[106.793637,-6.361392],[106.793461,-6.36187],[106.793542,-6.362108],[106.793449,-6.36244],[106.793408,-6.362662],[106.793209,-6.362808],[106.793226,-6.363079],[106.793047,-6.363248],[106.793091,-6.363462],[106.793628,-6.363778],[106.793683,-6.363879],[106.793622,-6.363986],[106.793776,-6.364095],[106.793804,-6.36439],[106.794028,-6.364425],[106.794554,-6.364302],[106.794614,-6.364406],[106.794582,-6.364605],[106.794759,-6.364925],[106.796607,-6.365048],[106.796647,-6.364971],[106.797071,-6.364944],[106.79801,-6.364949],[106.798183,-6.36501],[106.798318,-6.364464],[106.800288,-6.364369],[106.800324,-6.364461],[106.801239,-6.364304],[106.802838,-6.363809],[106.803303,-6.363579],[106.804972,-6.363466],[106.807121,-6.363453],[106.807078,-6.362334],[106.807779,-6.359043],[106.809354,-6.356895],[106.810225,-6.355494],[106.811185,-6.353569],[106.813423,-6.348281],[106.814044,-6.347031],[106.814724,-6.34631],[106.815659,-6.345158],[106.813886,-6.344308],[106.81349,-6.344245],[106.813205,-6.344119],[106.812382,-6.344057],[106.812271,-6.344214],[106.812223,-6.34445],[106.811954,-6.344576],[106.811527,-6.345992],[106.810554,-6.345676],[106.808822,-6.344982],[106.808093,-6.345136],[106.806229,-6.344907],[106.806056,-6.345109],[106.804001,-6.344647],[106.804016,-6.344429],[106.80375,-6.344362],[106.800952,-6.344057],[106.800279,-6.343959],[106.799423,-6.343737],[106.798976,-6.343809]]]]},"properties":{"nama":"Cipedak","kecamatan":"Jagakarsa","kota":"Jakarta Selatan","tipe_kawasan":"Kawasan hijau","kualitas_udara":"tidak_sehat","atribut":{"sumber_batas":"OSM","kualitas_udara":"contoh","stasiun":0,"rth":8,"poi":0}}},{"type":"Feature","geometry":{"type":"MultiPolygon","coordinates":[[[[106.889064,-6.340447],[106.891563,-6.339921],[106.89197,-6.339235],[106.892432,-6.339129],[106.892495,-6.339003],[106.89318,-6.339131],[106.893287,-6.339006],[106.893727,-6.338858],[106.894425,-6.337679],[106.894593,-6.337038],[106.894793,-6.336947],[106.894966,-6.337103],[106.895707,-6.336331],[106.895799,-6.336194],[106.895709,-6.336109],[106.895809,-6.336009],[106.895872,-6.336027],[106.896112,-6.335883],[106.896153,-6.336032],[106.896349,-6.335926],[106.897013,-6.335237],[106.897393,-6.334992],[106.897534,-6.33498],[106.897561,-6.334575],[106.897306,-6.334293],[106.896271,-6.333699],[106.895152,-6.33365],[106.89486,-6.33354],[106.896214,-6.332523],[106.896725,-6.332566],[106.897121,-6.332511],[106.897335,-6.332378],[106.897895,-6.331819],[106.898332,-6.331238],[106.898575,-6.331067],[106.898929,-6.330984],[106.899941,-6.331083],[106.90029,-6.330242],[106.900764,-6.329329],[106.901287,-6.328505],[106.902032,-6.327523],[106.903416,-6.326394],[106.903656,-6.326291],[106.904245,-6.325797],[106.90456,-6.325641],[106.905914,-6.324682],[106.906723,-6.323923],[106.907046,-6.322881],[106.906562,-6.322806],[106.906312,-6.322867],[106.905946,-6.322767],[106.905392,-6.322504],[106.904445,-6.322518],[106.903962,-6.322188],[106.903804,-6.322203],[106.903652,-6.322432],[106.903272,-6.322464],[106.902229,-6.322248],[106.902373,-6.321693],[106.902268,-6.321625],[106.901052,-6.321334],[106.900583,-6.322374],[106.900401,-6.322537],[106.9002,-6.322569],[106.899799,-6.323235],[106.899676,-6.323466],[106.899698,-6.32382],[106.899467,-6.324105],[106.899289,-6.324161],[106.89921,-6.324259],[106.898928,-6.324999],[106.899105,-6.325212],[106.898622,-6.326348],[106.898465,-6.327134],[106.897991,-6.327826],[106.897859,-6.32767],[106.897814,-6.327399],[106.896631,-6.326951],[106.896501,-6.326875],[106.89639,-6.326624],[106.89572,-6.326228],[106.895652,-6.325326],[106.895579,-6.325159],[106.89464,-6.323783],[106.894627,-6.323648],[106.894853,-6.323417],[106.894885,-6.323283],[106.894803,-6.32296],[106.894255,-6.322335],[106.894395,-6.321251],[106.893647,-6.320959],[106.89264,-6.320383],[106.890164,-6.319282],[106.889979,-6.320004],[106.889629,-6.320786],[106.888666,-6.322209],[106.887428,-6.321818],[106.886997,-6.321773],[106.887123,-6.329344],[106.88722,-6.33051],[106.888386,-6.337118],[106.889064,-6.340447]]]]},"properties":{"nama":"Cipayung","kecamatan":"Cipayung","kota":"Jakarta Timur","tipe_kawasan":"Kawasan hijau","kualitas_udara":"tidak_sehat","atribut":{"sumber_batas":"OSM","kualitas_udara":"contoh","stasiun":0,"rth":7,"poi":0}}},{"type":"Feature","geometry":{"type":"MultiPolygon","coordinates":[[[[106.904977,-6.261131],[106.904346,-6.262015],[106.904453,-6.262222],[106.905143,-6.262778],[106.905354,-6.262858],[106.905524,-6.263285],[106.905435,-6.26339],[106.905127,-6.263253],[106.905038,-6.26343],[106.905078,-6.263672],[106.904997,-6.264114],[106.905281,-6.264308],[106.905248,-6.264493],[106.905143,-6.264549],[106.904819,-6.264533],[106.90469,-6.264775],[106.904722,-6.265089],[106.905019,-6.265498],[106.9046,-6.265846],[106.90456,-6.266088],[106.904673,-6.266386],[106.904949,-6.266378],[106.905062,-6.266466],[106.905046,-6.266708],[106.904925,-6.266925],[106.905014,-6.267191],[106.904868,-6.267562],[106.904884,-6.267722],[106.905216,-6.267908],[106.905305,-6.267868],[106.90537,-6.267618],[106.905475,-6.267545],[106.905613,-6.267602],[106.905411,-6.268311],[106.905427,-6.26848],[106.905589,-6.268673],[106.905613,-6.268882],[106.904957,-6.269221],[106.904916,-6.269462],[106.904495,-6.269712],[106.904252,-6.269994],[106.904212,-6.270348],[106.904382,-6.270348],[106.904536,-6.270187],[106.904779,-6.270147],[106.905257,-6.270308],[106.905427,-6.270187],[106.905605,-6.270574],[106.905556,-6.27088],[106.905735,-6.271363],[106.906042,-6.271564],[106.906051,-6.271709],[106.906221,-6.271741],[106.906496,-6.27154],[106.906618,-6.271661],[106.906626,-6.271918],[106.907088,-6.272184],[106.90725,-6.272216],[106.90746,-6.272047],[106.907865,-6.271999],[106.908076,-6.272047],[106.908335,-6.271959],[106.908497,-6.272039],[106.908384,-6.272345],[106.908433,-6.272748],[106.908619,-6.272877],[106.909259,-6.272756],[106.90951,-6.272579],[106.909543,-6.272313],[106.909656,-6.272225],[106.909826,-6.272361],[106.910029,-6.272772],[106.909696,-6.272917],[106.909729,-6.273304],[106.909348,-6.273537],[106.909097,-6.274463],[106.90947,-6.275156],[106.909227,-6.275414],[106.909413,-6.275768],[106.909316,-6.275921],[106.909162,-6.277041],[106.909057,-6.27725],[106.90884,-6.277389],[106.90876,-6.277685],[106.908966,-6.277981],[106.908955,-6.278277],[106.908588,-6.278949],[106.908657,-6.279314],[106.908749,-6.279473],[106.9086,-6.279929],[106.908668,-6.280168],[106.909024,-6.280475],[106.908966,-6.281022],[106.90876,-6.28158],[106.908061,-6.282138],[106.907992,-6.282548],[106.908485,-6.282776],[106.908623,-6.283152],[106.908749,-6.283995],[106.908738,-6.284353],[106.905687,-6.284627],[106.903627,-6.2849],[106.902663,-6.284899],[106.900514,-6.285298],[106.900046,-6.285439],[106.899529,-6.285777],[106.899142,-6.2862],[106.898327,-6.287395],[106.897781,-6.288031],[106.897576,-6.288412],[106.897213,-6.288791],[106.896629,-6.289278],[106.89575,-6.289616],[106.892475,-6.28993],[106.889954,-6.29028],[106.890005,-6.290026],[106.889929,-6.289665],[106.889513,-6.289444],[106.888923,-6.289347],[106.887228,-6.288707],[106.886984,-6.288307],[106.886704,-6.287653],[106.886081,-6.285122],[106.885987,-6.284258],[106.886079,-6.284034],[106.886073,-6.283732],[106.885768,-6.283265],[106.885524,-6.283035],[106.885214,-6.282151],[106.884617,-6.281358],[106.884489,-6.280953],[106.884379,-6.280226],[106.884479,-6.278818],[106.884357,-6.277958],[106.88404,-6.277591],[106.883419,-6.276265],[106.883273,-6.275206],[106.883697,-6.275182],[106.883482,-6.274057],[106.883336,-6.273706],[106.883275,-6.272876],[106.88344,-6.271604],[106.882087,-6.272316],[106.881471,-6.272772],[106.880635,-6.273039],[106.878351,-6.274155],[106.877703,-6.274096],[106.877452,-6.273719],[106.877011,-6.272615],[106.877146,-6.272482],[106.877185,-6.272248],[106.877647,-6.271148],[106.877743,-6.270265],[106.87762,-6.269131],[106.877524,-6.26893],[106.877557,-6.268426],[106.877443,-6.267931],[106.877296,-6.26638],[106.877138,-6.266019],[106.877134,-6.26557],[106.878742,-6.265879],[106.879541,-6.265581],[106.880506,-6.265636],[106.880939,-6.265879],[106.882125,-6.266909],[106.882394,-6.267028],[106.882821,-6.267044],[106.883501,-6.266956],[106.884022,-6.267346],[106.883302,-6.265801],[106.883317,-6.265537],[106.884219,-6.26417],[106.882837,-6.26319],[106.882495,-6.262825],[106.882132,-6.262578],[106.882341,-6.261593],[106.882294,-6.261273],[106.882403,-6.261041],[106.882474,-6.260581],[106.882508,-6.259793],[106.882664,-6.258748],[106.882176,-6.258604],[106.881894,-6.258632],[106.882325,-6.258251],[106.882353,-6.258152],[106.88212,-6.257937],[106.882137,-6.257827],[106.88247,-6.257369],[106.882575,-6.25706],[106.882192,-6.256774],[106.882176,-6.25663],[106.882353,-6.256415],[106.88237,-6.256233],[106.882126,-6.25582],[106.882165,-6.255588],[106.881127,-6.253559],[106.881216,-6.253316],[106.881582,-6.253068],[106.881693,-6.252903],[106.881715,-6.252202],[106.881466,-6.249892],[106.881893,-6.249087],[106.88197,-6.248557],[106.881826,-6.248193],[106.881532,-6.247835],[106.88115,-6.247502],[106.880496,-6.24714],[106.880189,-6.24676],[106.879736,-6.246539],[106.879813,-6.245663],[106.87947,-6.245332],[106.879503,-6.244858],[106.879408,-6.244571],[106.879187,-6.244328],[106.879092,-6.244041],[106.87932,-6.243633],[106.879408,-6.242966],[106.879336,-6.242547],[106.879381,-6.242194],[106.879486,-6.241963],[106.879331,-6.241577],[106.879689,-6.241658],[106.881562,-6.241511],[106.884404,-6.241507],[106.886479,-6.241146],[106.887975,-6.241067],[106.888687,-6.241164],[106.890697,-6.241269],[106.891227,-6.24141],[106.89216,-6.241779],[106.893042,-6.241967],[106.893673,-6.241925],[106.893715,-6.241978],[106.893648,-6.242153],[106.89327,-6.242237],[106.893254,-6.242542],[106.893375,-6.242712],[106.893384,-6.242863],[106.893276,-6.242966],[106.893293,-6.243153],[106.89347,-6.243384],[106.894464,-6.24374],[106.894652,-6.243731],[106.894977,-6.243849],[106.896081,-6.244319],[106.896236,-6.244517],[106.896424,-6.244541],[106.896669,-6.244387],[106.89683,-6.244405],[106.896925,-6.244512],[106.896908,-6.244712],[106.8968,-6.244881],[106.89708,-6.24511],[106.897385,-6.244978],[106.897619,-6.245081],[106.898006,-6.245499],[106.898262,-6.245519],[106.898503,-6.245645],[106.898678,-6.245891],[106.899137,-6.245868],[106.899192,-6.246034],[106.899382,-6.246174],[106.899634,-6.246188],[106.899765,-6.246385],[106.899668,-6.246489],[106.900021,-6.24696],[106.900165,-6.24766],[106.900293,-6.247763],[106.900255,-6.248065],[106.900324,-6.24822],[106.900694,-6.248454],[106.901108,-6.248447],[106.901185,-6.248531],[106.901213,-6.248826],[106.901107,-6.249316],[106.901547,-6.249406],[106.901665,-6.249558],[106.90171,-6.25038],[106.901927,-6.250846],[106.902186,-6.251654],[106.902626,-6.252181],[106.90346,-6.253009],[106.903551,-6.253281],[106.903174,-6.25385],[106.903211,-6.254009],[106.904559,-6.254863],[106.904547,-6.255033],[106.904298,-6.255354],[106.904241,-6.255906],[106.904145,-6.256141],[106.903988,-6.256164],[106.904141,-6.256774],[106.904244,-6.256953],[106.904516,-6.257019],[106.904669,-6.256911],[106.904655,-6.256603],[106.904922,-6.256376],[106.904987,-6.256411],[106.90487,-6.256705],[106.904933,-6.256858],[106.905053,-6.256867],[106.905462,-6.256602],[106.905603,-6.25631],[106.905803,-6.256294],[106.905957,-6.256403],[106.9062,-6.256806],[106.906465,-6.257007],[106.906464,-6.257181],[106.906245,-6.257328],[106.906081,-6.257713],[106.905968,-6.257699],[106.905812,-6.25756],[106.905725,-6.257603],[106.905773,-6.25785],[106.905653,-6.257918],[106.905331,-6.257647],[106.905249,-6.257867],[106.905416,-6.258615],[106.905633,-6.258787],[106.905771,-6.258627],[106.906105,-6.258691],[106.906394,-6.258966],[106.90643,-6.259205],[106.906328,-6.259481],[106.90554,-6.259925],[106.905432,-6.260107],[106.905488,-6.260739],[106.90513,-6.260953],[106.904977,-6.261131]]]]},"properties":{"nama":"Halim Perdana Kusuma","kecamatan":"Makasar","kota":"Jakarta Timur","tipe_kawasan":"Permukiman dekat stasiun","kualitas_udara":"kurang_sehat","atribut":{"sumber_batas":"OSM","kualitas_udara":"contoh","stasiun":2,"rth":1,"poi":0}}},{"type":"Feature","geometry":{"type":"MultiPolygon","coordinates":[[[[106.900098,-6.351608],[106.90105,-6.350554],[106.900964,-6.350053],[106.900868,-6.349905],[106.900366,-6.349784],[106.900376,-6.349405],[106.900441,-6.349236],[106.900649,-6.348893],[106.900918,-6.348763],[106.901896,-6.348681],[106.90219,-6.347614],[106.902274,-6.346999],[106.902367,-6.346797],[106.902307,-6.346539],[106.902041,-6.345955],[106.901911,-6.345897],[106.901253,-6.345932],[106.901142,-6.345888],[106.901059,-6.345318],[106.900399,-6.3447],[106.900114,-6.344262],[106.899898,-6.343737],[106.899776,-6.343643],[106.899183,-6.343476],[106.899037,-6.343574],[106.898916,-6.343684],[106.89869,-6.344356],[106.898549,-6.344538],[106.898023,-6.344034],[106.897276,-6.343663],[106.897305,-6.343504],[106.897713,-6.342756],[106.897727,-6.342572],[106.897925,-6.342469],[106.898063,-6.342309],[106.899123,-6.341882],[106.899381,-6.341533],[106.899176,-6.341315],[106.89771,-6.340526],[106.897402,-6.340254],[106.896708,-6.339983],[106.895698,-6.339709],[106.895449,-6.33987],[106.894725,-6.339629],[106.893998,-6.33923],[106.893867,-6.338963],[106.893727,-6.338858],[106.894425,-6.337679],[106.894593,-6.337038],[106.894793,-6.336947],[106.894966,-6.337103],[106.895707,-6.336331],[106.895799,-6.336194],[106.895709,-6.336109],[106.895809,-6.336009],[106.895872,-6.336027],[106.896112,-6.335883],[106.896153,-6.336032],[106.896349,-6.335926],[106.897013,-6.335237],[106.897393,-6.334992],[106.897534,-6.33498],[106.897561,-6.334575],[106.897306,-6.334293],[106.896271,-6.333699],[106.895152,-6.33365],[106.89486,-6.33354],[106.896214,-6.332523],[106.896725,-6.332566],[106.897121,-6.332511],[106.897335,-6.332378],[106.897895,-6.331819],[106.898332,-6.331238],[106.898575,-6.331067],[106.898929,-6.330984],[106.899941,-6.331083],[106.90029,-6.330242],[106.900764,-6.329329],[106.901287,-6.328505],[106.902032,-6.327523],[106.903416,-6.326394],[106.903656,-6.326291],[106.904245,-6.325797],[106.90456,-6.325641],[106.905914,-6.324682],[106.906479,-6.324152],[106.90663,-6.324253],[106.907319,-6.32436],[106.909029,-6.324392],[106.909283,-6.320584],[106.909605,-6.320413],[106.911829,-6.320513],[106.911885,-6.320452],[106.911993,-6.319958],[106.91205,-6.316429],[106.91211,-6.315192],[106.913691,-6.315262],[106.913661,-6.320544],[106.91552,-6.320593],[106.915898,-6.3202],[106.915964,-6.320196],[106.917429,-6.320461],[106.917873,-6.320781],[106.919997,-6.321194],[106.920192,-6.321364],[106.920206,-6.323035],[106.919664,-6.323504],[106.919471,-6.324443],[106.920986,-6.324594],[106.920699,-6.324993],[106.920587,-6.325054],[106.919352,-6.325103],[106.919077,-6.32526],[106.919009,-6.325723],[106.919235,-6.325975],[106.919137,-6.326504],[106.918592,-6.326906],[106.918317,-6.327173],[106.918284,-6.327291],[106.919364,-6.327322],[106.92005,-6.327652],[106.920131,-6.327839],[106.920003,-6.328464],[106.920279,-6.32858],[106.920468,-6.328933],[106.920324,-6.329173],[106.920347,-6.329596],[106.920591,-6.330197],[106.920563,-6.330359],[106.920615,-6.330469],[106.920973,-6.3307],[106.920944,-6.331763],[106.920753,-6.332737],[106.920517,-6.333178],[106.919747,-6.333653],[106.919744,-6.334015],[106.919582,-6.334513],[106.919596,-6.334717],[106.919441,-6.335027],[106.919705,-6.336013],[106.919626,-6.336187],[106.919644,-6.33665],[106.919589,-6.336831],[106.919129,-6.337099],[106.919065,-6.337192],[106.919122,-6.33791],[106.919555,-6.338522],[106.919558,-6.338652],[106.919529,-6.338737],[106.918803,-6.338918],[106.918571,-6.339083],[106.918223,-6.339187],[106.918142,-6.339342],[106.918207,-6.339656],[106.918386,-6.339915],[106.91895,-6.339949],[106.919199,-6.340293],[106.919536,-6.341078],[106.919631,-6.341523],[106.919539,-6.34162],[106.91893,-6.341587],[106.918752,-6.341743],[106.918128,-6.341593],[106.91799,-6.341328],[106.917918,-6.340684],[106.917986,-6.340124],[106.917828,-6.339717],[106.91748,-6.339529],[106.916993,-6.339563],[106.916712,-6.339684],[106.915911,-6.340929],[106.915589,-6.341213],[106.914766,-6.340981],[106.911408,-6.340244],[106.911343,-6.34021],[106.911368,-6.339929],[106.911109,-6.33956],[106.911006,-6.33919],[106.910189,-6.338949],[106.909681,-6.339766],[106.909354,-6.34071],[106.909499,-6.341377],[106.909831,-6.341955],[106.909892,-6.342363],[106.909812,-6.342703],[106.909844,-6.342791],[106.909427,-6.343111],[106.90931,-6.343308],[106.908911,-6.34348],[106.907975,-6.343673],[106.907612,-6.343649],[106.907268,-6.344401],[106.906856,-6.345105],[106.905546,-6.347152],[106.905219,-6.347899],[106.905004,-6.348588],[106.904563,-6.349542],[106.904289,-6.350495],[106.904059,-6.351058],[106.903673,-6.351607],[106.903326,-6.352247],[106.902831,-6.352023],[106.902417,-6.35198],[106.901404,-6.35206],[106.900835,-6.352003],[106.900433,-6.351629],[106.900098,-6.351608]]]]},"properties":{"nama":"Cilangkap","kecamatan":"Cipayung","kota":"Jakarta Timur","tipe_kawasan":"Kawasan hijau","kualitas_udara":"tidak_sehat","atribut":{"sumber_batas":"OSM","kualitas_udara":"contoh","stasiun":0,"rth":9,"poi":1}}},{"type":"Feature","geometry":{"type":"MultiPolygon","coordinates":[[[[106.882367,-6.298796],[106.889321,-6.298898],[106.88933,-6.299832],[106.89035,-6.299847],[106.890349,-6.298922],[106.892082,-6.298975],[106.892319,-6.299861],[106.892809,-6.299869],[106.892789,-6.298982],[106.89582,-6.299038],[106.896209,-6.298988],[106.897455,-6.299065],[106.90177,-6.299119],[106.901834,-6.299192],[106.902198,-6.299265],[106.902186,-6.299513],[106.905986,-6.299599],[106.906047,-6.299662],[106.905932,-6.30076],[106.905913,-6.304286],[106.905774,-6.304414],[106.905744,-6.304536],[106.905792,-6.304594],[106.90473,-6.305697],[106.903119,-6.305721],[106.901489,-6.305632],[106.900751,-6.305662],[106.899955,-6.305802],[106.8998,-6.305925],[106.899585,-6.306927],[106.899,-6.30681],[106.898753,-6.30682],[106.898443,-6.306954],[106.898153,-6.30713],[106.897917,-6.307381],[106.897724,-6.307743],[106.896775,-6.307249],[106.895508,-6.306803],[106.892594,-6.305995],[106.891493,-6.30572],[106.887574,-6.304976],[106.886137,-6.304101],[106.884176,-6.302199],[106.883406,-6.302237],[106.882367,-6.298796]]]]},"properties":{"nama":"Taman Mini Indonesia Indah (TMII)","kecamatan":"Cipayung","kota":"Jakarta Timur","tipe_kawasan":"Pusat aktivitas","kualitas_udara":"kurang_sehat","atribut":{"sumber_batas":"OSM","kualitas_udara":"contoh","stasiun":0,"rth":12,"poi":9}}},{"type":"Feature","geometry":{"type":"MultiPolygon","coordinates":[[[[106.872972,-6.26477],[106.872018,-6.264622],[106.869222,-6.26395],[106.866019,-6.263387],[106.86574,-6.263375],[106.865628,-6.26389],[106.865686,-6.265323],[106.866007,-6.267993],[106.866423,-6.268908],[106.866893,-6.269583],[106.866871,-6.269671],[106.867204,-6.270105],[106.867265,-6.270314],[106.866942,-6.271336],[106.866921,-6.271588],[106.866979,-6.271669],[106.867025,-6.272337],[106.866928,-6.272715],[106.867031,-6.27335],[106.866962,-6.27363],[106.867031,-6.274431],[106.867231,-6.275036],[106.867731,-6.275953],[106.868279,-6.27672],[106.868792,-6.277257],[106.869185,-6.278396],[106.869339,-6.278667],[106.870291,-6.279437],[106.871066,-6.280888],[106.871796,-6.281714],[106.871852,-6.281848],[106.87183,-6.282027],[106.871589,-6.282644],[106.871032,-6.284897],[106.871157,-6.284944],[106.871159,-6.285],[106.871049,-6.285104],[106.870723,-6.28574],[106.870633,-6.28613],[106.870678,-6.28699],[106.872129,-6.287416],[106.87219,-6.287187],[106.872639,-6.287265],[106.872897,-6.287154],[106.873054,-6.286986],[106.872998,-6.286763],[106.873122,-6.286651],[106.873537,-6.286417],[106.874155,-6.286361],[106.874312,-6.286172],[106.874267,-6.286038],[106.874319,-6.285941],[106.874692,-6.285914],[106.874743,-6.285791],[106.874648,-6.285602],[106.874648,-6.285397],[106.874716,-6.285302],[106.875275,-6.284962],[106.876069,-6.284943],[106.876192,-6.284848],[106.876287,-6.28439],[106.876198,-6.283988],[106.87581,-6.283392],[106.87459,-6.280422],[106.87479,-6.2801],[106.874762,-6.279481],[106.873648,-6.276761],[106.873217,-6.27528],[106.872817,-6.273069],[106.8727,-6.272315],[106.872664,-6.27035],[106.872972,-6.26477]]]]},"properties":{"nama":"Kramat Jati","kecamatan":"Kramat Jati","kota":"Jakarta Timur","tipe_kawasan":"Permukiman","kualitas_udara":"tidak_sehat","atribut":{"sumber_batas":"OSM","kualitas_udara":"contoh","stasiun":0,"rth":0,"poi":0}}},{"type":"Feature","geometry":{"type":"MultiPolygon","coordinates":[[[[106.770276,-6.277324],[106.769883,-6.276697],[106.769554,-6.276408],[106.769429,-6.276173],[106.76944,-6.275746],[106.769331,-6.275345],[106.768477,-6.274798],[106.768343,-6.274542],[106.76841,-6.27424],[106.768511,-6.27395],[106.768649,-6.273781],[106.769487,-6.273812],[106.77008,-6.274402],[106.770431,-6.274432],[106.770678,-6.274262],[106.770981,-6.273849],[106.771296,-6.27289],[106.771509,-6.272521],[106.77161,-6.272164],[106.771554,-6.272041],[106.770926,-6.271632],[106.770826,-6.271178],[106.771108,-6.270649],[106.771129,-6.270429],[106.771024,-6.270096],[106.769868,-6.269681],[106.769646,-6.26945],[106.769566,-6.269117],[106.769623,-6.268838],[106.769204,-6.268106],[106.769229,-6.267869],[106.769617,-6.267315],[106.769712,-6.267052],[106.769218,-6.266114],[106.769207,-6.265835],[106.769453,-6.265242],[106.769813,-6.264719],[106.770134,-6.264496],[106.770552,-6.264716],[106.770903,-6.2653],[106.77115,-6.2654],[106.77148,-6.26537],[106.771576,-6.265009],[106.77124,-6.264228],[106.770621,-6.263512],[106.770621,-6.263225],[106.770728,-6.263073],[106.771367,-6.262756],[106.771902,-6.262777],[106.772148,-6.26301],[106.772497,-6.263041],[106.772907,-6.262779],[106.773109,-6.262545],[106.773081,-6.262275],[106.77282,-6.261728],[106.772587,-6.260779],[106.772665,-6.259606],[106.773523,-6.259846],[106.775224,-6.260001],[106.776068,-6.260459],[106.777414,-6.261054],[106.783202,-6.261048],[106.784837,-6.261134],[106.785182,-6.261355],[106.785485,-6.261683],[106.785434,-6.26286],[106.785173,-6.264087],[106.78539,-6.264941],[106.78539,-6.265415],[106.786406,-6.26596],[106.786496,-6.266344],[106.786703,-6.266614],[106.787208,-6.266867],[106.787716,-6.267009],[106.787827,-6.26712],[106.788244,-6.26713],[106.788916,-6.267381],[106.79144,-6.267956],[106.792078,-6.268831],[106.792237,-6.269226],[106.79276,-6.271241],[106.792896,-6.272551],[106.792808,-6.273325],[106.792522,-6.274398],[106.792014,-6.274437],[106.791744,-6.274548],[106.791401,-6.275613],[106.791157,-6.276016],[106.791212,-6.276758],[106.79153,-6.277239],[106.791482,-6.278731],[106.791371,-6.279299],[106.790862,-6.28073],[106.790091,-6.281516],[106.789837,-6.282242],[106.789106,-6.283126],[106.788757,-6.283947],[106.788374,-6.284334],[106.78809,-6.284389],[106.786538,-6.285965],[106.786021,-6.286779],[106.785078,-6.288019],[106.785235,-6.28851],[106.785509,-6.288542],[106.785551,-6.289689],[106.784337,-6.291525],[106.781535,-6.290737],[106.780756,-6.29046],[106.779643,-6.289774],[106.778267,-6.288536],[106.776582,-6.289089],[106.772821,-6.289059],[106.770836,-6.28897],[106.769068,-6.289366],[106.76738,-6.29018],[106.766709,-6.290694],[106.766475,-6.290005],[106.766487,-6.289395],[106.76637,-6.28929],[106.76616,-6.289244],[106.76609,-6.289091],[106.766226,-6.288877],[106.766583,-6.288853],[106.767204,-6.288637],[106.767369,-6.288427],[106.766951,-6.287837],[106.76676,-6.287267],[106.766192,-6.286707],[106.766703,-6.286282],[106.767041,-6.286198],[106.76769,-6.286516],[106.767926,-6.286484],[106.768066,-6.286271],[106.768012,-6.285962],[106.767157,-6.284998],[106.766188,-6.284682],[106.765705,-6.284],[106.766122,-6.283641],[106.766735,-6.283392],[106.76764,-6.282185],[106.768278,-6.281967],[106.769003,-6.281865],[106.769534,-6.281479],[106.769519,-6.281187],[106.768246,-6.280433],[106.767987,-6.28035],[106.767972,-6.279835],[106.767596,-6.279393],[106.767561,-6.279171],[106.767894,-6.278934],[106.768017,-6.278965],[106.768656,-6.278855],[106.768974,-6.278665],[106.769053,-6.27835],[106.769373,-6.278047],[106.769782,-6.278239],[106.770104,-6.278226],[106.770276,-6.278066],[106.770276,-6.277324]]]]},"properties":{"nama":"Pondok Pinang","kecamatan":"Kebayoran Lama","kota":"Jakarta Selatan","tipe_kawasan":"Kawasan hijau","kualitas_udara":"tidak_sehat","atribut":{"sumber_batas":"OSM","kualitas_udara":"contoh","stasiun":0,"rth":9,"poi":5}}},{"type":"Feature","geometry":{"type":"MultiPolygon","coordinates":[[[[106.854842,-6.303343],[106.855141,-6.30359],[106.856445,-6.304268],[106.858182,-6.304914],[106.858512,-6.305279],[106.858576,-6.305665],[106.858447,-6.305828],[106.858222,-6.305959],[106.857688,-6.306068],[106.857573,-6.306192],[106.857491,-6.306697],[106.857532,-6.306959],[106.857774,-6.307462],[106.857777,-6.307726],[106.857637,-6.308092],[106.857141,-6.308667],[106.856881,-6.309416],[106.85682,-6.310092],[106.856818,-6.310263],[106.856892,-6.310392],[106.857236,-6.310622],[106.857376,-6.310662],[106.857925,-6.310537],[106.858197,-6.310616],[106.858397,-6.310907],[106.858381,-6.31119],[106.857985,-6.311715],[106.856575,-6.312841],[106.856213,-6.313312],[106.855773,-6.313653],[106.85595,-6.313949],[106.856534,-6.314023],[106.856876,-6.314352],[106.85702,-6.31433],[106.857474,-6.314503],[106.858049,-6.314589],[106.858211,-6.314845],[106.858218,-6.315247],[106.858476,-6.31557],[106.859129,-6.315075],[106.860003,-6.314151],[106.861933,-6.311495],[106.862057,-6.311416],[106.862587,-6.311393],[106.862774,-6.31034],[106.864102,-6.308218],[106.866284,-6.304128],[106.867967,-6.302039],[106.8695,-6.300271],[106.86895,-6.299849],[106.868514,-6.299788],[106.868024,-6.299484],[106.866748,-6.29915],[106.866969,-6.298307],[106.866343,-6.29809],[106.865528,-6.297939],[106.865617,-6.297264],[106.86569,-6.297251],[106.865688,-6.295983],[106.865374,-6.295987],[106.865396,-6.295588],[106.865312,-6.295206],[106.86529,-6.294583],[106.862769,-6.29485],[106.86229,-6.293699],[106.861766,-6.293734],[106.861582,-6.293662],[106.860702,-6.29383],[106.860381,-6.293982],[106.859564,-6.292814],[106.859464,-6.292508],[106.859499,-6.292243],[106.85787,-6.292209],[106.857877,-6.292553],[106.85663,-6.292536],[106.855778,-6.292769],[106.855871,-6.294473],[106.85543,-6.294026],[106.85521,-6.29341],[106.854184,-6.293463],[106.854065,-6.29372],[106.854349,-6.294258],[106.854384,-6.294789],[106.854359,-6.296042],[106.854205,-6.296177],[106.853915,-6.296172],[106.853063,-6.29582],[106.851707,-6.295577],[106.851018,-6.295667],[106.850598,-6.295841],[106.850378,-6.296238],[106.850395,-6.296513],[106.850618,-6.29679],[106.852122,-6.297711],[106.852289,-6.297948],[106.852312,-6.298106],[106.852322,-6.298369],[106.852219,-6.298837],[106.852027,-6.299272],[106.851805,-6.299364],[106.851605,-6.299293],[106.851288,-6.299025],[106.850712,-6.298679],[106.849927,-6.298632],[106.849658,-6.298834],[106.849612,-6.299026],[106.849701,-6.299346],[106.849977,-6.299746],[106.851205,-6.30082],[106.851538,-6.30105],[106.851707,-6.301084],[106.85186,-6.30106],[106.85205,-6.30085],[106.852399,-6.300058],[106.852517,-6.299925],[106.853476,-6.299752],[106.854252,-6.299438],[106.854711,-6.299392],[106.854848,-6.299523],[106.855026,-6.300256],[106.855097,-6.30112],[106.854814,-6.301792],[106.854447,-6.302394],[106.854453,-6.302621],[106.854461,-6.302824],[106.854842,-6.303343]]]]},"properties":{"nama":"Gedong","kecamatan":"Pasar Rebo","kota":"Jakarta Timur","tipe_kawasan":"Kawasan hijau","kualitas_udara":"kurang_sehat","atribut":{"sumber_batas":"OSM","kualitas_udara":"contoh","stasiun":0,"rth":6,"poi":0}}},{"type":"Feature","geometry":{"type":"MultiPolygon","coordinates":[[[[106.87588,-6.265173],[106.877134,-6.26557],[106.877138,-6.266019],[106.877296,-6.26638],[106.877443,-6.267931],[106.877557,-6.268426],[106.877524,-6.26893],[106.87762,-6.269131],[106.877736,-6.270445],[106.877693,-6.27099],[106.877604,-6.271282],[106.877185,-6.272248],[106.877146,-6.272482],[106.877011,-6.272615],[106.877554,-6.273939],[106.877703,-6.274096],[106.877868,-6.274147],[106.878351,-6.274155],[106.880635,-6.273039],[106.881471,-6.272772],[106.882087,-6.272316],[106.882213,-6.27242],[106.882354,-6.272787],[106.882367,-6.272938],[106.882279,-6.273184],[106.882343,-6.273567],[106.882325,-6.273679],[106.882222,-6.273713],[106.882055,-6.273656],[106.881977,-6.273734],[106.881984,-6.273883],[106.881747,-6.273981],[106.881684,-6.274104],[106.881627,-6.274517],[106.881691,-6.275243],[106.881528,-6.275382],[106.881683,-6.275562],[106.881536,-6.275778],[106.881594,-6.276019],[106.88148,-6.276095],[106.881228,-6.276075],[106.881125,-6.276311],[106.881285,-6.27642],[106.881149,-6.2773],[106.881156,-6.277768],[106.881509,-6.277908],[106.881523,-6.278351],[106.881679,-6.278859],[106.881726,-6.279827],[106.881809,-6.280066],[106.881997,-6.28033],[106.881637,-6.281407],[106.881022,-6.282367],[106.880524,-6.282692],[106.880333,-6.282949],[106.88028,-6.283503],[106.880366,-6.283768],[106.880202,-6.284174],[106.88012,-6.285027],[106.87996,-6.285178],[106.879747,-6.285061],[106.879698,-6.285151],[106.877292,-6.284663],[106.876873,-6.284774],[106.875996,-6.283172],[106.87479,-6.2801],[106.874762,-6.279481],[106.8738,-6.27719],[106.873217,-6.27528],[106.8727,-6.272315],[106.872664,-6.271237],[106.872704,-6.269194],[106.87293,-6.266139],[106.872906,-6.265343],[106.872972,-6.26477],[106.874682,-6.264908],[106.87588,-6.265173]]]]},"properties":{"nama":"Makasar","kecamatan":"Makasar","kota":"Jakarta Timur","tipe_kawasan":"Permukiman","kualitas_udara":"tidak_sehat","atribut":{"sumber_batas":"OSM","kualitas_udara":"contoh","stasiun":0,"rth":1,"poi":0}}},{"type":"Feature","geometry":{"type":"MultiPolygon","coordinates":[[[[106.852545,-6.266822],[106.850692,-6.266846],[106.849874,-6.266794],[106.850129,-6.266384],[106.850411,-6.265657],[106.852064,-6.262069],[106.847646,-6.262354],[106.843324,-6.262472],[106.843481,-6.264466],[106.844108,-6.26614],[106.844911,-6.266985],[106.845551,-6.267869],[106.846331,-6.269618],[106.846535,-6.270731],[106.846554,-6.273235],[106.845876,-6.277156],[106.845464,-6.278719],[106.844594,-6.2826],[106.844124,-6.285267],[106.843604,-6.28745],[106.843526,-6.287897],[106.843552,-6.288483],[106.843656,-6.288934],[106.843635,-6.290014],[106.843481,-6.290681],[106.842916,-6.29199],[106.842117,-6.293503],[106.841378,-6.294449],[106.840636,-6.295141],[106.843618,-6.296024],[106.843933,-6.296194],[106.844484,-6.296773],[106.844877,-6.296905],[106.848901,-6.297664],[106.848963,-6.297745],[106.849864,-6.297588],[106.849879,-6.297758],[106.849988,-6.297776],[106.850341,-6.297653],[106.850946,-6.297921],[106.852322,-6.298369],[106.852289,-6.297948],[106.852122,-6.297711],[106.850618,-6.29679],[106.850395,-6.296513],[106.850378,-6.296238],[106.850598,-6.295841],[106.851018,-6.295667],[106.851707,-6.295577],[106.853063,-6.29582],[106.853915,-6.296172],[106.854141,-6.296199],[106.854359,-6.296042],[106.854376,-6.294466],[106.854349,-6.294258],[106.854065,-6.29372],[106.853816,-6.293684],[106.853296,-6.293883],[106.852411,-6.294847],[106.852268,-6.294708],[106.852371,-6.29398],[106.852755,-6.293454],[106.853541,-6.292661],[106.854322,-6.29157],[106.854543,-6.290937],[106.854569,-6.290535],[106.854403,-6.290326],[106.854154,-6.290254],[106.853692,-6.290312],[106.853388,-6.290434],[106.852692,-6.290884],[106.852337,-6.291011],[106.851875,-6.291026],[106.851716,-6.29116],[106.851578,-6.292517],[106.851281,-6.292887],[106.851037,-6.292979],[106.85073,-6.292904],[106.850443,-6.292794],[106.850204,-6.292592],[106.849771,-6.291648],[106.849334,-6.29044],[106.849488,-6.290177],[106.850756,-6.28983],[106.851057,-6.289399],[106.851269,-6.288815],[106.851207,-6.288288],[106.850688,-6.287955],[106.85035,-6.287911],[106.849774,-6.288511],[106.849435,-6.288572],[106.848555,-6.288096],[106.847712,-6.287107],[106.847416,-6.286375],[106.847403,-6.285676],[106.847533,-6.285108],[106.847696,-6.284846],[106.848771,-6.283849],[106.848885,-6.283645],[106.848825,-6.283464],[106.848574,-6.28332],[106.848435,-6.283431],[106.848214,-6.28348],[106.847871,-6.283436],[106.847573,-6.283167],[106.847617,-6.282872],[106.849326,-6.280676],[106.850346,-6.27988],[106.850427,-6.279786],[106.850438,-6.279642],[106.850268,-6.279536],[106.849979,-6.279528],[106.849159,-6.279666],[106.848503,-6.27985],[106.848102,-6.280042],[106.84742,-6.279762],[106.846788,-6.279411],[106.846774,-6.278857],[106.848132,-6.277938],[106.848794,-6.277313],[106.849116,-6.276752],[106.849445,-6.276512],[106.84983,-6.27652],[106.850586,-6.276745],[106.850922,-6.276707],[106.851338,-6.276549],[106.851758,-6.276042],[106.851933,-6.275535],[106.851953,-6.275129],[106.85134,-6.274061],[106.851316,-6.273805],[106.85152,-6.273426],[106.851992,-6.273219],[106.853066,-6.27341],[106.853354,-6.27334],[106.853527,-6.27317],[106.853568,-6.272958],[106.853587,-6.27274],[106.853502,-6.272356],[106.853583,-6.271933],[106.854071,-6.271906],[106.85458,-6.272028],[106.854909,-6.272351],[106.855453,-6.272649],[106.856378,-6.272822],[106.856727,-6.27274],[106.856944,-6.272439],[106.856873,-6.272096],[106.856582,-6.271737],[106.856065,-6.271501],[106.855267,-6.2709],[106.854912,-6.270542],[106.854875,-6.269881],[106.854949,-6.269638],[106.85516,-6.269593],[106.855379,-6.269639],[106.855833,-6.27046],[106.85606,-6.270591],[106.856425,-6.270584],[106.856638,-6.270373],[106.855721,-6.268324],[106.855509,-6.267177],[106.855508,-6.266665],[106.852545,-6.266822]]]]},"properties":{"nama":"Pejaten Timur","kecamatan":"Kramat Jati","kota":"Jakarta Timur","tipe_kawasan":"Permukiman dekat stasiun","kualitas_udara":"tidak_sehat","atribut":{"sumber_batas":"OSM","kualitas_udara":"contoh","stasiun":1,"rth":20,"poi":0}}},{"type":"Feature","geometry":{"type":"MultiPolygon","coordinates":[[[[106.834284,-6.279722],[106.834654,-6.279853],[106.83604,-6.279594],[106.839371,-6.279225],[106.838912,-6.280352],[106.838663,-6.280335],[106.838204,-6.282327],[106.837878,-6.284633],[106.83768,-6.28515],[106.837819,-6.285323],[106.837382,-6.286666],[106.836581,-6.28873],[106.83643,-6.288863],[106.83563,-6.288852],[106.835302,-6.289341],[106.83527,-6.289892],[106.835158,-6.289974],[106.835114,-6.290143],[106.835092,-6.2914],[106.833899,-6.291432],[106.833805,-6.291707],[106.833528,-6.291729],[106.833485,-6.292063],[106.833551,-6.292648],[106.834476,-6.292563],[106.834562,-6.292734],[106.8351,-6.292884],[106.834819,-6.293874],[106.834698,-6.29471],[106.834576,-6.296215],[106.834581,-6.29757],[106.833906,-6.297658],[106.83387,-6.298437],[106.8333,-6.298448],[106.833015,-6.299385],[106.826067,-6.295478],[106.822433,-6.29391],[106.823499,-6.291392],[106.825874,-6.286598],[106.826169,-6.285692],[106.82646,-6.285174],[106.826735,-6.284186],[106.828092,-6.280842],[106.828937,-6.279576],[106.82928,-6.279771],[106.831495,-6.2787],[106.832008,-6.278633],[106.834284,-6.279722]]]]},"properties":{"nama":"Jati Padang","kecamatan":"Pasar Minggu","kota":"Jakarta Selatan","tipe_kawasan":"Pusat aktivitas","kualitas_udara":"tidak_sehat","atribut":{"sumber_batas":"OSM","kualitas_udara":"contoh","stasiun":0,"rth":4,"poi":8}}},{"type":"Feature","geometry":{"type":"MultiPolygon","coordinates":[[[[106.806523,-6.302079],[106.804187,-6.302326],[106.800508,-6.302451],[106.800385,-6.30205],[106.800003,-6.301986],[106.799904,-6.301775],[106.797005,-6.301867],[106.795695,-6.301847],[106.794689,-6.301711],[106.794626,-6.302205],[106.793598,-6.302293],[106.793349,-6.302266],[106.79308,-6.301873],[106.79215,-6.301852],[106.792044,-6.302104],[106.789715,-6.301993],[106.789666,-6.301631],[106.789406,-6.301106],[106.789418,-6.30057],[106.789101,-6.300645],[106.788782,-6.300465],[106.788723,-6.300516],[106.788778,-6.300701],[106.788672,-6.300787],[106.788287,-6.300727],[106.787979,-6.300893],[106.78762,-6.300729],[106.787281,-6.30114],[106.786524,-6.301059],[106.786402,-6.300964],[106.786358,-6.300805],[106.786096,-6.300617],[106.785981,-6.300314],[106.786175,-6.300064],[106.786152,-6.299926],[106.785704,-6.299517],[106.78552,-6.299064],[106.785232,-6.298764],[106.785142,-6.298557],[106.785199,-6.298152],[106.784928,-6.297909],[106.784854,-6.297685],[106.78499,-6.297336],[106.785276,-6.297171],[106.785454,-6.296967],[106.785508,-6.296686],[106.784936,-6.295902],[106.784762,-6.294887],[106.784555,-6.294633],[106.783919,-6.294299],[106.783719,-6.29413],[106.783769,-6.293804],[106.783937,-6.293577],[106.784066,-6.292263],[106.784337,-6.291525],[106.785551,-6.289689],[106.785509,-6.288542],[106.785235,-6.28851],[106.785078,-6.288019],[106.786021,-6.286779],[106.786538,-6.285965],[106.78809,-6.284389],[106.788374,-6.284334],[106.788757,-6.283947],[106.789106,-6.283126],[106.789837,-6.282242],[106.790091,-6.281516],[106.790862,-6.28073],[106.791285,-6.279552],[106.793139,-6.279655],[106.793798,-6.279526],[106.794751,-6.279491],[106.79507,-6.279932],[106.796123,-6.279886],[106.796981,-6.279669],[106.797092,-6.279321],[106.79955,-6.279269],[106.803511,-6.279386],[106.807322,-6.279376],[106.807437,-6.279356],[106.807622,-6.278859],[106.80783,-6.278564],[106.808263,-6.278171],[106.810718,-6.278389],[106.812196,-6.278605],[106.812011,-6.279168],[106.811758,-6.279411],[106.811196,-6.279467],[106.81082,-6.279627],[106.81062,-6.279915],[106.810616,-6.280331],[106.810498,-6.280907],[106.810249,-6.281263],[106.809917,-6.281489],[106.809731,-6.281701],[106.809341,-6.2824],[106.809352,-6.282876],[106.809601,-6.283319],[106.809382,-6.283818],[106.809468,-6.284191],[106.809644,-6.284316],[106.80971,-6.284474],[106.809609,-6.284754],[106.809693,-6.285237],[106.809661,-6.285591],[106.809756,-6.28579],[106.809661,-6.285962],[106.809169,-6.285989],[106.809161,-6.28631],[106.809007,-6.286687],[106.809035,-6.286974],[106.808539,-6.287455],[106.808438,-6.287749],[106.808523,-6.288465],[106.808761,-6.289045],[106.808428,-6.289555],[106.808363,-6.289822],[106.808022,-6.290187],[106.80731,-6.290081],[106.807232,-6.290345],[106.80714,-6.29043],[106.8067,-6.290483],[106.806282,-6.290686],[106.805842,-6.291411],[106.805743,-6.292366],[106.805619,-6.292622],[106.805048,-6.293182],[106.805079,-6.293765],[106.805398,-6.294276],[106.805502,-6.294373],[106.805913,-6.294382],[106.806247,-6.294523],[106.806376,-6.294721],[106.806483,-6.295261],[106.806766,-6.295426],[106.806893,-6.295632],[106.806867,-6.29589],[106.80628,-6.296191],[106.805579,-6.296758],[106.805285,-6.297722],[106.805034,-6.297911],[106.804969,-6.298095],[106.805049,-6.298318],[106.805348,-6.29839],[106.805918,-6.298763],[106.806175,-6.299189],[106.806263,-6.300493],[106.806634,-6.301339],[106.806648,-6.301734],[106.806809,-6.301729],[106.806949,-6.302069],[106.806523,-6.302079]]]]},"properties":{"nama":"Cilandak Barat","kecamatan":"Cilandak","kota":"Jakarta Selatan","tipe_kawasan":"Permukiman dekat stasiun","kualitas_udara":"kurang_sehat","atribut":{"sumber_batas":"OSM","kualitas_udara":"contoh","stasiun":1,"rth":9,"poi":37}}},{"type":"Feature","geometry":{"type":"MultiPolygon","coordinates":[[[[106.889641,-6.343665],[106.887402,-6.33174],[106.887259,-6.33086],[106.887123,-6.329344],[106.886425,-6.329281],[106.885522,-6.328919],[106.884948,-6.328772],[106.883996,-6.328777],[106.881526,-6.328023],[106.880499,-6.32782],[106.88023,-6.3279],[106.880472,-6.328432],[106.880693,-6.328738],[106.880722,-6.329133],[106.880958,-6.329264],[106.880868,-6.329723],[106.880667,-6.329918],[106.880528,-6.330198],[106.880544,-6.330313],[106.880848,-6.330656],[106.880875,-6.330879],[106.879715,-6.331282],[106.879506,-6.331273],[106.879384,-6.331126],[106.879341,-6.330928],[106.879232,-6.330843],[106.878659,-6.33098],[106.878372,-6.331156],[106.878233,-6.331507],[106.878239,-6.331816],[106.877651,-6.332148],[106.877549,-6.332489],[106.877691,-6.332722],[106.877665,-6.332813],[106.877424,-6.333192],[106.876885,-6.333604],[106.876633,-6.334181],[106.876055,-6.33414],[106.87575,-6.334407],[106.875378,-6.335101],[106.87521,-6.335118],[106.874925,-6.335011],[106.874844,-6.335088],[106.874856,-6.335507],[106.874955,-6.33582],[106.874832,-6.335856],[106.874421,-6.335801],[106.874404,-6.336306],[106.874183,-6.336587],[106.874132,-6.336906],[106.874199,-6.33706],[106.874545,-6.337039],[106.8746,-6.337141],[106.874276,-6.337366],[106.873983,-6.337707],[106.873519,-6.337995],[106.873461,-6.338189],[106.873561,-6.338355],[106.873556,-6.338483],[106.873487,-6.338637],[106.87301,-6.338921],[106.872901,-6.339588],[106.873911,-6.340503],[106.874129,-6.340526],[106.875358,-6.340404],[106.879266,-6.339843],[106.87813,-6.343974],[106.877406,-6.346971],[106.876618,-6.349682],[106.878532,-6.351203],[106.879651,-6.351555],[106.880054,-6.351612],[106.883775,-6.351682],[106.885347,-6.351898],[106.889002,-6.352255],[106.889598,-6.352126],[106.890616,-6.351641],[106.891531,-6.351321],[106.890406,-6.347265],[106.889641,-6.343665]]]]},"properties":{"nama":"Kelapa Dua Wetan","kecamatan":"Ciracas","kota":"Jakarta Timur","tipe_kawasan":"Kawasan hijau","kualitas_udara":"kurang_sehat","atribut":{"sumber_batas":"OSM","kualitas_udara":"contoh","stasiun":0,"rth":6,"poi":1}}},{"type":"Feature","geometry":{"type":"MultiPolygon","coordinates":[[[[106.846302,-6.297163],[106.844877,-6.296905],[106.844484,-6.296773],[106.843933,-6.296194],[106.843618,-6.296024],[106.840636,-6.295141],[106.840285,-6.2968],[106.840064,-6.299891],[106.839868,-6.301721],[106.839881,-6.302541],[106.838242,-6.31191],[106.838941,-6.312174],[106.839314,-6.312157],[106.839592,-6.312305],[106.840365,-6.3133],[106.840706,-6.31387],[106.840797,-6.313961],[106.841269,-6.313957],[106.841551,-6.314494],[106.841884,-6.314597],[106.841947,-6.314817],[106.842025,-6.314883],[106.842246,-6.314961],[106.842397,-6.314911],[106.842475,-6.314749],[106.842706,-6.314807],[106.843387,-6.315887],[106.843512,-6.315821],[106.843802,-6.316506],[106.844132,-6.316834],[106.844316,-6.316598],[106.844618,-6.316483],[106.845022,-6.316507],[106.845742,-6.317003],[106.846154,-6.317032],[106.846652,-6.316576],[106.847019,-6.315833],[106.84735,-6.315525],[106.847707,-6.315276],[106.848354,-6.315069],[106.848569,-6.315149],[106.848887,-6.315428],[106.84897,-6.315611],[106.848977,-6.31606],[106.84872,-6.316567],[106.848548,-6.317235],[106.848211,-6.317518],[106.847869,-6.317616],[106.847022,-6.317645],[106.846891,-6.317884],[106.846918,-6.318032],[106.847016,-6.31813],[106.84722,-6.318202],[106.848367,-6.318301],[106.848938,-6.318675],[106.849201,-6.318739],[106.84935,-6.318722],[106.849442,-6.318572],[106.849424,-6.317843],[106.849531,-6.317473],[106.849714,-6.317302],[106.851551,-6.316321],[106.851798,-6.316083],[106.851869,-6.315864],[106.8518,-6.315671],[106.851435,-6.315082],[106.851223,-6.314554],[106.85129,-6.314208],[106.851505,-6.313714],[106.851799,-6.313177],[106.852136,-6.31279],[106.852276,-6.312467],[106.852292,-6.311396],[106.852419,-6.311001],[106.852676,-6.310847],[106.85282,-6.31085],[106.854825,-6.312494],[106.854864,-6.312744],[106.854742,-6.313307],[106.85477,-6.313553],[106.854882,-6.313763],[106.855181,-6.313885],[106.85555,-6.313798],[106.856036,-6.313474],[106.856575,-6.312841],[106.857985,-6.311715],[106.858381,-6.31119],[106.85842,-6.311063],[106.85832,-6.310768],[106.858101,-6.310566],[106.857925,-6.310537],[106.857376,-6.310662],[106.857049,-6.31052],[106.856818,-6.310263],[106.85684,-6.309837],[106.856881,-6.309416],[106.857141,-6.308667],[106.857637,-6.308092],[106.857777,-6.307726],[106.857774,-6.307462],[106.857532,-6.306959],[106.857491,-6.306697],[106.857573,-6.306192],[106.857688,-6.306068],[106.858222,-6.305959],[106.858447,-6.305828],[106.858576,-6.305665],[106.858512,-6.305279],[106.858182,-6.304914],[106.856445,-6.304268],[106.855141,-6.30359],[106.854644,-6.303131],[106.854461,-6.302824],[106.854447,-6.302394],[106.854814,-6.301792],[106.855097,-6.30112],[106.855026,-6.300256],[106.854848,-6.299523],[106.854711,-6.299392],[106.854252,-6.299438],[106.853476,-6.299752],[106.852517,-6.299925],[106.852399,-6.300058],[106.851956,-6.300972],[106.85186,-6.30106],[106.851538,-6.30105],[106.849977,-6.299746],[106.849636,-6.299183],[106.849658,-6.298834],[106.849927,-6.298632],[106.850712,-6.298679],[106.851288,-6.299025],[106.851605,-6.299293],[106.851805,-6.299364],[106.852027,-6.299272],[106.852219,-6.298837],[106.852322,-6.298369],[106.850946,-6.297921],[106.850341,-6.297653],[106.849988,-6.297776],[106.849879,-6.297758],[106.849864,-6.297588],[106.848963,-6.297745],[106.848901,-6.297664],[106.846302,-6.297163]]]]},"properties":{"nama":"Tanjung Barat","kecamatan":"Jagakarsa","kota":"Jakarta Selatan","tipe_kawasan":"Permukiman dekat stasiun","kualitas_udara":"kurang_sehat","atribut":{"sumber_batas":"OSM","kualitas_udara":"contoh","stasiun":1,"rth":2,"poi":65}}},{"type":"Feature","geometry":{"type":"MultiPolygon","coordinates":[[[[106.869751,-6.348105],[106.869694,-6.348073],[106.869563,-6.348138],[106.869187,-6.348442],[106.868772,-6.348488],[106.868813,-6.348753],[106.869051,-6.349006],[106.869064,-6.349287],[106.86939,-6.349572],[106.869386,-6.349931],[106.869326,-6.350006],[106.869126,-6.349952],[106.868994,-6.349985],[106.868797,-6.350125],[106.868543,-6.35097],[106.868571,-6.351114],[106.868733,-6.351217],[106.869247,-6.351238],[106.869298,-6.35155],[106.869649,-6.35159],[106.869717,-6.351475],[106.869804,-6.351484],[106.86972,-6.352086],[106.870371,-6.35269],[106.870596,-6.352633],[106.870971,-6.352661],[106.87146,-6.353022],[106.871557,-6.353265],[106.871458,-6.353313],[106.871106,-6.353299],[106.871116,-6.353629],[106.871228,-6.353733],[106.872052,-6.35377],[106.872176,-6.354206],[106.872278,-6.354351],[106.872468,-6.354465],[106.872384,-6.354909],[106.872423,-6.355],[106.872593,-6.355153],[106.872847,-6.354946],[106.8731,-6.354911],[106.873252,-6.355567],[106.873341,-6.35566],[106.874195,-6.355835],[106.874308,-6.356078],[106.874056,-6.356253],[106.873832,-6.356557],[106.873408,-6.356827],[106.873262,-6.35707],[106.873135,-6.357149],[106.873007,-6.357571],[106.872319,-6.357809],[106.872029,-6.357825],[106.871977,-6.358033],[106.872097,-6.3585],[106.872349,-6.358611],[106.872313,-6.358841],[106.871847,-6.359322],[106.871373,-6.360044],[106.871715,-6.360216],[106.872581,-6.360992],[106.873359,-6.361097],[106.873664,-6.360948],[106.873855,-6.361196],[106.874082,-6.361326],[106.874917,-6.361612],[106.875241,-6.361653],[106.875851,-6.361574],[106.876545,-6.361677],[106.876906,-6.361507],[106.877232,-6.36156],[106.877435,-6.361286],[106.878079,-6.361387],[106.878231,-6.361097],[106.878343,-6.36105],[106.878608,-6.361106],[106.878946,-6.361039],[106.879005,-6.361237],[106.878855,-6.36134],[106.87906,-6.361702],[106.878867,-6.361846],[106.87836,-6.361931],[106.878323,-6.361979],[106.878434,-6.362114],[106.878474,-6.362345],[106.878131,-6.362601],[106.877979,-6.362969],[106.877983,-6.363126],[106.878253,-6.36367],[106.878287,-6.3639],[106.878443,-6.36399],[106.878906,-6.36387],[106.879009,-6.363917],[106.879155,-6.364021],[106.879292,-6.364469],[106.879667,-6.364629],[106.879919,-6.364597],[106.880032,-6.364329],[106.880472,-6.364299],[106.88067,-6.364403],[106.8808,-6.364504],[106.8812,-6.363598],[106.881814,-6.363803],[106.882686,-6.363681],[106.883324,-6.364016],[106.883763,-6.364402],[106.88354,-6.364618],[106.883796,-6.364985],[106.883712,-6.365465],[106.884027,-6.365785],[106.884423,-6.365902],[106.88505,-6.365711],[106.885102,-6.366635],[106.884768,-6.366752],[106.88447,-6.367127],[106.884167,-6.367867],[106.883543,-6.368731],[106.883377,-6.369066],[106.883419,-6.369933],[106.883648,-6.370395],[106.882995,-6.371603],[106.882717,-6.372382],[106.883162,-6.372382],[106.883869,-6.372102],[106.883912,-6.372486],[106.884936,-6.37249],[106.885956,-6.372606],[106.887419,-6.372574],[106.887806,-6.370884],[106.888585,-6.368869],[106.889174,-6.367545],[106.889742,-6.368622],[106.893227,-6.369981],[106.89589,-6.371554],[106.895568,-6.369553],[106.895158,-6.368039],[106.892907,-6.356275],[106.891531,-6.351321],[106.890616,-6.351641],[106.889598,-6.352126],[106.889002,-6.352255],[106.885347,-6.351898],[106.883775,-6.351682],[106.880054,-6.351612],[106.879651,-6.351555],[106.878532,-6.351203],[106.876618,-6.349682],[106.877406,-6.346971],[106.87813,-6.343974],[106.879266,-6.339843],[106.875358,-6.340404],[106.874129,-6.340526],[106.873911,-6.340503],[106.872901,-6.339588],[106.872115,-6.339707],[106.872112,-6.339875],[106.872351,-6.340045],[106.872465,-6.340329],[106.872331,-6.340455],[106.872164,-6.340493],[106.871774,-6.340404],[106.871668,-6.340441],[106.871567,-6.340516],[106.871387,-6.340885],[106.871455,-6.340953],[106.87212,-6.341083],[106.872117,-6.341662],[106.872171,-6.341785],[106.872404,-6.341905],[106.872535,-6.342051],[106.872197,-6.342961],[106.872175,-6.343301],[106.872247,-6.343412],[106.872558,-6.343612],[106.872697,-6.343596],[106.872954,-6.343428],[106.873226,-6.343494],[106.873293,-6.343559],[106.873255,-6.34373],[106.872887,-6.344289],[106.872774,-6.344626],[106.872617,-6.344855],[106.872036,-6.345442],[106.871827,-6.345765],[106.871694,-6.345817],[106.871389,-6.345771],[106.870844,-6.346177],[106.870206,-6.346343],[106.87018,-6.346402],[106.870484,-6.346645],[106.870496,-6.346879],[106.870398,-6.347065],[106.869686,-6.347073],[106.869673,-6.34715],[106.869866,-6.347352],[106.869895,-6.347546],[106.869844,-6.34783],[106.869875,-6.34811],[106.869855,-6.348163],[106.869751,-6.348105]]]]},"properties":{"nama":"Cibubur","kecamatan":"Ciracas","kota":"Jakarta Timur","tipe_kawasan":"Kawasan hijau","kualitas_udara":"tidak_sehat","atribut":{"sumber_batas":"OSM","kualitas_udara":"contoh","stasiun":0,"rth":15,"poi":2}}},{"type":"Feature","geometry":{"type":"MultiPolygon","coordinates":[[[[106.766709,-6.290694],[106.767118,-6.291503],[106.767283,-6.291593],[106.767596,-6.291628],[106.767859,-6.291503],[106.76798,-6.290882],[106.7682,-6.290521],[106.768688,-6.290019],[106.768782,-6.289995],[106.769224,-6.290483],[106.76946,-6.291735],[106.769605,-6.291947],[106.769599,-6.292051],[106.769503,-6.292218],[106.76943,-6.292226],[106.768582,-6.29178],[106.768383,-6.292],[106.768155,-6.292029],[106.767589,-6.292315],[106.767577,-6.292449],[106.768229,-6.293178],[106.768288,-6.293451],[106.767583,-6.294461],[106.767233,-6.294803],[106.76716,-6.295098],[106.767258,-6.295342],[106.76761,-6.295689],[106.768015,-6.295893],[106.768743,-6.295965],[106.769771,-6.295556],[106.770023,-6.295583],[106.770222,-6.29568],[106.770203,-6.295965],[106.76992,-6.296384],[106.769836,-6.296631],[106.769774,-6.297345],[106.769843,-6.297602],[106.77018,-6.297757],[106.7704,-6.297681],[106.770699,-6.297364],[106.77083,-6.297428],[106.770891,-6.297586],[106.770859,-6.2981],[106.770904,-6.298307],[106.771169,-6.298902],[106.771375,-6.299152],[106.771555,-6.299551],[106.772385,-6.299996],[106.773135,-6.301086],[106.773205,-6.301358],[106.772931,-6.301481],[106.771585,-6.301513],[106.771156,-6.301699],[106.770962,-6.302025],[106.770946,-6.302366],[106.771247,-6.302856],[106.771467,-6.303128],[106.771714,-6.303216],[106.772448,-6.303008],[106.773006,-6.302923],[106.773248,-6.302929],[106.773436,-6.303019],[106.773564,-6.303222],[106.773532,-6.303424],[106.772996,-6.304368],[106.773006,-6.304613],[106.77314,-6.304715],[106.77336,-6.304715],[106.773623,-6.304528],[106.774203,-6.303366],[106.774433,-6.303195],[106.775141,-6.303312],[106.775678,-6.303894],[106.77571,-6.304112],[106.775624,-6.304283],[106.775082,-6.304837],[106.775013,-6.304992],[106.775066,-6.3052],[106.775629,-6.305866],[106.775646,-6.306016],[106.775404,-6.306149],[106.774337,-6.306149],[106.773934,-6.306437],[106.773816,-6.306743],[106.773952,-6.307102],[106.774118,-6.307144],[106.77511,-6.308141],[106.775168,-6.308227],[106.775111,-6.308531],[106.774621,-6.308879],[106.773651,-6.309231],[106.773411,-6.309412],[106.773304,-6.309598],[106.773487,-6.309853],[106.773753,-6.310009],[106.775233,-6.310354],[106.775389,-6.310453],[106.775247,-6.310683],[106.774693,-6.311064],[106.774498,-6.311352],[106.774536,-6.312034],[106.774704,-6.31223],[106.774971,-6.312219],[106.775305,-6.311824],[106.775519,-6.311719],[106.776276,-6.311816],[106.776417,-6.31191],[106.776368,-6.312242],[106.776431,-6.312335],[106.77655,-6.312341],[106.77659,-6.312468],[106.776486,-6.31272],[106.776462,-6.313392],[106.776657,-6.313981],[106.776684,-6.314919],[106.776814,-6.315257],[106.776902,-6.31532],[106.779248,-6.315797],[106.779947,-6.316198],[106.780021,-6.316513],[106.77994,-6.316655],[106.780136,-6.316703],[106.780364,-6.316576],[106.780988,-6.316453],[106.781642,-6.316003],[106.782557,-6.315889],[106.782357,-6.315286],[106.781655,-6.313961],[106.78126,-6.311672],[106.78194,-6.311612],[106.781966,-6.311758],[106.782715,-6.311676],[106.785719,-6.312036],[106.785924,-6.311677],[106.78653,-6.311703],[106.787425,-6.311944],[106.787683,-6.311222],[106.788362,-6.311213],[106.788494,-6.310969],[106.788504,-6.310667],[106.788633,-6.310313],[106.788136,-6.309193],[106.788258,-6.308646],[106.788235,-6.308414],[106.788448,-6.307988],[106.788182,-6.307627],[106.788293,-6.30696],[106.788209,-6.306287],[106.788275,-6.306108],[106.788838,-6.305454],[106.789126,-6.304638],[106.7899,-6.304369],[106.790306,-6.303983],[106.790148,-6.303369],[106.790344,-6.302961],[106.790302,-6.302827],[106.789658,-6.302642],[106.78963,-6.302378],[106.789715,-6.301791],[106.789406,-6.301106],[106.789418,-6.30057],[106.789101,-6.300645],[106.788782,-6.300465],[106.788723,-6.300516],[106.788778,-6.300701],[106.788672,-6.300787],[106.788287,-6.300727],[106.787979,-6.300893],[106.78762,-6.300729],[106.787281,-6.30114],[106.786524,-6.301059],[106.786402,-6.300964],[106.786358,-6.300805],[106.786096,-6.300617],[106.785992,-6.300453],[106.785981,-6.300314],[106.786175,-6.300064],[106.786152,-6.299926],[106.785704,-6.299517],[106.78552,-6.299064],[106.785232,-6.298764],[106.785142,-6.298557],[106.785199,-6.298152],[106.784928,-6.297909],[106.784854,-6.297685],[106.78499,-6.297336],[106.785276,-6.297171],[106.785454,-6.296967],[106.785508,-6.296686],[106.784936,-6.295902],[106.784762,-6.294887],[106.784555,-6.294633],[106.783919,-6.294299],[106.783719,-6.29413],[106.783769,-6.293804],[106.783937,-6.293577],[106.784066,-6.292263],[106.784337,-6.291525],[106.781535,-6.290737],[106.780756,-6.29046],[106.779643,-6.289774],[106.778267,-6.288536],[106.776582,-6.289089],[106.772821,-6.289059],[106.770836,-6.28897],[106.769068,-6.289366],[106.76738,-6.29018],[106.766709,-6.290694]]]]},"properties":{"nama":"Lebak Bulus","kecamatan":"Cilandak","kota":"Jakarta Selatan","tipe_kawasan":"Permukiman dekat stasiun","kualitas_udara":"kurang_sehat","atribut":{"sumber_batas":"OSM","kualitas_udara":"contoh","stasiun":1,"rth":15,"poi":6}}},{"type":"Feature","geometry":{"type":"MultiPolygon","coordinates":[[[[106.845128,-6.278643],[106.843171,-6.278221],[106.842404,-6.277976],[106.842112,-6.277749],[106.841518,-6.276344],[106.840628,-6.276259],[106.840079,-6.278431],[106.839779,-6.279128],[106.839371,-6.279225],[106.838912,-6.280352],[106.838663,-6.280335],[106.838204,-6.282327],[106.837878,-6.284633],[106.83768,-6.28515],[106.837819,-6.285323],[106.837382,-6.286666],[106.836581,-6.28873],[106.83643,-6.288863],[106.83563,-6.288852],[106.835408,-6.28914],[106.835302,-6.289341],[106.83527,-6.289892],[106.835158,-6.289974],[106.835114,-6.290143],[106.835092,-6.2914],[106.833899,-6.291432],[106.833805,-6.291707],[106.833528,-6.291729],[106.833485,-6.292063],[106.833551,-6.292648],[106.834476,-6.292563],[106.834562,-6.292734],[106.8351,-6.292884],[106.834886,-6.293701],[106.834698,-6.29471],[106.834576,-6.296215],[106.834581,-6.29757],[106.833906,-6.297658],[106.83387,-6.298437],[106.8333,-6.298448],[106.833015,-6.299385],[106.833887,-6.300037],[106.835622,-6.301088],[106.836468,-6.301702],[106.837151,-6.302108],[106.837246,-6.302042],[106.837746,-6.301984],[106.838722,-6.30232],[106.839881,-6.302541],[106.839868,-6.301721],[106.840064,-6.299891],[106.840285,-6.2968],[106.840636,-6.295141],[106.841378,-6.294449],[106.842117,-6.293503],[106.842916,-6.29199],[106.843481,-6.290681],[106.843635,-6.290014],[106.843656,-6.288934],[106.843552,-6.288483],[106.843526,-6.287897],[106.844124,-6.285267],[106.844594,-6.2826],[106.845464,-6.278719],[106.845128,-6.278643]]]]},"properties":{"nama":"Pasar Minggu","kecamatan":"Pasar Minggu","kota":"Jakarta Selatan","tipe_kawasan":"Kawasan hijau","kualitas_udara":"tidak_sehat","atribut":{"sumber_batas":"OSM","kualitas_udara":"contoh","stasiun":0,"rth":11,"poi":3}}},{"type":"Feature","geometry":{"type":"MultiPolygon","coordinates":[[[[106.767615,-6.254218],[106.766344,-6.254797],[106.764108,-6.255968],[106.76303,-6.256583],[106.76241,-6.257161],[106.761927,-6.258085],[106.761718,-6.259143],[106.761118,-6.261347],[106.760637,-6.26222],[106.760199,-6.262832],[106.759211,-6.263643],[106.756884,-6.265249],[106.754232,-6.267863],[106.750861,-6.271415],[106.75139,-6.271911],[106.751399,-6.273723],[106.751481,-6.274546],[106.755107,-6.274439],[106.756095,-6.274357],[106.75682,-6.274382],[106.756946,-6.274235],[106.757038,-6.274376],[106.757237,-6.275376],[106.75721,-6.275748],[106.757114,-6.275904],[106.757121,-6.276178],[106.757036,-6.276259],[106.757109,-6.277125],[106.756997,-6.27753],[106.757895,-6.277929],[106.759893,-6.278204],[106.760491,-6.27794],[106.761689,-6.277835],[106.762265,-6.277859],[106.761526,-6.281822],[106.760142,-6.286435],[106.761832,-6.286921],[106.763023,-6.286887],[106.763005,-6.287536],[106.763078,-6.287634],[106.763121,-6.288731],[106.765953,-6.288788],[106.766226,-6.288877],[106.766759,-6.288809],[106.767285,-6.288594],[106.767369,-6.288427],[106.766951,-6.287837],[106.76676,-6.287267],[106.766192,-6.286707],[106.766703,-6.286282],[106.767041,-6.286198],[106.76769,-6.286516],[106.767926,-6.286484],[106.768066,-6.286271],[106.768012,-6.285962],[106.767157,-6.284998],[106.766188,-6.284682],[106.765705,-6.284],[106.766122,-6.283641],[106.766735,-6.283392],[106.76764,-6.282185],[106.768278,-6.281967],[106.769003,-6.281865],[106.769534,-6.281479],[106.769519,-6.281187],[106.768246,-6.280433],[106.767987,-6.28035],[106.767972,-6.279835],[106.767596,-6.279393],[106.767561,-6.279171],[106.767894,-6.278934],[106.768017,-6.278965],[106.768656,-6.278855],[106.768974,-6.278665],[106.769053,-6.27835],[106.769373,-6.278047],[106.769782,-6.278239],[106.770104,-6.278226],[106.770276,-6.278066],[106.770276,-6.277324],[106.769883,-6.276697],[106.769554,-6.276408],[106.769429,-6.276173],[106.76944,-6.275746],[106.769331,-6.275345],[106.768477,-6.274798],[106.768343,-6.274542],[106.76841,-6.27424],[106.768511,-6.27395],[106.768649,-6.273781],[106.769487,-6.273812],[106.77008,-6.274402],[106.770431,-6.274432],[106.770678,-6.274262],[106.770981,-6.273849],[106.771296,-6.27289],[106.771509,-6.272521],[106.77161,-6.272164],[106.771554,-6.272041],[106.770926,-6.271632],[106.770826,-6.271178],[106.771108,-6.270649],[106.771129,-6.270429],[106.771024,-6.270096],[106.769868,-6.269681],[106.769646,-6.26945],[106.769566,-6.269117],[106.769623,-6.268838],[106.769204,-6.268106],[106.769229,-6.267869],[106.769617,-6.267315],[106.769712,-6.267052],[106.769218,-6.266114],[106.769207,-6.265835],[106.769453,-6.265242],[106.769813,-6.264719],[106.770134,-6.264496],[106.770552,-6.264716],[106.770903,-6.2653],[106.77115,-6.2654],[106.77148,-6.26537],[106.771576,-6.265009],[106.77124,-6.264228],[106.770621,-6.263512],[106.770621,-6.263225],[106.770728,-6.263073],[106.771367,-6.262756],[106.771902,-6.262777],[106.772148,-6.26301],[106.772497,-6.263041],[106.772907,-6.262779],[106.773109,-6.262545],[106.773081,-6.262275],[106.77282,-6.261728],[106.772587,-6.260779],[106.772708,-6.259034],[106.772459,-6.258472],[106.77215,-6.258151],[106.771693,-6.258044],[106.771128,-6.258318],[106.770971,-6.258752],[106.770712,-6.258964],[106.770327,-6.25886],[106.770179,-6.25854],[106.770164,-6.25823],[106.769204,-6.258218],[106.769037,-6.25789],[106.769685,-6.257262],[106.769991,-6.256172],[106.770157,-6.256013],[106.771245,-6.256195],[106.771588,-6.256066],[106.771874,-6.255862],[106.772045,-6.255559],[106.771946,-6.25512],[106.771519,-6.254817],[106.770682,-6.254787],[106.770377,-6.254688],[106.770294,-6.254484],[106.770052,-6.254281],[106.769768,-6.25456],[106.769157,-6.254448],[106.768808,-6.254461],[106.768633,-6.254642],[106.768551,-6.255136],[106.768444,-6.255357],[106.768151,-6.255299],[106.767839,-6.254695],[106.767679,-6.254599],[106.767615,-6.254218]]]]},"properties":{"nama":"Bintaro","kecamatan":"Pesanggrahan","kota":"Jakarta Selatan","tipe_kawasan":"Permukiman","kualitas_udara":"kurang_sehat","atribut":{"sumber_batas":"OSM","kualitas_udara":"contoh","stasiun":0,"rth":0,"poi":0}}},{"type":"Feature","geometry":{"type":"MultiPolygon","coordinates":[[[[106.913834,-6.306396],[106.913693,-6.30693],[106.913422,-6.30698],[106.912926,-6.306948],[106.910479,-6.307041],[106.909776,-6.307759],[106.90901,-6.308415],[106.908408,-6.309123],[106.908126,-6.309844],[106.907611,-6.310797],[106.907416,-6.311573],[106.906609,-6.31146],[106.906033,-6.312707],[106.905883,-6.312888],[106.905958,-6.313299],[106.906304,-6.313891],[106.906178,-6.314167],[106.90621,-6.314435],[106.906141,-6.314671],[106.906167,-6.315967],[106.906028,-6.315992],[106.905982,-6.316111],[106.906184,-6.317026],[106.906301,-6.317287],[106.906333,-6.317836],[106.906091,-6.318442],[106.908147,-6.318732],[106.908565,-6.318924],[106.908211,-6.319212],[106.907921,-6.319575],[106.907707,-6.319996],[106.907301,-6.321225],[106.907046,-6.322881],[106.906562,-6.322806],[106.906312,-6.322867],[106.905946,-6.322767],[106.905392,-6.322504],[106.904445,-6.322518],[106.903962,-6.322188],[106.903804,-6.322203],[106.903652,-6.322432],[106.903564,-6.322454],[106.903131,-6.322452],[106.902584,-6.322348],[106.902229,-6.322248],[106.902373,-6.321693],[106.90207,-6.321561],[106.901052,-6.321334],[106.900583,-6.322374],[106.900401,-6.322537],[106.9002,-6.322569],[106.899799,-6.323235],[106.899676,-6.323466],[106.899698,-6.32382],[106.899467,-6.324105],[106.899289,-6.324161],[106.89921,-6.324259],[106.898928,-6.324999],[106.899105,-6.325212],[106.898622,-6.326348],[106.898465,-6.327134],[106.897991,-6.327826],[106.897859,-6.32767],[106.897814,-6.327399],[106.897563,-6.327281],[106.897165,-6.327187],[106.896631,-6.326951],[106.896501,-6.326875],[106.89639,-6.326624],[106.89572,-6.326228],[106.895652,-6.325326],[106.895579,-6.325159],[106.89464,-6.323783],[106.894627,-6.323648],[106.894853,-6.323417],[106.894885,-6.323283],[106.894803,-6.32296],[106.894255,-6.322335],[106.894395,-6.321251],[106.893647,-6.320959],[106.894196,-6.320328],[106.89449,-6.319874],[106.894792,-6.31961],[106.895083,-6.319231],[106.895535,-6.318455],[106.896321,-6.316487],[106.896023,-6.315705],[106.896157,-6.314905],[106.895675,-6.314861],[106.894067,-6.31453],[106.893961,-6.314421],[106.894086,-6.311609],[106.89434,-6.311095],[106.894346,-6.309314],[106.894669,-6.308261],[106.895508,-6.306803],[106.896775,-6.307249],[106.897724,-6.307743],[106.897917,-6.307381],[106.898153,-6.30713],[106.898443,-6.306954],[106.898753,-6.30682],[106.899,-6.30681],[106.899585,-6.306927],[106.8998,-6.305925],[106.899955,-6.305802],[106.900751,-6.305662],[106.901489,-6.305632],[106.903119,-6.305721],[106.90473,-6.305697],[106.905792,-6.304594],[106.905705,-6.304527],[106.905913,-6.304286],[106.905932,-6.30076],[106.906047,-6.299662],[106.908589,-6.299659],[106.908545,-6.301773],[106.908839,-6.301905],[106.909986,-6.30217],[106.911113,-6.302521],[106.911664,-6.302878],[106.912446,-6.303203],[106.913133,-6.303272],[106.913909,-6.303539],[106.913854,-6.304278],[106.913996,-6.305488],[106.913834,-6.306396]]]]},"properties":{"nama":"Bambu Apus","kecamatan":"Cipayung","kota":"Jakarta Timur","tipe_kawasan":"Kawasan hijau","kualitas_udara":"tidak_sehat","atribut":{"sumber_batas":"OSM","kualitas_udara":"contoh","stasiun":0,"rth":6,"poi":4}}},{"type":"Feature","geometry":{"type":"MultiPolygon","coordinates":[[[[106.879422,-6.316548],[106.879582,-6.316416],[106.880682,-6.316988],[106.881221,-6.317754],[106.881407,-6.318156],[106.883683,-6.318866],[106.883749,-6.318776],[106.884666,-6.318421],[106.885007,-6.318332],[106.88525,-6.318373],[106.885898,-6.318637],[106.885801,-6.318891],[106.88652,-6.319167],[106.886916,-6.319187],[106.887123,-6.329344],[106.886425,-6.329281],[106.885522,-6.328919],[106.884948,-6.328772],[106.883996,-6.328777],[106.881526,-6.328023],[106.880499,-6.32782],[106.88023,-6.3279],[106.880472,-6.328432],[106.880693,-6.328738],[106.880722,-6.329133],[106.880958,-6.329264],[106.880868,-6.329723],[106.880667,-6.329918],[106.880528,-6.330198],[106.880544,-6.330313],[106.880848,-6.330656],[106.880845,-6.33092],[106.880406,-6.331001],[106.879943,-6.331237],[106.879715,-6.331282],[106.879506,-6.331273],[106.879384,-6.331126],[106.879341,-6.330928],[106.879232,-6.330843],[106.878659,-6.33098],[106.878372,-6.331156],[106.878233,-6.331507],[106.878239,-6.331816],[106.877651,-6.332148],[106.877549,-6.332489],[106.877691,-6.332722],[106.877665,-6.332813],[106.877424,-6.333192],[106.876885,-6.333604],[106.876633,-6.334181],[106.876055,-6.33414],[106.875624,-6.334585],[106.875378,-6.335101],[106.87521,-6.335118],[106.874925,-6.335011],[106.874844,-6.335088],[106.87487,-6.335161],[106.874856,-6.335507],[106.874955,-6.33582],[106.874832,-6.335856],[106.874421,-6.335801],[106.874404,-6.336306],[106.87414,-6.336704],[106.874132,-6.336906],[106.874199,-6.33706],[106.874545,-6.337039],[106.8746,-6.337141],[106.874276,-6.337366],[106.873983,-6.337707],[106.873519,-6.337995],[106.873461,-6.338189],[106.873561,-6.338355],[106.873556,-6.338483],[106.873487,-6.338637],[106.87301,-6.338921],[106.872901,-6.339588],[106.872454,-6.339327],[106.872,-6.338904],[106.871127,-6.338358],[106.868931,-6.337702],[106.86843,-6.337634],[106.86799,-6.335848],[106.86759,-6.332251],[106.867261,-6.331299],[106.866764,-6.330389],[106.864444,-6.327974],[106.864023,-6.327259],[106.863892,-6.326903],[106.863812,-6.326506],[106.863841,-6.325918],[106.86497,-6.322178],[106.866058,-6.322393],[106.866156,-6.322167],[106.866333,-6.322227],[106.866432,-6.322032],[106.867227,-6.32225],[106.867218,-6.322319],[106.867737,-6.322537],[106.867825,-6.322697],[106.867728,-6.322936],[106.869772,-6.323496],[106.870167,-6.321946],[106.870312,-6.320706],[106.870915,-6.319581],[106.871031,-6.319541],[106.872475,-6.320071],[106.872792,-6.319279],[106.873045,-6.318165],[106.872995,-6.317262],[106.873322,-6.316099],[106.873553,-6.315577],[106.87472,-6.314149],[106.875604,-6.314569],[106.87576,-6.314261],[106.87652,-6.314595],[106.876433,-6.314751],[106.876691,-6.314888],[106.87679,-6.314763],[106.877564,-6.315267],[106.877938,-6.315313],[106.878214,-6.315524],[106.878557,-6.316105],[106.879422,-6.316548]]]]},"properties":{"nama":"Ciracas","kecamatan":"Ciracas","kota":"Jakarta Timur","tipe_kawasan":"Permukiman dekat stasiun","kualitas_udara":"kurang_sehat","atribut":{"sumber_batas":"OSM","kualitas_udara":"contoh","stasiun":1,"rth":6,"poi":12}}},{"type":"Feature","geometry":{"type":"MultiPolygon","coordinates":[[[[106.874649,-6.30096],[106.874799,-6.300696],[106.874766,-6.300628],[106.874579,-6.300583],[106.874628,-6.30007],[106.874578,-6.299881],[106.874511,-6.299856],[106.873963,-6.300207],[106.87361,-6.300747],[106.87352,-6.300743],[106.873182,-6.30047],[106.873053,-6.300203],[106.873067,-6.299457],[106.872969,-6.299221],[106.872796,-6.299131],[106.872763,-6.298994],[106.873081,-6.298473],[106.873138,-6.298187],[106.873397,-6.298159],[106.873562,-6.298224],[106.873918,-6.298231],[106.874153,-6.297997],[106.874152,-6.297889],[106.87387,-6.297571],[106.873823,-6.29737],[106.874001,-6.297235],[106.874318,-6.297248],[106.874453,-6.297116],[106.874315,-6.296816],[106.87413,-6.296594],[106.874104,-6.296438],[106.874753,-6.295947],[106.87519,-6.295828],[106.875247,-6.295665],[106.875208,-6.295244],[106.875269,-6.294996],[106.874671,-6.294617],[106.874181,-6.294702],[106.873897,-6.294682],[106.873815,-6.294615],[106.873627,-6.293732],[106.873777,-6.293204],[106.873782,-6.29293],[106.873741,-6.292846],[106.873232,-6.292751],[106.873128,-6.292647],[106.873249,-6.292307],[106.873107,-6.291934],[106.873304,-6.291572],[106.873272,-6.29044],[106.873591,-6.290162],[106.873676,-6.289932],[106.873596,-6.289639],[106.873416,-6.289546],[106.87325,-6.289607],[106.873005,-6.289874],[106.872919,-6.289624],[106.87272,-6.28934],[106.872152,-6.28899],[106.871844,-6.288409],[106.872129,-6.287416],[106.870678,-6.28699],[106.870872,-6.288326],[106.872114,-6.292627],[106.872176,-6.292927],[106.872181,-6.293619],[106.871781,-6.295705],[106.871624,-6.296382],[106.870943,-6.298048],[106.870573,-6.298792],[106.8695,-6.300271],[106.867132,-6.303087],[106.867824,-6.303425],[106.868453,-6.303618],[106.869136,-6.303733],[106.87101,-6.303821],[106.871724,-6.30407],[106.871972,-6.304247],[106.87267,-6.304954],[106.873006,-6.305607],[106.873138,-6.306807],[106.873491,-6.308082],[106.87422,-6.30832],[106.874959,-6.308714],[106.87576,-6.308926],[106.875682,-6.309233],[106.875212,-6.310198],[106.875149,-6.31017],[106.87481,-6.310452],[106.874407,-6.31132],[106.875471,-6.312893],[106.875263,-6.313074],[106.87472,-6.314149],[106.875604,-6.314569],[106.87576,-6.314261],[106.87652,-6.314595],[106.876433,-6.314751],[106.876691,-6.314888],[106.87679,-6.314763],[106.877564,-6.315267],[106.877938,-6.315313],[106.878214,-6.315524],[106.878557,-6.316105],[106.879422,-6.316548],[106.879582,-6.316416],[106.880682,-6.316988],[106.881221,-6.317754],[106.881407,-6.318156],[106.883683,-6.318866],[106.883749,-6.318776],[106.884666,-6.318421],[106.885007,-6.318332],[106.88525,-6.318373],[106.885898,-6.318637],[106.885801,-6.318891],[106.88652,-6.319167],[106.886916,-6.319187],[106.886754,-6.317598],[106.88647,-6.316042],[106.884961,-6.309003],[106.884647,-6.307772],[106.88427,-6.305821],[106.88154,-6.306064],[106.879403,-6.306599],[106.879232,-6.306058],[106.879239,-6.305338],[106.87873,-6.305086],[106.87853,-6.305107],[106.878223,-6.305034],[106.878119,-6.304577],[106.878144,-6.304148],[106.878078,-6.304029],[106.877371,-6.303727],[106.877421,-6.303357],[106.877218,-6.302338],[106.875915,-6.301641],[106.875781,-6.301751],[106.875785,-6.302005],[106.875737,-6.302049],[106.875431,-6.302019],[106.875198,-6.302219],[106.874879,-6.30217],[106.874813,-6.302119],[106.874999,-6.301908],[106.874995,-6.301763],[106.874604,-6.301541],[106.874568,-6.301461],[106.874558,-6.301221],[106.874649,-6.30096]]]]},"properties":{"nama":"Rambutan","kecamatan":"Ciracas","kota":"Jakarta Timur","tipe_kawasan":"Permukiman dekat stasiun","kualitas_udara":"tidak_sehat","atribut":{"sumber_batas":"OSM","kualitas_udara":"contoh","stasiun":1,"rth":5,"poi":0}}},{"type":"Feature","geometry":{"type":"MultiPolygon","coordinates":[[[[106.855374,-6.328207],[106.855246,-6.329068],[106.85493,-6.330175],[106.854387,-6.33004],[106.852339,-6.329858],[106.850769,-6.329827],[106.84991,-6.329712],[106.84922,-6.32988],[106.848205,-6.329762],[106.848016,-6.330287],[106.847704,-6.330188],[106.847234,-6.330164],[106.84729,-6.330273],[106.847254,-6.330366],[106.846759,-6.33067],[106.84665,-6.330816],[106.846395,-6.330823],[106.846375,-6.330749],[106.845713,-6.330793],[106.845673,-6.330632],[106.844586,-6.330651],[106.8446,-6.330122],[106.843105,-6.330083],[106.843087,-6.331148],[106.84344,-6.331403],[106.843522,-6.331619],[106.843326,-6.331856],[106.842597,-6.332102],[106.842105,-6.332192],[106.840721,-6.332154],[106.840335,-6.332069],[106.840129,-6.332185],[106.839849,-6.333516],[106.839725,-6.335138],[106.840797,-6.335313],[106.841779,-6.335798],[106.843379,-6.335773],[106.843683,-6.335966],[106.843786,-6.336193],[106.843858,-6.337357],[106.844767,-6.337343],[106.844769,-6.336977],[106.848735,-6.337015],[106.849005,-6.337235],[106.849083,-6.337467],[106.849035,-6.337657],[106.848502,-6.337847],[106.848088,-6.337739],[106.847763,-6.33778],[106.84774,-6.337921],[106.84801,-6.337932],[106.848215,-6.338168],[106.84873,-6.338304],[106.8488,-6.338457],[106.849218,-6.338691],[106.849442,-6.338903],[106.850422,-6.339258],[106.850303,-6.339659],[106.850078,-6.33986],[106.850028,-6.34014],[106.850523,-6.340636],[106.850697,-6.340951],[106.850966,-6.341096],[106.851566,-6.341272],[106.851781,-6.341574],[106.851722,-6.342034],[106.852156,-6.341946],[106.852265,-6.342258],[106.852681,-6.342385],[106.852773,-6.341801],[106.854215,-6.342013],[106.855109,-6.342311],[106.854951,-6.342974],[106.854955,-6.343248],[106.855602,-6.343995],[106.856353,-6.344016],[106.858134,-6.343841],[106.858072,-6.342961],[106.860393,-6.340841],[106.860723,-6.3401],[106.860611,-6.338621],[106.860809,-6.338657],[106.861803,-6.339157],[106.862039,-6.33838],[106.862257,-6.335475],[106.862356,-6.334822],[106.862752,-6.334799],[106.862713,-6.333457],[106.862424,-6.333339],[106.862446,-6.332449],[106.861993,-6.33248],[106.86194,-6.332027],[106.862384,-6.331962],[106.862414,-6.331887],[106.862683,-6.331767],[106.862673,-6.33166],[106.862782,-6.331531],[106.862478,-6.331409],[106.862187,-6.331143],[106.862228,-6.33082],[106.862071,-6.330535],[106.861875,-6.32975],[106.861181,-6.32913],[106.860871,-6.329368],[106.860532,-6.329898],[106.860387,-6.32973],[106.859956,-6.329543],[106.859812,-6.32987],[106.859027,-6.329551],[106.858898,-6.329741],[106.858435,-6.329444],[106.858152,-6.32934],[106.85753,-6.329253],[106.857551,-6.329041],[106.857207,-6.328984],[106.857237,-6.32881],[106.856913,-6.328752],[106.856956,-6.328464],[106.855374,-6.328207]]]]},"properties":{"nama":"Kalisari","kecamatan":"Pasar Rebo","kota":"Jakarta Timur","tipe_kawasan":"Permukiman","kualitas_udara":"tidak_sehat","atribut":{"sumber_batas":"OSM","kualitas_udara":"contoh","stasiun":0,"rth":0,"poi":1}}},{"type":"Feature","geometry":{"type":"MultiPolygon","coordinates":[[[[106.919419,-6.302417],[106.918787,-6.302573],[106.917845,-6.302549],[106.916757,-6.302651],[106.915802,-6.302641],[106.915517,-6.302576],[106.914976,-6.303829],[106.913133,-6.303272],[106.912446,-6.303203],[106.911664,-6.302878],[106.911113,-6.302521],[106.909986,-6.30217],[106.908839,-6.301905],[106.908545,-6.301773],[106.908589,-6.299659],[106.906047,-6.299662],[106.905986,-6.299599],[106.903537,-6.299522],[106.902698,-6.299558],[106.902186,-6.299513],[106.902198,-6.299265],[106.901834,-6.299192],[106.90177,-6.299119],[106.897455,-6.299065],[106.896209,-6.298988],[106.89582,-6.299038],[106.892789,-6.298982],[106.892764,-6.297952],[106.89282,-6.297205],[106.891985,-6.296932],[106.89136,-6.296835],[106.890663,-6.296383],[106.890448,-6.296102],[106.890183,-6.29547],[106.889644,-6.294604],[106.88943,-6.293337],[106.889303,-6.293028],[106.888686,-6.292171],[106.888352,-6.290927],[106.888018,-6.290567],[106.889207,-6.290344],[106.89017,-6.29029],[106.892475,-6.28993],[106.895137,-6.289698],[106.896107,-6.289507],[106.896629,-6.289278],[106.896881,-6.289099],[106.897576,-6.288412],[106.897781,-6.288031],[106.898327,-6.287395],[106.899142,-6.2862],[106.899529,-6.285777],[106.900046,-6.285439],[106.900514,-6.285298],[106.902663,-6.284899],[106.903627,-6.2849],[106.905687,-6.284627],[106.908738,-6.284353],[106.908887,-6.284892],[106.908967,-6.285595],[106.909027,-6.285674],[106.908934,-6.285854],[106.908923,-6.285927],[106.909041,-6.286032],[106.909184,-6.285976],[106.909607,-6.286339],[106.909409,-6.28651],[106.90959,-6.28671],[106.909459,-6.286973],[106.909589,-6.287044],[106.909567,-6.287149],[106.909402,-6.287301],[106.90982,-6.287353],[106.910128,-6.28765],[106.910087,-6.287837],[106.910134,-6.288022],[106.909799,-6.288297],[106.909764,-6.288462],[106.909762,-6.288648],[106.910136,-6.289152],[106.910067,-6.289748],[106.909778,-6.2901],[106.909579,-6.290206],[106.909466,-6.290499],[106.909504,-6.290739],[106.909643,-6.290798],[106.910008,-6.290494],[106.910334,-6.289905],[106.910545,-6.289769],[106.910866,-6.289834],[106.910624,-6.290421],[106.910853,-6.290838],[106.910329,-6.291533],[106.910423,-6.29184],[106.910715,-6.292203],[106.911039,-6.292251],[106.911219,-6.292096],[106.911111,-6.291927],[106.911101,-6.291726],[106.911247,-6.291463],[106.911378,-6.291355],[106.911639,-6.2916],[106.911762,-6.291853],[106.911111,-6.293068],[106.910862,-6.293195],[106.910562,-6.292953],[106.910398,-6.292995],[106.910292,-6.293585],[106.91028,-6.294258],[106.910566,-6.294125],[106.910964,-6.294463],[106.91152,-6.294626],[106.91186,-6.294413],[106.912192,-6.294373],[106.912493,-6.294561],[106.912401,-6.294943],[106.911925,-6.295157],[106.911158,-6.295796],[106.911166,-6.296069],[106.911264,-6.296265],[106.911833,-6.296339],[106.911919,-6.296546],[106.911914,-6.296752],[106.911759,-6.297126],[106.911816,-6.297994],[106.911895,-6.298215],[106.912011,-6.298342],[106.912241,-6.298242],[106.912468,-6.298296],[106.912968,-6.29887],[106.913237,-6.298961],[106.913532,-6.29894],[106.913769,-6.298775],[106.913599,-6.298228],[106.913782,-6.298134],[106.914294,-6.298131],[106.914518,-6.298002],[106.914615,-6.297631],[106.914593,-6.2973],[106.914732,-6.297113],[106.914873,-6.297059],[106.915774,-6.297372],[106.916198,-6.297663],[106.916502,-6.297771],[106.917034,-6.298241],[106.917468,-6.298171],[106.9178,-6.298381],[106.917849,-6.299456],[106.917919,-6.29965],[106.918044,-6.29972],[106.918253,-6.299741],[106.918327,-6.299406],[106.919054,-6.298883],[106.919271,-6.299024],[106.91932,-6.299234],[106.919326,-6.299682],[106.919026,-6.300332],[106.919095,-6.300535],[106.919358,-6.300681],[106.919696,-6.300625],[106.920409,-6.299935],[106.920649,-6.300043],[106.920919,-6.300519],[106.921102,-6.301318],[106.920906,-6.301469],[106.920635,-6.301437],[106.920537,-6.301523],[106.92051,-6.301658],[106.920548,-6.301836],[106.9207,-6.301906],[106.920922,-6.301898],[106.921102,-6.302279],[106.920504,-6.302316],[106.920395,-6.302387],[106.920026,-6.30243],[106.919419,-6.302417]]]]},"properties":{"nama":"Lubang Buaya","kecamatan":"Cipayung","kota":"Jakarta Timur","tipe_kawasan":"Kawasan hijau","kualitas_udara":"kurang_sehat","atribut":{"sumber_batas":"OSM","kualitas_udara":"contoh","stasiun":0,"rth":4,"poi":4}}},{"type":"Feature","geometry":{"type":"MultiPolygon","coordinates":[[[[106.828238,-6.278693],[106.828932,-6.279374],[106.828937,-6.279576],[106.828092,-6.280842],[106.826735,-6.284186],[106.82646,-6.285174],[106.826169,-6.285692],[106.825874,-6.286598],[106.823499,-6.291392],[106.822433,-6.29391],[106.826067,-6.295478],[106.827547,-6.29633],[106.826939,-6.296693],[106.826226,-6.297249],[106.826355,-6.298238],[106.826274,-6.298985],[106.826259,-6.301383],[106.826269,-6.301748],[106.826457,-6.302722],[106.826902,-6.304119],[106.82757,-6.305879],[106.827702,-6.306582],[106.827655,-6.307161],[106.82759,-6.307383],[106.827462,-6.30754],[106.827114,-6.308604],[106.826881,-6.310403],[106.826599,-6.311341],[106.82655,-6.311446],[106.826387,-6.311491],[106.826159,-6.311345],[106.825913,-6.311301],[106.825816,-6.31134],[106.825754,-6.311561],[106.82505,-6.316517],[106.824782,-6.317833],[106.82365,-6.317727],[106.82369,-6.31742],[106.823531,-6.317372],[106.82205,-6.317551],[106.821584,-6.317541],[106.820506,-6.317475],[106.820476,-6.317415],[106.818174,-6.317132],[106.818007,-6.317259],[106.81767,-6.317235],[106.816402,-6.31685],[106.816539,-6.316069],[106.816291,-6.315984],[106.816428,-6.315352],[106.816269,-6.31339],[106.816245,-6.310876],[106.816122,-6.310657],[106.814896,-6.310792],[106.813751,-6.310727],[106.813722,-6.310101],[106.813926,-6.306809],[106.814278,-6.303705],[106.81435,-6.30183],[106.814535,-6.3012],[106.814711,-6.299669],[106.814933,-6.298424],[106.815887,-6.29476],[106.816248,-6.293713],[106.816511,-6.292686],[106.818069,-6.289371],[106.818311,-6.28862],[106.819818,-6.280043],[106.820651,-6.275878],[106.821021,-6.275937],[106.822926,-6.276574],[106.824113,-6.27668],[106.824428,-6.276767],[106.824879,-6.276924],[106.825788,-6.277442],[106.827304,-6.277679],[106.827631,-6.277787],[106.828238,-6.278693]]]]},"properties":{"nama":"Ragunan","kecamatan":"Pasar Minggu","kota":"Jakarta Selatan","tipe_kawasan":"Kawasan hijau","kualitas_udara":"kurang_sehat","atribut":{"sumber_batas":"OSM","kualitas_udara":"contoh","stasiun":0,"rth":4,"poi":6}}},{"type":"Feature","geometry":{"type":"MultiPolygon","coordinates":[[[[106.83158,-6.335419],[106.832262,-6.334804],[106.832428,-6.33451],[106.833168,-6.333789],[106.833738,-6.332924],[106.834859,-6.331881],[106.835264,-6.331843],[106.835413,-6.332615],[106.835487,-6.334002],[106.835313,-6.334913],[106.834667,-6.337384],[106.834559,-6.338146],[106.834124,-6.340005],[106.833553,-6.344086],[106.834944,-6.344526],[106.835538,-6.345126],[106.835941,-6.345279],[106.836785,-6.344987],[106.837149,-6.344524],[106.837674,-6.343569],[106.838635,-6.343253],[106.839528,-6.343569],[106.839791,-6.344047],[106.839813,-6.344746],[106.83926,-6.346262],[106.837746,-6.346911],[106.837708,-6.347172],[106.838104,-6.347899],[106.838526,-6.349823],[106.839271,-6.350851],[106.839412,-6.351217],[106.839374,-6.351649],[106.839164,-6.351983],[106.838531,-6.352113],[106.837962,-6.352123],[106.835991,-6.351882],[106.835612,-6.351937],[106.835475,-6.352222],[106.835593,-6.352514],[106.835831,-6.352766],[106.835925,-6.35342],[106.835851,-6.353849],[106.835925,-6.354394],[106.836001,-6.354533],[106.835202,-6.355017],[106.833969,-6.355177],[106.833091,-6.355195],[106.832031,-6.354639],[106.831851,-6.355359],[106.831803,-6.355844],[106.830827,-6.356043],[106.830245,-6.355924],[106.827934,-6.356095],[106.823966,-6.356101],[106.823842,-6.356172],[106.823165,-6.356049],[106.821799,-6.355602],[106.821598,-6.355595],[106.821244,-6.355726],[106.821177,-6.35587],[106.821048,-6.356059],[106.82103,-6.356453],[106.820852,-6.356786],[106.820187,-6.356393],[106.820005,-6.356628],[106.819243,-6.356201],[106.818889,-6.356905],[106.816143,-6.356212],[106.815263,-6.358536],[106.814888,-6.358355],[106.814641,-6.359432],[106.813793,-6.359208],[106.813804,-6.359987],[106.812087,-6.361703],[106.811175,-6.36277],[106.81066,-6.362993],[106.810574,-6.364198],[106.809448,-6.364124],[106.807796,-6.363846],[106.807121,-6.363453],[106.807078,-6.362334],[106.807779,-6.359043],[106.809354,-6.356895],[106.810225,-6.355494],[106.811185,-6.353569],[106.813423,-6.348281],[106.814044,-6.347031],[106.814724,-6.34631],[106.815326,-6.345536],[106.816249,-6.344539],[106.816738,-6.343869],[106.817471,-6.343069],[106.818864,-6.342131],[106.819168,-6.341837],[106.820434,-6.340284],[106.821224,-6.339485],[106.824269,-6.337279],[106.824621,-6.337092],[106.825613,-6.336101],[106.826384,-6.335867],[106.827346,-6.335812],[106.828508,-6.335553],[106.828914,-6.335716],[106.829692,-6.336237],[106.83057,-6.336256],[106.830863,-6.336146],[106.831233,-6.335831],[106.83158,-6.335419]]]]},"properties":{"nama":"Srengseng Sawah","kecamatan":"Jagakarsa","kota":"Jakarta Selatan","tipe_kawasan":"Permukiman dekat stasiun","kualitas_udara":"tidak_sehat","atribut":{"sumber_batas":"OSM","kualitas_udara":"contoh","stasiun":1,"rth":7,"poi":5}}},{"type":"Feature","geometry":{"type":"MultiPolygon","coordinates":[[[[106.89589,-6.371554],[106.896596,-6.371494],[106.897175,-6.370539],[106.898078,-6.369705],[106.898804,-6.369426],[106.900595,-6.3701],[106.901135,-6.370246],[106.901172,-6.370901],[106.900827,-6.37201],[106.900449,-6.372869],[106.900465,-6.37305],[106.902305,-6.374234],[106.903431,-6.374458],[106.903507,-6.372687],[106.90391,-6.370311],[106.903933,-6.369601],[106.904435,-6.367836],[106.906685,-6.362542],[106.907104,-6.361737],[106.907608,-6.361195],[106.908535,-6.361872],[106.909182,-6.362571],[106.909562,-6.362682],[106.909931,-6.362938],[106.910165,-6.363182],[106.910221,-6.36357],[106.910422,-6.363703],[106.911617,-6.364247],[106.91241,-6.364381],[106.912935,-6.36458],[106.913292,-6.364802],[106.913527,-6.365069],[106.913884,-6.365335],[106.914271,-6.365498],[106.914464,-6.365268],[106.914458,-6.364702],[106.914531,-6.364491],[106.91491,-6.36413],[106.915067,-6.363875],[106.914843,-6.363442],[106.914871,-6.363192],[106.915832,-6.363209],[106.916049,-6.363137],[106.916206,-6.362948],[106.916223,-6.362715],[106.915826,-6.362465],[106.915424,-6.362376],[106.914894,-6.36196],[106.91457,-6.361599],[106.914553,-6.361328],[106.915424,-6.360917],[106.915514,-6.360761],[106.915497,-6.360556],[106.915374,-6.360384],[106.915005,-6.360495],[106.914492,-6.360329],[106.914296,-6.360173],[106.914224,-6.36004],[106.914235,-6.359757],[106.914458,-6.359419],[106.914475,-6.359252],[106.914386,-6.359124],[106.913956,-6.358886],[106.913648,-6.35893],[106.913559,-6.358847],[106.913621,-6.358708],[106.913883,-6.358525],[106.914587,-6.358453],[106.914804,-6.358298],[106.914694,-6.357707],[106.914739,-6.357584],[106.915074,-6.357379],[106.915446,-6.356763],[106.916011,-6.356383],[106.916774,-6.356652],[106.917055,-6.356641],[106.917153,-6.35648],[106.917062,-6.35617],[106.916841,-6.355769],[106.916739,-6.355667],[106.916127,-6.355542],[106.915633,-6.354826],[106.916077,-6.354091],[106.916105,-6.353841],[106.916244,-6.353705],[106.916761,-6.353694],[106.916867,-6.353555],[106.916926,-6.353306],[106.917245,-6.353],[106.917269,-6.352843],[106.916953,-6.352772],[106.916704,-6.352631],[106.916795,-6.351728],[106.916411,-6.351734],[106.916268,-6.351668],[106.916193,-6.351487],[106.916324,-6.351326],[106.916827,-6.351296],[106.916977,-6.350882],[106.917178,-6.350797],[106.917653,-6.350766],[106.917823,-6.350619],[106.917793,-6.350242],[106.917304,-6.349812],[106.916958,-6.349237],[106.916645,-6.349037],[106.916173,-6.348985],[106.915989,-6.348849],[106.916037,-6.348671],[106.916721,-6.348183],[106.916855,-6.347803],[106.916978,-6.347944],[106.916989,-6.348094],[106.917151,-6.34816],[106.917222,-6.348027],[106.917226,-6.347823],[106.916848,-6.347082],[106.916658,-6.346832],[106.916468,-6.346755],[106.916261,-6.346871],[106.91601,-6.346638],[106.916004,-6.346444],[106.916272,-6.34625],[106.91692,-6.346239],[106.917205,-6.346161],[106.917155,-6.34595],[106.917015,-6.345833],[106.917026,-6.345645],[106.91721,-6.345234],[106.917171,-6.344929],[106.917261,-6.344313],[106.917227,-6.343897],[106.917311,-6.34378],[106.917747,-6.343897],[106.918171,-6.343863],[106.918941,-6.343569],[106.919254,-6.343691],[106.919438,-6.343603],[106.919388,-6.343164],[106.919215,-6.342887],[106.918858,-6.342803],[106.918556,-6.342481],[106.918752,-6.341743],[106.918128,-6.341593],[106.918015,-6.341393],[106.917918,-6.340684],[106.917986,-6.340124],[106.917828,-6.339717],[106.91748,-6.339529],[106.916993,-6.339563],[106.916712,-6.339684],[106.915911,-6.340929],[106.915589,-6.341213],[106.914766,-6.340981],[106.911408,-6.340244],[106.911343,-6.34021],[106.911368,-6.339929],[106.911109,-6.33956],[106.911006,-6.33919],[106.910189,-6.338949],[106.909681,-6.339766],[106.909354,-6.34071],[106.909499,-6.341377],[106.909831,-6.341955],[106.909892,-6.342363],[106.909812,-6.342703],[106.909844,-6.342791],[106.909427,-6.343111],[106.90931,-6.343308],[106.908911,-6.34348],[106.907975,-6.343673],[106.907612,-6.343649],[106.907268,-6.344401],[106.906856,-6.345105],[106.905546,-6.347152],[106.905219,-6.347899],[106.905004,-6.348588],[106.904563,-6.349542],[106.904289,-6.350495],[106.904059,-6.351058],[106.903673,-6.351607],[106.903326,-6.352247],[106.902831,-6.352023],[106.902417,-6.35198],[106.901404,-6.35206],[106.900835,-6.352003],[106.900541,-6.352416],[106.900814,-6.352845],[106.900408,-6.35418],[106.899655,-6.355014],[106.899415,-6.355487],[106.898901,-6.355789],[106.897863,-6.356048],[106.897683,-6.355438],[106.89738,-6.355342],[106.897606,-6.354596],[106.897048,-6.354369],[106.896774,-6.355305],[106.896541,-6.355227],[106.896511,-6.35511],[106.896678,-6.354481],[106.896487,-6.354361],[106.896205,-6.354596],[106.895999,-6.355174],[106.895862,-6.355297],[106.895766,-6.355518],[106.895715,-6.356019],[106.895852,-6.356827],[106.896085,-6.357333],[106.895428,-6.357429],[106.895691,-6.358109],[106.895755,-6.358445],[106.895267,-6.358831],[106.894655,-6.359007],[106.894586,-6.358954],[106.894513,-6.358477],[106.894288,-6.358117],[106.893883,-6.357997],[106.893271,-6.358069],[106.893526,-6.359636],[106.894515,-6.364474],[106.895158,-6.368039],[106.895568,-6.369553],[106.89589,-6.371554]]]]},"properties":{"nama":"Pondok Ranggon","kecamatan":"Cipayung","kota":"Jakarta Timur","tipe_kawasan":"Kawasan hijau","kualitas_udara":"kurang_sehat","atribut":{"sumber_batas":"OSM","kualitas_udara":"contoh","stasiun":0,"rth":15,"poi":1}}},{"type":"Feature","geometry":{"type":"MultiPolygon","coordinates":[[[[106.913834,-6.306396],[106.913693,-6.30693],[106.913422,-6.30698],[106.912926,-6.306948],[106.910479,-6.307041],[106.909776,-6.307759],[106.90901,-6.308415],[106.908408,-6.309123],[106.908126,-6.309844],[106.907611,-6.310797],[106.907416,-6.311573],[106.906609,-6.31146],[106.906033,-6.312707],[106.905883,-6.312888],[106.905958,-6.313299],[106.906304,-6.313891],[106.906178,-6.314167],[106.90621,-6.314435],[106.906141,-6.314671],[106.906167,-6.315967],[106.906028,-6.315992],[106.905982,-6.316111],[106.906184,-6.317026],[106.906301,-6.317287],[106.906333,-6.317836],[106.906091,-6.318442],[106.908147,-6.318732],[106.908565,-6.318924],[106.908211,-6.319212],[106.907921,-6.319575],[106.907707,-6.319996],[106.907301,-6.321225],[106.907046,-6.322881],[106.90688,-6.323494],[106.906773,-6.323636],[106.906723,-6.323923],[106.906479,-6.324152],[106.90663,-6.324253],[106.907319,-6.32436],[106.909029,-6.324392],[106.909283,-6.320584],[106.909605,-6.320413],[106.911829,-6.320513],[106.911885,-6.320452],[106.911993,-6.319958],[106.91211,-6.315192],[106.913691,-6.315262],[106.913661,-6.320544],[106.91552,-6.320593],[106.915898,-6.3202],[106.915964,-6.320196],[106.917429,-6.320461],[106.917873,-6.320781],[106.919997,-6.321194],[106.920149,-6.321287],[106.920203,-6.32141],[106.920206,-6.323035],[106.919664,-6.323504],[106.919471,-6.324443],[106.920986,-6.324594],[106.921177,-6.324405],[106.921477,-6.324288],[106.921531,-6.323691],[106.921665,-6.323435],[106.92166,-6.322971],[106.921095,-6.321569],[106.920559,-6.321338],[106.920636,-6.320541],[106.92096,-6.320211],[106.921002,-6.319577],[106.921066,-6.319526],[106.921164,-6.319378],[106.921125,-6.319153],[106.920784,-6.318615],[106.92081,-6.318233],[106.920865,-6.318081],[106.920998,-6.317975],[106.921364,-6.318102],[106.922057,-6.317639],[106.922093,-6.317489],[106.922002,-6.317213],[106.922002,-6.316973],[106.922292,-6.316464],[106.922274,-6.316296],[106.922071,-6.316035],[106.922023,-6.315598],[106.92233,-6.315298],[106.92268,-6.314567],[106.922735,-6.314297],[106.922698,-6.314093],[106.922433,-6.313955],[106.922385,-6.313757],[106.92256,-6.313481],[106.92259,-6.313302],[106.922163,-6.313236],[106.922292,-6.313135],[106.921883,-6.312491],[106.921516,-6.312177],[106.921047,-6.312321],[106.92074,-6.312245],[106.92051,-6.311999],[106.920604,-6.311592],[106.920202,-6.311655],[106.920233,-6.31108],[106.920844,-6.310961],[106.921262,-6.309589],[106.921199,-6.309045],[106.920822,-6.308665],[106.920658,-6.308256],[106.920796,-6.30808],[106.921186,-6.307797],[106.920961,-6.307461],[106.920946,-6.307251],[106.921145,-6.307209],[106.921438,-6.307444],[106.921549,-6.307424],[106.921511,-6.306432],[106.921631,-6.305962],[106.921612,-6.305816],[106.921416,-6.305519],[106.921798,-6.304944],[106.921782,-6.304833],[106.921415,-6.304617],[106.921688,-6.304223],[106.921667,-6.303701],[106.921808,-6.303443],[106.921773,-6.303345],[106.921385,-6.303269],[106.921102,-6.302279],[106.920504,-6.302316],[106.920395,-6.302387],[106.920026,-6.30243],[106.919419,-6.302417],[106.918787,-6.302573],[106.917845,-6.302549],[106.916757,-6.302651],[106.915802,-6.302641],[106.915517,-6.302576],[106.914976,-6.303829],[106.913909,-6.303539],[106.913854,-6.304278],[106.913996,-6.305488],[106.913834,-6.306396]]]]},"properties":{"nama":"Setu","kecamatan":"Cipayung","kota":"Jakarta Timur","tipe_kawasan":"Permukiman","kualitas_udara":"tidak_sehat","atribut":{"sumber_batas":"OSM","kualitas_udara":"contoh","stasiun":0,"rth":2,"poi":0}}},{"type":"Feature","geometry":{"type":"MultiPolygon","coordinates":[[[[106.87472,-6.314149],[106.873553,-6.315577],[106.873322,-6.316099],[106.872995,-6.317262],[106.873045,-6.318165],[106.872792,-6.319279],[106.872475,-6.320071],[106.871031,-6.319541],[106.870915,-6.319581],[106.870312,-6.320706],[106.870167,-6.321946],[106.869772,-6.323496],[106.867728,-6.322936],[106.867825,-6.322697],[106.867737,-6.322537],[106.867218,-6.322319],[106.867227,-6.32225],[106.866432,-6.322032],[106.866333,-6.322227],[106.866156,-6.322167],[106.866058,-6.322393],[106.86497,-6.322178],[106.865202,-6.321168],[106.865174,-6.320458],[106.864941,-6.319324],[106.864175,-6.317153],[106.863693,-6.316103],[106.863068,-6.314336],[106.862645,-6.312674],[106.862573,-6.312086],[106.862587,-6.311393],[106.862774,-6.31034],[106.864102,-6.308218],[106.866284,-6.304128],[106.867132,-6.303087],[106.867824,-6.303425],[106.868453,-6.303618],[106.869136,-6.303733],[106.87101,-6.303821],[106.871377,-6.303932],[106.871724,-6.30407],[106.871972,-6.304247],[106.87267,-6.304954],[106.872811,-6.305178],[106.873006,-6.305607],[106.873138,-6.306807],[106.873491,-6.308082],[106.87422,-6.30832],[106.874959,-6.308714],[106.87576,-6.308926],[106.875682,-6.309233],[106.875212,-6.310198],[106.875149,-6.31017],[106.87481,-6.310452],[106.874407,-6.31132],[106.875471,-6.312893],[106.875263,-6.313074],[106.87472,-6.314149]]]]},"properties":{"nama":"Susukan","kecamatan":"Ciracas","kota":"Jakarta Timur","tipe_kawasan":"Permukiman","kualitas_udara":"kurang_sehat","atribut":{"sumber_batas":"OSM","kualitas_udara":"contoh","stasiun":0,"rth":2,"poi":1}}},{"type":"Feature","geometry":{"type":"MultiPolygon","coordinates":[[[[106.766709,-6.290694],[106.766475,-6.290005],[106.766487,-6.289395],[106.766104,-6.289195],[106.766134,-6.288975],[106.766226,-6.288877],[106.765953,-6.288788],[106.763121,-6.288731],[106.763078,-6.287634],[106.763005,-6.287536],[106.763023,-6.286887],[106.761832,-6.286921],[106.760142,-6.286435],[106.761526,-6.281822],[106.762265,-6.277859],[106.761689,-6.277835],[106.760491,-6.27794],[106.759893,-6.278204],[106.757895,-6.277929],[106.756997,-6.27753],[106.756938,-6.278316],[106.75699,-6.27921],[106.75639,-6.279161],[106.75608,-6.280747],[106.755796,-6.280746],[106.755743,-6.281111],[106.755599,-6.281408],[106.754888,-6.281475],[106.754633,-6.282005],[106.754424,-6.282741],[106.753678,-6.283392],[106.753536,-6.284034],[106.752992,-6.283898],[106.752777,-6.284383],[106.752412,-6.284885],[106.752192,-6.28505],[106.751812,-6.286047],[106.751806,-6.286431],[106.751688,-6.286844],[106.750857,-6.286847],[106.750792,-6.287764],[106.750921,-6.288297],[106.751152,-6.28834],[106.751141,-6.288631],[106.751125,-6.289577],[106.751457,-6.289598],[106.751667,-6.290019],[106.751763,-6.290707],[106.752198,-6.290713],[106.752187,-6.291363],[106.752133,-6.292136],[106.751034,-6.292163],[106.751511,-6.293581],[106.751549,-6.293976],[106.751216,-6.294733],[106.750932,-6.29509],[106.750916,-6.295357],[106.75106,-6.295901],[106.751296,-6.296189],[106.751361,-6.296711],[106.751887,-6.297402],[106.752386,-6.29866],[106.752823,-6.298482],[106.752444,-6.297564],[106.753067,-6.297069],[106.753126,-6.296669],[106.753437,-6.296194],[106.753657,-6.295608],[106.753946,-6.295384],[106.754284,-6.295314],[106.75422,-6.294824],[106.755803,-6.294643],[106.757964,-6.294968],[106.757696,-6.296061],[106.757777,-6.296317],[106.759322,-6.296669],[106.760448,-6.297159],[106.760899,-6.297532],[106.761414,-6.298172],[106.761843,-6.298844],[106.762025,-6.299313],[106.762079,-6.299783],[106.762047,-6.300412],[106.762133,-6.300721],[106.763924,-6.29862],[106.765268,-6.297184],[106.765544,-6.296669],[106.765512,-6.295624],[106.765105,-6.294557],[106.765115,-6.294045],[106.765877,-6.291657],[106.766295,-6.29107],[106.766709,-6.290694]]]]},"properties":{"nama":"Rempoa","kecamatan":"Ciputat Timur","kota":"Kota Tangerang Selatan","tipe_kawasan":"Permukiman","kualitas_udara":"kurang_sehat","atribut":{"sumber_batas":"OSM","kualitas_udara":"contoh","stasiun":0,"rth":0,"poi":0}}},{"type":"Feature","geometry":{"type":"MultiPolygon","coordinates":[[[[106.751034,-6.292163],[106.749403,-6.29227],[106.746345,-6.292227],[106.746147,-6.292099],[106.746061,-6.291854],[106.746007,-6.291193],[106.746184,-6.288095],[106.745669,-6.287956],[106.74583,-6.28682],[106.745653,-6.286436],[106.745728,-6.285157],[106.745884,-6.284069],[106.74576,-6.283306],[106.745841,-6.283237],[106.745835,-6.282245],[106.745659,-6.282261],[106.745664,-6.282107],[106.74575,-6.282048],[106.745771,-6.281424],[106.745862,-6.281019],[106.745739,-6.280134],[106.745562,-6.280112],[106.745535,-6.279771],[106.745444,-6.279723],[106.745385,-6.279307],[106.74576,-6.279323],[106.745825,-6.278102],[106.745669,-6.278049],[106.74568,-6.277889],[106.745787,-6.277878],[106.745943,-6.277702],[106.745937,-6.277382],[106.746098,-6.277308],[106.745594,-6.276028],[106.74821,-6.273947],[106.750861,-6.271415],[106.75139,-6.271911],[106.751399,-6.273723],[106.751481,-6.274546],[106.754665,-6.274442],[106.756095,-6.274357],[106.75682,-6.274382],[106.756946,-6.274235],[106.757038,-6.274376],[106.757237,-6.275376],[106.75721,-6.275748],[106.757114,-6.275904],[106.757121,-6.276178],[106.757036,-6.276259],[106.757109,-6.277125],[106.756997,-6.27753],[106.756938,-6.278316],[106.75699,-6.27921],[106.75639,-6.279161],[106.75608,-6.280747],[106.755796,-6.280746],[106.755743,-6.281111],[106.755599,-6.281408],[106.754888,-6.281475],[106.754633,-6.282005],[106.754424,-6.282741],[106.753678,-6.283392],[106.753536,-6.284034],[106.752992,-6.283898],[106.752777,-6.284383],[106.752412,-6.284885],[106.752192,-6.28505],[106.751812,-6.286047],[106.751806,-6.286431],[106.751688,-6.286844],[106.750857,-6.286847],[106.750792,-6.287764],[106.750921,-6.288297],[106.751152,-6.28834],[106.751125,-6.289577],[106.751457,-6.289598],[106.751667,-6.290019],[106.751763,-6.290707],[106.752198,-6.290713],[106.752133,-6.292136],[106.751034,-6.292163]]]]},"properties":{"nama":"Rengas","kecamatan":"Ciputat Timur","kota":"Kota Tangerang Selatan","tipe_kawasan":"Permukiman","kualitas_udara":"kurang_sehat","atribut":{"sumber_batas":"OSM","kualitas_udara":"contoh","stasiun":0,"rth":1,"poi":0}}},{"type":"Feature","geometry":{"type":"MultiPolygon","coordinates":[[[[106.756741,-6.294797],[106.755803,-6.294643],[106.75422,-6.294824],[106.754284,-6.295314],[106.753946,-6.295384],[106.753657,-6.295608],[106.753437,-6.296194],[106.753126,-6.296669],[106.753067,-6.297069],[106.752444,-6.297564],[106.752823,-6.298482],[106.752386,-6.29866],[106.751887,-6.297402],[106.751361,-6.296711],[106.751296,-6.296189],[106.75106,-6.295901],[106.750969,-6.295666],[106.750932,-6.29509],[106.751216,-6.294733],[106.751549,-6.293976],[106.751511,-6.293581],[106.751034,-6.292163],[106.749403,-6.29227],[106.746345,-6.292227],[106.746147,-6.292099],[106.743679,-6.29171],[106.743261,-6.291763],[106.74292,-6.292016],[106.74266,-6.292712],[106.742333,-6.292888],[106.742306,-6.293112],[106.742413,-6.293501],[106.742424,-6.293965],[106.742553,-6.294227],[106.742676,-6.295544],[106.743041,-6.295666],[106.743261,-6.295922],[106.743363,-6.296066],[106.743325,-6.296407],[106.744253,-6.297426],[106.744304,-6.298132],[106.744661,-6.298273],[106.744815,-6.298721],[106.745031,-6.298518],[106.745147,-6.29859],[106.745329,-6.298878],[106.745541,-6.299045],[106.745864,-6.299817],[106.746415,-6.300555],[106.74742,-6.301629],[106.747766,-6.302104],[106.747874,-6.302371],[106.748903,-6.303012],[106.748874,-6.303334],[106.748976,-6.303497],[106.749038,-6.303868],[106.749939,-6.304347],[106.750052,-6.30456],[106.750599,-6.304725],[106.750671,-6.304951],[106.750553,-6.306001],[106.750897,-6.306454],[106.750993,-6.307083],[106.751146,-6.307285],[106.751127,-6.307473],[106.751326,-6.307539],[106.751291,-6.308084],[106.751184,-6.308532],[106.750926,-6.308591],[106.750873,-6.308751],[106.751028,-6.309071],[106.750881,-6.310407],[106.750546,-6.310553],[106.750411,-6.310756],[106.750342,-6.311246],[106.750186,-6.311422],[106.749896,-6.312115],[106.750664,-6.312249],[106.751986,-6.312103],[106.752729,-6.312185],[106.753238,-6.312142],[106.754065,-6.311525],[106.754934,-6.310617],[106.75591,-6.309397],[106.756039,-6.309167],[106.756275,-6.30745],[106.756401,-6.307094],[106.756739,-6.30663],[106.759783,-6.303259],[106.761116,-6.301911],[106.762133,-6.300721],[106.762047,-6.300412],[106.762079,-6.299783],[106.762025,-6.299313],[106.761843,-6.298844],[106.761414,-6.298172],[106.760899,-6.297532],[106.760448,-6.297159],[106.759322,-6.296669],[106.757777,-6.296317],[106.757696,-6.296061],[106.757964,-6.294968],[106.756741,-6.294797]]]]},"properties":{"nama":"Cempaka Putih","kecamatan":"Ciputat Timur","kota":"Kota Tangerang Selatan","tipe_kawasan":"Kawasan hijau","kualitas_udara":"sehat","atribut":{"sumber_batas":"OSM","kualitas_udara":"contoh","stasiun":0,"rth":5,"poi":3}}},{"type":"Feature","geometry":{"type":"MultiPolygon","coordinates":[[[[106.755331,-6.310148],[106.756039,-6.309167],[106.756275,-6.30745],[106.756401,-6.307094],[106.757203,-6.306128],[106.757573,-6.306053],[106.75841,-6.306128],[106.759118,-6.306501],[106.759326,-6.307181],[106.758929,-6.309367],[106.758903,-6.310564],[106.758946,-6.310809],[106.758785,-6.313187],[106.758871,-6.313816],[106.758882,-6.316098],[106.759247,-6.316642],[106.760116,-6.317282],[106.760598,-6.316957],[106.761789,-6.316488],[106.761891,-6.316034],[106.762602,-6.316032],[106.763399,-6.31612],[106.765974,-6.316493],[106.766124,-6.316402],[106.766295,-6.315896],[106.766521,-6.315587],[106.766826,-6.315352],[106.767513,-6.315235],[106.768109,-6.315427],[106.76865,-6.315469],[106.769434,-6.31564],[106.769385,-6.315858],[106.772084,-6.316216],[106.772298,-6.314163],[106.772486,-6.313262],[106.772577,-6.313176],[106.7738,-6.313251],[106.774364,-6.313448],[106.774788,-6.312252],[106.774971,-6.312219],[106.775305,-6.311824],[106.775646,-6.311712],[106.776376,-6.311849],[106.776419,-6.311997],[106.776368,-6.312242],[106.776431,-6.312335],[106.776579,-6.312373],[106.776486,-6.31272],[106.776462,-6.313392],[106.776657,-6.313981],[106.776641,-6.314632],[106.776814,-6.315257],[106.777029,-6.315374],[106.777848,-6.315489],[106.779248,-6.315797],[106.779947,-6.316198],[106.779998,-6.316287],[106.779935,-6.316557],[106.779734,-6.316697],[106.77938,-6.316785],[106.778857,-6.317043],[106.778734,-6.317219],[106.778722,-6.317352],[106.778943,-6.317573],[106.779363,-6.317649],[106.779464,-6.317818],[106.779476,-6.31817],[106.779365,-6.318844],[106.779208,-6.319213],[106.7789,-6.319656],[106.778864,-6.319943],[106.778945,-6.320653],[106.779126,-6.321118],[106.779327,-6.321326],[106.77934,-6.321438],[106.779079,-6.321976],[106.77845,-6.32222],[106.778305,-6.322595],[106.77816,-6.322798],[106.777854,-6.323016],[106.777769,-6.323182],[106.777888,-6.323346],[106.778214,-6.323454],[106.778639,-6.323479],[106.77897,-6.324147],[106.779051,-6.324557],[106.778949,-6.325218],[106.778542,-6.325562],[106.778242,-6.325952],[106.77785,-6.326079],[106.777013,-6.326069],[106.776145,-6.325877],[106.774782,-6.325829],[106.774664,-6.325999],[106.774085,-6.325978],[106.766075,-6.325349],[106.76239,-6.325397],[106.761403,-6.325573],[106.760706,-6.325781],[106.759687,-6.325632],[106.75805,-6.325584],[106.756479,-6.326282],[106.756307,-6.326293],[106.754783,-6.326042],[106.754483,-6.325893],[106.753544,-6.32577],[106.753292,-6.325632],[106.752874,-6.325232],[106.752621,-6.324672],[106.752048,-6.324832],[106.751468,-6.324714],[106.751243,-6.324544],[106.751071,-6.324288],[106.751018,-6.323798],[106.751447,-6.323424],[106.751629,-6.32304],[106.751522,-6.322667],[106.751264,-6.322464],[106.75112,-6.320988],[106.750143,-6.320742],[106.750191,-6.320369],[106.749435,-6.319559],[106.749312,-6.318999],[106.749414,-6.31821],[106.749709,-6.317618],[106.750293,-6.317415],[106.750717,-6.317154],[106.75112,-6.317074],[106.751082,-6.315949],[106.750905,-6.315565],[106.750846,-6.315133],[106.751017,-6.314819],[106.751082,-6.314168],[106.75105,-6.313678],[106.751318,-6.313011],[106.75135,-6.312153],[106.751986,-6.312103],[106.752729,-6.312185],[106.753238,-6.312142],[106.754065,-6.311525],[106.755331,-6.310148]]]]},"properties":{"nama":"Pisangan","kecamatan":"Ciputat Timur","kota":"Kota Tangerang Selatan","tipe_kawasan":"Permukiman","kualitas_udara":"sehat","atribut":{"sumber_batas":"OSM","kualitas_udara":"contoh","stasiun":0,"rth":2,"poi":1}}},{"type":"Feature","geometry":{"type":"MultiPolygon","coordinates":[[[[106.757203,-6.306128],[106.757573,-6.306053],[106.75841,-6.306128],[106.759118,-6.306501],[106.759326,-6.307181],[106.758929,-6.309367],[106.758903,-6.310564],[106.758946,-6.310809],[106.758785,-6.313187],[106.758871,-6.313816],[106.758882,-6.316098],[106.759247,-6.316642],[106.759923,-6.317154],[106.760116,-6.317282],[106.760598,-6.316957],[106.761789,-6.316488],[106.761891,-6.316034],[106.762602,-6.316032],[106.763399,-6.31612],[106.765974,-6.316493],[106.766124,-6.316402],[106.766295,-6.315896],[106.766521,-6.315587],[106.766826,-6.315352],[106.767513,-6.315235],[106.768109,-6.315427],[106.76865,-6.315469],[106.769434,-6.31564],[106.769385,-6.315858],[106.772084,-6.316216],[106.772298,-6.314163],[106.772486,-6.313262],[106.772577,-6.313176],[106.7738,-6.313251],[106.774364,-6.313448],[106.774788,-6.312252],[106.774624,-6.312188],[106.774536,-6.312034],[106.774498,-6.311352],[106.774693,-6.311064],[106.775247,-6.310683],[106.775385,-6.310518],[106.775342,-6.310399],[106.775233,-6.310354],[106.773753,-6.310009],[106.773487,-6.309853],[106.773304,-6.309598],[106.773411,-6.309412],[106.773651,-6.309231],[106.774621,-6.308879],[106.775111,-6.308531],[106.775168,-6.308227],[106.77511,-6.308141],[106.774118,-6.307144],[106.773952,-6.307102],[106.773816,-6.306743],[106.773934,-6.306437],[106.774337,-6.306149],[106.775404,-6.306149],[106.775646,-6.306016],[106.775629,-6.305866],[106.775066,-6.3052],[106.775013,-6.304992],[106.775082,-6.304837],[106.775624,-6.304283],[106.77571,-6.303995],[106.775624,-6.303792],[106.775141,-6.303312],[106.774433,-6.303195],[106.774203,-6.303366],[106.773623,-6.304528],[106.77336,-6.304715],[106.77314,-6.304715],[106.773006,-6.304613],[106.772996,-6.304368],[106.773532,-6.303424],[106.773564,-6.303222],[106.773436,-6.303019],[106.773248,-6.302929],[106.773006,-6.302923],[106.772448,-6.303008],[106.771714,-6.303216],[106.771467,-6.303128],[106.771005,-6.302494],[106.770946,-6.302366],[106.770962,-6.302025],[106.771156,-6.301699],[106.771585,-6.301513],[106.772931,-6.301481],[106.773205,-6.301358],[106.773135,-6.301086],[106.772385,-6.299996],[106.771555,-6.299551],[106.771375,-6.299152],[106.771169,-6.298902],[106.770904,-6.298307],[106.770859,-6.2981],[106.770891,-6.297586],[106.77083,-6.297428],[106.770699,-6.297364],[106.7704,-6.297681],[106.77018,-6.297757],[106.769843,-6.297602],[106.769774,-6.297345],[106.769836,-6.296631],[106.76992,-6.296384],[106.770203,-6.295965],[106.770222,-6.29568],[106.770023,-6.295583],[106.769771,-6.295556],[106.768743,-6.295965],[106.768015,-6.295893],[106.76761,-6.295689],[106.767258,-6.295342],[106.76716,-6.295098],[106.767233,-6.294803],[106.767583,-6.294461],[106.768288,-6.293451],[106.768229,-6.293178],[106.767577,-6.292449],[106.767589,-6.292315],[106.768155,-6.292029],[106.768383,-6.292],[106.768582,-6.29178],[106.769466,-6.292234],[106.769616,-6.291998],[106.76946,-6.291735],[106.769224,-6.290483],[106.768782,-6.289995],[106.768688,-6.290019],[106.76809,-6.290691],[106.76798,-6.290882],[106.767889,-6.291418],[106.767784,-6.291567],[106.76752,-6.291627],[106.767118,-6.291503],[106.766709,-6.290694],[106.766295,-6.29107],[106.765877,-6.291657],[106.765115,-6.294045],[106.765105,-6.294557],[106.765512,-6.295624],[106.765539,-6.295864],[106.765544,-6.296669],[106.765268,-6.297184],[106.763924,-6.29862],[106.761116,-6.301911],[106.759783,-6.303259],[106.757203,-6.306128]]]]},"properties":{"nama":"Cireundeu","kecamatan":"Ciputat Timur","kota":"Kota Tangerang Selatan","tipe_kawasan":"Permukiman","kualitas_udara":"sehat","atribut":{"sumber_batas":"OSM","kualitas_udara":"contoh","stasiun":0,"rth":2,"poi":1}}},{"type":"Feature","geometry":{"type":"MultiPolygon","coordinates":[[[[106.894837,-6.389069],[106.895408,-6.3891],[106.896951,-6.388998],[106.899483,-6.388428],[106.899954,-6.388223],[106.899994,-6.388099],[106.900767,-6.388044],[106.900912,-6.387922],[106.902146,-6.388077],[106.902134,-6.388261],[106.903148,-6.388418],[106.903666,-6.388585],[106.90405,-6.388834],[106.904184,-6.389058],[106.904142,-6.389138],[106.904177,-6.389401],[106.903981,-6.389634],[106.904354,-6.389899],[106.904138,-6.390574],[106.903891,-6.390888],[106.904063,-6.391088],[106.904515,-6.391411],[106.904574,-6.39156],[106.904368,-6.392125],[106.904075,-6.392285],[106.903855,-6.392647],[106.903334,-6.393018],[106.903028,-6.393407],[106.902924,-6.393688],[106.901716,-6.39418],[106.901571,-6.3944],[106.90135,-6.394528],[106.901008,-6.394609],[106.900667,-6.394328],[106.900169,-6.394677],[106.899628,-6.394924],[106.89948,-6.394928],[106.899352,-6.394753],[106.899271,-6.394424],[106.898723,-6.394389],[106.898501,-6.394451],[106.898463,-6.394609],[106.898602,-6.394887],[106.898554,-6.395609],[106.897991,-6.395793],[106.897844,-6.395877],[106.897734,-6.396039],[106.897874,-6.39676],[106.89807,-6.396751],[106.898211,-6.396866],[106.898211,-6.397223],[106.898154,-6.397279],[106.897675,-6.397367],[106.897006,-6.397013],[106.896281,-6.39716],[106.896342,-6.397651],[106.89629,-6.397892],[106.896052,-6.398212],[106.895646,-6.398523],[106.895402,-6.398564],[106.89518,-6.398728],[106.89487,-6.398809],[106.89446,-6.398793],[106.89417,-6.398899],[106.893053,-6.39973],[106.89296,-6.399976],[106.892408,-6.400401],[106.892175,-6.400333],[106.892067,-6.40042],[106.89213,-6.400772],[106.8921,-6.40097],[106.891973,-6.401148],[106.891988,-6.401521],[106.892033,-6.401845],[106.89215,-6.402006],[106.89186,-6.402938],[106.892033,-6.403176],[106.892074,-6.403431],[106.891822,-6.40374],[106.891673,-6.404229],[106.891565,-6.404218],[106.891439,-6.403994],[106.890692,-6.404077],[106.89066,-6.404405],[106.890448,-6.404508],[106.89013,-6.404373],[106.889803,-6.404137],[106.889316,-6.404481],[106.889056,-6.404522],[106.888745,-6.404379],[106.888619,-6.403898],[106.887374,-6.402662],[106.88699,-6.402448],[106.886411,-6.40231],[106.885851,-6.402249],[106.884511,-6.402286],[106.883671,-6.402539],[106.882881,-6.402965],[106.882216,-6.402846],[106.881694,-6.402641],[106.880786,-6.402453],[106.88024,-6.402273],[106.879939,-6.402109],[106.879446,-6.401707],[106.877785,-6.39977],[106.876228,-6.398315],[106.875938,-6.398101],[106.874853,-6.397612],[106.874575,-6.397365],[106.874414,-6.397075],[106.873816,-6.396328],[106.873496,-6.396051],[106.873354,-6.395486],[106.873433,-6.394893],[106.873581,-6.394453],[106.873833,-6.393975],[106.874291,-6.393424],[106.874474,-6.392977],[106.874492,-6.392576],[106.872994,-6.391342],[106.873007,-6.390596],[106.873244,-6.390168],[106.873785,-6.389613],[106.874053,-6.389238],[106.874291,-6.388708],[106.874246,-6.387948],[106.873852,-6.386718],[106.874455,-6.386718],[106.874679,-6.386364],[106.875011,-6.386145],[106.875463,-6.385478],[106.875943,-6.385535],[106.87679,-6.384923],[106.877267,-6.385236],[106.878185,-6.384952],[106.878722,-6.385157],[106.878992,-6.384879],[106.879324,-6.384312],[106.879699,-6.384125],[106.879973,-6.384083],[106.888445,-6.385704],[106.888933,-6.385834],[106.88964,-6.386127],[106.890748,-6.386802],[106.891543,-6.3872],[106.891735,-6.387371],[106.894837,-6.389069]]]]},"properties":{"nama":"Sukatani","kecamatan":"Tapos","kota":"Kota Depok","tipe_kawasan":"Kawasan hijau","kualitas_udara":"sehat","atribut":{"sumber_batas":"OSM","kualitas_udara":"contoh","stasiun":0,"rth":21,"poi":3}}},{"type":"Feature","geometry":{"type":"MultiPolygon","coordinates":[[[[106.874079,-6.3922],[106.874426,-6.392483],[106.874513,-6.392811],[106.874291,-6.393424],[106.873833,-6.393975],[106.873495,-6.394695],[106.873354,-6.395486],[106.873496,-6.396051],[106.873816,-6.396328],[106.87469,-6.397489],[106.875039,-6.397711],[106.875938,-6.398101],[106.877247,-6.399228],[106.879615,-6.401857],[106.88024,-6.402273],[106.882759,-6.402964],[106.883065,-6.402907],[106.883671,-6.402539],[106.884511,-6.402286],[106.885851,-6.402249],[106.886851,-6.4024],[106.887374,-6.402662],[106.888528,-6.403796],[106.888673,-6.403982],[106.888745,-6.404379],[106.888548,-6.404343],[106.888471,-6.40439],[106.888427,-6.404666],[106.888309,-6.404717],[106.888272,-6.404636],[106.887733,-6.404629],[106.887515,-6.404334],[106.887201,-6.404376],[106.886956,-6.404224],[106.886883,-6.404278],[106.886863,-6.404428],[106.886599,-6.404353],[106.886143,-6.40452],[106.88588,-6.404102],[106.884928,-6.404333],[106.88468,-6.40455],[106.884258,-6.404638],[106.883806,-6.404616],[106.883438,-6.404949],[106.883263,-6.404967],[106.883059,-6.405173],[106.882895,-6.405234],[106.883055,-6.405454],[106.882802,-6.405556],[106.882723,-6.405686],[106.882721,-6.405947],[106.882587,-6.40626],[106.882698,-6.406581],[106.882609,-6.406856],[106.88233,-6.406807],[106.882151,-6.407194],[106.881738,-6.407481],[106.881669,-6.407734],[106.881478,-6.407745],[106.881416,-6.407869],[106.881276,-6.407949],[106.881249,-6.408119],[106.881154,-6.408202],[106.881236,-6.408277],[106.881217,-6.408392],[106.881377,-6.408691],[106.881345,-6.408951],[106.881023,-6.409376],[106.880846,-6.410064],[106.880562,-6.41047],[106.880346,-6.410653],[106.880293,-6.410902],[106.880131,-6.411107],[106.880086,-6.411508],[106.880149,-6.411791],[106.879856,-6.41232],[106.879922,-6.412516],[106.879888,-6.412896],[106.87998,-6.413208],[106.880165,-6.413329],[106.880206,-6.413691],[106.879923,-6.413972],[106.879482,-6.414267],[106.879458,-6.414348],[106.879615,-6.414716],[106.879612,-6.415019],[106.879698,-6.415304],[106.87956,-6.415765],[106.879467,-6.415824],[106.879495,-6.415939],[106.879658,-6.416024],[106.879749,-6.41631],[106.878354,-6.416017],[106.878474,-6.415821],[106.878562,-6.415448],[106.878623,-6.414472],[106.878477,-6.414337],[106.878652,-6.413875],[106.878043,-6.413584],[106.877988,-6.41348],[106.877723,-6.413334],[106.877026,-6.413043],[106.876473,-6.413006],[106.875942,-6.412787],[106.8756,-6.413619],[106.87557,-6.413829],[106.875657,-6.41478],[106.875618,-6.415035],[106.875245,-6.415837],[106.875027,-6.41572],[106.874438,-6.415423],[106.873897,-6.41524],[106.873801,-6.415042],[106.872159,-6.414246],[106.871584,-6.413799],[106.870991,-6.413642],[106.870667,-6.413631],[106.87043,-6.414163],[106.870262,-6.414922],[106.869585,-6.416659],[106.869044,-6.417109],[106.868655,-6.417179],[106.867009,-6.417144],[106.865728,-6.417383],[106.865638,-6.417441],[106.865355,-6.418073],[106.863804,-6.417467],[106.863692,-6.41742],[106.864284,-6.415773],[106.863721,-6.414888],[106.863269,-6.414352],[106.864372,-6.411856],[106.864504,-6.411424],[106.862816,-6.410562],[106.861571,-6.410098],[106.861909,-6.408737],[106.862172,-6.406432],[106.862129,-6.406043],[106.861698,-6.404618],[106.861469,-6.401851],[106.861641,-6.401455],[106.863064,-6.399266],[106.863401,-6.398857],[106.863741,-6.398575],[106.864779,-6.39802],[106.865009,-6.398165],[106.867369,-6.398873],[106.868147,-6.398281],[106.868254,-6.398079],[106.868302,-6.397749],[106.869387,-6.394237],[106.869265,-6.393986],[106.869912,-6.392183],[106.87088,-6.392596],[106.871553,-6.393014],[106.872216,-6.391635],[106.872768,-6.391499],[106.872984,-6.391277],[106.873169,-6.391505],[106.874079,-6.3922]]]]},"properties":{"nama":"Sukamaju Baru","kecamatan":"Tapos","kota":"Kota Depok","tipe_kawasan":"Pusat aktivitas","kualitas_udara":"kurang_sehat","atribut":{"sumber_batas":"OSM","kualitas_udara":"contoh","stasiun":0,"rth":1,"poi":9}}},{"type":"Feature","geometry":{"type":"MultiPolygon","coordinates":[[[[106.861624,-6.410119],[106.862816,-6.410562],[106.864504,-6.411424],[106.864372,-6.411856],[106.863269,-6.414352],[106.863721,-6.414888],[106.864284,-6.415773],[106.863692,-6.41742],[106.865355,-6.418073],[106.865638,-6.417441],[106.865728,-6.417383],[106.867009,-6.417144],[106.868655,-6.417179],[106.869044,-6.417109],[106.86936,-6.416898],[106.869585,-6.416659],[106.870262,-6.414922],[106.87043,-6.414163],[106.870667,-6.413631],[106.870991,-6.413642],[106.871584,-6.413799],[106.872159,-6.414246],[106.873801,-6.415042],[106.873897,-6.41524],[106.874804,-6.415586],[106.875211,-6.415853],[106.875424,-6.415528],[106.875618,-6.415035],[106.875657,-6.41478],[106.87557,-6.413829],[106.8756,-6.413619],[106.875942,-6.412787],[106.876473,-6.413006],[106.877026,-6.413043],[106.877723,-6.413334],[106.877988,-6.41348],[106.878043,-6.413584],[106.878652,-6.413875],[106.878477,-6.414337],[106.878623,-6.414472],[106.878562,-6.415448],[106.878474,-6.415821],[106.878354,-6.416017],[106.879749,-6.41631],[106.879807,-6.416658],[106.879503,-6.41701],[106.879479,-6.417238],[106.879309,-6.417561],[106.879529,-6.417981],[106.879458,-6.418201],[106.8791,-6.418488],[106.878817,-6.418616],[106.878597,-6.418638],[106.878128,-6.418365],[106.877438,-6.418235],[106.87719,-6.418088],[106.87684,-6.418449],[106.876772,-6.418577],[106.876805,-6.41866],[106.875835,-6.419041],[106.875637,-6.419217],[106.875504,-6.419551],[106.875237,-6.419766],[106.874847,-6.419582],[106.87461,-6.419573],[106.874386,-6.419275],[106.874286,-6.419495],[106.874034,-6.419768],[106.873536,-6.420114],[106.873482,-6.420251],[106.873553,-6.420511],[106.873536,-6.42082],[106.873295,-6.421376],[106.873337,-6.421497],[106.87471,-6.421725],[106.874449,-6.422157],[106.87459,-6.422286],[106.874525,-6.422365],[106.874511,-6.422565],[106.873996,-6.423371],[106.873131,-6.42446],[106.873054,-6.424795],[106.873081,-6.425261],[106.872944,-6.425584],[106.872599,-6.425446],[106.872497,-6.425124],[106.872544,-6.424911],[106.872285,-6.424739],[106.871863,-6.424919],[106.871788,-6.425011],[106.871694,-6.425555],[106.871457,-6.425797],[106.871151,-6.426557],[106.870688,-6.426357],[106.870465,-6.426006],[106.869869,-6.425598],[106.869466,-6.425513],[106.86882,-6.425184],[106.86826,-6.425081],[106.867984,-6.424907],[106.867756,-6.425029],[106.867228,-6.424838],[106.867152,-6.425455],[106.86716,-6.425775],[106.867221,-6.425777],[106.866291,-6.426794],[106.866006,-6.427327],[106.865834,-6.427217],[106.865749,-6.427265],[106.865994,-6.427507],[106.865765,-6.427794],[106.865667,-6.428183],[106.865366,-6.428622],[106.865362,-6.428788],[106.865498,-6.428979],[106.865487,-6.429064],[106.865288,-6.429351],[106.864695,-6.430585],[106.863822,-6.430131],[106.862516,-6.430512],[106.861931,-6.429794],[106.861767,-6.429839],[106.861267,-6.429218],[106.86006,-6.428497],[106.859191,-6.428942],[106.858691,-6.428945],[106.858275,-6.428741],[106.857681,-6.428095],[106.856985,-6.427774],[106.856466,-6.427655],[106.856846,-6.424431],[106.857028,-6.421804],[106.85792,-6.419632],[106.858487,-6.41782],[106.859074,-6.415629],[106.860356,-6.412723],[106.861218,-6.411197],[106.861571,-6.410098],[106.861624,-6.410119]]]]},"properties":{"nama":"Jatijajar","kecamatan":"Tapos","kota":"Kota Depok","tipe_kawasan":"Pusat aktivitas","kualitas_udara":"sehat","atribut":{"sumber_batas":"OSM","kualitas_udara":"contoh","stasiun":0,"rth":4,"poi":23}}},{"type":"Feature","geometry":{"type":"MultiPolygon","coordinates":[[[[106.86372,-6.446698],[106.863221,-6.446625],[106.86304,-6.44653],[106.862256,-6.445386],[106.861848,-6.445581],[106.86174,-6.445712],[106.861549,-6.446391],[106.86158,-6.447388],[106.86206,-6.448288],[106.861944,-6.448657],[106.861396,-6.449484],[106.861734,-6.449715],[106.861678,-6.450154],[106.861949,-6.450344],[106.861855,-6.450559],[106.861917,-6.450713],[106.861808,-6.45107],[106.861561,-6.451262],[106.861319,-6.451985],[106.861158,-6.452769],[106.860481,-6.452626],[106.860378,-6.452852],[106.859484,-6.45332],[106.859402,-6.45355],[106.859181,-6.453761],[106.859081,-6.45395],[106.858781,-6.454833],[106.858114,-6.455693],[106.85757,-6.455492],[106.857414,-6.4557],[106.857022,-6.455669],[106.856685,-6.455763],[106.855967,-6.455709],[106.855975,-6.455538],[106.855458,-6.45555],[106.854636,-6.453282],[106.853709,-6.451079],[106.85329,-6.448929],[106.853468,-6.446035],[106.853507,-6.443639],[106.853306,-6.441379],[106.853003,-6.440142],[106.852351,-6.438797],[106.852223,-6.437938],[106.852423,-6.436826],[106.852927,-6.436138],[106.852746,-6.4361],[106.854907,-6.434049],[106.855238,-6.433556],[106.855828,-6.430539],[106.855978,-6.430134],[106.856407,-6.429612],[106.85675,-6.428919],[106.856793,-6.42861],[106.85674,-6.427911],[106.856628,-6.427689],[106.856985,-6.427774],[106.857681,-6.428095],[106.858275,-6.428741],[106.858691,-6.428945],[106.859191,-6.428942],[106.86006,-6.428497],[106.861267,-6.429218],[106.861767,-6.429839],[106.861931,-6.429794],[106.862516,-6.430512],[106.863822,-6.430131],[106.864695,-6.430585],[106.865288,-6.429351],[106.865487,-6.429064],[106.865498,-6.428979],[106.865362,-6.428788],[106.865366,-6.428622],[106.865667,-6.428183],[106.865765,-6.427794],[106.865994,-6.427507],[106.865749,-6.427265],[106.865834,-6.427217],[106.866006,-6.427327],[106.866291,-6.426794],[106.867221,-6.425777],[106.86716,-6.425775],[106.867152,-6.425455],[106.867228,-6.424838],[106.867756,-6.425029],[106.867984,-6.424907],[106.86826,-6.425081],[106.86882,-6.425184],[106.869466,-6.425513],[106.869869,-6.425598],[106.870465,-6.426006],[106.870688,-6.426357],[106.871151,-6.426557],[106.871457,-6.425797],[106.871694,-6.425555],[106.871788,-6.425011],[106.871863,-6.424919],[106.872285,-6.424739],[106.872544,-6.424911],[106.872497,-6.425124],[106.872599,-6.425446],[106.872944,-6.425584],[106.873081,-6.425261],[106.873054,-6.424795],[106.873131,-6.42446],[106.873996,-6.423371],[106.874511,-6.422565],[106.874525,-6.422365],[106.87459,-6.422286],[106.874449,-6.422157],[106.87471,-6.421725],[106.873337,-6.421497],[106.873295,-6.421376],[106.873536,-6.42082],[106.873553,-6.420511],[106.873482,-6.420251],[106.873536,-6.420114],[106.874034,-6.419768],[106.874286,-6.419495],[106.874386,-6.419275],[106.87461,-6.419573],[106.874847,-6.419582],[106.875237,-6.419766],[106.875504,-6.419551],[106.875637,-6.419217],[106.875835,-6.419041],[106.876805,-6.41866],[106.876772,-6.418577],[106.87684,-6.418449],[106.87719,-6.418088],[106.877438,-6.418235],[106.878128,-6.418365],[106.878597,-6.418638],[106.878817,-6.418616],[106.8791,-6.418488],[106.879458,-6.418201],[106.879529,-6.417981],[106.879309,-6.417561],[106.879479,-6.417238],[106.879503,-6.41701],[106.879709,-6.416819],[106.879807,-6.416658],[106.879817,-6.416505],[106.879658,-6.416024],[106.879495,-6.415939],[106.879467,-6.415824],[106.87956,-6.415765],[106.879698,-6.415304],[106.879612,-6.415019],[106.879615,-6.414716],[106.879458,-6.414348],[106.879482,-6.414267],[106.879923,-6.413972],[106.880206,-6.413691],[106.880165,-6.413329],[106.87998,-6.413208],[106.879888,-6.412896],[106.879922,-6.412516],[106.879856,-6.41232],[106.880149,-6.411791],[106.880086,-6.411508],[106.880131,-6.411107],[106.880293,-6.410902],[106.880346,-6.410653],[106.880562,-6.41047],[106.880846,-6.410064],[106.881023,-6.409376],[106.881345,-6.408951],[106.881377,-6.408691],[106.881217,-6.408392],[106.881236,-6.408277],[106.881154,-6.408202],[106.881249,-6.408119],[106.881276,-6.407949],[106.881416,-6.407869],[106.881478,-6.407745],[106.881669,-6.407734],[106.881738,-6.407481],[106.882151,-6.407194],[106.88233,-6.406807],[106.882609,-6.406856],[106.882698,-6.406581],[106.882587,-6.40626],[106.882721,-6.405947],[106.882723,-6.405686],[106.882802,-6.405556],[106.883055,-6.405454],[106.882895,-6.405234],[106.883059,-6.405173],[106.883263,-6.404967],[106.883438,-6.404949],[106.883806,-6.404616],[106.884258,-6.404638],[106.88468,-6.40455],[106.884928,-6.404333],[106.88588,-6.404102],[106.886143,-6.40452],[106.886599,-6.404353],[106.886863,-6.404428],[106.886883,-6.404278],[106.886956,-6.404224],[106.887201,-6.404376],[106.887515,-6.404334],[106.887733,-6.404629],[106.888272,-6.404636],[106.888309,-6.404717],[106.888238,-6.404861],[106.887935,-6.404845],[106.887543,-6.405586],[106.88746,-6.405679],[106.887234,-6.405747],[106.887432,-6.4061],[106.887656,-6.406039],[106.88795,-6.406781],[106.887938,-6.407102],[106.88761,-6.407991],[106.887248,-6.408739],[106.886531,-6.409161],[106.886273,-6.409397],[106.886145,-6.409607],[106.886123,-6.409938],[106.886418,-6.410929],[106.886254,-6.411559],[106.886006,-6.412171],[106.885429,-6.412668],[106.885176,-6.413032],[106.884602,-6.413309],[106.884203,-6.413756],[106.883607,-6.414171],[106.883205,-6.415336],[106.882966,-6.415554],[106.882773,-6.415552],[106.88221,-6.415853],[106.881987,-6.41637],[106.881874,-6.416445],[106.882022,-6.41661],[106.88207,-6.416842],[106.882178,-6.417007],[106.882534,-6.41726],[106.882593,-6.417455],[106.882524,-6.4177],[106.882089,-6.418025],[106.881912,-6.4184],[106.882231,-6.418937],[106.882668,-6.419078],[106.882701,-6.419318],[106.882896,-6.41976],[106.882658,-6.419846],[106.88233,-6.419867],[106.881907,-6.420392],[106.882132,-6.420377],[106.881991,-6.420897],[106.881703,-6.421239],[106.881461,-6.421858],[106.881142,-6.422077],[106.880018,-6.422623],[106.879805,-6.422519],[106.879356,-6.422436],[106.879139,-6.422807],[106.879286,-6.423258],[106.879117,-6.423489],[106.879211,-6.42379],[106.878996,-6.42407],[106.878841,-6.424146],[106.878719,-6.424126],[106.878692,-6.423883],[106.878498,-6.42387],[106.878164,-6.424016],[106.877741,-6.424372],[106.877776,-6.424454],[106.877989,-6.424524],[106.878,-6.424659],[106.877811,-6.424991],[106.877077,-6.42556],[106.876981,-6.425967],[106.877262,-6.426028],[106.877156,-6.426872],[106.876953,-6.427338],[106.877013,-6.427698],[106.877092,-6.427807],[106.877099,-6.427905],[106.876949,-6.427957],[106.877071,-6.42847],[106.877089,-6.428889],[106.876859,-6.429012],[106.876616,-6.42936],[106.876616,-6.429524],[106.876549,-6.429598],[106.876283,-6.429754],[106.876231,-6.430246],[106.876011,-6.430378],[106.875968,-6.430505],[106.875995,-6.430895],[106.876088,-6.431051],[106.876039,-6.431421],[106.87594,-6.431697],[106.875646,-6.432164],[106.875491,-6.432785],[106.875224,-6.433021],[106.875111,-6.43337],[106.874954,-6.433588],[106.874622,-6.433631],[106.874352,-6.433508],[106.873983,-6.433556],[106.873792,-6.433666],[106.873511,-6.433722],[106.873117,-6.433952],[106.873002,-6.434395],[106.872763,-6.4349],[106.872555,-6.435006],[106.872397,-6.435002],[106.87229,-6.435069],[106.872062,-6.434893],[106.871564,-6.434813],[106.871506,-6.435333],[106.871535,-6.435703],[106.871382,-6.436294],[106.871489,-6.436382],[106.871512,-6.436639],[106.870924,-6.436695],[106.870584,-6.436832],[106.870373,-6.436753],[106.869897,-6.437324],[106.869795,-6.437324],[106.869692,-6.437509],[106.869418,-6.437648],[106.869354,-6.437621],[106.869149,-6.43771],[106.869033,-6.437628],[106.868885,-6.43775],[106.86873,-6.437762],[106.868359,-6.437601],[106.868348,-6.437794],[106.86821,-6.437814],[106.868167,-6.438045],[106.868029,-6.438011],[106.867696,-6.438126],[106.867684,-6.438233],[106.86735,-6.43841],[106.867319,-6.438492],[106.867395,-6.438632],[106.867102,-6.439031],[106.866866,-6.439612],[106.867424,-6.439942],[106.86721,-6.440367],[106.867268,-6.44045],[106.867082,-6.440725],[106.86725,-6.440837],[106.867177,-6.440922],[106.867195,-6.441075],[106.867039,-6.441136],[106.866897,-6.441526],[106.866508,-6.442061],[106.866281,-6.442217],[106.865741,-6.442323],[106.865408,-6.443122],[106.865465,-6.444193],[106.865132,-6.444236],[106.8649,-6.444356],[106.86479,-6.444537],[106.864373,-6.444755],[106.863854,-6.445666],[106.863805,-6.446372],[106.86372,-6.446698]]]]},"properties":{"nama":"Cilangkap","kecamatan":"Tapos","kota":"Kota Depok","tipe_kawasan":"Permukiman","kualitas_udara":"sehat","atribut":{"sumber_batas":"OSM","kualitas_udara":"contoh","stasiun":0,"rth":2,"poi":5}}},{"type":"Feature","geometry":{"type":"MultiPolygon","coordinates":[[[[106.893942,-6.424824],[106.892983,-6.423465],[106.892926,-6.423162],[106.892959,-6.422911],[106.8927,-6.422039],[106.893646,-6.420809],[106.894644,-6.419674],[106.89596,-6.418548],[106.896803,-6.417533],[106.897032,-6.417138],[106.897233,-6.416553],[106.897212,-6.416133],[106.897277,-6.415406],[106.89734,-6.415296],[106.898221,-6.414892],[106.898653,-6.414805],[106.899304,-6.414078],[106.899776,-6.413765],[106.900775,-6.413428],[106.901047,-6.412937],[106.901031,-6.412817],[106.900693,-6.412752],[106.900457,-6.412604],[106.900344,-6.412229],[106.900626,-6.41147],[106.900504,-6.411301],[106.900682,-6.41109],[106.900784,-6.41073],[106.900743,-6.41026],[106.900413,-6.40992],[106.900124,-6.409886],[106.89995,-6.409719],[106.899934,-6.409615],[106.900105,-6.409361],[106.900272,-6.40934],[106.900358,-6.409015],[106.900346,-6.408656],[106.900213,-6.408287],[106.900406,-6.408246],[106.9006,-6.407184],[106.900376,-6.406351],[106.900519,-6.406075],[106.90051,-6.405828],[106.900803,-6.405634],[106.900848,-6.405494],[106.900722,-6.405441],[106.900646,-6.405298],[106.900312,-6.405257],[106.900218,-6.405091],[106.900175,-6.404957],[106.900222,-6.404853],[106.900465,-6.40466],[106.900438,-6.404446],[106.90069,-6.404282],[106.900744,-6.404161],[106.900633,-6.403842],[106.900669,-6.403688],[106.900427,-6.403417],[106.90037,-6.403192],[106.899809,-6.403209],[106.899522,-6.401829],[106.899723,-6.40149],[106.899987,-6.400505],[106.900116,-6.400335],[106.900197,-6.399836],[106.900162,-6.399186],[106.899977,-6.398605],[106.899376,-6.398496],[106.899153,-6.397813],[106.898839,-6.397405],[106.8984,-6.397467],[106.898211,-6.397223],[106.897675,-6.397367],[106.897006,-6.397013],[106.896281,-6.39716],[106.896342,-6.397651],[106.89629,-6.397892],[106.896052,-6.398212],[106.895646,-6.398523],[106.895402,-6.398564],[106.89518,-6.398728],[106.89487,-6.398809],[106.89446,-6.398793],[106.89417,-6.398899],[106.893053,-6.39973],[106.89296,-6.399976],[106.892408,-6.400401],[106.892175,-6.400333],[106.892067,-6.40042],[106.89213,-6.400772],[106.8921,-6.40097],[106.891973,-6.401148],[106.891988,-6.401521],[106.892033,-6.401845],[106.89215,-6.402006],[106.89186,-6.402938],[106.892033,-6.403176],[106.892074,-6.403431],[106.891822,-6.40374],[106.891673,-6.404229],[106.891565,-6.404218],[106.891439,-6.403994],[106.890692,-6.404077],[106.89066,-6.404405],[106.890448,-6.404508],[106.89013,-6.404373],[106.889803,-6.404137],[106.889316,-6.404481],[106.889056,-6.404522],[106.888836,-6.404393],[106.888548,-6.404343],[106.888471,-6.40439],[106.888427,-6.404666],[106.888309,-6.404717],[106.888238,-6.404861],[106.887935,-6.404845],[106.887543,-6.405586],[106.88746,-6.405679],[106.887234,-6.405747],[106.887432,-6.4061],[106.887656,-6.406039],[106.88795,-6.406781],[106.887938,-6.407102],[106.88761,-6.407991],[106.887248,-6.408739],[106.886531,-6.409161],[106.886273,-6.409397],[106.886145,-6.409607],[106.886123,-6.409938],[106.886418,-6.410929],[106.886254,-6.411559],[106.886006,-6.412171],[106.885429,-6.412668],[106.885176,-6.413032],[106.884602,-6.413309],[106.884203,-6.413756],[106.883607,-6.414171],[106.883205,-6.415336],[106.882966,-6.415554],[106.882773,-6.415552],[106.882328,-6.415802],[106.88221,-6.415853],[106.881987,-6.41637],[106.881874,-6.416445],[106.882022,-6.41661],[106.88207,-6.416842],[106.882178,-6.417007],[106.882534,-6.41726],[106.882588,-6.41756],[106.882524,-6.4177],[106.882089,-6.418025],[106.881912,-6.4184],[106.882231,-6.418937],[106.882668,-6.419078],[106.882701,-6.419318],[106.882896,-6.41976],[106.882658,-6.419846],[106.88233,-6.419867],[106.881907,-6.420392],[106.882132,-6.420377],[106.881991,-6.420897],[106.881703,-6.421239],[106.881461,-6.421858],[106.881142,-6.422077],[106.880018,-6.422623],[106.879805,-6.422519],[106.879356,-6.422436],[106.879139,-6.422807],[106.879286,-6.423258],[106.879117,-6.423489],[106.879211,-6.42379],[106.878996,-6.42407],[106.878841,-6.424146],[106.878719,-6.424126],[106.878692,-6.423883],[106.878498,-6.42387],[106.878164,-6.424016],[106.877741,-6.424372],[106.877776,-6.424454],[106.877989,-6.424524],[106.878,-6.424659],[106.877811,-6.424991],[106.877077,-6.42556],[106.876981,-6.425967],[106.877262,-6.426028],[106.877156,-6.426872],[106.876953,-6.427338],[106.877013,-6.427698],[106.877092,-6.427807],[106.877099,-6.427905],[106.876949,-6.427957],[106.877071,-6.42847],[106.877089,-6.428889],[106.876859,-6.429012],[106.876616,-6.42936],[106.876616,-6.429524],[106.876436,-6.4297],[106.876666,-6.42983],[106.877884,-6.430221],[106.878617,-6.430303],[106.879838,-6.430716],[106.880254,-6.430802],[106.880434,-6.43068],[106.881699,-6.431225],[106.882224,-6.431585],[106.881911,-6.432413],[106.88169,-6.432736],[106.88172,-6.433063],[106.881415,-6.433468],[106.881382,-6.433861],[106.881209,-6.434323],[106.880896,-6.434455],[106.880712,-6.434638],[106.880309,-6.434451],[106.880111,-6.434495],[106.879796,-6.435165],[106.879619,-6.435906],[106.879471,-6.436194],[106.879754,-6.436335],[106.880332,-6.436492],[106.88072,-6.436527],[106.880932,-6.436623],[106.881189,-6.436504],[106.881422,-6.436869],[106.881585,-6.437286],[106.881903,-6.437131],[106.882272,-6.437523],[106.883429,-6.438049],[106.883846,-6.438332],[106.885324,-6.439115],[106.885812,-6.439084],[106.885927,-6.439127],[106.885877,-6.438087],[106.885961,-6.437506],[106.886077,-6.437219],[106.886398,-6.437097],[106.887092,-6.437443],[106.887428,-6.437438],[106.887586,-6.43729],[106.887844,-6.436329],[106.887989,-6.436186],[106.888497,-6.436028],[106.888515,-6.435852],[106.888454,-6.435722],[106.887904,-6.43524],[106.887956,-6.43498],[106.88808,-6.434792],[106.888411,-6.434612],[106.889492,-6.434322],[106.889827,-6.434362],[106.89058,-6.434662],[106.89096,-6.434687],[106.891261,-6.434592],[106.891675,-6.434019],[106.891815,-6.433741],[106.891803,-6.433405],[106.891483,-6.432849],[106.89118,-6.432513],[106.890806,-6.432352],[106.890375,-6.432569],[106.89024,-6.432536],[106.890175,-6.432417],[106.890406,-6.431498],[106.890737,-6.430806],[106.891415,-6.430351],[106.892153,-6.429625],[106.892743,-6.4284],[106.892819,-6.428105],[106.892786,-6.427979],[106.892669,-6.427903],[106.892219,-6.427955],[106.891965,-6.427912],[106.891829,-6.427819],[106.891798,-6.427565],[106.892055,-6.427132],[106.892774,-6.42647],[106.893554,-6.426789],[106.894625,-6.427974],[106.894999,-6.428055],[106.895218,-6.427917],[106.895279,-6.427639],[106.895172,-6.426975],[106.894347,-6.42535],[106.894388,-6.425022],[106.893942,-6.424824]]]]},"properties":{"nama":"Tapos","kecamatan":"Tapos","kota":"Kota Depok","tipe_kawasan":"Kawasan hijau","kualitas_udara":"sehat","atribut":{"sumber_batas":"OSM","kualitas_udara":"contoh","stasiun":0,"rth":4,"poi":0}}},{"type":"Feature","geometry":{"type":"MultiPolygon","coordinates":[[[[106.894388,-6.425022],[106.894492,-6.424966],[106.894913,-6.424997],[106.895678,-6.425262],[106.896664,-6.426053],[106.896989,-6.426208],[106.897164,-6.426197],[106.897587,-6.425827],[106.897785,-6.425776],[106.898439,-6.425991],[106.898763,-6.426187],[106.898911,-6.42621],[106.899083,-6.426105],[106.899298,-6.425534],[106.899304,-6.4247],[106.898893,-6.423809],[106.898898,-6.423626],[106.899036,-6.423519],[106.899585,-6.423619],[106.899754,-6.423585],[106.899878,-6.423388],[106.899968,-6.423002],[106.899878,-6.422788],[106.899735,-6.422698],[106.899117,-6.422655],[106.898943,-6.422574],[106.898974,-6.422322],[106.899312,-6.421815],[106.89944,-6.421489],[106.899417,-6.421285],[106.89901,-6.420502],[106.89891,-6.420014],[106.898967,-6.419735],[106.899245,-6.419555],[106.899424,-6.419536],[106.8996,-6.419619],[106.899797,-6.419871],[106.899726,-6.420445],[106.899919,-6.420668],[106.900137,-6.420692],[106.900328,-6.420547],[106.900393,-6.420404],[106.900408,-6.419973],[106.900322,-6.419384],[106.900354,-6.419185],[106.900524,-6.419003],[106.900795,-6.418828],[106.901467,-6.418584],[106.902243,-6.418424],[106.903254,-6.417974],[106.903335,-6.418067],[106.903457,-6.419167],[106.903596,-6.419292],[106.903683,-6.419292],[106.904099,-6.419021],[106.905427,-6.417342],[106.905777,-6.416681],[106.906055,-6.415751],[106.906048,-6.414834],[106.905981,-6.414652],[106.905148,-6.413385],[106.905152,-6.412862],[106.90535,-6.412662],[106.905605,-6.412704],[106.906152,-6.412972],[106.906441,-6.41322],[106.907396,-6.414944],[106.9076,-6.415104],[106.907975,-6.415171],[106.908182,-6.414995],[106.908321,-6.414474],[106.90848,-6.412756],[106.908411,-6.411705],[106.908485,-6.411591],[106.90876,-6.411571],[106.908999,-6.411761],[106.909275,-6.412605],[106.909367,-6.412705],[106.910175,-6.412846],[106.910523,-6.412999],[106.910656,-6.413142],[106.910647,-6.413221],[106.910431,-6.413489],[106.910617,-6.413566],[106.911503,-6.413518],[106.912149,-6.41332],[106.912402,-6.413051],[106.912653,-6.412208],[106.912914,-6.411944],[106.913793,-6.412481],[106.914485,-6.4128],[106.914541,-6.412895],[106.914443,-6.413208],[106.913971,-6.41412],[106.913893,-6.414688],[106.913941,-6.414847],[106.914172,-6.415007],[106.914382,-6.415046],[106.914674,-6.414962],[106.914806,-6.414271],[106.915021,-6.413753],[106.915529,-6.412957],[106.915652,-6.412646],[106.915813,-6.411419],[106.915954,-6.410811],[106.916736,-6.410216],[106.917075,-6.409583],[106.917217,-6.409078],[106.917232,-6.408843],[106.917094,-6.408641],[106.915862,-6.408275],[106.9158,-6.408069],[106.916025,-6.407431],[106.916012,-6.407284],[106.91524,-6.406897],[106.915063,-6.40661],[106.915116,-6.406513],[106.915322,-6.406403],[106.916325,-6.406481],[106.916537,-6.406432],[106.916805,-6.406299],[106.916957,-6.406132],[106.91722,-6.4056],[106.917202,-6.405422],[106.917011,-6.405204],[106.916025,-6.405094],[106.915837,-6.40493],[106.915819,-6.404829],[106.915992,-6.404612],[106.916928,-6.403956],[106.917074,-6.403703],[106.916058,-6.40222],[106.915936,-6.401631],[106.915948,-6.401272],[106.91614,-6.400786],[106.916426,-6.400623],[106.918002,-6.400706],[106.918166,-6.400574],[106.918131,-6.400297],[106.917668,-6.399903],[106.917485,-6.39988],[106.91652,-6.40012],[106.916143,-6.399972],[106.916097,-6.399754],[106.916459,-6.399215],[106.916895,-6.398761],[106.91723,-6.398546],[106.918153,-6.398351],[106.918269,-6.398232],[106.918338,-6.398102],[106.918262,-6.397828],[106.917641,-6.397492],[106.917742,-6.397281],[106.91814,-6.396903],[106.918614,-6.396012],[106.918383,-6.395683],[106.918216,-6.395612],[106.917454,-6.395537],[106.916915,-6.395316],[106.916716,-6.395619],[106.91662,-6.395627],[106.915804,-6.395292],[106.915514,-6.395275],[106.915401,-6.395366],[106.914614,-6.395144],[106.913897,-6.39615],[106.91368,-6.396158],[106.913474,-6.396352],[106.912275,-6.396035],[106.912196,-6.396384],[106.911347,-6.396177],[106.91128,-6.396382],[106.910561,-6.396254],[106.91048,-6.39655],[106.910531,-6.396776],[106.910021,-6.396776],[106.910059,-6.397059],[106.909686,-6.397251],[106.909353,-6.397297],[106.909311,-6.396971],[106.908624,-6.396704],[106.908705,-6.396267],[106.907986,-6.39607],[106.907626,-6.396982],[106.906961,-6.396763],[106.906922,-6.396854],[106.905627,-6.396374],[106.905389,-6.397288],[106.905093,-6.397156],[106.905025,-6.397316],[106.904676,-6.397135],[106.904554,-6.397439],[106.90393,-6.397245],[106.903966,-6.397567],[106.903359,-6.397347],[106.903181,-6.398116],[106.902809,-6.39804],[106.902746,-6.398192],[106.902615,-6.398177],[106.902342,-6.397993],[106.901988,-6.398301],[106.901546,-6.398325],[106.900796,-6.397997],[106.900748,-6.398164],[106.900478,-6.398461],[106.900112,-6.398366],[106.900077,-6.398546],[106.899977,-6.398605],[106.900162,-6.399186],[106.900197,-6.399836],[106.900116,-6.400335],[106.899987,-6.400505],[106.899723,-6.40149],[106.899522,-6.401829],[106.899809,-6.403209],[106.90037,-6.403192],[106.900427,-6.403417],[106.900669,-6.403688],[106.900633,-6.403842],[106.900744,-6.404161],[106.90069,-6.404282],[106.900438,-6.404446],[106.900465,-6.40466],[106.900222,-6.404853],[106.900175,-6.404957],[106.900218,-6.405091],[106.900312,-6.405257],[106.900646,-6.405298],[106.900722,-6.405441],[106.900848,-6.405494],[106.900803,-6.405634],[106.90051,-6.405828],[106.900519,-6.406075],[106.900376,-6.406351],[106.9006,-6.407184],[106.900406,-6.408246],[106.900213,-6.408287],[106.900346,-6.408656],[106.900358,-6.409015],[106.900272,-6.40934],[106.900105,-6.409361],[106.899934,-6.409615],[106.89995,-6.409719],[106.900124,-6.409886],[106.900413,-6.40992],[106.900743,-6.41026],[106.900784,-6.41073],[106.900682,-6.41109],[106.900504,-6.411301],[106.900626,-6.41147],[106.900344,-6.412229],[106.900457,-6.412604],[106.900693,-6.412752],[106.901031,-6.412817],[106.901047,-6.412937],[106.900775,-6.413428],[106.899776,-6.413765],[106.899304,-6.414078],[106.898653,-6.414805],[106.898221,-6.414892],[106.89734,-6.415296],[106.897277,-6.415406],[106.897212,-6.416133],[106.897233,-6.416553],[106.897032,-6.417138],[106.896803,-6.417533],[106.89596,-6.418548],[106.894644,-6.419674],[106.893646,-6.420809],[106.8927,-6.422039],[106.892959,-6.422911],[106.892946,-6.423342],[106.893058,-6.423633],[106.893942,-6.424824],[106.894388,-6.425022]]]]},"properties":{"nama":"Leuwinanggung","kecamatan":"Tapos","kota":"Kota Depok","tipe_kawasan":"Permukiman","kualitas_udara":"sehat","atribut":{"sumber_batas":"OSM","kualitas_udara":"contoh","stasiun":0,"rth":0,"poi":0}}},{"type":"Feature","geometry":{"type":"MultiPolygon","coordinates":[[[[106.86372,-6.446698],[106.863221,-6.446625],[106.86304,-6.44653],[106.862256,-6.445386],[106.861848,-6.445581],[106.86174,-6.445712],[106.861549,-6.446391],[106.86158,-6.447388],[106.86206,-6.448288],[106.861944,-6.448657],[106.861396,-6.449484],[106.861734,-6.449715],[106.861678,-6.450154],[106.861949,-6.450344],[106.861855,-6.450559],[106.861917,-6.450713],[106.861808,-6.45107],[106.861561,-6.451262],[106.861319,-6.451985],[106.861158,-6.452769],[106.860481,-6.452626],[106.860378,-6.452852],[106.859484,-6.45332],[106.859402,-6.45355],[106.859181,-6.453761],[106.859081,-6.45395],[106.858781,-6.454833],[106.858114,-6.455693],[106.858754,-6.455941],[106.859138,-6.455062],[106.859513,-6.455329],[106.859357,-6.455555],[106.8599,-6.455883],[106.860152,-6.455911],[106.860187,-6.455975],[106.860675,-6.456168],[106.860962,-6.455511],[106.861173,-6.455751],[106.86108,-6.456042],[106.861227,-6.456255],[106.862327,-6.456183],[106.863028,-6.455783],[106.863255,-6.456004],[106.864425,-6.4565],[106.864589,-6.456299],[106.865018,-6.456609],[106.865111,-6.456308],[106.865306,-6.456529],[106.865616,-6.457094],[106.866136,-6.456618],[106.866526,-6.456746],[106.867167,-6.456803],[106.869158,-6.456529],[106.870656,-6.456195],[106.87087,-6.456202],[106.871077,-6.456294],[106.871561,-6.455856],[106.872032,-6.455826],[106.872396,-6.456069],[106.872725,-6.456642],[106.873297,-6.457004],[106.873506,-6.45708],[106.873838,-6.45703],[106.874029,-6.457074],[106.875151,-6.457804],[106.876151,-6.458312],[106.878252,-6.45732],[106.878762,-6.457299],[106.878898,-6.457403],[106.878909,-6.457542],[106.878587,-6.458056],[106.878516,-6.458298],[106.878555,-6.458602],[106.878694,-6.458595],[106.879941,-6.458056],[106.880152,-6.457922],[106.880323,-6.457705],[106.880382,-6.457225],[106.880181,-6.456461],[106.880184,-6.456302],[106.88027,-6.456163],[106.880445,-6.456145],[106.880529,-6.456197],[106.880849,-6.456675],[106.881066,-6.456804],[106.881359,-6.456844],[106.881633,-6.456823],[106.882019,-6.456661],[106.882128,-6.456559],[106.882221,-6.456319],[106.882136,-6.455938],[106.881782,-6.455607],[106.881524,-6.455462],[106.880693,-6.455449],[106.880341,-6.455304],[106.879434,-6.45468],[106.878958,-6.454139],[106.878789,-6.453623],[106.878825,-6.453511],[106.879156,-6.453224],[106.879513,-6.453008],[106.879737,-6.452993],[106.879927,-6.453088],[106.880163,-6.453916],[106.880864,-6.454392],[106.881161,-6.454486],[106.881488,-6.454503],[106.881787,-6.454387],[106.882008,-6.454154],[106.882008,-6.45404],[106.881616,-6.453718],[106.881612,-6.453475],[106.882189,-6.4521],[106.882482,-6.451781],[106.88252,-6.451625],[106.882493,-6.451213],[106.882183,-6.450713],[106.882181,-6.450595],[106.882244,-6.450488],[106.882927,-6.450391],[106.883028,-6.450275],[106.883045,-6.449984],[106.882863,-6.449761],[106.881035,-6.44895],[106.88094,-6.448767],[106.880915,-6.448396],[106.881033,-6.448111],[106.881277,-6.447865],[106.881677,-6.447617],[106.881951,-6.447602],[106.882058,-6.447695],[106.882445,-6.448611],[106.882587,-6.448728],[106.883037,-6.448971],[106.883511,-6.449018],[106.883672,-6.448968],[106.883784,-6.448849],[106.883808,-6.448219],[106.883581,-6.446997],[106.883405,-6.446613],[106.88309,-6.446556],[106.882523,-6.446846],[106.882346,-6.446886],[106.88223,-6.446838],[106.882063,-6.446398],[106.881983,-6.445877],[106.882003,-6.445089],[106.882487,-6.44367],[106.882595,-6.443478],[106.882731,-6.443429],[106.882879,-6.443471],[106.883484,-6.443889],[106.883663,-6.444089],[106.883673,-6.444558],[106.883435,-6.445062],[106.883441,-6.445191],[106.88354,-6.445313],[106.884014,-6.445424],[106.885201,-6.445513],[106.885308,-6.445461],[106.885379,-6.445334],[106.885338,-6.444833],[106.885256,-6.444723],[106.884576,-6.444337],[106.884522,-6.444142],[106.884611,-6.443661],[106.885093,-6.442156],[106.885286,-6.442138],[106.886024,-6.442542],[106.88672,-6.443191],[106.886901,-6.443101],[106.887103,-6.442807],[106.887159,-6.441545],[106.88727,-6.440905],[106.887202,-6.440482],[106.887009,-6.44037],[106.886766,-6.440398],[106.885817,-6.440881],[106.885606,-6.440869],[106.885429,-6.440679],[106.885423,-6.440411],[106.885938,-6.439788],[106.885987,-6.439631],[106.885927,-6.439127],[106.885812,-6.439084],[106.885324,-6.439115],[106.883846,-6.438332],[106.883429,-6.438049],[106.882272,-6.437523],[106.881903,-6.437131],[106.881585,-6.437286],[106.881422,-6.436869],[106.881189,-6.436504],[106.880932,-6.436623],[106.88072,-6.436527],[106.880332,-6.436492],[106.879754,-6.436335],[106.879471,-6.436194],[106.879619,-6.435906],[106.879796,-6.435165],[106.880111,-6.434495],[106.880309,-6.434451],[106.880712,-6.434638],[106.880896,-6.434455],[106.881209,-6.434323],[106.881382,-6.433861],[106.881415,-6.433468],[106.88172,-6.433063],[106.88169,-6.432736],[106.881911,-6.432413],[106.882224,-6.431585],[106.881699,-6.431225],[106.880434,-6.43068],[106.880254,-6.430802],[106.879838,-6.430716],[106.878617,-6.430303],[106.877884,-6.430221],[106.876351,-6.429688],[106.876283,-6.429754],[106.876231,-6.430246],[106.876011,-6.430378],[106.875968,-6.430505],[106.875995,-6.430895],[106.876088,-6.431051],[106.876039,-6.431421],[106.87594,-6.431697],[106.875646,-6.432164],[106.875491,-6.432785],[106.875224,-6.433021],[106.875111,-6.43337],[106.874954,-6.433588],[106.874622,-6.433631],[106.874352,-6.433508],[106.873983,-6.433556],[106.873792,-6.433666],[106.873511,-6.433722],[106.873117,-6.433952],[106.873002,-6.434395],[106.872763,-6.4349],[106.872555,-6.435006],[106.872397,-6.435002],[106.87229,-6.435069],[106.872062,-6.434893],[106.871564,-6.434813],[106.871506,-6.435333],[106.871535,-6.435703],[106.871382,-6.436294],[106.871489,-6.436382],[106.871512,-6.436639],[106.870924,-6.436695],[106.870584,-6.436832],[106.870373,-6.436753],[106.869897,-6.437324],[106.869795,-6.437324],[106.869566,-6.437597],[106.869149,-6.43771],[106.869033,-6.437628],[106.868885,-6.43775],[106.86873,-6.437762],[106.868395,-6.437586],[106.868348,-6.437794],[106.86821,-6.437814],[106.868167,-6.438045],[106.868029,-6.438011],[106.867696,-6.438126],[106.867684,-6.438233],[106.867396,-6.438347],[106.867319,-6.438492],[106.867395,-6.438632],[106.867102,-6.439031],[106.866866,-6.439612],[106.867424,-6.439942],[106.86721,-6.440367],[106.867268,-6.44045],[106.867082,-6.440725],[106.86725,-6.440837],[106.867177,-6.440922],[106.867195,-6.441075],[106.867039,-6.441136],[106.866897,-6.441526],[106.866508,-6.442061],[106.866281,-6.442217],[106.865741,-6.442323],[106.865408,-6.443122],[106.865465,-6.444193],[106.865132,-6.444236],[106.8649,-6.444356],[106.86479,-6.444537],[106.864373,-6.444755],[106.863854,-6.445666],[106.863805,-6.446372],[106.86372,-6.446698]]]]},"properties":{"nama":"Cimpaeun","kecamatan":"Tapos","kota":"Kota Depok","tipe_kawasan":"Kawasan hijau","kualitas_udara":"sehat","atribut":{"sumber_batas":"OSM","kualitas_udara":"contoh","stasiun":0,"rth":6,"poi":2}}},{"type":"Feature","geometry":{"type":"MultiPolygon","coordinates":[[[[106.751232,-6.321985],[106.75112,-6.320988],[106.750143,-6.320742],[106.750191,-6.320369],[106.749435,-6.319559],[106.749312,-6.318999],[106.749414,-6.31821],[106.749709,-6.317618],[106.750293,-6.317415],[106.750717,-6.317154],[106.75112,-6.317074],[106.751082,-6.315949],[106.750905,-6.315565],[106.750846,-6.315133],[106.751017,-6.314819],[106.751082,-6.314168],[106.75105,-6.313678],[106.751318,-6.313011],[106.75135,-6.312153],[106.750664,-6.312249],[106.749896,-6.312115],[106.749132,-6.31189],[106.748248,-6.311392],[106.748026,-6.311344],[106.747806,-6.311396],[106.747628,-6.311536],[106.747154,-6.312331],[106.746753,-6.315935],[106.746325,-6.318603],[106.74597,-6.320364],[106.746383,-6.322076],[106.746609,-6.324143],[106.747308,-6.328228],[106.747478,-6.328956],[106.747653,-6.329314],[106.747475,-6.329388],[106.747533,-6.329847],[106.748314,-6.331442],[106.747969,-6.33227],[106.745954,-6.333196],[106.746199,-6.333792],[106.746514,-6.335156],[106.746654,-6.335501],[106.746972,-6.335762],[106.747116,-6.33625],[106.74731,-6.338118],[106.747736,-6.339789],[106.748743,-6.341026],[106.749108,-6.341358],[106.749751,-6.341602],[106.749751,-6.341656],[106.752137,-6.341532],[106.755265,-6.342054],[106.75654,-6.341927],[106.757402,-6.341964],[106.757451,-6.341522],[106.757688,-6.341473],[106.757799,-6.340989],[106.758092,-6.340948],[106.758138,-6.339811],[106.75804,-6.338796],[106.758081,-6.337447],[106.757919,-6.337222],[106.757813,-6.336078],[106.757931,-6.335358],[106.757764,-6.334977],[106.75774,-6.333936],[106.757812,-6.333692],[106.75805,-6.333564],[106.758465,-6.333546],[106.758423,-6.333342],[106.758089,-6.332855],[106.757905,-6.332741],[106.757888,-6.332669],[106.757932,-6.33193],[106.758182,-6.331688],[106.758105,-6.331472],[106.758236,-6.331242],[106.758137,-6.331044],[106.758212,-6.330735],[106.758084,-6.330298],[106.758543,-6.330179],[106.758556,-6.329892],[106.75882,-6.328962],[106.759048,-6.328525],[106.759081,-6.32831],[106.758956,-6.328114],[106.75866,-6.327902],[106.757315,-6.327766],[106.757238,-6.327728],[106.757266,-6.327388],[106.757217,-6.327312],[106.756471,-6.327218],[106.756479,-6.326282],[106.75547,-6.32617],[106.754783,-6.326042],[106.754483,-6.325893],[106.753544,-6.32577],[106.753292,-6.325632],[106.752874,-6.325232],[106.752621,-6.324672],[106.752048,-6.324832],[106.751468,-6.324714],[106.751243,-6.324544],[106.751071,-6.324288],[106.751018,-6.323798],[106.751447,-6.323424],[106.751629,-6.32304],[106.751522,-6.322667],[106.751264,-6.322464],[106.751232,-6.321985]]]]},"properties":{"nama":"Cipayung","kecamatan":"Ciputat","kota":"Kota Tangerang Selatan","tipe_kawasan":"Permukiman","kualitas_udara":"sehat","atribut":{"sumber_batas":"OSM","kualitas_udara":"contoh","stasiun":0,"rth":2,"poi":4}}},{"type":"Feature","geometry":{"type":"MultiPolygon","coordinates":[[[[106.758989,-6.325586],[106.75805,-6.325584],[106.756479,-6.326282],[106.756471,-6.327218],[106.757217,-6.327312],[106.757266,-6.327388],[106.757238,-6.327728],[106.757315,-6.327766],[106.75866,-6.327902],[106.758956,-6.328114],[106.759081,-6.32831],[106.759048,-6.328525],[106.75882,-6.328962],[106.758556,-6.329892],[106.758543,-6.330179],[106.758084,-6.330298],[106.758212,-6.330735],[106.758137,-6.331044],[106.758236,-6.331242],[106.758105,-6.331472],[106.758182,-6.331688],[106.757932,-6.33193],[106.757888,-6.332669],[106.757905,-6.332741],[106.758089,-6.332855],[106.758423,-6.333342],[106.758465,-6.333546],[106.75805,-6.333564],[106.757812,-6.333692],[106.75774,-6.333936],[106.757764,-6.334977],[106.757931,-6.335358],[106.757813,-6.336078],[106.757853,-6.336877],[106.757919,-6.337222],[106.758081,-6.337447],[106.75804,-6.338796],[106.758138,-6.339811],[106.758092,-6.340948],[106.759862,-6.341097],[106.761177,-6.340668],[106.764732,-6.340755],[106.769179,-6.340737],[106.772404,-6.340773],[106.773355,-6.340708],[106.773397,-6.340275],[106.773318,-6.339938],[106.773127,-6.339621],[106.773043,-6.339342],[106.773167,-6.339106],[106.773708,-6.338876],[106.773692,-6.338724],[106.773346,-6.338493],[106.77284,-6.338579],[106.772426,-6.338537],[106.772409,-6.338356],[106.772505,-6.338032],[106.772626,-6.337955],[106.77321,-6.33788],[106.77405,-6.33794],[106.774995,-6.337828],[106.775136,-6.337677],[106.775038,-6.337332],[106.774904,-6.337002],[106.774598,-6.336756],[106.774434,-6.336494],[106.774384,-6.336186],[106.774475,-6.33602],[106.774668,-6.335983],[106.775596,-6.336212],[106.776279,-6.335966],[106.776463,-6.335954],[106.776487,-6.335828],[106.776285,-6.335699],[106.775821,-6.335599],[106.77573,-6.335279],[106.775741,-6.334762],[106.776059,-6.334097],[106.775988,-6.33385],[106.775451,-6.333285],[106.775362,-6.333103],[106.775548,-6.332875],[106.77659,-6.332639],[106.776685,-6.332331],[106.776674,-6.331958],[106.776484,-6.331721],[106.776234,-6.331551],[106.776111,-6.331329],[106.776524,-6.330593],[106.777264,-6.330236],[106.777633,-6.329528],[106.777801,-6.328487],[106.77771,-6.328092],[106.777731,-6.327474],[106.777667,-6.327298],[106.777048,-6.327249],[106.776831,-6.327137],[106.776942,-6.326866],[106.777554,-6.326493],[106.777774,-6.326573],[106.778006,-6.326892],[106.778214,-6.327042],[106.7789,-6.327207],[106.779019,-6.326887],[106.77889,-6.325695],[106.778949,-6.325218],[106.778542,-6.325562],[106.778242,-6.325952],[106.77785,-6.326079],[106.777013,-6.326069],[106.776145,-6.325877],[106.774782,-6.325829],[106.774664,-6.325999],[106.774085,-6.325978],[106.766075,-6.325349],[106.76239,-6.325397],[106.761403,-6.325573],[106.760706,-6.325781],[106.760287,-6.32568],[106.758989,-6.325586]]]]},"properties":{"nama":"Pondok Cabe Ilir","kecamatan":"Pamulang","kota":"Kota Tangerang Selatan","tipe_kawasan":"Kawasan hijau","kualitas_udara":"sehat","atribut":{"sumber_batas":"OSM","kualitas_udara":"contoh","stasiun":0,"rth":4,"poi":0}}},{"type":"Feature","geometry":{"type":"MultiPolygon","coordinates":[[[[106.73115,-6.287109],[106.730649,-6.286766],[106.730547,-6.286428],[106.73013,-6.285959],[106.730067,-6.285797],[106.730258,-6.284499],[106.730233,-6.284157],[106.730062,-6.283893],[106.729171,-6.283015],[106.730082,-6.281788],[106.730215,-6.281465],[106.730253,-6.280834],[106.730175,-6.280476],[106.729975,-6.280018],[106.725816,-6.274044],[106.726027,-6.272653],[106.724824,-6.272433],[106.724734,-6.272465],[106.723906,-6.271552],[106.721421,-6.26999],[106.720577,-6.268806],[106.719976,-6.269235],[106.719867,-6.269249],[106.719517,-6.268902],[106.719359,-6.268537],[106.719344,-6.268362],[106.719511,-6.267845],[106.719482,-6.26769],[106.718693,-6.267006],[106.718402,-6.266629],[106.718146,-6.266526],[106.718012,-6.266002],[106.717729,-6.265957],[106.717745,-6.266274],[106.717604,-6.266583],[106.71676,-6.26654],[106.715925,-6.267177],[106.714723,-6.267374],[106.714482,-6.268107],[106.714281,-6.268008],[106.713979,-6.268037],[106.713608,-6.268357],[106.713521,-6.268777],[106.712653,-6.268777],[106.710987,-6.269813],[106.710474,-6.269688],[106.710298,-6.26894],[106.710032,-6.268542],[106.710005,-6.267923],[106.709763,-6.266757],[106.709013,-6.266772],[106.708667,-6.266705],[106.708599,-6.267739],[106.707434,-6.267932],[106.706822,-6.268247],[106.706617,-6.268262],[106.706552,-6.269568],[106.706616,-6.269723],[106.706895,-6.270035],[106.707589,-6.270447],[106.707586,-6.270384],[106.707817,-6.270563],[106.707989,-6.270803],[106.70808,-6.27096],[106.708171,-6.272226],[106.71013,-6.272039],[106.712702,-6.273492],[106.716231,-6.275015],[106.717595,-6.274949],[106.718621,-6.279283],[106.718845,-6.280531],[106.71976,-6.280186],[106.721318,-6.280046],[106.722036,-6.27987],[106.72307,-6.28035],[106.724167,-6.281259],[106.724416,-6.281334],[106.724866,-6.281314],[106.724965,-6.281375],[106.72531,-6.282817],[106.725894,-6.28432],[106.726019,-6.284419],[106.726028,-6.284981],[106.726216,-6.285974],[106.726448,-6.28653],[106.72683,-6.287128],[106.72833,-6.288379],[106.72877,-6.288827],[106.73115,-6.287109]]]]},"properties":{"nama":"Pondok Jaya","kecamatan":"Pondok Aren","kota":"Kota Tangerang Selatan","tipe_kawasan":"Pusat aktivitas","kualitas_udara":"sehat","atribut":{"sumber_batas":"OSM","kualitas_udara":"contoh","stasiun":0,"rth":2,"poi":13}}},{"type":"Feature","geometry":{"type":"MultiPolygon","coordinates":[[[[106.72877,-6.288827],[106.726881,-6.290141],[106.726938,-6.290317],[106.726937,-6.290763],[106.726252,-6.29273],[106.725956,-6.294096],[106.72581,-6.295485],[106.725964,-6.29754],[106.725462,-6.299111],[106.725044,-6.299791],[106.724743,-6.300817],[106.72475,-6.302983],[106.724461,-6.30493],[106.724191,-6.305885],[106.721954,-6.305458],[106.718673,-6.305237],[106.718633,-6.305194],[106.718691,-6.304862],[106.718426,-6.304483],[106.717885,-6.302762],[106.717405,-6.301907],[106.717228,-6.300628],[106.717146,-6.299332],[106.716629,-6.298214],[106.716563,-6.297561],[106.716683,-6.296191],[106.716571,-6.295857],[106.716135,-6.295171],[106.715777,-6.294967],[106.715602,-6.29453],[106.715664,-6.293522],[106.715604,-6.293212],[106.71527,-6.292905],[106.715976,-6.2925],[106.715334,-6.291655],[106.715177,-6.290527],[106.715598,-6.288864],[106.715763,-6.286638],[106.715516,-6.285705],[106.715572,-6.285436],[106.7157,-6.285211],[106.716729,-6.284485],[106.716918,-6.283355],[106.717848,-6.281164],[106.718845,-6.280531],[106.719612,-6.280224],[106.720215,-6.280114],[106.721318,-6.280046],[106.722084,-6.279877],[106.72307,-6.28035],[106.724167,-6.281259],[106.724416,-6.281334],[106.724866,-6.281314],[106.724965,-6.281375],[106.72531,-6.282817],[106.725894,-6.28432],[106.726019,-6.284419],[106.726028,-6.284981],[106.726216,-6.285974],[106.726448,-6.28653],[106.72683,-6.287128],[106.72833,-6.288379],[106.72877,-6.288827]]]]},"properties":{"nama":"Sawah Baru","kecamatan":"Ciputat","kota":"Kota Tangerang Selatan","tipe_kawasan":"Permukiman","kualitas_udara":"kurang_sehat","atribut":{"sumber_batas":"OSM","kualitas_udara":"contoh","stasiun":0,"rth":1,"poi":3}}},{"type":"Feature","geometry":{"type":"MultiPolygon","coordinates":[[[[106.690613,-6.289872],[106.690455,-6.290267],[106.690477,-6.290424],[106.690582,-6.290564],[106.691199,-6.290776],[106.691318,-6.291007],[106.691446,-6.291077],[106.691692,-6.290968],[106.691929,-6.290953],[106.692199,-6.291025],[106.692233,-6.291369],[106.692404,-6.291706],[106.692318,-6.291862],[106.692076,-6.291997],[106.692071,-6.292123],[106.692602,-6.292821],[106.692638,-6.293688],[106.692352,-6.293902],[106.691647,-6.294044],[106.691554,-6.294117],[106.691592,-6.294264],[106.691768,-6.294394],[106.691983,-6.294447],[106.692365,-6.294386],[106.692951,-6.294468],[106.693072,-6.294689],[106.693057,-6.295123],[106.6934,-6.295627],[106.693694,-6.295886],[106.693713,-6.296035],[106.693567,-6.296257],[106.693567,-6.296386],[106.693798,-6.29654],[106.693899,-6.296531],[106.694108,-6.296333],[106.694216,-6.296336],[106.694701,-6.296738],[106.694683,-6.296849],[106.694493,-6.297065],[106.694491,-6.297367],[106.694318,-6.297663],[106.694299,-6.298181],[106.694698,-6.298511],[106.6954,-6.298479],[106.695526,-6.298646],[106.695452,-6.29888],[106.695124,-6.299042],[106.694934,-6.299218],[106.694852,-6.299805],[106.694669,-6.300162],[106.694547,-6.300237],[106.694308,-6.300257],[106.693764,-6.30045],[106.693621,-6.300646],[106.694345,-6.301395],[106.694713,-6.301337],[106.695263,-6.300538],[106.695482,-6.30052],[106.69557,-6.30062],[106.695985,-6.300666],[106.696411,-6.301102],[106.696782,-6.301053],[106.696871,-6.3011],[106.697018,-6.301306],[106.697734,-6.301737],[106.69777,-6.301809],[106.697711,-6.302081],[106.697402,-6.302677],[106.697191,-6.30281],[106.697158,-6.302903],[106.698015,-6.303617],[106.698525,-6.303539],[106.698597,-6.303611],[106.702161,-6.303851],[106.70378,-6.303776],[106.705237,-6.305137],[106.705425,-6.305173],[106.709453,-6.305413],[106.711853,-6.305461],[106.712136,-6.305535],[106.713964,-6.305677],[106.714599,-6.305513],[106.714977,-6.305232],[106.715603,-6.304394],[106.716145,-6.303835],[106.717885,-6.302762],[106.717405,-6.301907],[106.717228,-6.300628],[106.717146,-6.299332],[106.716629,-6.298214],[106.716563,-6.297561],[106.716683,-6.296191],[106.716571,-6.295857],[106.716135,-6.295171],[106.715777,-6.294967],[106.715602,-6.29453],[106.715664,-6.293522],[106.715604,-6.293212],[106.71527,-6.292905],[106.714297,-6.293453],[106.713653,-6.29364],[106.712583,-6.293728],[106.710395,-6.294139],[106.708838,-6.294228],[106.708534,-6.294152],[106.707352,-6.29324],[106.706832,-6.292603],[106.705893,-6.292072],[106.7057,-6.291902],[106.705349,-6.291342],[106.705081,-6.29007],[106.704338,-6.289126],[106.703372,-6.288368],[106.703325,-6.288424],[106.702016,-6.288713],[106.700796,-6.288931],[106.700433,-6.288926],[106.700399,-6.288998],[106.699208,-6.288727],[106.699002,-6.288733],[106.698788,-6.288805],[106.698198,-6.288791],[106.698249,-6.289015],[106.697005,-6.289153],[106.69396,-6.289215],[106.693582,-6.289271],[106.693252,-6.289218],[106.691391,-6.289827],[106.690613,-6.289872]]]]},"properties":{"nama":"Jombang","kecamatan":"Ciputat","kota":"Kota Tangerang Selatan","tipe_kawasan":"Permukiman dekat stasiun","kualitas_udara":"sehat","atribut":{"sumber_batas":"OSM","kualitas_udara":"contoh","stasiun":1,"rth":7,"poi":9}}},{"type":"Feature","geometry":{"type":"MultiPolygon","coordinates":[[[[106.773355,-6.340708],[106.772404,-6.340773],[106.764732,-6.340755],[106.761177,-6.340668],[106.759862,-6.341097],[106.758092,-6.340948],[106.757799,-6.340989],[106.757688,-6.341473],[106.757451,-6.341522],[106.757402,-6.341964],[106.75654,-6.341927],[106.755265,-6.342054],[106.752137,-6.341532],[106.749751,-6.341656],[106.749622,-6.352901],[106.749342,-6.354086],[106.748657,-6.356274],[106.748335,-6.357526],[106.748147,-6.360391],[106.748015,-6.360999],[106.748849,-6.360976],[106.74901,-6.361035],[106.749364,-6.36096],[106.755628,-6.361103],[106.756214,-6.361045],[106.756507,-6.361067],[106.756617,-6.361176],[106.756627,-6.361435],[106.757279,-6.361701],[106.758011,-6.361549],[106.758156,-6.361584],[106.758376,-6.361762],[106.758486,-6.361714],[106.758604,-6.36137],[106.758705,-6.361342],[106.758862,-6.361405],[106.760045,-6.361394],[106.760927,-6.361296],[106.762077,-6.361401],[106.763674,-6.361331],[106.765675,-6.36145],[106.76704,-6.361459],[106.7683,-6.361775],[106.768648,-6.361923],[106.769175,-6.361991],[106.769424,-6.361953],[106.769461,-6.361401],[106.769642,-6.361326],[106.769782,-6.361373],[106.770066,-6.361235],[106.770134,-6.361052],[106.770093,-6.360904],[106.769777,-6.36092],[106.769675,-6.360739],[106.769702,-6.360531],[106.769945,-6.360167],[106.770013,-6.359896],[106.770022,-6.359542],[106.769914,-6.358986],[106.770002,-6.358777],[106.770286,-6.358441],[106.77041,-6.358036],[106.770512,-6.357934],[106.770925,-6.35795],[106.77105,-6.357816],[106.771236,-6.357305],[106.771039,-6.356531],[106.770898,-6.355253],[106.771184,-6.354873],[106.771236,-6.354698],[106.771043,-6.354352],[106.770528,-6.35392],[106.770201,-6.35344],[106.770116,-6.353203],[106.770077,-6.352603],[106.770142,-6.352208],[106.770274,-6.351997],[106.770647,-6.351807],[106.771011,-6.351878],[106.771413,-6.352118],[106.771597,-6.352367],[106.771833,-6.352495],[106.771919,-6.352453],[106.771976,-6.352203],[106.771903,-6.351033],[106.772051,-6.350278],[106.772202,-6.350097],[106.772411,-6.350092],[106.772788,-6.350261],[106.773146,-6.350524],[106.773461,-6.350615],[106.773818,-6.350283],[106.773913,-6.349985],[106.773875,-6.349361],[106.773993,-6.348919],[106.773977,-6.34821],[106.773865,-6.347783],[106.773543,-6.347447],[106.773351,-6.34735],[106.773258,-6.347138],[106.773216,-6.34645],[106.773445,-6.346195],[106.773629,-6.346114],[106.774224,-6.346088],[106.774494,-6.345868],[106.774494,-6.345633],[106.774294,-6.345528],[106.774133,-6.345325],[106.774226,-6.345143],[106.774632,-6.344808],[106.774519,-6.344611],[106.773979,-6.344754],[106.773328,-6.344627],[106.772674,-6.344238],[106.772589,-6.343986],[106.772689,-6.34367],[106.772917,-6.343394],[106.773147,-6.343185],[106.773555,-6.342984],[106.773646,-6.342798],[106.773704,-6.342478],[106.773419,-6.342105],[106.773137,-6.341896],[106.772981,-6.341635],[106.773055,-6.341204],[106.773265,-6.340947],[106.773355,-6.340708]]]]},"properties":{"nama":"Pondok Cabe Udik","kecamatan":"Pamulang","kota":"Kota Tangerang Selatan","tipe_kawasan":"Kawasan hijau","kualitas_udara":"sehat","atribut":{"sumber_batas":"OSM","kualitas_udara":"contoh","stasiun":0,"rth":8,"poi":3}}},{"type":"Feature","geometry":{"type":"MultiPolygon","coordinates":[[[[106.732859,-6.289419],[106.732492,-6.288684],[106.732259,-6.288661],[106.732001,-6.288371],[106.731558,-6.288216],[106.731371,-6.287846],[106.731359,-6.287478],[106.73115,-6.287109],[106.730649,-6.286766],[106.730547,-6.286428],[106.73013,-6.285959],[106.730067,-6.285797],[106.730258,-6.284499],[106.730233,-6.284157],[106.730062,-6.283893],[106.729171,-6.283015],[106.730082,-6.281788],[106.730215,-6.281465],[106.730253,-6.280834],[106.730049,-6.280147],[106.725816,-6.274044],[106.726044,-6.272629],[106.730977,-6.270118],[106.731122,-6.270077],[106.732656,-6.270148],[106.733046,-6.270039],[106.734265,-6.269515],[106.7344,-6.270133],[106.734571,-6.274605],[106.734296,-6.274618],[106.734218,-6.27475],[106.734507,-6.275929],[106.736001,-6.275855],[106.739399,-6.275339],[106.740174,-6.275279],[106.740837,-6.274755],[106.741141,-6.274671],[106.742069,-6.274586],[106.742237,-6.274603],[106.7423,-6.275174],[106.742466,-6.275347],[106.742639,-6.275402],[106.744878,-6.275294],[106.745281,-6.275183],[106.746098,-6.277308],[106.745937,-6.277382],[106.745943,-6.277702],[106.745787,-6.277878],[106.74568,-6.277889],[106.745669,-6.278049],[106.745825,-6.278102],[106.74576,-6.279323],[106.745385,-6.279307],[106.745444,-6.279723],[106.745535,-6.279771],[106.745562,-6.280112],[106.745739,-6.280134],[106.745862,-6.281019],[106.745771,-6.281424],[106.74575,-6.282048],[106.745664,-6.282107],[106.745659,-6.282261],[106.745835,-6.282245],[106.745857,-6.282811],[106.745841,-6.283237],[106.74576,-6.283306],[106.745884,-6.284069],[106.745728,-6.285157],[106.745653,-6.286436],[106.74583,-6.28682],[106.745669,-6.287956],[106.746184,-6.288095],[106.746007,-6.291193],[106.746061,-6.291854],[106.746147,-6.292099],[106.743679,-6.29171],[106.743261,-6.291763],[106.74292,-6.292016],[106.74266,-6.292712],[106.742333,-6.292888],[106.742306,-6.293112],[106.742413,-6.293501],[106.742424,-6.293965],[106.742553,-6.294227],[106.742676,-6.295544],[106.741711,-6.295436],[106.741407,-6.29526],[106.740874,-6.295234],[106.740779,-6.295107],[106.740712,-6.294771],[106.739935,-6.293903],[106.739224,-6.293912],[106.738996,-6.293736],[106.738884,-6.293498],[106.738568,-6.293625],[106.738234,-6.293612],[106.738016,-6.293544],[106.737857,-6.293374],[106.737577,-6.293238],[106.737359,-6.293365],[106.73707,-6.293228],[106.736953,-6.293239],[106.736748,-6.293452],[106.736829,-6.293607],[106.736758,-6.293917],[106.736428,-6.294079],[106.736087,-6.294016],[106.735879,-6.293811],[106.735864,-6.293623],[106.73621,-6.293413],[106.736134,-6.293212],[106.736,-6.293133],[106.735343,-6.293214],[106.735049,-6.292962],[106.734902,-6.292942],[106.734568,-6.293099],[106.734165,-6.292751],[106.734022,-6.292405],[106.734043,-6.291668],[106.734159,-6.291372],[106.734174,-6.291067],[106.733946,-6.290812],[106.733568,-6.290719],[106.733531,-6.290636],[106.733578,-6.290369],[106.733829,-6.290192],[106.733798,-6.289905],[106.733627,-6.289768],[106.733052,-6.289602],[106.732859,-6.289419]]]]},"properties":{"nama":"Pondok Ranji","kecamatan":"Ciputat Timur","kota":"Kota Tangerang Selatan","tipe_kawasan":"Permukiman dekat stasiun","kualitas_udara":"sehat","atribut":{"sumber_batas":"OSM","kualitas_udara":"contoh","stasiun":1,"rth":7,"poi":2}}},{"type":"Feature","geometry":{"type":"MultiPolygon","coordinates":[[[[106.7312,-6.287207],[106.731359,-6.287478],[106.731371,-6.287846],[106.731558,-6.288216],[106.732001,-6.288371],[106.732259,-6.288661],[106.732492,-6.288684],[106.732922,-6.28951],[106.733271,-6.289698],[106.733627,-6.289768],[106.733798,-6.289905],[106.733829,-6.290192],[106.733578,-6.290369],[106.733531,-6.290636],[106.733568,-6.290719],[106.733946,-6.290812],[106.734174,-6.291067],[106.733993,-6.292165],[106.734165,-6.292751],[106.734316,-6.292921],[106.734568,-6.293099],[106.734902,-6.292942],[106.735049,-6.292962],[106.735343,-6.293214],[106.736,-6.293133],[106.736134,-6.293212],[106.73621,-6.293413],[106.735864,-6.293623],[106.735879,-6.293811],[106.736087,-6.294016],[106.736372,-6.294073],[106.736658,-6.294002],[106.736758,-6.293917],[106.736829,-6.293607],[106.736748,-6.293452],[106.736953,-6.293239],[106.73707,-6.293228],[106.737359,-6.293365],[106.737577,-6.293238],[106.737857,-6.293374],[106.738016,-6.293544],[106.738234,-6.293612],[106.738568,-6.293625],[106.738884,-6.293498],[106.738996,-6.293736],[106.739224,-6.293912],[106.739935,-6.293903],[106.740712,-6.294771],[106.740779,-6.295107],[106.740874,-6.295234],[106.741407,-6.29526],[106.741711,-6.295436],[106.742676,-6.295544],[106.743041,-6.295666],[106.743363,-6.296066],[106.743325,-6.296407],[106.744253,-6.297426],[106.744304,-6.298132],[106.744661,-6.298273],[106.744815,-6.298721],[106.745069,-6.298524],[106.745329,-6.298878],[106.745442,-6.298927],[106.745864,-6.299817],[106.746415,-6.300555],[106.747536,-6.301757],[106.747603,-6.301902],[106.747766,-6.302104],[106.747874,-6.302371],[106.748903,-6.303012],[106.748874,-6.303334],[106.748976,-6.303497],[106.749038,-6.303868],[106.745226,-6.304829],[106.745168,-6.305084],[106.745069,-6.30519],[106.745203,-6.305525],[106.74506,-6.305673],[106.744815,-6.3056],[106.744662,-6.305646],[106.744175,-6.305243],[106.743847,-6.305212],[106.743578,-6.3053],[106.743606,-6.304814],[106.743449,-6.304398],[106.741259,-6.304681],[106.741129,-6.305002],[106.740696,-6.305041],[106.74058,-6.305183],[106.739193,-6.305144],[106.738893,-6.305726],[106.739073,-6.306017],[106.738152,-6.305644],[106.737315,-6.305443],[106.737186,-6.305321],[106.737028,-6.305275],[106.735478,-6.305101],[106.735137,-6.304994],[106.734047,-6.30521],[106.734001,-6.305312],[106.732568,-6.305531],[106.732328,-6.305633],[106.727851,-6.306097],[106.724191,-6.305885],[106.724461,-6.30493],[106.72475,-6.302983],[106.724743,-6.300817],[106.725044,-6.299791],[106.725462,-6.299111],[106.725964,-6.29754],[106.72581,-6.295485],[106.725956,-6.294096],[106.726252,-6.29273],[106.726937,-6.290763],[106.726938,-6.290317],[106.726881,-6.290141],[106.73115,-6.287109],[106.7312,-6.287207]]]]},"properties":{"nama":"Sawah Lama","kecamatan":"Ciputat","kota":"Kota Tangerang Selatan","tipe_kawasan":"Permukiman dekat stasiun","kualitas_udara":"sehat","atribut":{"sumber_batas":"OSM","kualitas_udara":"contoh","stasiun":1,"rth":8,"poi":2}}},{"type":"Feature","geometry":{"type":"MultiPolygon","coordinates":[[[[106.703811,-6.326004],[106.703784,-6.325557],[106.703894,-6.324794],[106.703543,-6.324153],[106.703166,-6.323971],[106.702786,-6.32408],[106.701973,-6.32405],[106.701812,-6.32397],[106.701793,-6.32368],[106.701977,-6.323473],[106.702068,-6.322904],[106.702361,-6.322799],[106.702684,-6.322083],[106.70289,-6.322012],[106.703212,-6.321772],[106.703557,-6.321232],[106.703607,-6.321026],[106.703941,-6.320588],[106.703673,-6.320119],[106.703628,-6.319925],[106.703666,-6.319826],[106.703902,-6.319769],[106.704276,-6.319854],[106.70451,-6.319976],[106.704728,-6.319972],[106.704975,-6.319783],[106.705106,-6.31957],[106.705381,-6.318774],[106.705722,-6.318585],[106.705814,-6.318467],[106.70588,-6.318168],[106.705842,-6.317914],[106.705412,-6.317303],[106.705342,-6.316922],[106.705488,-6.316839],[106.705707,-6.316988],[106.706018,-6.316798],[106.705485,-6.316388],[106.705457,-6.316253],[106.705522,-6.314853],[106.705472,-6.314471],[106.7056,-6.314246],[106.705552,-6.314171],[106.705609,-6.314087],[106.705322,-6.3132],[106.705408,-6.312937],[106.705777,-6.312615],[106.705871,-6.312125],[106.705463,-6.311678],[106.705263,-6.311571],[106.704673,-6.311598],[106.704651,-6.310807],[106.705406,-6.3107],[106.705594,-6.310184],[106.705352,-6.309859],[106.70493,-6.309986],[106.70463,-6.309818],[106.704573,-6.309765],[106.704489,-6.309323],[106.704156,-6.308856],[106.703842,-6.308847],[106.703533,-6.30903],[106.703385,-6.308979],[106.703272,-6.308686],[106.703385,-6.308197],[106.703614,-6.307937],[106.703625,-6.307849],[106.703445,-6.307636],[106.702766,-6.307495],[106.702611,-6.30756],[106.702208,-6.307913],[106.701898,-6.307797],[106.701579,-6.307548],[106.701446,-6.307532],[106.700855,-6.308058],[106.700633,-6.308099],[106.700068,-6.307938],[106.699945,-6.307804],[106.699989,-6.307615],[106.700511,-6.307216],[106.700474,-6.307055],[106.700349,-6.307013],[106.700191,-6.307118],[106.699811,-6.307197],[106.698995,-6.307113],[106.698941,-6.306967],[106.69905,-6.306422],[106.698518,-6.305575],[106.698568,-6.305287],[106.698884,-6.305107],[106.699,-6.304849],[106.698954,-6.304697],[106.698705,-6.304432],[106.698632,-6.303911],[106.698697,-6.303732],[106.698647,-6.303614],[106.702161,-6.303851],[106.70378,-6.303776],[106.705237,-6.305137],[106.705425,-6.305173],[106.709453,-6.305413],[106.711853,-6.305461],[106.712136,-6.305535],[106.713964,-6.305677],[106.714599,-6.305513],[106.714977,-6.305232],[106.715603,-6.304394],[106.716145,-6.303835],[106.717885,-6.302762],[106.718426,-6.304483],[106.718691,-6.304862],[106.718603,-6.30585],[106.718673,-6.306717],[106.718833,-6.307308],[106.718931,-6.308087],[106.719465,-6.309399],[106.719684,-6.30964],[106.721104,-6.310316],[106.72222,-6.311042],[106.722483,-6.312259],[106.722309,-6.312584],[106.721889,-6.312909],[106.721805,-6.313054],[106.72185,-6.313481],[106.72146,-6.315633],[106.721379,-6.316778],[106.721314,-6.316915],[106.72076,-6.317361],[106.719762,-6.31722],[106.71974,-6.318163],[106.720255,-6.319046],[106.720201,-6.31957],[106.720572,-6.319708],[106.720508,-6.320026],[106.720469,-6.321177],[106.720538,-6.321431],[106.72102,-6.322095],[106.721161,-6.323179],[106.721725,-6.323354],[106.722831,-6.324384],[106.722974,-6.324664],[106.723055,-6.325213],[106.721105,-6.325536],[106.719927,-6.325215],[106.719725,-6.325235],[106.719592,-6.325337],[106.719589,-6.325408],[106.717947,-6.325089],[106.71788,-6.32519],[106.714156,-6.324387],[106.713941,-6.325334],[106.713403,-6.32515],[106.713049,-6.3249],[106.71217,-6.324526],[106.711903,-6.324442],[106.711489,-6.32448],[106.711315,-6.324431],[106.711304,-6.324297],[106.7114,-6.324226],[106.711429,-6.323755],[106.711278,-6.323617],[106.711221,-6.323247],[106.710032,-6.323336],[106.709811,-6.323208],[106.709692,-6.323359],[106.709435,-6.323387],[106.70941,-6.323562],[106.709192,-6.323554],[106.709158,-6.323446],[106.708024,-6.323363],[106.707148,-6.323087],[106.706904,-6.323106],[106.706674,-6.323244],[106.706284,-6.322925],[106.705925,-6.323052],[106.705804,-6.32326],[106.7056,-6.323275],[106.705503,-6.323352],[106.70492,-6.324734],[106.704143,-6.325414],[106.703811,-6.326004]]]]},"properties":{"nama":"Serua","kecamatan":"Ciputat","kota":"Kota Tangerang Selatan","tipe_kawasan":"Pusat aktivitas","kualitas_udara":"sehat","atribut":{"sumber_batas":"OSM","kualitas_udara":"contoh","stasiun":0,"rth":6,"poi":19}}},{"type":"Feature","geometry":{"type":"MultiPolygon","coordinates":[[[[106.723098,-6.342845],[106.723043,-6.342397],[106.723185,-6.340048],[106.723519,-6.339348],[106.723848,-6.338973],[106.724229,-6.337322],[106.724231,-6.336957],[106.724173,-6.336402],[106.723842,-6.335881],[106.723802,-6.335576],[106.723789,-6.335091],[106.72389,-6.334375],[106.723634,-6.333156],[106.723699,-6.331609],[106.723391,-6.331261],[106.722983,-6.330523],[106.723,-6.329565],[106.72369,-6.327733],[106.723776,-6.327387],[106.723799,-6.326889],[106.723747,-6.326465],[106.723618,-6.326072],[106.723055,-6.325213],[106.721105,-6.325536],[106.719927,-6.325215],[106.719725,-6.325235],[106.719592,-6.325337],[106.719589,-6.325408],[106.717947,-6.325089],[106.71788,-6.32519],[106.714156,-6.324387],[106.713941,-6.325334],[106.713403,-6.32515],[106.713049,-6.3249],[106.71217,-6.324526],[106.711903,-6.324442],[106.711489,-6.32448],[106.711315,-6.324431],[106.711304,-6.324297],[106.7114,-6.324226],[106.711429,-6.323755],[106.711278,-6.323617],[106.711221,-6.323247],[106.710032,-6.323336],[106.709811,-6.323208],[106.709692,-6.323359],[106.709435,-6.323387],[106.70941,-6.323562],[106.709192,-6.323554],[106.709158,-6.323446],[106.708883,-6.32344],[106.708804,-6.324693],[106.708899,-6.325451],[106.709848,-6.332722],[106.70973,-6.335311],[106.709923,-6.336536],[106.709799,-6.338143],[106.709892,-6.340107],[106.709996,-6.340403],[106.710889,-6.341828],[106.711194,-6.342196],[106.712168,-6.341683],[106.713305,-6.341616],[106.713466,-6.341517],[106.713836,-6.341509],[106.713835,-6.341366],[106.714087,-6.341349],[106.7141,-6.341489],[106.714972,-6.34142],[106.715114,-6.343491],[106.715279,-6.344361],[106.715348,-6.344388],[106.718128,-6.343997],[106.71847,-6.344006],[106.718525,-6.344378],[106.721183,-6.344261],[106.721452,-6.344135],[106.723098,-6.342845]]]]},"properties":{"nama":"Benda Baru","kecamatan":"Pamulang","kota":"Kota Tangerang Selatan","tipe_kawasan":"Pusat aktivitas","kualitas_udara":"sehat","atribut":{"sumber_batas":"OSM","kualitas_udara":"contoh","stasiun":0,"rth":12,"poi":33}}},{"type":"Feature","geometry":{"type":"MultiPolygon","coordinates":[[[[106.711194,-6.342196],[106.712168,-6.341683],[106.713305,-6.341616],[106.713466,-6.341517],[106.713836,-6.341509],[106.713835,-6.341366],[106.714087,-6.341349],[106.7141,-6.341489],[106.714972,-6.34142],[106.715114,-6.343491],[106.715279,-6.344361],[106.715348,-6.344388],[106.718128,-6.343997],[106.71847,-6.344006],[106.718525,-6.344378],[106.721183,-6.344261],[106.721452,-6.344135],[106.723505,-6.342539],[106.723845,-6.342388],[106.724286,-6.342317],[106.724226,-6.342744],[106.724326,-6.342831],[106.724549,-6.343335],[106.724717,-6.343403],[106.725314,-6.343379],[106.725673,-6.343467],[106.725925,-6.343647],[106.726248,-6.344065],[106.726394,-6.344151],[106.726613,-6.344201],[106.726786,-6.344158],[106.727901,-6.343115],[106.728257,-6.343168],[106.728499,-6.34335],[106.728985,-6.343542],[106.729514,-6.343867],[106.729819,-6.344377],[106.730039,-6.344977],[106.730057,-6.345297],[106.730003,-6.345389],[106.729897,-6.34542],[106.729583,-6.345393],[106.729475,-6.345308],[106.728936,-6.344321],[106.728571,-6.343913],[106.728245,-6.343703],[106.72778,-6.343696],[106.727549,-6.343836],[106.72729,-6.344151],[106.727277,-6.344469],[106.727503,-6.344762],[106.728185,-6.344809],[106.72853,-6.345145],[106.728797,-6.345604],[106.728901,-6.345853],[106.728897,-6.346228],[106.728727,-6.34674],[106.728622,-6.346857],[106.728473,-6.346881],[106.72805,-6.346765],[106.727571,-6.346466],[106.727102,-6.346071],[106.726708,-6.345566],[106.726666,-6.345078],[106.726548,-6.344751],[106.726279,-6.344564],[106.725847,-6.344442],[106.725442,-6.343975],[106.725042,-6.343816],[106.7247,-6.343832],[106.7245,-6.343904],[106.724444,-6.343995],[106.724453,-6.344201],[106.7245,-6.344353],[106.725104,-6.345015],[106.725271,-6.345004],[106.725425,-6.345162],[106.725605,-6.345763],[106.725929,-6.346085],[106.72615,-6.346866],[106.726607,-6.347353],[106.727565,-6.347898],[106.727954,-6.348011],[106.729137,-6.349592],[106.729378,-6.35038],[106.729406,-6.350761],[106.729345,-6.351164],[106.729387,-6.35129],[106.729353,-6.351732],[106.729258,-6.352038],[106.729386,-6.352546],[106.728461,-6.353147],[106.728558,-6.353649],[106.728734,-6.354187],[106.728823,-6.354234],[106.729214,-6.354969],[106.729388,-6.355177],[106.730392,-6.357012],[106.731802,-6.359331],[106.731668,-6.3596],[106.73088,-6.360228],[106.730031,-6.360232],[106.728058,-6.360042],[106.723614,-6.360394],[106.721567,-6.360483],[106.721518,-6.36053],[106.721677,-6.362145],[106.721138,-6.362118],[106.720933,-6.362187],[106.720654,-6.361354],[106.720387,-6.36082],[106.720558,-6.360276],[106.719561,-6.359786],[106.719239,-6.359743],[106.718685,-6.358271],[106.718603,-6.357959],[106.718635,-6.357167],[106.718479,-6.356284],[106.718322,-6.355931],[106.718426,-6.355773],[106.718928,-6.355551],[106.718931,-6.355442],[106.71877,-6.355179],[106.71809,-6.354239],[106.717266,-6.354283],[106.716701,-6.354507],[106.716491,-6.354496],[106.715853,-6.35365],[106.715491,-6.353281],[106.7153,-6.352753],[106.715292,-6.352353],[106.715403,-6.351812],[106.71532,-6.351638],[106.715163,-6.351561],[106.714729,-6.351693],[106.71431,-6.35167],[106.71394,-6.351506],[106.713325,-6.351007],[106.712592,-6.350158],[106.712329,-6.349712],[106.71199,-6.349317],[106.711615,-6.349057],[106.711475,-6.348752],[106.711406,-6.348242],[106.71106,-6.347262],[106.710878,-6.346372],[106.710846,-6.345992],[106.711028,-6.345728],[106.710982,-6.345487],[106.711032,-6.345258],[106.710266,-6.344628],[106.710146,-6.344126],[106.7101,-6.343523],[106.710154,-6.343396],[106.710362,-6.343303],[106.710417,-6.342891],[106.710475,-6.34282],[106.710818,-6.34279],[106.710882,-6.342713],[106.710859,-6.342616],[106.710502,-6.342318],[106.710288,-6.34234],[106.709873,-6.342718],[106.709737,-6.342965],[106.709602,-6.342967],[106.709464,-6.342674],[106.709049,-6.342479],[106.708738,-6.342089],[106.706426,-6.341136],[106.706261,-6.340889],[106.70536,-6.340846],[106.704989,-6.340931],[106.704842,-6.341129],[106.704672,-6.341121],[106.704575,-6.341009],[106.70454,-6.340567],[106.704763,-6.340393],[106.704796,-6.340182],[106.704981,-6.340072],[106.705022,-6.33998],[106.70495,-6.339718],[106.704789,-6.339552],[106.704583,-6.339594],[106.704439,-6.339793],[106.704236,-6.339698],[106.704001,-6.339683],[106.703863,-6.339726],[106.7036,-6.339992],[106.703224,-6.340023],[106.703071,-6.339767],[106.703015,-6.339112],[106.703186,-6.338887],[106.703477,-6.338013],[106.703472,-6.337646],[106.703324,-6.33727],[106.703215,-6.337199],[106.70225,-6.337184],[106.702009,-6.337136],[106.701906,-6.337052],[106.701845,-6.336323],[106.701886,-6.335846],[106.701814,-6.335591],[106.701844,-6.335246],[106.701721,-6.334965],[106.701865,-6.334283],[106.701822,-6.333884],[106.701681,-6.333789],[106.701426,-6.333784],[106.701224,-6.33351],[106.700833,-6.333329],[106.700704,-6.333442],[106.700589,-6.333988],[106.699905,-6.334028],[106.699735,-6.333961],[106.699387,-6.333502],[106.699346,-6.333314],[106.699483,-6.333069],[106.70041,-6.332426],[106.700883,-6.331647],[106.70083,-6.330699],[106.700597,-6.330556],[106.700042,-6.330393],[106.699899,-6.330226],[106.699918,-6.329411],[106.700016,-6.329301],[106.700321,-6.329308],[106.70049,-6.329568],[106.700643,-6.32961],[106.7013,-6.329557],[106.701486,-6.329446],[106.701701,-6.328702],[106.701675,-6.328606],[106.701351,-6.328438],[106.700834,-6.328354],[106.701083,-6.328144],[106.701344,-6.326996],[106.701816,-6.326906],[106.702625,-6.32698],[106.702809,-6.326885],[106.703054,-6.327142],[106.703158,-6.327188],[106.703299,-6.327149],[106.703709,-6.326499],[106.703811,-6.326004],[106.704143,-6.325414],[106.70492,-6.324734],[106.705436,-6.323445],[106.7056,-6.323275],[106.705804,-6.32326],[106.705925,-6.323052],[106.706284,-6.322925],[106.706674,-6.323244],[106.706904,-6.323106],[106.707148,-6.323087],[106.708024,-6.323363],[106.708883,-6.32344],[106.708829,-6.324953],[106.709848,-6.332722],[106.70973,-6.335311],[106.709923,-6.336536],[106.709799,-6.338143],[106.709892,-6.340107],[106.709996,-6.340403],[106.710889,-6.341828],[106.711194,-6.342196]]]]},"properties":{"nama":"Pondok Benda","kecamatan":"Pamulang","kota":"Kota Tangerang Selatan","tipe_kawasan":"Pusat aktivitas","kualitas_udara":"sehat","atribut":{"sumber_batas":"OSM","kualitas_udara":"contoh","stasiun":0,"rth":15,"poi":30}}},{"type":"Feature","geometry":{"type":"MultiPolygon","coordinates":[[[[106.73088,-6.360228],[106.730981,-6.360372],[106.732722,-6.360611],[106.733998,-6.360549],[106.73446,-6.360615],[106.736182,-6.360567],[106.736083,-6.36041],[106.736141,-6.359957],[106.73638,-6.359111],[106.736289,-6.358835],[106.736348,-6.358372],[106.736313,-6.357435],[106.736071,-6.35598],[106.736075,-6.355024],[106.736167,-6.354593],[106.736587,-6.35409],[106.737383,-6.352288],[106.737656,-6.351447],[106.738397,-6.351002],[106.739002,-6.350444],[106.739386,-6.349855],[106.739689,-6.348801],[106.739894,-6.348586],[106.740439,-6.348333],[106.740539,-6.348033],[106.740653,-6.347903],[106.740781,-6.34746],[106.741161,-6.347133],[106.741185,-6.346988],[106.740834,-6.345657],[106.74145,-6.344992],[106.741524,-6.344812],[106.741505,-6.344567],[106.741473,-6.344403],[106.741208,-6.344034],[106.740819,-6.343829],[106.740666,-6.343308],[106.740713,-6.343201],[106.742127,-6.342559],[106.741578,-6.341245],[106.74158,-6.340825],[106.741754,-6.340192],[106.741821,-6.340091],[106.742158,-6.340064],[106.741973,-6.339022],[106.741817,-6.338605],[106.742409,-6.338416],[106.742691,-6.338453],[106.742945,-6.338604],[106.743457,-6.338552],[106.743849,-6.337947],[106.743957,-6.337591],[106.744391,-6.337603],[106.744759,-6.337461],[106.744712,-6.33711],[106.744786,-6.336667],[106.745207,-6.336012],[106.745218,-6.335881],[106.745149,-6.335729],[106.745037,-6.335687],[106.744433,-6.335636],[106.744419,-6.334459],[106.744654,-6.333535],[106.74378,-6.333474],[106.743637,-6.333344],[106.743259,-6.333257],[106.743251,-6.332977],[106.742521,-6.332361],[106.742339,-6.331775],[106.741849,-6.331557],[106.741178,-6.331467],[106.741082,-6.331371],[106.740346,-6.331792],[106.739545,-6.331826],[106.739256,-6.331967],[106.739075,-6.332291],[106.738711,-6.332481],[106.738079,-6.332516],[106.737748,-6.331445],[106.737163,-6.33072],[106.736904,-6.330625],[106.736737,-6.330657],[106.736606,-6.330877],[106.736341,-6.331799],[106.73615,-6.332018],[106.734323,-6.332264],[106.730236,-6.332613],[106.730165,-6.333654],[106.730239,-6.334303],[106.730071,-6.334731],[106.729594,-6.335021],[106.728619,-6.33666],[106.728251,-6.336956],[106.727864,-6.337102],[106.72681,-6.337086],[106.726236,-6.336559],[106.725826,-6.33629],[106.725454,-6.336173],[106.724088,-6.336205],[106.724173,-6.336402],[106.724229,-6.337322],[106.724002,-6.338445],[106.723848,-6.338973],[106.723519,-6.339348],[106.723185,-6.340048],[106.723043,-6.342397],[106.723098,-6.342845],[106.723669,-6.342451],[106.724286,-6.342317],[106.724226,-6.342744],[106.724326,-6.342831],[106.724549,-6.343335],[106.724717,-6.343403],[106.725314,-6.343379],[106.725673,-6.343467],[106.726092,-6.343816],[106.726248,-6.344065],[106.726394,-6.344151],[106.726613,-6.344201],[106.726786,-6.344158],[106.727815,-6.343169],[106.727901,-6.343115],[106.728257,-6.343168],[106.728499,-6.34335],[106.728985,-6.343542],[106.729514,-6.343867],[106.729819,-6.344377],[106.730039,-6.344977],[106.730071,-6.345174],[106.730003,-6.345389],[106.729583,-6.345393],[106.729475,-6.345308],[106.728936,-6.344321],[106.728571,-6.343913],[106.728245,-6.343703],[106.72778,-6.343696],[106.727404,-6.343983],[106.72729,-6.344151],[106.727265,-6.344338],[106.72738,-6.344637],[106.727503,-6.344762],[106.728185,-6.344809],[106.72853,-6.345145],[106.728901,-6.345853],[106.728897,-6.346228],[106.728727,-6.34674],[106.728622,-6.346857],[106.728342,-6.346884],[106.727571,-6.346466],[106.726904,-6.345878],[106.726708,-6.345566],[106.726626,-6.344928],[106.726445,-6.344646],[106.725847,-6.344442],[106.725442,-6.343975],[106.725042,-6.343816],[106.724871,-6.343797],[106.7245,-6.343904],[106.724444,-6.343995],[106.724453,-6.344201],[106.7245,-6.344353],[106.725104,-6.345015],[106.725271,-6.345004],[106.725425,-6.345162],[106.725605,-6.345763],[106.725929,-6.346085],[106.72615,-6.346866],[106.726607,-6.347353],[106.727565,-6.347898],[106.727954,-6.348011],[106.729179,-6.349681],[106.729324,-6.350117],[106.729407,-6.350725],[106.729353,-6.351732],[106.729258,-6.352038],[106.729386,-6.352546],[106.728461,-6.353147],[106.728734,-6.354187],[106.728823,-6.354234],[106.729214,-6.354969],[106.729388,-6.355177],[106.730392,-6.357012],[106.731802,-6.359331],[106.731668,-6.3596],[106.73088,-6.360228]]]]},"properties":{"nama":"Pamulang Barat","kecamatan":"Pamulang","kota":"Kota Tangerang Selatan","tipe_kawasan":"Pusat aktivitas","kualitas_udara":"sehat","atribut":{"sumber_batas":"OSM","kualitas_udara":"contoh","stasiun":0,"rth":27,"poi":20}}},{"type":"Feature","geometry":{"type":"MultiPolygon","coordinates":[[[[106.748015,-6.360999],[106.747509,-6.360913],[106.746699,-6.360916],[106.746707,-6.360609],[106.746369,-6.360615],[106.746013,-6.360537],[106.746058,-6.359946],[106.74495,-6.359938],[106.744747,-6.360857],[106.743891,-6.360737],[106.743853,-6.360815],[106.743105,-6.360711],[106.742722,-6.360747],[106.740822,-6.360596],[106.740487,-6.360615],[106.740402,-6.360716],[106.740149,-6.360743],[106.740098,-6.360695],[106.739594,-6.360737],[106.739371,-6.360673],[106.737212,-6.360647],[106.73692,-6.360567],[106.736182,-6.360567],[106.736083,-6.36041],[106.736212,-6.359656],[106.73638,-6.359256],[106.736376,-6.359038],[106.736289,-6.358835],[106.736348,-6.358372],[106.736313,-6.357435],[106.736071,-6.35598],[106.736075,-6.355024],[106.736167,-6.354593],[106.736587,-6.35409],[106.737383,-6.352288],[106.737656,-6.351447],[106.738397,-6.351002],[106.739002,-6.350444],[106.739386,-6.349855],[106.739689,-6.348801],[106.739894,-6.348586],[106.740439,-6.348333],[106.740539,-6.348033],[106.740653,-6.347903],[106.740781,-6.34746],[106.741161,-6.347133],[106.741185,-6.346988],[106.740834,-6.345657],[106.74145,-6.344992],[106.741524,-6.344812],[106.741505,-6.344567],[106.741473,-6.344403],[106.741208,-6.344034],[106.740819,-6.343829],[106.740666,-6.343308],[106.740713,-6.343201],[106.742127,-6.342559],[106.741597,-6.341319],[106.74158,-6.340825],[106.741754,-6.340192],[106.741821,-6.340091],[106.742158,-6.340064],[106.742143,-6.339959],[106.741973,-6.339022],[106.741817,-6.338605],[106.742409,-6.338416],[106.742691,-6.338453],[106.742945,-6.338604],[106.743457,-6.338552],[106.743849,-6.337947],[106.743957,-6.337591],[106.744391,-6.337603],[106.744759,-6.337461],[106.744712,-6.33711],[106.744786,-6.336667],[106.745207,-6.336012],[106.745149,-6.335729],[106.744433,-6.335636],[106.744419,-6.334459],[106.744654,-6.333535],[106.74378,-6.333474],[106.743637,-6.333344],[106.743742,-6.333026],[106.744155,-6.332998],[106.744215,-6.332913],[106.744135,-6.332797],[106.74434,-6.332472],[106.744842,-6.33276],[106.745779,-6.332981],[106.745946,-6.333174],[106.746199,-6.333792],[106.746514,-6.335156],[106.746654,-6.335501],[106.746972,-6.335762],[106.747116,-6.33625],[106.74731,-6.338118],[106.747736,-6.339789],[106.748743,-6.341026],[106.749108,-6.341358],[106.749751,-6.341602],[106.749622,-6.352901],[106.749342,-6.354086],[106.748657,-6.356274],[106.748335,-6.357526],[106.748147,-6.360391],[106.748015,-6.360999]]]]},"properties":{"nama":"Pamulang Timur","kecamatan":"Pamulang","kota":"Kota Tangerang Selatan","tipe_kawasan":"Kawasan hijau","kualitas_udara":"sehat","atribut":{"sumber_batas":"OSM","kualitas_udara":"contoh","stasiun":0,"rth":9,"poi":3}}},{"type":"Feature","geometry":{"type":"MultiPolygon","coordinates":[[[[106.6787,-6.324474],[106.679858,-6.324179],[106.682367,-6.323385],[106.683152,-6.323276],[106.683274,-6.323681],[106.685904,-6.322821],[106.689497,-6.322066],[106.689743,-6.321587],[106.689497,-6.32079],[106.689515,-6.320411],[106.689636,-6.320105],[106.68997,-6.319699],[106.690145,-6.319154],[106.690167,-6.318769],[106.690069,-6.318163],[106.68982,-6.317636],[106.691269,-6.317322],[106.691177,-6.317002],[106.691322,-6.316943],[106.691355,-6.316482],[106.691612,-6.316479],[106.691577,-6.31605],[106.691258,-6.316061],[106.691183,-6.315021],[106.692366,-6.315005],[106.692414,-6.315656],[106.692586,-6.31572],[106.692749,-6.315693],[106.692851,-6.31601],[106.693216,-6.316002],[106.693342,-6.316442],[106.69408,-6.316424],[106.694147,-6.313531],[106.698519,-6.31432],[106.698535,-6.314104],[106.698449,-6.313976],[106.698291,-6.313923],[106.698301,-6.31292],[106.698741,-6.312923],[106.698926,-6.312777],[106.698929,-6.312574],[106.698197,-6.311518],[106.698052,-6.311513],[106.698041,-6.311228],[106.699061,-6.311188],[106.699044,-6.310257],[106.697926,-6.310359],[106.697862,-6.309495],[106.698202,-6.309476],[106.698208,-6.309212],[106.697684,-6.309231],[106.697593,-6.309039],[106.697422,-6.309058],[106.697129,-6.309348],[106.696233,-6.30841],[106.695885,-6.308407],[106.695625,-6.308556],[106.694836,-6.307714],[106.694528,-6.307517],[106.694096,-6.306698],[106.698782,-6.304551],[106.698954,-6.304697],[106.698988,-6.30493],[106.698884,-6.305107],[106.698568,-6.305287],[106.698518,-6.305575],[106.69905,-6.306422],[106.698941,-6.306967],[106.698995,-6.307113],[106.699811,-6.307197],[106.700191,-6.307118],[106.700349,-6.307013],[106.700474,-6.307055],[106.700511,-6.307216],[106.699989,-6.307615],[106.699945,-6.307804],[106.700068,-6.307938],[106.700633,-6.308099],[106.700855,-6.308058],[106.701446,-6.307532],[106.701579,-6.307548],[106.701898,-6.307797],[106.702208,-6.307913],[106.702611,-6.30756],[106.702766,-6.307495],[106.703445,-6.307636],[106.703625,-6.307849],[106.703614,-6.307937],[106.703385,-6.308197],[106.703272,-6.308686],[106.703385,-6.308979],[106.703533,-6.30903],[106.703842,-6.308847],[106.704156,-6.308856],[106.704489,-6.309323],[106.704573,-6.309765],[106.70463,-6.309818],[106.70493,-6.309986],[106.705352,-6.309859],[106.705594,-6.310184],[106.705406,-6.3107],[106.704651,-6.310807],[106.704673,-6.311598],[106.705263,-6.311571],[106.705463,-6.311678],[106.705871,-6.312125],[106.705777,-6.312615],[106.705408,-6.312937],[106.705322,-6.3132],[106.705609,-6.314087],[106.705552,-6.314171],[106.7056,-6.314246],[106.705472,-6.314471],[106.705522,-6.314853],[106.705457,-6.316253],[106.705485,-6.316388],[106.706018,-6.316798],[106.705707,-6.316988],[106.70546,-6.316835],[106.705342,-6.316922],[106.705328,-6.317049],[106.705412,-6.317303],[106.705842,-6.317914],[106.70586,-6.318288],[106.705722,-6.318585],[106.705381,-6.318774],[106.705106,-6.31957],[106.704975,-6.319783],[106.704728,-6.319972],[106.70451,-6.319976],[106.704276,-6.319854],[106.703902,-6.319769],[106.703666,-6.319826],[106.703628,-6.319925],[106.703673,-6.320119],[106.703941,-6.320588],[106.703607,-6.321026],[106.703596,-6.321122],[106.703212,-6.321772],[106.70289,-6.322012],[106.702684,-6.322083],[106.702361,-6.322799],[106.702068,-6.322904],[106.701977,-6.323473],[106.701793,-6.32368],[106.701781,-6.323883],[106.701812,-6.32397],[106.701973,-6.32405],[106.702786,-6.32408],[106.703166,-6.323971],[106.703606,-6.324227],[106.703894,-6.324794],[106.703805,-6.325322],[106.703811,-6.326004],[106.703746,-6.326419],[106.703573,-6.326773],[106.703218,-6.327188],[106.703054,-6.327142],[106.702809,-6.326885],[106.702625,-6.32698],[106.701816,-6.326906],[106.701344,-6.326996],[106.701083,-6.328144],[106.700834,-6.328354],[106.701351,-6.328438],[106.701675,-6.328606],[106.701701,-6.328702],[106.701486,-6.329446],[106.7013,-6.329557],[106.700643,-6.32961],[106.70049,-6.329568],[106.700321,-6.329308],[106.700016,-6.329301],[106.699918,-6.329411],[106.699899,-6.330226],[106.700042,-6.330393],[106.700597,-6.330556],[106.70083,-6.330699],[106.700883,-6.331647],[106.70041,-6.332426],[106.699483,-6.333069],[106.699346,-6.333314],[106.699387,-6.333502],[106.699735,-6.333961],[106.699905,-6.334028],[106.700589,-6.333988],[106.700704,-6.333442],[106.700833,-6.333329],[106.701224,-6.33351],[106.701426,-6.333784],[106.70179,-6.333841],[106.701854,-6.333979],[106.701865,-6.334283],[106.701721,-6.334965],[106.701844,-6.335246],[106.698701,-6.33606],[106.697227,-6.335962],[106.695954,-6.335961],[106.695319,-6.336552],[106.695016,-6.336684],[106.694458,-6.336658],[106.69331,-6.336278],[106.691817,-6.336312],[106.691509,-6.336261],[106.690026,-6.335684],[106.689502,-6.335588],[106.687592,-6.335914],[106.684781,-6.336014],[106.683444,-6.335895],[106.683527,-6.335703],[106.683851,-6.335471],[106.683982,-6.335258],[106.684293,-6.335053],[106.684354,-6.334813],[106.684324,-6.334722],[106.683914,-6.334577],[106.683659,-6.334378],[106.683426,-6.333947],[106.683332,-6.333446],[106.683172,-6.333148],[106.683118,-6.332831],[106.683228,-6.332464],[106.683136,-6.331722],[106.682839,-6.331255],[106.681777,-6.327678],[106.681256,-6.327124],[106.680405,-6.32682],[106.680193,-6.32662],[106.679013,-6.326026],[106.678842,-6.325794],[106.678672,-6.325351],[106.6787,-6.324474]]]]},"properties":{"nama":"Ciater","kecamatan":"Serpong","kota":"Kota Tangerang Selatan","tipe_kawasan":"Kawasan hijau","kualitas_udara":"sehat","atribut":{"sumber_batas":"OSM","kualitas_udara":"contoh","stasiun":0,"rth":7,"poi":1}}},{"type":"Feature","geometry":{"type":"MultiPolygon","coordinates":[[[[106.684292,-6.350639],[106.685297,-6.350662],[106.686578,-6.351522],[106.686413,-6.350209],[106.687774,-6.350232],[106.689325,-6.349844],[106.689838,-6.349534],[106.690435,-6.348433],[106.690797,-6.348406],[106.691009,-6.348254],[106.691668,-6.348514],[106.691878,-6.348433],[106.692831,-6.348563],[106.693093,-6.348498],[106.69349,-6.348508],[106.693527,-6.348099],[106.69447,-6.348077],[106.694498,-6.347892],[106.694356,-6.347791],[106.694288,-6.347219],[106.694317,-6.347031],[106.694416,-6.346988],[106.694357,-6.34665],[106.694456,-6.346575],[106.694408,-6.345964],[106.694856,-6.346],[106.695053,-6.346093],[106.695171,-6.346046],[106.69569,-6.344899],[106.695938,-6.344567],[106.696254,-6.344372],[106.69663,-6.34445],[106.696841,-6.344424],[106.697248,-6.344631],[106.697274,-6.345264],[106.698108,-6.34511],[106.698132,-6.344957],[106.698931,-6.344823],[106.699269,-6.345566],[106.699301,-6.346018],[106.699344,-6.346073],[106.699908,-6.346091],[106.699812,-6.34694],[106.699986,-6.346964],[106.699945,-6.347166],[106.700395,-6.347131],[106.700542,-6.348037],[106.70044,-6.348135],[106.700486,-6.348426],[106.701379,-6.348317],[106.701511,-6.348709],[106.70199,-6.348649],[106.702019,-6.34884],[106.702309,-6.348789],[106.702362,-6.348697],[106.702741,-6.348698],[106.702837,-6.348619],[106.703369,-6.34864],[106.703651,-6.348722],[106.703977,-6.348657],[106.704031,-6.348336],[106.704213,-6.348462],[106.70434,-6.348095],[106.704606,-6.348092],[106.704949,-6.347895],[106.705579,-6.347764],[106.705821,-6.347812],[106.706194,-6.348094],[106.706387,-6.348822],[106.706614,-6.349242],[106.706956,-6.349129],[106.707959,-6.348619],[106.708479,-6.348574],[106.70853,-6.348356],[106.708918,-6.348245],[106.709075,-6.34851],[106.709524,-6.348553],[106.710017,-6.348476],[106.710306,-6.348592],[106.710415,-6.348416],[106.711427,-6.348343],[106.71106,-6.347262],[106.710878,-6.346372],[106.710846,-6.345992],[106.711028,-6.345728],[106.710982,-6.345487],[106.711032,-6.345258],[106.710266,-6.344628],[106.710146,-6.344126],[106.710118,-6.343428],[106.710362,-6.343303],[106.710417,-6.342891],[106.710475,-6.34282],[106.710818,-6.34279],[106.710882,-6.342713],[106.710859,-6.342616],[106.710502,-6.342318],[106.710288,-6.34234],[106.709873,-6.342718],[106.709737,-6.342965],[106.709602,-6.342967],[106.709464,-6.342674],[106.709049,-6.342479],[106.708738,-6.342089],[106.706426,-6.341136],[106.706261,-6.340889],[106.705794,-6.340848],[106.70536,-6.340846],[106.704989,-6.340931],[106.704842,-6.341129],[106.704622,-6.341088],[106.704532,-6.340717],[106.704558,-6.340511],[106.704763,-6.340393],[106.704796,-6.340182],[106.704981,-6.340072],[106.705022,-6.33998],[106.704849,-6.339573],[106.70464,-6.339559],[106.704439,-6.339793],[106.704236,-6.339698],[106.703918,-6.3397],[106.703512,-6.340026],[106.703298,-6.340048],[106.70317,-6.33997],[106.703048,-6.339664],[106.703015,-6.339112],[106.703186,-6.338887],[106.703477,-6.338013],[106.703472,-6.337646],[106.703324,-6.33727],[106.703215,-6.337199],[106.70225,-6.337184],[106.702009,-6.337136],[106.701906,-6.337052],[106.701845,-6.336323],[106.701886,-6.335846],[106.701814,-6.335591],[106.701844,-6.335246],[106.698701,-6.33606],[106.697227,-6.335962],[106.695954,-6.335961],[106.695213,-6.336619],[106.69476,-6.336694],[106.694458,-6.336658],[106.69331,-6.336278],[106.691817,-6.336312],[106.691509,-6.336261],[106.690026,-6.335684],[106.689502,-6.335588],[106.687592,-6.335914],[106.684781,-6.336014],[106.683444,-6.335895],[106.683222,-6.336202],[106.683175,-6.336405],[106.683211,-6.33677],[106.683385,-6.337262],[106.683365,-6.337809],[106.682997,-6.338679],[106.682877,-6.338777],[106.682361,-6.338751],[106.682177,-6.338911],[106.682196,-6.339228],[106.682339,-6.339421],[106.682632,-6.339601],[106.682726,-6.339827],[106.68233,-6.340245],[106.682272,-6.34086],[106.682632,-6.341399],[106.682658,-6.341869],[106.683102,-6.342581],[106.683389,-6.342657],[106.683691,-6.342401],[106.683788,-6.342542],[106.683701,-6.343098],[106.683412,-6.343537],[106.683076,-6.343722],[106.683098,-6.34391],[106.683341,-6.344112],[106.683466,-6.34442],[106.683571,-6.344944],[106.683571,-6.345771],[106.68402,-6.346781],[106.684181,-6.346983],[106.684273,-6.347629],[106.684217,-6.347796],[106.684112,-6.347877],[106.683654,-6.347952],[106.683432,-6.348375],[106.683005,-6.348455],[106.682649,-6.349367],[106.682182,-6.349615],[106.682158,-6.34989],[106.682365,-6.350412],[106.682537,-6.350652],[106.682896,-6.350959],[106.683036,-6.350945],[106.683476,-6.350678],[106.684292,-6.350639]]]]},"properties":{"nama":"Buaran","kecamatan":"Serpong","kota":"Kota Tangerang Selatan","tipe_kawasan":"Kawasan hijau","kualitas_udara":"sehat","atribut":{"sumber_batas":"OSM","kualitas_udara":"contoh","stasiun":0,"rth":4,"poi":5}}},{"type":"Feature","geometry":{"type":"MultiPolygon","coordinates":[[[[106.700469,-6.359027],[106.702686,-6.359133],[106.702128,-6.358767],[106.702011,-6.358213],[106.70222,-6.358117],[106.703159,-6.358117],[106.703746,-6.357833],[106.704355,-6.357678],[106.704762,-6.355794],[106.703963,-6.354092],[106.703601,-6.353096],[106.703783,-6.351729],[106.70372,-6.351372],[106.703837,-6.351229],[106.703875,-6.351009],[106.704057,-6.350637],[106.704068,-6.350365],[106.704009,-6.350136],[106.703698,-6.349661],[106.703672,-6.349054],[106.70376,-6.348868],[106.703977,-6.348657],[106.703651,-6.348722],[106.703369,-6.34864],[106.702837,-6.348619],[106.702741,-6.348698],[106.702362,-6.348697],[106.702309,-6.348789],[106.702019,-6.34884],[106.70199,-6.348649],[106.701511,-6.348709],[106.701379,-6.348317],[106.700486,-6.348426],[106.70044,-6.348135],[106.700542,-6.348037],[106.700395,-6.347131],[106.699945,-6.347166],[106.699986,-6.346964],[106.699812,-6.34694],[106.699908,-6.346091],[106.699344,-6.346073],[106.699301,-6.346018],[106.699269,-6.345566],[106.698931,-6.344823],[106.698132,-6.344957],[106.698108,-6.34511],[106.697274,-6.345264],[106.697248,-6.344631],[106.696841,-6.344424],[106.69663,-6.34445],[106.696338,-6.344372],[106.695938,-6.344567],[106.69569,-6.344899],[106.695171,-6.346046],[106.695053,-6.346093],[106.694856,-6.346],[106.694408,-6.345964],[106.694456,-6.346575],[106.694357,-6.34665],[106.694416,-6.346988],[106.694317,-6.347031],[106.694288,-6.347219],[106.694356,-6.347791],[106.694498,-6.347892],[106.69447,-6.348077],[106.693527,-6.348099],[106.69349,-6.348508],[106.693093,-6.348498],[106.692831,-6.348563],[106.691878,-6.348433],[106.691668,-6.348514],[106.691009,-6.348254],[106.690797,-6.348406],[106.690435,-6.348433],[106.689838,-6.349534],[106.689325,-6.349844],[106.687774,-6.350232],[106.686413,-6.350209],[106.686578,-6.351522],[106.685297,-6.350662],[106.684292,-6.350639],[106.684386,-6.350821],[106.684401,-6.351069],[106.684551,-6.35119],[106.684844,-6.35116],[106.685555,-6.351425],[106.68555,-6.352795],[106.685691,-6.353015],[106.686507,-6.353503],[106.687563,-6.353873],[106.68779,-6.354084],[106.687894,-6.3545],[106.688103,-6.354744],[106.688153,-6.35491],[106.68802,-6.354988],[106.68737,-6.355047],[106.68691,-6.354838],[106.686545,-6.354571],[106.686431,-6.354572],[106.686174,-6.355089],[106.685966,-6.355177],[106.685776,-6.355139],[106.685699,-6.355335],[106.685424,-6.355402],[106.685311,-6.355594],[106.685003,-6.355843],[106.684893,-6.356011],[106.684872,-6.35632],[106.684638,-6.356749],[106.684617,-6.356897],[106.684676,-6.357147],[106.685024,-6.357584],[106.685032,-6.357712],[106.68498,-6.357835],[106.684068,-6.358381],[106.683965,-6.358546],[106.683969,-6.358658],[106.68427,-6.359221],[106.685054,-6.359236],[106.686366,-6.359105],[106.688965,-6.359164],[106.690417,-6.358902],[106.69299,-6.358882],[106.694705,-6.358787],[106.695855,-6.358882],[106.698116,-6.358794],[106.699053,-6.359009],[106.700469,-6.359027]]]]},"properties":{"nama":"Babakan","kecamatan":"Setu","kota":"Kota Tangerang Selatan","tipe_kawasan":"Permukiman","kualitas_udara":"kurang_sehat","atribut":{"sumber_batas":"OSM","kualitas_udara":"contoh","stasiun":0,"rth":0,"poi":0}}},{"type":"Feature","geometry":{"type":"MultiPolygon","coordinates":[[[[106.702686,-6.359133],[106.702128,-6.358767],[106.702011,-6.358213],[106.70222,-6.358117],[106.703159,-6.358117],[106.703746,-6.357833],[106.704355,-6.357678],[106.704761,-6.35594],[106.704668,-6.355553],[106.703963,-6.354092],[106.703601,-6.353096],[106.703783,-6.351729],[106.70372,-6.351372],[106.703837,-6.351229],[106.703875,-6.351009],[106.704057,-6.350637],[106.704068,-6.350365],[106.704009,-6.350136],[106.703698,-6.349661],[106.703672,-6.349054],[106.70376,-6.348868],[106.703956,-6.348728],[106.704031,-6.348336],[106.704213,-6.348462],[106.70434,-6.348095],[106.704606,-6.348092],[106.705137,-6.347842],[106.705579,-6.347764],[106.705821,-6.347812],[106.706194,-6.348094],[106.706387,-6.348822],[106.706614,-6.349242],[106.706956,-6.349129],[106.707959,-6.348619],[106.708479,-6.348574],[106.70853,-6.348356],[106.708918,-6.348245],[106.709075,-6.34851],[106.709524,-6.348553],[106.710017,-6.348476],[106.710306,-6.348592],[106.710415,-6.348416],[106.711427,-6.348343],[106.711475,-6.348752],[106.711615,-6.349057],[106.71199,-6.349317],[106.712329,-6.349712],[106.712592,-6.350158],[106.713325,-6.351007],[106.71394,-6.351506],[106.714458,-6.351701],[106.714729,-6.351693],[106.715163,-6.351561],[106.71532,-6.351638],[106.715403,-6.351812],[106.715292,-6.352353],[106.7153,-6.352753],[106.715491,-6.353281],[106.715853,-6.35365],[106.716491,-6.354496],[106.716701,-6.354507],[106.717266,-6.354283],[106.718013,-6.354223],[106.718142,-6.35428],[106.718592,-6.354913],[106.718938,-6.355493],[106.718898,-6.355586],[106.718426,-6.355773],[106.718326,-6.355874],[106.718479,-6.356284],[106.718635,-6.357167],[106.718603,-6.357959],[106.718685,-6.358271],[106.719239,-6.359743],[106.719561,-6.359786],[106.720558,-6.360276],[106.720387,-6.36082],[106.7206,-6.36123],[106.720435,-6.361096],[106.71993,-6.360998],[106.719679,-6.361326],[106.719426,-6.361951],[106.719175,-6.36207],[106.718627,-6.361863],[106.718421,-6.36172],[106.718362,-6.361508],[106.718393,-6.361186],[106.71869,-6.360579],[106.718936,-6.359792],[106.718786,-6.358718],[106.718638,-6.3587],[106.718515,-6.358867],[106.718205,-6.3587],[106.717742,-6.358695],[106.717161,-6.35879],[106.716122,-6.358745],[106.715999,-6.358652],[106.714254,-6.358792],[106.712555,-6.358706],[106.711826,-6.358605],[106.709756,-6.358711],[106.706897,-6.358426],[106.705457,-6.35857],[106.704007,-6.359033],[106.702686,-6.359133]]]]},"properties":{"nama":"Bhakti Jaya","kecamatan":"Setu","kota":"Kota Tangerang Selatan","tipe_kawasan":"Kawasan hijau","kualitas_udara":"sehat","atribut":{"sumber_batas":"OSM","kualitas_udara":"contoh","stasiun":0,"rth":4,"poi":1}}},{"type":"Feature","geometry":{"type":"MultiPolygon","coordinates":[[[[106.749896,-6.312115],[106.750186,-6.311422],[106.750342,-6.311246],[106.750411,-6.310756],[106.750546,-6.310553],[106.750881,-6.310407],[106.751028,-6.309071],[106.750873,-6.308751],[106.750926,-6.308591],[106.751184,-6.308532],[106.751291,-6.308084],[106.751326,-6.307539],[106.751127,-6.307473],[106.751146,-6.307285],[106.750993,-6.307083],[106.750897,-6.306454],[106.750553,-6.306001],[106.750671,-6.304951],[106.750599,-6.304725],[106.750052,-6.30456],[106.749939,-6.304347],[106.749038,-6.303868],[106.745226,-6.304829],[106.745168,-6.305084],[106.745069,-6.30519],[106.74519,-6.305422],[106.745227,-6.305684],[106.74511,-6.306038],[106.745171,-6.306367],[106.745034,-6.308036],[106.744933,-6.308605],[106.74478,-6.309],[106.744783,-6.309415],[106.744918,-6.30961],[106.744758,-6.310033],[106.74486,-6.310245],[106.744707,-6.310449],[106.744833,-6.31081],[106.744126,-6.31083],[106.744125,-6.311635],[106.743738,-6.312413],[106.743528,-6.313669],[106.74319,-6.314407],[106.742755,-6.316289],[106.742876,-6.316404],[106.742946,-6.316397],[106.743366,-6.316859],[106.743427,-6.317448],[106.743398,-6.3176],[106.742859,-6.318266],[106.742722,-6.318781],[106.742889,-6.318904],[106.742907,-6.319144],[106.742814,-6.320501],[106.74293,-6.32153],[106.742867,-6.324268],[106.742699,-6.3245],[106.742137,-6.324842],[106.74083,-6.325202],[106.740698,-6.325712],[106.740724,-6.325963],[106.740852,-6.326015],[106.740824,-6.326206],[106.740686,-6.326456],[106.740621,-6.327397],[106.740659,-6.327568],[106.74155,-6.327979],[106.741691,-6.328243],[106.741721,-6.328433],[106.741298,-6.328655],[106.741237,-6.328749],[106.741375,-6.329026],[106.74155,-6.329208],[106.74183,-6.329351],[106.741888,-6.329474],[106.741829,-6.330109],[106.741911,-6.330264],[106.742448,-6.3308],[106.743145,-6.331119],[106.743515,-6.331825],[106.74434,-6.332472],[106.744842,-6.33276],[106.745779,-6.332981],[106.745954,-6.333196],[106.747969,-6.33227],[106.748314,-6.331442],[106.747533,-6.329847],[106.747475,-6.329388],[106.747653,-6.329314],[106.747478,-6.328956],[106.747308,-6.328228],[106.746609,-6.324143],[106.746383,-6.322076],[106.746004,-6.320621],[106.745977,-6.320191],[106.74656,-6.317184],[106.746886,-6.314876],[106.747105,-6.312661],[106.747239,-6.312133],[106.747666,-6.311494],[106.748026,-6.311344],[106.748248,-6.311392],[106.749132,-6.31189],[106.749896,-6.312115]]]]},"properties":{"nama":"Ciputat","kecamatan":"Ciputat","kota":"Kota Tangerang Selatan","tipe_kawasan":"Kawasan hijau","kualitas_udara":"sehat","atribut":{"sumber_batas":"OSM","kualitas_udara":"contoh","stasiun":0,"rth":7,"poi":6}}},{"type":"Feature","geometry":{"type":"MultiPolygon","coordinates":[[[[106.732246,-6.305641],[106.732303,-6.30622],[106.732045,-6.306247],[106.732148,-6.306921],[106.731911,-6.307106],[106.732008,-6.307326],[106.731787,-6.308869],[106.73169,-6.310246],[106.731892,-6.310745],[106.732163,-6.310915],[106.732157,-6.31124],[106.732209,-6.311336],[106.732465,-6.311392],[106.732487,-6.311889],[106.732381,-6.312989],[106.732811,-6.313115],[106.733233,-6.313539],[106.733867,-6.313945],[106.734264,-6.314308],[106.734451,-6.314585],[106.734602,-6.315101],[106.734981,-6.315915],[106.735388,-6.31633],[106.735949,-6.316737],[106.736437,-6.317267],[106.736284,-6.31827],[106.734685,-6.318238],[106.734635,-6.31886],[106.734416,-6.319378],[106.734341,-6.319732],[106.734381,-6.320134],[106.734652,-6.32109],[106.735363,-6.322207],[106.735595,-6.32279],[106.735558,-6.323269],[106.735397,-6.323748],[106.734941,-6.32463],[106.734702,-6.324631],[106.734597,-6.324756],[106.734665,-6.325109],[106.734934,-6.325348],[106.735298,-6.325509],[106.736254,-6.325515],[106.736849,-6.325156],[106.737286,-6.325148],[106.738387,-6.325575],[106.739069,-6.326243],[106.740056,-6.326919],[106.740209,-6.326938],[106.740331,-6.326344],[106.740455,-6.326104],[106.740574,-6.325994],[106.74073,-6.326021],[106.740698,-6.325712],[106.74083,-6.325202],[106.742137,-6.324842],[106.742699,-6.3245],[106.742848,-6.32433],[106.74293,-6.32153],[106.742803,-6.320327],[106.742897,-6.319409],[106.742871,-6.318888],[106.742722,-6.318781],[106.742859,-6.318266],[106.743398,-6.3176],[106.743412,-6.31703],[106.743337,-6.316819],[106.742946,-6.316397],[106.742876,-6.316404],[106.742755,-6.316289],[106.74319,-6.314407],[106.743528,-6.313669],[106.743738,-6.312413],[106.744125,-6.311635],[106.744126,-6.31083],[106.744833,-6.31081],[106.744707,-6.310449],[106.74486,-6.310245],[106.744758,-6.310033],[106.744918,-6.30961],[106.744783,-6.309415],[106.74478,-6.309],[106.744933,-6.308605],[106.745034,-6.308036],[106.745171,-6.306367],[106.74511,-6.306038],[106.745227,-6.305684],[106.745188,-6.305548],[106.74506,-6.305673],[106.744815,-6.3056],[106.744662,-6.305646],[106.744175,-6.305243],[106.743847,-6.305212],[106.743578,-6.3053],[106.743606,-6.304814],[106.743449,-6.304398],[106.741259,-6.304681],[106.741129,-6.305002],[106.740696,-6.305041],[106.74058,-6.305183],[106.739193,-6.305144],[106.738893,-6.305726],[106.739073,-6.306017],[106.738152,-6.305644],[106.737315,-6.305443],[106.737186,-6.305321],[106.737028,-6.305275],[106.735478,-6.305101],[106.735137,-6.304994],[106.734047,-6.30521],[106.734001,-6.305312],[106.732568,-6.305531],[106.732246,-6.305641]]]]},"properties":{"nama":"Kedaung","kecamatan":"Pamulang","kota":"Kota Tangerang Selatan","tipe_kawasan":"Permukiman","kualitas_udara":"sehat","atribut":{"sumber_batas":"OSM","kualitas_udara":"contoh","stasiun":0,"rth":2,"poi":3}}},{"type":"Feature","geometry":{"type":"MultiPolygon","coordinates":[[[[106.718633,-6.305194],[106.718611,-6.306294],[106.718845,-6.307376],[106.718906,-6.307981],[106.719491,-6.309448],[106.719684,-6.30964],[106.721104,-6.310316],[106.72222,-6.311042],[106.722482,-6.312158],[106.722413,-6.312448],[106.721889,-6.312909],[106.721805,-6.313054],[106.72185,-6.313481],[106.721481,-6.315491],[106.72133,-6.31689],[106.72076,-6.317361],[106.719762,-6.31722],[106.71974,-6.318163],[106.720255,-6.319046],[106.720201,-6.31957],[106.720572,-6.319708],[106.720508,-6.320026],[106.720469,-6.321177],[106.720538,-6.321431],[106.72102,-6.322095],[106.721161,-6.323179],[106.721725,-6.323354],[106.722831,-6.324384],[106.722974,-6.324664],[106.723055,-6.325213],[106.724379,-6.32464],[106.725384,-6.324002],[106.725875,-6.323781],[106.7264,-6.32387],[106.726547,-6.323601],[106.72714,-6.32354],[106.728188,-6.323588],[106.72926,-6.323441],[106.72942,-6.323319],[106.729676,-6.323346],[106.730388,-6.323377],[106.730346,-6.322932],[106.7304,-6.322494],[106.730343,-6.322343],[106.730391,-6.322016],[106.730509,-6.321534],[106.730876,-6.320795],[106.73107,-6.320673],[106.731434,-6.320129],[106.731457,-6.320023],[106.731353,-6.319788],[106.731291,-6.31936],[106.731373,-6.319216],[106.731928,-6.319033],[106.732788,-6.319007],[106.733246,-6.318818],[106.733556,-6.31881],[106.733767,-6.318715],[106.734179,-6.318757],[106.73427,-6.318644],[106.734354,-6.318247],[106.736305,-6.318257],[106.736437,-6.317267],[106.735949,-6.316737],[106.735388,-6.31633],[106.734981,-6.315915],[106.734317,-6.314368],[106.733867,-6.313945],[106.733158,-6.313477],[106.732862,-6.313151],[106.732381,-6.312989],[106.732487,-6.311889],[106.732465,-6.311392],[106.732209,-6.311336],[106.732157,-6.31124],[106.732163,-6.310915],[106.731892,-6.310745],[106.73169,-6.310246],[106.731787,-6.308869],[106.732008,-6.307326],[106.731911,-6.307106],[106.732148,-6.306921],[106.732045,-6.306247],[106.732303,-6.30622],[106.732246,-6.305641],[106.727851,-6.306097],[106.724191,-6.305885],[106.721954,-6.305458],[106.718633,-6.305194]]]]},"properties":{"nama":"Serua Indah","kecamatan":"Ciputat","kota":"Kota Tangerang Selatan","tipe_kawasan":"Pusat aktivitas","kualitas_udara":"sehat","atribut":{"sumber_batas":"OSM","kualitas_udara":"contoh","stasiun":0,"rth":4,"poi":11}}},{"type":"Feature","geometry":{"type":"MultiPolygon","coordinates":[[[[106.74434,-6.332472],[106.743515,-6.331825],[106.743145,-6.331119],[106.742448,-6.3308],[106.741911,-6.330264],[106.741829,-6.330109],[106.741888,-6.329474],[106.74183,-6.329351],[106.74155,-6.329208],[106.741375,-6.329026],[106.741237,-6.328749],[106.741298,-6.328655],[106.741721,-6.328433],[106.741691,-6.328243],[106.74155,-6.327979],[106.740659,-6.327568],[106.740621,-6.327397],[106.740686,-6.326456],[106.740824,-6.326206],[106.740852,-6.326015],[106.740724,-6.325963],[106.74073,-6.326021],[106.740574,-6.325994],[106.740455,-6.326104],[106.740331,-6.326344],[106.740209,-6.326938],[106.740056,-6.326919],[106.739069,-6.326243],[106.738387,-6.325575],[106.737286,-6.325148],[106.736849,-6.325156],[106.736254,-6.325515],[106.735298,-6.325509],[106.734934,-6.325348],[106.734665,-6.325109],[106.734597,-6.324756],[106.734702,-6.324631],[106.734941,-6.32463],[106.735397,-6.323748],[106.735558,-6.323269],[106.735595,-6.32279],[106.735363,-6.322207],[106.734652,-6.32109],[106.734381,-6.320134],[106.734341,-6.319732],[106.734416,-6.319378],[106.734635,-6.31886],[106.734685,-6.318238],[106.734354,-6.318247],[106.73427,-6.318644],[106.734179,-6.318757],[106.733767,-6.318715],[106.733556,-6.31881],[106.733246,-6.318818],[106.732788,-6.319007],[106.731928,-6.319033],[106.731441,-6.319166],[106.731289,-6.319312],[106.731353,-6.319788],[106.731457,-6.320023],[106.731434,-6.320129],[106.73107,-6.320673],[106.730876,-6.320795],[106.730509,-6.321534],[106.730391,-6.322016],[106.730343,-6.322343],[106.7304,-6.322494],[106.730346,-6.322932],[106.730388,-6.323377],[106.72942,-6.323319],[106.72926,-6.323441],[106.728188,-6.323588],[106.72714,-6.32354],[106.726547,-6.323601],[106.7264,-6.32387],[106.72597,-6.323786],[106.725708,-6.323829],[106.724379,-6.32464],[106.723055,-6.325213],[106.723618,-6.326072],[106.723747,-6.326465],[106.723799,-6.326889],[106.723776,-6.327387],[106.72369,-6.327733],[106.723,-6.329565],[106.722958,-6.330044],[106.722983,-6.330523],[106.723099,-6.330802],[106.723699,-6.331609],[106.723634,-6.333156],[106.72389,-6.334375],[106.723789,-6.335091],[106.723802,-6.335576],[106.723842,-6.335881],[106.724097,-6.336214],[106.725454,-6.336173],[106.725826,-6.33629],[106.726236,-6.336559],[106.72681,-6.337086],[106.727864,-6.337102],[106.728251,-6.336956],[106.728619,-6.33666],[106.729594,-6.335021],[106.730071,-6.334731],[106.730239,-6.334303],[106.730165,-6.333654],[106.730236,-6.332613],[106.734323,-6.332264],[106.73615,-6.332018],[106.736341,-6.331799],[106.736606,-6.330877],[106.736737,-6.330657],[106.736904,-6.330625],[106.737163,-6.33072],[106.737748,-6.331445],[106.738079,-6.332516],[106.738711,-6.332481],[106.739075,-6.332291],[106.739256,-6.331967],[106.739545,-6.331826],[106.740346,-6.331792],[106.741082,-6.331371],[106.741178,-6.331467],[106.741849,-6.331557],[106.742339,-6.331775],[106.742521,-6.332361],[106.743251,-6.332977],[106.743259,-6.333257],[106.74367,-6.333351],[106.743742,-6.333026],[106.744155,-6.332998],[106.744215,-6.332913],[106.744135,-6.332797],[106.74434,-6.332472]]]]},"properties":{"nama":"Bambu Apus","kecamatan":"Pamulang","kota":"Kota Tangerang Selatan","tipe_kawasan":"Kawasan hijau","kualitas_udara":"sehat","atribut":{"sumber_batas":"OSM","kualitas_udara":"contoh","stasiun":0,"rth":7,"poi":4}}},{"type":"Feature","geometry":{"type":"MultiPolygon","coordinates":[[[[106.798943,-6.315197],[106.796991,-6.315269],[106.795749,-6.315202],[106.795046,-6.315337],[106.794478,-6.315305],[106.794473,-6.315365],[106.793133,-6.315429],[106.793177,-6.315778],[106.79242,-6.315779],[106.791983,-6.315609],[106.791496,-6.31501],[106.791233,-6.314786],[106.790678,-6.314625],[106.790356,-6.314673],[106.790201,-6.314822],[106.789562,-6.316057],[106.789372,-6.316637],[106.787645,-6.316546],[106.786719,-6.316572],[106.7856,-6.316326],[106.783939,-6.316375],[106.782967,-6.316586],[106.782557,-6.315889],[106.781642,-6.316003],[106.780988,-6.316453],[106.780364,-6.316576],[106.780136,-6.316703],[106.77994,-6.316655],[106.780021,-6.316513],[106.780013,-6.316355],[106.779935,-6.316557],[106.779734,-6.316697],[106.779483,-6.316745],[106.779002,-6.316966],[106.778857,-6.317043],[106.778734,-6.317219],[106.778722,-6.317352],[106.778834,-6.317506],[106.779363,-6.317649],[106.779464,-6.317818],[106.779476,-6.31817],[106.779365,-6.318844],[106.778882,-6.319737],[106.778877,-6.320362],[106.779126,-6.321118],[106.779327,-6.321326],[106.77934,-6.321438],[106.779079,-6.321976],[106.77845,-6.32222],[106.778305,-6.322595],[106.77816,-6.322798],[106.777854,-6.323016],[106.777769,-6.323182],[106.777888,-6.323346],[106.778214,-6.323454],[106.778639,-6.323479],[106.77897,-6.324147],[106.779045,-6.324717],[106.782485,-6.323968],[106.782335,-6.323232],[106.783376,-6.32303],[106.783322,-6.322827],[106.783955,-6.322678],[106.784073,-6.323115],[106.78639,-6.323051],[106.787002,-6.323232],[106.786959,-6.323574],[106.788719,-6.323744],[106.788847,-6.323819],[106.789362,-6.323798],[106.789716,-6.325258],[106.790103,-6.326367],[106.790124,-6.326655],[106.790049,-6.326943],[106.790382,-6.327402],[106.790618,-6.32754],[106.790736,-6.327956],[106.791315,-6.328639],[106.791197,-6.329023],[106.790832,-6.329161],[106.790682,-6.329449],[106.790425,-6.329598],[106.790328,-6.329726],[106.790307,-6.32995],[106.790414,-6.330142],[106.790779,-6.329961],[106.791294,-6.329961],[106.792377,-6.330302],[106.793515,-6.330398],[106.794748,-6.330398],[106.794738,-6.331038],[106.797559,-6.331507],[106.797602,-6.330718],[106.797752,-6.33011],[106.797774,-6.329662],[106.79757,-6.329236],[106.79713,-6.328724],[106.796765,-6.328042],[106.797195,-6.327956],[106.798031,-6.327988],[106.798139,-6.326996],[106.798321,-6.326154],[106.79816,-6.326101],[106.798332,-6.325568],[106.799029,-6.32448],[106.799211,-6.323968],[106.799405,-6.32288],[106.799222,-6.322859],[106.799244,-6.322091],[106.79934,-6.321505],[106.799512,-6.3211],[106.799276,-6.320897],[106.799147,-6.32047],[106.799179,-6.319905],[106.799072,-6.319607],[106.799093,-6.318977],[106.799008,-6.318274],[106.799426,-6.318199],[106.799405,-6.317762],[106.799201,-6.317282],[106.798772,-6.316951],[106.798632,-6.316567],[106.798621,-6.315981],[106.798943,-6.315197]]]]},"properties":{"nama":"Pangkalanjati","kecamatan":"Cinere","kota":"Kota Depok","tipe_kawasan":"Permukiman","kualitas_udara":"sehat","atribut":{"sumber_batas":"OSM","kualitas_udara":"contoh","stasiun":0,"rth":2,"poi":3}}},{"type":"Feature","geometry":{"type":"MultiPolygon","coordinates":[[[[106.807388,-6.320882],[106.807414,-6.320695],[106.807329,-6.320278],[106.807552,-6.319987],[106.807541,-6.319889],[106.807251,-6.319512],[106.80762,-6.318983],[106.808084,-6.318779],[106.808084,-6.318639],[106.807808,-6.318278],[106.807687,-6.317973],[106.807682,-6.317677],[106.807825,-6.31736],[106.807985,-6.317296],[106.808267,-6.316854],[106.808781,-6.316772],[106.808821,-6.316506],[106.808661,-6.316411],[106.80859,-6.316176],[106.808746,-6.316059],[106.80901,-6.316123],[106.809164,-6.315842],[106.809225,-6.315602],[106.809184,-6.314931],[106.809091,-6.314623],[106.806398,-6.314887],[106.806384,-6.31494],[106.801846,-6.315038],[106.801847,-6.315085],[106.798943,-6.315197],[106.798621,-6.315981],[106.798632,-6.316567],[106.798772,-6.316951],[106.799201,-6.317282],[106.799405,-6.317762],[106.799426,-6.318199],[106.799008,-6.318274],[106.799093,-6.318977],[106.799072,-6.319607],[106.799179,-6.319905],[106.799147,-6.32047],[106.799276,-6.320897],[106.799512,-6.3211],[106.79934,-6.321505],[106.799244,-6.322091],[106.799222,-6.322859],[106.799405,-6.32288],[106.799211,-6.323968],[106.799029,-6.32448],[106.798332,-6.325568],[106.79816,-6.326101],[106.798321,-6.326154],[106.798139,-6.326996],[106.798031,-6.327988],[106.797195,-6.327956],[106.796765,-6.328042],[106.79713,-6.328724],[106.79757,-6.329236],[106.797774,-6.329662],[106.797484,-6.331827],[106.796915,-6.332627],[106.797055,-6.332744],[106.797431,-6.332669],[106.798085,-6.332808],[106.799104,-6.33316],[106.799389,-6.333406],[106.799701,-6.333524],[106.799798,-6.333403],[106.79995,-6.333358],[106.800114,-6.333454],[106.801048,-6.333687],[106.801417,-6.333653],[106.801637,-6.333551],[106.801799,-6.33338],[106.801923,-6.332866],[106.801856,-6.332382],[106.801804,-6.332275],[106.801415,-6.332034],[106.801285,-6.331802],[106.801298,-6.33157],[106.801561,-6.331249],[106.801893,-6.331333],[106.802006,-6.331287],[106.80231,-6.33105],[106.802628,-6.330674],[106.803099,-6.330491],[106.803456,-6.329907],[106.803326,-6.328527],[106.803376,-6.327684],[106.803556,-6.327294],[106.804103,-6.32707],[106.804217,-6.326784],[106.804092,-6.325251],[106.804583,-6.325045],[106.804653,-6.324777],[106.804524,-6.324507],[106.805027,-6.324187],[106.804922,-6.323887],[106.804985,-6.323712],[106.805367,-6.323565],[106.805622,-6.323585],[106.806045,-6.323816],[106.806172,-6.32381],[106.806382,-6.323683],[106.806286,-6.323403],[106.805999,-6.323062],[106.805963,-6.322939],[106.806019,-6.322743],[106.806153,-6.322671],[106.80677,-6.322623],[106.807197,-6.322218],[106.80726,-6.322119],[106.807197,-6.321938],[106.806899,-6.32169],[106.806505,-6.321655],[106.80654,-6.321332],[106.806772,-6.321101],[106.807135,-6.321056],[106.807388,-6.320882]]]]},"properties":{"nama":"Pangkalanjati Baru","kecamatan":"Cinere","kota":"Kota Depok","tipe_kawasan":"Permukiman","kualitas_udara":"kurang_sehat","atribut":{"sumber_batas":"OSM","kualitas_udara":"contoh","stasiun":0,"rth":0,"poi":0}}},{"type":"Feature","geometry":{"type":"MultiPolygon","coordinates":[[[[106.799389,-6.333406],[106.79937,-6.333543],[106.799491,-6.333721],[106.79943,-6.334121],[106.799258,-6.334229],[106.799258,-6.33448],[106.798979,-6.335934],[106.798886,-6.336311],[106.798684,-6.336569],[106.798755,-6.336961],[106.798976,-6.337206],[106.798886,-6.337939],[106.79872,-6.338144],[106.798974,-6.338656],[106.799748,-6.339448],[106.799875,-6.340149],[106.800071,-6.340479],[106.799918,-6.340667],[106.799924,-6.340872],[106.800178,-6.340955],[106.800174,-6.341113],[106.799967,-6.341243],[106.799756,-6.341219],[106.799475,-6.341785],[106.799535,-6.342185],[106.799697,-6.342507],[106.799499,-6.342727],[106.799525,-6.343045],[106.79936,-6.343141],[106.799036,-6.343204],[106.798963,-6.34331],[106.798934,-6.343966],[106.798779,-6.344123],[106.798336,-6.344234],[106.798271,-6.344299],[106.798212,-6.344653],[106.797626,-6.34469],[106.797534,-6.34476],[106.797325,-6.345168],[106.797297,-6.345849],[106.796821,-6.346376],[106.796504,-6.346605],[106.796221,-6.34658],[106.795928,-6.346427],[106.795804,-6.346101],[106.795605,-6.345958],[106.795473,-6.345968],[106.794519,-6.346599],[106.794406,-6.346541],[106.794218,-6.346626],[106.794194,-6.346799],[106.793889,-6.34701],[106.793343,-6.347566],[106.792618,-6.347978],[106.792404,-6.348501],[106.791803,-6.348371],[106.790489,-6.34844],[106.790484,-6.347406],[106.790371,-6.347374],[106.790425,-6.3469],[106.790081,-6.346873],[106.790076,-6.346596],[106.789818,-6.346537],[106.789792,-6.346734],[106.789378,-6.346718],[106.789255,-6.347198],[106.789089,-6.347171],[106.788992,-6.347715],[106.788676,-6.347753],[106.788499,-6.348632],[106.788375,-6.348664],[106.787029,-6.348483],[106.786906,-6.349464],[106.783928,-6.349107],[106.783837,-6.348835],[106.783998,-6.34876],[106.784105,-6.348291],[106.783891,-6.347961],[106.783901,-6.347673],[106.784223,-6.346947],[106.783687,-6.346084],[106.78344,-6.345881],[106.783086,-6.344879],[106.782904,-6.343823],[106.782947,-6.343578],[106.783783,-6.342992],[106.783912,-6.342714],[106.783934,-6.342309],[106.784095,-6.342021],[106.784459,-6.341882],[106.784556,-6.341733],[106.784438,-6.341531],[106.784534,-6.341157],[106.784674,-6.340966],[106.785124,-6.340816],[106.784996,-6.339707],[106.784878,-6.33943],[106.784867,-6.339185],[106.784964,-6.338929],[106.785264,-6.338737],[106.785715,-6.338076],[106.786251,-6.337468],[106.786798,-6.337148],[106.787142,-6.3367],[106.787313,-6.336178],[106.787485,-6.336103],[106.787785,-6.336199],[106.787978,-6.336146],[106.788075,-6.335996],[106.788064,-6.335634],[106.788236,-6.335389],[106.788526,-6.33509],[106.789126,-6.334738],[106.789169,-6.334333],[106.789416,-6.333661],[106.789309,-6.333501],[106.788912,-6.333416],[106.788804,-6.333288],[106.788837,-6.333085],[106.788944,-6.332883],[106.789309,-6.332563],[106.790049,-6.331614],[106.790446,-6.330515],[106.790414,-6.330142],[106.790779,-6.329961],[106.791294,-6.329961],[106.792377,-6.330302],[106.793515,-6.330398],[106.794748,-6.330398],[106.794738,-6.331038],[106.797559,-6.331507],[106.797484,-6.331827],[106.796915,-6.332627],[106.797055,-6.332744],[106.797431,-6.332669],[106.798085,-6.332808],[106.799104,-6.33316],[106.799389,-6.333406]]]]},"properties":{"nama":"Gandul","kecamatan":"Cinere","kota":"Kota Depok","tipe_kawasan":"Kawasan hijau","kualitas_udara":"sehat","atribut":{"sumber_batas":"OSM","kualitas_udara":"contoh","stasiun":0,"rth":3,"poi":1}}},{"type":"Feature","geometry":{"type":"MultiPolygon","coordinates":[[[[106.778949,-6.325218],[106.779045,-6.324717],[106.782485,-6.323968],[106.782335,-6.323232],[106.783376,-6.32303],[106.783322,-6.322827],[106.783955,-6.322678],[106.784073,-6.323115],[106.78639,-6.323051],[106.787002,-6.323232],[106.786959,-6.323574],[106.788719,-6.323744],[106.788847,-6.323819],[106.789362,-6.323798],[106.789716,-6.325258],[106.790103,-6.326367],[106.790124,-6.326655],[106.790049,-6.326943],[106.790382,-6.327402],[106.790618,-6.32754],[106.790736,-6.327956],[106.791315,-6.328639],[106.791294,-6.328831],[106.791197,-6.329023],[106.790832,-6.329161],[106.790682,-6.329449],[106.790425,-6.329598],[106.790328,-6.329726],[106.790307,-6.32995],[106.790414,-6.330142],[106.790446,-6.330515],[106.790049,-6.331614],[106.789309,-6.332563],[106.788944,-6.332883],[106.788837,-6.333085],[106.788804,-6.333288],[106.788912,-6.333416],[106.789309,-6.333501],[106.789416,-6.333661],[106.789169,-6.334333],[106.789126,-6.334738],[106.788526,-6.33509],[106.788236,-6.335389],[106.788064,-6.335634],[106.788075,-6.335996],[106.787978,-6.336146],[106.787785,-6.336199],[106.787485,-6.336103],[106.787313,-6.336178],[106.787142,-6.3367],[106.786798,-6.337148],[106.786251,-6.337468],[106.785715,-6.338076],[106.785264,-6.338737],[106.784964,-6.338929],[106.784867,-6.339185],[106.784878,-6.33943],[106.784996,-6.339707],[106.785124,-6.340816],[106.784674,-6.340966],[106.784534,-6.341157],[106.784438,-6.341531],[106.784556,-6.341733],[106.784459,-6.341882],[106.784095,-6.342021],[106.783934,-6.342309],[106.783912,-6.342714],[106.783783,-6.342992],[106.782947,-6.343578],[106.782904,-6.343823],[106.783086,-6.344879],[106.78344,-6.345881],[106.783687,-6.346084],[106.784223,-6.346947],[106.783901,-6.347673],[106.783891,-6.347961],[106.784105,-6.348291],[106.783998,-6.34876],[106.783698,-6.34892],[106.783435,-6.34916],[106.783231,-6.349427],[106.783027,-6.349992],[106.78255,-6.350013],[106.782239,-6.350402],[106.781423,-6.350317],[106.78079,-6.35037],[106.780393,-6.350221],[106.780066,-6.350344],[106.77682,-6.349416],[106.776724,-6.348611],[106.776783,-6.348094],[106.776295,-6.348067],[106.776284,-6.348184],[106.775399,-6.348104],[106.775308,-6.348158],[106.775206,-6.348424],[106.774702,-6.34884],[106.773993,-6.348919],[106.773929,-6.348007],[106.773865,-6.347783],[106.773738,-6.347613],[106.773351,-6.34735],[106.773258,-6.347138],[106.773216,-6.34645],[106.773445,-6.346195],[106.773629,-6.346114],[106.774224,-6.346088],[106.774494,-6.345868],[106.774494,-6.345633],[106.774294,-6.345528],[106.774133,-6.345325],[106.774226,-6.345143],[106.774632,-6.344808],[106.774519,-6.344611],[106.773979,-6.344754],[106.773328,-6.344627],[106.772674,-6.344238],[106.772589,-6.343986],[106.772689,-6.34367],[106.772917,-6.343394],[106.773147,-6.343185],[106.773555,-6.342984],[106.773646,-6.342798],[106.773704,-6.342478],[106.773419,-6.342105],[106.773137,-6.341896],[106.772981,-6.341635],[106.773055,-6.341204],[106.773265,-6.340947],[106.773355,-6.340708],[106.773397,-6.340275],[106.773318,-6.339938],[106.773127,-6.339621],[106.773043,-6.339342],[106.773167,-6.339106],[106.773708,-6.338876],[106.773692,-6.338724],[106.773346,-6.338493],[106.772565,-6.33859],[106.772426,-6.338537],[106.772409,-6.338356],[106.772505,-6.338032],[106.772626,-6.337955],[106.77321,-6.33788],[106.77405,-6.33794],[106.774647,-6.337897],[106.774995,-6.337828],[106.775136,-6.337677],[106.774904,-6.337002],[106.774598,-6.336756],[106.774434,-6.336494],[106.774384,-6.336186],[106.774475,-6.33602],[106.774668,-6.335983],[106.775596,-6.336212],[106.776279,-6.335966],[106.776463,-6.335954],[106.776487,-6.335828],[106.776285,-6.335699],[106.775821,-6.335599],[106.77573,-6.335279],[106.775741,-6.334762],[106.776059,-6.334097],[106.775988,-6.33385],[106.775451,-6.333285],[106.775362,-6.333103],[106.775548,-6.332875],[106.77659,-6.332639],[106.776685,-6.332331],[106.776674,-6.331958],[106.776484,-6.331721],[106.776234,-6.331551],[106.776111,-6.331329],[106.776524,-6.330593],[106.777264,-6.330236],[106.777633,-6.329528],[106.777801,-6.328487],[106.77771,-6.328092],[106.777731,-6.327474],[106.777667,-6.327298],[106.777048,-6.327249],[106.776831,-6.327137],[106.776942,-6.326866],[106.777554,-6.326493],[106.777774,-6.326573],[106.778006,-6.326892],[106.778214,-6.327042],[106.7789,-6.327207],[106.779019,-6.326887],[106.77889,-6.325695],[106.778949,-6.325218]]]]},"properties":{"nama":"Cinere","kecamatan":"Cinere","kota":"Kota Depok","tipe_kawasan":"Permukiman","kualitas_udara":"sehat","atribut":{"sumber_batas":"OSM","kualitas_udara":"contoh","stasiun":0,"rth":2,"poi":2}}},{"type":"Feature","geometry":{"type":"MultiPolygon","coordinates":[[[[106.793919,-6.354226],[106.794002,-6.354299],[106.794026,-6.354521],[106.793933,-6.354626],[106.793351,-6.354832],[106.793112,-6.355054],[106.793002,-6.355297],[106.793051,-6.355583],[106.793026,-6.356105],[106.793205,-6.356408],[106.793217,-6.356978],[106.792978,-6.357159],[106.792965,-6.357725],[106.792904,-6.35783],[106.792648,-6.357882],[106.792551,-6.357955],[106.792498,-6.358125],[106.792571,-6.358711],[106.792672,-6.358906],[106.793599,-6.359935],[106.793709,-6.360145],[106.793676,-6.360566],[106.793526,-6.360676],[106.793637,-6.361392],[106.793461,-6.36187],[106.793538,-6.36227],[106.793408,-6.362662],[106.793209,-6.362808],[106.793226,-6.363079],[106.793047,-6.363248],[106.793091,-6.363462],[106.793628,-6.363778],[106.793683,-6.363879],[106.793622,-6.363986],[106.793776,-6.364095],[106.793804,-6.36439],[106.794028,-6.364425],[106.794462,-6.364288],[106.794554,-6.364302],[106.794614,-6.364406],[106.794582,-6.364605],[106.794759,-6.364925],[106.794748,-6.365746],[106.794512,-6.366354],[106.794233,-6.366503],[106.794158,-6.366695],[106.794233,-6.366876],[106.794501,-6.367175],[106.794759,-6.367804],[106.79492,-6.367911],[106.795231,-6.367943],[106.795435,-6.368071],[106.795478,-6.368369],[106.794759,-6.368849],[106.794705,-6.369116],[106.794341,-6.369286],[106.793965,-6.370054],[106.793697,-6.370235],[106.793107,-6.370331],[106.792774,-6.370619],[106.792624,-6.371376],[106.792248,-6.371845],[106.791969,-6.371952],[106.791734,-6.372293],[106.790586,-6.371696],[106.79021,-6.372464],[106.789625,-6.372368],[106.789625,-6.372458],[106.789191,-6.372442],[106.789078,-6.372352],[106.788949,-6.372368],[106.788922,-6.372613],[106.788123,-6.372608],[106.788096,-6.371904],[106.787206,-6.372016],[106.786857,-6.370496],[106.786305,-6.36662],[106.786401,-6.365682],[106.786723,-6.365245],[106.787152,-6.364232],[106.787142,-6.363699],[106.787463,-6.360628],[106.787549,-6.360159],[106.787678,-6.360042],[106.787742,-6.359764],[106.787742,-6.358762],[106.787324,-6.357312],[106.785597,-6.357163],[106.785865,-6.352215],[106.786283,-6.352247],[106.786476,-6.350968],[106.78624,-6.350893],[106.786448,-6.349403],[106.786906,-6.349464],[106.787029,-6.348483],[106.788375,-6.348664],[106.788499,-6.348632],[106.788676,-6.347753],[106.788992,-6.347715],[106.789089,-6.347171],[106.789255,-6.347198],[106.789378,-6.346718],[106.789792,-6.346734],[106.789818,-6.346537],[106.790076,-6.346596],[106.790081,-6.346873],[106.790425,-6.3469],[106.790371,-6.347374],[106.790484,-6.347406],[106.790489,-6.34844],[106.791803,-6.348371],[106.792404,-6.348501],[106.792395,-6.348551],[106.792749,-6.348811],[106.79295,-6.34948],[106.793074,-6.349589],[106.793021,-6.349673],[106.792887,-6.349712],[106.792961,-6.349933],[106.793057,-6.349958],[106.793053,-6.350095],[106.793106,-6.350148],[106.793205,-6.350109],[106.793322,-6.349955],[106.793478,-6.349923],[106.793566,-6.34981],[106.793747,-6.350225],[106.793725,-6.350454],[106.793984,-6.35057],[106.794033,-6.350672],[106.793992,-6.351276],[106.79394,-6.351362],[106.793195,-6.351701],[106.792523,-6.352263],[106.792493,-6.352417],[106.792717,-6.352819],[106.793319,-6.353187],[106.793214,-6.353868],[106.793251,-6.353926],[106.793503,-6.35396],[106.793919,-6.354226]]]]},"properties":{"nama":"Krukut","kecamatan":"Limo","kota":"Kota Depok","tipe_kawasan":"Permukiman","kualitas_udara":"sehat","atribut":{"sumber_batas":"OSM","kualitas_udara":"contoh","stasiun":0,"rth":2,"poi":0}}},{"type":"Feature","geometry":{"type":"MultiPolygon","coordinates":[[[[106.783837,-6.348835],[106.783928,-6.349107],[106.786448,-6.349403],[106.78624,-6.350893],[106.786476,-6.350968],[106.786283,-6.352247],[106.785865,-6.352215],[106.785597,-6.357163],[106.787324,-6.357312],[106.787742,-6.358762],[106.787742,-6.359764],[106.787678,-6.360042],[106.787549,-6.360159],[106.787463,-6.360628],[106.787142,-6.363699],[106.787152,-6.364232],[106.786723,-6.365245],[106.786401,-6.365682],[106.786337,-6.36597],[106.786305,-6.36662],[106.78645,-6.367564],[106.785951,-6.367559],[106.785157,-6.368033],[106.785248,-6.368726],[106.78506,-6.368726],[106.78506,-6.368806],[106.784674,-6.368801],[106.784599,-6.368476],[106.784374,-6.368582],[106.784524,-6.369089],[106.783923,-6.369249],[106.784416,-6.370022],[106.783955,-6.370235],[106.784245,-6.371461],[106.783451,-6.371429],[106.78315,-6.371557],[106.782367,-6.371536],[106.782346,-6.371216],[106.781702,-6.371205],[106.780683,-6.371419],[106.780264,-6.371419],[106.77946,-6.371173],[106.77888,-6.370832],[106.778483,-6.370779],[106.778419,-6.370907],[106.778516,-6.371088],[106.778483,-6.371248],[106.778247,-6.371568],[106.778161,-6.371941],[106.777947,-6.372346],[106.777958,-6.372751],[106.778076,-6.373231],[106.778065,-6.373583],[106.777968,-6.373839],[106.776831,-6.373908],[106.776595,-6.37401],[106.776177,-6.374015],[106.775839,-6.373733],[106.77579,-6.373381],[106.775833,-6.373114],[106.775356,-6.373087],[106.774712,-6.372618],[106.774347,-6.373045],[106.773838,-6.373407],[106.773832,-6.37377],[106.773618,-6.373828],[106.772899,-6.373562],[106.77373,-6.372821],[106.773956,-6.372304],[106.77379,-6.372202],[106.7735,-6.372176],[106.773516,-6.372053],[106.772931,-6.371899],[106.773516,-6.370678],[106.772218,-6.370091],[106.772089,-6.369963],[106.772577,-6.368652],[106.772084,-6.36854],[106.772282,-6.367538],[106.77151,-6.367474],[106.771075,-6.36662],[106.77107,-6.366386],[106.771161,-6.366173],[106.770802,-6.366077],[106.770737,-6.366524],[106.77056,-6.366642],[106.76989,-6.366556],[106.770061,-6.366151],[106.77004,-6.365736],[106.769632,-6.365245],[106.769321,-6.365245],[106.769171,-6.365128],[106.769182,-6.364808],[106.769321,-6.364541],[106.769675,-6.364456],[106.77005,-6.364488],[106.770608,-6.364424],[106.770952,-6.364179],[106.771038,-6.363837],[106.770984,-6.363614],[106.769365,-6.363122],[106.769182,-6.362771],[106.76916,-6.362537],[106.769424,-6.361953],[106.769461,-6.361401],[106.769642,-6.361326],[106.769782,-6.361373],[106.769955,-6.361324],[106.770066,-6.361235],[106.770134,-6.361052],[106.770093,-6.360904],[106.769777,-6.36092],[106.769675,-6.360739],[106.769702,-6.360531],[106.769945,-6.360167],[106.770013,-6.359896],[106.770022,-6.359542],[106.769914,-6.358986],[106.770002,-6.358777],[106.770286,-6.358441],[106.77041,-6.358036],[106.770512,-6.357934],[106.770925,-6.35795],[106.77105,-6.357816],[106.771236,-6.357305],[106.771039,-6.356531],[106.770898,-6.355253],[106.771184,-6.354873],[106.771236,-6.354698],[106.771043,-6.354352],[106.770528,-6.35392],[106.770201,-6.35344],[106.770116,-6.353203],[106.770077,-6.352603],[106.770142,-6.352208],[106.770274,-6.351997],[106.770647,-6.351807],[106.771011,-6.351878],[106.771413,-6.352118],[106.771597,-6.352367],[106.771833,-6.352495],[106.771919,-6.352453],[106.771976,-6.352203],[106.771903,-6.351033],[106.772051,-6.350278],[106.772202,-6.350097],[106.772411,-6.350092],[106.772788,-6.350261],[106.773146,-6.350524],[106.773461,-6.350615],[106.773818,-6.350283],[106.773913,-6.349985],[106.773875,-6.349361],[106.773993,-6.348919],[106.774702,-6.34884],[106.775206,-6.348424],[106.775308,-6.348158],[106.775399,-6.348104],[106.776284,-6.348184],[106.776295,-6.348067],[106.776783,-6.348094],[106.776724,-6.348611],[106.77682,-6.349416],[106.780066,-6.350344],[106.780393,-6.350221],[106.78079,-6.35037],[106.781423,-6.350317],[106.782239,-6.350402],[106.78255,-6.350013],[106.783027,-6.349992],[106.783231,-6.349427],[106.783435,-6.34916],[106.783837,-6.348835]]]]},"properties":{"nama":"Limo","kecamatan":"Limo","kota":"Kota Depok","tipe_kawasan":"Permukiman","kualitas_udara":"sehat","atribut":{"sumber_batas":"OSM","kualitas_udara":"contoh","stasiun":0,"rth":2,"poi":5}}},{"type":"Feature","geometry":{"type":"MultiPolygon","coordinates":[[[[106.797044,-6.37884],[106.796808,-6.378946],[106.79684,-6.379224],[106.797001,-6.37948],[106.797087,-6.379885],[106.79684,-6.38029],[106.796765,-6.38142],[106.796873,-6.381964],[106.79669,-6.38222],[106.796218,-6.382572],[106.795767,-6.382668],[106.79521,-6.383616],[106.794673,-6.383648],[106.793257,-6.383542],[106.788418,-6.383787],[106.786884,-6.384086],[106.78667,-6.384064],[106.786412,-6.383883],[106.786219,-6.383894],[106.785768,-6.38416],[106.784996,-6.384459],[106.784191,-6.384619],[106.783483,-6.38496],[106.783075,-6.384672],[106.782829,-6.384373],[106.782163,-6.383883],[106.781316,-6.383808],[106.781037,-6.383616],[106.7805,-6.382987],[106.780157,-6.382721],[106.779825,-6.382582],[106.779556,-6.382764],[106.77888,-6.381815],[106.778408,-6.381783],[106.778322,-6.381943],[106.778161,-6.381943],[106.778086,-6.381825],[106.778065,-6.381559],[106.778151,-6.381324],[106.778226,-6.38046],[106.778119,-6.380226],[106.777335,-6.379885],[106.776531,-6.379746],[106.77637,-6.379661],[106.77637,-6.379533],[106.776488,-6.379458],[106.77696,-6.379629],[106.778215,-6.379789],[106.778194,-6.379234],[106.778848,-6.379245],[106.778773,-6.378445],[106.778022,-6.378456],[106.77799,-6.377902],[106.778043,-6.377741],[106.777915,-6.37723],[106.777936,-6.377102],[106.778065,-6.377016],[106.778086,-6.376558],[106.777979,-6.37643],[106.778022,-6.376036],[106.777904,-6.376036],[106.777936,-6.375886],[106.7777,-6.375865],[106.777507,-6.375172],[106.778441,-6.374916],[106.778043,-6.374223],[106.777968,-6.373839],[106.778065,-6.373583],[106.778076,-6.373231],[106.777958,-6.372751],[106.777947,-6.372346],[106.778161,-6.371941],[106.778247,-6.371568],[106.778483,-6.371248],[106.778516,-6.371088],[106.778419,-6.370907],[106.778483,-6.370779],[106.77888,-6.370832],[106.77946,-6.371173],[106.780264,-6.371419],[106.780683,-6.371419],[106.781702,-6.371205],[106.782346,-6.371216],[106.782367,-6.371536],[106.78315,-6.371557],[106.783451,-6.371429],[106.784245,-6.371461],[106.783955,-6.370235],[106.784416,-6.370022],[106.783923,-6.369249],[106.784524,-6.369089],[106.784374,-6.368582],[106.784599,-6.368476],[106.784674,-6.368801],[106.78506,-6.368806],[106.78506,-6.368726],[106.785248,-6.368726],[106.785157,-6.368033],[106.785951,-6.367559],[106.78645,-6.367564],[106.786857,-6.370496],[106.787206,-6.372016],[106.788096,-6.371904],[106.788123,-6.372608],[106.788922,-6.372613],[106.788949,-6.372368],[106.789078,-6.372352],[106.789191,-6.372442],[106.789625,-6.372458],[106.789625,-6.372368],[106.79021,-6.372464],[106.790586,-6.371696],[106.791734,-6.372293],[106.791969,-6.371952],[106.792248,-6.371845],[106.792624,-6.371376],[106.792774,-6.370619],[106.793107,-6.370331],[106.793697,-6.370235],[106.793965,-6.370054],[106.794341,-6.369286],[106.794705,-6.369116],[106.794759,-6.368849],[106.795478,-6.368369],[106.795542,-6.368604],[106.796197,-6.369446],[106.796175,-6.370043],[106.796095,-6.370294],[106.795902,-6.370539],[106.795617,-6.370592],[106.79551,-6.3708],[106.795564,-6.371264],[106.795805,-6.371856],[106.795859,-6.372288],[106.795987,-6.372549],[106.795784,-6.372911],[106.795778,-6.373125],[106.795848,-6.373338],[106.796358,-6.373818],[106.796481,-6.374052],[106.796422,-6.374543],[106.796154,-6.375023],[106.796132,-6.375396],[106.796234,-6.37562],[106.796266,-6.375897],[106.7961,-6.376148],[106.79625,-6.376457],[106.796223,-6.376702],[106.795934,-6.377054],[106.795966,-6.377176],[106.796299,-6.377464],[106.796293,-6.37764],[106.796116,-6.378125],[106.796288,-6.378269],[106.796787,-6.378269],[106.796873,-6.378317],[106.796808,-6.378616],[106.797044,-6.37884]]]]},"properties":{"nama":"Grogol","kecamatan":"Limo","kota":"Kota Depok","tipe_kawasan":"Kawasan hijau","kualitas_udara":"sehat","atribut":{"sumber_batas":"OSM","kualitas_udara":"contoh","stasiun":0,"rth":4,"poi":0}}},{"type":"Feature","geometry":{"type":"MultiPolygon","coordinates":[[[[106.783483,-6.38496],[106.783097,-6.385013],[106.779374,-6.384779],[106.77751,-6.384859],[106.777057,-6.384939],[106.775444,-6.385458],[106.775394,-6.385397],[106.774846,-6.385536],[106.774331,-6.385536],[106.774149,-6.3856],[106.770973,-6.385525],[106.768795,-6.385546],[106.767851,-6.385589],[106.767207,-6.385728],[106.767132,-6.385504],[106.766918,-6.385472],[106.766617,-6.385653],[106.766285,-6.385621],[106.765866,-6.385344],[106.765426,-6.385194],[106.764289,-6.385323],[106.763763,-6.385099],[106.763828,-6.384715],[106.763763,-6.384491],[106.763667,-6.384395],[106.763495,-6.384395],[106.763334,-6.384608],[106.763045,-6.38464],[106.762401,-6.384331],[106.762251,-6.38415],[106.76224,-6.383936],[106.762508,-6.383616],[106.762497,-6.383414],[106.762422,-6.383201],[106.762047,-6.382987],[106.762068,-6.382902],[106.763581,-6.382412],[106.763763,-6.382252],[106.763763,-6.382017],[106.763527,-6.381431],[106.763291,-6.38142],[106.762401,-6.381793],[106.762229,-6.381676],[106.761993,-6.380524],[106.762025,-6.380247],[106.762175,-6.380087],[106.763367,-6.379767],[106.763313,-6.379565],[106.763152,-6.37933],[106.763109,-6.379042],[106.763141,-6.378712],[106.763248,-6.37852],[106.763452,-6.378392],[106.76386,-6.378392],[106.764429,-6.378648],[106.765008,-6.379064],[106.765169,-6.379554],[106.765308,-6.379661],[106.765544,-6.379639],[106.765856,-6.379448],[106.766156,-6.379149],[106.766263,-6.37868],[106.766521,-6.378104],[106.766413,-6.376665],[106.766252,-6.37659],[106.765437,-6.376633],[106.764622,-6.376878],[106.764353,-6.376803],[106.764203,-6.376643],[106.763871,-6.376025],[106.763678,-6.375854],[106.763474,-6.375844],[106.762637,-6.376121],[106.762369,-6.376014],[106.762261,-6.375822],[106.762251,-6.375417],[106.762379,-6.375033],[106.76254,-6.373434],[106.762626,-6.373146],[106.763034,-6.37273],[106.763367,-6.372048],[106.76356,-6.371952],[106.763806,-6.371952],[106.764557,-6.372922],[106.765952,-6.373722],[106.76607,-6.373668],[106.766328,-6.372666],[106.766188,-6.372378],[106.765491,-6.371877],[106.764847,-6.371227],[106.764708,-6.37095],[106.764579,-6.369414],[106.764793,-6.369233],[106.765062,-6.369265],[106.766789,-6.37016],[106.766886,-6.370342],[106.766832,-6.37048],[106.76651,-6.370768],[106.766177,-6.37095],[106.766135,-6.371184],[106.766306,-6.371387],[106.766714,-6.371493],[106.767476,-6.371493],[106.767991,-6.371323],[106.768194,-6.371142],[106.768291,-6.370704],[106.768237,-6.37048],[106.768055,-6.370224],[106.767894,-6.369798],[106.76754,-6.36951],[106.767476,-6.369254],[106.767508,-6.368774],[106.767604,-6.36854],[106.767916,-6.368465],[106.76827,-6.368241],[106.768441,-6.368327],[106.768463,-6.368476],[106.76828,-6.36871],[106.768323,-6.368988],[106.76843,-6.369233],[106.768752,-6.369489],[106.768902,-6.370128],[106.769139,-6.370278],[106.769418,-6.370214],[106.769578,-6.370032],[106.7696,-6.369798],[106.7693,-6.368593],[106.769106,-6.368103],[106.768699,-6.367484],[106.768516,-6.367346],[106.768302,-6.367356],[106.76754,-6.367687],[106.767282,-6.367687],[106.767036,-6.367271],[106.766928,-6.36694],[106.767057,-6.36662],[106.767111,-6.366183],[106.767272,-6.365885],[106.767916,-6.365352],[106.768066,-6.365394],[106.768205,-6.365693],[106.768495,-6.365842],[106.76887,-6.365842],[106.769117,-6.365981],[106.769664,-6.366716],[106.769782,-6.366716],[106.76989,-6.366556],[106.77056,-6.366642],[106.770737,-6.366524],[106.770802,-6.366077],[106.771161,-6.366173],[106.77107,-6.366386],[106.771075,-6.36662],[106.77151,-6.367474],[106.772282,-6.367538],[106.772084,-6.36854],[106.772577,-6.368652],[106.772089,-6.369963],[106.772218,-6.370091],[106.773516,-6.370678],[106.772931,-6.371899],[106.773516,-6.372053],[106.7735,-6.372176],[106.77379,-6.372202],[106.773956,-6.372304],[106.77373,-6.372821],[106.772899,-6.373562],[106.773618,-6.373828],[106.773832,-6.37377],[106.773838,-6.373407],[106.774347,-6.373045],[106.774712,-6.372618],[106.775356,-6.373087],[106.775833,-6.373114],[106.77579,-6.373381],[106.775839,-6.373733],[106.776177,-6.374015],[106.776595,-6.37401],[106.776831,-6.373908],[106.777968,-6.373839],[106.778043,-6.374223],[106.778441,-6.374916],[106.777507,-6.375172],[106.7777,-6.375865],[106.777936,-6.375886],[106.777904,-6.376036],[106.778022,-6.376036],[106.777979,-6.37643],[106.778086,-6.376558],[106.778065,-6.377016],[106.777936,-6.377102],[106.777915,-6.37723],[106.778043,-6.377741],[106.77799,-6.377902],[106.778022,-6.378456],[106.778773,-6.378445],[106.778848,-6.379245],[106.778194,-6.379234],[106.778215,-6.379789],[106.77696,-6.379629],[106.776488,-6.379458],[106.77637,-6.379533],[106.77637,-6.379661],[106.776531,-6.379746],[106.777335,-6.379885],[106.778119,-6.380226],[106.778226,-6.38046],[106.778151,-6.381324],[106.778065,-6.381559],[106.778086,-6.381825],[106.778161,-6.381943],[106.778322,-6.381943],[106.778408,-6.381783],[106.77888,-6.381815],[106.779556,-6.382764],[106.779825,-6.382582],[106.780157,-6.382721],[106.7805,-6.382987],[106.781037,-6.383616],[106.781316,-6.383808],[106.782163,-6.383883],[106.782829,-6.384373],[106.783075,-6.384672],[106.783483,-6.38496]]]]},"properties":{"nama":"Meruyung","kecamatan":"Limo","kota":"Kota Depok","tipe_kawasan":"Kawasan hijau","kualitas_udara":"sehat","atribut":{"sumber_batas":"OSM","kualitas_udara":"contoh","stasiun":0,"rth":7,"poi":3}}},{"type":"Feature","geometry":{"type":"MultiPolygon","coordinates":[[[[106.821184,-6.387977],[106.821173,-6.387604],[106.821291,-6.387242],[106.821667,-6.386666],[106.822053,-6.386517],[106.822,-6.386271],[106.821613,-6.386069],[106.821849,-6.385952],[106.821699,-6.385589],[106.823384,-6.383851],[106.823276,-6.38368],[106.82362,-6.383211],[106.824135,-6.383009],[106.824199,-6.382369],[106.824424,-6.382348],[106.824467,-6.381665],[106.824607,-6.381665],[106.825004,-6.381196],[106.825347,-6.381153],[106.825626,-6.380908],[106.82554,-6.380748],[106.825175,-6.380482],[106.825744,-6.379778],[106.825926,-6.377475],[106.826935,-6.377454],[106.826699,-6.376867],[106.826538,-6.375332],[106.826409,-6.375044],[106.826474,-6.374767],[106.826602,-6.374564],[106.829832,-6.375748],[106.830883,-6.372869],[106.831849,-6.373071],[106.83187,-6.374212],[106.831355,-6.375854],[106.831452,-6.376078],[106.831505,-6.376547],[106.833415,-6.377134],[106.834649,-6.374724],[106.834939,-6.37482],[106.835046,-6.37466],[106.835368,-6.374404],[106.835775,-6.373583],[106.836505,-6.372719],[106.836666,-6.37224],[106.835121,-6.371621],[106.834338,-6.371835],[106.833962,-6.371717],[106.834134,-6.371312],[106.834381,-6.37112],[106.83481,-6.370928],[106.835207,-6.370896],[106.835217,-6.37031],[106.83599,-6.370438],[106.837342,-6.370854],[106.837653,-6.370331],[106.838447,-6.370662],[106.838833,-6.37096],[106.839648,-6.371984],[106.839981,-6.372314],[106.840421,-6.372517],[106.840979,-6.372602],[106.841719,-6.372485],[106.841912,-6.372634],[106.841923,-6.372965],[106.841837,-6.373338],[106.841419,-6.37385],[106.841204,-6.374383],[106.841236,-6.375396],[106.841161,-6.375822],[106.840904,-6.376046],[106.840528,-6.376057],[106.839713,-6.37578],[106.839166,-6.375716],[106.837632,-6.376142],[106.837588,-6.376334],[106.837642,-6.376601],[106.837846,-6.376814],[106.839241,-6.377699],[106.839423,-6.378029],[106.839445,-6.378339],[106.839048,-6.379202],[106.838887,-6.380588],[106.838586,-6.38093],[106.838082,-6.381121],[106.837921,-6.3811],[106.837192,-6.380109],[106.836966,-6.380109],[106.836752,-6.380322],[106.836237,-6.381314],[106.835904,-6.381761],[106.835411,-6.382039],[106.834037,-6.382294],[106.832589,-6.382166],[106.832009,-6.382433],[106.831709,-6.382678],[106.831602,-6.383009],[106.831698,-6.38335],[106.832321,-6.384022],[106.832449,-6.384373],[106.832449,-6.384917],[106.832246,-6.385568],[106.831945,-6.386218],[106.831945,-6.386549],[106.832171,-6.386805],[106.833415,-6.387466],[106.833673,-6.387796],[106.833758,-6.388095],[106.833673,-6.3885],[106.833153,-6.389329],[106.832964,-6.389203],[106.832771,-6.389193],[106.832696,-6.389331],[106.832449,-6.389289],[106.832278,-6.38915],[106.831323,-6.38915],[106.825873,-6.389577],[106.825508,-6.39011],[106.822332,-6.390216],[106.821817,-6.390142],[106.822547,-6.388617],[106.821184,-6.387977]]]]},"properties":{"nama":"Kemirimuka","kecamatan":"Beji","kota":"Kota Depok","tipe_kawasan":"Permukiman","kualitas_udara":"sehat","atribut":{"sumber_batas":"OSM","kualitas_udara":"contoh","stasiun":0,"rth":2,"poi":6}}},{"type":"Feature","geometry":{"type":"MultiPolygon","coordinates":[[[[106.826602,-6.374564],[106.826613,-6.373828],[106.82672,-6.373295],[106.826645,-6.372869],[106.82671,-6.372655],[106.826688,-6.372325],[106.826398,-6.371728],[106.825808,-6.370992],[106.825111,-6.370523],[106.824789,-6.370086],[106.824521,-6.36855],[106.824617,-6.36838],[106.824853,-6.368209],[106.824853,-6.366983],[106.824564,-6.366397],[106.824553,-6.366119],[106.824853,-6.365661],[106.825036,-6.365245],[106.825164,-6.364115],[106.825401,-6.363646],[106.827235,-6.361716],[106.827407,-6.361279],[106.828072,-6.360649],[106.828126,-6.359796],[106.828093,-6.35921],[106.826849,-6.356097],[106.827934,-6.356095],[106.830245,-6.355924],[106.830827,-6.356043],[106.831803,-6.355844],[106.831851,-6.355359],[106.832031,-6.354639],[106.833091,-6.355195],[106.833969,-6.355177],[106.835202,-6.355017],[106.836001,-6.354533],[106.837556,-6.354977],[106.837835,-6.355233],[106.837889,-6.355606],[106.837728,-6.355904],[106.837352,-6.356086],[106.835851,-6.356086],[106.835507,-6.356214],[106.835335,-6.356416],[106.835196,-6.356853],[106.835164,-6.358005],[106.835411,-6.35856],[106.835636,-6.358741],[106.835872,-6.358719],[106.836162,-6.35841],[106.836408,-6.35777],[106.83672,-6.357546],[106.837052,-6.357514],[106.837363,-6.35777],[106.83746,-6.358272],[106.837889,-6.358975],[106.838962,-6.359626],[106.839058,-6.360031],[106.839016,-6.360297],[106.838779,-6.360564],[106.837556,-6.360937],[106.83702,-6.361449],[106.836827,-6.361822],[106.836859,-6.362313],[106.837084,-6.362952],[106.837503,-6.363646],[106.837889,-6.363955],[106.838179,-6.364008],[106.838436,-6.363859],[106.838586,-6.36356],[106.838576,-6.36307],[106.838157,-6.362174],[106.8382,-6.361886],[106.838533,-6.361556],[106.838973,-6.361385],[106.839488,-6.361481],[106.839702,-6.361876],[106.839466,-6.362537],[106.839327,-6.363251],[106.83953,-6.363976],[106.839949,-6.364829],[106.840002,-6.365224],[106.83982,-6.365586],[106.838973,-6.366119],[106.838736,-6.366599],[106.838694,-6.367132],[106.838887,-6.36757],[106.839048,-6.367708],[106.839477,-6.367697],[106.839981,-6.367538],[106.840668,-6.367068],[106.840914,-6.367004],[106.841204,-6.367122],[106.841354,-6.367378],[106.841472,-6.367836],[106.841408,-6.368337],[106.840957,-6.368753],[106.839927,-6.369265],[106.839091,-6.369371],[106.838254,-6.369339],[106.837406,-6.369457],[106.837106,-6.369638],[106.83702,-6.369851],[106.837149,-6.370064],[106.837653,-6.370331],[106.837342,-6.370854],[106.83599,-6.370438],[106.835217,-6.37031],[106.835207,-6.370896],[106.83481,-6.370928],[106.834381,-6.37112],[106.834134,-6.371312],[106.833962,-6.371717],[106.834338,-6.371835],[106.835121,-6.371621],[106.836666,-6.37224],[106.836505,-6.372719],[106.835775,-6.373583],[106.835368,-6.374404],[106.835046,-6.37466],[106.834939,-6.37482],[106.834649,-6.374724],[106.833415,-6.377134],[106.831505,-6.376547],[106.831452,-6.376078],[106.831355,-6.375854],[106.83187,-6.374212],[106.831849,-6.373071],[106.830883,-6.372869],[106.829832,-6.375748],[106.826602,-6.374564]]]]},"properties":{"nama":"Pondok Cina","kecamatan":"Beji","kota":"Kota Depok","tipe_kawasan":"Permukiman dekat stasiun","kualitas_udara":"sehat","atribut":{"sumber_batas":"OSM","kualitas_udara":"contoh","stasiun":2,"rth":20,"poi":32}}},{"type":"Feature","geometry":{"type":"MultiPolygon","coordinates":[[[[106.809912,-6.377168],[106.811281,-6.377251],[106.811721,-6.377048],[106.811571,-6.37659],[106.811378,-6.376473],[106.811346,-6.376185],[106.811399,-6.375822],[106.811668,-6.375012],[106.81155,-6.374756],[106.811432,-6.374212],[106.812129,-6.374212],[106.813234,-6.37433],[106.81317,-6.374788],[106.813309,-6.374927],[106.813985,-6.375001],[106.814758,-6.375279],[106.814618,-6.375726],[106.815262,-6.375854],[106.815337,-6.376185],[106.815723,-6.37627],[106.816549,-6.376259],[106.816882,-6.376419],[106.817987,-6.376473],[106.818234,-6.376398],[106.818244,-6.376131],[106.818792,-6.376131],[106.818995,-6.376505],[106.819006,-6.376878],[106.820165,-6.377251],[106.820476,-6.376334],[106.820905,-6.37627],[106.821238,-6.373477],[106.821399,-6.372826],[106.826602,-6.374564],[106.826613,-6.373828],[106.82672,-6.373295],[106.826645,-6.372869],[106.82671,-6.372655],[106.826688,-6.372325],[106.826398,-6.371728],[106.825808,-6.370992],[106.825111,-6.370523],[106.824789,-6.370086],[106.824521,-6.36855],[106.824617,-6.36838],[106.824853,-6.368209],[106.824853,-6.366983],[106.824564,-6.366397],[106.824553,-6.366119],[106.824853,-6.365661],[106.825036,-6.365245],[106.825164,-6.364115],[106.825401,-6.363646],[106.827235,-6.361716],[106.827407,-6.361279],[106.828072,-6.360649],[106.828126,-6.359796],[106.828093,-6.35921],[106.826849,-6.356097],[106.823966,-6.356101],[106.823842,-6.356172],[106.823165,-6.356049],[106.821799,-6.355602],[106.821598,-6.355595],[106.821244,-6.355726],[106.821048,-6.356059],[106.82103,-6.356453],[106.820852,-6.356786],[106.820187,-6.356393],[106.820005,-6.356628],[106.819243,-6.356201],[106.818889,-6.356905],[106.816143,-6.356212],[106.815263,-6.358536],[106.814888,-6.358355],[106.814641,-6.359432],[106.813793,-6.359208],[106.813804,-6.359987],[106.812087,-6.361703],[106.811175,-6.36277],[106.81066,-6.362993],[106.810574,-6.364198],[106.810761,-6.365133],[106.810777,-6.365506],[106.810643,-6.366514],[106.810396,-6.367068],[106.810353,-6.367356],[106.810423,-6.369601],[106.810327,-6.369894],[106.809779,-6.370699],[106.809704,-6.370933],[106.80972,-6.371104],[106.810058,-6.371882],[106.81008,-6.372122],[106.809978,-6.372304],[106.809956,-6.372885],[106.809801,-6.373397],[106.80971,-6.375044],[106.809956,-6.376004],[106.809999,-6.376606],[106.809912,-6.377168]]]]},"properties":{"nama":"Kukusan","kecamatan":"Beji","kota":"Kota Depok","tipe_kawasan":"Permukiman","kualitas_udara":"sehat","atribut":{"sumber_batas":"OSM","kualitas_udara":"contoh","stasiun":0,"rth":2,"poi":3}}},{"type":"Feature","geometry":{"type":"MultiPolygon","coordinates":[[[[106.795478,-6.368369],[106.795542,-6.368604],[106.796197,-6.369446],[106.796175,-6.370043],[106.796095,-6.370294],[106.795902,-6.370539],[106.795617,-6.370592],[106.79551,-6.3708],[106.795564,-6.371264],[106.795805,-6.371856],[106.795859,-6.372288],[106.795987,-6.372549],[106.795784,-6.372911],[106.795778,-6.373125],[106.795848,-6.373338],[106.796358,-6.373818],[106.796481,-6.374052],[106.796422,-6.374543],[106.796154,-6.375023],[106.796132,-6.375396],[106.796234,-6.37562],[106.796266,-6.375897],[106.7961,-6.376148],[106.79625,-6.376457],[106.796223,-6.376702],[106.795934,-6.377054],[106.795966,-6.377176],[106.796299,-6.377464],[106.796293,-6.37764],[106.796116,-6.378125],[106.796288,-6.378269],[106.796787,-6.378269],[106.796873,-6.378317],[106.796808,-6.378616],[106.797195,-6.379074],[106.797398,-6.379096],[106.797774,-6.378946],[106.798235,-6.378925],[106.798568,-6.379032],[106.798857,-6.380002],[106.798815,-6.380215],[106.799136,-6.38045],[106.799222,-6.380738],[106.799405,-6.38094],[106.799694,-6.380962],[106.799791,-6.381058],[106.799834,-6.381303],[106.799716,-6.381484],[106.799684,-6.381783],[106.799866,-6.381815],[106.800274,-6.38158],[106.800467,-6.381655],[106.80052,-6.381932],[106.80051,-6.382732],[106.800767,-6.383211],[106.800553,-6.383371],[106.800585,-6.383542],[106.800735,-6.383585],[106.801078,-6.384075],[106.801368,-6.384192],[106.801454,-6.384288],[106.801411,-6.384725],[106.801593,-6.384875],[106.801786,-6.384896],[106.801872,-6.385035],[106.80198,-6.385685],[106.801647,-6.386463],[106.801572,-6.387295],[106.801636,-6.387455],[106.801883,-6.387455],[106.802291,-6.387583],[106.802484,-6.387785],[106.802602,-6.388244],[106.80214,-6.388766],[106.802065,-6.38898],[106.802205,-6.389331],[106.802376,-6.389417],[106.802505,-6.389651],[106.802387,-6.390121],[106.802602,-6.390238],[106.80273,-6.390408],[106.803224,-6.390387],[106.804694,-6.390611],[106.805391,-6.387007],[106.805563,-6.386634],[106.80625,-6.385728],[106.807097,-6.385045],[106.80758,-6.384192],[106.809028,-6.380962],[106.809441,-6.380652],[106.809554,-6.38045],[106.809538,-6.380221],[106.809275,-6.379618],[106.808669,-6.379048],[106.808487,-6.378461],[106.809576,-6.378237],[106.809838,-6.377646],[106.809999,-6.376606],[106.809956,-6.376004],[106.80971,-6.375044],[106.809801,-6.373397],[106.809956,-6.372885],[106.809978,-6.372304],[106.81008,-6.372122],[106.810058,-6.371882],[106.80972,-6.371104],[106.809704,-6.370933],[106.809779,-6.370699],[106.810327,-6.369894],[106.810423,-6.369601],[106.810353,-6.367356],[106.810396,-6.367068],[106.810643,-6.366514],[106.810777,-6.365506],[106.810761,-6.365133],[106.810574,-6.364198],[106.809448,-6.364124],[106.807796,-6.363846],[106.807121,-6.363453],[106.804972,-6.363466],[106.803303,-6.363579],[106.802838,-6.363809],[106.801239,-6.364304],[106.800324,-6.364461],[106.800288,-6.364369],[106.798318,-6.364464],[106.798183,-6.36501],[106.79801,-6.364949],[106.797071,-6.364944],[106.796647,-6.364971],[106.796607,-6.365048],[106.794759,-6.364925],[106.794748,-6.365746],[106.79463,-6.366109],[106.794512,-6.366354],[106.794233,-6.366503],[106.794158,-6.366695],[106.794233,-6.366876],[106.794501,-6.367175],[106.794759,-6.367804],[106.79492,-6.367911],[106.795231,-6.367943],[106.795435,-6.368071],[106.795478,-6.368369]]]]},"properties":{"nama":"Tanah Baru","kecamatan":"Beji","kota":"Kota Depok","tipe_kawasan":"Permukiman","kualitas_udara":"sehat","atribut":{"sumber_batas":"OSM","kualitas_udara":"contoh","stasiun":0,"rth":2,"poi":0}}},{"type":"Feature","geometry":{"type":"MultiPolygon","coordinates":[[[[106.821184,-6.387977],[106.821173,-6.387604],[106.821291,-6.387242],[106.821667,-6.386666],[106.822053,-6.386517],[106.822,-6.386271],[106.821613,-6.386069],[106.821849,-6.385952],[106.821699,-6.385589],[106.823384,-6.383851],[106.823276,-6.38368],[106.82362,-6.383211],[106.824135,-6.383009],[106.824199,-6.382369],[106.824424,-6.382348],[106.824467,-6.381665],[106.824607,-6.381665],[106.825004,-6.381196],[106.825347,-6.381153],[106.825626,-6.380908],[106.82554,-6.380748],[106.825175,-6.380482],[106.825744,-6.379778],[106.825926,-6.377475],[106.826935,-6.377454],[106.826699,-6.376867],[106.826538,-6.375332],[106.826409,-6.375044],[106.826474,-6.374767],[106.826602,-6.374564],[106.821399,-6.372826],[106.821238,-6.373477],[106.820905,-6.37627],[106.820476,-6.376334],[106.820165,-6.377251],[106.820047,-6.37756],[106.82009,-6.378008],[106.819982,-6.378477],[106.820594,-6.378648],[106.821206,-6.37901],[106.821356,-6.379213],[106.821399,-6.37949],[106.821635,-6.379853],[106.821699,-6.380119],[106.821592,-6.38046],[106.821023,-6.380972],[106.820755,-6.381089],[106.820144,-6.381708],[106.82054,-6.382017],[106.820369,-6.38238],[106.820315,-6.383147],[106.819628,-6.383147],[106.819435,-6.383275],[106.819317,-6.384533],[106.819446,-6.3848],[106.819929,-6.385109],[106.819468,-6.3856],[106.819811,-6.385696],[106.819875,-6.38592],[106.820047,-6.38609],[106.820219,-6.386527],[106.820616,-6.387188],[106.820476,-6.387807],[106.821184,-6.387977]]]]},"properties":{"nama":"Beji Timur","kecamatan":"Beji","kota":"Kota Depok","tipe_kawasan":"Permukiman","kualitas_udara":"kurang_sehat","atribut":{"sumber_batas":"OSM","kualitas_udara":"contoh","stasiun":0,"rth":1,"poi":0}}},{"type":"Feature","geometry":{"type":"MultiPolygon","coordinates":[[[[106.805263,-6.387775],[106.805391,-6.387007],[106.805563,-6.386634],[106.80625,-6.385728],[106.807097,-6.385045],[106.80758,-6.384192],[106.809028,-6.380962],[106.809441,-6.380652],[106.809554,-6.38045],[106.809538,-6.380221],[106.809275,-6.379618],[106.808669,-6.379048],[106.808487,-6.378461],[106.809576,-6.378237],[106.809838,-6.377646],[106.809912,-6.377168],[106.811281,-6.377251],[106.811721,-6.377048],[106.811571,-6.37659],[106.811378,-6.376473],[106.811346,-6.376185],[106.811399,-6.375822],[106.811668,-6.375012],[106.81155,-6.374756],[106.811432,-6.374212],[106.812129,-6.374212],[106.813234,-6.37433],[106.81317,-6.374788],[106.813309,-6.374927],[106.813985,-6.375001],[106.814758,-6.375279],[106.814618,-6.375726],[106.815262,-6.375854],[106.815337,-6.376185],[106.815723,-6.37627],[106.816549,-6.376259],[106.816882,-6.376419],[106.817987,-6.376473],[106.818234,-6.376398],[106.818244,-6.376131],[106.818792,-6.376131],[106.818995,-6.376505],[106.819006,-6.376878],[106.820165,-6.377251],[106.820047,-6.37756],[106.82009,-6.378008],[106.819982,-6.378477],[106.820594,-6.378648],[106.821206,-6.37901],[106.821356,-6.379213],[106.821399,-6.37949],[106.821635,-6.379853],[106.821699,-6.380119],[106.821592,-6.38046],[106.821023,-6.380972],[106.820755,-6.381089],[106.820144,-6.381708],[106.82054,-6.382017],[106.820369,-6.38238],[106.820315,-6.383147],[106.819628,-6.383147],[106.819435,-6.383275],[106.819317,-6.384533],[106.819446,-6.3848],[106.819929,-6.385109],[106.819468,-6.3856],[106.819811,-6.385696],[106.819875,-6.38592],[106.820047,-6.38609],[106.820219,-6.386527],[106.820616,-6.387188],[106.820476,-6.387807],[106.819789,-6.388756],[106.819575,-6.389214],[106.818931,-6.388916],[106.818116,-6.38882],[106.816689,-6.388862],[106.815616,-6.38898],[106.814575,-6.388894],[106.813953,-6.388916],[106.812859,-6.389214],[106.81097,-6.388809],[106.809061,-6.38883],[106.808792,-6.388926],[106.807419,-6.388585],[106.807462,-6.388457],[106.80714,-6.388287],[106.806786,-6.388244],[106.806142,-6.387913],[106.805263,-6.387775]]]]},"properties":{"nama":"Beji","kecamatan":"Beji","kota":"Kota Depok","tipe_kawasan":"Kawasan hijau","kualitas_udara":"sehat","atribut":{"sumber_batas":"OSM","kualitas_udara":"contoh","stasiun":0,"rth":4,"poi":2}}},{"type":"Feature","geometry":{"type":"MultiPolygon","coordinates":[[[[106.81442,-6.412095],[106.815037,-6.409611],[106.815015,-6.408982],[106.815058,-6.408822],[106.815369,-6.408417],[106.815433,-6.408075],[106.815627,-6.407585],[106.815691,-6.406167],[106.815594,-6.405858],[106.815927,-6.404536],[106.815605,-6.404088],[106.815616,-6.403789],[106.815669,-6.403512],[106.815852,-6.403299],[106.816045,-6.403192],[106.816056,-6.403022],[106.815959,-6.40284],[106.815927,-6.402286],[106.815712,-6.401955],[106.815755,-6.401721],[106.815959,-6.401572],[106.816067,-6.401401],[106.816109,-6.401113],[106.816067,-6.400655],[106.816249,-6.40058],[106.816539,-6.399684],[106.815691,-6.39961],[106.815659,-6.398597],[106.81538,-6.398106],[106.815283,-6.397573],[106.815315,-6.39736],[106.815594,-6.39687],[106.815562,-6.396656],[106.815348,-6.396464],[106.815294,-6.396262],[106.815348,-6.395676],[106.81524,-6.395516],[106.81524,-6.395228],[106.815455,-6.394972],[106.815466,-6.394449],[106.815669,-6.3943],[106.815551,-6.393746],[106.815573,-6.39334],[106.815691,-6.393063],[106.815691,-6.392637],[106.815916,-6.392487],[106.816227,-6.391432],[106.816635,-6.390771],[106.816785,-6.390376],[106.816796,-6.389875],[106.816689,-6.388862],[106.818116,-6.38882],[106.818931,-6.388916],[106.819575,-6.389214],[106.819789,-6.388756],[106.820476,-6.387807],[106.821184,-6.387977],[106.822547,-6.388617],[106.821817,-6.390142],[106.822332,-6.390216],[106.825508,-6.39011],[106.825873,-6.389577],[106.831323,-6.38915],[106.832278,-6.38915],[106.832449,-6.389289],[106.832696,-6.389331],[106.832771,-6.389193],[106.832964,-6.389203],[106.833153,-6.389329],[106.832932,-6.389737],[106.832739,-6.390376],[106.831988,-6.391794],[106.831741,-6.392093],[106.831409,-6.392274],[106.831033,-6.392328],[106.830743,-6.392232],[106.83054,-6.391784],[106.830454,-6.390888],[106.830271,-6.390334],[106.830035,-6.390153],[106.829757,-6.390174],[106.829563,-6.390408],[106.829402,-6.390824],[106.829585,-6.391368],[106.829574,-6.392274],[106.829241,-6.393404],[106.829263,-6.393703],[106.829402,-6.393927],[106.829639,-6.39413],[106.830754,-6.394385],[106.83143,-6.39462],[106.831816,-6.394887],[106.831913,-6.395164],[106.831891,-6.395462],[106.83172,-6.395622],[106.830776,-6.395793],[106.829424,-6.39558],[106.829091,-6.395633],[106.828952,-6.395814],[106.829048,-6.396283],[106.830389,-6.397253],[106.831194,-6.3972],[106.831977,-6.397232],[106.832439,-6.397349],[106.834574,-6.397456],[106.834488,-6.398821],[106.834402,-6.399023],[106.834316,-6.400186],[106.834574,-6.400196],[106.834692,-6.400324],[106.834681,-6.401113],[106.834456,-6.401113],[106.834434,-6.401316],[106.834166,-6.401977],[106.834617,-6.402286],[106.834917,-6.402393],[106.834853,-6.402723],[106.834499,-6.402755],[106.834574,-6.403192],[106.834585,-6.403896],[106.833662,-6.403917],[106.833522,-6.405623],[106.832675,-6.405644],[106.8326,-6.405485],[106.831688,-6.405431],[106.83055,-6.405165],[106.830229,-6.405239],[106.829767,-6.405229],[106.828287,-6.404216],[106.827589,-6.405239],[106.827321,-6.405399],[106.826731,-6.405346],[106.826409,-6.405101],[106.826205,-6.404717],[106.825873,-6.404642],[106.825444,-6.404727],[106.824167,-6.4059],[106.822922,-6.406497],[106.82216,-6.406561],[106.82098,-6.406444],[106.819671,-6.406199],[106.819446,-6.406369],[106.819382,-6.406711],[106.819414,-6.40719],[106.819822,-6.408075],[106.819779,-6.408512],[106.81951,-6.409099],[106.819103,-6.40977],[106.818105,-6.413321],[106.816421,-6.412916],[106.816367,-6.413076],[106.815755,-6.412681],[106.814693,-6.41234],[106.81442,-6.412095]]]]},"properties":{"nama":"Depok","kecamatan":"Pancoran Mas","kota":"Kota Depok","tipe_kawasan":"Permukiman dekat stasiun","kualitas_udara":"sehat","atribut":{"sumber_batas":"OSM","kualitas_udara":"contoh","stasiun":2,"rth":6,"poi":23}}},{"type":"Feature","geometry":{"type":"MultiPolygon","coordinates":[[[[106.805263,-6.387775],[106.804694,-6.390611],[106.804533,-6.391741],[106.804597,-6.392061],[106.80475,-6.392245],[106.805913,-6.393116],[106.806432,-6.393788],[106.806861,-6.394545],[106.807215,-6.395505],[106.807483,-6.39704],[106.80772,-6.3972],[106.8095,-6.397978],[106.813663,-6.399258],[106.814243,-6.399493],[106.815627,-6.400111],[106.815884,-6.400324],[106.816067,-6.400655],[106.816249,-6.40058],[106.816539,-6.399684],[106.815691,-6.39961],[106.815659,-6.398597],[106.81538,-6.398106],[106.815283,-6.397573],[106.815315,-6.39736],[106.815594,-6.39687],[106.815562,-6.396656],[106.815348,-6.396464],[106.815294,-6.396262],[106.815348,-6.395676],[106.81524,-6.395516],[106.81524,-6.395228],[106.815455,-6.394972],[106.815466,-6.394449],[106.815669,-6.3943],[106.815551,-6.393746],[106.815573,-6.39334],[106.815691,-6.393063],[106.815691,-6.392637],[106.815916,-6.392487],[106.816227,-6.391432],[106.816635,-6.390771],[106.816785,-6.390376],[106.816796,-6.389875],[106.816689,-6.388862],[106.815616,-6.38898],[106.814575,-6.388894],[106.813953,-6.388916],[106.812859,-6.389214],[106.81097,-6.388809],[106.809061,-6.38883],[106.808792,-6.388926],[106.807419,-6.388585],[106.807462,-6.388457],[106.80714,-6.388287],[106.806786,-6.388244],[106.806142,-6.387913],[106.805263,-6.387775]]]]},"properties":{"nama":"Depok Jaya","kecamatan":"Pancoran Mas","kota":"Kota Depok","tipe_kawasan":"Kawasan hijau","kualitas_udara":"sehat","atribut":{"sumber_batas":"OSM","kualitas_udara":"contoh","stasiun":0,"rth":5,"poi":5}}},{"type":"Feature","geometry":{"type":"MultiPolygon","coordinates":[[[[106.797044,-6.37884],[106.796808,-6.378946],[106.79684,-6.379224],[106.797001,-6.37948],[106.797087,-6.379885],[106.79684,-6.38029],[106.796765,-6.38142],[106.796873,-6.381964],[106.79669,-6.38222],[106.796218,-6.382572],[106.795767,-6.382668],[106.79521,-6.383616],[106.794673,-6.383648],[106.793257,-6.383542],[106.788418,-6.383787],[106.787231,-6.384018],[106.787571,-6.384533],[106.787936,-6.385312],[106.78829,-6.385898],[106.788408,-6.386239],[106.788322,-6.386517],[106.788365,-6.387114],[106.78874,-6.387455],[106.788804,-6.387647],[106.788804,-6.387977],[106.788611,-6.38818],[106.788644,-6.388553],[106.788729,-6.388628],[106.789255,-6.388553],[106.78947,-6.388852],[106.789491,-6.38907],[106.789572,-6.389156],[106.789899,-6.389177],[106.790017,-6.389401],[106.790162,-6.389486],[106.790612,-6.389502],[106.790822,-6.389646],[106.791074,-6.390387],[106.791438,-6.390718],[106.791438,-6.391347],[106.791481,-6.39156],[106.791605,-6.391693],[106.791894,-6.391816],[106.79212,-6.391496],[106.792254,-6.391539],[106.792543,-6.391832],[106.793289,-6.391826],[106.793627,-6.391986],[106.793981,-6.392562],[106.794105,-6.39301],[106.794131,-6.394188],[106.793895,-6.394465],[106.793869,-6.394764],[106.793177,-6.395308],[106.792828,-6.395777],[106.792694,-6.396123],[106.792715,-6.396267],[106.793734,-6.397845],[106.793455,-6.39897],[106.793042,-6.399839],[106.792946,-6.400239],[106.792989,-6.400516],[106.793557,-6.400468],[106.793557,-6.400287],[106.794196,-6.400255],[106.794448,-6.400127],[106.794957,-6.399999],[106.795805,-6.400047],[106.7958,-6.400281],[106.796875,-6.400303],[106.797012,-6.398117],[106.797227,-6.397957],[106.797516,-6.397914],[106.797849,-6.397957],[106.799287,-6.397797],[106.799769,-6.39784],[106.80066,-6.398064],[106.801132,-6.398032],[106.801336,-6.396433],[106.801754,-6.396091],[106.801904,-6.395771],[106.802205,-6.395548],[106.80272,-6.395516],[106.80243,-6.394268],[106.802258,-6.394001],[106.801969,-6.393874],[106.80169,-6.393618],[106.801647,-6.393458],[106.801947,-6.39285],[106.802012,-6.392445],[106.802301,-6.391688],[106.802505,-6.391571],[106.802537,-6.391389],[106.802452,-6.391283],[106.802269,-6.391304],[106.802119,-6.391197],[106.802205,-6.390814],[106.802108,-6.390632],[106.802387,-6.390121],[106.802505,-6.389651],[106.802376,-6.389417],[106.802205,-6.389331],[106.802065,-6.38898],[106.80214,-6.388766],[106.802602,-6.388244],[106.802484,-6.387785],[106.802291,-6.387583],[106.801883,-6.387455],[106.801636,-6.387455],[106.801572,-6.387295],[106.801647,-6.386463],[106.80198,-6.385685],[106.801872,-6.385035],[106.801786,-6.384896],[106.801593,-6.384875],[106.801411,-6.384725],[106.801454,-6.384288],[106.801368,-6.384192],[106.801078,-6.384075],[106.800735,-6.383585],[106.800585,-6.383542],[106.800553,-6.383371],[106.800767,-6.383211],[106.80051,-6.382732],[106.80052,-6.381932],[106.800467,-6.381655],[106.800274,-6.38158],[106.799866,-6.381815],[106.799684,-6.381783],[106.799716,-6.381484],[106.799834,-6.381303],[106.799791,-6.381058],[106.799694,-6.380962],[106.799405,-6.38094],[106.799222,-6.380738],[106.799136,-6.38045],[106.798815,-6.380215],[106.798857,-6.380002],[106.798568,-6.379032],[106.798235,-6.378925],[106.797774,-6.378946],[106.797398,-6.379096],[106.797195,-6.379074],[106.797044,-6.37884]]]]},"properties":{"nama":"Mampang","kecamatan":"Pancoran Mas","kota":"Kota Depok","tipe_kawasan":"Kawasan hijau","kualitas_udara":"sehat","atribut":{"sumber_batas":"OSM","kualitas_udara":"contoh","stasiun":0,"rth":4,"poi":1}}},{"type":"Feature","geometry":{"type":"MultiPolygon","coordinates":[[[[106.804694,-6.390611],[106.804533,-6.391741],[106.804597,-6.392061],[106.80475,-6.392245],[106.805913,-6.393116],[106.806432,-6.393788],[106.806861,-6.394545],[106.807215,-6.395505],[106.807483,-6.39704],[106.80772,-6.3972],[106.8095,-6.397978],[106.813663,-6.399258],[106.814243,-6.399493],[106.815627,-6.400111],[106.815884,-6.400324],[106.816067,-6.400655],[106.816109,-6.401113],[106.816067,-6.401401],[106.815959,-6.401572],[106.815755,-6.401721],[106.815712,-6.401955],[106.815927,-6.402286],[106.815959,-6.40284],[106.816056,-6.403022],[106.816045,-6.403192],[106.815852,-6.403299],[106.815669,-6.403512],[106.815616,-6.403789],[106.815605,-6.404088],[106.815927,-6.404536],[106.815594,-6.405858],[106.815691,-6.406167],[106.815627,-6.407585],[106.815433,-6.408075],[106.815369,-6.408417],[106.815058,-6.408822],[106.815015,-6.408982],[106.815037,-6.409611],[106.81442,-6.412095],[106.813899,-6.412393],[106.813711,-6.41291],[106.813776,-6.413166],[106.813663,-6.413475],[106.812741,-6.413182],[106.811625,-6.413241],[106.811614,-6.413022],[106.811265,-6.413033],[106.811228,-6.413278],[106.810327,-6.413257],[106.81016,-6.413369],[106.809774,-6.413454],[106.809715,-6.413257],[106.809527,-6.413326],[106.808669,-6.413406],[106.808642,-6.413299],[106.808106,-6.413353],[106.807612,-6.413289],[106.807585,-6.413428],[106.807022,-6.413417],[106.806303,-6.413534],[106.806325,-6.413635],[106.805064,-6.413854],[106.804479,-6.413875],[106.802693,-6.414206],[106.802623,-6.414355],[106.802146,-6.414584],[106.797919,-6.414366],[106.79845,-6.413193],[106.801658,-6.408544],[106.801733,-6.408278],[106.80169,-6.407819],[106.801475,-6.407436],[106.799641,-6.40573],[106.798965,-6.404877],[106.798857,-6.40445],[106.798847,-6.40396],[106.798546,-6.402958],[106.798332,-6.402702],[106.797817,-6.402467],[106.797119,-6.402425],[106.796862,-6.402297],[106.796765,-6.402062],[106.797012,-6.398117],[106.797227,-6.397957],[106.797516,-6.397914],[106.797849,-6.397957],[106.799287,-6.397797],[106.799769,-6.39784],[106.80066,-6.398064],[106.801132,-6.398032],[106.801336,-6.396433],[106.801754,-6.396091],[106.801904,-6.395771],[106.802205,-6.395548],[106.80272,-6.395516],[106.80243,-6.394268],[106.802258,-6.394001],[106.801969,-6.393874],[106.80169,-6.393618],[106.801647,-6.393458],[106.801947,-6.39285],[106.802012,-6.392445],[106.802301,-6.391688],[106.802505,-6.391571],[106.802537,-6.391389],[106.802452,-6.391283],[106.802269,-6.391304],[106.802119,-6.391197],[106.802205,-6.390814],[106.802108,-6.390632],[106.802387,-6.390121],[106.802602,-6.390238],[106.80273,-6.390408],[106.803224,-6.390387],[106.804694,-6.390611]]]]},"properties":{"nama":"Pancoran Mas","kecamatan":"Pancoran Mas","kota":"Kota Depok","tipe_kawasan":"Pusat aktivitas","kualitas_udara":"sehat","atribut":{"sumber_batas":"OSM","kualitas_udara":"contoh","stasiun":0,"rth":5,"poi":11}}},{"type":"Feature","geometry":{"type":"MultiPolygon","coordinates":[[[[106.787231,-6.384018],[106.787571,-6.384533],[106.787936,-6.385312],[106.78829,-6.385898],[106.788408,-6.386239],[106.788322,-6.386517],[106.788365,-6.387114],[106.78874,-6.387455],[106.788804,-6.387647],[106.788804,-6.387977],[106.788611,-6.38818],[106.788644,-6.388553],[106.788729,-6.388628],[106.789255,-6.388553],[106.78947,-6.388852],[106.789491,-6.38907],[106.789572,-6.389156],[106.789899,-6.389177],[106.790017,-6.389401],[106.790162,-6.389486],[106.790612,-6.389502],[106.790822,-6.389646],[106.791074,-6.390387],[106.791438,-6.390718],[106.791438,-6.391347],[106.791481,-6.39156],[106.791605,-6.391693],[106.791894,-6.391816],[106.79212,-6.391496],[106.792254,-6.391539],[106.792543,-6.391832],[106.793289,-6.391826],[106.793627,-6.391986],[106.793981,-6.392562],[106.794105,-6.39301],[106.794131,-6.394188],[106.793895,-6.394465],[106.793869,-6.394764],[106.793177,-6.395308],[106.792828,-6.395777],[106.792694,-6.396123],[106.792715,-6.396267],[106.793734,-6.397845],[106.793455,-6.39897],[106.793042,-6.399839],[106.792946,-6.400239],[106.792989,-6.400516],[106.793557,-6.400468],[106.793557,-6.400287],[106.794196,-6.400255],[106.794448,-6.400127],[106.794957,-6.399999],[106.795805,-6.400047],[106.7958,-6.400281],[106.796875,-6.400303],[106.796765,-6.402062],[106.796862,-6.402297],[106.797119,-6.402425],[106.797817,-6.402467],[106.798332,-6.402702],[106.798546,-6.402958],[106.798847,-6.40396],[106.798857,-6.40445],[106.798965,-6.404877],[106.799641,-6.40573],[106.801475,-6.407436],[106.80169,-6.407819],[106.801733,-6.408278],[106.801658,-6.408544],[106.79845,-6.413193],[106.797919,-6.414366],[106.797704,-6.414424],[106.797549,-6.414366],[106.796181,-6.414355],[106.793933,-6.414398],[106.793498,-6.414499],[106.793321,-6.414462],[106.788461,-6.405058],[106.788735,-6.404989],[106.789411,-6.40509],[106.789566,-6.404205],[106.789797,-6.404029],[106.789942,-6.403757],[106.790205,-6.403645],[106.790382,-6.403491],[106.789239,-6.40323],[106.789239,-6.403134],[106.788922,-6.403064],[106.789014,-6.402243],[106.787871,-6.402174],[106.78748,-6.40155],[106.786771,-6.40114],[106.786187,-6.400953],[106.786036,-6.400617],[106.783612,-6.400836],[106.783252,-6.400655],[106.782673,-6.399642],[106.783124,-6.398661],[106.783172,-6.3984],[106.783129,-6.398202],[106.78329,-6.397744],[106.783478,-6.396576],[106.783606,-6.396086],[106.783746,-6.395809],[106.783762,-6.395324],[106.783118,-6.395441],[106.779953,-6.389982],[106.779883,-6.389603],[106.779594,-6.389619],[106.779229,-6.389459],[106.779143,-6.389278],[106.77924,-6.38891],[106.779218,-6.388788],[106.778752,-6.388606],[106.778462,-6.388271],[106.778553,-6.387871],[106.777614,-6.387812],[106.777437,-6.387711],[106.777362,-6.387562],[106.777207,-6.386479],[106.776912,-6.386602],[106.776767,-6.386554],[106.776574,-6.385936],[106.776252,-6.385999],[106.775444,-6.385458],[106.777057,-6.384939],[106.77751,-6.384859],[106.779374,-6.384779],[106.783097,-6.385013],[106.783483,-6.38496],[106.784191,-6.384619],[106.784996,-6.384459],[106.785768,-6.38416],[106.786219,-6.383894],[106.786412,-6.383883],[106.78667,-6.384064],[106.787231,-6.384018]]]]},"properties":{"nama":"Rangkapan Jaya","kecamatan":"Pancoran Mas","kota":"Kota Depok","tipe_kawasan":"Kawasan hijau","kualitas_udara":"sehat","atribut":{"sumber_batas":"OSM","kualitas_udara":"contoh","stasiun":0,"rth":6,"poi":5}}},{"type":"Feature","geometry":{"type":"MultiPolygon","coordinates":[[[[106.767207,-6.385728],[106.7671,-6.385994],[106.76681,-6.386186],[106.766188,-6.386389],[106.766038,-6.386602],[106.766017,-6.38689],[106.765748,-6.38754],[106.76578,-6.387849],[106.765974,-6.388116],[106.766553,-6.388457],[106.766617,-6.388841],[106.766446,-6.389086],[106.766435,-6.389267],[106.766553,-6.389459],[106.766821,-6.389545],[106.766907,-6.389673],[106.766886,-6.389843],[106.766649,-6.389918],[106.766306,-6.389875],[106.765877,-6.38995],[106.765416,-6.390163],[106.765373,-6.390398],[106.765523,-6.39075],[106.765899,-6.391176],[106.76592,-6.391507],[106.76577,-6.391826],[106.76577,-6.392061],[106.766306,-6.392402],[106.766403,-6.39253],[106.766317,-6.392711],[106.76578,-6.393031],[106.76563,-6.393468],[106.765759,-6.393948],[106.766006,-6.394407],[106.766413,-6.394631],[106.766735,-6.394918],[106.7671,-6.395409],[106.767336,-6.395505],[106.767561,-6.395409],[106.767701,-6.394918],[106.768205,-6.394652],[106.768548,-6.394385],[106.769578,-6.394108],[106.769782,-6.394183],[106.770008,-6.394599],[106.770018,-6.394833],[106.769847,-6.395014],[106.769439,-6.39527],[106.769064,-6.395697],[106.768967,-6.395995],[106.768988,-6.396262],[106.769106,-6.396326],[106.76924,-6.396299],[106.769852,-6.395825],[106.770104,-6.395745],[106.77085,-6.395676],[106.771719,-6.395803],[106.771756,-6.396118],[106.771408,-6.39656],[106.771381,-6.396752],[106.771542,-6.397157],[106.771708,-6.397259],[106.772363,-6.397264],[106.772851,-6.396928],[106.773462,-6.397477],[106.774948,-6.398277],[106.775136,-6.398501],[106.775013,-6.398869],[106.775098,-6.399018],[106.775308,-6.399119],[106.775404,-6.399285],[106.77541,-6.399636],[106.775308,-6.399807],[106.775324,-6.399935],[106.77579,-6.400105],[106.77601,-6.399855],[106.776279,-6.399844],[106.776847,-6.39969],[106.776713,-6.399919],[106.776531,-6.400042],[106.776423,-6.400372],[106.7763,-6.400537],[106.776048,-6.400649],[106.775908,-6.400873],[106.77586,-6.401097],[106.775914,-6.401161],[106.776118,-6.400943],[106.777164,-6.400969],[106.777437,-6.401241],[106.777459,-6.401529],[106.777555,-6.401726],[106.777797,-6.40195],[106.777587,-6.402408],[106.778081,-6.402675],[106.778204,-6.403011],[106.778548,-6.403459],[106.778403,-6.403874],[106.779674,-6.404578],[106.77969,-6.404866],[106.77961,-6.40493],[106.779401,-6.404893],[106.779272,-6.404967],[106.779079,-6.405378],[106.778821,-6.405634],[106.778773,-6.405783],[106.778875,-6.406071],[106.779068,-6.40606],[106.779293,-6.405591],[106.779433,-6.405474],[106.779658,-6.405468],[106.780018,-6.405623],[106.780275,-6.405847],[106.780602,-6.406231],[106.780667,-6.406428],[106.780409,-6.406876],[106.779771,-6.407174],[106.779696,-6.407153],[106.779658,-6.40702],[106.779825,-6.406865],[106.77954,-6.406695],[106.779251,-6.406711],[106.778961,-6.40703],[106.779073,-6.407356],[106.779138,-6.407851],[106.779299,-6.40799],[106.779519,-6.408054],[106.779712,-6.408022],[106.780345,-6.407564],[106.780533,-6.407505],[106.780688,-6.407564],[106.781192,-6.40807],[106.781605,-6.408081],[106.781772,-6.408001],[106.781841,-6.407878],[106.781976,-6.407857],[106.782121,-6.407921],[106.782292,-6.408576],[106.782818,-6.408619],[106.783107,-6.408854],[106.783789,-6.40888],[106.783762,-6.409067],[106.783494,-6.409195],[106.783488,-6.409333],[106.783558,-6.409424],[106.784036,-6.409669],[106.784459,-6.409755],[106.784593,-6.40993],[106.784695,-6.410122],[106.784572,-6.410394],[106.784293,-6.410538],[106.782877,-6.410826],[106.783124,-6.411407],[106.783124,-6.412201],[106.783429,-6.41267],[106.783478,-6.413268],[106.783757,-6.413806],[106.784025,-6.414089],[106.784062,-6.414456],[106.784003,-6.414702],[106.784068,-6.414915],[106.784191,-6.415053],[106.784325,-6.415048],[106.784658,-6.414643],[106.784695,-6.41444],[106.784878,-6.414376],[106.785055,-6.414414],[106.785194,-6.414568],[106.785409,-6.414654],[106.785602,-6.414654],[106.785774,-6.414504],[106.785876,-6.414558],[106.785999,-6.414776],[106.786455,-6.414648],[106.786702,-6.414419],[106.78889,-6.414552],[106.791058,-6.414547],[106.791406,-6.41467],[106.791621,-6.414616],[106.791857,-6.414446],[106.793005,-6.414536],[106.793321,-6.414462],[106.788461,-6.405058],[106.788735,-6.404989],[106.789411,-6.40509],[106.789566,-6.404205],[106.789797,-6.404029],[106.789942,-6.403757],[106.790205,-6.403645],[106.790382,-6.403491],[106.789239,-6.40323],[106.789239,-6.403134],[106.788922,-6.403064],[106.789014,-6.402243],[106.787871,-6.402174],[106.78748,-6.40155],[106.786771,-6.40114],[106.786187,-6.400953],[106.786036,-6.400617],[106.783612,-6.400836],[106.783252,-6.400655],[106.782673,-6.399642],[106.783124,-6.398661],[106.783172,-6.3984],[106.783129,-6.398202],[106.78329,-6.397744],[106.783478,-6.396576],[106.783606,-6.396086],[106.783746,-6.395809],[106.783762,-6.395324],[106.783118,-6.395441],[106.779953,-6.389982],[106.779883,-6.389603],[106.779594,-6.389619],[106.779229,-6.389459],[106.779143,-6.389278],[106.77924,-6.38891],[106.779218,-6.388788],[106.778752,-6.388606],[106.778462,-6.388271],[106.778553,-6.387871],[106.777614,-6.387812],[106.777437,-6.387711],[106.777362,-6.387562],[106.777244,-6.386554],[106.777207,-6.386479],[106.776912,-6.386602],[106.776767,-6.386554],[106.776574,-6.385936],[106.776252,-6.385999],[106.775394,-6.385397],[106.774846,-6.385536],[106.774331,-6.385536],[106.774149,-6.3856],[106.770973,-6.385525],[106.768795,-6.385546],[106.767851,-6.385589],[106.767207,-6.385728]]]]},"properties":{"nama":"Rangkapan Jaya Baru","kecamatan":"Pancoran Mas","kota":"Kota Depok","tipe_kawasan":"Kawasan hijau","kualitas_udara":"sehat","atribut":{"sumber_batas":"OSM","kualitas_udara":"contoh","stasiun":0,"rth":3,"poi":3}}},{"type":"Feature","geometry":{"type":"MultiPolygon","coordinates":[[[[106.788618,-6.439477],[106.788718,-6.43972],[106.788718,-6.440217],[106.788459,-6.440652],[106.788475,-6.440795],[106.789226,-6.44049],[106.790406,-6.440505],[106.791555,-6.440795],[106.792036,-6.441038],[106.792067,-6.441763],[106.792131,-6.441844],[106.794501,-6.441649],[106.794516,-6.441758],[106.795147,-6.441645],[106.795215,-6.442124],[106.795301,-6.442185],[106.795365,-6.442602],[106.79527,-6.442657],[106.79526,-6.442809],[106.795356,-6.443491],[106.79543,-6.44362],[106.795434,-6.44389],[106.795578,-6.443926],[106.795588,-6.444853],[106.795704,-6.444979],[106.795702,-6.446784],[106.795531,-6.446864],[106.795561,-6.447326],[106.795719,-6.447385],[106.795357,-6.448137],[106.794986,-6.448542],[106.794814,-6.44921],[106.794432,-6.449799],[106.794316,-6.451136],[106.795457,-6.451113],[106.795741,-6.450988],[106.796881,-6.450953],[106.796887,-6.450753],[106.797223,-6.450818],[106.797693,-6.450809],[106.797711,-6.451047],[106.797845,-6.451151],[106.797994,-6.451139],[106.79827,-6.450941],[106.798969,-6.451039],[106.799051,-6.448322],[106.798664,-6.447064],[106.798278,-6.444751],[106.796969,-6.437949],[106.796926,-6.437416],[106.796722,-6.436957],[106.797012,-6.436968],[106.79698,-6.436733],[106.797377,-6.436744],[106.797559,-6.436659],[106.798031,-6.436254],[106.798707,-6.436094],[106.798697,-6.43587],[106.79948,-6.435934],[106.799544,-6.435379],[106.799716,-6.435273],[106.799748,-6.435113],[106.80081,-6.435262],[106.801153,-6.435209],[106.801132,-6.434932],[106.801261,-6.434345],[106.801314,-6.43361],[106.801239,-6.433141],[106.801368,-6.432853],[106.801561,-6.43248],[106.801679,-6.432074],[106.801679,-6.43103],[106.801765,-6.430752],[106.80169,-6.430401],[106.801121,-6.42943],[106.800445,-6.429441],[106.800284,-6.429281],[106.800027,-6.428674],[106.799963,-6.428108],[106.799995,-6.427288],[106.799834,-6.426818],[106.796299,-6.426749],[106.796309,-6.427224],[106.792452,-6.426765],[106.792479,-6.427341],[106.791465,-6.427357],[106.790811,-6.427239],[106.789738,-6.427192],[106.789652,-6.427277],[106.789255,-6.42732],[106.788214,-6.427277],[106.788027,-6.427394],[106.787968,-6.427591],[106.788091,-6.428274],[106.78823,-6.428402],[106.788424,-6.428455],[106.788778,-6.428732],[106.788869,-6.428876],[106.788874,-6.429047],[106.788493,-6.429409],[106.788381,-6.429974],[106.78844,-6.430075],[106.788783,-6.430193],[106.789003,-6.430619],[106.789341,-6.430806],[106.789486,-6.430987],[106.789556,-6.431328],[106.789727,-6.431632],[106.790264,-6.432181],[106.79065,-6.433375],[106.790848,-6.433514],[106.790677,-6.43362],[106.790296,-6.434148],[106.790076,-6.434201],[106.789974,-6.434356],[106.789513,-6.434383],[106.789405,-6.434484],[106.789293,-6.434729],[106.789282,-6.435268],[106.78903,-6.436136],[106.788424,-6.436328],[106.788043,-6.436765],[106.787957,-6.437448],[106.788225,-6.437917],[106.788365,-6.438519],[106.788795,-6.43873],[106.788894,-6.438916],[106.78859,-6.439121],[106.788618,-6.439477]]]]},"properties":{"nama":"Cipayung Jaya","kecamatan":"Cipayung","kota":"Kota Depok","tipe_kawasan":"Pusat aktivitas","kualitas_udara":"kurang_sehat","atribut":{"sumber_batas":"OSM","kualitas_udara":"contoh","stasiun":0,"rth":1,"poi":11}}},{"type":"Feature","geometry":{"type":"MultiPolygon","coordinates":[[[[106.798969,-6.451039],[106.799048,-6.451044],[106.799045,-6.451187],[106.801808,-6.451224],[106.801929,-6.45065],[106.801616,-6.450738],[106.801572,-6.450253],[106.801613,-6.44937],[106.801595,-6.44931],[106.801464,-6.449289],[106.801465,-6.448867],[106.801762,-6.448828],[106.801884,-6.448888],[106.802357,-6.44891],[106.802397,-6.448765],[106.802907,-6.448838],[106.802897,-6.448322],[106.802983,-6.447741],[106.80339,-6.446323],[106.80611,-6.440667],[106.807864,-6.437837],[106.808481,-6.435918],[106.808755,-6.434862],[106.809077,-6.433988],[106.808986,-6.433946],[106.811357,-6.427026],[106.80927,-6.426237],[106.80928,-6.426147],[106.808937,-6.425992],[106.807918,-6.428647],[106.80706,-6.428418],[106.807006,-6.428599],[106.80522,-6.428172],[106.80442,-6.427863],[106.803229,-6.427783],[106.803304,-6.427437],[106.80316,-6.42741],[106.803192,-6.427074],[106.803144,-6.426994],[106.80279,-6.426888],[106.802114,-6.42685],[106.800091,-6.426509],[106.799845,-6.426349],[106.799834,-6.426818],[106.799995,-6.427288],[106.799963,-6.428108],[106.800027,-6.428674],[106.800284,-6.429281],[106.800445,-6.429441],[106.801121,-6.42943],[106.80169,-6.430401],[106.801765,-6.430752],[106.801679,-6.43103],[106.801679,-6.432074],[106.801561,-6.43248],[106.801239,-6.433141],[106.801314,-6.43361],[106.801261,-6.434345],[106.801132,-6.434932],[106.801153,-6.435209],[106.80081,-6.435262],[106.799748,-6.435113],[106.799716,-6.435273],[106.799544,-6.435379],[106.79948,-6.435934],[106.798697,-6.43587],[106.798707,-6.436094],[106.798031,-6.436254],[106.797559,-6.436659],[106.797377,-6.436744],[106.79698,-6.436733],[106.797012,-6.436968],[106.796722,-6.436957],[106.796926,-6.437416],[106.796969,-6.437949],[106.798278,-6.444751],[106.798664,-6.447064],[106.799051,-6.448322],[106.798969,-6.451039]]]]},"properties":{"nama":"Bojong Pondok Terong","kecamatan":"Cipayung","kota":"Kota Depok","tipe_kawasan":"Permukiman dekat stasiun","kualitas_udara":"sehat","atribut":{"sumber_batas":"OSM","kualitas_udara":"contoh","stasiun":1,"rth":2,"poi":8}}},{"type":"Feature","geometry":{"type":"MultiPolygon","coordinates":[[[[106.788681,-6.427288],[106.789255,-6.42732],[106.789652,-6.427277],[106.789738,-6.427192],[106.790811,-6.427239],[106.791465,-6.427357],[106.792479,-6.427341],[106.792452,-6.426765],[106.796309,-6.427224],[106.796299,-6.426749],[106.799834,-6.426818],[106.799845,-6.426349],[106.800027,-6.425795],[106.800027,-6.425145],[106.800145,-6.42491],[106.801647,-6.42427],[106.802055,-6.424366],[106.802484,-6.424654],[106.803085,-6.42475],[106.80376,-6.424707],[106.80404,-6.424569],[106.804297,-6.424174],[106.804876,-6.4241],[106.804866,-6.423375],[106.804479,-6.4225],[106.804426,-6.421797],[106.804104,-6.421797],[106.803803,-6.421477],[106.80331,-6.421274],[106.800531,-6.421072],[106.800209,-6.420859],[106.799909,-6.420059],[106.799727,-6.419899],[106.799405,-6.419878],[106.799211,-6.419739],[106.79919,-6.419334],[106.79948,-6.418502],[106.799523,-6.417042],[106.799662,-6.41685],[106.799737,-6.416562],[106.799952,-6.416253],[106.799995,-6.415986],[106.799769,-6.415965],[106.799716,-6.41589],[106.799941,-6.414963],[106.800161,-6.414472],[106.797919,-6.414366],[106.797704,-6.414424],[106.797549,-6.414366],[106.796181,-6.414355],[106.793933,-6.414398],[106.793005,-6.414536],[106.791857,-6.414446],[106.791621,-6.414616],[106.791406,-6.41467],[106.791058,-6.414547],[106.78889,-6.414552],[106.786702,-6.414419],[106.786455,-6.414648],[106.785999,-6.414776],[106.786138,-6.415027],[106.786079,-6.41508],[106.785913,-6.415069],[106.785784,-6.415176],[106.785371,-6.415832],[106.785371,-6.416034],[106.785516,-6.416215],[106.785479,-6.416354],[106.785387,-6.416423],[106.784926,-6.416328],[106.784626,-6.416104],[106.784492,-6.416104],[106.784422,-6.416247],[106.784449,-6.416626],[106.784754,-6.417335],[106.785092,-6.417356],[106.785629,-6.416887],[106.785736,-6.416637],[106.785779,-6.416056],[106.78586,-6.416045],[106.786047,-6.416487],[106.786337,-6.416695],[106.786385,-6.417164],[106.786562,-6.41726],[106.78661,-6.417511],[106.786793,-6.417788],[106.78683,-6.417959],[106.786723,-6.418177],[106.786739,-6.418359],[106.786997,-6.418588],[106.787045,-6.41871],[106.786981,-6.418865],[106.786771,-6.418998],[106.786348,-6.419142],[106.786299,-6.419435],[106.786417,-6.419888],[106.786492,-6.419926],[106.786959,-6.419691],[106.786981,-6.419755],[106.786879,-6.419942],[106.786981,-6.42008],[106.78697,-6.420416],[106.787088,-6.420613],[106.787029,-6.421317],[106.786927,-6.421669],[106.786745,-6.421914],[106.786771,-6.422063],[106.786643,-6.422325],[106.786686,-6.422415],[106.786857,-6.422485],[106.787099,-6.42297],[106.787077,-6.423583],[106.787394,-6.423849],[106.787667,-6.423897],[106.788161,-6.423828],[106.788515,-6.423956],[106.789169,-6.424366],[106.788939,-6.424761],[106.788971,-6.424915],[106.789073,-6.425001],[106.789073,-6.425123],[106.788885,-6.425406],[106.788847,-6.425742],[106.78888,-6.425998],[106.789094,-6.426509],[106.788928,-6.426904],[106.788912,-6.427112],[106.788681,-6.427288]]]]},"properties":{"nama":"Cipayung","kecamatan":"Cipayung","kota":"Kota Depok","tipe_kawasan":"Permukiman","kualitas_udara":"sehat","atribut":{"sumber_batas":"OSM","kualitas_udara":"contoh","stasiun":0,"rth":1,"poi":5}}},{"type":"Feature","geometry":{"type":"MultiPolygon","coordinates":[[[[106.81442,-6.412095],[106.813899,-6.412393],[106.813711,-6.41291],[106.813776,-6.413166],[106.813663,-6.413475],[106.812741,-6.413182],[106.811625,-6.413241],[106.811614,-6.413022],[106.811265,-6.413033],[106.811228,-6.413278],[106.810327,-6.413257],[106.81016,-6.413369],[106.809774,-6.413454],[106.809715,-6.413257],[106.809527,-6.413326],[106.808669,-6.413406],[106.808642,-6.413299],[106.808106,-6.413353],[106.807612,-6.413289],[106.807585,-6.413428],[106.807022,-6.413417],[106.806303,-6.413534],[106.806325,-6.413635],[106.805064,-6.413854],[106.804479,-6.413875],[106.802693,-6.414206],[106.802623,-6.414355],[106.802146,-6.414584],[106.800161,-6.414472],[106.799941,-6.414963],[106.799716,-6.41589],[106.799769,-6.415965],[106.799995,-6.415986],[106.799952,-6.416253],[106.799737,-6.416562],[106.799662,-6.41685],[106.799523,-6.417042],[106.79948,-6.418502],[106.79919,-6.419334],[106.799211,-6.419739],[106.799405,-6.419878],[106.799727,-6.419899],[106.799909,-6.420059],[106.800209,-6.420859],[106.800531,-6.421072],[106.80331,-6.421274],[106.803803,-6.421477],[106.804104,-6.421797],[106.804426,-6.421797],[106.804479,-6.4225],[106.804866,-6.423375],[106.804876,-6.4241],[106.804297,-6.424174],[106.80404,-6.424569],[106.80376,-6.424707],[106.803085,-6.42475],[106.802484,-6.424654],[106.802055,-6.424366],[106.801647,-6.42427],[106.800145,-6.42491],[106.800027,-6.425145],[106.800027,-6.425795],[106.799845,-6.426349],[106.800091,-6.426509],[106.801717,-6.426754],[106.802114,-6.42685],[106.80279,-6.426888],[106.803144,-6.426994],[106.803192,-6.427074],[106.80316,-6.42741],[106.803304,-6.427437],[106.803229,-6.427783],[106.80442,-6.427863],[106.80522,-6.428172],[106.807006,-6.428599],[106.80706,-6.428418],[106.807918,-6.428647],[106.808937,-6.425992],[106.80928,-6.426147],[106.80927,-6.426237],[106.811357,-6.427026],[106.811496,-6.426648],[106.812445,-6.427186],[106.812864,-6.427335],[106.814243,-6.427485],[106.814542,-6.427661],[106.81494,-6.427192],[106.815648,-6.42684],[106.816345,-6.426786],[106.81685,-6.427053],[106.817472,-6.427533],[106.817772,-6.428002],[106.817654,-6.428503],[106.817751,-6.428908],[106.817901,-6.429111],[106.818137,-6.429089],[106.818298,-6.428951],[106.818684,-6.428055],[106.818759,-6.427405],[106.818566,-6.426499],[106.818191,-6.425891],[106.817686,-6.425486],[106.81759,-6.425123],[106.817686,-6.42459],[106.818105,-6.423673],[106.818738,-6.423034],[106.819307,-6.422767],[106.820562,-6.422671],[106.821528,-6.422309],[106.821817,-6.422074],[106.821914,-6.42185],[106.821903,-6.421584],[106.821774,-6.421456],[106.820809,-6.421381],[106.820272,-6.421232],[106.81951,-6.420667],[106.818363,-6.419163],[106.81833,-6.418609],[106.818556,-6.418161],[106.819028,-6.417991],[106.819446,-6.41798],[106.820015,-6.418364],[106.820369,-6.418428],[106.820669,-6.418193],[106.820809,-6.417884],[106.820755,-6.417415],[106.820401,-6.416594],[106.819864,-6.415933],[106.818448,-6.414878],[106.818116,-6.41428],[106.818041,-6.413843],[106.818105,-6.413321],[106.816421,-6.412916],[106.816367,-6.413076],[106.815755,-6.412681],[106.814693,-6.41234],[106.81442,-6.412095]]]]},"properties":{"nama":"Ratujaya","kecamatan":"Cipayung","kota":"Kota Depok","tipe_kawasan":"Kawasan hijau","kualitas_udara":"sehat","atribut":{"sumber_batas":"OSM","kualitas_udara":"contoh","stasiun":0,"rth":4,"poi":5}}},{"type":"Feature","geometry":{"type":"MultiPolygon","coordinates":[[[[106.802907,-6.448838],[106.803246,-6.448855],[106.80324,-6.448953],[106.803579,-6.448998],[106.803588,-6.448929],[106.803802,-6.448965],[106.803858,-6.448805],[106.804386,-6.448856],[106.804786,-6.449024],[106.805128,-6.449031],[106.805851,-6.448963],[106.806386,-6.448726],[106.807226,-6.448844],[106.807595,-6.448702],[106.808402,-6.448804],[106.812034,-6.448908],[106.812878,-6.448849],[106.813901,-6.448685],[106.81421,-6.448501],[106.814483,-6.448494],[106.81453,-6.4483],[106.814789,-6.448156],[106.814559,-6.446957],[106.814346,-6.44669],[106.812993,-6.446312],[106.812821,-6.446202],[106.812654,-6.445842],[106.812981,-6.444822],[106.813022,-6.444351],[106.812735,-6.444154],[106.812043,-6.444122],[106.811732,-6.443951],[106.811614,-6.44377],[106.811668,-6.443535],[106.811979,-6.443354],[106.813642,-6.443055],[106.813964,-6.442842],[106.814146,-6.442576],[106.814092,-6.442341],[106.813288,-6.441456],[106.813159,-6.441158],[106.813234,-6.440721],[106.813631,-6.439495],[106.813706,-6.439004],[106.813556,-6.438642],[106.813191,-6.438055],[106.813137,-6.437437],[106.813266,-6.43717],[106.814264,-6.436605],[106.814425,-6.436307],[106.814253,-6.435912],[106.813974,-6.435753],[106.813213,-6.435582],[106.81288,-6.435315],[106.812258,-6.434484],[106.812108,-6.434025],[106.812161,-6.43378],[106.81258,-6.433215],[106.815466,-6.431595],[106.815959,-6.431531],[106.816474,-6.431605],[106.816882,-6.431563],[106.817086,-6.431456],[106.817129,-6.431168],[106.816796,-6.430795],[106.816292,-6.430582],[106.814253,-6.430625],[106.814007,-6.430465],[106.813792,-6.430123],[106.813685,-6.429729],[106.813803,-6.42894],[106.814135,-6.42814],[106.814542,-6.427661],[106.814243,-6.427485],[106.812864,-6.427335],[106.812445,-6.427186],[106.811496,-6.426648],[106.808986,-6.433946],[106.809077,-6.433988],[106.808755,-6.434862],[106.808481,-6.435918],[106.807864,-6.437837],[106.80611,-6.440667],[106.80339,-6.446323],[106.802983,-6.447741],[106.802897,-6.448322],[106.802907,-6.448838]]]]},"properties":{"nama":"Pondok Jaya","kecamatan":"Cipayung","kota":"Kota Depok","tipe_kawasan":"Permukiman","kualitas_udara":"kurang_sehat","atribut":{"sumber_batas":"OSM","kualitas_udara":"contoh","stasiun":0,"rth":0,"poi":1}}},{"type":"Feature","geometry":{"type":"MultiPolygon","coordinates":[[[[106.758753,-6.409152],[106.758555,-6.409403],[106.758496,-6.409909],[106.758552,-6.409985],[106.75944,-6.410304],[106.759692,-6.410495],[106.759762,-6.410735],[106.75952,-6.411535],[106.759493,-6.412452],[106.759606,-6.412788],[106.760121,-6.413518],[106.760389,-6.41404],[106.760652,-6.415165],[106.760609,-6.415416],[106.760405,-6.415597],[106.760277,-6.415581],[106.760019,-6.415299],[106.759601,-6.415101],[106.758946,-6.414371],[106.758587,-6.414153],[106.757863,-6.414003],[106.757675,-6.414824],[106.757541,-6.415149],[106.757814,-6.415299],[106.757557,-6.415976],[106.75761,-6.416066],[106.757272,-6.416535],[106.75723,-6.417084],[106.756961,-6.417511],[106.756688,-6.417756],[106.756334,-6.418577],[106.756318,-6.418758],[106.756409,-6.418929],[106.756774,-6.419041],[106.757315,-6.419441],[106.757535,-6.419798],[106.757669,-6.419888],[106.757873,-6.419904],[106.758243,-6.419798],[106.758726,-6.420262],[106.759445,-6.420491],[106.759896,-6.420773],[106.759413,-6.421642],[106.759118,-6.422026],[106.759096,-6.422197],[106.759209,-6.422436],[106.75981,-6.423231],[106.760663,-6.424068],[106.761065,-6.424329],[106.761162,-6.424505],[106.761162,-6.424771],[106.760867,-6.425246],[106.76077,-6.425688],[106.760277,-6.426168],[106.76025,-6.426296],[106.760373,-6.426499],[106.760641,-6.426642],[106.761028,-6.426696],[106.761628,-6.426733],[106.762691,-6.426685],[106.763222,-6.427058],[106.763372,-6.427277],[106.763323,-6.427474],[106.762347,-6.428556],[106.762068,-6.429036],[106.761752,-6.429228],[106.761639,-6.429452],[106.761559,-6.429974],[106.76165,-6.43063],[106.761768,-6.430902],[106.761634,-6.431493],[106.76165,-6.431728],[106.761467,-6.431952],[106.76047,-6.43249],[106.760357,-6.432613],[106.760357,-6.432773],[106.760534,-6.432959],[106.760711,-6.432981],[106.760877,-6.432959],[106.761076,-6.432794],[106.76129,-6.432799],[106.761425,-6.43329],[106.762036,-6.433684],[106.762122,-6.433647],[106.762219,-6.433338],[106.762353,-6.433258],[106.762605,-6.433253],[106.762674,-6.433332],[106.762766,-6.433882],[106.762868,-6.434042],[106.763286,-6.433988],[106.763667,-6.434105],[106.763871,-6.434255],[106.76393,-6.434814],[106.763603,-6.435076],[106.763527,-6.435337],[106.763511,-6.435555],[106.763737,-6.435902],[106.763737,-6.436131],[106.763597,-6.436312],[106.763629,-6.436488],[106.764085,-6.436829],[106.764234,-6.437145],[106.764708,-6.437456],[106.764786,-6.439199],[106.764866,-6.439129],[106.765172,-6.439108],[106.765549,-6.439231],[106.765597,-6.439297],[106.767095,-6.43906],[106.767148,-6.439113],[106.767526,-6.439035],[106.767572,-6.439126],[106.767999,-6.438955],[106.768135,-6.439114],[106.768774,-6.439207],[106.768859,-6.439272],[106.768966,-6.439272],[106.768941,-6.439068],[106.770792,-6.439134],[106.771614,-6.439056],[106.772013,-6.439082],[106.772604,-6.43927],[106.774686,-6.439194],[106.775516,-6.439272],[106.777686,-6.439204],[106.77785,-6.436968],[106.777979,-6.43603],[106.777775,-6.435827],[106.777754,-6.435326],[106.777164,-6.434548],[106.776745,-6.434356],[106.77667,-6.433482],[106.776252,-6.4333],[106.775984,-6.433023],[106.775629,-6.431957],[106.775469,-6.431765],[106.775254,-6.431723],[106.775125,-6.431883],[106.774964,-6.431787],[106.774868,-6.431627],[106.774632,-6.431701],[106.774428,-6.431616],[106.774353,-6.431456],[106.774396,-6.431232],[106.774353,-6.430934],[106.774074,-6.430475],[106.773977,-6.430134],[106.774106,-6.42942],[106.774074,-6.429185],[106.773934,-6.428908],[106.773945,-6.428631],[106.774042,-6.428194],[106.774406,-6.427917],[106.774428,-6.427746],[106.774599,-6.42749],[106.774621,-6.42716],[106.774578,-6.426712],[106.774085,-6.425422],[106.77416,-6.424931],[106.773945,-6.424825],[106.77372,-6.424612],[106.773591,-6.424313],[106.773645,-6.424036],[106.773548,-6.423567],[106.773623,-6.422906],[106.773838,-6.422298],[106.774299,-6.421637],[106.774374,-6.421253],[106.774299,-6.420667],[106.774085,-6.420613],[106.77402,-6.419537],[106.774128,-6.41927],[106.77461,-6.418918],[106.775662,-6.417639],[106.775801,-6.417212],[106.77579,-6.416786],[106.775705,-6.416402],[106.775522,-6.415997],[106.775629,-6.415347],[106.775587,-6.415059],[106.775951,-6.413939],[106.775737,-6.413609],[106.775747,-6.413022],[106.775651,-6.41283],[106.77549,-6.412735],[106.775372,-6.412564],[106.775265,-6.412084],[106.774975,-6.411786],[106.774911,-6.411604],[106.774997,-6.411391],[106.774803,-6.411039],[106.774803,-6.410698],[106.774642,-6.410282],[106.774149,-6.409461],[106.774063,-6.408854],[106.774074,-6.408374],[106.773827,-6.407883],[106.773784,-6.407542],[106.773902,-6.406988],[106.773848,-6.406657],[106.773967,-6.406389],[106.773602,-6.406263],[106.771853,-6.405964],[106.771478,-6.404333],[106.771381,-6.404226],[106.771038,-6.404226],[106.770898,-6.40413],[106.770759,-6.403341],[106.770566,-6.403309],[106.77019,-6.40348],[106.76975,-6.403533],[106.769128,-6.403491],[106.768988,-6.404269],[106.768742,-6.404919],[106.768452,-6.405324],[106.768098,-6.405548],[106.767583,-6.405708],[106.767154,-6.405986],[106.7671,-6.406316],[106.767165,-6.406519],[106.766961,-6.406711],[106.766735,-6.406753],[106.766113,-6.406625],[106.765137,-6.406241],[106.764686,-6.406241],[106.764514,-6.406337],[106.764439,-6.406615],[106.764407,-6.407361],[106.762658,-6.408342],[106.762412,-6.408406],[106.761703,-6.408353],[106.761103,-6.408694],[106.760191,-6.408694],[106.759847,-6.408779],[106.759375,-6.409099],[106.758753,-6.409152]]]]},"properties":{"nama":"Bedahan","kecamatan":"Sawangan","kota":"Kota Depok","tipe_kawasan":"Pusat aktivitas","kualitas_udara":"sehat","atribut":{"sumber_batas":"OSM","kualitas_udara":"contoh","stasiun":0,"rth":2,"poi":19}}},{"type":"Feature","geometry":{"type":"MultiPolygon","coordinates":[[[[106.748083,-6.406822],[106.748233,-6.405783],[106.747724,-6.405698],[106.747461,-6.405111],[106.748196,-6.404061],[106.748298,-6.403779],[106.74906,-6.40251],[106.749585,-6.402281],[106.749617,-6.402185],[106.749784,-6.402067],[106.749972,-6.40195],[106.750143,-6.40195],[106.750256,-6.401838],[106.750385,-6.401454],[106.750315,-6.401076],[106.750953,-6.400276],[106.750926,-6.399439],[106.750867,-6.399242],[106.75046,-6.399045],[106.750385,-6.398943],[106.750336,-6.398197],[106.750186,-6.39785],[106.750245,-6.397477],[106.750191,-6.397136],[106.749966,-6.397013],[106.749725,-6.396555],[106.749923,-6.395238],[106.750336,-6.394657],[106.750385,-6.394433],[106.750229,-6.394151],[106.750476,-6.392455],[106.750862,-6.392045],[106.750996,-6.391533],[106.751586,-6.39092],[106.751752,-6.390472],[106.751742,-6.390142],[106.751532,-6.390078],[106.751457,-6.389913],[106.7515,-6.389673],[106.751414,-6.389486],[106.751248,-6.389342],[106.751296,-6.389038],[106.751447,-6.388948],[106.751549,-6.388766],[106.751593,-6.388279],[106.751524,-6.387937],[106.750924,-6.387291],[106.750864,-6.386903],[106.750984,-6.386416],[106.751247,-6.385973],[106.751508,-6.385801],[106.751586,-6.385408],[106.751536,-6.384898],[106.752541,-6.384299],[106.752852,-6.38432],[106.753163,-6.384437],[106.753453,-6.384853],[106.75371,-6.385045],[106.75415,-6.385045],[106.755105,-6.385194],[106.755062,-6.384608],[106.755803,-6.384683],[106.756092,-6.384523],[106.7565,-6.384448],[106.756715,-6.38448],[106.756886,-6.384405],[106.756747,-6.384256],[106.757723,-6.384246],[106.757712,-6.384043],[106.760362,-6.384032],[106.760802,-6.383979],[106.761253,-6.38384],[106.761006,-6.386965],[106.76092,-6.387082],[106.760813,-6.387092],[106.760727,-6.388148],[106.760824,-6.388308],[106.760791,-6.390227],[106.761242,-6.392178],[106.761661,-6.392264],[106.761779,-6.392519],[106.7621,-6.392647],[106.762175,-6.392797],[106.762251,-6.393191],[106.762197,-6.394001],[106.762304,-6.394513],[106.762219,-6.394694],[106.761832,-6.394897],[106.761671,-6.395334],[106.761693,-6.395633],[106.761596,-6.39591],[106.761661,-6.396166],[106.761854,-6.396411],[106.761886,-6.396646],[106.761757,-6.398426],[106.761135,-6.399588],[106.760791,-6.400473],[106.760684,-6.400964],[106.760341,-6.403523],[106.760309,-6.40445],[106.760041,-6.406444],[106.760083,-6.406775],[106.759826,-6.407254],[106.759129,-6.407041],[106.758946,-6.407148],[106.758796,-6.40735],[106.758624,-6.408534],[106.758753,-6.409152],[106.758555,-6.409403],[106.758485,-6.409717],[106.758552,-6.409985],[106.758262,-6.410107],[106.757724,-6.410052],[106.757739,-6.410125],[106.757181,-6.41004],[106.756993,-6.410352],[106.755974,-6.41017],[106.754698,-6.409829],[106.754488,-6.41016],[106.754349,-6.410202],[106.754108,-6.410165],[106.754043,-6.41008],[106.752707,-6.409728],[106.752402,-6.409307],[106.75211,-6.409458],[106.752005,-6.409333],[106.751623,-6.409466],[106.751419,-6.409177],[106.75099,-6.408216],[106.749745,-6.407513],[106.749366,-6.406996],[106.748888,-6.406816],[106.748704,-6.40682],[106.748549,-6.407043],[106.748083,-6.406822]]]]},"properties":{"nama":"Sawangan Lama","kecamatan":"Sawangan","kota":"Kota Depok","tipe_kawasan":"Kawasan hijau","kualitas_udara":"sehat","atribut":{"sumber_batas":"OSM","kualitas_udara":"contoh","stasiun":0,"rth":4,"poi":1}}},{"type":"Feature","geometry":{"type":"MultiPolygon","coordinates":[[[[106.748015,-6.360999],[106.748849,-6.360976],[106.74901,-6.361035],[106.749364,-6.36096],[106.755628,-6.361103],[106.756507,-6.361067],[106.756617,-6.361176],[106.756627,-6.361435],[106.757279,-6.361701],[106.756897,-6.361876],[106.7568,-6.362068],[106.756607,-6.362196],[106.755706,-6.362387],[106.754987,-6.362867],[106.754698,-6.363176],[106.754537,-6.363646],[106.754258,-6.363987],[106.753861,-6.3642],[106.753238,-6.364403],[106.752262,-6.364541],[106.751608,-6.364893],[106.751543,-6.365106],[106.751565,-6.365288],[106.751318,-6.365533],[106.751382,-6.36581],[106.751532,-6.365853],[106.751822,-6.365757],[106.752412,-6.365906],[106.752552,-6.36613],[106.75252,-6.366727],[106.752391,-6.366994],[106.752359,-6.36725],[106.752198,-6.367356],[106.752123,-6.367612],[106.751876,-6.367719],[106.751576,-6.367676],[106.749741,-6.36871],[106.750116,-6.369435],[106.752015,-6.371632],[106.752262,-6.372112],[106.752766,-6.373615],[106.753678,-6.377635],[106.756446,-6.383936],[106.756886,-6.384405],[106.756715,-6.38448],[106.7565,-6.384448],[106.756092,-6.384523],[106.755803,-6.384683],[106.755062,-6.384608],[106.755105,-6.385194],[106.75415,-6.385045],[106.75371,-6.385045],[106.753453,-6.384853],[106.753163,-6.384437],[106.752852,-6.38432],[106.752541,-6.384299],[106.751536,-6.384898],[106.75132,-6.383876],[106.751054,-6.38336],[106.74901,-6.383432],[106.748913,-6.382055],[106.746548,-6.382106],[106.746605,-6.381735],[106.74656,-6.380881],[106.745676,-6.377097],[106.745209,-6.3712],[106.745226,-6.370553],[106.745675,-6.366995],[106.746031,-6.365724],[106.74659,-6.36389],[106.747833,-6.361559],[106.748015,-6.360999]]]]},"properties":{"nama":"Kedaung","kecamatan":"Sawangan","kota":"Kota Depok","tipe_kawasan":"Kawasan hijau","kualitas_udara":"sehat","atribut":{"sumber_batas":"OSM","kualitas_udara":"contoh","stasiun":0,"rth":10,"poi":1}}},{"type":"Feature","geometry":{"type":"MultiPolygon","coordinates":[[[[106.773967,-6.406389],[106.773848,-6.406657],[106.773902,-6.406988],[106.773784,-6.407542],[106.773827,-6.407883],[106.774074,-6.408374],[106.774063,-6.408854],[106.774149,-6.409461],[106.774642,-6.410282],[106.774803,-6.410698],[106.774803,-6.411039],[106.774997,-6.411391],[106.774911,-6.411604],[106.774975,-6.411786],[106.775265,-6.412084],[106.775372,-6.412564],[106.77549,-6.412735],[106.775651,-6.41283],[106.775747,-6.413022],[106.775737,-6.413609],[106.775951,-6.413939],[106.775587,-6.415059],[106.775629,-6.415347],[106.775522,-6.415997],[106.775705,-6.416402],[106.77579,-6.416786],[106.775801,-6.417212],[106.775662,-6.417639],[106.77461,-6.418918],[106.774128,-6.41927],[106.77402,-6.419537],[106.774085,-6.420613],[106.774299,-6.420667],[106.774374,-6.421253],[106.774299,-6.421637],[106.773838,-6.422298],[106.773623,-6.422906],[106.773548,-6.423567],[106.773645,-6.424036],[106.773591,-6.424313],[106.77372,-6.424612],[106.773945,-6.424825],[106.77416,-6.424931],[106.774085,-6.425422],[106.774578,-6.426712],[106.774621,-6.42716],[106.774599,-6.42749],[106.774428,-6.427746],[106.774406,-6.427917],[106.774042,-6.428194],[106.773945,-6.428631],[106.773934,-6.428908],[106.774074,-6.429185],[106.774106,-6.42942],[106.773977,-6.430134],[106.774074,-6.430475],[106.774353,-6.430934],[106.774396,-6.431232],[106.774353,-6.431456],[106.774428,-6.431616],[106.774632,-6.431701],[106.774868,-6.431627],[106.774964,-6.431787],[106.775125,-6.431883],[106.775254,-6.431723],[106.775469,-6.431765],[106.775629,-6.431957],[106.775984,-6.433023],[106.776252,-6.4333],[106.77667,-6.433482],[106.776745,-6.434356],[106.777164,-6.434548],[106.777754,-6.435326],[106.777775,-6.435827],[106.777979,-6.43603],[106.77785,-6.436968],[106.777686,-6.439204],[106.77948,-6.439297],[106.779961,-6.439207],[106.78118,-6.439354],[106.781653,-6.439218],[106.782559,-6.439297],[106.782575,-6.439154],[106.783102,-6.439302],[106.783308,-6.439299],[106.783309,-6.439202],[106.78443,-6.439318],[106.784614,-6.439512],[106.784808,-6.439562],[106.785337,-6.439287],[106.786343,-6.439369],[106.786643,-6.439276],[106.787474,-6.439265],[106.787497,-6.439028],[106.787589,-6.439118],[106.787814,-6.439126],[106.787827,-6.439282],[106.788082,-6.439382],[106.788104,-6.439498],[106.788618,-6.439477],[106.78859,-6.439121],[106.788894,-6.438916],[106.788795,-6.43873],[106.788365,-6.438519],[106.788225,-6.437917],[106.787957,-6.437448],[106.788043,-6.436765],[106.788424,-6.436328],[106.78903,-6.436136],[106.789282,-6.435268],[106.789293,-6.434729],[106.789405,-6.434484],[106.789513,-6.434383],[106.789974,-6.434356],[106.790076,-6.434201],[106.790296,-6.434148],[106.790677,-6.43362],[106.790848,-6.433514],[106.79065,-6.433375],[106.790264,-6.432181],[106.789727,-6.431632],[106.789556,-6.431328],[106.789486,-6.430987],[106.789341,-6.430806],[106.789003,-6.430619],[106.788783,-6.430193],[106.78844,-6.430075],[106.788381,-6.429974],[106.788493,-6.429409],[106.788874,-6.429047],[106.788869,-6.428876],[106.788778,-6.428732],[106.788424,-6.428455],[106.78823,-6.428402],[106.788091,-6.428274],[106.787968,-6.427591],[106.788027,-6.427394],[106.788214,-6.427277],[106.788681,-6.427288],[106.788912,-6.427112],[106.788928,-6.426904],[106.789094,-6.426509],[106.78888,-6.425998],[106.788885,-6.425406],[106.789073,-6.425123],[106.789073,-6.425001],[106.788971,-6.424915],[106.788939,-6.424761],[106.789132,-6.424489],[106.789169,-6.424366],[106.789116,-6.424286],[106.788161,-6.423828],[106.787667,-6.423897],[106.787394,-6.423849],[106.787195,-6.423727],[106.787077,-6.423583],[106.787099,-6.42297],[106.786857,-6.422485],[106.786686,-6.422415],[106.786643,-6.422325],[106.786771,-6.422063],[106.786745,-6.421914],[106.786927,-6.421669],[106.787029,-6.421317],[106.787088,-6.420613],[106.78697,-6.420416],[106.786981,-6.42008],[106.786879,-6.419942],[106.786981,-6.419755],[106.786959,-6.419691],[106.78667,-6.419867],[106.786492,-6.419926],[106.786417,-6.419888],[106.786299,-6.419435],[106.78631,-6.419233],[106.786487,-6.419057],[106.786771,-6.418998],[106.786981,-6.418865],[106.787045,-6.41871],[106.786997,-6.418588],[106.786739,-6.418359],[106.786723,-6.418177],[106.78683,-6.417959],[106.786793,-6.417788],[106.78661,-6.417511],[106.786562,-6.41726],[106.786385,-6.417164],[106.786337,-6.416695],[106.786047,-6.416487],[106.785924,-6.416109],[106.785779,-6.416056],[106.785736,-6.416637],[106.785629,-6.416887],[106.785092,-6.417356],[106.784921,-6.417383],[106.784754,-6.417335],[106.784669,-6.417234],[106.784449,-6.416626],[106.784422,-6.416247],[106.784492,-6.416104],[106.784626,-6.416104],[106.784926,-6.416328],[106.785189,-6.416407],[106.785387,-6.416423],[106.785479,-6.416354],[106.785516,-6.416215],[106.785371,-6.416034],[106.785436,-6.415688],[106.785586,-6.415549],[106.785784,-6.415176],[106.785913,-6.415069],[106.786079,-6.41508],[106.786138,-6.414963],[106.785876,-6.414558],[106.785774,-6.414504],[106.785602,-6.414654],[106.785409,-6.414654],[106.785194,-6.414568],[106.785055,-6.414414],[106.784878,-6.414376],[106.784695,-6.41444],[106.784658,-6.414643],[106.784325,-6.415048],[106.784191,-6.415053],[106.784068,-6.414915],[106.784003,-6.414702],[106.784062,-6.414456],[106.784025,-6.414089],[106.783757,-6.413806],[106.783478,-6.413268],[106.783429,-6.41267],[106.783124,-6.412201],[106.783124,-6.411407],[106.782877,-6.410826],[106.784293,-6.410538],[106.784572,-6.410394],[106.784658,-6.410261],[106.784695,-6.410122],[106.784459,-6.409755],[106.784036,-6.409669],[106.783558,-6.409424],[106.783488,-6.409333],[106.783494,-6.409195],[106.783762,-6.409067],[106.783789,-6.40888],[106.783107,-6.408854],[106.782818,-6.408619],[106.782292,-6.408576],[106.782121,-6.407921],[106.781976,-6.407857],[106.781841,-6.407878],[106.781772,-6.408001],[106.781605,-6.408081],[106.781192,-6.40807],[106.780688,-6.407564],[106.780533,-6.407505],[106.780345,-6.407564],[106.779712,-6.408022],[106.779519,-6.408054],[106.779299,-6.40799],[106.779138,-6.407851],[106.779073,-6.407356],[106.778961,-6.40703],[106.779127,-6.406807],[106.778709,-6.406753],[106.778387,-6.406903],[106.778129,-6.406679],[106.77784,-6.406636],[106.77534,-6.406764],[106.774524,-6.406583],[106.773967,-6.406389]]]]},"properties":{"nama":"Pasir Putih","kecamatan":"Sawangan","kota":"Kota Depok","tipe_kawasan":"Pusat aktivitas","kualitas_udara":"sehat","atribut":{"sumber_batas":"OSM","kualitas_udara":"contoh","stasiun":0,"rth":3,"poi":24}}},{"type":"Feature","geometry":{"type":"MultiPolygon","coordinates":[[[[106.773967,-6.406389],[106.773602,-6.406263],[106.771853,-6.405964],[106.771478,-6.404333],[106.771381,-6.404226],[106.771038,-6.404226],[106.770898,-6.40413],[106.770759,-6.403341],[106.770566,-6.403309],[106.77019,-6.40348],[106.76975,-6.403533],[106.769128,-6.403491],[106.768988,-6.404269],[106.768742,-6.404919],[106.768452,-6.405324],[106.768098,-6.405548],[106.767583,-6.405708],[106.767154,-6.405986],[106.7671,-6.406316],[106.767165,-6.406519],[106.766961,-6.406711],[106.766735,-6.406753],[106.766113,-6.406625],[106.765137,-6.406241],[106.764686,-6.406241],[106.764514,-6.406337],[106.764439,-6.406615],[106.764407,-6.407361],[106.762658,-6.408342],[106.762412,-6.408406],[106.761703,-6.408353],[106.761103,-6.408694],[106.760191,-6.408694],[106.759847,-6.408779],[106.759375,-6.409099],[106.758753,-6.409152],[106.758624,-6.408534],[106.758796,-6.40735],[106.758946,-6.407148],[106.759129,-6.407041],[106.759826,-6.407254],[106.760083,-6.406775],[106.760041,-6.406444],[106.760309,-6.40445],[106.760341,-6.403523],[106.760684,-6.400964],[106.760791,-6.400473],[106.761135,-6.399588],[106.761757,-6.398426],[106.761886,-6.396646],[106.761854,-6.396411],[106.761661,-6.396166],[106.761596,-6.39591],[106.761693,-6.395633],[106.761671,-6.395334],[106.761832,-6.394897],[106.762219,-6.394694],[106.762304,-6.394513],[106.762197,-6.394001],[106.762251,-6.393191],[106.762175,-6.392797],[106.7621,-6.392647],[106.761779,-6.392519],[106.761661,-6.392264],[106.761242,-6.392178],[106.760791,-6.390227],[106.760824,-6.388308],[106.760727,-6.388148],[106.760813,-6.387092],[106.76092,-6.387082],[106.761006,-6.386965],[106.761253,-6.38384],[106.761725,-6.383755],[106.761907,-6.383627],[106.762127,-6.383041],[106.762422,-6.383201],[106.762497,-6.383414],[106.762508,-6.383616],[106.76224,-6.383936],[106.762251,-6.38415],[106.762401,-6.384331],[106.763045,-6.38464],[106.763334,-6.384608],[106.763495,-6.384395],[106.763667,-6.384395],[106.763763,-6.384491],[106.763828,-6.384715],[106.763763,-6.385099],[106.763914,-6.385205],[106.764289,-6.385323],[106.765426,-6.385194],[106.765866,-6.385344],[106.766285,-6.385621],[106.766617,-6.385653],[106.766918,-6.385472],[106.767132,-6.385504],[106.767207,-6.385728],[106.7671,-6.385994],[106.76681,-6.386186],[106.766188,-6.386389],[106.766038,-6.386602],[106.766017,-6.38689],[106.765748,-6.38754],[106.76578,-6.387849],[106.765974,-6.388116],[106.766553,-6.388457],[106.766617,-6.388841],[106.766446,-6.389086],[106.766435,-6.389267],[106.766553,-6.389459],[106.766821,-6.389545],[106.766907,-6.389673],[106.766886,-6.389843],[106.766649,-6.389918],[106.766306,-6.389875],[106.765877,-6.38995],[106.765416,-6.390163],[106.765373,-6.390398],[106.765523,-6.39075],[106.765899,-6.391176],[106.76592,-6.391507],[106.76577,-6.391826],[106.76577,-6.392061],[106.766306,-6.392402],[106.766403,-6.39253],[106.766317,-6.392711],[106.76578,-6.393031],[106.76563,-6.393468],[106.765759,-6.393948],[106.766006,-6.394407],[106.766413,-6.394631],[106.766735,-6.394918],[106.7671,-6.395409],[106.767336,-6.395505],[106.767561,-6.395409],[106.767701,-6.394918],[106.768205,-6.394652],[106.768548,-6.394385],[106.769578,-6.394108],[106.769782,-6.394183],[106.770008,-6.394599],[106.770018,-6.394833],[106.769847,-6.395014],[106.769439,-6.39527],[106.769064,-6.395697],[106.768967,-6.395995],[106.768988,-6.396262],[106.769106,-6.396326],[106.76924,-6.396299],[106.769852,-6.395825],[106.770104,-6.395745],[106.77085,-6.395676],[106.771719,-6.395803],[106.771756,-6.396118],[106.771408,-6.39656],[106.771381,-6.396752],[106.771542,-6.397157],[106.771708,-6.397259],[106.772363,-6.397264],[106.772851,-6.396928],[106.773462,-6.397477],[106.774948,-6.398277],[106.775136,-6.398501],[106.775013,-6.398869],[106.775098,-6.399018],[106.775308,-6.399119],[106.775404,-6.399285],[106.77541,-6.399636],[106.775308,-6.399807],[106.775324,-6.399935],[106.77579,-6.400105],[106.77601,-6.399855],[106.776279,-6.399844],[106.776847,-6.39969],[106.776713,-6.399919],[106.776531,-6.400042],[106.776423,-6.400372],[106.7763,-6.400537],[106.776048,-6.400649],[106.775908,-6.400873],[106.77586,-6.401097],[106.775914,-6.401161],[106.776118,-6.400943],[106.777164,-6.400969],[106.777437,-6.401241],[106.777459,-6.401529],[106.777555,-6.401726],[106.777797,-6.40195],[106.777587,-6.402408],[106.778081,-6.402675],[106.778204,-6.403011],[106.778548,-6.403459],[106.778403,-6.403874],[106.779674,-6.404578],[106.77969,-6.404866],[106.77961,-6.40493],[106.779401,-6.404893],[106.779272,-6.404967],[106.779079,-6.405378],[106.778821,-6.405634],[106.778773,-6.405783],[106.778875,-6.406071],[106.779068,-6.40606],[106.779293,-6.405591],[106.779433,-6.405474],[106.779658,-6.405468],[106.780018,-6.405623],[106.780602,-6.406231],[106.780667,-6.406428],[106.780409,-6.406876],[106.779771,-6.407174],[106.779696,-6.407153],[106.779658,-6.40702],[106.779825,-6.406865],[106.77954,-6.406695],[106.779251,-6.406711],[106.779127,-6.406807],[106.778709,-6.406753],[106.778387,-6.406903],[106.778129,-6.406679],[106.77784,-6.406636],[106.77534,-6.406764],[106.774524,-6.406583],[106.773967,-6.406389]]]]},"properties":{"nama":"Sawangan Baru","kecamatan":"Sawangan","kota":"Kota Depok","tipe_kawasan":"Kawasan hijau","kualitas_udara":"sehat","atribut":{"sumber_batas":"OSM","kualitas_udara":"contoh","stasiun":0,"rth":3,"poi":5}}},{"type":"Feature","geometry":{"type":"MultiPolygon","coordinates":[[[[106.757279,-6.361701],[106.758011,-6.361549],[106.758156,-6.361584],[106.758376,-6.361762],[106.758486,-6.361714],[106.758604,-6.36137],[106.758705,-6.361342],[106.758862,-6.361405],[106.760045,-6.361394],[106.760927,-6.361296],[106.762077,-6.361401],[106.763674,-6.361331],[106.765675,-6.36145],[106.76704,-6.361459],[106.768974,-6.361994],[106.769424,-6.361953],[106.76916,-6.362537],[106.769182,-6.362771],[106.769365,-6.363122],[106.770984,-6.363614],[106.771038,-6.363837],[106.770952,-6.364179],[106.770608,-6.364424],[106.77005,-6.364488],[106.769675,-6.364456],[106.769321,-6.364541],[106.769182,-6.364808],[106.769171,-6.365128],[106.769321,-6.365245],[106.769632,-6.365245],[106.77004,-6.365736],[106.770061,-6.366151],[106.769782,-6.366716],[106.769664,-6.366716],[106.769117,-6.365981],[106.76887,-6.365842],[106.768495,-6.365842],[106.768205,-6.365693],[106.768066,-6.365394],[106.767916,-6.365352],[106.767272,-6.365885],[106.767111,-6.366183],[106.767057,-6.36662],[106.766928,-6.36694],[106.767036,-6.367271],[106.767282,-6.367687],[106.76754,-6.367687],[106.768302,-6.367356],[106.768516,-6.367346],[106.768699,-6.367484],[106.769106,-6.368103],[106.7693,-6.368593],[106.7696,-6.369798],[106.769578,-6.370032],[106.769418,-6.370214],[106.769139,-6.370278],[106.768902,-6.370128],[106.768752,-6.369489],[106.76843,-6.369233],[106.768323,-6.368988],[106.76828,-6.36871],[106.768463,-6.368476],[106.768441,-6.368327],[106.76827,-6.368241],[106.767916,-6.368465],[106.767604,-6.36854],[106.767508,-6.368774],[106.767476,-6.369254],[106.76754,-6.36951],[106.767894,-6.369798],[106.768055,-6.370224],[106.768237,-6.37048],[106.768291,-6.370704],[106.768194,-6.371142],[106.767991,-6.371323],[106.767476,-6.371493],[106.766714,-6.371493],[106.766306,-6.371387],[106.766135,-6.371184],[106.766177,-6.37095],[106.76651,-6.370768],[106.766832,-6.37048],[106.766886,-6.370342],[106.766789,-6.37016],[106.765062,-6.369265],[106.764793,-6.369233],[106.764579,-6.369414],[106.764708,-6.37095],[106.764847,-6.371227],[106.765491,-6.371877],[106.766188,-6.372378],[106.766328,-6.372666],[106.766285,-6.372986],[106.76607,-6.373668],[106.765952,-6.373722],[106.764557,-6.372922],[106.763806,-6.371952],[106.76356,-6.371952],[106.763367,-6.372048],[106.763034,-6.37273],[106.762626,-6.373146],[106.76254,-6.373434],[106.762379,-6.375033],[106.762251,-6.375417],[106.762261,-6.375822],[106.762369,-6.376014],[106.762637,-6.376121],[106.763474,-6.375844],[106.763678,-6.375854],[106.763871,-6.376025],[106.764203,-6.376643],[106.764353,-6.376803],[106.764622,-6.376878],[106.765437,-6.376633],[106.766252,-6.37659],[106.766413,-6.376665],[106.766467,-6.376889],[106.766521,-6.378104],[106.766263,-6.37868],[106.766156,-6.379149],[106.765856,-6.379448],[106.765544,-6.379639],[106.765308,-6.379661],[106.765169,-6.379554],[106.765008,-6.379064],[106.764429,-6.378648],[106.76386,-6.378392],[106.763452,-6.378392],[106.763248,-6.37852],[106.763141,-6.378712],[106.763109,-6.379042],[106.763152,-6.37933],[106.763313,-6.379565],[106.763367,-6.379767],[106.762175,-6.380087],[106.762025,-6.380247],[106.761993,-6.380524],[106.762229,-6.381676],[106.762401,-6.381793],[106.763291,-6.38142],[106.763527,-6.381431],[106.763763,-6.382017],[106.763763,-6.382252],[106.763581,-6.382412],[106.762068,-6.382902],[106.762047,-6.382987],[106.762127,-6.383041],[106.761907,-6.383627],[106.761725,-6.383755],[106.760802,-6.383979],[106.760362,-6.384032],[106.757712,-6.384043],[106.757723,-6.384246],[106.756747,-6.384256],[106.756446,-6.383936],[106.753678,-6.377635],[106.752766,-6.373615],[106.752262,-6.372112],[106.752015,-6.371632],[106.750116,-6.369435],[106.749741,-6.36871],[106.751576,-6.367676],[106.751876,-6.367719],[106.752123,-6.367612],[106.752198,-6.367356],[106.752359,-6.36725],[106.752391,-6.366994],[106.75252,-6.366727],[106.752552,-6.36613],[106.752412,-6.365906],[106.751822,-6.365757],[106.751532,-6.365853],[106.751382,-6.36581],[106.751318,-6.365533],[106.751565,-6.365288],[106.751543,-6.365106],[106.751608,-6.364893],[106.752262,-6.364541],[106.753238,-6.364403],[106.753861,-6.3642],[106.754258,-6.363987],[106.754537,-6.363646],[106.754698,-6.363176],[106.754987,-6.362867],[106.755706,-6.362387],[106.756607,-6.362196],[106.7568,-6.362068],[106.756897,-6.361876],[106.757279,-6.361701]]]]},"properties":{"nama":"Cinangka","kecamatan":"Sawangan","kota":"Kota Depok","tipe_kawasan":"Permukiman","kualitas_udara":"sehat","atribut":{"sumber_batas":"OSM","kualitas_udara":"contoh","stasiun":0,"rth":2,"poi":0}}},{"type":"Feature","geometry":{"type":"MultiPolygon","coordinates":[[[[106.86656,-6.551259],[106.866566,-6.550832],[106.866462,-6.550489],[106.86601,-6.549645],[106.864985,-6.548199],[106.864592,-6.547769],[106.863338,-6.545762],[106.863113,-6.545299],[106.862026,-6.542219],[106.861563,-6.541389],[106.861261,-6.540997],[106.860991,-6.540167],[106.860529,-6.539141],[106.860008,-6.537654],[106.859187,-6.534927],[106.859018,-6.534684],[106.858616,-6.534344],[106.858422,-6.53404],[106.856498,-6.534387],[106.85557,-6.534377],[106.854895,-6.534277],[106.854092,-6.533545],[106.853364,-6.533281],[106.852811,-6.532974],[106.852238,-6.532352],[106.850629,-6.531659],[106.849843,-6.531449],[106.848974,-6.53157],[106.848226,-6.532523],[106.847741,-6.532869],[106.84724,-6.533046],[106.846153,-6.533017],[106.846033,-6.533078],[106.845885,-6.533953],[106.845715,-6.534059],[106.845665,-6.535037],[106.845488,-6.535422],[106.845018,-6.535605],[106.84389,-6.535543],[106.843465,-6.535671],[106.843232,-6.535934],[106.843124,-6.536191],[106.843126,-6.536578],[106.843288,-6.536897],[106.844438,-6.537788],[106.844593,-6.537851],[106.844765,-6.537826],[106.844979,-6.537503],[106.845182,-6.537375],[106.845553,-6.537306],[106.845972,-6.537357],[106.847139,-6.537702],[106.847216,-6.537811],[106.847183,-6.538058],[106.846407,-6.538743],[106.84628,-6.539028],[106.846293,-6.539353],[106.846809,-6.539813],[106.847174,-6.53997],[106.847379,-6.539962],[106.847822,-6.539778],[106.847963,-6.539805],[106.847985,-6.540161],[106.847869,-6.540334],[106.847253,-6.540774],[106.846432,-6.541082],[106.845973,-6.541088],[106.845822,-6.541051],[106.84552,-6.54083],[106.845318,-6.54081],[106.845251,-6.540939],[106.845231,-6.541651],[106.845064,-6.541761],[106.844396,-6.541821],[106.8444,-6.542239],[106.844535,-6.543066],[106.8445,-6.543697],[106.844167,-6.544939],[106.84407,-6.545103],[106.843535,-6.545615],[106.843442,-6.545902],[106.84349,-6.546061],[106.843753,-6.546191],[106.843866,-6.546341],[106.843874,-6.546688],[106.845377,-6.546889],[106.84596,-6.547025],[106.847233,-6.54751],[106.848622,-6.54784],[106.849137,-6.548066],[106.849862,-6.548132],[106.851263,-6.548629],[106.851781,-6.548896],[106.852154,-6.549209],[106.851902,-6.549802],[106.851724,-6.551001],[106.851836,-6.552545],[106.851753,-6.554146],[106.851608,-6.555118],[106.851112,-6.556841],[106.853923,-6.557507],[106.854529,-6.557754],[106.855282,-6.557924],[106.855527,-6.558025],[106.856154,-6.558495],[106.856512,-6.558177],[106.857078,-6.558044],[106.858002,-6.557611],[106.858286,-6.557602],[106.8587,-6.556742],[106.858786,-6.556679],[106.859296,-6.556673],[106.859848,-6.556476],[106.86045,-6.556553],[106.861065,-6.556479],[106.861365,-6.55637],[106.861621,-6.55619],[106.862283,-6.555425],[106.862664,-6.55559],[106.862971,-6.555308],[106.86377,-6.554071],[106.864573,-6.553502],[106.865915,-6.552719],[106.866243,-6.552448],[106.86638,-6.552213],[106.866486,-6.551425],[106.86656,-6.551259]]]]},"properties":{"nama":"Kadumanggu","kecamatan":"Babakan Madang","kota":"Kabupaten Bogor","tipe_kawasan":"Permukiman","kualitas_udara":"kurang_sehat","atribut":{"sumber_batas":"OSM","kualitas_udara":"contoh","stasiun":0,"rth":1,"poi":1}}},{"type":"Feature","geometry":{"type":"MultiPolygon","coordinates":[[[[106.714213,-6.468575],[106.714104,-6.469252],[106.713787,-6.46993],[106.713843,-6.469931],[106.7138,-6.471624],[106.713924,-6.471887],[106.714012,-6.471927],[106.714556,-6.471781],[106.714893,-6.471777],[106.715225,-6.472196],[106.715587,-6.47314],[106.716239,-6.474445],[106.71672,-6.474597],[106.717282,-6.474433],[106.718406,-6.47549],[106.718746,-6.476123],[106.719134,-6.477093],[106.721192,-6.479454],[106.721221,-6.479762],[106.721779,-6.480618],[106.722386,-6.481166],[106.722473,-6.481339],[106.723374,-6.481668],[106.723517,-6.481952],[106.723624,-6.481983],[106.724252,-6.481747],[106.725205,-6.482334],[106.726018,-6.482604],[106.726267,-6.482838],[106.727256,-6.482833],[106.727604,-6.482887],[106.727896,-6.483026],[106.728313,-6.483407],[106.729353,-6.484152],[106.729987,-6.484935],[106.730716,-6.485421],[106.731026,-6.485535],[106.73146,-6.485585],[106.732752,-6.48549],[106.734555,-6.4855],[106.734727,-6.48554],[106.734794,-6.485618],[106.734934,-6.486254],[106.735085,-6.486357],[106.735631,-6.486159],[106.735933,-6.485835],[106.735904,-6.485556],[106.735799,-6.485414],[106.734884,-6.484936],[106.734881,-6.484806],[106.734924,-6.484763],[106.735263,-6.484836],[106.735852,-6.48283],[106.736741,-6.483258],[106.736932,-6.483248],[106.737177,-6.4826],[106.73766,-6.481766],[106.737803,-6.481231],[106.737546,-6.480917],[106.73695,-6.48051],[106.73665,-6.480185],[106.736718,-6.479664],[106.737091,-6.478894],[106.736563,-6.478829],[106.736316,-6.478868],[106.736159,-6.478932],[106.735657,-6.479379],[106.735404,-6.479419],[106.734883,-6.478993],[106.734845,-6.47887],[106.734946,-6.477998],[106.734903,-6.477812],[106.734565,-6.477438],[106.73408,-6.477058],[106.733809,-6.476181],[106.73393,-6.475819],[106.733559,-6.475519],[106.732653,-6.475167],[106.731939,-6.475139],[106.731639,-6.475029],[106.731501,-6.474943],[106.731217,-6.474529],[106.731101,-6.47448],[106.731007,-6.474477],[106.730459,-6.474897],[106.730232,-6.474921],[106.730113,-6.474787],[106.730139,-6.474242],[106.730724,-6.473014],[106.731319,-6.472714],[106.731516,-6.47287],[106.731869,-6.473331],[106.732,-6.473332],[106.732217,-6.473209],[106.732242,-6.47251],[106.732182,-6.472197],[106.731776,-6.47163],[106.731559,-6.4711],[106.730958,-6.470551],[106.73084,-6.470174],[106.73125,-6.469545],[106.731235,-6.469316],[106.730935,-6.468716],[106.731419,-6.46823],[106.731587,-6.467556],[106.731559,-6.467195],[106.730971,-6.466583],[106.730563,-6.466301],[106.730459,-6.46606],[106.730468,-6.465956],[106.730562,-6.465865],[106.731071,-6.465679],[106.731663,-6.465916],[106.731803,-6.464087],[106.73175,-6.463912],[106.731522,-6.463698],[106.731268,-6.463598],[106.729661,-6.463393],[106.727963,-6.463057],[106.727577,-6.46341],[106.72694,-6.463185],[106.726469,-6.463399],[106.726336,-6.463548],[106.726018,-6.46449],[106.725556,-6.464648],[106.72541,-6.464607],[106.725364,-6.464696],[106.725587,-6.465327],[106.72546,-6.465768],[106.725323,-6.465946],[106.724202,-6.465981],[106.723461,-6.465801],[106.722839,-6.465902],[106.722328,-6.466656],[106.72148,-6.467428],[106.720812,-6.468594],[106.720427,-6.469098],[106.719361,-6.469351],[106.717697,-6.470131],[106.714907,-6.468712],[106.714213,-6.468575]]]]},"properties":{"nama":"Jampang","kecamatan":"Kemang","kota":"Kabupaten Bogor","tipe_kawasan":"Permukiman","kualitas_udara":"kurang_sehat","atribut":{"sumber_batas":"OSM","kualitas_udara":"contoh","stasiun":0,"rth":0,"poi":2}}},{"type":"Feature","geometry":{"type":"MultiPolygon","coordinates":[[[[106.716029,-6.439856],[106.716424,-6.439735],[106.716868,-6.439356],[106.717005,-6.438812],[106.717067,-6.438688],[106.717208,-6.438598],[106.717435,-6.438739],[106.71828,-6.438788],[106.718845,-6.438933],[106.719128,-6.439344],[106.71916,-6.440115],[106.719093,-6.442167],[106.719151,-6.442428],[106.719659,-6.442384],[106.719928,-6.443065],[106.720437,-6.443769],[106.720985,-6.444071],[106.721538,-6.444152],[106.721575,-6.444726],[106.722898,-6.445335],[106.72343,-6.445762],[106.723525,-6.446477],[106.72373,-6.447023],[106.72386,-6.447075],[106.72465,-6.447834],[106.725022,-6.448338],[106.725173,-6.448811],[106.725151,-6.448942],[106.725953,-6.449524],[106.726065,-6.44995],[106.726278,-6.449976],[106.726846,-6.449877],[106.726985,-6.44992],[106.727172,-6.450053],[106.72798,-6.450968],[106.728222,-6.450815],[106.72846,-6.45114],[106.728789,-6.451401],[106.729246,-6.451582],[106.730203,-6.45164],[106.730667,-6.452132],[106.730962,-6.452284],[106.731312,-6.45235],[106.731253,-6.453139],[106.732178,-6.453226],[106.732368,-6.452979],[106.732372,-6.452547],[106.732122,-6.451805],[106.732122,-6.45159],[106.732449,-6.450816],[106.732748,-6.450978],[106.733105,-6.450913],[106.733623,-6.451071],[106.733762,-6.451665],[106.734051,-6.452058],[106.734298,-6.452121],[106.734517,-6.452056],[106.73471,-6.45261],[106.734741,-6.45322],[106.734922,-6.453563],[106.735176,-6.453798],[106.735493,-6.453774],[106.73559,-6.453834],[106.735788,-6.454222],[106.735768,-6.454614],[106.735423,-6.455009],[106.735255,-6.455405],[106.735388,-6.455481],[106.735795,-6.455484],[106.736388,-6.455902],[106.736412,-6.456135],[106.736066,-6.456496],[106.735979,-6.456809],[106.73602,-6.456949],[106.736342,-6.457357],[106.736455,-6.457986],[106.736403,-6.458103],[106.736133,-6.458272],[106.73545,-6.458313],[106.735304,-6.458417],[106.735109,-6.458807],[106.734949,-6.458972],[106.734544,-6.459078],[106.734331,-6.459223],[106.734399,-6.459326],[106.734693,-6.459486],[106.734727,-6.459601],[106.734591,-6.45987],[106.734249,-6.460131],[106.73415,-6.460287],[106.734185,-6.460514],[106.734404,-6.46064],[106.734881,-6.46069],[106.735085,-6.460774],[106.735416,-6.46125],[106.735415,-6.461342],[106.735366,-6.461576],[106.735106,-6.461955],[106.734695,-6.461988],[106.734138,-6.462314],[106.733944,-6.462644],[106.733936,-6.463454],[106.734077,-6.464128],[106.734071,-6.464419],[106.734005,-6.465058],[106.733808,-6.465521],[106.733054,-6.4657],[106.732469,-6.465728],[106.731896,-6.465943],[106.731663,-6.465916],[106.731803,-6.464087],[106.73175,-6.463912],[106.731522,-6.463698],[106.731268,-6.463598],[106.729661,-6.463393],[106.728085,-6.463065],[106.727963,-6.463057],[106.727577,-6.46341],[106.72694,-6.463185],[106.726469,-6.463399],[106.726336,-6.463548],[106.726018,-6.46449],[106.725669,-6.464609],[106.725485,-6.463751],[106.725552,-6.462228],[106.725049,-6.460999],[106.725019,-6.460734],[106.724876,-6.460434],[106.724467,-6.46002],[106.724262,-6.459483],[106.724213,-6.459096],[106.723357,-6.457344],[106.723025,-6.455667],[106.723136,-6.45521],[106.723034,-6.454936],[106.722966,-6.454216],[106.722616,-6.454183],[106.721899,-6.453275],[106.721155,-6.452712],[106.720467,-6.451824],[106.72002,-6.451673],[106.718529,-6.449757],[106.718371,-6.449433],[106.718213,-6.449283],[106.717828,-6.449084],[106.717225,-6.448098],[106.716945,-6.447444],[106.71693,-6.447277],[106.716422,-6.446259],[106.716084,-6.445763],[106.716049,-6.445187],[106.715803,-6.444074],[106.715934,-6.443527],[106.715959,-6.442653],[106.715808,-6.442231],[106.716116,-6.4422],[106.716137,-6.441934],[106.716138,-6.440478],[106.716029,-6.439856]]]]},"properties":{"nama":"Jabonmekar","kecamatan":"Parung","kota":"Kabupaten Bogor","tipe_kawasan":"Permukiman","kualitas_udara":"kurang_sehat","atribut":{"sumber_batas":"OSM","kualitas_udara":"contoh","stasiun":0,"rth":1,"poi":3}}},{"type":"Feature","geometry":{"type":"MultiPolygon","coordinates":[[[[106.709709,-6.441655],[106.709422,-6.442052],[106.709051,-6.442894],[106.708938,-6.443605],[106.709013,-6.444443],[106.708002,-6.444438],[106.708185,-6.444896],[106.708206,-6.445933],[106.708314,-6.446491],[106.708354,-6.44766],[106.708558,-6.448103],[106.708827,-6.448417],[106.709147,-6.449186],[106.70916,-6.449541],[106.70895,-6.449837],[106.709366,-6.450789],[106.709636,-6.451034],[106.709704,-6.451625],[106.709892,-6.452027],[106.709868,-6.452339],[106.709405,-6.453066],[106.709376,-6.454059],[106.705451,-6.456471],[106.705449,-6.458636],[106.705535,-6.458958],[106.705825,-6.459522],[106.706603,-6.460543],[106.706687,-6.46076],[106.706825,-6.462298],[106.706983,-6.462706],[106.708207,-6.46378],[106.708554,-6.463876],[106.709825,-6.464844],[106.711137,-6.465692],[106.711413,-6.466045],[106.711693,-6.466695],[106.712031,-6.467834],[106.712334,-6.468157],[106.71265,-6.468271],[106.714907,-6.468712],[106.717697,-6.470131],[106.719361,-6.469351],[106.720427,-6.469098],[106.720812,-6.468594],[106.72148,-6.467428],[106.722328,-6.466656],[106.722839,-6.465902],[106.723461,-6.465801],[106.724202,-6.465981],[106.725323,-6.465946],[106.72546,-6.465768],[106.725581,-6.4652],[106.725364,-6.464696],[106.72541,-6.464607],[106.725669,-6.464609],[106.725485,-6.463751],[106.725552,-6.462228],[106.725049,-6.460999],[106.725019,-6.460734],[106.724876,-6.460434],[106.724467,-6.46002],[106.724262,-6.459483],[106.724213,-6.459096],[106.723357,-6.457344],[106.723025,-6.455667],[106.723136,-6.45521],[106.723034,-6.454936],[106.722966,-6.454216],[106.722616,-6.454183],[106.721899,-6.453275],[106.721155,-6.452712],[106.720467,-6.451824],[106.72002,-6.451673],[106.718529,-6.449757],[106.718371,-6.449433],[106.718213,-6.449283],[106.717828,-6.449084],[106.717225,-6.448098],[106.716945,-6.447444],[106.71693,-6.447277],[106.716422,-6.446259],[106.716084,-6.445763],[106.716049,-6.445187],[106.715803,-6.444074],[106.715934,-6.443527],[106.715959,-6.442653],[106.715808,-6.442231],[106.716116,-6.4422],[106.716137,-6.441934],[106.716138,-6.440478],[106.716029,-6.439856],[106.715742,-6.439868],[106.715277,-6.440236],[106.714661,-6.440493],[106.714005,-6.440627],[106.713569,-6.440647],[106.712546,-6.440945],[106.712316,-6.441272],[106.711577,-6.441517],[106.710895,-6.442013],[106.71066,-6.441847],[106.709709,-6.441655]]]]},"properties":{"nama":"Iwul","kecamatan":"Parung","kota":"Kabupaten Bogor","tipe_kawasan":"Permukiman","kualitas_udara":"kurang_sehat","atribut":{"sumber_batas":"OSM","kualitas_udara":"contoh","stasiun":0,"rth":0,"poi":0}}},{"type":"Feature","geometry":{"type":"MultiPolygon","coordinates":[[[[106.895861,-6.515976],[106.895795,-6.515972],[106.895566,-6.516369],[106.895299,-6.516363],[106.895188,-6.516194],[106.895048,-6.516448],[106.895059,-6.516824],[106.894902,-6.516988],[106.894843,-6.517239],[106.894511,-6.517377],[106.894446,-6.517469],[106.894271,-6.518115],[106.894417,-6.518373],[106.894265,-6.51865],[106.894157,-6.518684],[106.893922,-6.518563],[106.893792,-6.518816],[106.893512,-6.519113],[106.893129,-6.519192],[106.892948,-6.51937],[106.89295,-6.519844],[106.892152,-6.520159],[106.891543,-6.520304],[106.890986,-6.521061],[106.890853,-6.521337],[106.890494,-6.521467],[106.890437,-6.521789],[106.890587,-6.522963],[106.890141,-6.523894],[106.889891,-6.524187],[106.889445,-6.524387],[106.88844,-6.524448],[106.88814,-6.524621],[106.888102,-6.525053],[106.88789,-6.525858],[106.888134,-6.526358],[106.888149,-6.526576],[106.887405,-6.528702],[106.887215,-6.528901],[106.886996,-6.528949],[106.88672,-6.528816],[106.885664,-6.528035],[106.885245,-6.527922],[106.884471,-6.527911],[106.884352,-6.528975],[106.884411,-6.529582],[106.884661,-6.53032],[106.884625,-6.531688],[106.884518,-6.532497],[106.884352,-6.533056],[106.883586,-6.534978],[106.883573,-6.53592],[106.883956,-6.536788],[106.884172,-6.537073],[106.884504,-6.53798],[106.88448,-6.538833],[106.884372,-6.539289],[106.884108,-6.539667],[106.883432,-6.540091],[106.882962,-6.540756],[106.88266,-6.541713],[106.8818,-6.543609],[106.881556,-6.544961],[106.881342,-6.545418],[106.881046,-6.545596],[106.87995,-6.545871],[106.879056,-6.546167],[106.878583,-6.546405],[106.87806,-6.546859],[106.877319,-6.5478],[106.875902,-6.54867],[106.875288,-6.548927],[106.874679,-6.54899],[106.873536,-6.548761],[106.87275,-6.548746],[106.872371,-6.548828],[106.871026,-6.549332],[106.870551,-6.549422],[106.869346,-6.549471],[106.866835,-6.549258],[106.866392,-6.549342],[106.86601,-6.549645],[106.866462,-6.550489],[106.866566,-6.550832],[106.86656,-6.551259],[106.866922,-6.551559],[106.867065,-6.551896],[106.867127,-6.554211],[106.867368,-6.555018],[106.867809,-6.55593],[106.868247,-6.55658],[106.868918,-6.557194],[106.869677,-6.557684],[106.870412,-6.55789],[106.871207,-6.559561],[106.871687,-6.560155],[106.872206,-6.560635],[106.872792,-6.560902],[106.875847,-6.561489],[106.876784,-6.561885],[106.877112,-6.562136],[106.87715,-6.562517],[106.877051,-6.562738],[106.875579,-6.565081],[106.875913,-6.565138],[106.876551,-6.565381],[106.87793,-6.566125],[106.87876,-6.566882],[106.879487,-6.568085],[106.880269,-6.568314],[106.880936,-6.568754],[106.881239,-6.569259],[106.881471,-6.569831],[106.881941,-6.570456],[106.882422,-6.571367],[106.882656,-6.57161],[106.883657,-6.572095],[106.884057,-6.572212],[106.884381,-6.572229],[106.885151,-6.572499],[106.885771,-6.572456],[106.886425,-6.572223],[106.887077,-6.572185],[106.887741,-6.572488],[106.888304,-6.572549],[106.889013,-6.572506],[106.890021,-6.572091],[106.890329,-6.571561],[106.890692,-6.571421],[106.891989,-6.571363],[106.892923,-6.571596],[106.893519,-6.571631],[106.893765,-6.571468],[106.893987,-6.571059],[106.894185,-6.570895],[106.894513,-6.57079],[106.895331,-6.570673],[106.896078,-6.570136],[106.896873,-6.569844],[106.898439,-6.569481],[106.898848,-6.569306],[106.899997,-6.56901],[106.900353,-6.569018],[106.900625,-6.569165],[106.901004,-6.569968],[106.901208,-6.570147],[106.901431,-6.570152],[106.901757,-6.570054],[106.902792,-6.569373],[106.903639,-6.569211],[106.904325,-6.569407],[106.905302,-6.569287],[106.90562,-6.56933],[106.905913,-6.569596],[106.906132,-6.570159],[106.906276,-6.570372],[106.906536,-6.570532],[106.906947,-6.57048],[106.907763,-6.570136],[106.908009,-6.570139],[106.908474,-6.57033],[106.908959,-6.570071],[106.908906,-6.570008],[106.909222,-6.569543],[106.909296,-6.569276],[106.909301,-6.568839],[106.909422,-6.568677],[106.909711,-6.56754],[106.909813,-6.56744],[106.909984,-6.566856],[106.910546,-6.566554],[106.910627,-6.566181],[106.911086,-6.565598],[106.91132,-6.565381],[106.911686,-6.565272],[106.911824,-6.564988],[106.913137,-6.564297],[106.914542,-6.563777],[106.914634,-6.563771],[106.914708,-6.564003],[106.914758,-6.564004],[106.91492,-6.563809],[106.915056,-6.563466],[106.914865,-6.563189],[106.914935,-6.563055],[106.915501,-6.563069],[106.915744,-6.562869],[106.916419,-6.562997],[106.91627,-6.562585],[106.916318,-6.562487],[106.916736,-6.562546],[106.917179,-6.56284],[106.917332,-6.56286],[106.9177,-6.562517],[106.918052,-6.56242],[106.91807,-6.562365],[106.917839,-6.562151],[106.917785,-6.56201],[106.917789,-6.561875],[106.91793,-6.561702],[106.918733,-6.561946],[106.919045,-6.561949],[106.919338,-6.561303],[106.919804,-6.561268],[106.920052,-6.561178],[106.920088,-6.560786],[106.919936,-6.560466],[106.919733,-6.560402],[106.919316,-6.56055],[106.919181,-6.560485],[106.91923,-6.560295],[106.919878,-6.560088],[106.920067,-6.559916],[106.920072,-6.55986],[106.919575,-6.559658],[106.919346,-6.559448],[106.919325,-6.559227],[106.919382,-6.559013],[106.919699,-6.558635],[106.919715,-6.558493],[106.919546,-6.558038],[106.92015,-6.558054],[106.920303,-6.557889],[106.920309,-6.557786],[106.920205,-6.557633],[106.91978,-6.557277],[106.919886,-6.557039],[106.920432,-6.55679],[106.920769,-6.556464],[106.920892,-6.556496],[106.92125,-6.55694],[106.921345,-6.556918],[106.921474,-6.556743],[106.921341,-6.556057],[106.921411,-6.556037],[106.921636,-6.556331],[106.921996,-6.556346],[106.922116,-6.556246],[106.922224,-6.556057],[106.922326,-6.555261],[106.922454,-6.554934],[106.922581,-6.554767],[106.923562,-6.554096],[106.923789,-6.554094],[106.924037,-6.554429],[106.924259,-6.554582],[106.924692,-6.554523],[106.924808,-6.55407],[106.924998,-6.554102],[106.925148,-6.554354],[106.924899,-6.554818],[106.925186,-6.555138],[106.925311,-6.555145],[106.925434,-6.555043],[106.925583,-6.554828],[106.925692,-6.554498],[106.925654,-6.554351],[106.925114,-6.553814],[106.92491,-6.552989],[106.924771,-6.552747],[106.924556,-6.552831],[106.924111,-6.55365],[106.923908,-6.553608],[106.923815,-6.553481],[106.923743,-6.552851],[106.923657,-6.552613],[106.923243,-6.551846],[106.923305,-6.551677],[106.923584,-6.551626],[106.923672,-6.551568],[106.923704,-6.551443],[106.923637,-6.551278],[106.923164,-6.550999],[106.923227,-6.550457],[106.922824,-6.549816],[106.922762,-6.549618],[106.922905,-6.548924],[106.923207,-6.548781],[106.92377,-6.547818],[106.923774,-6.547538],[106.9236,-6.546998],[106.923726,-6.546634],[106.923712,-6.546418],[106.923631,-6.54636],[106.923369,-6.546411],[106.922949,-6.546808],[106.922863,-6.546858],[106.922762,-6.546826],[106.922663,-6.546728],[106.922529,-6.546227],[106.92238,-6.546032],[106.922384,-6.545945],[106.922939,-6.545631],[106.923005,-6.545518],[106.922624,-6.545305],[106.921633,-6.545183],[106.921282,-6.545016],[106.921031,-6.544808],[106.921055,-6.544322],[106.921126,-6.544197],[106.921606,-6.54391],[106.922302,-6.543841],[106.922306,-6.543382],[106.922437,-6.543177],[106.922575,-6.543132],[106.923076,-6.543358],[106.923277,-6.543367],[106.923489,-6.543278],[106.923541,-6.543091],[106.922655,-6.542629],[106.922494,-6.541707],[106.922069,-6.541218],[106.921938,-6.540818],[106.921744,-6.540522],[106.921049,-6.5405],[106.920743,-6.540255],[106.919911,-6.538157],[106.919882,-6.538022],[106.920098,-6.537676],[106.920114,-6.537484],[106.919107,-6.53741],[106.918941,-6.536899],[106.918835,-6.536095],[106.918783,-6.534573],[106.918661,-6.533871],[106.918177,-6.533693],[106.917179,-6.533044],[106.917133,-6.532903],[106.917583,-6.533045],[106.9178,-6.532989],[106.917876,-6.532657],[106.917749,-6.532498],[106.917262,-6.532512],[106.916161,-6.532883],[106.916015,-6.532748],[106.91615,-6.532312],[106.916089,-6.532233],[106.915844,-6.532203],[106.915222,-6.532432],[106.91506,-6.532376],[106.915228,-6.531725],[106.915162,-6.531436],[106.91416,-6.531062],[106.913802,-6.53084],[106.913363,-6.52983],[106.913197,-6.52969],[106.913115,-6.529693],[106.912884,-6.530029],[106.912298,-6.530525],[106.912188,-6.530418],[106.91207,-6.529587],[106.911917,-6.52954],[106.911828,-6.529629],[106.911617,-6.53041],[106.911748,-6.531117],[106.911591,-6.531306],[106.911507,-6.531317],[106.911264,-6.531137],[106.911155,-6.530762],[106.91061,-6.530588],[106.910284,-6.530024],[106.910024,-6.53007],[106.909195,-6.530543],[106.908316,-6.530523],[106.907936,-6.530391],[106.907777,-6.530151],[106.907834,-6.528806],[106.907612,-6.528151],[106.906938,-6.527767],[106.905903,-6.527425],[106.905609,-6.527444],[106.905406,-6.527613],[106.905307,-6.527632],[106.905237,-6.527572],[106.905152,-6.527132],[106.904767,-6.526282],[106.904753,-6.52605],[106.904878,-6.525337],[106.904752,-6.525069],[106.904669,-6.525017],[106.903314,-6.524949],[106.903156,-6.524913],[106.902892,-6.52472],[106.902855,-6.524609],[106.902942,-6.524279],[106.903538,-6.523657],[106.903576,-6.523425],[106.902773,-6.523414],[106.902702,-6.523365],[106.902552,-6.522652],[106.902052,-6.52257],[106.901714,-6.522666],[106.901534,-6.522629],[106.901508,-6.522322],[106.901652,-6.522072],[106.901848,-6.522035],[106.902213,-6.52212],[106.90276,-6.521786],[106.903171,-6.521275],[106.903211,-6.520993],[106.902929,-6.519775],[106.902317,-6.519468],[106.901916,-6.519349],[106.901606,-6.519623],[106.901278,-6.520193],[106.900975,-6.520191],[106.900574,-6.519962],[106.900345,-6.519913],[106.899762,-6.519978],[106.899231,-6.520217],[106.899068,-6.520185],[106.899004,-6.52009],[106.898962,-6.519721],[106.899056,-6.519016],[106.899005,-6.518733],[106.898156,-6.518267],[106.898035,-6.518385],[106.898101,-6.518738],[106.89796,-6.518917],[106.897673,-6.518953],[106.897323,-6.518713],[106.897079,-6.51845],[106.897026,-6.518299],[106.897687,-6.517725],[106.897697,-6.517581],[106.897398,-6.517443],[106.896672,-6.517377],[106.896609,-6.517312],[106.896613,-6.51718],[106.896887,-6.516952],[106.896903,-6.516708],[106.896693,-6.516497],[106.896102,-6.51622],[106.895861,-6.515976]]]]},"properties":{"nama":"Hambalang","kecamatan":"Citeureup","kota":"Kabupaten Bogor","tipe_kawasan":"Permukiman","kualitas_udara":"kurang_sehat","atribut":{"sumber_batas":"OSM","kualitas_udara":"contoh","stasiun":0,"rth":0,"poi":1}}},{"type":"Feature","geometry":{"type":"MultiPolygon","coordinates":[[[[106.907408,-6.506013],[106.907701,-6.505466],[106.908535,-6.504723],[106.90879,-6.504326],[106.908868,-6.503872],[106.908923,-6.50223],[106.909049,-6.501049],[106.909299,-6.5],[106.91046,-6.497219],[106.910713,-6.495804],[106.910528,-6.495534],[106.909961,-6.495265],[106.90921,-6.49512],[106.908951,-6.494999],[106.907088,-6.493604],[106.906421,-6.492954],[106.906285,-6.492746],[106.906284,-6.4925],[106.906869,-6.490923],[106.9077,-6.489494],[106.908029,-6.488804],[106.90809,-6.488496],[106.907952,-6.487919],[106.907417,-6.486359],[106.906985,-6.485832],[106.905454,-6.484423],[106.904135,-6.483727],[106.904048,-6.483457],[106.904071,-6.483149],[106.904241,-6.482645],[106.904486,-6.482275],[106.905014,-6.481953],[106.90476,-6.481658],[106.904019,-6.481418],[106.902798,-6.481451],[106.901441,-6.481761],[106.900853,-6.48208],[106.900607,-6.482308],[106.898821,-6.484702],[106.898553,-6.484962],[106.89809,-6.485244],[106.897538,-6.485442],[106.897222,-6.485453],[106.896895,-6.485407],[106.895509,-6.484959],[106.894864,-6.484963],[106.894622,-6.485046],[106.894435,-6.48522],[106.894499,-6.485793],[106.894255,-6.487096],[106.894261,-6.487756],[106.894324,-6.487992],[106.894623,-6.488175],[106.894701,-6.488293],[106.894615,-6.488883],[106.895137,-6.490511],[106.895251,-6.490644],[106.895632,-6.490713],[106.895759,-6.490829],[106.895801,-6.491324],[106.896064,-6.491904],[106.896433,-6.493315],[106.897008,-6.494616],[106.897403,-6.496253],[106.898152,-6.497297],[106.898392,-6.497907],[106.898948,-6.498845],[106.899305,-6.499312],[106.899718,-6.500074],[106.899953,-6.50084],[106.899911,-6.501929],[106.899995,-6.502275],[106.900307,-6.502573],[106.900959,-6.502669],[106.901491,-6.502865],[106.902141,-6.503418],[106.902419,-6.503782],[106.902476,-6.504065],[106.902558,-6.504147],[106.903276,-6.504354],[106.904379,-6.504293],[106.904868,-6.504421],[106.904868,-6.504814],[106.904985,-6.505135],[106.905535,-6.505788],[106.905692,-6.505885],[106.906106,-6.505938],[106.906709,-6.505899],[106.907234,-6.505673],[106.907379,-6.505801],[106.907408,-6.506013]]]]},"properties":{"nama":"Gunungsari","kecamatan":"Citeureup","kota":"Kabupaten Bogor","tipe_kawasan":"Permukiman","kualitas_udara":"kurang_sehat","atribut":{"sumber_batas":"OSM","kualitas_udara":"contoh","stasiun":0,"rth":1,"poi":0}}},{"type":"Feature","geometry":{"type":"MultiPolygon","coordinates":[[[[106.758978,-6.496103],[106.757077,-6.496227],[106.755882,-6.496152],[106.753191,-6.496152],[106.753005,-6.49613],[106.752646,-6.495928],[106.75234,-6.496226],[106.752155,-6.496269],[106.750849,-6.496123],[106.748753,-6.496005],[106.7485,-6.496091],[106.747772,-6.496119],[106.746805,-6.495927],[106.744492,-6.495089],[106.744013,-6.495265],[106.743807,-6.495595],[106.743307,-6.495535],[106.742791,-6.495255],[106.742678,-6.495264],[106.74235,-6.495505],[106.742251,-6.495501],[106.741893,-6.495269],[106.741511,-6.495233],[106.741335,-6.49582],[106.741305,-6.496767],[106.74135,-6.496834],[106.743173,-6.497242],[106.743561,-6.497708],[106.743886,-6.498396],[106.744206,-6.49847],[106.744203,-6.49935],[106.744322,-6.499756],[106.744291,-6.500637],[106.743592,-6.500874],[106.743145,-6.500895],[106.742926,-6.501099],[106.741358,-6.502151],[106.74123,-6.502853],[106.741048,-6.503166],[106.740791,-6.503147],[106.740356,-6.50331],[106.739995,-6.502856],[106.739881,-6.502383],[106.739715,-6.502379],[106.739556,-6.502804],[106.738844,-6.502491],[106.738697,-6.501928],[106.738276,-6.501805],[106.738306,-6.502207],[106.738476,-6.502446],[106.73828,-6.503434],[106.738416,-6.503686],[106.738418,-6.50384],[106.737898,-6.504323],[106.737646,-6.504443],[106.737441,-6.504703],[106.737419,-6.504789],[106.737538,-6.505052],[106.737411,-6.505293],[106.737403,-6.505448],[106.736969,-6.505683],[106.736649,-6.505596],[106.736795,-6.505171],[106.736838,-6.504758],[106.736684,-6.504824],[106.736512,-6.505022],[106.735884,-6.505224],[106.735538,-6.505224],[106.735295,-6.505419],[106.734992,-6.505438],[106.734919,-6.505498],[106.734781,-6.5057],[106.734609,-6.506356],[106.734629,-6.506422],[106.735127,-6.506718],[106.735189,-6.506855],[106.735051,-6.50769],[106.735237,-6.508132],[106.735053,-6.508498],[106.734071,-6.509378],[106.733233,-6.510487],[106.732794,-6.510802],[106.732612,-6.511018],[106.73241,-6.511499],[106.73211,-6.511826],[106.731696,-6.512043],[106.731054,-6.512151],[106.732486,-6.513145],[106.732746,-6.513384],[106.733006,-6.513861],[106.733386,-6.514079],[106.733802,-6.514218],[106.734149,-6.514448],[106.734363,-6.514672],[106.734565,-6.515034],[106.734888,-6.51529],[106.735351,-6.51581],[106.73583,-6.515818],[106.736447,-6.516071],[106.736701,-6.516462],[106.736682,-6.516739],[106.737893,-6.517692],[106.737903,-6.517804],[106.73989,-6.518051],[106.743182,-6.518578],[106.743917,-6.518497],[106.744677,-6.518238],[106.745385,-6.518248],[106.745448,-6.518303],[106.745545,-6.518735],[106.746289,-6.519386],[106.746448,-6.519431],[106.74674,-6.519365],[106.747409,-6.518661],[106.74804,-6.518518],[106.748148,-6.51862],[106.748416,-6.519161],[106.749145,-6.518857],[106.749229,-6.51887],[106.749626,-6.519382],[106.750508,-6.51958],[106.750545,-6.519537],[106.751101,-6.518701],[106.751304,-6.51825],[106.750897,-6.518124],[106.749977,-6.518229],[106.749817,-6.518053],[106.749865,-6.517855],[106.750388,-6.517351],[106.75006,-6.516616],[106.750112,-6.51594],[106.749938,-6.51529],[106.749855,-6.514384],[106.749941,-6.514055],[106.750053,-6.513905],[106.750155,-6.513908],[106.750369,-6.514089],[106.750576,-6.513996],[106.750843,-6.514017],[106.751316,-6.513627],[106.751633,-6.513515],[106.752004,-6.513499],[106.752178,-6.513527],[106.752351,-6.51382],[106.752963,-6.513841],[106.753165,-6.513977],[106.753303,-6.514215],[106.753296,-6.514315],[106.752932,-6.514541],[106.752665,-6.515297],[106.752206,-6.516033],[106.752205,-6.516217],[106.75301,-6.51601],[106.753821,-6.51612],[106.754759,-6.515691],[106.755394,-6.515665],[106.755651,-6.515597],[106.756117,-6.515838],[106.756579,-6.51659],[106.756888,-6.516778],[106.757117,-6.516835],[106.757324,-6.516728],[106.757186,-6.51625],[106.757243,-6.515231],[106.757397,-6.515236],[106.757435,-6.515429],[106.758187,-6.515369],[106.758252,-6.515427],[106.758261,-6.515781],[106.758597,-6.515702],[106.758711,-6.515912],[106.759256,-6.515717],[106.76025,-6.516124],[106.760952,-6.516126],[106.761159,-6.516029],[106.761376,-6.515822],[106.761547,-6.515536],[106.761671,-6.515167],[106.761723,-6.514748],[106.762439,-6.514784],[106.762649,-6.513932],[106.763046,-6.513349],[106.763125,-6.512647],[106.76297,-6.51211],[106.762665,-6.511507],[106.762632,-6.511274],[106.762773,-6.510108],[106.763215,-6.510218],[106.763518,-6.509914],[106.763272,-6.509509],[106.763199,-6.509117],[106.763474,-6.508908],[106.763891,-6.508955],[106.764361,-6.509609],[106.764546,-6.509523],[106.764406,-6.508521],[106.764622,-6.508106],[106.76464,-6.507664],[106.764479,-6.507281],[106.763914,-6.506477],[106.763617,-6.506395],[106.763393,-6.506469],[106.763169,-6.506905],[106.762577,-6.507216],[106.76253,-6.507706],[106.762464,-6.507827],[106.761061,-6.507683],[106.760978,-6.507603],[106.760953,-6.506932],[106.761097,-6.50671],[106.760882,-6.506106],[106.760558,-6.505648],[106.760522,-6.504987],[106.759715,-6.503985],[106.759687,-6.503907],[106.759865,-6.503384],[106.759819,-6.50321],[106.759255,-6.50225],[106.759346,-6.501736],[106.759305,-6.501584],[106.758894,-6.50083],[106.758401,-6.500208],[106.758207,-6.499817],[106.758226,-6.499721],[106.758546,-6.499374],[106.75914,-6.499092],[106.759264,-6.498977],[106.759521,-6.498393],[106.75925,-6.497022],[106.758978,-6.496103]]]]},"properties":{"nama":"Kemang","kecamatan":"Kemang","kota":"Kabupaten Bogor","tipe_kawasan":"Permukiman","kualitas_udara":"sehat","atribut":{"sumber_batas":"OSM","kualitas_udara":"contoh","stasiun":0,"rth":1,"poi":6}}},{"type":"Feature","geometry":{"type":"MultiPolygon","coordinates":[[[[106.786403,-6.491753],[106.786386,-6.492451],[106.7868,-6.493588],[106.787029,-6.494597],[106.786384,-6.495898],[106.786195,-6.496571],[106.786027,-6.49674],[106.78612,-6.497444],[106.785998,-6.497945],[106.785579,-6.498158],[106.785468,-6.498272],[106.785463,-6.498366],[106.785856,-6.500206],[106.786381,-6.500446],[106.786438,-6.500525],[106.78645,-6.501286],[106.78657,-6.501824],[106.787838,-6.501802],[106.7883,-6.502175],[106.789153,-6.502228],[106.790988,-6.502931],[106.791253,-6.502879],[106.791582,-6.502941],[106.794519,-6.502608],[106.795234,-6.502585],[106.796511,-6.502757],[106.797462,-6.503262],[106.797838,-6.503251],[106.798018,-6.50333],[106.798186,-6.503488],[106.798758,-6.504409],[106.798895,-6.504513],[106.799419,-6.504552],[106.800009,-6.50429],[106.80024,-6.504104],[106.800692,-6.503587],[106.800724,-6.503286],[106.800658,-6.50308],[106.800518,-6.502931],[106.800315,-6.502835],[106.799383,-6.502682],[106.799036,-6.502534],[106.798608,-6.502174],[106.798412,-6.501704],[106.79836,-6.500926],[106.798477,-6.500594],[106.79873,-6.500394],[106.801107,-6.500218],[106.802037,-6.50009],[106.802381,-6.5],[106.803566,-6.499303],[106.803649,-6.499169],[106.803648,-6.498968],[106.802772,-6.497713],[106.802836,-6.497043],[106.803053,-6.496556],[106.803354,-6.496286],[106.803655,-6.496168],[106.80389,-6.496217],[106.804092,-6.4963],[106.805119,-6.497236],[106.805303,-6.497252],[106.805438,-6.497218],[106.806172,-6.496008],[106.803595,-6.494127],[106.803045,-6.494097],[106.802336,-6.493954],[106.801067,-6.493918],[106.800529,-6.494115],[106.79928,-6.494281],[106.798444,-6.494556],[106.797555,-6.494165],[106.79695,-6.493585],[106.796138,-6.493365],[106.795559,-6.493057],[106.795074,-6.491886],[106.795208,-6.490618],[106.795073,-6.490149],[106.795058,-6.489488],[106.795277,-6.488778],[106.794591,-6.488612],[106.794215,-6.489399],[106.793359,-6.489087],[106.793187,-6.488599],[106.793092,-6.487876],[106.792209,-6.488125],[106.791922,-6.488086],[106.791672,-6.488219],[106.791366,-6.488089],[106.791125,-6.488165],[106.789464,-6.489043],[106.788759,-6.489151],[106.78793,-6.488982],[106.787392,-6.489009],[106.78715,-6.489091],[106.786821,-6.489068],[106.786833,-6.490436],[106.786551,-6.49102],[106.786403,-6.491753]]]]},"properties":{"nama":"Kedungwaringin","kecamatan":"Bojong Gede","kota":"Kabupaten Bogor","tipe_kawasan":"Permukiman dekat stasiun","kualitas_udara":"kurang_sehat","atribut":{"sumber_batas":"OSM","kualitas_udara":"contoh","stasiun":1,"rth":1,"poi":4}}},{"type":"Feature","geometry":{"type":"MultiPolygon","coordinates":[[[[106.839134,-6.449051],[106.83962,-6.449657],[106.840018,-6.450361],[106.840486,-6.450281],[106.840966,-6.450317],[106.840966,-6.45102],[106.84141,-6.451099],[106.841686,-6.450572],[106.841966,-6.450574],[106.84203,-6.45215],[106.84238,-6.453248],[106.84231,-6.45343],[106.84215,-6.45357],[106.84208,-6.4538],[106.84257,-6.45458],[106.843201,-6.45691],[106.84333,-6.457137],[106.842822,-6.458052],[106.84278,-6.45919],[106.84269,-6.45969],[106.84294,-6.46054],[106.84362,-6.46112],[106.843699,-6.461495],[106.843796,-6.463438],[106.843582,-6.463591],[106.84344,-6.46409],[106.84354,-6.46425],[106.84357,-6.4645],[106.84406,-6.46491],[106.84412,-6.46504],[106.84379,-6.46551],[106.8434,-6.46634],[106.84363,-6.46663],[106.84354,-6.46688],[106.84348,-6.46793],[106.84339,-6.46817],[106.84313,-6.46852],[106.84381,-6.4699],[106.842274,-6.470227],[106.8424,-6.47107],[106.84273,-6.47188],[106.84312,-6.47251],[106.84326,-6.47285],[106.84364,-6.47508],[106.843841,-6.475547],[106.843293,-6.475665],[106.843206,-6.475233],[106.841773,-6.475498],[106.841828,-6.475008],[106.840813,-6.474864],[106.840707,-6.474183],[106.84036,-6.474122],[106.840545,-6.473461],[106.840285,-6.473421],[106.840348,-6.473102],[106.84042,-6.47124],[106.84038,-6.47098],[106.840336,-6.470991],[106.84028,-6.470842],[106.840063,-6.470771],[106.840063,-6.470338],[106.840138,-6.470184],[106.840006,-6.470168],[106.839968,-6.46996],[106.839768,-6.469783],[106.839451,-6.469702],[106.838962,-6.469954],[106.838726,-6.469967],[106.838398,-6.469687],[106.838178,-6.469362],[106.837846,-6.469278],[106.836607,-6.469711],[106.83642,-6.46958],[106.83618,-6.4696],[106.83613,-6.46969],[106.83622,-6.4707],[106.83642,-6.47107],[106.83686,-6.47153],[106.83719,-6.471734],[106.837203,-6.471846],[106.83715,-6.471894],[106.836988,-6.471867],[106.836733,-6.471749],[106.836192,-6.4713],[106.835974,-6.471222],[106.83557,-6.47056],[106.835292,-6.470518],[106.835005,-6.470727],[106.834997,-6.470868],[106.834795,-6.471287],[106.834554,-6.47166],[106.834503,-6.472213],[106.834198,-6.472124],[106.833714,-6.472146],[106.833489,-6.472917],[106.833482,-6.473316],[106.832824,-6.473015],[106.832957,-6.471549],[106.833124,-6.471287],[106.833538,-6.47104],[106.833638,-6.470697],[106.83378,-6.470464],[106.833852,-6.470183],[106.833776,-6.469536],[106.833842,-6.469136],[106.833709,-6.468941],[106.833585,-6.468556],[106.832762,-6.468123],[106.832443,-6.468027],[106.832221,-6.468263],[106.832401,-6.469297],[106.831961,-6.469254],[106.83171,-6.469277],[106.831627,-6.468709],[106.831267,-6.467973],[106.830901,-6.467621],[106.830689,-6.467566],[106.83031,-6.467256],[106.829895,-6.467184],[106.828808,-6.467391],[106.828686,-6.467649],[106.828271,-6.467828],[106.828143,-6.467746],[106.828214,-6.46736],[106.827943,-6.467107],[106.827878,-6.466821],[106.827607,-6.466379],[106.827586,-6.465797],[106.826985,-6.465589],[106.826491,-6.465197],[106.826365,-6.464902],[106.826367,-6.464645],[106.826486,-6.464418],[106.826903,-6.464201],[106.8269,-6.46349],[106.826413,-6.463042],[106.825771,-6.462207],[106.825349,-6.461279],[106.825603,-6.460945],[106.825704,-6.46055],[106.82635,-6.460565],[106.826335,-6.459735],[106.826849,-6.459104],[106.82739,-6.458813],[106.827494,-6.458895],[106.827606,-6.458765],[106.827586,-6.458663],[106.827742,-6.458376],[106.827752,-6.458032],[106.827667,-6.457827],[106.827348,-6.457568],[106.827051,-6.457175],[106.826964,-6.456901],[106.82698,-6.456505],[106.827103,-6.456044],[106.827287,-6.455883],[106.827659,-6.455193],[106.828208,-6.454588],[106.828521,-6.454812],[106.828824,-6.455173],[106.829595,-6.455138],[106.829711,-6.455188],[106.82977,-6.45509],[106.829945,-6.455022],[106.831111,-6.454682],[106.83136,-6.454885],[106.831543,-6.454758],[106.832119,-6.454819],[106.832755,-6.45578],[106.832731,-6.456213],[106.83331,-6.45622],[106.833189,-6.455548],[106.83305,-6.455268],[106.833139,-6.454861],[106.833258,-6.454686],[106.833212,-6.454452],[106.83325,-6.454148],[106.833128,-6.454036],[106.832902,-6.453998],[106.832688,-6.453843],[106.832455,-6.453405],[106.832298,-6.453396],[106.832155,-6.453513],[106.832077,-6.453491],[106.83205,-6.453379],[106.832243,-6.453149],[106.832146,-6.453001],[106.831708,-6.45303],[106.831522,-6.452932],[106.831301,-6.452984],[106.831199,-6.452895],[106.831234,-6.452713],[106.831636,-6.452088],[106.832032,-6.451882],[106.832353,-6.451849],[106.832653,-6.451903],[106.833167,-6.452281],[106.833373,-6.452309],[106.833888,-6.45218],[106.834079,-6.452033],[106.83422,-6.451709],[106.834182,-6.451496],[106.833923,-6.451245],[106.833957,-6.451109],[106.834087,-6.451093],[106.834176,-6.450698],[106.834841,-6.450843],[106.834867,-6.450372],[106.836229,-6.450506],[106.836249,-6.450726],[106.836105,-6.450719],[106.836107,-6.450991],[106.836605,-6.451052],[106.836622,-6.45078],[106.837098,-6.450734],[106.837108,-6.451061],[106.837336,-6.451086],[106.83736,-6.451245],[106.837634,-6.451274],[106.837655,-6.451168],[106.837837,-6.451204],[106.837968,-6.450268],[106.838119,-6.450188],[106.837947,-6.449876],[106.838628,-6.449507],[106.839134,-6.449051]]]]},"properties":{"nama":"Harapanjaya","kecamatan":"Cibinong","kota":"Kabupaten Bogor","tipe_kawasan":"Kawasan hijau","kualitas_udara":"sehat","atribut":{"sumber_batas":"OSM","kualitas_udara":"contoh","stasiun":0,"rth":3,"poi":0}}},{"type":"Feature","geometry":{"type":"MultiPolygon","coordinates":[[[[106.878894,-6.501958],[106.879931,-6.501132],[106.882286,-6.499538],[106.882415,-6.499424],[106.882448,-6.499276],[106.882063,-6.498853],[106.883543,-6.497925],[106.883961,-6.497492],[106.88461,-6.497031],[106.884717,-6.49664],[106.884855,-6.495503],[106.886387,-6.492467],[106.886601,-6.491368],[106.886625,-6.490896],[106.886581,-6.490613],[106.886408,-6.490215],[106.886012,-6.489858],[106.884998,-6.489529],[106.884706,-6.489583],[106.884477,-6.489726],[106.883978,-6.490157],[106.883613,-6.490611],[106.883471,-6.490654],[106.881186,-6.489859],[106.880992,-6.490605],[106.88075,-6.49117],[106.880453,-6.4914],[106.880202,-6.491493],[106.879296,-6.491694],[106.878944,-6.492035],[106.877673,-6.493811],[106.876864,-6.494755],[106.87562,-6.496378],[106.874426,-6.498146],[106.872168,-6.501099],[106.872472,-6.501447],[106.873197,-6.502048],[106.874131,-6.502434],[106.874499,-6.502911],[106.875915,-6.504251],[106.877169,-6.502946],[106.878012,-6.502357],[106.878894,-6.501958]]]]},"properties":{"nama":"Karang Asem Timur","kecamatan":"Citeureup","kota":"Kabupaten Bogor","tipe_kawasan":"Permukiman","kualitas_udara":"sehat","atribut":{"sumber_batas":"OSM","kualitas_udara":"contoh","stasiun":0,"rth":2,"poi":1}}},{"type":"Feature","geometry":{"type":"MultiPolygon","coordinates":[[[[106.876151,-6.458312],[106.875741,-6.458516],[106.875382,-6.458797],[106.875116,-6.459164],[106.875172,-6.459541],[106.875294,-6.459632],[106.876214,-6.459543],[106.876293,-6.459598],[106.87633,-6.459744],[106.876295,-6.460183],[106.875653,-6.46267],[106.875642,-6.46317],[106.875151,-6.46378],[106.875139,-6.463945],[106.875201,-6.464054],[106.875745,-6.464704],[106.87574,-6.464954],[106.875564,-6.465259],[106.874999,-6.465738],[106.874195,-6.466556],[106.874034,-6.466919],[106.873927,-6.467444],[106.874245,-6.470103],[106.874543,-6.469963],[106.875002,-6.469577],[106.875822,-6.468519],[106.876783,-6.468391],[106.877226,-6.468477],[106.877631,-6.468636],[106.878584,-6.467658],[106.880294,-6.469265],[106.880554,-6.469665],[106.88425,-6.462316],[106.884571,-6.462318],[106.885632,-6.462003],[106.887027,-6.461937],[106.888221,-6.461418],[106.888726,-6.461423],[106.889285,-6.4606],[106.889432,-6.46067],[106.889479,-6.460622],[106.88942,-6.460429],[106.889119,-6.460238],[106.889149,-6.459483],[106.889182,-6.459412],[106.889328,-6.459367],[106.889347,-6.459176],[106.889689,-6.458498],[106.890056,-6.457967],[106.890631,-6.457491],[106.891018,-6.457344],[106.891296,-6.457001],[106.891367,-6.457053],[106.891203,-6.457508],[106.891298,-6.45772],[106.891472,-6.457746],[106.892419,-6.457556],[106.892876,-6.457536],[106.893183,-6.457696],[106.893495,-6.458055],[106.89402,-6.459066],[106.894099,-6.459078],[106.894373,-6.458888],[106.894511,-6.458664],[106.894594,-6.458224],[106.895201,-6.457855],[106.895767,-6.457068],[106.895819,-6.456899],[106.895834,-6.45599],[106.895919,-6.455671],[106.896097,-6.455495],[106.896358,-6.455393],[106.896418,-6.455165],[106.896619,-6.455126],[106.897016,-6.454474],[106.897695,-6.45368],[106.89823,-6.452089],[106.896768,-6.451318],[106.89683,-6.450938],[106.897204,-6.449978],[106.896619,-6.449657],[106.896931,-6.448971],[106.895712,-6.448434],[106.895061,-6.447927],[106.894449,-6.447588],[106.894159,-6.447557],[106.893866,-6.447308],[106.890806,-6.446393],[106.890431,-6.446427],[106.889951,-6.446595],[106.889377,-6.44697],[106.888323,-6.447887],[106.887726,-6.448076],[106.887463,-6.448077],[106.886888,-6.447671],[106.886256,-6.447576],[106.885521,-6.447805],[106.885312,-6.447758],[106.884948,-6.447338],[106.884886,-6.44695],[106.884274,-6.446706],[106.883749,-6.446374],[106.883405,-6.446613],[106.883581,-6.446997],[106.883808,-6.448219],[106.883824,-6.44875],[106.883672,-6.448968],[106.883511,-6.449018],[106.883037,-6.448971],[106.882445,-6.448611],[106.882058,-6.447695],[106.881951,-6.447602],[106.881677,-6.447617],[106.881277,-6.447865],[106.881033,-6.448111],[106.880915,-6.448396],[106.88094,-6.448767],[106.881035,-6.44895],[106.882863,-6.449761],[106.883045,-6.449984],[106.883028,-6.450275],[106.882927,-6.450391],[106.882244,-6.450488],[106.882181,-6.450595],[106.882183,-6.450713],[106.882493,-6.451213],[106.88252,-6.451625],[106.882482,-6.451781],[106.882189,-6.4521],[106.881612,-6.453475],[106.881616,-6.453718],[106.882008,-6.45404],[106.882008,-6.454154],[106.881787,-6.454387],[106.881488,-6.454503],[106.881161,-6.454486],[106.880864,-6.454392],[106.880163,-6.453916],[106.879927,-6.453088],[106.879737,-6.452993],[106.879513,-6.453008],[106.879156,-6.453224],[106.878825,-6.453511],[106.878789,-6.453623],[106.879038,-6.454259],[106.879434,-6.45468],[106.880042,-6.45512],[106.880693,-6.455449],[106.881524,-6.455462],[106.881987,-6.45577],[106.882208,-6.456088],[106.882221,-6.456319],[106.882128,-6.456559],[106.881833,-6.456766],[106.881633,-6.456823],[106.881066,-6.456804],[106.880849,-6.456675],[106.880529,-6.456197],[106.880445,-6.456145],[106.88027,-6.456163],[106.880184,-6.456302],[106.880181,-6.456461],[106.880382,-6.457225],[106.880323,-6.457705],[106.880152,-6.457922],[106.879941,-6.458056],[106.878694,-6.458595],[106.878555,-6.458602],[106.878516,-6.458298],[106.878587,-6.458056],[106.878909,-6.457542],[106.878898,-6.457403],[106.878762,-6.457299],[106.878252,-6.45732],[106.876151,-6.458312]]]]},"properties":{"nama":"Karanggan","kecamatan":"Gunung Putri","kota":"Kabupaten Bogor","tipe_kawasan":"Permukiman","kualitas_udara":"kurang_sehat","atribut":{"sumber_batas":"OSM","kualitas_udara":"contoh","stasiun":0,"rth":1,"poi":0}}},{"type":"Feature","geometry":{"type":"MultiPolygon","coordinates":[[[[106.807516,-6.527099],[106.807806,-6.527488],[106.808266,-6.527787],[106.809004,-6.528504],[106.80925,-6.528666],[106.80955,-6.52876],[106.81447,-6.52884],[106.81647,-6.528453],[106.817057,-6.5284],[106.817611,-6.528486],[106.818959,-6.528915],[106.819065,-6.528508],[106.819418,-6.528014],[106.81943,-6.527547],[106.819265,-6.527235],[106.819202,-6.526576],[106.819337,-6.526258],[106.819656,-6.525889],[106.81978,-6.524104],[106.819834,-6.52389],[106.820087,-6.52351],[106.820312,-6.523006],[106.820413,-6.522541],[106.820594,-6.520836],[106.82054,-6.520119],[106.820416,-6.519768],[106.819641,-6.518815],[106.819476,-6.518722],[106.818404,-6.518478],[106.818239,-6.518333],[106.818128,-6.51802],[106.818054,-6.517326],[106.818249,-6.516648],[106.818462,-6.516292],[106.818954,-6.515697],[106.819006,-6.515478],[106.818964,-6.515254],[106.819164,-6.515213],[106.81874,-6.51508],[106.81835,-6.51481],[106.81833,-6.51462],[106.81846,-6.51417],[106.81834,-6.51383],[106.81825,-6.51378],[106.81788,-6.51388],[106.81759,-6.51369],[106.81754,-6.51357],[106.81757,-6.51323],[106.81816,-6.51231],[106.8182,-6.51216],[106.81808,-6.51196],[106.81763,-6.51168],[106.81746,-6.51149],[106.8173,-6.51109],[106.8175,-6.51079],[106.81819,-6.51016],[106.81827,-6.50988],[106.81822,-6.5098],[106.81773,-6.50954],[106.81686,-6.5093],[106.81673,-6.50919],[106.81671,-6.50908],[106.81674,-6.50815],[106.81734,-6.50742],[106.81768,-6.50619],[106.81808,-6.50592],[106.81848,-6.50522],[106.81845,-6.505],[106.81835,-6.50467],[106.81822,-6.50456],[106.81785,-6.50444],[106.817427,-6.504445],[106.817236,-6.504359],[106.810538,-6.507909],[106.81042,-6.508105],[106.8095,-6.508122],[106.809057,-6.508063],[106.80893,-6.507972],[106.808953,-6.507733],[106.808731,-6.507634],[106.807995,-6.507527],[106.807386,-6.507307],[106.806868,-6.507248],[106.806447,-6.506664],[106.804888,-6.506437],[106.804692,-6.506523],[106.804616,-6.506773],[106.804548,-6.506808],[106.803975,-6.506629],[106.803891,-6.505706],[106.80296,-6.505653],[106.802937,-6.50676],[106.803022,-6.507162],[106.802999,-6.507366],[106.802948,-6.507447],[106.802439,-6.507568],[106.802247,-6.507488],[106.801845,-6.507713],[106.801722,-6.507524],[106.801086,-6.507413],[106.801164,-6.506722],[106.801102,-6.506695],[106.800758,-6.50662],[106.800517,-6.506728],[106.799227,-6.506669],[106.79917,-6.507136],[106.798842,-6.507123],[106.798427,-6.506994],[106.798078,-6.506445],[106.797823,-6.506586],[106.797675,-6.50675],[106.797604,-6.507091],[106.797738,-6.5075],[106.797941,-6.507787],[106.798356,-6.508101],[106.799047,-6.508255],[106.799277,-6.508393],[106.79988,-6.508954],[106.800695,-6.509913],[106.800805,-6.510229],[106.800867,-6.510863],[106.800741,-6.511358],[106.800342,-6.511743],[106.79799,-6.512635],[106.797803,-6.512796],[106.797713,-6.512967],[106.797688,-6.513476],[106.797849,-6.513828],[106.7981,-6.513955],[106.799676,-6.514],[106.799904,-6.514056],[106.800307,-6.51441],[106.800459,-6.514633],[106.800521,-6.514865],[106.800515,-6.515394],[106.800352,-6.516274],[106.800324,-6.517138],[106.800419,-6.5173],[106.800576,-6.51738],[106.800842,-6.517477],[106.801253,-6.517502],[106.801672,-6.517412],[106.802002,-6.517263],[106.802871,-6.516609],[106.803548,-6.515924],[106.803817,-6.515928],[106.804105,-6.516188],[106.804242,-6.516744],[106.804187,-6.517255],[106.80407,-6.517482],[106.803866,-6.517676],[106.803319,-6.518007],[106.802643,-6.518578],[106.80246,-6.518754],[106.802398,-6.519022],[106.802443,-6.51931],[106.802575,-6.51948],[106.803034,-6.51974],[106.803691,-6.519913],[106.803774,-6.520038],[106.803831,-6.520494],[106.803564,-6.520879],[106.803541,-6.521121],[106.803718,-6.52199],[106.803729,-6.523734],[106.803826,-6.524493],[106.804143,-6.525252],[106.80457,-6.525709],[106.804833,-6.525804],[106.806899,-6.525884],[106.807208,-6.525988],[106.807458,-6.526339],[106.807521,-6.526599],[106.807516,-6.527099]]]]},"properties":{"nama":"Karadenan","kecamatan":"Cibinong","kota":"Kabupaten Bogor","tipe_kawasan":"Permukiman","kualitas_udara":"kurang_sehat","atribut":{"sumber_batas":"OSM","kualitas_udara":"contoh","stasiun":0,"rth":0,"poi":0}}},{"type":"Feature","geometry":{"type":"MultiPolygon","coordinates":[[[[106.867746,-6.480614],[106.868063,-6.480957],[106.868078,-6.481132],[106.867613,-6.481703],[106.86705,-6.483411],[106.866919,-6.483441],[106.866143,-6.482919],[106.865908,-6.482555],[106.865687,-6.481987],[106.8656,-6.481944],[106.865046,-6.482237],[106.864404,-6.482356],[106.863718,-6.48233],[106.862797,-6.482056],[106.862549,-6.482057],[106.8622,-6.482321],[106.862113,-6.48254],[106.862143,-6.482759],[106.862275,-6.48286],[106.86264,-6.482976],[106.863794,-6.483073],[106.864086,-6.48316],[106.864291,-6.483465],[106.864292,-6.483684],[106.864249,-6.483903],[106.86406,-6.484152],[106.863915,-6.484225],[106.863608,-6.484241],[106.862805,-6.484083],[106.862046,-6.484203],[106.861493,-6.484745],[106.860711,-6.486221],[106.860625,-6.486615],[106.860669,-6.486702],[106.860786,-6.486745],[106.861238,-6.486642],[106.861864,-6.486362],[106.862083,-6.486361],[106.862244,-6.486434],[106.86242,-6.486608],[106.862495,-6.487264],[106.86212,-6.488535],[106.861917,-6.488798],[106.860154,-6.489636],[106.859979,-6.489666],[106.859819,-6.489899],[106.860202,-6.490759],[106.860598,-6.491253],[106.86114,-6.491776],[106.861156,-6.492316],[106.861055,-6.492491],[106.860502,-6.492974],[106.860286,-6.493039],[106.860474,-6.493411],[106.861735,-6.494082],[106.861506,-6.494445],[106.862274,-6.494931],[106.862591,-6.495054],[106.863314,-6.495115],[106.864631,-6.495468],[106.865194,-6.495795],[106.865268,-6.496278],[106.866045,-6.496669],[106.867291,-6.497432],[106.867806,-6.496925],[106.86859,-6.497138],[106.868019,-6.498885],[106.869006,-6.499559],[106.870272,-6.500559],[106.871076,-6.500899],[106.870795,-6.501268],[106.871649,-6.501856],[106.872465,-6.500652],[106.874426,-6.498146],[106.87562,-6.496378],[106.876864,-6.494755],[106.877673,-6.493811],[106.878944,-6.492035],[106.879296,-6.491694],[106.880202,-6.491493],[106.880453,-6.4914],[106.88075,-6.49117],[106.880992,-6.490605],[106.881647,-6.488245],[106.87913,-6.487386],[106.875527,-6.48598],[106.871998,-6.484871],[106.871296,-6.484589],[106.870644,-6.484173],[106.869588,-6.481849],[106.868738,-6.480702],[106.868329,-6.480445],[106.867746,-6.480614]]]]},"properties":{"nama":"Karang Asem Barat","kecamatan":"Citeureup","kota":"Kabupaten Bogor","tipe_kawasan":"Permukiman","kualitas_udara":"kurang_sehat","atribut":{"sumber_batas":"OSM","kualitas_udara":"contoh","stasiun":0,"rth":0,"poi":1}}},{"type":"Feature","geometry":{"type":"MultiPolygon","coordinates":[[[[106.798078,-6.506445],[106.798448,-6.506294],[106.798798,-6.506049],[106.798815,-6.505864],[106.798715,-6.505557],[106.79831,-6.504946],[106.798119,-6.504762],[106.797601,-6.504532],[106.797423,-6.504387],[106.797286,-6.504157],[106.797216,-6.503646],[106.797259,-6.503432],[106.797462,-6.503262],[106.796511,-6.502757],[106.795234,-6.502585],[106.794519,-6.502608],[106.791582,-6.502941],[106.791253,-6.502879],[106.790988,-6.502931],[106.789153,-6.502228],[106.7883,-6.502175],[106.787838,-6.501802],[106.78657,-6.501824],[106.786225,-6.50237],[106.78571,-6.502744],[106.785381,-6.503261],[106.785356,-6.503618],[106.78541,-6.503923],[106.785234,-6.504885],[106.785222,-6.505297],[106.785025,-6.506165],[106.784859,-6.506395],[106.784724,-6.506883],[106.78491,-6.507126],[106.784949,-6.507658],[106.785295,-6.507664],[106.785337,-6.507848],[106.78506,-6.508713],[106.784815,-6.509883],[106.784747,-6.510512],[106.784577,-6.511063],[106.784305,-6.511311],[106.783601,-6.51115],[106.782764,-6.511107],[106.782249,-6.511178],[106.781518,-6.511397],[106.781848,-6.512875],[106.781726,-6.514024],[106.781998,-6.514196],[106.78308,-6.514517],[106.783398,-6.514864],[106.783614,-6.515069],[106.783814,-6.515082],[106.784576,-6.514903],[106.785667,-6.514934],[106.786864,-6.514804],[106.787324,-6.514634],[106.78724,-6.514367],[106.787319,-6.514124],[106.787459,-6.513988],[106.788041,-6.513869],[106.789002,-6.514064],[106.789192,-6.513782],[106.789602,-6.513582],[106.790644,-6.513547],[106.791208,-6.513814],[106.791487,-6.51388],[106.791628,-6.513668],[106.79166,-6.512551],[106.791828,-6.511908],[106.792096,-6.511609],[106.792648,-6.511423],[106.793255,-6.511407],[106.793562,-6.511543],[106.794823,-6.513007],[106.795101,-6.513187],[106.795671,-6.513313],[106.796108,-6.513304],[106.797699,-6.513073],[106.797803,-6.512796],[106.79799,-6.512635],[106.800342,-6.511743],[106.800741,-6.511358],[106.800821,-6.51115],[106.800857,-6.510543],[106.800695,-6.509913],[106.79988,-6.508954],[106.799277,-6.508393],[106.799047,-6.508255],[106.798356,-6.508101],[106.797941,-6.507787],[106.797633,-6.507275],[106.797617,-6.506889],[106.797823,-6.506586],[106.798078,-6.506445]]]]},"properties":{"nama":"Waringinjaya","kecamatan":"Bojong Gede","kota":"Kabupaten Bogor","tipe_kawasan":"Permukiman","kualitas_udara":"kurang_sehat","atribut":{"sumber_batas":"OSM","kualitas_udara":"contoh","stasiun":0,"rth":0,"poi":0}}},{"type":"Feature","geometry":{"type":"MultiPolygon","coordinates":[[[[106.739363,-6.481125],[106.73953,-6.480961],[106.739793,-6.480905],[106.740043,-6.480985],[106.740159,-6.481257],[106.739967,-6.481753],[106.740001,-6.481946],[106.740161,-6.482361],[106.740784,-6.48305],[106.74186,-6.483308],[106.742422,-6.48338],[106.742488,-6.483045],[106.742951,-6.48222],[106.744192,-6.480949],[106.7446,-6.480418],[106.744256,-6.480301],[106.744004,-6.480104],[106.744395,-6.479869],[106.74478,-6.479498],[106.745594,-6.47852],[106.745758,-6.478149],[106.745822,-6.477585],[106.745722,-6.47705],[106.745423,-6.476314],[106.744894,-6.475708],[106.744844,-6.475515],[106.745066,-6.474872],[106.745201,-6.474844],[106.745693,-6.475075],[106.746948,-6.475339],[106.747179,-6.475237],[106.747227,-6.475138],[106.74739,-6.475157],[106.748201,-6.475585],[106.7483,-6.475568],[106.74873,-6.474832],[106.74907,-6.474487],[106.749237,-6.474083],[106.748836,-6.473896],[106.74901,-6.473677],[106.748634,-6.473431],[106.748448,-6.473185],[106.748375,-6.472468],[106.748514,-6.472102],[106.748442,-6.471695],[106.747687,-6.469292],[106.747171,-6.468094],[106.746509,-6.467198],[106.74606,-6.46673],[106.746736,-6.466062],[106.746724,-6.464867],[106.74659,-6.463866],[106.746213,-6.463515],[106.74589,-6.462575],[106.745711,-6.462369],[106.746554,-6.461765],[106.747152,-6.461545],[106.747189,-6.46084],[106.747112,-6.460564],[106.747204,-6.459522],[106.747588,-6.459497],[106.747889,-6.459362],[106.749057,-6.45908],[106.749867,-6.458968],[106.749877,-6.458384],[106.748707,-6.458457],[106.748718,-6.457945],[106.749308,-6.457931],[106.749347,-6.457606],[106.749049,-6.457586],[106.749051,-6.456992],[106.748333,-6.456511],[106.748327,-6.456812],[106.746955,-6.456797],[106.746956,-6.456639],[106.746452,-6.456708],[106.746211,-6.457146],[106.745899,-6.457139],[106.745884,-6.45741],[106.74562,-6.457388],[106.745604,-6.456971],[106.745102,-6.456361],[106.745174,-6.454856],[106.744949,-6.454824],[106.744822,-6.454725],[106.744514,-6.454241],[106.744368,-6.45422],[106.744355,-6.454088],[106.744008,-6.454125],[106.743999,-6.453642],[106.744266,-6.453234],[106.745086,-6.450867],[106.745186,-6.450434],[106.745128,-6.450353],[106.745273,-6.449182],[106.745373,-6.448928],[106.744776,-6.44935],[106.744369,-6.449508],[106.743421,-6.449691],[106.742517,-6.449982],[106.742349,-6.449885],[106.74176,-6.449859],[106.741683,-6.449808],[106.741736,-6.449286],[106.740789,-6.449217],[106.740759,-6.449701],[106.74058,-6.449724],[106.740484,-6.45005],[106.740216,-6.450018],[106.740178,-6.44964],[106.739519,-6.449541],[106.73937,-6.449617],[106.739267,-6.449923],[106.739151,-6.450028],[106.738771,-6.450149],[106.738309,-6.450019],[106.73819,-6.449849],[106.738171,-6.44924],[106.736928,-6.449007],[106.736778,-6.449249],[106.735458,-6.449428],[106.734965,-6.449556],[106.73473,-6.449471],[106.734701,-6.449221],[106.734501,-6.449178],[106.734444,-6.449299],[106.734258,-6.449342],[106.733143,-6.448792],[106.733297,-6.449488],[106.733942,-6.45009],[106.734038,-6.450681],[106.73471,-6.45261],[106.734741,-6.45322],[106.735086,-6.453757],[106.735493,-6.453774],[106.73559,-6.453834],[106.735788,-6.454222],[106.735768,-6.454614],[106.735423,-6.455009],[106.735255,-6.455405],[106.735388,-6.455481],[106.735795,-6.455484],[106.736388,-6.455902],[106.736412,-6.456135],[106.736066,-6.456496],[106.735979,-6.456809],[106.73602,-6.456949],[106.736342,-6.457357],[106.736455,-6.457986],[106.736403,-6.458103],[106.736133,-6.458272],[106.73545,-6.458313],[106.735304,-6.458417],[106.735109,-6.458807],[106.734949,-6.458972],[106.734544,-6.459078],[106.734331,-6.459223],[106.734399,-6.459326],[106.734693,-6.459486],[106.734727,-6.459601],[106.734591,-6.45987],[106.734249,-6.460131],[106.73415,-6.460287],[106.734185,-6.460514],[106.734404,-6.46064],[106.734881,-6.46069],[106.735085,-6.460774],[106.735416,-6.46125],[106.735415,-6.461342],[106.735366,-6.461576],[106.735106,-6.461955],[106.734695,-6.461988],[106.734138,-6.462314],[106.733944,-6.462644],[106.733936,-6.463454],[106.734077,-6.464128],[106.734071,-6.464419],[106.734005,-6.465058],[106.733808,-6.465521],[106.733054,-6.4657],[106.732469,-6.465728],[106.731819,-6.465954],[106.731071,-6.465679],[106.730562,-6.465865],[106.730468,-6.465956],[106.730495,-6.466219],[106.730563,-6.466301],[106.730971,-6.466583],[106.731559,-6.467195],[106.731587,-6.467556],[106.731419,-6.46823],[106.730935,-6.468716],[106.731235,-6.469316],[106.73125,-6.469545],[106.73084,-6.470174],[106.730958,-6.470551],[106.731559,-6.4711],[106.731776,-6.47163],[106.732182,-6.472197],[106.732242,-6.47251],[106.732217,-6.473209],[106.732,-6.473332],[106.731869,-6.473331],[106.731516,-6.47287],[106.731319,-6.472714],[106.730724,-6.473014],[106.730139,-6.474242],[106.730113,-6.474787],[106.730232,-6.474921],[106.730459,-6.474897],[106.731007,-6.474477],[106.731101,-6.47448],[106.731217,-6.474529],[106.731501,-6.474943],[106.731639,-6.475029],[106.731939,-6.475139],[106.732653,-6.475167],[106.733121,-6.475307],[106.733879,-6.475736],[106.73393,-6.475819],[106.733809,-6.476181],[106.73408,-6.477058],[106.734565,-6.477438],[106.734903,-6.477812],[106.734946,-6.477998],[106.734845,-6.47887],[106.735003,-6.47914],[106.735404,-6.479419],[106.735517,-6.479423],[106.735657,-6.479379],[106.736159,-6.478932],[106.736316,-6.478868],[106.736563,-6.478829],[106.737091,-6.478894],[106.737259,-6.479193],[106.737343,-6.480054],[106.737422,-6.480185],[106.737673,-6.480315],[106.737968,-6.480294],[106.738481,-6.480424],[106.739363,-6.481125]]]]},"properties":{"nama":"Kalisuren","kecamatan":"Tajurhalang","kota":"Kabupaten Bogor","tipe_kawasan":"Permukiman","kualitas_udara":"sehat","atribut":{"sumber_batas":"OSM","kualitas_udara":"contoh","stasiun":0,"rth":0,"poi":0}}},{"type":"Feature","geometry":{"type":"MultiPolygon","coordinates":[[[[106.739363,-6.481125],[106.73953,-6.480961],[106.739793,-6.480905],[106.740043,-6.480985],[106.740159,-6.481257],[106.739967,-6.481753],[106.740001,-6.481946],[106.740161,-6.482361],[106.740784,-6.48305],[106.74186,-6.483308],[106.742422,-6.48338],[106.742488,-6.483045],[106.742951,-6.48222],[106.744192,-6.480949],[106.7446,-6.480418],[106.744256,-6.480301],[106.744004,-6.480104],[106.744395,-6.479869],[106.74478,-6.479498],[106.745594,-6.47852],[106.745758,-6.478149],[106.745822,-6.477585],[106.745722,-6.47705],[106.745423,-6.476314],[106.744894,-6.475708],[106.744844,-6.475515],[106.745066,-6.474872],[106.745201,-6.474844],[106.745693,-6.475075],[106.746948,-6.475339],[106.747119,-6.476662],[106.747007,-6.477567],[106.746786,-6.478284],[106.746807,-6.478417],[106.74717,-6.478772],[106.748817,-6.47996],[106.749426,-6.480553],[106.74948,-6.480749],[106.749434,-6.481357],[106.749488,-6.48157],[106.75169,-6.482884],[106.752195,-6.483101],[106.752408,-6.483126],[106.752679,-6.483042],[106.753133,-6.482408],[106.753108,-6.481858],[106.753183,-6.481558],[106.753433,-6.481299],[106.75393,-6.48112],[106.754025,-6.480711],[106.756407,-6.481499],[106.756473,-6.481662],[106.756553,-6.482558],[106.756761,-6.482838],[106.757218,-6.483153],[106.757295,-6.483272],[106.757346,-6.483952],[106.758055,-6.484838],[106.759218,-6.485706],[106.759329,-6.48678],[106.759779,-6.487557],[106.760206,-6.488098],[106.761055,-6.48815],[106.76125,-6.487766],[106.761722,-6.487969],[106.762005,-6.488161],[106.762319,-6.488539],[106.762739,-6.48933],[106.763189,-6.489548],[106.763257,-6.48746],[106.763364,-6.487339],[106.763756,-6.487167],[106.763999,-6.486561],[106.764142,-6.486475],[106.765662,-6.486332],[106.765926,-6.486346],[106.766269,-6.486482],[106.767687,-6.486756],[106.768267,-6.489646],[106.768188,-6.489783],[106.768349,-6.490358],[106.768333,-6.492098],[106.768548,-6.492687],[106.768605,-6.493587],[106.768174,-6.493561],[106.76801,-6.494007],[106.768361,-6.494287],[106.768682,-6.494689],[106.768949,-6.495341],[106.769503,-6.496139],[106.768628,-6.496797],[106.768044,-6.497033],[106.7676,-6.497622],[106.767224,-6.497945],[106.767402,-6.500075],[106.767525,-6.500227],[106.767922,-6.500441],[106.76781,-6.500933],[106.767888,-6.501222],[106.768277,-6.501976],[106.769012,-6.502954],[106.769386,-6.503642],[106.769482,-6.50392],[106.769498,-6.504224],[106.769379,-6.50491],[106.769111,-6.505368],[106.768622,-6.505617],[106.768245,-6.506003],[106.767871,-6.506055],[106.764671,-6.505954],[106.763707,-6.505684],[106.763328,-6.505793],[106.762947,-6.506051],[106.761799,-6.507052],[106.761538,-6.507081],[106.760953,-6.506932],[106.761097,-6.50671],[106.76108,-6.506621],[106.760882,-6.506106],[106.760622,-6.505791],[106.760558,-6.505648],[106.760522,-6.504987],[106.759687,-6.503907],[106.759865,-6.503384],[106.759819,-6.50321],[106.759255,-6.50225],[106.759346,-6.501736],[106.759305,-6.501584],[106.758894,-6.50083],[106.758401,-6.500208],[106.758207,-6.499817],[106.758226,-6.499721],[106.758546,-6.499374],[106.75914,-6.499092],[106.759264,-6.498977],[106.759521,-6.498393],[106.75925,-6.497022],[106.758978,-6.496103],[106.758473,-6.495674],[106.75829,-6.495378],[106.758308,-6.494584],[106.758409,-6.49436],[106.75848,-6.494274],[106.758819,-6.494145],[106.759097,-6.494117],[106.758978,-6.493447],[106.758715,-6.492912],[106.758712,-6.492736],[106.758965,-6.492242],[106.758931,-6.492016],[106.75884,-6.491967],[106.75824,-6.491959],[106.757696,-6.492032],[106.75718,-6.492158],[106.757012,-6.492274],[106.756882,-6.492602],[106.756886,-6.49289],[106.756936,-6.492968],[106.757313,-6.493106],[106.757369,-6.493422],[106.75728,-6.493617],[106.75671,-6.494407],[106.756161,-6.494715],[106.755679,-6.494747],[106.755458,-6.494644],[106.754963,-6.494066],[106.754601,-6.49379],[106.754045,-6.492992],[106.753862,-6.492822],[106.753667,-6.492746],[106.753071,-6.492715],[106.752934,-6.492896],[106.753016,-6.493129],[106.753311,-6.493367],[106.753392,-6.49354],[106.7534,-6.493638],[106.753317,-6.493737],[106.75317,-6.493783],[106.752728,-6.493706],[106.752246,-6.493378],[106.751666,-6.493302],[106.751411,-6.492982],[106.751053,-6.492679],[106.750885,-6.492117],[106.750595,-6.491872],[106.750338,-6.491514],[106.75,-6.491283],[106.749562,-6.491239],[106.749228,-6.491407],[106.748946,-6.492376],[106.748816,-6.492492],[106.748354,-6.492319],[106.747363,-6.492244],[106.747344,-6.491498],[106.747125,-6.491353],[106.745139,-6.491351],[106.745152,-6.491215],[106.74554,-6.490824],[106.745542,-6.490308],[106.745432,-6.489882],[106.745152,-6.489748],[106.744621,-6.489677],[106.744362,-6.489463],[106.744028,-6.488894],[106.743921,-6.488814],[106.742579,-6.488158],[106.742266,-6.488283],[106.741541,-6.488908],[106.740998,-6.488944],[106.740622,-6.489363],[106.740557,-6.488495],[106.740394,-6.488032],[106.740606,-6.48756],[106.740643,-6.486979],[106.741151,-6.486185],[106.741174,-6.48557],[106.741071,-6.48522],[106.740799,-6.48472],[106.740528,-6.484529],[106.740175,-6.484603],[106.739755,-6.484586],[106.739269,-6.48448],[106.73895,-6.484306],[106.738863,-6.484125],[106.738835,-6.483468],[106.738676,-6.483212],[106.738562,-6.482668],[106.738266,-6.482326],[106.738282,-6.482048],[106.738158,-6.481707],[106.738231,-6.481611],[106.738456,-6.481516],[106.739032,-6.481501],[106.739173,-6.481435],[106.739309,-6.481324],[106.739363,-6.481125]]]]},"properties":{"nama":"Tonjong","kecamatan":"Tajurhalang","kota":"Kabupaten Bogor","tipe_kawasan":"Kawasan hijau","kualitas_udara":"sehat","atribut":{"sumber_batas":"OSM","kualitas_udara":"contoh","stasiun":0,"rth":9,"poi":3}}},{"type":"Feature","geometry":{"type":"MultiPolygon","coordinates":[[[[106.931319,-6.446338],[106.930299,-6.446165],[106.929728,-6.445986],[106.929469,-6.445841],[106.929374,-6.445702],[106.929295,-6.445091],[106.929129,-6.44487],[106.928782,-6.444715],[106.928584,-6.444667],[106.927555,-6.444973],[106.927322,-6.44464],[106.92721,-6.444588],[106.926715,-6.444607],[106.926597,-6.444541],[106.926321,-6.444188],[106.925582,-6.444718],[106.9251,-6.444331],[106.924307,-6.443915],[106.923642,-6.443409],[106.923124,-6.443749],[106.92273,-6.443775],[106.922177,-6.443945],[106.921608,-6.444499],[106.921299,-6.444154],[106.92108,-6.444276],[106.92013,-6.443794],[106.919636,-6.443793],[106.918209,-6.440446],[106.91762,-6.439966],[106.916685,-6.439504],[106.916343,-6.439019],[106.916387,-6.437804],[106.916579,-6.437098],[106.916916,-6.436319],[106.917986,-6.434914],[106.918795,-6.433986],[106.919887,-6.433161],[106.92028,-6.432121],[106.920343,-6.43129],[106.920292,-6.430214],[106.920114,-6.429533],[106.919991,-6.429289],[106.919902,-6.429192],[106.918125,-6.428613],[106.917701,-6.428006],[106.917653,-6.427778],[106.917512,-6.42757],[106.917396,-6.427536],[106.91696,-6.42754],[106.916201,-6.427796],[106.915506,-6.42791],[106.914481,-6.427893],[106.914002,-6.428093],[106.913791,-6.428269],[106.913713,-6.428917],[106.913361,-6.429375],[106.91278,-6.430582],[106.912702,-6.431057],[106.912613,-6.431209],[106.912471,-6.431312],[106.9119,-6.431457],[106.911808,-6.431531],[106.911804,-6.431605],[106.911129,-6.432254],[106.908612,-6.435353],[106.907363,-6.436505],[106.906825,-6.43778],[106.906374,-6.440773],[106.905906,-6.441615],[106.905665,-6.442463],[106.905458,-6.44266],[106.904912,-6.442801],[106.904343,-6.443726],[106.903134,-6.444958],[106.902746,-6.44532],[106.902527,-6.445763],[106.90243,-6.445807],[106.902062,-6.445765],[106.901921,-6.445875],[106.901695,-6.445922],[106.901201,-6.446689],[106.901066,-6.446809],[106.900973,-6.447062],[106.900615,-6.447577],[106.900133,-6.448032],[106.899898,-6.448435],[106.8999,-6.448519],[106.899998,-6.448564],[106.899358,-6.449662],[106.89823,-6.452089],[106.89914,-6.452448],[106.899485,-6.451833],[106.901775,-6.453071],[106.901421,-6.453736],[106.902516,-6.454393],[106.902264,-6.454705],[106.902589,-6.455124],[106.905025,-6.454488],[106.905126,-6.454396],[106.905364,-6.454418],[106.906191,-6.454256],[106.907013,-6.454471],[106.907767,-6.45522],[106.908757,-6.456396],[106.90915,-6.456235],[106.910258,-6.456403],[106.911136,-6.456917],[106.911887,-6.457984],[106.912324,-6.459531],[106.912683,-6.46012],[106.912905,-6.460316],[106.913791,-6.460423],[106.914505,-6.46031],[106.915057,-6.460123],[106.91573,-6.459112],[106.915789,-6.458264],[106.915688,-6.457649],[106.91461,-6.455636],[106.914633,-6.455243],[106.914829,-6.45491],[106.915246,-6.454699],[106.915812,-6.454685],[106.917068,-6.455012],[106.917796,-6.455501],[106.918959,-6.457231],[106.919725,-6.458126],[106.920267,-6.45837],[106.922089,-6.458584],[106.922494,-6.45846],[106.92328,-6.458075],[106.92366,-6.45773],[106.924101,-6.457039],[106.924277,-6.456468],[106.92417,-6.455822],[106.923891,-6.454847],[106.924078,-6.454053],[106.925259,-6.45172],[106.926241,-6.450501],[106.926289,-6.449997],[106.926237,-6.449382],[106.926334,-6.449062],[106.926812,-6.448445],[106.92713,-6.447903],[106.927483,-6.447102],[106.927864,-6.446855],[106.928171,-6.446804],[106.928454,-6.446853],[106.928836,-6.447036],[106.929798,-6.447684],[106.930106,-6.44772],[106.930389,-6.447645],[106.930683,-6.447422],[106.931319,-6.446338]]]]},"properties":{"nama":"Tlajung Udik","kecamatan":"Gunung Putri","kota":"Kabupaten Bogor","tipe_kawasan":"Kawasan hijau","kualitas_udara":"sehat","atribut":{"sumber_batas":"OSM","kualitas_udara":"contoh","stasiun":0,"rth":3,"poi":0}}},{"type":"Feature","geometry":{"type":"MultiPolygon","coordinates":[[[[106.828271,-6.467828],[106.828105,-6.467896],[106.82741,-6.4679],[106.82638,-6.46772],[106.82564,-6.46774],[106.8252,-6.46801],[106.825,-6.46842],[106.8249,-6.46846],[106.82344,-6.46824],[106.82336,-6.46817],[106.82333,-6.46793],[106.82351,-6.4655],[106.82338,-6.46551],[106.82184,-6.46506],[106.82052,-6.46514],[106.820313,-6.465224],[106.82038,-6.465931],[106.820131,-6.466141],[106.819864,-6.466165],[106.81928,-6.46741],[106.81947,-6.46761],[106.8194,-6.46814],[106.81893,-6.46889],[106.81889,-6.46906],[106.81912,-6.47052],[106.81907,-6.47108],[106.8187,-6.47196],[106.817647,-6.473052],[106.817557,-6.473305],[106.817601,-6.473674],[106.817833,-6.474343],[106.818322,-6.474427],[106.818529,-6.47501],[106.818525,-6.475149],[106.819143,-6.475472],[106.819443,-6.475012],[106.819687,-6.474915],[106.820125,-6.475075],[106.820446,-6.474733],[106.820655,-6.474475],[106.820521,-6.473991],[106.820547,-6.473823],[106.820957,-6.473667],[106.82174,-6.473658],[106.82209,-6.4738],[106.82217,-6.4739],[106.822214,-6.474282],[106.821868,-6.475374],[106.821654,-6.475633],[106.821353,-6.475807],[106.820683,-6.475709],[106.819915,-6.476262],[106.81987,-6.4766],[106.820003,-6.476716],[106.820167,-6.477208],[106.82032,-6.477318],[106.820339,-6.478475],[106.820493,-6.478609],[106.8206,-6.47906],[106.821018,-6.479213],[106.821259,-6.479056],[106.821475,-6.479189],[106.820695,-6.480407],[106.820866,-6.480798],[106.820843,-6.481001],[106.820694,-6.481157],[106.820163,-6.481386],[106.82005,-6.481578],[106.820027,-6.481805],[106.82018,-6.48217],[106.82054,-6.4826],[106.82052,-6.48273],[106.81999,-6.48339],[106.81987,-6.48397],[106.81987,-6.48453],[106.82009,-6.48495],[106.820139,-6.485676],[106.820225,-6.485729],[106.82026,-6.48592],[106.820438,-6.486091],[106.820596,-6.486151],[106.821758,-6.485932],[106.82203,-6.48617],[106.8222,-6.48646],[106.822152,-6.486752],[106.82231,-6.48706],[106.82283,-6.487657],[106.82312,-6.48827],[106.82307,-6.48925],[106.82297,-6.4894],[106.823629,-6.489426],[106.823785,-6.489306],[106.824,-6.48928],[106.825,-6.48945],[106.82537,-6.48959],[106.825664,-6.488266],[106.826157,-6.487957],[106.826541,-6.48787],[106.826856,-6.487924],[106.827133,-6.487439],[106.827439,-6.487579],[106.827633,-6.487421],[106.827763,-6.487499],[106.827909,-6.487311],[106.828085,-6.486833],[106.829021,-6.485625],[106.829625,-6.484643],[106.830057,-6.484405],[106.830464,-6.484357],[106.830895,-6.484539],[106.83172,-6.483007],[106.832034,-6.482682],[106.832142,-6.482356],[106.832091,-6.481773],[106.832015,-6.481555],[106.832426,-6.479907],[106.8336,-6.47871],[106.83326,-6.47828],[106.83322,-6.47787],[106.83331,-6.47727],[106.83327,-6.47722],[106.8335,-6.47678],[106.8337,-6.47429],[106.833099,-6.473947],[106.833184,-6.473709],[106.833382,-6.473552],[106.833482,-6.473316],[106.832824,-6.473015],[106.832957,-6.471549],[106.833124,-6.471287],[106.833538,-6.47104],[106.833638,-6.470697],[106.83378,-6.470464],[106.833852,-6.470183],[106.833776,-6.469536],[106.833842,-6.469136],[106.833709,-6.468941],[106.833585,-6.468556],[106.832762,-6.468123],[106.832443,-6.468027],[106.832221,-6.468263],[106.832401,-6.469297],[106.83171,-6.469277],[106.831627,-6.468709],[106.831267,-6.467973],[106.830901,-6.467621],[106.830689,-6.467566],[106.83031,-6.467256],[106.829895,-6.467184],[106.828808,-6.467391],[106.828686,-6.467649],[106.828271,-6.467828]]]]},"properties":{"nama":"Tengah","kecamatan":"Cibinong","kota":"Kabupaten Bogor","tipe_kawasan":"Kawasan hijau","kualitas_udara":"sehat","atribut":{"sumber_batas":"OSM","kualitas_udara":"contoh","stasiun":0,"rth":7,"poi":6}}},{"type":"Feature","geometry":{"type":"MultiPolygon","coordinates":[[[[106.704991,-6.578289],[106.705315,-6.578066],[106.705715,-6.577444],[106.705703,-6.577199],[106.705454,-6.576768],[106.705492,-6.576568],[106.705854,-6.576244],[106.70606,-6.575917],[106.706267,-6.575423],[106.706366,-6.574575],[106.706984,-6.573899],[106.70723,-6.573351],[106.70722,-6.573056],[106.707502,-6.572465],[106.707365,-6.572087],[106.706956,-6.571798],[106.707204,-6.571121],[106.707122,-6.570809],[106.706666,-6.570096],[106.706916,-6.569849],[106.706791,-6.568743],[106.706356,-6.567923],[106.705987,-6.567472],[106.705721,-6.566907],[106.705704,-6.566756],[106.705946,-6.56618],[106.705389,-6.565417],[106.705357,-6.564981],[106.705277,-6.564913],[106.704952,-6.564943],[106.704609,-6.564827],[106.704582,-6.564586],[106.704866,-6.56356],[106.704873,-6.563265],[106.704662,-6.562598],[106.704623,-6.562044],[106.704495,-6.561597],[106.704081,-6.56085],[106.703956,-6.560199],[106.703722,-6.560138],[106.70286,-6.559281],[106.702663,-6.558722],[106.702721,-6.558267],[106.70265,-6.557923],[106.702054,-6.557518],[106.701972,-6.5574],[106.701775,-6.556268],[106.701412,-6.556264],[106.701211,-6.556195],[106.699913,-6.558036],[106.699945,-6.558159],[106.70043,-6.558639],[106.70046,-6.558832],[106.700318,-6.559125],[106.698885,-6.559857],[106.69807,-6.560529],[106.697888,-6.56054],[106.697637,-6.560315],[106.697551,-6.560315],[106.697363,-6.561029],[106.696912,-6.56159],[106.696902,-6.561728],[106.697082,-6.561886],[106.697337,-6.561954],[106.698031,-6.561865],[106.698212,-6.56206],[106.698213,-6.562188],[106.69792,-6.562584],[106.697024,-6.562943],[106.696677,-6.563251],[106.696323,-6.564319],[106.696147,-6.564669],[106.695781,-6.564978],[106.695318,-6.56507],[106.695034,-6.565038],[106.694092,-6.564678],[106.693865,-6.564687],[106.693758,-6.564788],[106.693678,-6.56516],[106.693751,-6.566051],[106.693379,-6.566952],[106.693327,-6.56749],[106.693394,-6.567691],[106.694123,-6.568551],[106.694179,-6.568935],[106.693718,-6.569741],[106.693233,-6.57042],[106.693117,-6.571251],[106.692791,-6.57176],[106.692475,-6.572359],[106.691574,-6.572654],[106.691412,-6.572801],[106.6914,-6.573212],[106.691572,-6.57397],[106.691555,-6.574297],[106.691334,-6.574833],[106.690731,-6.575597],[106.690801,-6.576486],[106.69072,-6.576797],[106.69095,-6.577167],[106.690963,-6.578075],[106.69092,-6.57825],[106.690692,-6.578549],[106.690627,-6.578929],[106.690353,-6.579327],[106.689898,-6.580479],[106.689396,-6.581318],[106.689261,-6.581707],[106.689335,-6.582057],[106.689844,-6.582568],[106.690107,-6.583099],[106.690367,-6.585085],[106.690764,-6.586098],[106.69093,-6.586837],[106.691854,-6.586713],[106.692051,-6.586814],[106.692241,-6.586632],[106.69239,-6.5866],[106.694088,-6.586707],[106.694106,-6.586403],[106.693707,-6.585659],[106.693685,-6.585441],[106.693746,-6.585252],[106.693639,-6.585002],[106.693685,-6.58472],[106.693953,-6.584334],[106.69426,-6.584199],[106.694617,-6.584252],[106.694806,-6.58406],[106.695067,-6.58396],[106.695242,-6.583703],[106.695679,-6.583795],[106.695721,-6.583912],[106.695576,-6.584237],[106.695547,-6.584578],[106.695292,-6.585258],[106.695349,-6.585327],[106.695411,-6.585101],[106.695494,-6.585046],[106.695635,-6.585061],[106.695858,-6.585215],[106.696158,-6.585251],[106.696239,-6.584985],[106.696401,-6.584782],[106.69682,-6.583314],[106.697241,-6.583498],[106.698159,-6.583709],[106.697931,-6.584437],[106.697869,-6.584863],[106.697874,-6.585784],[106.697924,-6.585944],[106.698211,-6.586305],[106.69843,-6.58635],[106.69859,-6.586301],[106.698787,-6.585798],[106.698809,-6.585446],[106.699073,-6.584742],[106.699494,-6.584216],[106.700001,-6.583163],[106.70049,-6.582504],[106.700665,-6.582045],[106.700968,-6.58171],[106.701621,-6.581352],[106.702029,-6.580788],[106.70211,-6.58079],[106.702238,-6.580916],[106.702397,-6.580937],[106.70258,-6.580777],[106.702846,-6.580077],[106.702865,-6.578932],[106.702981,-6.577964],[106.703159,-6.577909],[106.703578,-6.577536],[106.703783,-6.5775],[106.703899,-6.577586],[106.704011,-6.578056],[106.704991,-6.578289]]]]},"properties":{"nama":"Tegalwaru","kecamatan":"Ciampea","kota":"Kabupaten Bogor","tipe_kawasan":"Permukiman","kualitas_udara":"kurang_sehat","atribut":{"sumber_batas":"OSM","kualitas_udara":"contoh","stasiun":0,"rth":0,"poi":0}}},{"type":"Feature","geometry":{"type":"MultiPolygon","coordinates":[[[[106.719134,-6.477093],[106.718844,-6.477286],[106.718439,-6.47738],[106.71771,-6.477434],[106.715401,-6.476174],[106.713325,-6.475155],[106.71279,-6.474981],[106.712373,-6.474766],[106.712115,-6.474531],[106.711702,-6.47442],[106.711159,-6.474097],[106.710989,-6.473889],[106.709845,-6.473717],[106.70935,-6.473818],[106.709103,-6.473779],[106.708638,-6.473528],[106.707679,-6.473156],[106.707322,-6.473092],[106.706734,-6.47313],[106.706507,-6.473056],[106.706162,-6.472753],[106.705635,-6.472479],[106.704993,-6.472021],[106.704579,-6.471957],[106.704287,-6.471644],[106.703442,-6.471384],[106.70279,-6.471075],[106.701907,-6.470923],[106.70171,-6.470801],[106.70115,-6.470237],[106.700863,-6.470167],[106.700706,-6.470262],[106.700429,-6.470121],[106.700352,-6.469465],[106.700116,-6.469277],[106.699656,-6.46924],[106.699687,-6.468491],[106.698668,-6.468208],[106.698497,-6.468258],[106.698093,-6.468119],[106.697521,-6.468064],[106.697425,-6.468011],[106.697332,-6.467834],[106.697213,-6.4678],[106.696641,-6.468444],[106.696264,-6.469013],[106.695948,-6.469126],[106.695562,-6.469128],[106.695134,-6.468941],[106.694847,-6.469028],[106.694694,-6.469276],[106.694556,-6.471217],[106.694125,-6.47482],[106.69413,-6.4753],[106.694513,-6.476916],[106.694638,-6.477214],[106.694487,-6.477927],[106.694525,-6.478021],[106.695671,-6.478272],[106.695947,-6.478504],[106.695924,-6.478565],[106.695685,-6.47863],[106.695941,-6.479073],[106.69584,-6.479411],[106.695368,-6.47929],[106.695098,-6.47934],[106.695049,-6.480148],[106.695209,-6.48055],[106.695422,-6.480748],[106.695789,-6.48045],[106.695906,-6.480484],[106.69608,-6.480998],[106.696041,-6.481077],[106.695504,-6.481141],[106.694927,-6.481573],[106.694242,-6.482921],[106.694259,-6.483235],[106.694524,-6.483601],[106.695447,-6.484052],[106.695451,-6.484481],[106.695742,-6.484844],[106.696288,-6.484841],[106.696431,-6.485136],[106.696674,-6.485364],[106.697283,-6.485304],[106.697863,-6.485525],[106.697892,-6.485578],[106.697748,-6.485892],[106.697778,-6.486019],[106.697977,-6.486143],[106.698038,-6.486465],[106.697728,-6.486715],[106.698222,-6.486992],[106.698264,-6.487123],[106.698221,-6.487471],[106.698481,-6.487613],[106.698147,-6.488022],[106.698084,-6.488245],[106.698147,-6.488698],[106.697862,-6.489432],[106.69771,-6.490225],[106.697936,-6.490469],[106.698566,-6.490811],[106.69853,-6.490977],[106.698315,-6.491149],[106.698251,-6.491283],[106.698289,-6.491333],[106.698632,-6.491196],[106.698737,-6.491054],[106.698809,-6.490613],[106.698953,-6.490625],[106.699311,-6.490983],[106.699307,-6.491208],[106.699207,-6.491315],[106.699234,-6.491365],[106.699572,-6.491538],[106.699587,-6.491618],[106.699351,-6.49211],[106.699366,-6.492214],[106.699495,-6.492247],[106.699704,-6.491885],[106.699764,-6.49185],[106.699977,-6.491969],[106.700052,-6.491948],[106.700382,-6.491536],[106.700778,-6.491726],[106.701065,-6.49235],[106.701162,-6.492392],[106.701295,-6.491347],[106.701386,-6.491049],[106.70174,-6.490872],[106.702022,-6.490901],[106.702314,-6.491129],[106.702546,-6.491007],[106.702932,-6.491351],[106.703267,-6.491463],[106.703342,-6.491583],[106.70312,-6.491788],[106.70333,-6.491915],[106.703381,-6.492021],[106.703211,-6.492361],[106.703389,-6.492589],[106.703347,-6.492885],[106.703484,-6.492928],[106.70377,-6.492809],[106.704082,-6.492853],[106.70413,-6.492919],[106.7041,-6.493213],[106.704151,-6.493276],[106.704296,-6.493231],[106.70447,-6.493058],[106.704529,-6.493081],[106.704547,-6.493479],[106.704716,-6.493738],[106.704848,-6.49379],[106.705194,-6.493595],[106.706537,-6.493487],[106.706732,-6.493527],[106.706895,-6.493605],[106.70703,-6.493816],[106.706982,-6.494081],[106.706747,-6.49414],[106.706675,-6.494229],[106.706726,-6.494355],[106.707629,-6.494613],[106.707912,-6.494578],[106.708757,-6.494966],[106.709492,-6.495409],[106.710351,-6.495596],[106.710846,-6.495904],[106.711979,-6.495956],[106.712581,-6.495837],[106.713528,-6.495991],[106.714085,-6.495897],[106.71449,-6.495942],[106.71493,-6.496124],[106.71513,-6.496003],[106.715332,-6.495971],[106.715635,-6.49601],[106.717855,-6.495827],[106.719471,-6.495798],[106.719402,-6.494198],[106.71954,-6.494323],[106.719803,-6.494084],[106.719929,-6.494051],[106.720493,-6.494088],[106.720761,-6.493898],[106.721246,-6.493801],[106.721363,-6.493722],[106.721645,-6.493843],[106.722951,-6.493446],[106.723183,-6.493447],[106.723332,-6.493703],[106.723936,-6.493446],[106.724432,-6.493476],[106.724603,-6.493582],[106.724818,-6.493312],[106.725292,-6.493266],[106.725872,-6.493307],[106.725822,-6.493114],[106.725943,-6.492985],[106.726588,-6.49284],[106.72666,-6.492622],[106.726645,-6.492434],[106.727158,-6.492417],[106.727467,-6.49227],[106.727843,-6.491825],[106.728103,-6.491651],[106.728245,-6.491232],[106.728217,-6.49097],[106.727869,-6.490713],[106.727743,-6.490535],[106.727772,-6.490123],[106.727865,-6.489995],[106.728312,-6.489826],[106.72899,-6.489371],[106.729047,-6.489269],[106.728909,-6.488436],[106.728464,-6.488105],[106.727677,-6.487927],[106.727001,-6.487499],[106.726508,-6.487382],[106.725671,-6.487334],[106.72549,-6.487286],[106.725246,-6.487105],[106.725029,-6.486852],[106.724726,-6.486207],[106.724339,-6.485795],[106.724364,-6.485413],[106.724508,-6.484961],[106.724732,-6.483547],[106.724601,-6.482692],[106.724696,-6.482011],[106.724252,-6.481747],[106.723624,-6.481983],[106.723517,-6.481952],[106.723374,-6.481668],[106.722473,-6.481339],[106.722386,-6.481166],[106.721779,-6.480618],[106.721221,-6.479762],[106.721192,-6.479454],[106.719134,-6.477093]]]]},"properties":{"nama":"Tegal","kecamatan":"Kemang","kota":"Kabupaten Bogor","tipe_kawasan":"Permukiman","kualitas_udara":"kurang_sehat","atribut":{"sumber_batas":"OSM","kualitas_udara":"contoh","stasiun":0,"rth":0,"poi":0}}},{"type":"Feature","geometry":{"type":"MultiPolygon","coordinates":[[[[106.901295,-6.502801],[106.900959,-6.502669],[106.900307,-6.502573],[106.899995,-6.502275],[106.899911,-6.501929],[106.899953,-6.50084],[106.899718,-6.500074],[106.899305,-6.499312],[106.898948,-6.498845],[106.898392,-6.497907],[106.898152,-6.497297],[106.897403,-6.496253],[106.897008,-6.494616],[106.896433,-6.493315],[106.896064,-6.491904],[106.895801,-6.491324],[106.895759,-6.490829],[106.895632,-6.490713],[106.895251,-6.490644],[106.895137,-6.490511],[106.894615,-6.488883],[106.894701,-6.488293],[106.894623,-6.488175],[106.894324,-6.487992],[106.894261,-6.487756],[106.894255,-6.487096],[106.894499,-6.485793],[106.894435,-6.48522],[106.894168,-6.485694],[106.89399,-6.486242],[106.893573,-6.487138],[106.892849,-6.489084],[106.892679,-6.489368],[106.892224,-6.489877],[106.891116,-6.49046],[106.890043,-6.491138],[106.889736,-6.491239],[106.888674,-6.491253],[106.888143,-6.491081],[106.887611,-6.490794],[106.886795,-6.490699],[106.886581,-6.490613],[106.886601,-6.491368],[106.886387,-6.492467],[106.884855,-6.495503],[106.884717,-6.49664],[106.88461,-6.497031],[106.883961,-6.497492],[106.883543,-6.497925],[106.882063,-6.498853],[106.882448,-6.499276],[106.882415,-6.499424],[106.882286,-6.499538],[106.879931,-6.501132],[106.878894,-6.501958],[106.879227,-6.50209],[106.879563,-6.502411],[106.879727,-6.502438],[106.88019,-6.502346],[106.88033,-6.502387],[106.880515,-6.502566],[106.880982,-6.503315],[106.881178,-6.503509],[106.881987,-6.503964],[106.883096,-6.50449],[106.883325,-6.504975],[106.883252,-6.505484],[106.885942,-6.506401],[106.886475,-6.506743],[106.886941,-6.506771],[106.88745,-6.506985],[106.888302,-6.507533],[106.889121,-6.507438],[106.88923,-6.507471],[106.889359,-6.507699],[106.889544,-6.507761],[106.889716,-6.507709],[106.88985,-6.507361],[106.890332,-6.506685],[106.890629,-6.505954],[106.891328,-6.50557],[106.891593,-6.505207],[106.89192,-6.505157],[106.89239,-6.505347],[106.892845,-6.505401],[106.893124,-6.505249],[106.893359,-6.504892],[106.893612,-6.504859],[106.893707,-6.504157],[106.893835,-6.503806],[106.893728,-6.503666],[106.89388,-6.503553],[106.894522,-6.503375],[106.894623,-6.503089],[106.894592,-6.502737],[106.894678,-6.502619],[106.895341,-6.502598],[106.895284,-6.502305],[106.89542,-6.501841],[106.895691,-6.501819],[106.896169,-6.502084],[106.896644,-6.502119],[106.896923,-6.502569],[106.897044,-6.502665],[106.897329,-6.502733],[106.897626,-6.50268],[106.897722,-6.502558],[106.897886,-6.502487],[106.897694,-6.502073],[106.898022,-6.501802],[106.898389,-6.501859],[106.898918,-6.501819],[106.899478,-6.502094],[106.899749,-6.502576],[106.900663,-6.502904],[106.900888,-6.502919],[106.901295,-6.502801]]]]},"properties":{"nama":"Tarikolot","kecamatan":"Citeureup","kota":"Kabupaten Bogor","tipe_kawasan":"Permukiman","kualitas_udara":"kurang_sehat","atribut":{"sumber_batas":"OSM","kualitas_udara":"contoh","stasiun":0,"rth":0,"poi":0}}},{"type":"Feature","geometry":{"type":"MultiPolygon","coordinates":[[[[106.707131,-6.495227],[106.706738,-6.495336],[106.706405,-6.495319],[106.70583,-6.495193],[106.705105,-6.494866],[106.704155,-6.494777],[106.703443,-6.495033],[106.702985,-6.495525],[106.702607,-6.495608],[106.702052,-6.495491],[106.701814,-6.495198],[106.701114,-6.495398],[106.700859,-6.495345],[106.699944,-6.495352],[106.69817,-6.495561],[106.69766,-6.495787],[106.696728,-6.495865],[106.696049,-6.495594],[106.695393,-6.495503],[106.694717,-6.495718],[106.694035,-6.495789],[106.693236,-6.495726],[106.692046,-6.495507],[106.691932,-6.49575],[106.691516,-6.495935],[106.691592,-6.496192],[106.691374,-6.496428],[106.690922,-6.496252],[106.690774,-6.4964],[106.6904,-6.496358],[106.690085,-6.49657],[106.69001,-6.496737],[106.6899,-6.496764],[106.689637,-6.496691],[106.689145,-6.496891],[106.689047,-6.497048],[106.689319,-6.497327],[106.689311,-6.497465],[106.688602,-6.497576],[106.688629,-6.497723],[106.688449,-6.49825],[106.688223,-6.49828],[106.688127,-6.498701],[106.687768,-6.49883],[106.687389,-6.498895],[106.687191,-6.498863],[106.686993,-6.498963],[106.686976,-6.499046],[106.687175,-6.499235],[106.687082,-6.499452],[106.687227,-6.499674],[106.687216,-6.499756],[106.687033,-6.499885],[106.687006,-6.5],[106.687252,-6.500174],[106.687271,-6.500254],[106.687145,-6.500544],[106.687356,-6.50072],[106.687437,-6.50068],[106.687513,-6.500501],[106.687678,-6.500604],[106.687882,-6.50061],[106.688078,-6.500811],[106.688386,-6.500647],[106.688618,-6.500686],[106.688659,-6.500814],[106.688429,-6.501084],[106.688408,-6.501245],[106.688526,-6.501458],[106.688675,-6.501445],[106.688754,-6.501181],[106.688869,-6.501132],[106.68898,-6.501158],[106.689144,-6.501392],[106.689256,-6.501398],[106.689618,-6.501232],[106.689793,-6.501271],[106.689815,-6.501333],[106.68966,-6.501517],[106.689634,-6.501682],[106.689881,-6.50173],[106.689933,-6.502111],[106.690261,-6.502088],[106.690296,-6.502136],[106.690168,-6.502322],[106.690075,-6.502882],[106.690089,-6.503228],[106.68978,-6.503594],[106.689603,-6.503697],[106.689373,-6.503558],[106.688912,-6.503528],[106.688821,-6.50345],[106.688752,-6.503238],[106.688042,-6.502766],[106.687697,-6.502871],[106.687409,-6.503294],[106.687413,-6.503456],[106.687735,-6.503735],[106.68818,-6.50385],[106.688177,-6.504067],[106.688338,-6.504157],[106.688436,-6.504548],[106.68843,-6.504723],[106.68822,-6.505106],[106.68834,-6.505191],[106.688831,-6.505115],[106.689045,-6.505358],[106.689408,-6.505514],[106.689698,-6.505552],[106.690011,-6.505485],[106.690325,-6.505139],[106.691491,-6.50506],[106.69161,-6.505142],[106.691706,-6.505353],[106.691914,-6.505365],[106.691995,-6.505431],[106.691999,-6.505674],[106.691867,-6.506496],[106.691933,-6.506642],[106.692217,-6.506917],[106.692741,-6.506921],[106.692638,-6.507198],[106.692983,-6.507343],[106.69285,-6.507595],[106.69314,-6.507713],[106.693204,-6.507641],[106.69361,-6.508418],[106.694027,-6.508763],[106.694384,-6.50931],[106.694964,-6.509953],[106.695178,-6.510637],[106.695413,-6.510914],[106.69585,-6.511262],[106.696555,-6.511497],[106.696697,-6.511479],[106.697216,-6.511816],[106.698146,-6.511637],[106.698448,-6.511676],[106.6987,-6.51161],[106.698845,-6.511668],[106.698894,-6.5119],[106.698674,-6.512102],[106.698554,-6.512428],[106.698619,-6.512499],[106.698718,-6.512487],[106.698778,-6.512227],[106.699078,-6.512307],[106.699207,-6.51243],[106.699001,-6.512579],[106.698827,-6.513051],[106.698871,-6.51333],[106.698673,-6.51339],[106.698589,-6.513565],[106.698876,-6.513638],[106.698961,-6.513734],[106.698978,-6.513808],[106.698803,-6.513853],[106.698737,-6.514202],[106.699516,-6.51557],[106.699542,-6.515955],[106.699428,-6.516421],[106.700624,-6.516794],[106.701374,-6.516938],[106.701907,-6.516925],[106.702387,-6.516831],[106.702885,-6.516932],[106.70322,-6.516831],[106.703505,-6.517033],[106.7037,-6.517058],[106.703743,-6.516932],[106.70328,-6.516404],[106.703175,-6.51615],[106.703037,-6.515551],[106.703118,-6.515226],[106.704212,-6.514122],[106.704524,-6.513879],[106.704712,-6.513557],[106.704856,-6.513438],[106.705158,-6.513437],[106.705486,-6.512562],[106.705988,-6.511944],[106.706897,-6.511758],[106.709004,-6.511601],[106.710295,-6.511897],[106.713309,-6.513519],[106.714887,-6.514903],[106.714544,-6.513416],[106.714576,-6.513214],[106.714426,-6.5129],[106.714138,-6.512683],[106.714407,-6.512436],[106.714436,-6.51201],[106.714743,-6.511813],[106.714828,-6.511636],[106.714986,-6.51154],[106.715136,-6.511254],[106.715165,-6.510985],[106.715141,-6.510882],[106.714689,-6.510535],[106.714431,-6.509938],[106.714063,-6.509575],[106.713697,-6.508959],[106.713549,-6.508555],[106.713625,-6.506768],[106.713317,-6.504195],[106.713292,-6.503436],[106.713397,-6.502173],[106.71354,-6.501578],[106.713528,-6.50143],[106.713362,-6.501198],[106.713522,-6.49977],[106.713421,-6.499722],[106.713153,-6.499942],[106.712856,-6.49999],[106.712552,-6.499835],[106.712273,-6.499591],[106.712154,-6.499574],[106.712118,-6.500133],[106.711987,-6.500311],[106.711928,-6.500349],[106.711727,-6.500271],[106.711248,-6.500479],[106.711005,-6.500437],[106.710979,-6.500292],[106.711279,-6.500065],[106.71135,-6.499793],[106.711359,-6.499456],[106.711161,-6.498651],[106.71049,-6.498395],[106.709757,-6.498008],[106.70961,-6.497963],[106.709283,-6.498044],[106.709243,-6.497894],[106.709459,-6.497489],[106.709358,-6.497073],[106.709229,-6.496957],[106.708608,-6.496683],[106.708485,-6.496489],[106.707907,-6.496729],[106.707587,-6.496737],[106.707293,-6.49664],[106.707247,-6.49658],[106.707273,-6.496352],[106.70744,-6.496002],[106.707395,-6.495942],[106.707233,-6.495966],[106.707123,-6.49588],[106.707574,-6.495232],[106.707555,-6.495175],[106.707131,-6.495227]]]]},"properties":{"nama":"Candali","kecamatan":"Ranca Bungur","kota":"Kabupaten Bogor","tipe_kawasan":"Permukiman","kualitas_udara":"kurang_sehat","atribut":{"sumber_batas":"OSM","kualitas_udara":"contoh","stasiun":0,"rth":0,"poi":0}}},{"type":"Feature","geometry":{"type":"MultiPolygon","coordinates":[[[[106.709709,-6.441655],[106.709904,-6.440921],[106.710567,-6.440082],[106.710743,-6.439502],[106.710769,-6.439151],[106.709057,-6.439139],[106.708798,-6.438506],[106.708469,-6.438161],[106.708426,-6.437637],[106.708248,-6.437381],[106.707945,-6.436535],[106.707892,-6.435923],[106.707487,-6.435829],[106.707251,-6.435698],[106.706879,-6.435957],[106.706599,-6.435397],[106.698046,-6.440096],[106.697586,-6.440363],[106.697654,-6.441545],[106.697922,-6.442087],[106.698339,-6.442288],[106.699275,-6.442474],[106.699989,-6.442701],[106.700334,-6.442916],[106.700834,-6.442948],[106.701411,-6.442756],[106.701636,-6.442848],[106.700702,-6.44475],[106.702375,-6.445117],[106.701954,-6.445798],[106.701597,-6.446154],[106.701541,-6.446288],[106.701202,-6.448153],[106.701374,-6.448897],[106.702008,-6.450128],[106.702005,-6.450619],[106.702163,-6.451059],[106.702975,-6.451855],[106.703483,-6.452241],[106.703734,-6.452346],[106.703491,-6.453648],[106.704205,-6.454177],[106.70539,-6.456213],[106.705451,-6.456471],[106.709376,-6.454059],[106.709405,-6.453066],[106.709868,-6.452339],[106.709892,-6.452027],[106.709704,-6.451625],[106.709636,-6.451034],[106.709366,-6.450789],[106.70895,-6.449837],[106.70916,-6.449541],[106.709147,-6.449186],[106.708827,-6.448417],[106.708558,-6.448103],[106.708354,-6.44766],[106.708314,-6.446491],[106.708206,-6.445933],[106.708185,-6.444896],[106.708002,-6.444438],[106.709013,-6.444443],[106.708938,-6.443605],[106.709051,-6.442894],[106.709422,-6.442052],[106.709709,-6.441655]]]]},"properties":{"nama":"Bojongsempu","kecamatan":"Parung","kota":"Kabupaten Bogor","tipe_kawasan":"Permukiman","kualitas_udara":"sehat","atribut":{"sumber_batas":"OSM","kualitas_udara":"contoh","stasiun":0,"rth":0,"poi":0}}},{"type":"Feature","geometry":{"type":"MultiPolygon","coordinates":[[[[106.701562,-6.555418],[106.701211,-6.556195],[106.699913,-6.558036],[106.699945,-6.558159],[106.70043,-6.558639],[106.70046,-6.558832],[106.700318,-6.559125],[106.698885,-6.559857],[106.69807,-6.560529],[106.697888,-6.56054],[106.697637,-6.560315],[106.697551,-6.560315],[106.697472,-6.560459],[106.697363,-6.561029],[106.696912,-6.56159],[106.696902,-6.561728],[106.697082,-6.561886],[106.697337,-6.561954],[106.698031,-6.561865],[106.698109,-6.561906],[106.698212,-6.56206],[106.698213,-6.562188],[106.698047,-6.562446],[106.69792,-6.562584],[106.697024,-6.562943],[106.696677,-6.563251],[106.696323,-6.564319],[106.696147,-6.564669],[106.695781,-6.564978],[106.695575,-6.565054],[106.695034,-6.565038],[106.694432,-6.564777],[106.693966,-6.564662],[106.693758,-6.564788],[106.693678,-6.56516],[106.693751,-6.566051],[106.693379,-6.566952],[106.693327,-6.56749],[106.693394,-6.567691],[106.694123,-6.568551],[106.694179,-6.568935],[106.693718,-6.569741],[106.693233,-6.57042],[106.693117,-6.571251],[106.692791,-6.57176],[106.692578,-6.572246],[106.692391,-6.572405],[106.691524,-6.571803],[106.690921,-6.571508],[106.690637,-6.571497],[106.689773,-6.571707],[106.689478,-6.571655],[106.688942,-6.57144],[106.688954,-6.571269],[106.68941,-6.570241],[106.689613,-6.570025],[106.69036,-6.568584],[106.690508,-6.568435],[106.690865,-6.568285],[106.691329,-6.566833],[106.691426,-6.566339],[106.69143,-6.565941],[106.69172,-6.565458],[106.691764,-6.56507],[106.692008,-6.56455],[106.691835,-6.563227],[106.691827,-6.56218],[106.692184,-6.561471],[106.69222,-6.561269],[106.692171,-6.561008],[106.691848,-6.560832],[106.691817,-6.56076],[106.691871,-6.560132],[106.691949,-6.559947],[106.691858,-6.559408],[106.69111,-6.55923],[106.6907,-6.558096],[106.690603,-6.557299],[106.690452,-6.557224],[106.690384,-6.557085],[106.691583,-6.556407],[106.691733,-6.556376],[106.692368,-6.55656],[106.692556,-6.556528],[106.693478,-6.555969],[106.69447,-6.555637],[106.695158,-6.554229],[106.69514,-6.553722],[106.69506,-6.553481],[106.694286,-6.552836],[106.693553,-6.552587],[106.693198,-6.552297],[106.69384,-6.551036],[106.695372,-6.549228],[106.695728,-6.549259],[106.695939,-6.549436],[106.695988,-6.54963],[106.695958,-6.55],[106.695459,-6.550506],[106.695198,-6.551192],[106.695316,-6.551528],[106.695683,-6.55193],[106.697149,-6.552423],[106.697022,-6.552856],[106.697049,-6.552961],[106.697709,-6.553195],[106.697788,-6.553193],[106.697864,-6.553045],[106.697965,-6.553001],[106.698312,-6.553056],[106.698479,-6.552868],[106.698992,-6.552951],[106.69997,-6.553237],[106.700765,-6.553563],[106.70108,-6.554022],[106.701671,-6.554636],[106.701667,-6.555067],[106.701562,-6.555418]]]]},"properties":{"nama":"Bojongrangkas","kecamatan":"Ciampea","kota":"Kabupaten Bogor","tipe_kawasan":"Permukiman","kualitas_udara":"kurang_sehat","atribut":{"sumber_batas":"OSM","kualitas_udara":"contoh","stasiun":0,"rth":0,"poi":0}}},{"type":"Feature","geometry":{"type":"MultiPolygon","coordinates":[[[[106.929966,-6.419427],[106.930617,-6.419867],[106.931167,-6.420089],[106.931732,-6.420524],[106.933129,-6.421081],[106.936721,-6.423074],[106.936835,-6.423386],[106.936733,-6.423928],[106.936587,-6.424248],[106.93626,-6.42437],[106.935272,-6.42448],[106.934912,-6.424712],[106.934841,-6.424893],[106.934999,-6.424962],[106.935799,-6.424828],[106.936245,-6.424973],[106.936379,-6.425113],[106.936514,-6.425739],[106.93683,-6.426096],[106.9382,-6.42682],[106.939056,-6.427803],[106.939409,-6.429258],[106.939624,-6.429862],[106.939993,-6.430342],[106.939628,-6.431463],[106.939249,-6.432018],[106.938342,-6.433066],[106.938159,-6.433522],[106.938185,-6.433793],[106.938334,-6.43405],[106.938754,-6.434467],[106.938877,-6.434675],[106.938878,-6.434909],[106.938768,-6.435106],[106.937799,-6.435885],[106.937174,-6.436526],[106.937077,-6.436859],[106.937103,-6.437178],[106.937352,-6.43794],[106.937159,-6.4389],[106.936768,-6.439565],[106.936021,-6.440577],[106.935924,-6.440934],[106.935914,-6.441499],[106.93605,-6.441856],[106.936839,-6.442234],[106.936938,-6.442443],[106.936927,-6.442713],[106.936768,-6.442923],[106.936424,-6.443022],[106.935243,-6.442941],[106.934825,-6.443028],[106.934014,-6.443401],[106.933463,-6.444005],[106.933229,-6.444055],[106.931838,-6.443839],[106.931433,-6.444025],[106.931274,-6.444284],[106.931202,-6.444666],[106.931301,-6.444887],[106.932016,-6.445253],[106.932226,-6.445559],[106.932068,-6.445904],[106.931319,-6.446338],[106.930299,-6.446165],[106.929728,-6.445986],[106.929469,-6.445841],[106.929374,-6.445702],[106.929295,-6.445091],[106.929129,-6.44487],[106.928584,-6.444667],[106.927555,-6.444973],[106.927322,-6.44464],[106.92721,-6.444588],[106.926715,-6.444607],[106.926597,-6.444541],[106.926321,-6.444188],[106.925582,-6.444718],[106.9251,-6.444331],[106.924307,-6.443915],[106.923642,-6.443409],[106.923124,-6.443749],[106.92273,-6.443775],[106.922177,-6.443945],[106.921608,-6.444499],[106.921299,-6.444154],[106.92108,-6.444276],[106.92013,-6.443794],[106.919636,-6.443793],[106.918209,-6.440446],[106.91762,-6.439966],[106.916685,-6.439504],[106.916343,-6.439019],[106.916387,-6.437804],[106.916579,-6.437098],[106.916916,-6.436319],[106.917986,-6.434914],[106.918795,-6.433986],[106.919887,-6.433161],[106.92028,-6.432121],[106.920343,-6.43129],[106.920292,-6.430214],[106.920114,-6.429533],[106.919991,-6.429289],[106.919902,-6.429192],[106.918125,-6.428613],[106.917701,-6.428006],[106.917653,-6.427778],[106.917512,-6.42757],[106.918438,-6.427866],[106.91864,-6.427865],[106.918841,-6.427676],[106.918701,-6.427094],[106.918751,-6.426511],[106.918961,-6.426145],[106.918976,-6.426012],[106.918873,-6.425757],[106.918904,-6.424999],[106.918966,-6.424893],[106.9191,-6.424863],[106.919603,-6.4249],[106.920341,-6.423944],[106.920574,-6.423501],[106.920935,-6.423304],[106.921273,-6.422545],[106.921319,-6.42197],[106.921431,-6.421532],[106.921596,-6.421155],[106.921847,-6.420793],[106.922106,-6.420566],[106.92275,-6.420324],[106.922854,-6.420176],[106.92289,-6.419655],[106.922956,-6.419544],[106.92371,-6.419197],[106.924188,-6.418676],[106.925024,-6.418123],[106.925793,-6.417764],[106.926146,-6.417792],[106.926701,-6.418206],[106.927404,-6.418156],[106.927978,-6.418261],[106.928382,-6.418416],[106.928955,-6.418728],[106.929966,-6.419427]]]]},"properties":{"nama":"Cicadas","kecamatan":"Gunung Putri","kota":"Kabupaten Bogor","tipe_kawasan":"Permukiman","kualitas_udara":"kurang_sehat","atribut":{"sumber_batas":"OSM","kualitas_udara":"contoh","stasiun":0,"rth":0,"poi":0}}},{"type":"Feature","geometry":{"type":"MultiPolygon","coordinates":[[[[106.697552,-6.409091],[106.69789,-6.408731],[106.698152,-6.408855],[106.698413,-6.408838],[106.698518,-6.407967],[106.698637,-6.407696],[106.698728,-6.407648],[106.698839,-6.407727],[106.699004,-6.407689],[106.699182,-6.407565],[106.699256,-6.407041],[106.699215,-6.406718],[106.699037,-6.406616],[106.698896,-6.406394],[106.698965,-6.406109],[106.698873,-6.405921],[106.698899,-6.405842],[106.698766,-6.405359],[106.698808,-6.405112],[106.699705,-6.404112],[106.700403,-6.404267],[106.700659,-6.404162],[106.701188,-6.404237],[106.701288,-6.404133],[106.701285,-6.403954],[106.700969,-6.403791],[106.700566,-6.40316],[106.700514,-6.40279],[106.700736,-6.401822],[106.700686,-6.401615],[106.700432,-6.401437],[106.700755,-6.401232],[106.70072,-6.400926],[106.700872,-6.400489],[106.701105,-6.400265],[106.701465,-6.400109],[106.701464,-6.399439],[106.701538,-6.398938],[106.701478,-6.398426],[106.701947,-6.397818],[106.701998,-6.397594],[106.701896,-6.397402],[106.701715,-6.397295],[106.70149,-6.396999],[106.70161,-6.396542],[106.701272,-6.396459],[106.701127,-6.396326],[106.701337,-6.395506],[106.70134,-6.39518],[106.70127,-6.395016],[106.700882,-6.394802],[106.700508,-6.394357],[106.700239,-6.394309],[106.699771,-6.394498],[106.69957,-6.394757],[106.699457,-6.394756],[106.699419,-6.394616],[106.699502,-6.394289],[106.699249,-6.394222],[106.699196,-6.393839],[106.6989,-6.393371],[106.698792,-6.393311],[106.698435,-6.393311],[106.6983,-6.393233],[106.697914,-6.392595],[106.697635,-6.392264],[106.697697,-6.391834],[106.697922,-6.391793],[106.697949,-6.391718],[106.697803,-6.391436],[106.697759,-6.390952],[106.697472,-6.390828],[106.697364,-6.391236],[106.697113,-6.391346],[106.69675,-6.391259],[106.696508,-6.391046],[106.696194,-6.391019],[106.695888,-6.387718],[106.694882,-6.386466],[106.694312,-6.385613],[106.694106,-6.384768],[106.693963,-6.3847],[106.693442,-6.384668],[106.693353,-6.384631],[106.693305,-6.384449],[106.693435,-6.384291],[106.694023,-6.384038],[106.694273,-6.383795],[106.694939,-6.384013],[106.695141,-6.384228],[106.695631,-6.384311],[106.6958,-6.384166],[106.695904,-6.383369],[106.696197,-6.383292],[106.696687,-6.383391],[106.697172,-6.383629],[106.69802,-6.383644],[106.698222,-6.3837],[106.698481,-6.3839],[106.698805,-6.384343],[106.698954,-6.384462],[106.699275,-6.384548],[106.700009,-6.384709],[106.700215,-6.384828],[106.700372,-6.385107],[106.700768,-6.385176],[106.700813,-6.38495],[106.700643,-6.384819],[106.700632,-6.384394],[106.700285,-6.384065],[106.700116,-6.383749],[106.700128,-6.383411],[106.700268,-6.38332],[106.700361,-6.382947],[106.70028,-6.382673],[106.700328,-6.3818],[106.700268,-6.381234],[106.700027,-6.38089],[106.699562,-6.38099],[106.698481,-6.380967],[106.697487,-6.380626],[106.696448,-6.380142],[106.696178,-6.380096],[106.693616,-6.3803],[106.690523,-6.380272],[106.68953,-6.380088],[106.689381,-6.380124],[106.689191,-6.380206],[106.688029,-6.381225],[106.687492,-6.382748],[106.687878,-6.38313],[106.688326,-6.383738],[106.688133,-6.384091],[106.688382,-6.385106],[106.688625,-6.386449],[106.688633,-6.38682],[106.69006,-6.386481],[106.690499,-6.387448],[106.690588,-6.388819],[106.690507,-6.390255],[106.69031,-6.390763],[106.690085,-6.391025],[106.689495,-6.391139],[106.687253,-6.391132],[106.686048,-6.391234],[106.684375,-6.391597],[106.683045,-6.390445],[106.682771,-6.390781],[106.682542,-6.390847],[106.682051,-6.390378],[106.68087,-6.389603],[106.680946,-6.389499],[106.67886,-6.388467],[106.677882,-6.387876],[106.675869,-6.390894],[106.676117,-6.391181],[106.676328,-6.391583],[106.676327,-6.392264],[106.676017,-6.392792],[106.676228,-6.393408],[106.676259,-6.393842],[106.676389,-6.394106],[106.676715,-6.394487],[106.676951,-6.394638],[106.67722,-6.395014],[106.677435,-6.395499],[106.677908,-6.395544],[106.678252,-6.395882],[106.678269,-6.3964],[106.678381,-6.396621],[106.678272,-6.397066],[106.678635,-6.397339],[106.678655,-6.397476],[106.678617,-6.397651],[106.6784,-6.397824],[106.67836,-6.398484],[106.67886,-6.398709],[106.67945,-6.399142],[106.680052,-6.399376],[106.680117,-6.399487],[106.680171,-6.399933],[106.680413,-6.400153],[106.681241,-6.40048],[106.681953,-6.400378],[106.682224,-6.400564],[106.682637,-6.400617],[106.682742,-6.400676],[106.682781,-6.400894],[106.683588,-6.401235],[106.683832,-6.401486],[106.684393,-6.402886],[106.685315,-6.402658],[106.685906,-6.402112],[106.686313,-6.401126],[106.686496,-6.40089],[106.686692,-6.400791],[106.686935,-6.400798],[106.687194,-6.400966],[106.688032,-6.402727],[106.688678,-6.40328],[106.690611,-6.40381],[106.690766,-6.404622],[106.691847,-6.40453],[106.692463,-6.404653],[106.695068,-6.40827],[106.695759,-6.408966],[106.695868,-6.409175],[106.696567,-6.409196],[106.697375,-6.408991],[106.697552,-6.409091]]]]},"properties":{"nama":"Cibinong","kecamatan":"Gunung Sindur","kota":"Kabupaten Bogor","tipe_kawasan":"Permukiman","kualitas_udara":"kurang_sehat","atribut":{"sumber_batas":"OSM","kualitas_udara":"contoh","stasiun":0,"rth":1,"poi":0}}},{"type":"Feature","geometry":{"type":"MultiPolygon","coordinates":[[[[106.84699,-6.47613],[106.8467,-6.47678],[106.84537,-6.47788],[106.84498,-6.47843],[106.84421,-6.48093],[106.84393,-6.48164],[106.84384,-6.48248],[106.84393,-6.48356],[106.84391,-6.48471],[106.84357,-6.48731],[106.84356,-6.48796],[106.84362,-6.48829],[106.844,-6.48904],[106.84483,-6.4903],[106.84556,-6.49115],[106.84567,-6.49157],[106.84533,-6.49386],[106.84466,-6.49702],[106.8444,-6.49862],[106.84447,-6.49864],[106.844742,-6.498397],[106.845399,-6.498536],[106.847137,-6.499103],[106.846961,-6.499393],[106.847102,-6.499607],[106.847614,-6.499946],[106.848229,-6.500125],[106.847898,-6.502223],[106.848147,-6.502229],[106.84856,-6.502355],[106.848539,-6.502451],[106.849078,-6.502603],[106.84904,-6.502688],[106.849134,-6.502761],[106.849566,-6.50286],[106.849565,-6.503033],[106.84975,-6.503305],[106.850479,-6.502854],[106.850723,-6.50281],[106.850887,-6.502858],[106.850906,-6.503088],[106.850501,-6.503433],[106.850368,-6.503622],[106.850354,-6.504079],[106.850425,-6.504295],[106.850538,-6.504411],[106.851119,-6.504492],[106.851791,-6.504831],[106.85211,-6.504742],[106.852077,-6.504385],[106.851695,-6.503755],[106.851623,-6.503458],[106.851661,-6.503081],[106.851787,-6.502875],[106.852081,-6.502778],[106.852346,-6.502841],[106.852671,-6.503323],[106.852874,-6.50344],[106.853399,-6.503325],[106.853812,-6.503009],[106.85415,-6.50302],[106.854193,-6.50327],[106.85383,-6.503877],[106.85371,-6.504247],[106.853745,-6.504675],[106.853939,-6.504711],[106.854553,-6.504624],[106.855395,-6.504829],[106.855807,-6.504777],[106.855978,-6.504681],[106.856435,-6.504156],[106.856606,-6.503827],[106.856626,-6.503508],[106.856533,-6.503125],[106.856101,-6.502263],[106.855678,-6.501595],[106.855642,-6.501235],[106.855791,-6.500895],[106.85608,-6.50077],[106.856259,-6.500781],[106.856832,-6.501162],[106.857318,-6.50118],[106.857839,-6.501036],[106.858632,-6.500969],[106.858863,-6.500798],[106.859225,-6.500384],[106.859792,-6.500367],[106.8601,-6.500264],[106.860189,-6.500052],[106.860103,-6.499817],[106.859402,-6.499065],[106.859353,-6.49883],[106.859563,-6.498607],[106.859988,-6.498489],[106.861006,-6.497987],[106.861231,-6.497805],[106.861298,-6.497488],[106.86116,-6.4969],[106.860818,-6.496426],[106.859841,-6.495456],[106.858796,-6.494578],[106.858137,-6.494173],[106.85791,-6.493925],[106.857886,-6.493653],[106.858357,-6.493362],[106.858766,-6.493229],[106.860502,-6.492974],[106.861055,-6.492491],[106.861156,-6.492316],[106.86114,-6.491776],[106.860598,-6.491253],[106.860202,-6.490759],[106.859819,-6.489899],[106.859979,-6.489666],[106.860154,-6.489636],[106.861917,-6.488798],[106.86212,-6.488535],[106.862495,-6.487264],[106.862494,-6.486929],[106.86242,-6.486608],[106.862083,-6.486361],[106.861631,-6.486436],[106.861238,-6.486642],[106.860786,-6.486745],[106.860669,-6.486702],[106.860624,-6.486513],[106.860711,-6.486221],[106.861493,-6.484745],[106.862046,-6.484203],[106.862805,-6.484083],[106.863608,-6.484241],[106.863915,-6.484225],[106.86406,-6.484152],[106.864249,-6.483903],[106.864292,-6.483684],[106.864291,-6.483465],[106.864086,-6.48316],[106.863794,-6.483073],[106.86264,-6.482976],[106.862275,-6.48286],[106.862143,-6.482759],[106.862113,-6.48254],[106.8622,-6.482321],[106.862549,-6.482057],[106.862797,-6.482056],[106.863718,-6.48233],[106.864404,-6.482356],[106.865046,-6.482237],[106.8656,-6.481944],[106.865687,-6.481987],[106.865908,-6.482555],[106.866143,-6.482919],[106.866919,-6.483441],[106.86705,-6.483411],[106.867613,-6.481703],[106.868005,-6.481264],[106.868078,-6.481132],[106.868063,-6.480957],[106.867745,-6.480613],[106.86753,-6.48075],[106.86734,-6.48078],[106.86693,-6.48066],[106.86613,-6.47997],[106.86573,-6.47981],[106.86548,-6.47986],[106.86463,-6.48027],[106.8642,-6.4803],[106.86353,-6.48001],[106.86345,-6.47988],[106.86341,-6.47937],[106.86299,-6.47952],[106.86203,-6.48017],[106.86189,-6.48003],[106.86054,-6.47921],[106.85791,-6.47876],[106.85713,-6.47885],[106.856129,-6.478609],[106.856004,-6.478942],[106.85592,-6.47899],[106.85527,-6.47893],[106.85463,-6.47874],[106.85378,-6.4787],[106.85369,-6.47877],[106.85355,-6.47919],[106.85346,-6.47967],[106.85276,-6.48008],[106.85216,-6.48008],[106.85175,-6.47977],[106.85064,-6.4783],[106.85009,-6.47795],[106.84926,-6.47725],[106.849543,-6.476825],[106.848055,-6.475717],[106.84747,-6.47649],[106.84699,-6.47613]]]]},"properties":{"nama":"Cibinong","kecamatan":"Cibinong","kota":"Kabupaten Bogor","tipe_kawasan":"Permukiman","kualitas_udara":"kurang_sehat","atribut":{"sumber_batas":"OSM","kualitas_udara":"contoh","stasiun":0,"rth":1,"poi":4}}},{"type":"Feature","geometry":{"type":"MultiPolygon","coordinates":[[[[106.69446,-6.476533],[106.694513,-6.476916],[106.694638,-6.477214],[106.694487,-6.477927],[106.694525,-6.478021],[106.695671,-6.478272],[106.695947,-6.478504],[106.695924,-6.478565],[106.695685,-6.47863],[106.695941,-6.479073],[106.69584,-6.479411],[106.695368,-6.47929],[106.695098,-6.47934],[106.695049,-6.480148],[106.695209,-6.48055],[106.695422,-6.480748],[106.695789,-6.48045],[106.695906,-6.480484],[106.69608,-6.480998],[106.696041,-6.481077],[106.695504,-6.481141],[106.694927,-6.481573],[106.694242,-6.482921],[106.694259,-6.483235],[106.694524,-6.483601],[106.695447,-6.484052],[106.695451,-6.484481],[106.695742,-6.484844],[106.696288,-6.484841],[106.696431,-6.485136],[106.696674,-6.485364],[106.697283,-6.485304],[106.697892,-6.485578],[106.697748,-6.485892],[106.697778,-6.486019],[106.697977,-6.486143],[106.698038,-6.486465],[106.697728,-6.486715],[106.698222,-6.486992],[106.698264,-6.487123],[106.698221,-6.487471],[106.698481,-6.487613],[106.698147,-6.488022],[106.698084,-6.488245],[106.698147,-6.488698],[106.697862,-6.489432],[106.69771,-6.490225],[106.697936,-6.490469],[106.698566,-6.490811],[106.69853,-6.490977],[106.698315,-6.491149],[106.698251,-6.491283],[106.698357,-6.491343],[106.698632,-6.491196],[106.698737,-6.491054],[106.698809,-6.490613],[106.698872,-6.490592],[106.699311,-6.490983],[106.699307,-6.491208],[106.699207,-6.491315],[106.699234,-6.491365],[106.699572,-6.491538],[106.699587,-6.491618],[106.699351,-6.49211],[106.699416,-6.492254],[106.699495,-6.492247],[106.699764,-6.49185],[106.699977,-6.491969],[106.700052,-6.491948],[106.700382,-6.491536],[106.700778,-6.491726],[106.701065,-6.49235],[106.701162,-6.492392],[106.701295,-6.491347],[106.701386,-6.491049],[106.70174,-6.490872],[106.702022,-6.490901],[106.702314,-6.491129],[106.702546,-6.491007],[106.702932,-6.491351],[106.703267,-6.491463],[106.703342,-6.491583],[106.70312,-6.491788],[106.70333,-6.491915],[106.703381,-6.492021],[106.703211,-6.492361],[106.703389,-6.492589],[106.703347,-6.492885],[106.7034,-6.492929],[106.70377,-6.492809],[106.704082,-6.492853],[106.70413,-6.492919],[106.7041,-6.493213],[106.704151,-6.493276],[106.704296,-6.493231],[106.70447,-6.493058],[106.704529,-6.493081],[106.704605,-6.493625],[106.704848,-6.49379],[106.705194,-6.493595],[106.706537,-6.493487],[106.706732,-6.493527],[106.706994,-6.493708],[106.707025,-6.493993],[106.706982,-6.494081],[106.706747,-6.49414],[106.706673,-6.494304],[106.707342,-6.494495],[106.707629,-6.494613],[106.70762,-6.494692],[106.7071,-6.495192],[106.707131,-6.495227],[106.706738,-6.495336],[106.70583,-6.495193],[106.705105,-6.494866],[106.704155,-6.494777],[106.703443,-6.495033],[106.702985,-6.495525],[106.702607,-6.495608],[106.702052,-6.495491],[106.701814,-6.495198],[106.701114,-6.495398],[106.700859,-6.495345],[106.699944,-6.495352],[106.69817,-6.495561],[106.69766,-6.495787],[106.696728,-6.495865],[106.696049,-6.495594],[106.695393,-6.495503],[106.694717,-6.495718],[106.694035,-6.495789],[106.693236,-6.495726],[106.692046,-6.495507],[106.691932,-6.49575],[106.691516,-6.495935],[106.691592,-6.496192],[106.691374,-6.496428],[106.690922,-6.496252],[106.690774,-6.4964],[106.6904,-6.496358],[106.690085,-6.49657],[106.69001,-6.496737],[106.6899,-6.496764],[106.689637,-6.496691],[106.689145,-6.496891],[106.689047,-6.497048],[106.689319,-6.497327],[106.689311,-6.497465],[106.688602,-6.497576],[106.688629,-6.497723],[106.688449,-6.49825],[106.688223,-6.49828],[106.688127,-6.498701],[106.687768,-6.49883],[106.687389,-6.498895],[106.687191,-6.498863],[106.686993,-6.498963],[106.686976,-6.499046],[106.687175,-6.499235],[106.687082,-6.499452],[106.687227,-6.499674],[106.687216,-6.499756],[106.687033,-6.499885],[106.687006,-6.5],[106.687252,-6.500174],[106.687271,-6.500254],[106.687145,-6.500544],[106.687356,-6.50072],[106.687437,-6.50068],[106.687513,-6.500501],[106.687678,-6.500604],[106.687882,-6.50061],[106.688078,-6.500811],[106.688386,-6.500647],[106.688618,-6.500686],[106.688659,-6.500814],[106.688429,-6.501084],[106.688408,-6.501245],[106.688526,-6.501458],[106.688675,-6.501445],[106.688754,-6.501181],[106.688869,-6.501132],[106.68898,-6.501158],[106.689144,-6.501392],[106.689256,-6.501398],[106.689618,-6.501232],[106.689793,-6.501271],[106.689815,-6.501333],[106.68966,-6.501517],[106.689634,-6.501682],[106.689881,-6.50173],[106.689933,-6.502111],[106.690261,-6.502088],[106.690296,-6.502136],[106.690168,-6.502322],[106.690075,-6.502882],[106.690089,-6.503228],[106.68978,-6.503594],[106.689603,-6.503697],[106.689373,-6.503558],[106.688912,-6.503528],[106.688821,-6.50345],[106.688752,-6.503238],[106.688042,-6.502766],[106.687697,-6.502871],[106.687532,-6.50311],[106.685732,-6.501922],[106.685313,-6.501515],[106.685119,-6.501173],[106.685013,-6.500529],[106.684735,-6.500149],[106.684701,-6.500004],[106.684741,-6.497987],[106.685108,-6.497526],[106.684749,-6.497025],[106.684707,-6.493804],[106.685101,-6.488361],[106.684894,-6.487706],[106.685099,-6.486182],[106.684933,-6.486079],[106.684654,-6.486067],[106.68422,-6.486724],[106.683854,-6.487581],[106.683626,-6.487564],[106.683403,-6.487221],[106.683443,-6.486638],[106.683848,-6.485816],[106.684322,-6.485325],[106.684705,-6.485125],[106.685327,-6.485162],[106.685381,-6.484401],[106.685009,-6.483611],[106.68488,-6.483123],[106.684809,-6.482784],[106.68485,-6.482316],[106.685732,-6.479659],[106.686321,-6.478254],[106.686448,-6.478137],[106.686393,-6.478076],[106.68621,-6.476946],[106.686097,-6.476827],[106.685279,-6.476522],[106.684201,-6.476398],[106.684063,-6.476406],[106.68289,-6.477197],[106.682106,-6.477043],[106.681298,-6.477206],[106.680185,-6.476376],[106.679987,-6.47596],[106.67994,-6.475468],[106.680048,-6.475229],[106.680432,-6.475022],[106.68052,-6.47446],[106.681119,-6.4748],[106.681283,-6.47482],[106.682008,-6.474709],[106.682087,-6.4745],[106.683965,-6.474873],[106.684894,-6.474887],[106.684918,-6.474284],[106.685454,-6.473079],[106.685549,-6.472696],[106.685532,-6.472579],[106.685018,-6.472425],[106.68475,-6.472229],[106.685314,-6.469839],[106.685222,-6.469526],[106.685137,-6.469432],[106.684692,-6.469365],[106.684315,-6.46865],[106.684396,-6.468329],[106.684636,-6.468401],[106.684774,-6.468775],[106.684884,-6.468871],[106.685815,-6.469496],[106.686586,-6.46987],[106.687463,-6.470632],[106.687854,-6.470881],[106.687938,-6.471021],[106.687967,-6.471276],[106.688048,-6.471315],[106.688448,-6.47126],[106.688494,-6.471307],[106.688313,-6.471695],[106.688314,-6.471887],[106.688604,-6.471833],[106.688896,-6.472472],[106.688939,-6.473201],[106.68946,-6.473226],[106.689526,-6.473693],[106.689585,-6.473754],[106.689932,-6.473791],[106.690147,-6.47339],[106.690466,-6.473237],[106.69103,-6.473458],[106.691489,-6.473446],[106.691715,-6.473358],[106.691877,-6.473386],[106.691902,-6.473487],[106.691609,-6.473857],[106.691679,-6.473964],[106.692172,-6.474265],[106.691964,-6.475761],[106.69203,-6.475824],[106.692201,-6.475791],[106.692419,-6.475405],[106.692682,-6.475329],[106.692835,-6.475485],[106.692578,-6.475834],[106.692663,-6.476233],[106.693204,-6.476021],[106.693273,-6.476051],[106.693311,-6.476276],[106.69446,-6.476533]]]]},"properties":{"nama":"Cibeuteung Udik","kecamatan":"Ciseeng","kota":"Kabupaten Bogor","tipe_kawasan":"Permukiman","kualitas_udara":"sehat","atribut":{"sumber_batas":"OSM","kualitas_udara":"contoh","stasiun":0,"rth":0,"poi":0}}},{"type":"Feature","geometry":{"type":"MultiPolygon","coordinates":[[[[106.727913,-6.41226],[106.726976,-6.412436],[106.725952,-6.412474],[106.722985,-6.412154],[106.721996,-6.412218],[106.720642,-6.412504],[106.718889,-6.412635],[106.718415,-6.412566],[106.717707,-6.412612],[106.716519,-6.41231],[106.716239,-6.412133],[106.715392,-6.41207],[106.713481,-6.412123],[106.71272,-6.412085],[106.711973,-6.41223],[106.709476,-6.412151],[106.709259,-6.412058],[106.708811,-6.412167],[106.708754,-6.412156],[106.70845,-6.411653],[106.708364,-6.411587],[106.708135,-6.411666],[106.707827,-6.411204],[106.707033,-6.410514],[106.707015,-6.411115],[106.707096,-6.411624],[106.707048,-6.412263],[106.706971,-6.412629],[106.706733,-6.413126],[106.706736,-6.413391],[106.706941,-6.413643],[106.707265,-6.413795],[106.708129,-6.413884],[106.708357,-6.413965],[106.70869,-6.414331],[106.708942,-6.414803],[106.709204,-6.415474],[106.709442,-6.416677],[106.709475,-6.417296],[106.709356,-6.418605],[106.709476,-6.419248],[106.709878,-6.419441],[106.709893,-6.419772],[106.710518,-6.420288],[106.71124,-6.42121],[106.710426,-6.422547],[106.71027,-6.423286],[106.710413,-6.423438],[106.710626,-6.423425],[106.710994,-6.423244],[106.711216,-6.423309],[106.711328,-6.423489],[106.711429,-6.424441],[106.711481,-6.424542],[106.711656,-6.424641],[106.713062,-6.424706],[106.713812,-6.424417],[106.713926,-6.424537],[106.713875,-6.424772],[106.714373,-6.424839],[106.714403,-6.425677],[106.71465,-6.426695],[106.714521,-6.427103],[106.714742,-6.427386],[106.714843,-6.427404],[106.715072,-6.427253],[106.71513,-6.427647],[106.714985,-6.427854],[106.715232,-6.428374],[106.715311,-6.428439],[106.715664,-6.428224],[106.715781,-6.428228],[106.715913,-6.428326],[106.715936,-6.428547],[106.715853,-6.429223],[106.715591,-6.429966],[106.715147,-6.430586],[106.714661,-6.431553],[106.715402,-6.431687],[106.715429,-6.431808],[106.715268,-6.432669],[106.715463,-6.432753],[106.71562,-6.432954],[106.71586,-6.432962],[106.716268,-6.433315],[106.717104,-6.433584],[106.717249,-6.433768],[106.718466,-6.433781],[106.718489,-6.433015],[106.718657,-6.432871],[106.71871,-6.432645],[106.719125,-6.432604],[106.71915,-6.43272],[106.719635,-6.432557],[106.720242,-6.431949],[106.721016,-6.430845],[106.72067,-6.430022],[106.724468,-6.427066],[106.727157,-6.425087],[106.732351,-6.422285],[106.732646,-6.422104],[106.732718,-6.421952],[106.732751,-6.421781],[106.732075,-6.418835],[106.731932,-6.418359],[106.731471,-6.41736],[106.731042,-6.416679],[106.728392,-6.413253],[106.727913,-6.41226]]]]},"properties":{"nama":"Waru","kecamatan":"Parung","kota":"Kabupaten Bogor","tipe_kawasan":"Permukiman","kualitas_udara":"kurang_sehat","atribut":{"sumber_batas":"OSM","kualitas_udara":"contoh","stasiun":0,"rth":1,"poi":1}}},{"type":"Feature","geometry":{"type":"MultiPolygon","coordinates":[[[[106.699954,-6.411974],[106.700044,-6.412354],[106.700037,-6.41298],[106.699745,-6.413426],[106.699527,-6.414133],[106.699335,-6.414331],[106.699327,-6.414423],[106.699548,-6.41513],[106.699705,-6.415398],[106.699934,-6.415582],[106.700019,-6.415941],[106.700347,-6.416229],[106.700777,-6.416382],[106.701201,-6.416271],[106.701335,-6.416107],[106.701478,-6.415655],[106.701615,-6.415471],[106.701847,-6.415465],[106.702085,-6.41559],[106.702811,-6.416709],[106.703254,-6.417229],[106.703243,-6.417563],[106.703625,-6.417994],[106.703808,-6.417954],[106.704645,-6.41891],[106.704457,-6.419269],[106.704393,-6.420067],[106.704898,-6.420349],[106.705063,-6.421106],[106.704798,-6.421351],[106.704318,-6.422821],[106.704369,-6.423245],[106.704336,-6.423694],[106.704505,-6.423966],[106.704751,-6.425186],[106.706769,-6.425426],[106.707172,-6.425413],[106.707634,-6.425736],[106.708333,-6.426102],[106.70864,-6.426924],[106.708943,-6.428792],[106.708932,-6.429549],[106.709218,-6.42994],[106.70929,-6.43017],[106.70922,-6.431023],[106.708814,-6.431585],[106.70836,-6.432051],[106.708067,-6.432139],[106.707839,-6.432328],[106.707818,-6.432542],[106.70795,-6.432733],[106.707858,-6.432937],[106.707112,-6.433689],[106.70668,-6.433929],[106.706558,-6.434757],[106.706588,-6.43499],[106.706689,-6.43507],[106.706588,-6.435363],[106.706879,-6.435957],[106.707251,-6.435698],[106.707487,-6.435829],[106.707892,-6.435923],[106.707945,-6.436535],[106.708248,-6.437381],[106.708426,-6.437637],[106.708469,-6.438161],[106.708798,-6.438506],[106.709057,-6.439139],[106.710769,-6.439151],[106.710743,-6.439502],[106.710567,-6.440082],[106.709904,-6.440921],[106.709709,-6.441655],[106.71066,-6.441847],[106.710895,-6.442013],[106.711577,-6.441517],[106.712316,-6.441272],[106.712546,-6.440945],[106.713569,-6.440647],[106.714005,-6.440627],[106.714661,-6.440493],[106.715277,-6.440236],[106.715742,-6.439868],[106.716232,-6.439819],[106.716424,-6.439735],[106.716868,-6.439356],[106.716943,-6.439204],[106.717005,-6.438812],[106.717067,-6.438688],[106.717208,-6.438598],[106.717435,-6.438739],[106.71828,-6.438788],[106.718411,-6.437831],[106.718821,-6.437043],[106.718845,-6.436859],[106.718466,-6.433781],[106.717249,-6.433768],[106.717104,-6.433584],[106.716268,-6.433315],[106.71586,-6.432962],[106.71562,-6.432954],[106.715463,-6.432753],[106.715268,-6.432669],[106.715429,-6.431808],[106.715402,-6.431687],[106.714661,-6.431553],[106.715147,-6.430586],[106.715591,-6.429966],[106.715853,-6.429223],[106.715936,-6.428547],[106.715913,-6.428326],[106.715781,-6.428228],[106.715664,-6.428224],[106.715311,-6.428439],[106.715232,-6.428374],[106.714985,-6.427854],[106.71513,-6.427647],[106.715072,-6.427253],[106.714843,-6.427404],[106.714742,-6.427386],[106.714521,-6.427103],[106.71465,-6.426695],[106.714403,-6.425677],[106.714373,-6.424839],[106.713875,-6.424772],[106.713926,-6.424537],[106.713812,-6.424417],[106.713062,-6.424706],[106.711565,-6.424611],[106.711429,-6.424441],[106.711328,-6.423489],[106.711216,-6.423309],[106.710994,-6.423244],[106.710626,-6.423425],[106.710413,-6.423438],[106.71027,-6.423286],[106.710426,-6.422547],[106.71124,-6.42121],[106.710518,-6.420288],[106.709893,-6.419772],[106.709878,-6.419441],[106.709476,-6.419248],[106.709356,-6.418605],[106.709475,-6.417296],[106.709442,-6.416677],[106.709204,-6.415474],[106.70869,-6.414331],[106.708357,-6.413965],[106.708129,-6.413884],[106.707265,-6.413795],[106.706941,-6.413643],[106.706736,-6.413391],[106.706733,-6.413126],[106.706971,-6.412629],[106.707048,-6.412263],[106.707096,-6.411624],[106.707015,-6.411115],[106.706975,-6.409863],[106.706899,-6.409543],[106.706492,-6.409018],[106.705938,-6.409121],[106.705003,-6.409481],[106.704208,-6.409382],[106.704049,-6.409431],[106.703913,-6.409688],[106.703412,-6.410176],[106.703049,-6.410348],[106.702547,-6.410317],[106.702212,-6.410755],[106.701766,-6.411151],[106.701079,-6.411444],[106.700467,-6.411615],[106.699954,-6.411974]]]]},"properties":{"nama":"Warujaya","kecamatan":"Parung","kota":"Kabupaten Bogor","tipe_kawasan":"Permukiman","kualitas_udara":"sehat","atribut":{"sumber_batas":"OSM","kualitas_udara":"contoh","stasiun":0,"rth":1,"poi":0}}},{"type":"Feature","geometry":{"type":"MultiPolygon","coordinates":[[[[106.775459,-6.556937],[106.775373,-6.556953],[106.775199,-6.556188],[106.774891,-6.555445],[106.774648,-6.555347],[106.774535,-6.55514],[106.774503,-6.555036],[106.774596,-6.554858],[106.774084,-6.554558],[106.774159,-6.554274],[106.773753,-6.553753],[106.773383,-6.553935],[106.773011,-6.554389],[106.772588,-6.55547],[106.772466,-6.555621],[106.772478,-6.555797],[106.771455,-6.555972],[106.77143,-6.555726],[106.770913,-6.555734],[106.770954,-6.556014],[106.769242,-6.556088],[106.769282,-6.555961],[106.769192,-6.555692],[106.769194,-6.555462],[106.769556,-6.554213],[106.769397,-6.553897],[106.768256,-6.553934],[106.768195,-6.553608],[106.767831,-6.553502],[106.767725,-6.553382],[106.766782,-6.55321],[106.766329,-6.55321],[106.766167,-6.553032],[106.765357,-6.553109],[106.764543,-6.553091],[106.76375,-6.553266],[106.763271,-6.553222],[106.763679,-6.553453],[106.763891,-6.553733],[106.764158,-6.555005],[106.764041,-6.555675],[106.764314,-6.556053],[106.764351,-6.556213],[106.764248,-6.55692],[106.764341,-6.557631],[106.764514,-6.558198],[106.764449,-6.559128],[106.764624,-6.559687],[106.764889,-6.560028],[106.765066,-6.560833],[106.764865,-6.561508],[106.764841,-6.561793],[106.764899,-6.561902],[106.765435,-6.562194],[106.765717,-6.562519],[106.765782,-6.562846],[106.765724,-6.56292],[106.765635,-6.5638],[106.765579,-6.564229],[106.765636,-6.564524],[106.765766,-6.564902],[106.765945,-6.565011],[106.765886,-6.5655],[106.766063,-6.56552],[106.766235,-6.564975],[106.766447,-6.564858],[106.768708,-6.564981],[106.768837,-6.564296],[106.769139,-6.564199],[106.769199,-6.564124],[106.76952,-6.56428],[106.769496,-6.564473],[106.769722,-6.564584],[106.76975,-6.564501],[106.770063,-6.56457],[106.77006,-6.564302],[106.770117,-6.564211],[106.771038,-6.563632],[106.771167,-6.563105],[106.771685,-6.562909],[106.771757,-6.56334],[106.77279,-6.563502],[106.77298,-6.563786],[106.773377,-6.563782],[106.773665,-6.563977],[106.774119,-6.563961],[106.774473,-6.563819],[106.774708,-6.563918],[106.774912,-6.564135],[106.775272,-6.564007],[106.775579,-6.564147],[106.776013,-6.56395],[106.776062,-6.563939],[106.776134,-6.564057],[106.776281,-6.563989],[106.776229,-6.563832],[106.776448,-6.563709],[106.776331,-6.563398],[106.776155,-6.563072],[106.776082,-6.563013],[106.775881,-6.563023],[106.775418,-6.562131],[106.775495,-6.561952],[106.775416,-6.561667],[106.775505,-6.561312],[106.775766,-6.560957],[106.77569,-6.560567],[106.775557,-6.560341],[106.775127,-6.558194],[106.775403,-6.557882],[106.775534,-6.557088],[106.775459,-6.556937]]]]},"properties":{"nama":"Curug Mekar","kecamatan":"Bogor Barat","kota":"Kota Bogor","tipe_kawasan":"Kawasan hijau","kualitas_udara":"sehat","atribut":{"sumber_batas":"OSM","kualitas_udara":"contoh","stasiun":0,"rth":4,"poi":7}}},{"type":"Feature","geometry":{"type":"MultiPolygon","coordinates":[[[[106.764748,-6.539206],[106.764633,-6.539035],[106.764372,-6.538841],[106.764237,-6.538613],[106.76419,-6.538264],[106.764279,-6.538132],[106.764846,-6.537747],[106.765067,-6.537506],[106.765122,-6.537318],[106.765006,-6.536826],[106.765029,-6.536541],[106.765472,-6.536097],[106.765527,-6.535898],[106.765449,-6.53575],[106.764973,-6.535532],[106.764922,-6.535448],[106.764929,-6.535302],[106.765271,-6.534691],[106.765323,-6.534399],[106.765154,-6.533995],[106.764873,-6.53368],[106.764234,-6.533153],[106.764255,-6.533001],[106.764462,-6.532732],[106.764486,-6.532566],[106.764195,-6.53222],[106.763949,-6.532179],[106.763702,-6.532333],[106.763264,-6.532769],[106.763169,-6.53305],[106.763363,-6.533429],[106.763345,-6.533537],[106.763144,-6.533773],[106.762608,-6.534028],[106.762253,-6.534047],[106.761997,-6.534165],[106.761482,-6.53415],[106.761745,-6.534528],[106.762154,-6.534654],[106.763132,-6.536079],[106.763656,-6.539106],[106.764051,-6.540587],[106.764091,-6.540895],[106.764029,-6.541428],[106.76419,-6.542251],[106.764466,-6.542666],[106.765001,-6.543116],[106.765152,-6.543649],[106.765124,-6.543929],[106.764811,-6.54469],[106.764499,-6.545161],[106.764422,-6.545487],[106.764106,-6.545642],[106.764052,-6.545714],[106.764074,-6.545931],[106.763936,-6.546067],[106.762997,-6.546622],[106.762887,-6.546749],[106.762801,-6.547012],[106.762794,-6.547672],[106.762644,-6.548423],[106.762745,-6.548621],[106.762778,-6.549462],[106.762586,-6.549552],[106.762688,-6.549792],[106.762927,-6.549836],[106.762964,-6.5499],[106.763278,-6.550758],[106.762895,-6.552534],[106.762948,-6.552735],[106.763271,-6.553222],[106.76375,-6.553266],[106.764543,-6.553091],[106.765357,-6.553109],[106.766167,-6.553032],[106.766329,-6.55321],[106.766782,-6.55321],[106.767725,-6.553382],[106.767831,-6.553502],[106.768195,-6.553608],[106.768256,-6.553934],[106.769397,-6.553897],[106.769556,-6.554213],[106.769194,-6.555462],[106.769192,-6.555692],[106.769282,-6.555961],[106.769242,-6.556088],[106.770954,-6.556014],[106.770913,-6.555734],[106.77143,-6.555726],[106.771455,-6.555972],[106.772478,-6.555797],[106.772466,-6.555621],[106.772588,-6.55547],[106.773011,-6.554389],[106.773383,-6.553935],[106.773753,-6.553753],[106.773661,-6.553594],[106.773777,-6.553355],[106.773674,-6.552746],[106.773766,-6.552543],[106.773783,-6.55222],[106.773375,-6.552073],[106.773388,-6.551941],[106.77359,-6.551624],[106.77347,-6.551166],[106.772365,-6.550889],[106.772174,-6.550494],[106.771817,-6.550051],[106.771575,-6.548963],[106.771233,-6.547971],[106.770662,-6.546934],[106.770249,-6.546397],[106.769792,-6.546317],[106.769428,-6.546115],[106.769569,-6.545359],[106.769523,-6.545094],[106.76907,-6.543904],[106.768639,-6.543364],[106.768546,-6.542402],[106.76839,-6.541944],[106.767917,-6.541023],[106.767175,-6.540297],[106.76705,-6.540271],[106.766643,-6.540389],[106.766237,-6.540372],[106.765476,-6.539898],[106.765207,-6.539809],[106.765052,-6.539868],[106.764748,-6.539206]]]]},"properties":{"nama":"Curug","kecamatan":"Bogor Barat","kota":"Kota Bogor","tipe_kawasan":"Permukiman","kualitas_udara":"kurang_sehat","atribut":{"sumber_batas":"OSM","kualitas_udara":"contoh","stasiun":0,"rth":0,"poi":0}}},{"type":"Feature","geometry":{"type":"MultiPolygon","coordinates":[[[[106.818986,-6.554506],[106.819504,-6.554237],[106.819976,-6.553859],[106.821594,-6.551061],[106.822589,-6.54877],[106.82307,-6.548121],[106.823937,-6.547193],[106.823569,-6.546894],[106.823519,-6.546777],[106.823548,-6.546388],[106.823693,-6.545899],[106.823658,-6.545782],[106.82326,-6.54544],[106.823124,-6.545187],[106.823288,-6.54506],[106.824397,-6.544866],[106.824492,-6.544522],[106.824541,-6.543256],[106.824221,-6.54295],[106.824155,-6.542615],[106.824016,-6.542498],[106.823538,-6.542554],[106.823471,-6.542645],[106.823398,-6.543504],[106.823335,-6.543559],[106.823181,-6.543505],[106.822952,-6.543271],[106.822912,-6.542745],[106.821226,-6.542707],[106.821237,-6.542753],[106.820837,-6.542783],[106.820696,-6.542629],[106.818674,-6.542604],[106.81829,-6.542356],[106.818185,-6.542085],[106.818206,-6.541443],[106.818497,-6.540647],[106.818731,-6.538819],[106.818931,-6.538274],[106.818865,-6.538141],[106.81875,-6.538141],[106.81805,-6.538687],[106.817627,-6.538518],[106.817519,-6.538756],[106.816828,-6.538599],[106.816428,-6.538666],[106.814412,-6.5386],[106.814294,-6.538928],[106.813878,-6.538836],[106.813812,-6.538896],[106.813282,-6.538809],[106.812784,-6.53868],[106.812608,-6.538751],[106.812329,-6.538713],[106.812046,-6.538797],[106.811869,-6.538735],[106.81141,-6.538777],[106.811545,-6.539153],[106.811566,-6.539623],[106.810947,-6.541696],[106.810942,-6.542238],[106.810087,-6.544673],[106.810048,-6.544918],[106.810103,-6.545831],[106.810024,-6.546782],[106.810172,-6.547068],[106.810187,-6.547377],[106.810349,-6.547902],[106.810599,-6.548474],[106.811334,-6.549859],[106.811544,-6.55003],[106.811585,-6.550536],[106.812024,-6.551313],[106.813447,-6.551378],[106.814451,-6.55154],[106.814893,-6.551521],[106.816705,-6.551863],[106.816895,-6.551833],[106.818363,-6.551994],[106.818891,-6.552116],[106.818886,-6.552554],[106.818599,-6.553557],[106.8187,-6.553845],[106.818881,-6.553998],[106.818902,-6.554327],[106.818986,-6.554506]]]]},"properties":{"nama":"Ciparigi","kecamatan":"Bogor Utara","kota":"Kota Bogor","tipe_kawasan":"Permukiman","kualitas_udara":"sehat","atribut":{"sumber_batas":"OSM","kualitas_udara":"contoh","stasiun":0,"rth":2,"poi":1}}},{"type":"Feature","geometry":{"type":"MultiPolygon","coordinates":[[[[106.707185,-6.559403],[106.707756,-6.559401],[106.707836,-6.559528],[106.707878,-6.560114],[106.707921,-6.560209],[106.708178,-6.560378],[106.709824,-6.560845],[106.710572,-6.560845],[106.711348,-6.560935],[106.71176,-6.561196],[106.711933,-6.561197],[106.712259,-6.561325],[106.713196,-6.561198],[106.713381,-6.561471],[106.71335,-6.561764],[106.713546,-6.562043],[106.713581,-6.562321],[106.713729,-6.561959],[106.71375,-6.5614],[106.714131,-6.560419],[106.716349,-6.562328],[106.71787,-6.562932],[106.718843,-6.562971],[106.720292,-6.56282],[106.722717,-6.562965],[106.722682,-6.561947],[106.722244,-6.561546],[106.721828,-6.560859],[106.721069,-6.560381],[106.719849,-6.559407],[106.719275,-6.558321],[106.719127,-6.558176],[106.718494,-6.557878],[106.717981,-6.557313],[106.716948,-6.557303],[106.716384,-6.55706],[106.716216,-6.555849],[106.716093,-6.555762],[106.715842,-6.555719],[106.71563,-6.555533],[106.715398,-6.554858],[106.71525,-6.554691],[106.714682,-6.554473],[106.714618,-6.55422],[106.7147,-6.55381],[106.714384,-6.553322],[106.714304,-6.552855],[106.714165,-6.552509],[106.711493,-6.553119],[106.71067,-6.553056],[106.709715,-6.552494],[106.70894,-6.551576],[106.708264,-6.551075],[106.707059,-6.550452],[106.706513,-6.550053],[106.705931,-6.549854],[106.705645,-6.549827],[106.704869,-6.549955],[106.70447,-6.549879],[106.704042,-6.5496],[106.70395,-6.549196],[106.703542,-6.54883],[106.703301,-6.548353],[106.702952,-6.548212],[106.701959,-6.548118],[106.701653,-6.548571],[106.701609,-6.548776],[106.701766,-6.549213],[106.702608,-6.550247],[106.703429,-6.55075],[106.703618,-6.550992],[106.70366,-6.55116],[106.703332,-6.552348],[106.702623,-6.553943],[106.702597,-6.55417],[106.702645,-6.554293],[106.703002,-6.554574],[106.703132,-6.554767],[106.703253,-6.55525],[106.703428,-6.555504],[106.704177,-6.555751],[106.704394,-6.555933],[106.704443,-6.556123],[106.704295,-6.557038],[106.704327,-6.557282],[106.704602,-6.557446],[106.706236,-6.557855],[106.706629,-6.558036],[106.706765,-6.558278],[106.707026,-6.559203],[106.707185,-6.559403]]]]},"properties":{"nama":"Cibanteng","kecamatan":"Ciampea","kota":"Kabupaten Bogor","tipe_kawasan":"Permukiman","kualitas_udara":"kurang_sehat","atribut":{"sumber_batas":"OSM","kualitas_udara":"contoh","stasiun":0,"rth":0,"poi":0}}},{"type":"Feature","geometry":{"type":"MultiPolygon","coordinates":[[[[106.837034,-6.577461],[106.836818,-6.577574],[106.836343,-6.57754],[106.835811,-6.577698],[106.835687,-6.577657],[106.835619,-6.577526],[106.835502,-6.577591],[106.835437,-6.577454],[106.835205,-6.577498],[106.835027,-6.577406],[106.834945,-6.577543],[106.834921,-6.577907],[106.83428,-6.57797],[106.834314,-6.578627],[106.833818,-6.578696],[106.83338,-6.578877],[106.833715,-6.579531],[106.832815,-6.580083],[106.832867,-6.580363],[106.832726,-6.580462],[106.832303,-6.580585],[106.8321,-6.580755],[106.831648,-6.580519],[106.831607,-6.5803],[106.831729,-6.580008],[106.831665,-6.579912],[106.831642,-6.579465],[106.831266,-6.57814],[106.830799,-6.577757],[106.830621,-6.577411],[106.830614,-6.577219],[106.830429,-6.576979],[106.830289,-6.576819],[106.830054,-6.57674],[106.830233,-6.576351],[106.829958,-6.576141],[106.829741,-6.575864],[106.829663,-6.575324],[106.829418,-6.575034],[106.82941,-6.574894],[106.829085,-6.575001],[106.828926,-6.574912],[106.829027,-6.57464],[106.829015,-6.574279],[106.828728,-6.573888],[106.828694,-6.57357],[106.828749,-6.573258],[106.829125,-6.572572],[106.829151,-6.572219],[106.82883,-6.571442],[106.828638,-6.571287],[106.828373,-6.570621],[106.827877,-6.570137],[106.827805,-6.569858],[106.827835,-6.569526],[106.827607,-6.569085],[106.827637,-6.568862],[106.828111,-6.568331],[106.828111,-6.568228],[106.828056,-6.56809],[106.827828,-6.567879],[106.827526,-6.568055],[106.82698,-6.567956],[106.826905,-6.567499],[106.826777,-6.567191],[106.826417,-6.566646],[106.826349,-6.566081],[106.826138,-6.565559],[106.826063,-6.564892],[106.825717,-6.56475],[106.825685,-6.564792],[106.825726,-6.564426],[106.825655,-6.564089],[106.825227,-6.563898],[106.824968,-6.563639],[106.824883,-6.563149],[106.824911,-6.562844],[106.825152,-6.561961],[106.824575,-6.561605],[106.824396,-6.561225],[106.824155,-6.56035],[106.823678,-6.560218],[106.823528,-6.560106],[106.82409,-6.559448],[106.824553,-6.559051],[106.824752,-6.558412],[106.824852,-6.558402],[106.825263,-6.558636],[106.825507,-6.558591],[106.825933,-6.55833],[106.826133,-6.55824],[106.826087,-6.557635],[106.825913,-6.557195],[106.82618,-6.556561],[106.825626,-6.55639],[106.825779,-6.555727],[106.826285,-6.555109],[106.826305,-6.554545],[106.826426,-6.554275],[106.826453,-6.554011],[106.826095,-6.553431],[106.826629,-6.552405],[106.826591,-6.552348],[106.826249,-6.552379],[106.826166,-6.552019],[106.825922,-6.551592],[106.825967,-6.551206],[106.826148,-6.550971],[106.826175,-6.550837],[106.825966,-6.550595],[106.825876,-6.550163],[106.825584,-6.549793],[106.825132,-6.549397],[106.82465,-6.54914],[106.823938,-6.549034],[106.823793,-6.549051],[106.823616,-6.549198],[106.823397,-6.549126],[106.823408,-6.548874],[106.824005,-6.548071],[106.82475,-6.547967],[106.825036,-6.547827],[106.825081,-6.54773],[106.825014,-6.547531],[106.824238,-6.547383],[106.823937,-6.547193],[106.824774,-6.546302],[106.82544,-6.545115],[106.825491,-6.546046],[106.825601,-6.546613],[106.825733,-6.547172],[106.825971,-6.547751],[106.828294,-6.549707],[106.828457,-6.549798],[106.828906,-6.549891],[106.829289,-6.550353],[106.829867,-6.553348],[106.830189,-6.554624],[106.829925,-6.55531],[106.829872,-6.556071],[106.829804,-6.556138],[106.829768,-6.556367],[106.830505,-6.557505],[106.830612,-6.557878],[106.830282,-6.558542],[106.830115,-6.560803],[106.830937,-6.56175],[106.83174,-6.562877],[106.832028,-6.563093],[106.832017,-6.563871],[106.832163,-6.564087],[106.832577,-6.564167],[106.832593,-6.564691],[106.832733,-6.565279],[106.833359,-6.565681],[106.834081,-6.566336],[106.834455,-6.566823],[106.83483,-6.567706],[106.834935,-6.568372],[106.83506,-6.570712],[106.835156,-6.57122],[106.835413,-6.571494],[106.835338,-6.57202],[106.835737,-6.573325],[106.835575,-6.573632],[106.835879,-6.575061],[106.835919,-6.575183],[106.836073,-6.575325],[106.836189,-6.575721],[106.836781,-6.576772],[106.837034,-6.577461]]]]},"properties":{"nama":"Ciluar","kecamatan":"Bogor Utara","kota":"Kota Bogor","tipe_kawasan":"Permukiman","kualitas_udara":"kurang_sehat","atribut":{"sumber_batas":"OSM","kualitas_udara":"contoh","stasiun":0,"rth":0,"poi":0}}},{"type":"Feature","geometry":{"type":"MultiPolygon","coordinates":[[[[106.796492,-6.513252],[106.796482,-6.513647],[106.796297,-6.514561],[106.796236,-6.515268],[106.796274,-6.515529],[106.79666,-6.516104],[106.798959,-6.518631],[106.799418,-6.519227],[106.79993,-6.520433],[106.800114,-6.521249],[106.800091,-6.522158],[106.800273,-6.526224],[106.800296,-6.528743],[106.800466,-6.529897],[106.800453,-6.530154],[106.800256,-6.532783],[106.800199,-6.532962],[106.799741,-6.533418],[106.799244,-6.536164],[106.799236,-6.536371],[106.799697,-6.537719],[106.79972,-6.538352],[106.799353,-6.541402],[106.799057,-6.545808],[106.798974,-6.546574],[106.798786,-6.54704],[106.799007,-6.547057],[106.799073,-6.54718],[106.799736,-6.547153],[106.799559,-6.545894],[106.799501,-6.544244],[106.799923,-6.544114],[106.800017,-6.543908],[106.79998,-6.543791],[106.79986,-6.543706],[106.799891,-6.542998],[106.799765,-6.542689],[106.799781,-6.542507],[106.800415,-6.542453],[106.800317,-6.541169],[106.800405,-6.540674],[106.800883,-6.539959],[106.801341,-6.539514],[106.802503,-6.538855],[106.802767,-6.538607],[106.803821,-6.536644],[106.804074,-6.534593],[106.804175,-6.534365],[106.804719,-6.533798],[106.804767,-6.53358],[106.804628,-6.531867],[106.804169,-6.530701],[106.804006,-6.530276],[106.803898,-6.529698],[106.803965,-6.529299],[106.80414,-6.529051],[106.80524,-6.528725],[106.806221,-6.528365],[106.80663,-6.528145],[106.807209,-6.527656],[106.807414,-6.527392],[106.807516,-6.527099],[106.807521,-6.526599],[106.807345,-6.526125],[106.807208,-6.525988],[106.806899,-6.525884],[106.804833,-6.525804],[106.80457,-6.525709],[106.804143,-6.525252],[106.803826,-6.524493],[106.803729,-6.523734],[106.803718,-6.52199],[106.803541,-6.521121],[106.803564,-6.520879],[106.803831,-6.520494],[106.803774,-6.520038],[106.803691,-6.519913],[106.803034,-6.51974],[106.802575,-6.51948],[106.802443,-6.51931],[106.802398,-6.519022],[106.80246,-6.518754],[106.802643,-6.518578],[106.803319,-6.518007],[106.803866,-6.517676],[106.80407,-6.517482],[106.804187,-6.517255],[106.804242,-6.516744],[106.804105,-6.516188],[106.803817,-6.515928],[106.803548,-6.515924],[106.802871,-6.516609],[106.802002,-6.517263],[106.801672,-6.517412],[106.801253,-6.517502],[106.800842,-6.517477],[106.800576,-6.51738],[106.800419,-6.5173],[106.800324,-6.517138],[106.800352,-6.516274],[106.800515,-6.515394],[106.800521,-6.514865],[106.800459,-6.514633],[106.800307,-6.51441],[106.799904,-6.514056],[106.799676,-6.514],[106.798443,-6.51399],[106.7981,-6.513955],[106.797849,-6.513828],[106.797688,-6.513476],[106.797699,-6.513073],[106.796492,-6.513252]]]]},"properties":{"nama":"Cilebut Timur","kecamatan":"Sukaraja","kota":"Kabupaten Bogor","tipe_kawasan":"Permukiman dekat stasiun","kualitas_udara":"sehat","atribut":{"sumber_batas":"OSM","kualitas_udara":"contoh","stasiun":1,"rth":2,"poi":1}}},{"type":"Feature","geometry":{"type":"MultiPolygon","coordinates":[[[[106.823937,-6.547193],[106.82307,-6.548121],[106.822589,-6.54877],[106.821594,-6.551061],[106.819976,-6.553859],[106.819164,-6.554444],[106.817736,-6.555074],[106.816611,-6.555791],[106.815789,-6.556407],[106.815472,-6.556717],[106.81483,-6.558019],[106.813971,-6.559528],[106.813515,-6.559992],[106.81262,-6.560599],[106.811808,-6.561282],[106.811462,-6.561741],[106.811146,-6.561709],[106.811081,-6.561503],[106.810131,-6.561448],[106.81011,-6.561578],[106.809833,-6.561547],[106.80985,-6.561199],[106.80996,-6.561043],[106.810211,-6.561086],[106.8103,-6.560594],[106.810232,-6.560379],[106.809797,-6.560277],[106.808818,-6.561962],[106.808464,-6.562312],[106.807806,-6.562664],[106.807553,-6.563182],[106.8075,-6.563794],[106.808009,-6.565277],[106.808153,-6.567213],[106.808143,-6.567613],[106.808078,-6.567805],[106.807597,-6.56814],[106.807461,-6.56844],[106.808288,-6.568673],[106.808563,-6.568658],[106.808935,-6.568388],[106.809288,-6.567999],[106.809469,-6.567508],[106.809881,-6.567703],[106.809922,-6.567586],[106.810301,-6.567709],[106.810584,-6.567683],[106.810825,-6.567517],[106.811002,-6.567526],[106.812249,-6.567818],[106.812227,-6.567941],[106.813344,-6.568143],[106.813382,-6.567958],[106.815025,-6.568123],[106.815203,-6.568081],[106.816861,-6.568969],[106.816954,-6.569065],[106.817024,-6.569331],[106.817436,-6.569332],[106.817701,-6.569473],[106.817788,-6.569357],[106.817679,-6.568993],[106.817772,-6.568746],[106.818001,-6.568588],[106.818663,-6.568445],[106.819202,-6.568233],[106.819269,-6.568119],[106.819229,-6.568031],[106.81929,-6.567823],[106.81936,-6.567705],[106.819359,-6.56743],[106.819571,-6.566869],[106.819341,-6.56617],[106.819381,-6.565876],[106.820025,-6.565457],[106.819799,-6.565295],[106.819976,-6.564992],[106.81972,-6.564886],[106.819708,-6.564799],[106.820154,-6.56454],[106.820348,-6.564514],[106.820338,-6.564274],[106.820472,-6.563975],[106.820714,-6.563723],[106.820906,-6.563705],[106.820922,-6.563599],[106.821212,-6.563255],[106.821293,-6.562972],[106.821197,-6.562704],[106.820986,-6.562496],[106.821233,-6.562225],[106.821418,-6.562124],[106.821285,-6.56149],[106.821383,-6.560995],[106.82118,-6.560383],[106.821236,-6.560214],[106.821472,-6.560037],[106.821588,-6.559773],[106.822122,-6.557517],[106.821732,-6.556171],[106.821737,-6.555624],[106.821924,-6.555463],[106.822018,-6.55497],[106.822296,-6.554892],[106.82248,-6.554563],[106.822568,-6.554247],[106.822487,-6.553827],[106.822695,-6.553813],[106.822648,-6.553481],[106.822711,-6.553358],[106.822874,-6.553303],[106.822835,-6.553079],[106.823042,-6.552617],[106.823046,-6.552423],[106.823185,-6.552032],[106.823224,-6.551542],[106.822994,-6.551378],[106.823052,-6.550905],[106.822905,-6.550619],[106.822859,-6.549922],[106.823095,-6.549528],[106.823337,-6.549389],[106.823472,-6.549186],[106.823363,-6.549043],[106.823408,-6.548874],[106.824005,-6.548071],[106.82475,-6.547967],[106.825036,-6.547827],[106.825081,-6.54773],[106.825014,-6.547531],[106.824238,-6.547383],[106.823937,-6.547193]]]]},"properties":{"nama":"Cibuluh","kecamatan":"Bogor Utara","kota":"Kota Bogor","tipe_kawasan":"Permukiman","kualitas_udara":"kurang_sehat","atribut":{"sumber_batas":"OSM","kualitas_udara":"contoh","stasiun":0,"rth":0,"poi":0}}},{"type":"Feature","geometry":{"type":"MultiPolygon","coordinates":[[[[106.747659,-6.564411],[106.74774,-6.564576],[106.748121,-6.564902],[106.748768,-6.565116],[106.748927,-6.565391],[106.748852,-6.565707],[106.748537,-6.56629],[106.748191,-6.567197],[106.748097,-6.567334],[106.747644,-6.567647],[106.747639,-6.567774],[106.747992,-6.568225],[106.748582,-6.568583],[106.749055,-6.568727],[106.749462,-6.568734],[106.749607,-6.56954],[106.74955,-6.570122],[106.74959,-6.570364],[106.750246,-6.571575],[106.750484,-6.571861],[106.751038,-6.572183],[106.751176,-6.572201],[106.751713,-6.572065],[106.752037,-6.572391],[106.752128,-6.572803],[106.752118,-6.573093],[106.755777,-6.57072],[106.757471,-6.569366],[106.757438,-6.568983],[106.757602,-6.568963],[106.757806,-6.568836],[106.757885,-6.568626],[106.757955,-6.568604],[106.757981,-6.568842],[106.758079,-6.568954],[106.759636,-6.568005],[106.759879,-6.567729],[106.760442,-6.566897],[106.759569,-6.566331],[106.758967,-6.565816],[106.758232,-6.564905],[106.758174,-6.564761],[106.758274,-6.564567],[106.75854,-6.564357],[106.759155,-6.563652],[106.75952,-6.563136],[106.759789,-6.56261],[106.759752,-6.562265],[106.758521,-6.561394],[106.757434,-6.560336],[106.756929,-6.559627],[106.756812,-6.55906],[106.75706,-6.558026],[106.757488,-6.557371],[106.758569,-6.556693],[106.759556,-6.556351],[106.760167,-6.556037],[106.760362,-6.555832],[106.760418,-6.55543],[106.760326,-6.555142],[106.758817,-6.553074],[106.758099,-6.551481],[106.757886,-6.55141],[106.757579,-6.551421],[106.756734,-6.551801],[106.75631,-6.551844],[106.755921,-6.551661],[106.755651,-6.551339],[106.755568,-6.551108],[106.755363,-6.549245],[106.75509,-6.548634],[106.754754,-6.548421],[106.754433,-6.548359],[106.75399,-6.548816],[106.753869,-6.549251],[106.753869,-6.550087],[106.753783,-6.550265],[106.753276,-6.550808],[106.753048,-6.550957],[106.752714,-6.551062],[106.752553,-6.551641],[106.752875,-6.5517],[106.753256,-6.551896],[106.753968,-6.551675],[106.754354,-6.552411],[106.754729,-6.552255],[106.755075,-6.552317],[106.755575,-6.552652],[106.755227,-6.553853],[106.754008,-6.553758],[106.753891,-6.555267],[106.753562,-6.555222],[106.753414,-6.555964],[106.753165,-6.555979],[106.753141,-6.556966],[106.751584,-6.556869],[106.751391,-6.557647],[106.750902,-6.55761],[106.751075,-6.558727],[106.750655,-6.558867],[106.750563,-6.558988],[106.750544,-6.559346],[106.750395,-6.559673],[106.750388,-6.55993],[106.75031,-6.559934],[106.750394,-6.5607],[106.750323,-6.560728],[106.750344,-6.560942],[106.750402,-6.560935],[106.750557,-6.561512],[106.75204,-6.56155],[106.752144,-6.561984],[106.752418,-6.56226],[106.752552,-6.562744],[106.75021,-6.56272],[106.748947,-6.562913],[106.749051,-6.563165],[106.749197,-6.563314],[106.749724,-6.563503],[106.749807,-6.563819],[106.749653,-6.563852],[106.748558,-6.563628],[106.748578,-6.56343],[106.748227,-6.563322],[106.747846,-6.563249],[106.747507,-6.563281],[106.747479,-6.563875],[106.747659,-6.564411]]]]},"properties":{"nama":"Bubulak","kecamatan":"Bogor Barat","kota":"Kota Bogor","tipe_kawasan":"Permukiman","kualitas_udara":"sehat","atribut":{"sumber_batas":"OSM","kualitas_udara":"contoh","stasiun":0,"rth":0,"poi":0}}},{"type":"Feature","geometry":{"type":"MultiPolygon","coordinates":[[[[106.796492,-6.513252],[106.796482,-6.513647],[106.796297,-6.514561],[106.796236,-6.515268],[106.796274,-6.515529],[106.79666,-6.516104],[106.798959,-6.518631],[106.799418,-6.519227],[106.79993,-6.520433],[106.800114,-6.521249],[106.800091,-6.522158],[106.800273,-6.526224],[106.800296,-6.528743],[106.800466,-6.529897],[106.800453,-6.530154],[106.800256,-6.532783],[106.800199,-6.532962],[106.799741,-6.533418],[106.799244,-6.536164],[106.799236,-6.536371],[106.799697,-6.537719],[106.79972,-6.538352],[106.799353,-6.541402],[106.799057,-6.545808],[106.798974,-6.546574],[106.798786,-6.54704],[106.798807,-6.549018],[106.799383,-6.551712],[106.799,-6.551739],[106.798816,-6.551632],[106.798735,-6.551347],[106.798736,-6.550627],[106.798633,-6.550454],[106.798401,-6.550284],[106.798181,-6.550292],[106.797989,-6.550381],[106.797926,-6.550818],[106.79784,-6.550823],[106.797626,-6.55065],[106.797487,-6.550641],[106.797294,-6.550669],[106.797076,-6.550995],[106.796963,-6.551032],[106.796278,-6.550889],[106.79613,-6.550628],[106.796138,-6.550501],[106.796391,-6.55013],[106.79637,-6.549587],[106.796489,-6.54927],[106.79681,-6.548871],[106.796916,-6.548265],[106.797121,-6.547648],[106.796003,-6.547464],[106.796032,-6.547205],[106.795554,-6.547193],[106.795552,-6.546341],[106.794074,-6.546181],[106.7937,-6.546204],[106.793691,-6.546018],[106.793088,-6.546039],[106.793095,-6.544702],[106.793564,-6.54417],[106.792435,-6.543777],[106.791921,-6.54437],[106.791523,-6.544323],[106.791507,-6.544447],[106.791085,-6.544432],[106.791092,-6.544233],[106.790052,-6.544157],[106.789953,-6.541676],[106.789798,-6.540088],[106.789694,-6.540096],[106.789647,-6.539677],[106.788733,-6.53974],[106.788616,-6.538576],[106.78862,-6.538332],[106.788728,-6.538326],[106.788764,-6.537801],[106.791203,-6.53784],[106.791346,-6.536329],[106.792133,-6.536387],[106.792686,-6.53649],[106.79289,-6.536585],[106.792997,-6.536503],[106.79326,-6.534291],[106.793425,-6.534322],[106.793556,-6.533611],[106.793569,-6.532998],[106.793686,-6.532216],[106.793674,-6.531581],[106.793218,-6.531541],[106.793243,-6.531314],[106.792814,-6.531264],[106.792947,-6.530251],[106.792793,-6.530038],[106.792552,-6.530008],[106.792485,-6.529898],[106.792203,-6.529894],[106.792191,-6.52973],[106.791951,-6.529701],[106.791973,-6.529145],[106.791819,-6.528963],[106.791771,-6.528779],[106.791774,-6.528282],[106.790926,-6.528255],[106.790918,-6.528118],[106.790433,-6.528062],[106.790419,-6.527975],[106.79011,-6.527927],[106.78992,-6.527794],[106.789752,-6.527403],[106.789783,-6.526894],[106.789728,-6.526125],[106.789686,-6.525777],[106.789571,-6.52574],[106.789663,-6.524717],[106.789849,-6.524051],[106.789906,-6.523405],[106.790071,-6.522928],[106.790337,-6.522504],[106.790293,-6.52214],[106.789726,-6.520433],[106.789705,-6.520098],[106.789558,-6.519692],[106.789115,-6.517831],[106.78928,-6.517396],[106.78901,-6.517198],[106.789023,-6.517063],[106.789254,-6.516673],[106.788848,-6.515454],[106.788393,-6.514805],[106.78808,-6.514589],[106.787509,-6.514573],[106.787324,-6.514634],[106.78724,-6.514367],[106.787319,-6.514124],[106.787459,-6.513988],[106.788041,-6.513869],[106.789002,-6.514064],[106.789192,-6.513782],[106.789602,-6.513582],[106.790644,-6.513547],[106.791208,-6.513814],[106.791487,-6.51388],[106.791628,-6.513668],[106.79166,-6.512551],[106.791828,-6.511908],[106.792096,-6.511609],[106.792648,-6.511423],[106.793255,-6.511407],[106.793562,-6.511543],[106.794587,-6.512781],[106.795101,-6.513187],[106.795671,-6.513313],[106.796492,-6.513252]]]]},"properties":{"nama":"Cilebut Barat","kecamatan":"Tanah Sareal","kota":"Kota Bogor","tipe_kawasan":"Kawasan hijau","kualitas_udara":"sehat","atribut":{"sumber_batas":"OSM","kualitas_udara":"contoh","stasiun":0,"rth":4,"poi":4}}},{"type":"Feature","geometry":{"type":"MultiPolygon","coordinates":[[[[106.773753,-6.553753],[106.773661,-6.553594],[106.773777,-6.553355],[106.773674,-6.552746],[106.773766,-6.552543],[106.773783,-6.55222],[106.773375,-6.552073],[106.773388,-6.551941],[106.77359,-6.551624],[106.77347,-6.551166],[106.772365,-6.550889],[106.772174,-6.550494],[106.771817,-6.550051],[106.771575,-6.548963],[106.771233,-6.547971],[106.770662,-6.546934],[106.770249,-6.546397],[106.769792,-6.546317],[106.769428,-6.546115],[106.769569,-6.545359],[106.769523,-6.545094],[106.76907,-6.543904],[106.768639,-6.543364],[106.768546,-6.542402],[106.76839,-6.541944],[106.767917,-6.541023],[106.767175,-6.540297],[106.76705,-6.540271],[106.766643,-6.540389],[106.766237,-6.540372],[106.765476,-6.539898],[106.765207,-6.539809],[106.765052,-6.539868],[106.764748,-6.539206],[106.765248,-6.53892],[106.765626,-6.538443],[106.769608,-6.537451],[106.770279,-6.537132],[106.771771,-6.536184],[106.772149,-6.536094],[106.773024,-6.536395],[106.774559,-6.53581],[106.776709,-6.534637],[106.777197,-6.534513],[106.777118,-6.534768],[106.777184,-6.534972],[106.778732,-6.537449],[106.779926,-6.537897],[106.780203,-6.538416],[106.779855,-6.539613],[106.78167,-6.542368],[106.782175,-6.543932],[106.782751,-6.544238],[106.783417,-6.54636],[106.783496,-6.546462],[106.783465,-6.546575],[106.783597,-6.546862],[106.783672,-6.547555],[106.783653,-6.547873],[106.783533,-6.548021],[106.783485,-6.548862],[106.783284,-6.54926],[106.783464,-6.55067],[106.783622,-6.551306],[106.784288,-6.551932],[106.784541,-6.552429],[106.784952,-6.55294],[106.785147,-6.553301],[106.784975,-6.553418],[106.784973,-6.553752],[106.784751,-6.553849],[106.784593,-6.554018],[106.784512,-6.554213],[106.784516,-6.55441],[106.784032,-6.554494],[106.784082,-6.555421],[106.78372,-6.555419],[106.783829,-6.555784],[106.783864,-6.556509],[106.783044,-6.556603],[106.783037,-6.55709],[106.782844,-6.557263],[106.782937,-6.557538],[106.782869,-6.557785],[106.781659,-6.557042],[106.780546,-6.556549],[106.780545,-6.556799],[106.780764,-6.556925],[106.780702,-6.557642],[106.78075,-6.557829],[106.7809,-6.557955],[106.780286,-6.558132],[106.780123,-6.558238],[106.780142,-6.558293],[106.779975,-6.558353],[106.779848,-6.558078],[106.779721,-6.558096],[106.779688,-6.558244],[106.779095,-6.558363],[106.778976,-6.557925],[106.778565,-6.557924],[106.77835,-6.557801],[106.777219,-6.557973],[106.776904,-6.557283],[106.776298,-6.557639],[106.775762,-6.556887],[106.775373,-6.556953],[106.775199,-6.556188],[106.774891,-6.555445],[106.774648,-6.555347],[106.774535,-6.55514],[106.774503,-6.555036],[106.774596,-6.554858],[106.774084,-6.554558],[106.774159,-6.554274],[106.773753,-6.553753]]]]},"properties":{"nama":"Cibadak","kecamatan":"Tanah Sareal","kota":"Kota Bogor","tipe_kawasan":"Pusat aktivitas","kualitas_udara":"sehat","atribut":{"sumber_batas":"OSM","kualitas_udara":"contoh","stasiun":0,"rth":13,"poi":22}}},{"type":"Feature","geometry":{"type":"MultiPolygon","coordinates":[[[[106.915652,-6.412646],[106.916524,-6.41296],[106.917075,-6.413507],[106.917216,-6.413951],[106.917107,-6.41433],[106.917222,-6.414752],[106.917642,-6.415478],[106.917856,-6.41573],[106.9179,-6.417476],[106.918277,-6.421701],[106.918847,-6.421664],[106.919297,-6.421506],[106.919928,-6.421142],[106.921434,-6.419515],[106.922854,-6.418568],[106.925646,-6.416919],[106.926033,-6.41747],[106.926146,-6.417792],[106.926701,-6.418206],[106.927404,-6.418156],[106.927978,-6.418261],[106.928955,-6.418728],[106.929966,-6.419427],[106.930481,-6.419183],[106.931093,-6.418606],[106.931551,-6.417999],[106.931766,-6.4176],[106.932067,-6.416658],[106.932887,-6.415639],[106.934661,-6.415016],[106.935021,-6.414529],[106.935388,-6.413668],[106.935839,-6.413314],[106.936063,-6.41303],[106.936238,-6.412638],[106.935862,-6.412747],[106.935591,-6.412646],[106.935327,-6.412378],[106.934958,-6.412173],[106.934993,-6.411985],[106.936043,-6.411652],[106.93657,-6.411117],[106.937063,-6.41092],[106.937441,-6.410593],[106.93781,-6.410561],[106.938042,-6.410385],[106.938033,-6.410251],[106.937518,-6.409644],[106.93734,-6.409178],[106.937343,-6.408934],[106.937504,-6.408627],[106.937545,-6.408369],[106.937343,-6.407914],[106.937324,-6.407642],[106.937663,-6.406916],[106.937675,-6.406761],[106.937547,-6.406491],[106.937363,-6.406288],[106.937327,-6.406068],[106.937749,-6.405209],[106.938231,-6.404896],[106.938987,-6.404691],[106.939299,-6.404177],[106.939498,-6.403501],[106.939489,-6.403261],[106.939341,-6.402829],[106.939147,-6.402579],[106.938731,-6.40238],[106.93843,-6.402118],[106.938279,-6.401678],[106.938329,-6.401256],[106.938412,-6.401065],[106.938755,-6.400577],[106.939309,-6.400152],[106.939442,-6.399957],[106.93944,-6.399746],[106.939335,-6.399473],[106.938971,-6.399195],[106.938894,-6.398744],[106.93777,-6.39863],[106.938137,-6.396946],[106.938174,-6.396356],[106.938117,-6.395641],[106.937964,-6.395226],[106.937679,-6.394828],[106.936991,-6.394357],[106.936599,-6.393954],[106.935929,-6.393637],[106.936,-6.393394],[106.935954,-6.393302],[106.935079,-6.392934],[106.934444,-6.392509],[106.934419,-6.392402],[106.935029,-6.391114],[106.935015,-6.390939],[106.934858,-6.39085],[106.933645,-6.390846],[106.932104,-6.389906],[106.932356,-6.389454],[106.932414,-6.389102],[106.932385,-6.388393],[106.932176,-6.38794],[106.931552,-6.38756],[106.930337,-6.386975],[106.930046,-6.386901],[106.929656,-6.38691],[106.929621,-6.386871],[106.929836,-6.386027],[106.929363,-6.386251],[106.927493,-6.386516],[106.927309,-6.386385],[106.927193,-6.386173],[106.927059,-6.385565],[106.926603,-6.385461],[106.926456,-6.385592],[106.926263,-6.385958],[106.926276,-6.387083],[106.926443,-6.387269],[106.926496,-6.387429],[106.92644,-6.387853],[106.926193,-6.388216],[106.925759,-6.388378],[106.925612,-6.388363],[106.925427,-6.3882],[106.925325,-6.387975],[106.925342,-6.387359],[106.92547,-6.386629],[106.925415,-6.386283],[106.925291,-6.38611],[106.925089,-6.385993],[106.924821,-6.386083],[106.924426,-6.386445],[106.924187,-6.386936],[106.924172,-6.387103],[106.924298,-6.387571],[106.924202,-6.387834],[106.923631,-6.388292],[106.923308,-6.388656],[106.923226,-6.389031],[106.923367,-6.389674],[106.923277,-6.389902],[106.923132,-6.389922],[106.922898,-6.389801],[106.922766,-6.389299],[106.922276,-6.388783],[106.922059,-6.388762],[106.921803,-6.388897],[106.921801,-6.389096],[106.922191,-6.3899],[106.922207,-6.390201],[106.92215,-6.390345],[106.921796,-6.390583],[106.921649,-6.390792],[106.921375,-6.391559],[106.921322,-6.391936],[106.921089,-6.392422],[106.920949,-6.392583],[106.920884,-6.392969],[106.921234,-6.393325],[106.921838,-6.393716],[106.922197,-6.394029],[106.92283,-6.394224],[106.922818,-6.394479],[106.922586,-6.394606],[106.921821,-6.394615],[106.921581,-6.394748],[106.921495,-6.395719],[106.921599,-6.396188],[106.921302,-6.396889],[106.921196,-6.397008],[106.921011,-6.397004],[106.920784,-6.396867],[106.920307,-6.396278],[106.919595,-6.395885],[106.919079,-6.395814],[106.91877,-6.39588],[106.918614,-6.396012],[106.91814,-6.396903],[106.917655,-6.397415],[106.917702,-6.39757],[106.918262,-6.397828],[106.918338,-6.398102],[106.918269,-6.398232],[106.918153,-6.398351],[106.91723,-6.398546],[106.916895,-6.398761],[106.916459,-6.399215],[106.916097,-6.399754],[106.916143,-6.399972],[106.91652,-6.40012],[106.917485,-6.39988],[106.917668,-6.399903],[106.918053,-6.400195],[106.918171,-6.400449],[106.918166,-6.400574],[106.918002,-6.400706],[106.916426,-6.400623],[106.91614,-6.400786],[106.915948,-6.401272],[106.915936,-6.401631],[106.916058,-6.40222],[106.917074,-6.403703],[106.916928,-6.403956],[106.915992,-6.404612],[106.915819,-6.404829],[106.915837,-6.40493],[106.916025,-6.405094],[106.917011,-6.405204],[106.917202,-6.405422],[106.91722,-6.4056],[106.916957,-6.406132],[106.916805,-6.406299],[106.916537,-6.406432],[106.916325,-6.406481],[106.915322,-6.406403],[106.915116,-6.406513],[106.915063,-6.40661],[106.91524,-6.406897],[106.916012,-6.407284],[106.916025,-6.407431],[106.9158,-6.408069],[106.915862,-6.408275],[106.916917,-6.408552],[106.91719,-6.408726],[106.917232,-6.408843],[106.917075,-6.409583],[106.916903,-6.409972],[106.916736,-6.410216],[106.915954,-6.410811],[106.915813,-6.411419],[106.915652,-6.412646]]]]},"properties":{"nama":"Cikeas Udik","kecamatan":"Gunung Putri","kota":"Kabupaten Bogor","tipe_kawasan":"Permukiman","kualitas_udara":"sehat","atribut":{"sumber_batas":"OSM","kualitas_udara":"contoh","stasiun":0,"rth":1,"poi":0}}},{"type":"Feature","geometry":{"type":"MultiPolygon","coordinates":[[[[106.738331,-6.565284],[106.738003,-6.565529],[106.737968,-6.565477],[106.73772,-6.565634],[106.737476,-6.565918],[106.73751,-6.566726],[106.737373,-6.566779],[106.737321,-6.566965],[106.737155,-6.567186],[106.736421,-6.566356],[106.735581,-6.565534],[106.735374,-6.56501],[106.735443,-6.564314],[106.735065,-6.561349],[106.735038,-6.560637],[106.734837,-6.559897],[106.735411,-6.559723],[106.735485,-6.559589],[106.735424,-6.559123],[106.735252,-6.559025],[106.735321,-6.557653],[106.735456,-6.557137],[106.7355,-6.556662],[106.735435,-6.556176],[106.735534,-6.555135],[106.735462,-6.554652],[106.735974,-6.554628],[106.73597,-6.554448],[106.736139,-6.554153],[106.736568,-6.554389],[106.737256,-6.554933],[106.73766,-6.554994],[106.737742,-6.554951],[106.737777,-6.554719],[106.737224,-6.55397],[106.736824,-6.553831],[106.736852,-6.553432],[106.736897,-6.553446],[106.737175,-6.553134],[106.737414,-6.553107],[106.737863,-6.553543],[106.738091,-6.553617],[106.738478,-6.553015],[106.738672,-6.552929],[106.739189,-6.552876],[106.739663,-6.553109],[106.740001,-6.55384],[106.741064,-6.554458],[106.741198,-6.554639],[106.741359,-6.55514],[106.741636,-6.555457],[106.742013,-6.55615],[106.742155,-6.556264],[106.742467,-6.556313],[106.74287,-6.556185],[106.743169,-6.555976],[106.74326,-6.55577],[106.743652,-6.555484],[106.743778,-6.555536],[106.744034,-6.555889],[106.744343,-6.555776],[106.744522,-6.555811],[106.744732,-6.556177],[106.744799,-6.556537],[106.744742,-6.55663],[106.744366,-6.556824],[106.744269,-6.556926],[106.744257,-6.55708],[106.744609,-6.558442],[106.745032,-6.558942],[106.745143,-6.559188],[106.7451,-6.559282],[106.744585,-6.559664],[106.744568,-6.560245],[106.744017,-6.560683],[106.743929,-6.560944],[106.743937,-6.56126],[106.744129,-6.561489],[106.744544,-6.561595],[106.74479,-6.561592],[106.745074,-6.561525],[106.745429,-6.561301],[106.746099,-6.561263],[106.746471,-6.560957],[106.746731,-6.560855],[106.746951,-6.560891],[106.747185,-6.561068],[106.747539,-6.560992],[106.747804,-6.56107],[106.747686,-6.562116],[106.747575,-6.562401],[106.747319,-6.562641],[106.746996,-6.562454],[106.746838,-6.562448],[106.746734,-6.562523],[106.746828,-6.562824],[106.747379,-6.563133],[106.747507,-6.563281],[106.747479,-6.563875],[106.747659,-6.564411],[106.747281,-6.56462],[106.747009,-6.564618],[106.746874,-6.564844],[106.746619,-6.564629],[106.746709,-6.564562],[106.746737,-6.56442],[106.746658,-6.564381],[106.746464,-6.564424],[106.74623,-6.563702],[106.745835,-6.563718],[106.745813,-6.563461],[106.745631,-6.563451],[106.745626,-6.56329],[106.74553,-6.563293],[106.745403,-6.562956],[106.7449,-6.562974],[106.744987,-6.563494],[106.744387,-6.563535],[106.74433,-6.56328],[106.743642,-6.563164],[106.743609,-6.563807],[106.742522,-6.563646],[106.741203,-6.563762],[106.741241,-6.564633],[106.739585,-6.564718],[106.738281,-6.56468],[106.738272,-6.56518],[106.738331,-6.565284]]]]},"properties":{"nama":"Balumbang Jaya","kecamatan":"Bogor Barat","kota":"Kota Bogor","tipe_kawasan":"Kawasan hijau","kualitas_udara":"sehat","atribut":{"sumber_batas":"OSM","kualitas_udara":"contoh","stasiun":0,"rth":4,"poi":0}}},{"type":"Feature","geometry":{"type":"MultiPolygon","coordinates":[[[[106.736852,-6.553432],[106.736473,-6.55278],[106.736706,-6.552658],[106.73709,-6.552608],[106.737456,-6.551916],[106.737494,-6.55173],[106.737303,-6.549659],[106.737763,-6.549242],[106.738835,-6.548526],[106.739162,-6.547626],[106.739195,-6.54685],[106.7392,-6.546334],[106.738772,-6.546255],[106.738935,-6.545732],[106.739887,-6.546011],[106.7401,-6.54439],[106.739513,-6.544342],[106.739195,-6.544212],[106.739528,-6.543672],[106.739901,-6.542337],[106.740488,-6.54209],[106.740525,-6.541879],[106.740986,-6.541006],[106.741598,-6.540329],[106.741614,-6.540099],[106.74134,-6.53977],[106.740731,-6.539566],[106.739979,-6.539606],[106.739283,-6.539506],[106.738429,-6.539654],[106.73803,-6.540006],[106.737924,-6.540211],[106.737688,-6.541003],[106.737621,-6.541647],[106.737419,-6.542064],[106.737273,-6.542197],[106.736394,-6.542429],[106.736072,-6.542373],[106.735863,-6.542242],[106.735618,-6.541918],[106.735495,-6.540692],[106.735334,-6.540468],[106.735031,-6.540269],[106.734205,-6.540264],[106.733659,-6.540348],[106.733485,-6.540567],[106.733342,-6.541392],[106.733196,-6.541543],[106.73301,-6.541623],[106.73198,-6.541689],[106.731193,-6.541577],[106.730919,-6.54126],[106.730763,-6.540706],[106.731102,-6.539567],[106.731039,-6.539067],[106.730862,-6.538913],[106.730371,-6.538815],[106.728959,-6.538862],[106.727426,-6.539409],[106.726321,-6.540027],[106.72514,-6.54004],[106.724349,-6.539917],[106.724026,-6.539925],[106.723882,-6.540031],[106.723763,-6.540237],[106.72358,-6.540891],[106.723444,-6.541789],[106.72313,-6.542564],[106.721718,-6.543662],[106.721481,-6.543942],[106.720863,-6.544377],[106.720699,-6.54439],[106.719728,-6.544036],[106.71792,-6.54458],[106.717632,-6.544764],[106.718285,-6.54561],[106.719271,-6.545497],[106.719314,-6.545701],[106.719133,-6.546154],[106.718857,-6.54629],[106.718361,-6.546385],[106.718282,-6.546536],[106.718306,-6.546623],[106.718741,-6.546817],[106.719304,-6.547217],[106.719499,-6.547454],[106.719615,-6.547987],[106.719782,-6.548221],[106.720887,-6.548455],[106.721095,-6.5486],[106.721212,-6.54912],[106.721296,-6.550002],[106.721465,-6.550161],[106.721876,-6.550019],[106.722441,-6.549599],[106.722641,-6.549524],[106.724271,-6.549809],[106.724998,-6.550144],[106.726283,-6.550339],[106.7267,-6.550457],[106.727265,-6.550759],[106.727854,-6.551419],[106.728265,-6.551693],[106.728502,-6.551621],[106.728989,-6.551206],[106.729091,-6.55119],[106.72973,-6.552063],[106.729828,-6.552288],[106.730008,-6.552433],[106.730315,-6.552409],[106.730794,-6.552072],[106.730933,-6.552047],[106.731701,-6.552391],[106.731947,-6.55243],[106.732049,-6.552394],[106.732708,-6.551716],[106.732927,-6.551672],[106.733105,-6.551722],[106.733368,-6.551905],[106.73385,-6.552609],[106.733975,-6.552878],[106.734048,-6.553348],[106.734127,-6.553537],[106.734258,-6.553647],[106.734648,-6.553769],[106.735198,-6.553838],[106.736139,-6.554153],[106.736413,-6.554282],[106.736935,-6.554712],[106.737396,-6.554983],[106.737742,-6.554951],[106.737777,-6.554719],[106.737224,-6.55397],[106.736824,-6.553831],[106.736852,-6.553432]]]]},"properties":{"nama":"Cikarawang","kecamatan":"Dramaga","kota":"Kabupaten Bogor","tipe_kawasan":"Permukiman","kualitas_udara":"sehat","atribut":{"sumber_batas":"OSM","kualitas_udara":"contoh","stasiun":0,"rth":2,"poi":6}}},{"type":"Feature","geometry":{"type":"MultiPolygon","coordinates":[[[[106.843116,-6.536319],[106.843232,-6.535934],[106.843358,-6.53576],[106.843619,-6.535604],[106.84389,-6.535543],[106.845018,-6.535605],[106.845488,-6.535422],[106.845665,-6.535037],[106.845715,-6.534059],[106.84565,-6.533555],[106.845474,-6.533211],[106.845241,-6.533122],[106.844738,-6.533126],[106.844573,-6.533017],[106.844531,-6.532878],[106.844538,-6.532609],[106.844661,-6.53226],[106.845146,-6.531508],[106.845362,-6.530821],[106.845422,-6.529954],[106.845307,-6.527354],[106.845413,-6.526664],[106.845227,-6.526494],[106.844073,-6.526437],[106.843376,-6.526233],[106.843144,-6.526055],[106.843051,-6.525683],[106.843103,-6.525501],[106.843337,-6.525275],[106.8442,-6.525145],[106.844478,-6.524958],[106.844568,-6.523617],[106.844775,-6.523085],[106.844968,-6.522894],[106.845292,-6.522736],[106.846086,-6.522574],[106.846274,-6.522481],[106.846381,-6.522332],[106.84636,-6.522143],[106.846286,-6.522059],[106.846146,-6.521977],[106.845776,-6.521946],[106.844465,-6.522391],[106.844154,-6.522356],[106.844096,-6.522082],[106.844202,-6.521635],[106.844207,-6.521191],[106.84414,-6.520425],[106.843817,-6.519047],[106.843622,-6.518711],[106.843501,-6.518663],[106.843331,-6.518701],[106.842718,-6.519041],[106.842038,-6.519078],[106.841595,-6.518921],[106.841376,-6.518563],[106.84143,-6.518025],[106.841552,-6.51787],[106.841709,-6.517799],[106.843045,-6.517844],[106.843328,-6.517745],[106.843494,-6.517588],[106.843474,-6.517341],[106.843336,-6.517135],[106.842449,-6.516929],[106.842099,-6.516774],[106.841879,-6.516401],[106.841888,-6.515844],[106.842062,-6.515619],[106.843299,-6.515447],[106.843458,-6.515306],[106.843603,-6.514912],[106.84353,-6.513897],[106.843574,-6.513693],[106.843686,-6.5135],[106.843865,-6.513412],[106.84447,-6.51345],[106.844865,-6.513683],[106.845638,-6.514671],[106.846083,-6.51495],[106.846422,-6.514876],[106.846552,-6.514773],[106.846674,-6.514471],[106.8467,-6.514042],[106.846612,-6.513328],[106.846402,-6.512896],[106.846024,-6.512584],[106.845357,-6.512331],[106.845271,-6.51216],[106.845283,-6.512024],[106.843059,-6.511682],[106.842728,-6.512493],[106.842595,-6.51318],[106.842346,-6.513518],[106.842132,-6.51371],[106.841279,-6.514094],[106.840403,-6.514648],[106.839987,-6.515149],[106.839517,-6.51592],[106.83823,-6.517347],[106.837766,-6.518192],[106.837318,-6.518568],[106.836925,-6.519044],[106.836368,-6.51942],[106.835608,-6.519699],[106.83532,-6.519728],[106.835273,-6.519686],[106.835337,-6.519604],[106.835248,-6.519475],[106.834472,-6.520516],[106.833693,-6.522619],[106.833327,-6.524064],[106.833045,-6.524775],[106.832743,-6.525297],[106.832401,-6.525731],[106.831712,-6.526384],[106.831328,-6.526845],[106.830496,-6.528264],[106.829585,-6.530248],[106.82851,-6.53284],[106.826943,-6.53684],[106.826777,-6.537404],[106.826193,-6.542625],[106.826151,-6.543565],[106.825995,-6.544188],[106.826875,-6.544276],[106.827063,-6.544512],[106.827322,-6.545413],[106.827624,-6.545643],[106.828061,-6.545684],[106.828301,-6.545463],[106.82854,-6.545007],[106.828751,-6.54486],[106.829499,-6.54449],[106.830632,-6.544079],[106.831114,-6.543972],[106.831639,-6.543979],[106.832786,-6.544161],[106.833116,-6.544148],[106.837548,-6.542428],[106.838598,-6.5419],[106.839239,-6.541701],[106.839998,-6.540393],[106.840574,-6.539253],[106.841921,-6.537075],[106.842512,-6.536608],[106.843116,-6.536319]]]]},"properties":{"nama":"Cijujung","kecamatan":"Sukaraja","kota":"Kabupaten Bogor","tipe_kawasan":"Permukiman","kualitas_udara":"kurang_sehat","atribut":{"sumber_batas":"OSM","kualitas_udara":"contoh","stasiun":0,"rth":0,"poi":2}}},{"type":"Feature","geometry":{"type":"MultiPolygon","coordinates":[[[[106.707185,-6.559403],[106.707756,-6.559401],[106.707836,-6.559528],[106.707878,-6.560114],[106.707921,-6.560209],[106.708178,-6.560378],[106.709824,-6.560845],[106.710572,-6.560845],[106.711348,-6.560935],[106.71176,-6.561196],[106.711933,-6.561197],[106.712259,-6.561325],[106.713196,-6.561198],[106.713381,-6.561471],[106.713378,-6.561868],[106.713546,-6.562043],[106.713589,-6.562857],[106.713893,-6.562908],[106.713781,-6.563482],[106.713578,-6.563446],[106.713384,-6.563743],[106.713313,-6.564003],[106.713541,-6.564257],[106.713941,-6.564529],[106.714494,-6.564599],[106.714644,-6.564712],[106.71495,-6.565091],[106.714896,-6.565361],[106.715126,-6.565877],[106.716081,-6.566422],[106.716027,-6.566718],[106.716295,-6.567741],[106.716481,-6.568112],[106.716568,-6.56817],[106.716956,-6.568136],[106.717123,-6.568534],[106.717649,-6.568993],[106.717691,-6.56909],[106.717632,-6.569539],[106.717965,-6.56964],[106.718409,-6.570039],[106.718914,-6.570174],[106.718979,-6.570328],[106.718904,-6.570756],[106.719119,-6.571303],[106.719362,-6.571684],[106.719664,-6.571907],[106.719666,-6.572137],[106.719814,-6.572202],[106.719602,-6.573618],[106.719636,-6.574009],[106.719557,-6.574402],[106.719504,-6.574432],[106.719461,-6.574935],[106.719302,-6.575252],[106.718971,-6.579776],[106.719296,-6.580573],[106.719722,-6.580926],[106.721177,-6.581072],[106.721571,-6.58103],[106.721762,-6.580899],[106.722143,-6.580423],[106.723039,-6.580715],[106.72344,-6.581043],[106.723508,-6.581495],[106.723407,-6.581705],[106.72362,-6.582206],[106.723687,-6.582567],[106.723658,-6.582852],[106.72358,-6.582942],[106.723302,-6.582914],[106.722647,-6.582425],[106.72242,-6.582308],[106.721925,-6.582196],[106.721676,-6.582995],[106.721606,-6.583436],[106.721777,-6.583886],[106.721784,-6.584219],[106.721146,-6.584818],[106.721038,-6.585245],[106.721021,-6.586237],[106.721241,-6.587226],[106.721255,-6.587561],[106.72176,-6.588289],[106.722134,-6.5887],[106.722252,-6.589113],[106.72217,-6.589313],[106.72195,-6.589469],[106.720732,-6.590014],[106.71997,-6.590211],[106.719704,-6.590564],[106.719949,-6.591629],[106.719902,-6.592298],[106.720025,-6.593369],[106.720237,-6.593775],[106.720754,-6.594126],[106.720887,-6.594529],[106.720318,-6.595452],[106.720217,-6.595554],[106.720051,-6.595583],[106.719797,-6.595454],[106.719637,-6.594696],[106.719522,-6.594402],[106.71902,-6.594163],[106.718583,-6.594112],[106.718259,-6.594295],[106.718227,-6.595243],[106.717843,-6.595991],[106.71777,-6.5976],[106.717608,-6.597982],[106.717391,-6.599051],[106.717323,-6.599239],[106.716934,-6.599777],[106.716813,-6.600862],[106.716267,-6.602225],[106.716208,-6.602778],[106.715728,-6.603167],[106.715486,-6.60361],[106.714944,-6.603487],[106.714559,-6.60328],[106.713878,-6.602396],[106.713535,-6.602125],[106.712676,-6.60196],[106.711971,-6.601956],[106.711397,-6.601748],[106.710811,-6.601677],[106.71088,-6.600122],[106.710551,-6.598878],[106.710938,-6.598647],[106.711418,-6.598467],[106.711758,-6.598033],[106.71157,-6.597513],[106.711255,-6.597067],[106.711374,-6.596022],[106.711369,-6.595538],[106.71169,-6.595064],[106.712193,-6.594699],[106.712874,-6.594336],[106.712998,-6.594204],[106.713076,-6.594097],[106.713044,-6.593509],[106.713238,-6.593156],[106.713748,-6.592955],[106.71438,-6.59284],[106.714576,-6.592729],[106.714714,-6.59247],[106.714776,-6.591523],[106.714933,-6.591336],[106.715001,-6.590935],[106.714682,-6.589664],[106.714698,-6.587875],[106.714553,-6.587289],[106.714632,-6.587056],[106.715228,-6.586504],[106.715459,-6.58617],[106.7162,-6.585648],[106.716264,-6.585539],[106.71622,-6.585189],[106.715876,-6.584866],[106.715809,-6.584589],[106.716428,-6.582663],[106.716058,-6.581154],[106.715842,-6.580728],[106.715753,-6.580604],[106.715263,-6.580391],[106.715,-6.580056],[106.714714,-6.579012],[106.714598,-6.578234],[106.714265,-6.577625],[106.713529,-6.576985],[106.712703,-6.576682],[106.712538,-6.576415],[106.712441,-6.575988],[106.712435,-6.575283],[106.712086,-6.574234],[106.711066,-6.572258],[106.710865,-6.571759],[106.7105,-6.570384],[106.710293,-6.570089],[106.710147,-6.569726],[106.709609,-6.568973],[106.709497,-6.568506],[106.709651,-6.567812],[106.710421,-6.565847],[106.710363,-6.565024],[106.709178,-6.563261],[106.708938,-6.562566],[106.708194,-6.562252],[106.707421,-6.561691],[106.707193,-6.561437],[106.707011,-6.561096],[106.707015,-6.560998],[106.707352,-6.560588],[106.707502,-6.560171],[106.707459,-6.559886],[106.707185,-6.559403]]]]},"properties":{"nama":"Cihideungudik","kecamatan":"Ciampea","kota":"Kabupaten Bogor","tipe_kawasan":"Permukiman","kualitas_udara":"kurang_sehat","atribut":{"sumber_batas":"OSM","kualitas_udara":"contoh","stasiun":0,"rth":0,"poi":0}}},{"type":"Feature","geometry":{"type":"MultiPolygon","coordinates":[[[[106.697552,-6.409091],[106.69789,-6.408731],[106.698152,-6.408855],[106.698413,-6.408838],[106.698518,-6.407967],[106.698637,-6.407696],[106.698728,-6.407648],[106.698839,-6.407727],[106.699004,-6.407689],[106.699182,-6.407565],[106.699256,-6.407041],[106.699215,-6.406718],[106.699037,-6.406616],[106.698896,-6.406394],[106.698965,-6.406109],[106.698873,-6.405921],[106.698899,-6.405842],[106.698766,-6.405359],[106.698808,-6.405112],[106.699705,-6.404112],[106.700403,-6.404267],[106.700659,-6.404162],[106.701188,-6.404237],[106.701288,-6.404133],[106.701285,-6.403954],[106.700969,-6.403791],[106.700566,-6.40316],[106.700514,-6.40279],[106.700736,-6.401822],[106.700686,-6.401615],[106.700432,-6.401437],[106.700755,-6.401232],[106.70072,-6.400926],[106.700872,-6.400489],[106.701105,-6.400265],[106.701465,-6.400109],[106.701464,-6.399439],[106.701538,-6.398938],[106.701478,-6.398426],[106.701994,-6.397705],[106.701896,-6.397402],[106.701715,-6.397295],[106.701586,-6.397126],[106.701965,-6.397094],[106.703906,-6.397227],[106.704101,-6.396723],[106.704125,-6.396266],[106.704073,-6.396123],[106.70426,-6.395911],[106.704978,-6.396329],[106.705088,-6.396304],[106.705336,-6.396082],[106.70684,-6.396771],[106.708099,-6.397519],[106.708612,-6.397974],[106.708714,-6.398005],[106.708888,-6.397936],[106.708994,-6.397989],[106.709577,-6.398576],[106.709826,-6.39872],[106.710691,-6.399979],[106.710882,-6.400133],[106.711186,-6.40064],[106.711357,-6.400637],[106.711652,-6.401091],[106.711891,-6.401297],[106.712165,-6.401731],[106.712097,-6.402168],[106.712211,-6.402576],[106.712442,-6.402616],[106.712531,-6.40291],[106.712665,-6.403021],[106.713016,-6.403101],[106.713054,-6.403178],[106.71373,-6.40331],[106.714093,-6.403932],[106.714301,-6.403935],[106.71445,-6.40418],[106.714667,-6.404789],[106.714801,-6.404931],[106.714887,-6.40526],[106.71477,-6.406185],[106.714967,-6.406382],[106.714969,-6.406865],[106.715238,-6.407376],[106.71584,-6.407998],[106.715795,-6.408264],[106.715835,-6.408555],[106.715778,-6.408655],[106.71582,-6.40876],[106.715635,-6.408972],[106.715595,-6.409177],[106.715651,-6.409686],[106.715377,-6.410501],[106.716001,-6.410798],[106.716001,-6.410935],[106.716199,-6.411217],[106.716045,-6.412106],[106.71272,-6.412085],[106.711973,-6.41223],[106.709476,-6.412151],[106.709259,-6.412058],[106.708754,-6.412156],[106.70845,-6.411653],[106.708364,-6.411587],[106.708135,-6.411666],[106.707827,-6.411204],[106.707033,-6.410514],[106.706899,-6.409543],[106.706492,-6.409018],[106.705938,-6.409121],[106.705003,-6.409481],[106.704208,-6.409382],[106.704049,-6.409431],[106.703913,-6.409688],[106.703412,-6.410176],[106.703049,-6.410348],[106.702547,-6.410317],[106.702212,-6.410755],[106.701766,-6.411151],[106.701079,-6.411444],[106.700467,-6.411615],[106.699954,-6.411974],[106.699423,-6.41163],[106.699337,-6.411506],[106.699285,-6.411148],[106.698634,-6.411044],[106.698743,-6.410901],[106.69877,-6.410728],[106.6987,-6.410557],[106.698,-6.410767],[106.69764,-6.410454],[106.697447,-6.410087],[106.697415,-6.409873],[106.697626,-6.409221],[106.697552,-6.409091]]]]},"properties":{"nama":"Cidokom","kecamatan":"Gunung Sindur","kota":"Kabupaten Bogor","tipe_kawasan":"Permukiman","kualitas_udara":"kurang_sehat","atribut":{"sumber_batas":"OSM","kualitas_udara":"contoh","stasiun":0,"rth":1,"poi":1}}},{"type":"Feature","geometry":{"type":"MultiPolygon","coordinates":[[[[106.786106,-6.541523],[106.786111,-6.540909],[106.7857,-6.540914],[106.785608,-6.540668],[106.785036,-6.539797],[106.784474,-6.538502],[106.784378,-6.536312],[106.784124,-6.536159],[106.784073,-6.536045],[106.784244,-6.535661],[106.784204,-6.535169],[106.784143,-6.53491],[106.784071,-6.534911],[106.784007,-6.534234],[106.782622,-6.53438],[106.782308,-6.531422],[106.78212,-6.531434],[106.781986,-6.529114],[106.7818,-6.528179],[106.781898,-6.527706],[106.781877,-6.526971],[106.781845,-6.526917],[106.781342,-6.526797],[106.781288,-6.526704],[106.781472,-6.526082],[106.781904,-6.525463],[106.781634,-6.52521],[106.781345,-6.525218],[106.781084,-6.525334],[106.780668,-6.525852],[106.780293,-6.525574],[106.780306,-6.525018],[106.780875,-6.524625],[106.781039,-6.524348],[106.781861,-6.523499],[106.781829,-6.523426],[106.781936,-6.522996],[106.781903,-6.522683],[106.781603,-6.522257],[106.781592,-6.52211],[106.781877,-6.521684],[106.781979,-6.520683],[106.782244,-6.520496],[106.782764,-6.519447],[106.782788,-6.51918],[106.78262,-6.518847],[106.782436,-6.517908],[106.78233,-6.517708],[106.782371,-6.517301],[106.782529,-6.517132],[106.782822,-6.516595],[106.783053,-6.51649],[106.78314,-6.515997],[106.783348,-6.516027],[106.783398,-6.515938],[106.783509,-6.515405],[106.783398,-6.514864],[106.783056,-6.514971],[106.783014,-6.514903],[106.782711,-6.514883],[106.781311,-6.514489],[106.780935,-6.514329],[106.78088,-6.514537],[106.779938,-6.514856],[106.779009,-6.514985],[106.778982,-6.515041],[106.778488,-6.51517],[106.777907,-6.515162],[106.776919,-6.515014],[106.776805,-6.515047],[106.77665,-6.514969],[106.776545,-6.515035],[106.776281,-6.515051],[106.775993,-6.514972],[106.775862,-6.515437],[106.774164,-6.515388],[106.774308,-6.51559],[106.774398,-6.515896],[106.774387,-6.516087],[106.774273,-6.516313],[106.774117,-6.516418],[106.773878,-6.516881],[106.773628,-6.517035],[106.773357,-6.517414],[106.7731,-6.51754],[106.772906,-6.517777],[106.772897,-6.517947],[106.773037,-6.518336],[106.773003,-6.518637],[106.773015,-6.518813],[106.773117,-6.518947],[106.773107,-6.519114],[106.77323,-6.519354],[106.77318,-6.519508],[106.772937,-6.519748],[106.77286,-6.519913],[106.77286,-6.520095],[106.773039,-6.520329],[106.772929,-6.520676],[106.773041,-6.520836],[106.773172,-6.520876],[106.773325,-6.521155],[106.773333,-6.521535],[106.773525,-6.521612],[106.773642,-6.521932],[106.773902,-6.522254],[106.774041,-6.522608],[106.77415,-6.522726],[106.773958,-6.523075],[106.773876,-6.523939],[106.77427,-6.524392],[106.774511,-6.524295],[106.774644,-6.524366],[106.774658,-6.524762],[106.774747,-6.524907],[106.774602,-6.525017],[106.774585,-6.525111],[106.774793,-6.525409],[106.774818,-6.525541],[106.774779,-6.525721],[106.774627,-6.525783],[106.774601,-6.52596],[106.774715,-6.526061],[106.775142,-6.526144],[106.775377,-6.526517],[106.775618,-6.526713],[106.775634,-6.526971],[106.775794,-6.527356],[106.775776,-6.527532],[106.775896,-6.527675],[106.775963,-6.527899],[106.776025,-6.52922],[106.776145,-6.529552],[106.776262,-6.530567],[106.776545,-6.530803],[106.776793,-6.531151],[106.776803,-6.531338],[106.776726,-6.531497],[106.776505,-6.531617],[106.776201,-6.531463],[106.775958,-6.53145],[106.775332,-6.531141],[106.775186,-6.531122],[106.774975,-6.53125],[106.774886,-6.531413],[106.774706,-6.532186],[106.774714,-6.532554],[106.774858,-6.532903],[106.774883,-6.533172],[106.774991,-6.533237],[106.775248,-6.533156],[106.775333,-6.533211],[106.775357,-6.533418],[106.775478,-6.533617],[106.775434,-6.533978],[106.775698,-6.534302],[106.775761,-6.53458],[106.775983,-6.535012],[106.776709,-6.534637],[106.777197,-6.534513],[106.777118,-6.534768],[106.777184,-6.534972],[106.778732,-6.537449],[106.779926,-6.537897],[106.780203,-6.538416],[106.779855,-6.539613],[106.78167,-6.542368],[106.782175,-6.543932],[106.782751,-6.544238],[106.78302,-6.543715],[106.78316,-6.543567],[106.785074,-6.542348],[106.785237,-6.542819],[106.785312,-6.543356],[106.785585,-6.543892],[106.786369,-6.544631],[106.78673,-6.545139],[106.787007,-6.545263],[106.787388,-6.545659],[106.787851,-6.545372],[106.788049,-6.54595],[106.788359,-6.545647],[106.786509,-6.543586],[106.786659,-6.543431],[106.786078,-6.542753],[106.786106,-6.541523]]]]},"properties":{"nama":"Mekar Wangi","kecamatan":"Tanah Sareal","kota":"Kota Bogor","tipe_kawasan":"Permukiman","kualitas_udara":"sehat","atribut":{"sumber_batas":"OSM","kualitas_udara":"contoh","stasiun":0,"rth":2,"poi":0}}},{"type":"Feature","geometry":{"type":"MultiPolygon","coordinates":[[[[106.846909,-6.570648],[106.846659,-6.568705],[106.846178,-6.568571],[106.846627,-6.567272],[106.847038,-6.566566],[106.847672,-6.564745],[106.849155,-6.561841],[106.850405,-6.558892],[106.851403,-6.555936],[106.851608,-6.555118],[106.851753,-6.554146],[106.851836,-6.552545],[106.851724,-6.551001],[106.851902,-6.549802],[106.852154,-6.549209],[106.851781,-6.548896],[106.851263,-6.548629],[106.849862,-6.548132],[106.849137,-6.548066],[106.848622,-6.54784],[106.847233,-6.54751],[106.84596,-6.547025],[106.845377,-6.546889],[106.843874,-6.546688],[106.843073,-6.547349],[106.843007,-6.547658],[106.843017,-6.547781],[106.843208,-6.547943],[106.843795,-6.54798],[106.843986,-6.548061],[106.844138,-6.548335],[106.844042,-6.549535],[106.843272,-6.55044],[106.843102,-6.550831],[106.843118,-6.550947],[106.843245,-6.551056],[106.843773,-6.551059],[106.843897,-6.551153],[106.844005,-6.551461],[106.844055,-6.551964],[106.84396,-6.552585],[106.843712,-6.552884],[106.8435,-6.553027],[106.842243,-6.553591],[106.842169,-6.553852],[106.842335,-6.554299],[106.842203,-6.55449],[106.840062,-6.555341],[106.839308,-6.555819],[106.83906,-6.55613],[106.838974,-6.556474],[106.839059,-6.556648],[106.839283,-6.556714],[106.839764,-6.55662],[106.840099,-6.556247],[106.840266,-6.556174],[106.840402,-6.556199],[106.840571,-6.556473],[106.840773,-6.557156],[106.840963,-6.557293],[106.841491,-6.557472],[106.841761,-6.557778],[106.842011,-6.558641],[106.841977,-6.558805],[106.841737,-6.55898],[106.840902,-6.559136],[106.840479,-6.559461],[106.840254,-6.559778],[106.839991,-6.560648],[106.839855,-6.560801],[106.839085,-6.56086],[106.838885,-6.560965],[106.838642,-6.561328],[106.838412,-6.561914],[106.838314,-6.562313],[106.838347,-6.562597],[106.838592,-6.562807],[106.839424,-6.563105],[106.839942,-6.563435],[106.840379,-6.564392],[106.840409,-6.564628],[106.840292,-6.565062],[106.840282,-6.565391],[106.840542,-6.565769],[106.840806,-6.565916],[106.841496,-6.566112],[106.84174,-6.566344],[106.842291,-6.567144],[106.842552,-6.567347],[106.844556,-6.567798],[106.844919,-6.567954],[106.845069,-6.568151],[106.845107,-6.568354],[106.8451,-6.56855],[106.844711,-6.569483],[106.844685,-6.569712],[106.844759,-6.570006],[106.844867,-6.570121],[106.845053,-6.570195],[106.84522,-6.570133],[106.845387,-6.569567],[106.845512,-6.569507],[106.845685,-6.569532],[106.84609,-6.569999],[106.846504,-6.570112],[106.846664,-6.5704],[106.846909,-6.570648]]]]},"properties":{"nama":"Cipambuan","kecamatan":"Babakan Madang","kota":"Kabupaten Bogor","tipe_kawasan":"Permukiman","kualitas_udara":"kurang_sehat","atribut":{"sumber_batas":"OSM","kualitas_udara":"contoh","stasiun":0,"rth":0,"poi":0}}},{"type":"Feature","geometry":{"type":"MultiPolygon","coordinates":[[[[106.775459,-6.556937],[106.775534,-6.557088],[106.775403,-6.557882],[106.775127,-6.558194],[106.775557,-6.560341],[106.77569,-6.560567],[106.775766,-6.560957],[106.775505,-6.561312],[106.775416,-6.561667],[106.775495,-6.561952],[106.775426,-6.562042],[106.775464,-6.562279],[106.775881,-6.563023],[106.776082,-6.563013],[106.776155,-6.563072],[106.776603,-6.564017],[106.777003,-6.564463],[106.777156,-6.564511],[106.777509,-6.56443],[106.777867,-6.564465],[106.778153,-6.564672],[106.778522,-6.56478],[106.778838,-6.565168],[106.778875,-6.565491],[106.779335,-6.56648],[106.779437,-6.567217],[106.779356,-6.567905],[106.779573,-6.568454],[106.779525,-6.568496],[106.7798,-6.568888],[106.779923,-6.569315],[106.779902,-6.569451],[106.780559,-6.570339],[106.781062,-6.571862],[106.781372,-6.572163],[106.782325,-6.573878],[106.782482,-6.574004],[106.783612,-6.575634],[106.783646,-6.575865],[106.783797,-6.576123],[106.783892,-6.57646],[106.784174,-6.576733],[106.78437,-6.575775],[106.784687,-6.575119],[106.784507,-6.575114],[106.78451,-6.574934],[106.783852,-6.57475],[106.783762,-6.574571],[106.783604,-6.574493],[106.78356,-6.574199],[106.783338,-6.57421],[106.783279,-6.573268],[106.788018,-6.5733],[106.787668,-6.570131],[106.78788,-6.570164],[106.787883,-6.569699],[106.787725,-6.569702],[106.787662,-6.56941],[106.787709,-6.568226],[106.787561,-6.56752],[106.787486,-6.567444],[106.78712,-6.567372],[106.786734,-6.567127],[106.786454,-6.566549],[106.786333,-6.565964],[106.78618,-6.565609],[106.785464,-6.564327],[106.785125,-6.563934],[106.785053,-6.563462],[106.784884,-6.563124],[106.784791,-6.563009],[106.78451,-6.562925],[106.784064,-6.562594],[106.783467,-6.562348],[106.78328,-6.561806],[106.783274,-6.56161],[106.783134,-6.561587],[106.782674,-6.560817],[106.78248,-6.56068],[106.781971,-6.559752],[106.781765,-6.559272],[106.781669,-6.558537],[106.781429,-6.558218],[106.7809,-6.557955],[106.780286,-6.558132],[106.780123,-6.558238],[106.780142,-6.558293],[106.779975,-6.558353],[106.779848,-6.558078],[106.779721,-6.558096],[106.779688,-6.558244],[106.779095,-6.558363],[106.778976,-6.557925],[106.778565,-6.557924],[106.77835,-6.557801],[106.777219,-6.557973],[106.776904,-6.557283],[106.776298,-6.557639],[106.775762,-6.556887],[106.775459,-6.556937]]]]},"properties":{"nama":"Kedung Waringin","kecamatan":"Tanah Sareal","kota":"Kota Bogor","tipe_kawasan":"Kawasan hijau","kualitas_udara":"sehat","atribut":{"sumber_batas":"OSM","kualitas_udara":"contoh","stasiun":0,"rth":5,"poi":2}}},{"type":"Feature","geometry":{"type":"MultiPolygon","coordinates":[[[[106.786106,-6.541523],[106.788038,-6.541326],[106.788138,-6.542477],[106.787932,-6.542497],[106.788158,-6.542764],[106.790012,-6.542738],[106.789798,-6.540088],[106.789694,-6.540096],[106.789647,-6.539677],[106.788733,-6.53974],[106.788616,-6.538576],[106.78862,-6.538332],[106.788728,-6.538326],[106.788764,-6.537801],[106.791203,-6.53784],[106.791346,-6.536329],[106.792133,-6.536387],[106.792686,-6.53649],[106.79289,-6.536585],[106.792997,-6.536503],[106.79326,-6.534291],[106.793425,-6.534322],[106.793556,-6.533611],[106.793569,-6.532998],[106.793686,-6.532216],[106.793674,-6.531581],[106.793218,-6.531541],[106.793243,-6.531314],[106.792814,-6.531264],[106.792947,-6.530251],[106.792793,-6.530038],[106.792552,-6.530008],[106.792485,-6.529898],[106.792203,-6.529894],[106.792191,-6.52973],[106.791951,-6.529701],[106.791973,-6.529145],[106.791819,-6.528963],[106.791771,-6.528779],[106.791774,-6.528282],[106.790926,-6.528255],[106.790918,-6.528118],[106.790433,-6.528062],[106.790419,-6.527975],[106.79011,-6.527927],[106.78992,-6.527794],[106.789752,-6.527403],[106.789783,-6.526894],[106.789728,-6.526125],[106.789686,-6.525777],[106.789571,-6.52574],[106.789663,-6.524717],[106.789849,-6.524051],[106.789906,-6.523405],[106.790071,-6.522928],[106.790337,-6.522504],[106.790293,-6.52214],[106.789726,-6.520433],[106.789705,-6.520098],[106.789558,-6.519692],[106.789115,-6.517831],[106.78928,-6.517396],[106.78901,-6.517198],[106.789023,-6.517063],[106.789254,-6.516673],[106.788848,-6.515454],[106.788393,-6.514805],[106.78808,-6.514589],[106.787509,-6.514573],[106.786864,-6.514804],[106.785667,-6.514934],[106.784817,-6.514887],[106.783814,-6.515082],[106.783614,-6.515069],[106.783398,-6.514864],[106.783509,-6.515405],[106.783398,-6.515938],[106.783348,-6.516027],[106.78314,-6.515997],[106.783053,-6.51649],[106.782822,-6.516595],[106.782529,-6.517132],[106.782371,-6.517301],[106.78233,-6.517708],[106.782436,-6.517908],[106.78262,-6.518847],[106.782788,-6.51918],[106.782764,-6.519447],[106.782244,-6.520496],[106.781979,-6.520683],[106.781877,-6.521684],[106.781592,-6.52211],[106.781603,-6.522257],[106.781903,-6.522683],[106.781936,-6.522996],[106.781829,-6.523426],[106.781861,-6.523499],[106.781039,-6.524348],[106.780875,-6.524625],[106.780306,-6.525018],[106.780293,-6.525574],[106.780668,-6.525852],[106.781084,-6.525334],[106.781345,-6.525218],[106.781634,-6.52521],[106.781904,-6.525463],[106.781472,-6.526082],[106.781288,-6.526704],[106.781342,-6.526797],[106.781845,-6.526917],[106.781877,-6.526971],[106.781898,-6.527706],[106.7818,-6.528179],[106.781986,-6.529114],[106.78212,-6.531434],[106.782308,-6.531422],[106.782622,-6.53438],[106.784007,-6.534234],[106.784071,-6.534911],[106.784143,-6.53491],[106.784204,-6.535169],[106.784244,-6.535661],[106.784073,-6.536045],[106.784124,-6.536159],[106.784378,-6.536312],[106.784474,-6.538502],[106.785036,-6.539797],[106.785608,-6.540668],[106.7857,-6.540914],[106.786111,-6.540909],[106.786106,-6.541523]]]]},"properties":{"nama":"Kencana","kecamatan":"Tanah Sareal","kota":"Kota Bogor","tipe_kawasan":"Permukiman","kualitas_udara":"sehat","atribut":{"sumber_batas":"OSM","kualitas_udara":"contoh","stasiun":0,"rth":0,"poi":4}}},{"type":"Feature","geometry":{"type":"MultiPolygon","coordinates":[[[[106.800415,-6.542453],[106.80101,-6.542823],[106.802236,-6.542986],[106.802442,-6.543181],[106.802463,-6.543588],[106.802274,-6.544392],[106.802155,-6.54468],[106.801731,-6.545109],[106.801446,-6.545505],[106.801199,-6.546219],[106.801139,-6.546655],[106.80118,-6.547334],[106.801603,-6.547911],[106.801706,-6.548719],[106.801986,-6.549369],[106.801863,-6.549963],[106.801925,-6.550152],[106.803109,-6.550666],[106.803887,-6.551353],[106.805175,-6.551603],[106.805442,-6.551765],[106.805584,-6.552009],[106.80567,-6.552341],[106.805702,-6.552811],[106.805609,-6.553681],[106.805943,-6.554969],[106.806063,-6.555188],[106.806303,-6.555349],[106.806688,-6.555489],[106.807504,-6.55571],[106.807755,-6.555823],[106.808042,-6.556073],[106.808593,-6.55679],[106.80896,-6.558283],[106.80986,-6.559368],[106.809887,-6.559809],[106.809797,-6.560277],[106.810232,-6.560379],[106.8103,-6.560594],[106.810211,-6.561086],[106.80996,-6.561043],[106.80985,-6.561199],[106.809833,-6.561547],[106.81011,-6.561578],[106.810131,-6.561448],[106.811081,-6.561503],[106.811146,-6.561709],[106.811462,-6.561741],[106.811808,-6.561282],[106.81262,-6.560599],[106.813515,-6.559992],[106.813971,-6.559528],[106.81483,-6.558019],[106.815472,-6.556717],[106.815789,-6.556407],[106.816611,-6.555791],[106.817736,-6.555074],[106.818986,-6.554506],[106.818902,-6.554327],[106.818881,-6.553998],[106.8187,-6.553845],[106.818599,-6.553557],[106.818886,-6.552554],[106.818891,-6.552116],[106.818363,-6.551994],[106.816895,-6.551833],[106.816705,-6.551863],[106.814893,-6.551521],[106.814451,-6.55154],[106.813447,-6.551378],[106.812024,-6.551313],[106.811585,-6.550536],[106.811544,-6.55003],[106.811334,-6.549859],[106.810349,-6.547902],[106.810187,-6.547377],[106.810172,-6.547068],[106.810024,-6.546782],[106.810036,-6.546442],[106.809383,-6.546471],[106.809398,-6.545847],[106.80906,-6.54591],[106.808942,-6.545844],[106.808926,-6.545426],[106.80875,-6.545424],[106.808799,-6.545969],[106.808419,-6.545794],[106.808207,-6.545795],[106.808009,-6.545573],[106.807879,-6.545649],[106.808078,-6.545864],[106.807538,-6.546303],[106.806921,-6.545832],[106.806237,-6.545524],[106.805815,-6.545258],[106.805769,-6.544779],[106.805863,-6.543669],[106.80584,-6.541777],[106.805914,-6.541042],[106.804716,-6.541079],[106.80464,-6.541014],[106.804618,-6.540825],[106.804346,-6.540734],[106.804129,-6.540152],[106.803624,-6.539811],[106.803574,-6.539286],[106.803271,-6.539084],[106.803216,-6.538967],[106.803195,-6.538353],[106.802995,-6.538222],[106.802767,-6.538607],[106.802503,-6.538855],[106.801341,-6.539514],[106.800883,-6.539959],[106.8005,-6.540517],[106.800405,-6.540674],[106.800317,-6.541169],[106.800415,-6.542453]]]]},"properties":{"nama":"Kedung Halang","kecamatan":"Bogor Utara","kota":"Kota Bogor","tipe_kawasan":"Permukiman","kualitas_udara":"sehat","atribut":{"sumber_batas":"OSM","kualitas_udara":"contoh","stasiun":0,"rth":2,"poi":0}}},{"type":"Feature","geometry":{"type":"MultiPolygon","coordinates":[[[[106.783864,-6.556509],[106.783817,-6.55694],[106.784612,-6.556911],[106.784699,-6.557576],[106.785833,-6.557421],[106.787107,-6.557346],[106.787117,-6.557724],[106.787355,-6.557667],[106.787356,-6.557757],[106.787564,-6.557767],[106.787639,-6.55776],[106.787725,-6.557602],[106.787728,-6.557447],[106.787816,-6.55745],[106.787815,-6.557359],[106.788026,-6.557269],[106.788233,-6.557363],[106.788328,-6.557923],[106.789307,-6.557924],[106.789141,-6.559465],[106.788958,-6.560435],[106.789403,-6.560574],[106.788991,-6.563327],[106.788807,-6.563308],[106.788776,-6.56385],[106.788529,-6.563907],[106.78866,-6.564395],[106.789836,-6.564046],[106.789744,-6.564919],[106.788745,-6.564972],[106.788589,-6.566818],[106.788842,-6.567456],[106.78946,-6.567475],[106.789672,-6.567654],[106.790233,-6.567738],[106.790208,-6.568049],[106.790152,-6.568046],[106.790079,-6.568458],[106.790798,-6.56889],[106.791065,-6.569226],[106.791101,-6.570113],[106.790774,-6.570092],[106.790695,-6.570415],[106.790473,-6.570812],[106.790805,-6.570896],[106.791195,-6.571102],[106.791028,-6.57147],[106.791058,-6.571891],[106.791189,-6.57236],[106.791439,-6.572799],[106.791715,-6.573511],[106.792081,-6.574127],[106.792259,-6.574997],[106.791992,-6.575],[106.791986,-6.574921],[106.7914,-6.574926],[106.788815,-6.575055],[106.788839,-6.573745],[106.788361,-6.573737],[106.78837,-6.573505],[106.788635,-6.57351],[106.788662,-6.572926],[106.788514,-6.572921],[106.788513,-6.57262],[106.787946,-6.572598],[106.787668,-6.570131],[106.78788,-6.570164],[106.787883,-6.569699],[106.787725,-6.569702],[106.787662,-6.56941],[106.787709,-6.568226],[106.787561,-6.56752],[106.787486,-6.567444],[106.78712,-6.567372],[106.786734,-6.567127],[106.786454,-6.566549],[106.786333,-6.565964],[106.78618,-6.565609],[106.785464,-6.564327],[106.785125,-6.563934],[106.785053,-6.563462],[106.784884,-6.563124],[106.784791,-6.563009],[106.78451,-6.562925],[106.784064,-6.562594],[106.783467,-6.562348],[106.78328,-6.561806],[106.783274,-6.56161],[106.783134,-6.561587],[106.782674,-6.560817],[106.78248,-6.56068],[106.781971,-6.559752],[106.781765,-6.559272],[106.781669,-6.558537],[106.781596,-6.558385],[106.781429,-6.558218],[106.780999,-6.558026],[106.78075,-6.557829],[106.780702,-6.557642],[106.780764,-6.556925],[106.780545,-6.556799],[106.780546,-6.556549],[106.781659,-6.557042],[106.782869,-6.557785],[106.782937,-6.557538],[106.782844,-6.557263],[106.783037,-6.55709],[106.783044,-6.556603],[106.783864,-6.556509]]]]},"properties":{"nama":"Kedung Jaya","kecamatan":"Tanah Sareal","kota":"Kota Bogor","tipe_kawasan":"Permukiman","kualitas_udara":"sehat","atribut":{"sumber_batas":"OSM","kualitas_udara":"contoh","stasiun":0,"rth":2,"poi":6}}},{"type":"Feature","geometry":{"type":"MultiPolygon","coordinates":[[[[106.789307,-6.557924],[106.789425,-6.557213],[106.790098,-6.55718],[106.790123,-6.55704],[106.791806,-6.557029],[106.791864,-6.557159],[106.79255,-6.55719],[106.792549,-6.556926],[106.793664,-6.55691],[106.793916,-6.556983],[106.794583,-6.556876],[106.794606,-6.556799],[106.794994,-6.556804],[106.794991,-6.556856],[106.796035,-6.556966],[106.79631,-6.557076],[106.79739,-6.557141],[106.798862,-6.55733],[106.798963,-6.55718],[106.799028,-6.556875],[106.799117,-6.556779],[106.800796,-6.556556],[106.800812,-6.556602],[106.805177,-6.556311],[106.805237,-6.556048],[106.805574,-6.555827],[106.805596,-6.555391],[106.805943,-6.554969],[106.806063,-6.555188],[106.806303,-6.555349],[106.807755,-6.555823],[106.808042,-6.556073],[106.808593,-6.55679],[106.80896,-6.558283],[106.80986,-6.559368],[106.809887,-6.559809],[106.809797,-6.560277],[106.808818,-6.561962],[106.808464,-6.562312],[106.807806,-6.562664],[106.807553,-6.563182],[106.8075,-6.563794],[106.808009,-6.565277],[106.808143,-6.567613],[106.808078,-6.567805],[106.807597,-6.56814],[106.807085,-6.568128],[106.806663,-6.568174],[106.806258,-6.568102],[106.805051,-6.567019],[106.803307,-6.565974],[106.802625,-6.565466],[106.801733,-6.565078],[106.800131,-6.564809],[106.795879,-6.564462],[106.795559,-6.564588],[106.795211,-6.564912],[106.794976,-6.565255],[106.794196,-6.567351],[106.79332,-6.568787],[106.79285,-6.56977],[106.792325,-6.570246],[106.791441,-6.570651],[106.791195,-6.571102],[106.790805,-6.570896],[106.790549,-6.570867],[106.790473,-6.570812],[106.790695,-6.570415],[106.790774,-6.570092],[106.791101,-6.570113],[106.791065,-6.569226],[106.790798,-6.56889],[106.790079,-6.568458],[106.790152,-6.568046],[106.790208,-6.568049],[106.790233,-6.567738],[106.789672,-6.567654],[106.78946,-6.567475],[106.788842,-6.567456],[106.788589,-6.566818],[106.788745,-6.564972],[106.789744,-6.564919],[106.789836,-6.564046],[106.78866,-6.564395],[106.788529,-6.563907],[106.788776,-6.56385],[106.788807,-6.563308],[106.788991,-6.563327],[106.789403,-6.560574],[106.788958,-6.560435],[106.789141,-6.559465],[106.789307,-6.557924]]]]},"properties":{"nama":"Kedung Badak","kecamatan":"Tanah Sareal","kota":"Kota Bogor","tipe_kawasan":"Permukiman","kualitas_udara":"sehat","atribut":{"sumber_batas":"OSM","kualitas_udara":"contoh","stasiun":0,"rth":2,"poi":0}}},{"type":"Feature","geometry":{"type":"MultiPolygon","coordinates":[[[[106.764748,-6.539206],[106.764633,-6.539035],[106.764372,-6.538841],[106.764237,-6.538613],[106.76419,-6.538264],[106.764279,-6.538132],[106.764846,-6.537747],[106.765067,-6.537506],[106.765122,-6.537318],[106.765006,-6.536826],[106.765029,-6.536541],[106.765472,-6.536097],[106.765527,-6.535898],[106.765449,-6.53575],[106.764973,-6.535532],[106.764922,-6.535448],[106.764929,-6.535302],[106.765271,-6.534691],[106.765323,-6.534399],[106.765154,-6.533995],[106.764873,-6.53368],[106.764234,-6.533153],[106.764255,-6.533001],[106.764495,-6.532608],[106.764195,-6.53222],[106.764397,-6.532358],[106.764552,-6.532258],[106.764567,-6.53215],[106.76434,-6.530984],[106.764521,-6.53073],[106.76487,-6.530539],[106.765029,-6.530249],[106.76478,-6.529608],[106.764582,-6.529346],[106.76462,-6.528994],[106.765406,-6.527816],[106.765817,-6.527697],[106.76597,-6.527587],[106.766098,-6.527334],[106.76595,-6.527135],[106.76511,-6.526505],[106.764954,-6.525864],[106.764331,-6.525149],[106.764365,-6.524953],[106.764753,-6.524138],[106.765038,-6.523992],[106.765105,-6.523883],[106.765035,-6.523721],[106.764501,-6.523424],[106.764316,-6.523181],[106.764299,-6.523054],[106.764428,-6.522168],[106.764569,-6.521932],[106.764905,-6.52166],[106.764686,-6.521199],[106.764712,-6.520991],[106.764999,-6.520791],[106.76536,-6.52022],[106.765602,-6.520003],[106.765875,-6.51983],[106.766293,-6.519684],[106.766376,-6.519403],[106.76634,-6.51925],[106.766024,-6.518988],[106.76601,-6.518889],[106.766365,-6.518128],[106.766132,-6.518093],[106.765561,-6.517851],[106.765437,-6.517236],[106.764973,-6.516885],[106.765006,-6.516686],[106.765086,-6.516605],[106.765624,-6.51635],[106.765694,-6.516178],[106.765091,-6.515495],[106.765352,-6.515472],[106.765388,-6.515401],[106.766791,-6.515386],[106.767623,-6.515299],[106.769073,-6.515346],[106.769442,-6.515235],[106.769532,-6.515043],[106.770592,-6.515292],[106.771308,-6.515389],[106.771507,-6.515244],[106.771889,-6.515288],[106.772197,-6.515124],[106.77265,-6.515213],[106.773147,-6.51513],[106.773546,-6.515291],[106.773969,-6.515235],[106.774308,-6.51559],[106.774398,-6.515896],[106.774387,-6.516087],[106.774273,-6.516313],[106.774117,-6.516418],[106.773878,-6.516881],[106.773628,-6.517035],[106.773357,-6.517414],[106.7731,-6.51754],[106.772906,-6.517777],[106.772897,-6.517947],[106.773037,-6.518336],[106.773015,-6.518813],[106.773117,-6.518947],[106.773107,-6.519114],[106.77323,-6.519354],[106.77318,-6.519508],[106.772889,-6.519835],[106.77286,-6.520095],[106.773039,-6.520329],[106.772929,-6.520676],[106.773041,-6.520836],[106.773172,-6.520876],[106.773325,-6.521155],[106.773333,-6.521535],[106.773525,-6.521612],[106.773642,-6.521932],[106.773902,-6.522254],[106.774041,-6.522608],[106.77415,-6.522726],[106.773958,-6.523075],[106.773876,-6.523939],[106.77427,-6.524392],[106.774511,-6.524295],[106.774644,-6.524366],[106.774658,-6.524762],[106.774747,-6.524907],[106.774602,-6.525017],[106.774585,-6.525111],[106.774793,-6.525409],[106.774818,-6.525541],[106.774779,-6.525721],[106.774627,-6.525783],[106.774601,-6.52596],[106.774715,-6.526061],[106.775142,-6.526144],[106.775377,-6.526517],[106.775618,-6.526713],[106.775634,-6.526971],[106.775794,-6.527356],[106.775776,-6.527532],[106.775896,-6.527675],[106.775963,-6.527899],[106.776025,-6.52922],[106.776145,-6.529552],[106.776262,-6.530567],[106.776545,-6.530803],[106.776793,-6.531151],[106.776803,-6.531338],[106.776726,-6.531497],[106.776505,-6.531617],[106.776201,-6.531463],[106.775958,-6.53145],[106.775332,-6.531141],[106.775059,-6.531164],[106.774886,-6.531413],[106.774706,-6.532186],[106.774714,-6.532554],[106.774858,-6.532903],[106.774883,-6.533172],[106.774991,-6.533237],[106.775248,-6.533156],[106.775333,-6.533211],[106.775357,-6.533418],[106.775478,-6.533617],[106.775434,-6.533978],[106.775698,-6.534302],[106.775761,-6.53458],[106.775983,-6.535012],[106.774559,-6.53581],[106.773024,-6.536395],[106.772149,-6.536094],[106.771771,-6.536184],[106.770279,-6.537132],[106.769608,-6.537451],[106.765626,-6.538443],[106.765248,-6.53892],[106.764748,-6.539206]]]]},"properties":{"nama":"Kayu Manis","kecamatan":"Tanah Sareal","kota":"Kota Bogor","tipe_kawasan":"Permukiman","kualitas_udara":"sehat","atribut":{"sumber_batas":"OSM","kualitas_udara":"contoh","stasiun":0,"rth":2,"poi":2}}},{"type":"Feature","geometry":{"type":"MultiPolygon","coordinates":[[[[106.714887,-6.514903],[106.713309,-6.513519],[106.710295,-6.511897],[106.709004,-6.511601],[106.706897,-6.511758],[106.705988,-6.511944],[106.705486,-6.512562],[106.705158,-6.513437],[106.704856,-6.513438],[106.704712,-6.513557],[106.704524,-6.513879],[106.704212,-6.514122],[106.703118,-6.515226],[106.703037,-6.515551],[106.703175,-6.51615],[106.70328,-6.516404],[106.703743,-6.516932],[106.7037,-6.517058],[106.703505,-6.517033],[106.70322,-6.516831],[106.702885,-6.516932],[106.702387,-6.516831],[106.701907,-6.516925],[106.701374,-6.516938],[106.700624,-6.516794],[106.699428,-6.516421],[106.698996,-6.516802],[106.698301,-6.516625],[106.698094,-6.516637],[106.697842,-6.516817],[106.697859,-6.517404],[106.697783,-6.517415],[106.697658,-6.517067],[106.697564,-6.517026],[106.697401,-6.517088],[106.69734,-6.51743],[106.696781,-6.51759],[106.696826,-6.518011],[106.696702,-6.518292],[106.696795,-6.518518],[106.696677,-6.518798],[106.6968,-6.518992],[106.696517,-6.519426],[106.697245,-6.520332],[106.697543,-6.521234],[106.698064,-6.521377],[106.698242,-6.521541],[106.698373,-6.521806],[106.699,-6.521877],[106.69925,-6.521978],[106.69931,-6.522067],[106.69928,-6.522341],[106.699911,-6.522561],[106.70014,-6.522564],[106.700625,-6.522243],[106.70127,-6.522403],[106.701651,-6.522234],[106.702112,-6.522127],[106.702638,-6.52251],[106.702861,-6.522597],[106.703069,-6.52285],[106.704122,-6.522793],[106.704604,-6.523019],[106.704781,-6.523002],[106.704856,-6.523551],[106.70514,-6.52362],[106.70543,-6.524231],[106.705339,-6.524565],[106.705619,-6.525022],[106.705668,-6.525744],[106.705963,-6.526138],[106.705946,-6.526297],[106.705773,-6.526379],[106.705977,-6.526659],[106.70603,-6.527176],[106.707014,-6.527068],[106.707613,-6.527242],[106.708043,-6.527647],[106.708742,-6.527743],[106.709377,-6.5276],[106.709569,-6.527761],[106.709828,-6.527811],[106.710667,-6.527529],[106.710977,-6.527543],[106.711049,-6.5276],[106.711097,-6.527815],[106.711327,-6.52805],[106.711649,-6.528094],[106.711844,-6.528334],[106.711968,-6.528325],[106.712191,-6.528068],[106.712532,-6.528375],[106.712772,-6.528434],[106.712826,-6.528533],[106.712765,-6.528739],[106.713091,-6.528936],[106.714259,-6.529319],[106.714361,-6.529291],[106.7145,-6.529127],[106.714966,-6.529119],[106.716003,-6.529772],[106.716346,-6.530175],[106.716394,-6.530309],[106.716939,-6.530781],[106.717321,-6.531258],[106.717737,-6.531601],[106.71854,-6.531674],[106.719928,-6.531959],[106.720981,-6.532787],[106.721455,-6.532955],[106.721866,-6.532991],[106.722271,-6.533384],[106.722474,-6.533411],[106.722409,-6.533136],[106.72267,-6.532167],[106.722643,-6.531326],[106.721271,-6.531008],[106.721134,-6.530585],[106.721171,-6.53022],[106.721422,-6.529681],[106.721847,-6.529038],[106.722633,-6.528221],[106.722342,-6.527774],[106.721663,-6.52696],[106.721313,-6.526384],[106.720868,-6.526053],[106.721247,-6.52583],[106.721774,-6.525779],[106.72286,-6.525315],[106.723569,-6.524872],[106.72381,-6.524814],[106.723808,-6.524169],[106.723966,-6.52403],[106.724082,-6.523812],[106.72448,-6.523586],[106.72462,-6.523333],[106.725081,-6.523084],[106.724864,-6.52289],[106.725073,-6.522439],[106.725043,-6.521984],[106.724918,-6.521463],[106.725028,-6.521255],[106.725251,-6.521056],[106.725322,-6.520872],[106.725498,-6.520131],[106.725489,-6.519551],[106.725643,-6.518727],[106.726078,-6.518206],[106.726893,-6.517517],[106.727279,-6.517097],[106.727737,-6.516273],[106.727824,-6.514147],[106.727865,-6.513822],[106.72809,-6.513326],[106.72687,-6.513827],[106.726559,-6.514326],[106.726369,-6.514387],[106.726262,-6.514511],[106.726215,-6.514849],[106.726077,-6.515079],[106.725826,-6.514983],[106.725695,-6.514848],[106.725555,-6.514516],[106.725289,-6.514407],[106.724878,-6.514538],[106.724282,-6.514342],[106.72327,-6.514632],[106.722582,-6.514901],[106.722471,-6.514881],[106.722188,-6.514532],[106.722058,-6.514474],[106.721756,-6.514518],[106.720893,-6.51517],[106.720698,-6.516146],[106.720524,-6.516358],[106.720428,-6.516378],[106.720337,-6.516345],[106.720244,-6.516032],[106.720074,-6.515763],[106.719878,-6.515748],[106.719431,-6.515878],[106.719173,-6.515579],[106.718911,-6.515456],[106.717991,-6.51574],[106.71683,-6.515636],[106.715668,-6.515275],[106.714887,-6.514903]]]]},"properties":{"nama":"Cimulang","kecamatan":"Ranca Bungur","kota":"Kabupaten Bogor","tipe_kawasan":"Permukiman","kualitas_udara":"kurang_sehat","atribut":{"sumber_batas":"OSM","kualitas_udara":"contoh","stasiun":0,"rth":0,"poi":0}}},{"type":"Feature","geometry":{"type":"MultiPolygon","coordinates":[[[[106.768682,-6.494689],[106.76881,-6.494596],[106.76911,-6.494533],[106.769895,-6.494511],[106.770835,-6.494396],[106.773072,-6.49439],[106.774163,-6.493994],[106.774337,-6.493724],[106.774574,-6.493118],[106.774759,-6.492974],[106.774942,-6.492638],[106.776461,-6.492824],[106.776664,-6.492699],[106.776846,-6.492708],[106.778503,-6.493008],[106.779436,-6.49335],[106.779502,-6.493308],[106.780136,-6.493461],[106.780889,-6.493453],[106.781149,-6.493323],[106.782203,-6.493382],[106.782645,-6.493194],[106.783165,-6.493293],[106.783423,-6.492857],[106.783542,-6.492797],[106.784717,-6.49304],[106.784781,-6.492976],[106.784905,-6.492267],[106.785134,-6.492054],[106.785144,-6.491712],[106.786403,-6.491753],[106.786386,-6.492451],[106.7868,-6.493588],[106.787029,-6.494597],[106.786384,-6.495898],[106.786195,-6.496571],[106.786027,-6.49674],[106.78612,-6.497444],[106.785998,-6.497945],[106.785579,-6.498158],[106.785468,-6.498272],[106.785463,-6.498366],[106.785856,-6.500206],[106.786381,-6.500446],[106.786438,-6.500525],[106.78645,-6.501286],[106.78657,-6.501824],[106.786225,-6.50237],[106.78571,-6.502744],[106.785381,-6.503261],[106.785356,-6.503618],[106.78541,-6.503923],[106.785234,-6.504885],[106.785222,-6.505297],[106.785025,-6.506165],[106.784859,-6.506395],[106.784724,-6.506883],[106.78491,-6.507126],[106.784949,-6.507658],[106.785295,-6.507664],[106.785337,-6.507848],[106.78506,-6.508713],[106.784662,-6.510888],[106.784577,-6.511063],[106.784305,-6.511311],[106.783601,-6.51115],[106.782764,-6.511107],[106.782249,-6.511178],[106.781518,-6.511397],[106.781848,-6.512875],[106.781726,-6.514024],[106.781998,-6.514196],[106.78308,-6.514517],[106.783389,-6.514867],[106.783056,-6.514971],[106.783014,-6.514903],[106.782711,-6.514883],[106.781311,-6.514489],[106.780935,-6.514329],[106.78088,-6.514537],[106.779938,-6.514856],[106.779009,-6.514985],[106.778982,-6.515041],[106.778488,-6.51517],[106.777907,-6.515162],[106.777579,-6.515094],[106.776805,-6.515047],[106.77665,-6.514969],[106.776545,-6.515035],[106.776281,-6.515051],[106.775993,-6.514972],[106.775862,-6.515437],[106.774164,-6.515388],[106.773969,-6.515235],[106.773546,-6.515291],[106.773147,-6.51513],[106.77265,-6.515213],[106.772197,-6.515124],[106.772033,-6.515206],[106.769672,-6.513599],[106.769461,-6.513572],[106.769051,-6.513295],[106.768955,-6.512892],[106.768748,-6.512682],[106.76816,-6.512767],[106.76774,-6.512703],[106.767678,-6.512597],[106.767712,-6.512155],[106.767978,-6.511836],[106.768095,-6.511445],[106.767881,-6.51112],[106.76763,-6.510888],[106.76674,-6.510732],[106.765566,-6.510889],[106.765476,-6.51087],[106.765384,-6.510552],[106.765054,-6.510397],[106.764656,-6.510424],[106.764385,-6.510543],[106.764116,-6.510554],[106.763935,-6.51045],[106.763518,-6.509914],[106.763193,-6.509275],[106.763199,-6.509117],[106.763294,-6.508999],[106.763474,-6.508908],[106.763692,-6.508905],[106.763891,-6.508955],[106.764026,-6.509087],[106.764361,-6.509609],[106.764546,-6.509523],[106.764406,-6.508521],[106.764622,-6.508106],[106.76464,-6.507664],[106.764479,-6.507281],[106.763914,-6.506477],[106.763617,-6.506395],[106.763393,-6.506469],[106.763169,-6.506905],[106.762577,-6.507216],[106.76253,-6.507706],[106.762464,-6.507827],[106.761061,-6.507683],[106.760978,-6.507603],[106.760953,-6.506932],[106.761538,-6.507081],[106.761799,-6.507052],[106.762619,-6.50631],[106.763328,-6.505793],[106.763707,-6.505684],[106.764671,-6.505954],[106.767871,-6.506055],[106.768245,-6.506003],[106.768622,-6.505617],[106.769111,-6.505368],[106.76928,-6.505128],[106.769454,-6.504634],[106.769482,-6.50392],[106.769012,-6.502954],[106.768277,-6.501976],[106.767888,-6.501222],[106.76781,-6.500933],[106.767922,-6.500441],[106.767525,-6.500227],[106.767402,-6.500075],[106.767224,-6.497945],[106.7676,-6.497622],[106.768044,-6.497033],[106.768628,-6.496797],[106.769503,-6.496139],[106.768949,-6.495341],[106.768682,-6.494689]]]]},"properties":{"nama":"Cimanggis","kecamatan":"Bojong Gede","kota":"Kabupaten Bogor","tipe_kawasan":"Kawasan hijau","kualitas_udara":"sehat","atribut":{"sumber_batas":"OSM","kualitas_udara":"contoh","stasiun":0,"rth":14,"poi":1}}},{"type":"Feature","geometry":{"type":"MultiPolygon","coordinates":[[[[106.83486,-6.519957],[106.834405,-6.519857],[106.832489,-6.519805],[106.831121,-6.519926],[106.82997,-6.519836],[106.827919,-6.519985],[106.826325,-6.519941],[106.825584,-6.52004],[106.824728,-6.519801],[106.82447,-6.519878],[106.823699,-6.520466],[106.822516,-6.520185],[106.82242,-6.520225],[106.822279,-6.520137],[106.822235,-6.519723],[106.822323,-6.519572],[106.822802,-6.519198],[106.822801,-6.518894],[106.8227,-6.518737],[106.822312,-6.518654],[106.821872,-6.518175],[106.821285,-6.5184],[106.821074,-6.518313],[106.821065,-6.518144],[106.821095,-6.517917],[106.821302,-6.517712],[106.822463,-6.51684],[106.822635,-6.516513],[106.822576,-6.51619],[106.822445,-6.516106],[106.822276,-6.516114],[106.82192,-6.516342],[106.82162,-6.516355],[106.821469,-6.516175],[106.821368,-6.515848],[106.8212,-6.514835],[106.820984,-6.514662],[106.82073,-6.514744],[106.820236,-6.515153],[106.819437,-6.515168],[106.818964,-6.515254],[106.819006,-6.515478],[106.818954,-6.515697],[106.818462,-6.516292],[106.818249,-6.516648],[106.818054,-6.517326],[106.818128,-6.51802],[106.818239,-6.518333],[106.818404,-6.518478],[106.819476,-6.518722],[106.819774,-6.518947],[106.820416,-6.519768],[106.82054,-6.520119],[106.820594,-6.520836],[106.820508,-6.521882],[106.820312,-6.523006],[106.820087,-6.52351],[106.819834,-6.52389],[106.81978,-6.524104],[106.819656,-6.525889],[106.819337,-6.526258],[106.819202,-6.526576],[106.819226,-6.527041],[106.81943,-6.527547],[106.819458,-6.52787],[106.819418,-6.528014],[106.819065,-6.528508],[106.818959,-6.528915],[106.818756,-6.530191],[106.81877,-6.530869],[106.818869,-6.531569],[106.81881,-6.532158],[106.818491,-6.532796],[106.817624,-6.533942],[106.817523,-6.534299],[106.817538,-6.534495],[106.817783,-6.534945],[106.818396,-6.535488],[106.818597,-6.535922],[106.818614,-6.536088],[106.818592,-6.536246],[106.818471,-6.536348],[106.817929,-6.536475],[106.817753,-6.536622],[106.817793,-6.536996],[106.817926,-6.537039],[106.817745,-6.537387],[106.81788,-6.537988],[106.817627,-6.538518],[106.81805,-6.538687],[106.81875,-6.538141],[106.818865,-6.538141],[106.818931,-6.538274],[106.818731,-6.538819],[106.818497,-6.540647],[106.818206,-6.541443],[106.818185,-6.542085],[106.81829,-6.542356],[106.818674,-6.542604],[106.820696,-6.542629],[106.820837,-6.542783],[106.821237,-6.542753],[106.821226,-6.542707],[106.822912,-6.542745],[106.822952,-6.543271],[106.823272,-6.543559],[106.823398,-6.543504],[106.823435,-6.542772],[106.823538,-6.542554],[106.824082,-6.542516],[106.824221,-6.54295],[106.824541,-6.543256],[106.82452,-6.54416],[106.824424,-6.544802],[106.824397,-6.544866],[106.823288,-6.54506],[106.823124,-6.545187],[106.82326,-6.54544],[106.823658,-6.545782],[106.823693,-6.545899],[106.823548,-6.546388],[106.823519,-6.546777],[106.823569,-6.546894],[106.823937,-6.547193],[106.824774,-6.546302],[106.826053,-6.544063],[106.826151,-6.543565],[106.826193,-6.542625],[106.826777,-6.537404],[106.826943,-6.53684],[106.82851,-6.53284],[106.829585,-6.530248],[106.830755,-6.527755],[106.831328,-6.526845],[106.831712,-6.526384],[106.832401,-6.525731],[106.832743,-6.525297],[106.833045,-6.524775],[106.833327,-6.524064],[106.833693,-6.522619],[106.834238,-6.52108],[106.834472,-6.520516],[106.83486,-6.519957]]]]},"properties":{"nama":"Cimandala","kecamatan":"Sukaraja","kota":"Kabupaten Bogor","tipe_kawasan":"Permukiman","kualitas_udara":"sehat","atribut":{"sumber_batas":"OSM","kualitas_udara":"contoh","stasiun":0,"rth":2,"poi":0}}},{"type":"Feature","geometry":{"type":"MultiPolygon","coordinates":[[[[106.740488,-6.54209],[106.740538,-6.542296],[106.740884,-6.542684],[106.741805,-6.543055],[106.742191,-6.543084],[106.743954,-6.543769],[106.744575,-6.543876],[106.745767,-6.543826],[106.746538,-6.543612],[106.746873,-6.543691],[106.746938,-6.543848],[106.746945,-6.544818],[106.747088,-6.545125],[106.747245,-6.545297],[106.74763,-6.545525],[106.74823,-6.546111],[106.747923,-6.54746],[106.747894,-6.547674],[106.747973,-6.547817],[106.748244,-6.547931],[106.748722,-6.547874],[106.749001,-6.547702],[106.749565,-6.547124],[106.749672,-6.547146],[106.749979,-6.547481],[106.75045,-6.549544],[106.750614,-6.54998],[106.751463,-6.550786],[106.752042,-6.551057],[106.752714,-6.551062],[106.753048,-6.550957],[106.753576,-6.550529],[106.753869,-6.550087],[106.753869,-6.549251],[106.75399,-6.548816],[106.754534,-6.548132],[106.754886,-6.547922],[106.755317,-6.547812],[106.755806,-6.54758],[106.757039,-6.547771],[106.758116,-6.548118],[106.758653,-6.548222],[106.758597,-6.54811],[106.758251,-6.547847],[106.757925,-6.547697],[106.757744,-6.547452],[106.75748,-6.547316],[106.757199,-6.546959],[106.755998,-6.54649],[106.755265,-6.545948],[106.75441,-6.5458],[106.753192,-6.545198],[106.752509,-6.545013],[106.752162,-6.544777],[106.751319,-6.544477],[106.751307,-6.544416],[106.751855,-6.54348],[106.752884,-6.543723],[106.75302,-6.543285],[106.752852,-6.542799],[106.75249,-6.542633],[106.75255,-6.542131],[106.752195,-6.541848],[106.752312,-6.540415],[106.752186,-6.540203],[106.751852,-6.539982],[106.751681,-6.539544],[106.751624,-6.539193],[106.750754,-6.539439],[106.750371,-6.5397],[106.750148,-6.539947],[106.750112,-6.54037],[106.750015,-6.540577],[106.749774,-6.540474],[106.749357,-6.54006],[106.749178,-6.540024],[106.748784,-6.540147],[106.748346,-6.54061],[106.748246,-6.540627],[106.748099,-6.540446],[106.747893,-6.540473],[106.747524,-6.540285],[106.747693,-6.538957],[106.747815,-6.538487],[106.747372,-6.53843],[106.746394,-6.537957],[106.74574,-6.53789],[106.745718,-6.537688],[106.745032,-6.537586],[106.7447,-6.537675],[106.744052,-6.537623],[106.744047,-6.537712],[106.743845,-6.537621],[106.742411,-6.537427],[106.742332,-6.53751],[106.74227,-6.537758],[106.742194,-6.53884],[106.742107,-6.539117],[106.741506,-6.539909],[106.741614,-6.540099],[106.741598,-6.540329],[106.740986,-6.541006],[106.740525,-6.541879],[106.740488,-6.54209]]]]},"properties":{"nama":"Semplak Barat","kecamatan":"Kemang","kota":"Kabupaten Bogor","tipe_kawasan":"Permukiman","kualitas_udara":"kurang_sehat","atribut":{"sumber_batas":"OSM","kualitas_udara":"contoh","stasiun":0,"rth":1,"poi":0}}},{"type":"Feature","geometry":{"type":"MultiPolygon","coordinates":[[[[106.84975,-6.503305],[106.849529,-6.50363],[106.849525,-6.503978],[106.849612,-6.504218],[106.849998,-6.504903],[106.85026,-6.505241],[106.851301,-6.506107],[106.85134,-6.506374],[106.850925,-6.506637],[106.850402,-6.506789],[106.850093,-6.506766],[106.84962,-6.506618],[106.848959,-6.50617],[106.848669,-6.506184],[106.848575,-6.506308],[106.84857,-6.506776],[106.848703,-6.507623],[106.848754,-6.509043],[106.848595,-6.509556],[106.848265,-6.509902],[106.847353,-6.510422],[106.846735,-6.510678],[106.845929,-6.510885],[106.845636,-6.511206],[106.845283,-6.512024],[106.845271,-6.51216],[106.845357,-6.512331],[106.846213,-6.512698],[106.846516,-6.513072],[106.846612,-6.513328],[106.8467,-6.514042],[106.846674,-6.514471],[106.846552,-6.514773],[106.846203,-6.514957],[106.845841,-6.514836],[106.845463,-6.514474],[106.844865,-6.513683],[106.84447,-6.51345],[106.844025,-6.513401],[106.843686,-6.5135],[106.84353,-6.513897],[106.843603,-6.514912],[106.843458,-6.515306],[106.843299,-6.515447],[106.843036,-6.515511],[106.842327,-6.515548],[106.842062,-6.515619],[106.841888,-6.515844],[106.841858,-6.516026],[106.841879,-6.516401],[106.842099,-6.516774],[106.842449,-6.516929],[106.843336,-6.517135],[106.843474,-6.517341],[106.843494,-6.517588],[106.843328,-6.517745],[106.843045,-6.517844],[106.841709,-6.517799],[106.841552,-6.51787],[106.84143,-6.518025],[106.841363,-6.518427],[106.841461,-6.518748],[106.841595,-6.518921],[106.842038,-6.519078],[106.842718,-6.519041],[106.843331,-6.518701],[106.843501,-6.518663],[106.843622,-6.518711],[106.843817,-6.519047],[106.84414,-6.520425],[106.844207,-6.521191],[106.844202,-6.521635],[106.844096,-6.522082],[106.844154,-6.522356],[106.844465,-6.522391],[106.845776,-6.521946],[106.846146,-6.521977],[106.84636,-6.522143],[106.846381,-6.522332],[106.846274,-6.522481],[106.846086,-6.522574],[106.845292,-6.522736],[106.844968,-6.522894],[106.844775,-6.523085],[106.844568,-6.523617],[106.844478,-6.524958],[106.8442,-6.525145],[106.843337,-6.525275],[106.843103,-6.525501],[106.843051,-6.525683],[106.843144,-6.526055],[106.843376,-6.526233],[106.844073,-6.526437],[106.845227,-6.526494],[106.845413,-6.526664],[106.845307,-6.527354],[106.845422,-6.529954],[106.845362,-6.530821],[106.845305,-6.531097],[106.845017,-6.531757],[106.844661,-6.53226],[106.844538,-6.532609],[106.844573,-6.533017],[106.844738,-6.533126],[106.845241,-6.533122],[106.845474,-6.533211],[106.84565,-6.533555],[106.845715,-6.534059],[106.845885,-6.533953],[106.846033,-6.533078],[106.846153,-6.533017],[106.84724,-6.533046],[106.847741,-6.532869],[106.848226,-6.532523],[106.848974,-6.53157],[106.849843,-6.531449],[106.850629,-6.531659],[106.852238,-6.532352],[106.852811,-6.532974],[106.853364,-6.533281],[106.854092,-6.533545],[106.854895,-6.534277],[106.85557,-6.534377],[106.856498,-6.534387],[106.858422,-6.53404],[106.858412,-6.53373],[106.858529,-6.533321],[106.859673,-6.53046],[106.860571,-6.527527],[106.860742,-6.52596],[106.861023,-6.524549],[106.86125,-6.5239],[106.86155,-6.523307],[106.861412,-6.523187],[106.860957,-6.522999],[106.858669,-6.522187],[106.858006,-6.522026],[106.857612,-6.522024],[106.85715,-6.522126],[106.856745,-6.522313],[106.856368,-6.522636],[106.855478,-6.522941],[106.855102,-6.522974],[106.854735,-6.522898],[106.854407,-6.522655],[106.85424,-6.522327],[106.854202,-6.522084],[106.854283,-6.521408],[106.854683,-6.52038],[106.854913,-6.518879],[106.854962,-6.517473],[106.854928,-6.517252],[106.854689,-6.51682],[106.854143,-6.516583],[106.854227,-6.51564],[106.85432,-6.515452],[106.854756,-6.514956],[106.854997,-6.513942],[106.85503,-6.513393],[106.855484,-6.512894],[106.855538,-6.512751],[106.855484,-6.512608],[106.854086,-6.511514],[106.855202,-6.509985],[106.856234,-6.508725],[106.856257,-6.50852],[106.855636,-6.507622],[106.855441,-6.507147],[106.854498,-6.506013],[106.854128,-6.504673],[106.853745,-6.504675],[106.85371,-6.504247],[106.85383,-6.503877],[106.854193,-6.50327],[106.85415,-6.50302],[106.853812,-6.503009],[106.853399,-6.503325],[106.852874,-6.50344],[106.852671,-6.503323],[106.852346,-6.502841],[106.852081,-6.502778],[106.851787,-6.502875],[106.851661,-6.503081],[106.851623,-6.503458],[106.851695,-6.503755],[106.852125,-6.50454],[106.85211,-6.504742],[106.851974,-6.50482],[106.851697,-6.50481],[106.851119,-6.504492],[106.850538,-6.504411],[106.850425,-6.504295],[106.850354,-6.504079],[106.850368,-6.503622],[106.850501,-6.503433],[106.850906,-6.503088],[106.850887,-6.502858],[106.850723,-6.50281],[106.850479,-6.502854],[106.84975,-6.503305]]]]},"properties":{"nama":"Sentul","kecamatan":"Babakan Madang","kota":"Kabupaten Bogor","tipe_kawasan":"Permukiman","kualitas_udara":"sehat","atribut":{"sumber_batas":"OSM","kualitas_udara":"contoh","stasiun":0,"rth":0,"poi":0}}},{"type":"Feature","geometry":{"type":"MultiPolygon","coordinates":[[[[106.749867,-6.458968],[106.750926,-6.458933],[106.752453,-6.45912],[106.75317,-6.459287],[106.753364,-6.459443],[106.753909,-6.460129],[106.754252,-6.461056],[106.754372,-6.461621],[106.754331,-6.461852],[106.75396,-6.462405],[106.75399,-6.462578],[106.75419,-6.462733],[106.754491,-6.462764],[106.754846,-6.462084],[106.755001,-6.461969],[106.755201,-6.461969],[106.755997,-6.462285],[106.756359,-6.462933],[106.756568,-6.463165],[106.756854,-6.463227],[106.758413,-6.463304],[106.758366,-6.466978],[106.759314,-6.466913],[106.759669,-6.4672],[106.75975,-6.467165],[106.760475,-6.467331],[106.761123,-6.467206],[106.761634,-6.466878],[106.762249,-6.466938],[106.763284,-6.466319],[106.763849,-6.46639],[106.76395,-6.466753],[106.764751,-6.466761],[106.765258,-6.466904],[106.765252,-6.467769],[106.765187,-6.467946],[106.766241,-6.469266],[106.766655,-6.470435],[106.766529,-6.470599],[106.767066,-6.470736],[106.767335,-6.470975],[106.768184,-6.470016],[106.768317,-6.470038],[106.768552,-6.470273],[106.768541,-6.470363],[106.767905,-6.471104],[106.767539,-6.471642],[106.76732,-6.47218],[106.767857,-6.472341],[106.768029,-6.471989],[106.768219,-6.471994],[106.768432,-6.471323],[106.768858,-6.471407],[106.768939,-6.471502],[106.768704,-6.472089],[106.768733,-6.472213],[106.769609,-6.472494],[106.769352,-6.473541],[106.770824,-6.473829],[106.771519,-6.470245],[106.771623,-6.470069],[106.771887,-6.469965],[106.77221,-6.469231],[106.772785,-6.468675],[106.773045,-6.468138],[106.773021,-6.467733],[106.772811,-6.467539],[106.772508,-6.467484],[106.772484,-6.467313],[106.772874,-6.466449],[106.773385,-6.466178],[106.773526,-6.464989],[106.774357,-6.462376],[106.774425,-6.461893],[106.774383,-6.460939],[106.77476,-6.460165],[106.774808,-6.459843],[106.774669,-6.459524],[106.774356,-6.459293],[106.774306,-6.458953],[106.774505,-6.458609],[106.774935,-6.458337],[106.77529,-6.457954],[106.775501,-6.457496],[106.775554,-6.457043],[106.77576,-6.456444],[106.775953,-6.455981],[106.775991,-6.455588],[106.775851,-6.454439],[106.775932,-6.453534],[106.775898,-6.453084],[106.775803,-6.45287],[106.775407,-6.45254],[106.775354,-6.452395],[106.775397,-6.451977],[106.775633,-6.451406],[106.775692,-6.450779],[106.775536,-6.450574],[106.774977,-6.450423],[106.77476,-6.450183],[106.774738,-6.449956],[106.775047,-6.449515],[106.775104,-6.44919],[106.775033,-6.449066],[106.774697,-6.448837],[106.774447,-6.447917],[106.7741,-6.448015],[106.77369,-6.448261],[106.773532,-6.448442],[106.773277,-6.448178],[106.772814,-6.447916],[106.7711,-6.447246],[106.770777,-6.447171],[106.76926,-6.447071],[106.768957,-6.447154],[106.768664,-6.447375],[106.76802,-6.4474],[106.767445,-6.44761],[106.765595,-6.447926],[106.763097,-6.447805],[106.762925,-6.447909],[106.762259,-6.447963],[106.761742,-6.448097],[106.761221,-6.448118],[106.759697,-6.447996],[106.759295,-6.447863],[106.758975,-6.448048],[106.758223,-6.448295],[106.757855,-6.448247],[106.757586,-6.448003],[106.75617,-6.448254],[106.755452,-6.448041],[106.754993,-6.448008],[106.753722,-6.448763],[106.753157,-6.448637],[106.752705,-6.448629],[106.752385,-6.448695],[106.750849,-6.448309],[106.750499,-6.448087],[106.749883,-6.447835],[106.749027,-6.447728],[106.748167,-6.448189],[106.74753,-6.448156],[106.747098,-6.448],[106.746684,-6.447972],[106.746403,-6.448197],[106.746032,-6.448346],[106.745373,-6.448928],[106.745273,-6.449182],[106.745128,-6.450353],[106.745186,-6.450434],[106.745086,-6.450867],[106.744266,-6.453234],[106.743999,-6.453642],[106.743972,-6.453949],[106.744008,-6.454125],[106.744355,-6.454088],[106.744368,-6.45422],[106.744514,-6.454241],[106.744822,-6.454725],[106.744949,-6.454824],[106.745174,-6.454856],[106.745102,-6.456361],[106.745604,-6.456971],[106.74562,-6.457388],[106.745884,-6.45741],[106.745899,-6.457139],[106.746211,-6.457146],[106.746452,-6.456708],[106.746956,-6.456639],[106.746955,-6.456797],[106.748327,-6.456812],[106.748333,-6.456511],[106.749051,-6.456992],[106.749049,-6.457586],[106.749347,-6.457606],[106.749308,-6.457931],[106.748718,-6.457945],[106.748707,-6.458457],[106.749877,-6.458384],[106.749867,-6.458968]]]]},"properties":{"nama":"Sasak Panjang","kecamatan":"Tajurhalang","kota":"Kabupaten Bogor","tipe_kawasan":"Permukiman","kualitas_udara":"sehat","atribut":{"sumber_batas":"OSM","kualitas_udara":"contoh","stasiun":0,"rth":0,"poi":1}}},{"type":"Feature","geometry":{"type":"MultiPolygon","coordinates":[[[[106.872168,-6.501099],[106.871649,-6.501856],[106.870795,-6.501268],[106.871076,-6.500899],[106.870272,-6.500559],[106.869006,-6.499559],[106.868019,-6.498885],[106.86859,-6.497138],[106.867806,-6.496925],[106.867291,-6.497432],[106.866045,-6.496669],[106.865268,-6.496278],[106.865194,-6.495795],[106.864631,-6.495468],[106.863314,-6.495115],[106.862591,-6.495054],[106.862274,-6.494931],[106.861506,-6.494445],[106.861735,-6.494082],[106.860545,-6.493483],[106.860286,-6.493039],[106.858766,-6.493229],[106.858357,-6.493362],[106.857886,-6.493653],[106.85791,-6.493925],[106.858137,-6.494173],[106.858796,-6.494578],[106.859841,-6.495456],[106.860818,-6.496426],[106.86116,-6.4969],[106.861229,-6.497103],[106.861298,-6.497488],[106.861231,-6.497805],[106.861006,-6.497987],[106.859988,-6.498489],[106.859563,-6.498607],[106.859353,-6.49883],[106.859402,-6.499065],[106.860103,-6.499817],[106.860189,-6.500052],[106.860169,-6.50019],[106.859792,-6.500367],[106.859225,-6.500384],[106.858863,-6.500798],[106.858632,-6.500969],[106.858815,-6.501698],[106.858851,-6.503004],[106.859029,-6.503504],[106.859358,-6.503996],[106.860828,-6.505081],[106.861014,-6.505345],[106.861292,-6.505967],[106.861278,-6.506245],[106.861068,-6.506657],[106.861179,-6.506851],[106.861371,-6.506964],[106.861766,-6.506921],[106.862042,-6.506726],[106.862331,-6.50633],[106.862669,-6.506273],[106.86304,-6.505592],[106.863354,-6.505759],[106.863435,-6.505968],[106.863297,-6.506839],[106.863264,-6.507481],[106.863321,-6.507605],[106.863416,-6.507662],[106.863664,-6.507619],[106.863916,-6.507105],[106.863987,-6.507105],[106.864425,-6.507477],[106.864458,-6.507581],[106.863333,-6.510214],[106.864569,-6.510815],[106.864255,-6.511395],[106.864669,-6.511557],[106.86504,-6.510862],[106.865478,-6.511152],[106.865977,-6.510553],[106.867339,-6.508259],[106.867672,-6.507821],[106.868552,-6.508056],[106.868724,-6.508165],[106.869533,-6.509112],[106.871336,-6.511891],[106.871687,-6.512276],[106.87181,-6.512543],[106.872243,-6.512557],[106.872485,-6.512712],[106.87175,-6.5133],[106.870786,-6.513925],[106.871102,-6.514028],[106.872423,-6.514856],[106.872764,-6.514423],[106.873308,-6.513925],[106.873623,-6.513506],[106.873868,-6.512938],[106.874312,-6.512277],[106.874433,-6.511737],[106.875267,-6.510782],[106.875755,-6.510584],[106.87632,-6.509932],[106.877145,-6.508347],[106.877587,-6.506788],[106.875915,-6.504251],[106.874499,-6.502911],[106.874131,-6.502434],[106.873197,-6.502048],[106.872472,-6.501447],[106.872168,-6.501099]]]]},"properties":{"nama":"Sanja","kecamatan":"Citeureup","kota":"Kabupaten Bogor","tipe_kawasan":"Permukiman","kualitas_udara":"sehat","atribut":{"sumber_batas":"OSM","kualitas_udara":"contoh","stasiun":0,"rth":2,"poi":0}}},{"type":"Feature","geometry":{"type":"MultiPolygon","coordinates":[[[[106.804328,-6.448864],[106.804786,-6.449024],[106.805128,-6.449031],[106.805851,-6.448963],[106.806386,-6.448726],[106.807226,-6.448844],[106.807595,-6.448702],[106.808402,-6.448804],[106.812034,-6.448908],[106.812878,-6.448849],[106.813901,-6.448685],[106.81421,-6.448501],[106.814483,-6.448494],[106.81453,-6.4483],[106.814789,-6.448156],[106.814925,-6.448561],[106.81546,-6.449404],[106.815945,-6.449933],[106.816116,-6.450609],[106.815901,-6.451213],[106.814143,-6.452692],[106.813927,-6.453296],[106.813862,-6.454009],[106.813917,-6.454684],[106.814181,-6.455905],[106.814364,-6.456164],[106.814703,-6.456449],[106.815511,-6.456991],[106.816086,-6.457613],[106.81627,-6.458132],[106.816324,-6.458782],[106.816247,-6.459198],[106.815832,-6.459485],[106.813831,-6.459882],[106.813624,-6.460091],[106.813599,-6.460532],[106.813704,-6.460662],[106.815395,-6.460994],[106.815682,-6.461201],[106.815891,-6.46146],[106.815918,-6.461798],[106.815374,-6.462319],[106.814584,-6.462919],[106.814327,-6.463232],[106.814288,-6.463748],[106.814534,-6.464141],[106.814915,-6.464276],[106.816327,-6.463931],[106.817264,-6.463819],[106.817646,-6.46413],[106.817906,-6.46455],[106.817976,-6.465188],[106.817895,-6.465406],[106.81734,-6.465951],[106.816811,-6.466157],[106.816553,-6.466171],[106.815491,-6.465767],[106.81458,-6.465567],[106.81439,-6.465649],[106.814418,-6.465905],[106.812809,-6.465889],[106.812528,-6.465991],[106.811975,-6.465853],[106.811705,-6.465854],[106.811736,-6.466425],[106.810103,-6.46625],[106.809685,-6.466351],[106.809183,-6.466341],[106.808817,-6.466271],[106.808301,-6.466001],[106.807452,-6.465935],[106.807255,-6.465986],[106.807345,-6.466294],[106.807321,-6.466409],[106.806751,-6.467248],[106.806528,-6.467676],[106.806485,-6.467914],[106.805781,-6.468613],[106.805463,-6.468821],[106.804824,-6.46899],[106.804226,-6.468872],[106.803885,-6.468916],[106.803246,-6.467966],[106.803139,-6.467565],[106.802831,-6.46259],[106.802659,-6.462168],[106.803824,-6.461354],[106.804331,-6.461272],[106.804486,-6.460703],[106.804596,-6.459787],[106.805199,-6.458404],[106.805469,-6.457309],[106.806106,-6.455297],[106.805147,-6.454816],[106.80502,-6.454664],[106.804073,-6.454349],[106.803349,-6.453982],[106.802653,-6.453738],[106.803298,-6.452966],[106.803837,-6.452771],[106.803933,-6.452669],[106.804026,-6.452253],[106.803913,-6.451862],[106.803814,-6.451012],[106.803918,-6.45053],[106.804272,-6.449953],[106.804328,-6.448864]]]]},"properties":{"nama":"Rawapanjang","kecamatan":"Bojong Gede","kota":"Kabupaten Bogor","tipe_kawasan":"Permukiman","kualitas_udara":"sehat","atribut":{"sumber_batas":"OSM","kualitas_udara":"contoh","stasiun":0,"rth":1,"poi":3}}},{"type":"Feature","geometry":{"type":"MultiPolygon","coordinates":[[[[106.702379,-6.359118],[106.704007,-6.359033],[106.705457,-6.35857],[106.706897,-6.358426],[106.709756,-6.358711],[106.711826,-6.358605],[106.712555,-6.358706],[106.714254,-6.358792],[106.715999,-6.358652],[106.716122,-6.358745],[106.717161,-6.35879],[106.717742,-6.358695],[106.718205,-6.3587],[106.718515,-6.358867],[106.718638,-6.3587],[106.718786,-6.358718],[106.718936,-6.359792],[106.71869,-6.360579],[106.718393,-6.361186],[106.718362,-6.361508],[106.718421,-6.36172],[106.719019,-6.362034],[106.719307,-6.362033],[106.719532,-6.361788],[106.719679,-6.361326],[106.71993,-6.360998],[106.720435,-6.361096],[106.7206,-6.36123],[106.720933,-6.362187],[106.721314,-6.362889],[106.721329,-6.363035],[106.720941,-6.363349],[106.720389,-6.36415],[106.720229,-6.36426],[106.719553,-6.364358],[106.719336,-6.36434],[106.718987,-6.364193],[106.71795,-6.364072],[106.717795,-6.364307],[106.717864,-6.364495],[106.717772,-6.364777],[106.717501,-6.364878],[106.717073,-6.365176],[106.717025,-6.36561],[106.717153,-6.365812],[106.717294,-6.36639],[106.717644,-6.366499],[106.717682,-6.366687],[106.717858,-6.366978],[106.718411,-6.366987],[106.718441,-6.367148],[106.718426,-6.367377],[106.718319,-6.367636],[106.717781,-6.368409],[106.717525,-6.368451],[106.717352,-6.368974],[106.717204,-6.369144],[106.716966,-6.369688],[106.7171,-6.369834],[106.71712,-6.370104],[106.717674,-6.370512],[106.717888,-6.371208],[106.718364,-6.371419],[106.718622,-6.371612],[106.719226,-6.372228],[106.720095,-6.372591],[106.721174,-6.373554],[106.721383,-6.373635],[106.72172,-6.373645],[106.72246,-6.37404],[106.72271,-6.37434],[106.72271,-6.37461],[106.72245,-6.37482],[106.721866,-6.375014],[106.721632,-6.375272],[106.721428,-6.375353],[106.720883,-6.376136],[106.720864,-6.376306],[106.720929,-6.376373],[106.721848,-6.376626],[106.722288,-6.376612],[106.72283,-6.37638],[106.723349,-6.376315],[106.72366,-6.37648],[106.72376,-6.37662],[106.723775,-6.376892],[106.723693,-6.37701],[106.722944,-6.377492],[106.722723,-6.377791],[106.72254,-6.37862],[106.72215,-6.37901],[106.72173,-6.37963],[106.72167,-6.37982],[106.721715,-6.379967],[106.720134,-6.380745],[106.720052,-6.380695],[106.719974,-6.380431],[106.719656,-6.380317],[106.719632,-6.380155],[106.719702,-6.379876],[106.719275,-6.379842],[106.71926,-6.379901],[106.718849,-6.379897],[106.71796,-6.379744],[106.717466,-6.379826],[106.717103,-6.379722],[106.711518,-6.379713],[106.711461,-6.380114],[106.711169,-6.380211],[106.71091,-6.380859],[106.710571,-6.381281],[106.710153,-6.380855],[106.709617,-6.381741],[106.709144,-6.38236],[106.709147,-6.38253],[106.709515,-6.382798],[106.709546,-6.382886],[106.709404,-6.383362],[106.70873,-6.383194],[106.70866,-6.383225],[106.708448,-6.38379],[106.708186,-6.383749],[106.707489,-6.38382],[106.707351,-6.383564],[106.706983,-6.383141],[106.706891,-6.382871],[106.706523,-6.382524],[106.705991,-6.382373],[106.705236,-6.381913],[106.704365,-6.381771],[106.70449,-6.381445],[106.70447,-6.381308],[106.704207,-6.380825],[106.703863,-6.379951],[106.703857,-6.379071],[106.703715,-6.378959],[106.703356,-6.378842],[106.703159,-6.37912],[106.702723,-6.378846],[106.702502,-6.378782],[106.702409,-6.378807],[106.702388,-6.378961],[106.701817,-6.378993],[106.701692,-6.379225],[106.701203,-6.37931],[106.701192,-6.379475],[106.700675,-6.379542],[106.700673,-6.380187],[106.70005,-6.380216],[106.700064,-6.375057],[106.700309,-6.374513],[106.70009,-6.374252],[106.699896,-6.374153],[106.699397,-6.373097],[106.699282,-6.372174],[106.699418,-6.371763],[106.701512,-6.370336],[106.702093,-6.369866],[106.702098,-6.36882],[106.702246,-6.367869],[106.702257,-6.367162],[106.700927,-6.364146],[106.699892,-6.362023],[106.699437,-6.361313],[106.699789,-6.361064],[106.700118,-6.360693],[106.700451,-6.360898],[106.70096,-6.360717],[106.701017,-6.36065],[106.701013,-6.359913],[106.702459,-6.359703],[106.702488,-6.359603],[106.702379,-6.359118]]]]},"properties":{"nama":"Rawakalong","kecamatan":"Gunung Sindur","kota":"Kabupaten Bogor","tipe_kawasan":"Kawasan hijau","kualitas_udara":"sehat","atribut":{"sumber_batas":"OSM","kualitas_udara":"contoh","stasiun":0,"rth":4,"poi":4}}},{"type":"Feature","geometry":{"type":"MultiPolygon","coordinates":[[[[106.765597,-6.439297],[106.767095,-6.43906],[106.767148,-6.439113],[106.767526,-6.439035],[106.767572,-6.439126],[106.767999,-6.438955],[106.768135,-6.439114],[106.768774,-6.439207],[106.768859,-6.439272],[106.768966,-6.439272],[106.768941,-6.439068],[106.770792,-6.439134],[106.771614,-6.439056],[106.772013,-6.439082],[106.772604,-6.43927],[106.774686,-6.439194],[106.775516,-6.439272],[106.776698,-6.43926],[106.777291,-6.43918],[106.77948,-6.439297],[106.779961,-6.439207],[106.78118,-6.439354],[106.781653,-6.439218],[106.782559,-6.439297],[106.782575,-6.439154],[106.783102,-6.439302],[106.783308,-6.439299],[106.783309,-6.439202],[106.78443,-6.439318],[106.784614,-6.439512],[106.784808,-6.439562],[106.785337,-6.439287],[106.786343,-6.439369],[106.786643,-6.439276],[106.787474,-6.439265],[106.787497,-6.439028],[106.787552,-6.439039],[106.787589,-6.439118],[106.787814,-6.439126],[106.787827,-6.439282],[106.788082,-6.439382],[106.788104,-6.439498],[106.788618,-6.439477],[106.788718,-6.43972],[106.788718,-6.440217],[106.788459,-6.440652],[106.788475,-6.440795],[106.789226,-6.44049],[106.790406,-6.440505],[106.791555,-6.440795],[106.792036,-6.441038],[106.792067,-6.441763],[106.792131,-6.441844],[106.794501,-6.441649],[106.794516,-6.441758],[106.795147,-6.441645],[106.795215,-6.442124],[106.795301,-6.442185],[106.795365,-6.442602],[106.79527,-6.442657],[106.79526,-6.442809],[106.795356,-6.443491],[106.79543,-6.44362],[106.795434,-6.44389],[106.795578,-6.443926],[106.795588,-6.444853],[106.795704,-6.444979],[106.795702,-6.446784],[106.795531,-6.446864],[106.795561,-6.447326],[106.795719,-6.447385],[106.795357,-6.448137],[106.794986,-6.448542],[106.794814,-6.44921],[106.794432,-6.449799],[106.79425,-6.4517],[106.793198,-6.451785],[106.793165,-6.45223],[106.793075,-6.452584],[106.793011,-6.452605],[106.792262,-6.452594],[106.791117,-6.452453],[106.791078,-6.452858],[106.790502,-6.452785],[106.78975,-6.452834],[106.788881,-6.452796],[106.788125,-6.452969],[106.788323,-6.453234],[106.785588,-6.4526],[106.781438,-6.452556],[106.78061,-6.452434],[106.775354,-6.452395],[106.775397,-6.451977],[106.775633,-6.451406],[106.775692,-6.450779],[106.775536,-6.450574],[106.774977,-6.450423],[106.77476,-6.450183],[106.774738,-6.449956],[106.775047,-6.449515],[106.775104,-6.44919],[106.775033,-6.449066],[106.774697,-6.448837],[106.774447,-6.447917],[106.7741,-6.448015],[106.77369,-6.448261],[106.773532,-6.448442],[106.773277,-6.448178],[106.772814,-6.447916],[106.7711,-6.447246],[106.770777,-6.447171],[106.769799,-6.447115],[106.769804,-6.446633],[106.76996,-6.445796],[106.770179,-6.445597],[106.770238,-6.445414],[106.770263,-6.444663],[106.769427,-6.444873],[106.769023,-6.444803],[106.768677,-6.444559],[106.768641,-6.443888],[106.768266,-6.442954],[106.767851,-6.442841],[106.767075,-6.44277],[106.766684,-6.44058],[106.766463,-6.440498],[106.765813,-6.440564],[106.765597,-6.439297]]]]},"properties":{"nama":"Ragajaya","kecamatan":"Bojong Gede","kota":"Kabupaten Bogor","tipe_kawasan":"Pusat aktivitas","kualitas_udara":"kurang_sehat","atribut":{"sumber_batas":"OSM","kualitas_udara":"contoh","stasiun":0,"rth":0,"poi":20}}},{"type":"Feature","geometry":{"type":"MultiPolygon","coordinates":[[[[106.699171,-6.536732],[106.69911,-6.537556],[106.699254,-6.537999],[106.699381,-6.538075],[106.700465,-6.538265],[106.702136,-6.538326],[106.704383,-6.538709],[106.705113,-6.538749],[106.705828,-6.53892],[106.706158,-6.539064],[106.706464,-6.539384],[106.706257,-6.540378],[106.706191,-6.541059],[106.706434,-6.54124],[106.707292,-6.541115],[106.708079,-6.541105],[106.708399,-6.541349],[106.708912,-6.542357],[106.70914,-6.542588],[106.709491,-6.542789],[106.709671,-6.542862],[106.710956,-6.542428],[106.712272,-6.54214],[106.712409,-6.542189],[106.712548,-6.542369],[106.712531,-6.542919],[106.712236,-6.543588],[106.712092,-6.544211],[106.712093,-6.544727],[106.712381,-6.54494],[106.712761,-6.54495],[106.713236,-6.544576],[106.71373,-6.544485],[106.715121,-6.544614],[106.715649,-6.545066],[106.716137,-6.545215],[106.716617,-6.545178],[106.717632,-6.544764],[106.717561,-6.544254],[106.717032,-6.542377],[106.716132,-6.538452],[106.715928,-6.537719],[106.715708,-6.537196],[106.715338,-6.536725],[106.714874,-6.536367],[106.712409,-6.535144],[106.712293,-6.534576],[106.711938,-6.534135],[106.711861,-6.533715],[106.71134,-6.532829],[106.710948,-6.532439],[106.710749,-6.531602],[106.71066,-6.531448],[106.710537,-6.53135],[106.709901,-6.531156],[106.709738,-6.53101],[106.709704,-6.530717],[106.710234,-6.52972],[106.710047,-6.529069],[106.70965,-6.528816],[106.708976,-6.528844],[106.708835,-6.528473],[106.708242,-6.528007],[106.708043,-6.527647],[106.707613,-6.527242],[106.707014,-6.527068],[106.70603,-6.527176],[106.705977,-6.526659],[106.705773,-6.526379],[106.705946,-6.526297],[106.705963,-6.526138],[106.705668,-6.525744],[106.705619,-6.525022],[106.705339,-6.524565],[106.70543,-6.524231],[106.70514,-6.52362],[106.704856,-6.523551],[106.704781,-6.523002],[106.704305,-6.523551],[106.702617,-6.524203],[106.702431,-6.524132],[106.701977,-6.523559],[106.701753,-6.523416],[106.701541,-6.523387],[106.701091,-6.523518],[106.700004,-6.524304],[106.699478,-6.524377],[106.698683,-6.523699],[106.697572,-6.523045],[106.696989,-6.522117],[106.695317,-6.520531],[106.694873,-6.520455],[106.694558,-6.520612],[106.694064,-6.52072],[106.693688,-6.520282],[106.69305,-6.520057],[106.692598,-6.520155],[106.692295,-6.520377],[106.691593,-6.52037],[106.69151,-6.521551],[106.691132,-6.522738],[106.691248,-6.523243],[106.691733,-6.523964],[106.69145,-6.524485],[106.691523,-6.524687],[106.691697,-6.524955],[106.693314,-6.525673],[106.693755,-6.52611],[106.693833,-6.526363],[106.69365,-6.52678],[106.692952,-6.527558],[106.692756,-6.52808],[106.692827,-6.528586],[106.693038,-6.528903],[106.693478,-6.529275],[106.693552,-6.52958],[106.693413,-6.529794],[106.693173,-6.529928],[106.692703,-6.530429],[106.69271,-6.53076],[106.69283,-6.530891],[106.693099,-6.530949],[106.694182,-6.531047],[106.694592,-6.531204],[106.694721,-6.531334],[106.695326,-6.532586],[106.695872,-6.53309],[106.696034,-6.533335],[106.696,-6.534978],[106.696161,-6.535373],[106.696542,-6.535667],[106.696663,-6.535877],[106.696749,-6.536562],[106.696829,-6.536685],[106.697282,-6.536762],[106.698703,-6.536352],[106.699025,-6.536339],[106.699108,-6.536445],[106.699171,-6.536732]]]]},"properties":{"nama":"Rancabungur","kecamatan":"Ranca Bungur","kota":"Kabupaten Bogor","tipe_kawasan":"Permukiman","kualitas_udara":"kurang_sehat","atribut":{"sumber_batas":"OSM","kualitas_udara":"contoh","stasiun":0,"rth":1,"poi":2}}},{"type":"Feature","geometry":{"type":"MultiPolygon","coordinates":[[[[106.886332,-6.47324],[106.887141,-6.472037],[106.886457,-6.470713],[106.886457,-6.470562],[106.886543,-6.470408],[106.886225,-6.470103],[106.886613,-6.469289],[106.885943,-6.468965],[106.885306,-6.46826],[106.884865,-6.468819],[106.884668,-6.468898],[106.88453,-6.468869],[106.884444,-6.468741],[106.884427,-6.46845],[106.884158,-6.468277],[106.884475,-6.467803],[106.884344,-6.467698],[106.884235,-6.467843],[106.884081,-6.467765],[106.883811,-6.468223],[106.883473,-6.468182],[106.883337,-6.468636],[106.883031,-6.468606],[106.88258,-6.46941],[106.882191,-6.469949],[106.88198,-6.469919],[106.880582,-6.471634],[106.880808,-6.47212],[106.880686,-6.473072],[106.880289,-6.474024],[106.879942,-6.475202],[106.879402,-6.476053],[106.878208,-6.476808],[106.877549,-6.477549],[106.877223,-6.478127],[106.876688,-6.47933],[106.876694,-6.479571],[106.876541,-6.480285],[106.876634,-6.480572],[106.876521,-6.481089],[106.876316,-6.48162],[106.875262,-6.483024],[106.874878,-6.483337],[106.874646,-6.483444],[106.874475,-6.483749],[106.873823,-6.485434],[106.875527,-6.48598],[106.87913,-6.487386],[106.881647,-6.488245],[106.882977,-6.483264],[106.883026,-6.482145],[106.882957,-6.481557],[106.882552,-6.47997],[106.882496,-6.479169],[106.882595,-6.478854],[106.883339,-6.477595],[106.886332,-6.47324]]]]},"properties":{"nama":"Puspanegara","kecamatan":"Citeureup","kota":"Kabupaten Bogor","tipe_kawasan":"Permukiman","kualitas_udara":"kurang_sehat","atribut":{"sumber_batas":"OSM","kualitas_udara":"contoh","stasiun":0,"rth":1,"poi":0}}},{"type":"Feature","geometry":{"type":"MultiPolygon","coordinates":[[[[106.873823,-6.485434],[106.871998,-6.484871],[106.871296,-6.484589],[106.870715,-6.484237],[106.870512,-6.483967],[106.869588,-6.481849],[106.868738,-6.480702],[106.868329,-6.480445],[106.867746,-6.480614],[106.867403,-6.480085],[106.867314,-6.479808],[106.867313,-6.479647],[106.86758,-6.479198],[106.868037,-6.478712],[106.868244,-6.478633],[106.868574,-6.478658],[106.869164,-6.479082],[106.869727,-6.479274],[106.870141,-6.47924],[106.870405,-6.479078],[106.870643,-6.478644],[106.870687,-6.478366],[106.870679,-6.478062],[106.870575,-6.477708],[106.870051,-6.477682],[106.869634,-6.477816],[106.869326,-6.477817],[106.868863,-6.477533],[106.868642,-6.477182],[106.868553,-6.476941],[106.868618,-6.476655],[106.868771,-6.476369],[106.86899,-6.476171],[106.87022,-6.475925],[106.871032,-6.475658],[106.871273,-6.47546],[106.871295,-6.475284],[106.87092,-6.474978],[106.870809,-6.474758],[106.87083,-6.474407],[106.871027,-6.474274],[106.871819,-6.474535],[106.872017,-6.47449],[106.872061,-6.474424],[106.872038,-6.474095],[106.870991,-6.472362],[106.870845,-6.472],[106.87097,-6.471547],[106.871636,-6.470368],[106.871635,-6.470024],[106.871416,-6.469626],[106.871269,-6.469138],[106.871341,-6.46892],[106.871522,-6.468793],[106.871884,-6.468828],[106.872175,-6.468954],[106.872339,-6.469152],[106.872339,-6.469333],[106.872178,-6.469714],[106.872251,-6.469967],[106.872451,-6.470148],[106.873994,-6.470921],[106.874121,-6.470884],[106.874211,-6.470775],[106.874245,-6.470103],[106.874543,-6.469963],[106.875002,-6.469577],[106.875822,-6.468519],[106.876783,-6.468391],[106.877226,-6.468477],[106.877631,-6.468636],[106.878584,-6.467658],[106.880294,-6.469265],[106.880554,-6.469665],[106.880739,-6.470319],[106.880584,-6.471128],[106.880582,-6.471634],[106.880808,-6.47212],[106.880686,-6.473072],[106.880289,-6.474024],[106.879942,-6.475202],[106.879402,-6.476053],[106.878208,-6.476808],[106.877549,-6.477549],[106.877223,-6.478127],[106.876688,-6.47933],[106.876694,-6.479571],[106.876541,-6.480285],[106.876634,-6.480572],[106.876521,-6.481089],[106.876316,-6.48162],[106.875262,-6.483024],[106.874878,-6.483337],[106.874646,-6.483444],[106.874475,-6.483749],[106.873823,-6.485434]]]]},"properties":{"nama":"Puspasari","kecamatan":"Citeureup","kota":"Kabupaten Bogor","tipe_kawasan":"Permukiman","kualitas_udara":"kurang_sehat","atribut":{"sumber_batas":"OSM","kualitas_udara":"contoh","stasiun":0,"rth":0,"poi":0}}},{"type":"Feature","geometry":{"type":"MultiPolygon","coordinates":[[[[106.895188,-6.516194],[106.895048,-6.516448],[106.895059,-6.516824],[106.894902,-6.516988],[106.894843,-6.517239],[106.894511,-6.517377],[106.894446,-6.517469],[106.894271,-6.518115],[106.894417,-6.518373],[106.894265,-6.51865],[106.894157,-6.518684],[106.893922,-6.518563],[106.893792,-6.518816],[106.893512,-6.519113],[106.893129,-6.519192],[106.892948,-6.51937],[106.89295,-6.519844],[106.892152,-6.520159],[106.891543,-6.520304],[106.890986,-6.521061],[106.890853,-6.521337],[106.890494,-6.521467],[106.890437,-6.521789],[106.890587,-6.522963],[106.890141,-6.523894],[106.889891,-6.524187],[106.889656,-6.52433],[106.88844,-6.524448],[106.88814,-6.524621],[106.888102,-6.525053],[106.88789,-6.525858],[106.888134,-6.526358],[106.888149,-6.526576],[106.887405,-6.528702],[106.88711,-6.528949],[106.886853,-6.528901],[106.885664,-6.528035],[106.885245,-6.527922],[106.884471,-6.527911],[106.883286,-6.528326],[106.882969,-6.528343],[106.882545,-6.528148],[106.880823,-6.527666],[106.879587,-6.526972],[106.879041,-6.526337],[106.878563,-6.526053],[106.878212,-6.525952],[106.877912,-6.525347],[106.876585,-6.524317],[106.876335,-6.52407],[106.875752,-6.523268],[106.874675,-6.522317],[106.874321,-6.521839],[106.873667,-6.520593],[106.873657,-6.520003],[106.873874,-6.51904],[106.873817,-6.518606],[106.873629,-6.518389],[106.873346,-6.518257],[106.873025,-6.518342],[106.87267,-6.518628],[106.872028,-6.519386],[106.871719,-6.51963],[106.871332,-6.519671],[106.871148,-6.519546],[106.870746,-6.518925],[106.870936,-6.517945],[106.871597,-6.516251],[106.871992,-6.51567],[106.872126,-6.515109],[106.873308,-6.513925],[106.873623,-6.513506],[106.873868,-6.512938],[106.874312,-6.512277],[106.874433,-6.511737],[106.875267,-6.510782],[106.875755,-6.510584],[106.87632,-6.509932],[106.877145,-6.508347],[106.877587,-6.506788],[106.875915,-6.504251],[106.877169,-6.502946],[106.878012,-6.502357],[106.878894,-6.501958],[106.879227,-6.50209],[106.879563,-6.502411],[106.879727,-6.502438],[106.88019,-6.502346],[106.88033,-6.502387],[106.881178,-6.503509],[106.883096,-6.50449],[106.883325,-6.504975],[106.883252,-6.505484],[106.885942,-6.506401],[106.885657,-6.507064],[106.885714,-6.507216],[106.885966,-6.507486],[106.886075,-6.507769],[106.886062,-6.508012],[106.885936,-6.508269],[106.885957,-6.508391],[106.887104,-6.508395],[106.887718,-6.508163],[106.888189,-6.507838],[106.888768,-6.507692],[106.888957,-6.50771],[106.889531,-6.507943],[106.889774,-6.508487],[106.889819,-6.508731],[106.890065,-6.509195],[106.890602,-6.51088],[106.891081,-6.511491],[106.891375,-6.512178],[106.891738,-6.512464],[106.89194,-6.512541],[106.892582,-6.512543],[106.893269,-6.512843],[106.893652,-6.513324],[106.894265,-6.513636],[106.894262,-6.513834],[106.894056,-6.514254],[106.894121,-6.5143],[106.894648,-6.514354],[106.895059,-6.514315],[106.895206,-6.514459],[106.895026,-6.515046],[106.895102,-6.515903],[106.895188,-6.516194]]]]},"properties":{"nama":"Sukahati","kecamatan":"Citeureup","kota":"Kabupaten Bogor","tipe_kawasan":"Permukiman","kualitas_udara":"kurang_sehat","atribut":{"sumber_batas":"OSM","kualitas_udara":"contoh","stasiun":0,"rth":1,"poi":2}}},{"type":"Feature","geometry":{"type":"MultiPolygon","coordinates":[[[[106.798078,-6.506445],[106.798703,-6.506147],[106.798798,-6.506049],[106.798815,-6.505864],[106.798715,-6.505557],[106.79831,-6.504946],[106.798119,-6.504762],[106.797601,-6.504532],[106.797423,-6.504387],[106.797286,-6.504157],[106.797216,-6.503646],[106.797346,-6.503312],[106.797838,-6.503251],[106.798018,-6.50333],[106.798186,-6.503488],[106.798758,-6.504409],[106.798895,-6.504513],[106.799134,-6.504562],[106.799419,-6.504552],[106.800009,-6.50429],[106.800543,-6.503799],[106.80073,-6.503426],[106.800658,-6.50308],[106.800518,-6.502931],[106.800315,-6.502835],[106.799383,-6.502682],[106.799036,-6.502534],[106.798608,-6.502174],[106.798488,-6.501963],[106.798365,-6.501396],[106.7984,-6.500743],[106.798578,-6.500473],[106.799049,-6.500342],[106.801107,-6.500218],[106.802037,-6.50009],[106.802381,-6.5],[106.803566,-6.499303],[106.803649,-6.499169],[106.803648,-6.498968],[106.802772,-6.497713],[106.802836,-6.497043],[106.803053,-6.496556],[106.803354,-6.496286],[106.803655,-6.496168],[106.804092,-6.4963],[106.805119,-6.497236],[106.805303,-6.497252],[106.805438,-6.497218],[106.806172,-6.496008],[106.806456,-6.49589],[106.806792,-6.495989],[106.807246,-6.496272],[106.807666,-6.496204],[106.807749,-6.49612],[106.807915,-6.495683],[106.807912,-6.494744],[106.80748,-6.493104],[106.807404,-6.492453],[106.807458,-6.492006],[106.808124,-6.490775],[106.808086,-6.490496],[106.807862,-6.490367],[106.807396,-6.490294],[106.807209,-6.490202],[106.807135,-6.490109],[106.807134,-6.489923],[106.807189,-6.489792],[106.808211,-6.489007],[106.808393,-6.487871],[106.808577,-6.487163],[106.80893,-6.486957],[106.809321,-6.487049],[106.80949,-6.487253],[106.809454,-6.487681],[106.808953,-6.488241],[106.808936,-6.488558],[106.809273,-6.489152],[106.809759,-6.489541],[106.81028,-6.489614],[106.811081,-6.489592],[106.812458,-6.489197],[106.812849,-6.489139],[106.813799,-6.489266],[106.815123,-6.489596],[106.815253,-6.489615],[106.815309,-6.48954],[106.81527,-6.489038],[106.815157,-6.488722],[106.814988,-6.48848],[106.814091,-6.487609],[106.814053,-6.487423],[106.814145,-6.487181],[106.814369,-6.487031],[106.814832,-6.486508],[106.814902,-6.486196],[106.814866,-6.485967],[106.814777,-6.485809],[106.814143,-6.485705],[106.813754,-6.48546],[106.813506,-6.485092],[106.81271,-6.484232],[106.812657,-6.484091],[106.812726,-6.483792],[106.812902,-6.483685],[106.813572,-6.483665],[106.814189,-6.483857],[106.814647,-6.483732],[106.814804,-6.483555],[106.814838,-6.483168],[106.814749,-6.482887],[106.814253,-6.482079],[106.814199,-6.481692],[106.814265,-6.480406],[106.814211,-6.480026],[106.81391,-6.479214],[106.813925,-6.478899],[106.813991,-6.478782],[106.814323,-6.478532],[106.8155,-6.478046],[106.815765,-6.47778],[106.815946,-6.477364],[106.81601,-6.476617],[106.815572,-6.474959],[106.815471,-6.474428],[106.815469,-6.47403],[106.815535,-6.473781],[106.816301,-6.472681],[106.816456,-6.47235],[106.816416,-6.472136],[106.81626,-6.471845],[106.815712,-6.471166],[106.815379,-6.470623],[106.815085,-6.469904],[106.814887,-6.469108],[106.814747,-6.468116],[106.814822,-6.466739],[106.81578,-6.46676],[106.81604,-6.4669],[106.81608,-6.46697],[106.81569,-6.46754],[106.81554,-6.46791],[106.81562,-6.46814],[106.81583,-6.46824],[106.81648,-6.46792],[106.81719,-6.46704],[106.81814,-6.46688],[106.81837,-6.46694],[106.81875,-6.4673],[106.81914,-6.46736],[106.81941,-6.46751],[106.81947,-6.46761],[106.81946,-6.4679],[106.8194,-6.46814],[106.81893,-6.46889],[106.81889,-6.46906],[106.81912,-6.47052],[106.81907,-6.47108],[106.8187,-6.47196],[106.817647,-6.473052],[106.817557,-6.473305],[106.817601,-6.473674],[106.817833,-6.474343],[106.818322,-6.474427],[106.818529,-6.47501],[106.818525,-6.475149],[106.819143,-6.475472],[106.819443,-6.475012],[106.819687,-6.474915],[106.820125,-6.475075],[106.820446,-6.474733],[106.820655,-6.474475],[106.820521,-6.473991],[106.820547,-6.473823],[106.820957,-6.473667],[106.82174,-6.473658],[106.82209,-6.4738],[106.822222,-6.474067],[106.822214,-6.474282],[106.821868,-6.475374],[106.821654,-6.475633],[106.821353,-6.475807],[106.820683,-6.475709],[106.819915,-6.476262],[106.81987,-6.4766],[106.820003,-6.476716],[106.820167,-6.477208],[106.82032,-6.477318],[106.820339,-6.478475],[106.820493,-6.478609],[106.8206,-6.47906],[106.821018,-6.479213],[106.821259,-6.479056],[106.821475,-6.479189],[106.820695,-6.480407],[106.820866,-6.480798],[106.820843,-6.481001],[106.820694,-6.481157],[106.820163,-6.481386],[106.82005,-6.481578],[106.820027,-6.481805],[106.82018,-6.48217],[106.82054,-6.4826],[106.82052,-6.48273],[106.81999,-6.48339],[106.81987,-6.48397],[106.81987,-6.48453],[106.82009,-6.48495],[106.820139,-6.485676],[106.820225,-6.485729],[106.82026,-6.48592],[106.820438,-6.486091],[106.820596,-6.486151],[106.821758,-6.485932],[106.82203,-6.48617],[106.8222,-6.48646],[106.822152,-6.486752],[106.82231,-6.48706],[106.822985,-6.487897],[106.82312,-6.48827],[106.823127,-6.488704],[106.82307,-6.48925],[106.82297,-6.4894],[106.82234,-6.48973],[106.82178,-6.49018],[106.82118,-6.49124],[106.82123,-6.49241],[106.82118,-6.49313],[106.82137,-6.49389],[106.82147,-6.49466],[106.82124,-6.49597],[106.8211,-6.49613],[106.82036,-6.49644],[106.819148,-6.497751],[106.81868,-6.4981],[106.81859,-6.49835],[106.818552,-6.498811],[106.81844,-6.499],[106.81821,-6.49919],[106.81773,-6.49921],[106.81751,-6.4993],[106.81722,-6.49961],[106.81699,-6.50101],[106.81654,-6.50214],[106.81651,-6.50259],[106.81661,-6.50309],[106.81649,-6.50377],[106.816748,-6.504171],[106.817236,-6.504359],[106.810538,-6.507909],[106.81042,-6.508105],[106.8095,-6.508122],[106.809057,-6.508063],[106.80893,-6.507972],[106.808953,-6.507733],[106.808731,-6.507634],[106.807995,-6.507527],[106.807386,-6.507307],[106.806868,-6.507248],[106.806447,-6.506664],[106.804888,-6.506437],[106.804692,-6.506523],[106.804616,-6.506773],[106.804548,-6.506808],[106.804034,-6.506685],[106.80395,-6.506529],[106.803891,-6.505706],[106.802934,-6.505676],[106.802999,-6.507366],[106.802948,-6.507447],[106.802439,-6.507568],[106.802247,-6.507488],[106.801845,-6.507713],[106.801722,-6.507524],[106.801086,-6.507413],[106.801164,-6.506722],[106.801102,-6.506695],[106.800758,-6.50662],[106.800517,-6.506728],[106.799227,-6.506669],[106.79921,-6.507101],[106.798842,-6.507123],[106.798427,-6.506994],[106.798078,-6.506445]]]]},"properties":{"nama":"Sukahati","kecamatan":"Bojong Gede","kota":"Kabupaten Bogor","tipe_kawasan":"Permukiman","kualitas_udara":"kurang_sehat","atribut":{"sumber_batas":"OSM","kualitas_udara":"contoh","stasiun":0,"rth":1,"poi":3}}},{"type":"Feature","geometry":{"type":"MultiPolygon","coordinates":[[[[106.731054,-6.512151],[106.732486,-6.513145],[106.732746,-6.513384],[106.733006,-6.513861],[106.733386,-6.514079],[106.733802,-6.514218],[106.734149,-6.514448],[106.734363,-6.514672],[106.734565,-6.515034],[106.734888,-6.51529],[106.735351,-6.51581],[106.73583,-6.515818],[106.736447,-6.516071],[106.736701,-6.516462],[106.736682,-6.516739],[106.737893,-6.517692],[106.737903,-6.517804],[106.73989,-6.518051],[106.743182,-6.518578],[106.743917,-6.518497],[106.744677,-6.518238],[106.745385,-6.518248],[106.745448,-6.518303],[106.745545,-6.518735],[106.745776,-6.518941],[106.745329,-6.519779],[106.745343,-6.519875],[106.74602,-6.520136],[106.746921,-6.52034],[106.747146,-6.520439],[106.747281,-6.520583],[106.74733,-6.520898],[106.747148,-6.522276],[106.74735,-6.522301],[106.747446,-6.522095],[106.747573,-6.522024],[106.747928,-6.522099],[106.747891,-6.522437],[106.747713,-6.52246],[106.747625,-6.52257],[106.747701,-6.522739],[106.747995,-6.522918],[106.747992,-6.523226],[106.747511,-6.523246],[106.747437,-6.523306],[106.747481,-6.523464],[106.747437,-6.52351],[106.746914,-6.52351],[106.746835,-6.523994],[106.746261,-6.524044],[106.746234,-6.524526],[106.746305,-6.524634],[106.746713,-6.524675],[106.746796,-6.524791],[106.746734,-6.525026],[106.746757,-6.525273],[106.746573,-6.525508],[106.7466,-6.526171],[106.746698,-6.52626],[106.746956,-6.52632],[106.747001,-6.526796],[106.747242,-6.526864],[106.747462,-6.527788],[106.747738,-6.52802],[106.747729,-6.528088],[106.747518,-6.528195],[106.747417,-6.528338],[106.747408,-6.528716],[106.747569,-6.528805],[106.747602,-6.528903],[106.747631,-6.530334],[106.747548,-6.531098],[106.747358,-6.531193],[106.747337,-6.531476],[106.748069,-6.531598],[106.748089,-6.531881],[106.748253,-6.531875],[106.748109,-6.532853],[106.747232,-6.532807],[106.747109,-6.53292],[106.746884,-6.534005],[106.746639,-6.536502],[106.746394,-6.537957],[106.746206,-6.537968],[106.74574,-6.53789],[106.745718,-6.537688],[106.745032,-6.537586],[106.7447,-6.537675],[106.744052,-6.537623],[106.744047,-6.537712],[106.743845,-6.537621],[106.742482,-6.537413],[106.742332,-6.53751],[106.74227,-6.537758],[106.742194,-6.53884],[106.742107,-6.539117],[106.740561,-6.538537],[106.740489,-6.538389],[106.740549,-6.537254],[106.74086,-6.534821],[106.741027,-6.53279],[106.741162,-6.530094],[106.741105,-6.529566],[106.741157,-6.529302],[106.741093,-6.529038],[106.740893,-6.528795],[106.740729,-6.528747],[106.739682,-6.528738],[106.739673,-6.527991],[106.737246,-6.527857],[106.737246,-6.528029],[106.736222,-6.528057],[106.73583,-6.527946],[106.735621,-6.527817],[106.735694,-6.527536],[106.735706,-6.526711],[106.735209,-6.526449],[106.735097,-6.526761],[106.734697,-6.526694],[106.734783,-6.526389],[106.733817,-6.526316],[106.733723,-6.526556],[106.733361,-6.526398],[106.732845,-6.526444],[106.731119,-6.526317],[106.731122,-6.525738],[106.731017,-6.525625],[106.730228,-6.525512],[106.729165,-6.525666],[106.728629,-6.525575],[106.728433,-6.525477],[106.728143,-6.525039],[106.727899,-6.524894],[106.727616,-6.524892],[106.727012,-6.525138],[106.726736,-6.52515],[106.725531,-6.524781],[106.724924,-6.524833],[106.724344,-6.524717],[106.72381,-6.524814],[106.723808,-6.524169],[106.723966,-6.52403],[106.724082,-6.523812],[106.72448,-6.523586],[106.72462,-6.523333],[106.725081,-6.523084],[106.724864,-6.52289],[106.725073,-6.522439],[106.725043,-6.521984],[106.724918,-6.521463],[106.725028,-6.521255],[106.725251,-6.521056],[106.725322,-6.520872],[106.725498,-6.520131],[106.725489,-6.519551],[106.725643,-6.518727],[106.726078,-6.518206],[106.726893,-6.517517],[106.727279,-6.517097],[106.727654,-6.516496],[106.727788,-6.515901],[106.727865,-6.513822],[106.72809,-6.513326],[106.730002,-6.512422],[106.731054,-6.512151]]]]},"properties":{"nama":"Bantarsari","kecamatan":"Ranca Bungur","kota":"Kabupaten Bogor","tipe_kawasan":"Permukiman","kualitas_udara":"kurang_sehat","atribut":{"sumber_batas":"OSM","kualitas_udara":"contoh","stasiun":0,"rth":0,"poi":0}}},{"type":"Feature","geometry":{"type":"MultiPolygon","coordinates":[[[[106.741506,-6.539909],[106.74134,-6.53977],[106.740731,-6.539566],[106.739979,-6.539606],[106.739283,-6.539506],[106.738429,-6.539654],[106.73803,-6.540006],[106.737924,-6.540211],[106.737688,-6.541003],[106.737621,-6.541647],[106.737419,-6.542064],[106.737273,-6.542197],[106.736394,-6.542429],[106.736072,-6.542373],[106.735863,-6.542242],[106.735618,-6.541918],[106.735495,-6.540692],[106.735334,-6.540468],[106.735031,-6.540269],[106.734205,-6.540264],[106.733659,-6.540348],[106.733485,-6.540567],[106.733342,-6.541392],[106.733196,-6.541543],[106.73301,-6.541623],[106.73198,-6.541689],[106.731193,-6.541577],[106.730919,-6.54126],[106.730763,-6.540706],[106.731102,-6.539567],[106.731039,-6.539067],[106.730862,-6.538913],[106.730371,-6.538815],[106.728959,-6.538862],[106.727961,-6.539186],[106.727505,-6.53828],[106.726863,-6.538484],[106.725926,-6.538409],[106.725274,-6.538478],[106.725239,-6.538194],[106.72542,-6.538106],[106.725893,-6.538085],[106.726227,-6.538155],[106.726405,-6.538302],[106.726925,-6.538333],[106.72721,-6.538274],[106.727428,-6.538142],[106.72708,-6.537517],[106.726786,-6.5374],[106.72519,-6.535936],[106.724975,-6.534568],[106.724873,-6.534173],[106.724679,-6.533958],[106.724616,-6.533621],[106.724538,-6.533559],[106.722849,-6.533346],[106.722474,-6.533411],[106.722409,-6.533136],[106.72267,-6.532167],[106.722643,-6.531326],[106.721271,-6.531008],[106.721134,-6.530585],[106.721171,-6.53022],[106.721422,-6.529681],[106.721847,-6.529038],[106.722633,-6.528221],[106.722342,-6.527774],[106.721663,-6.52696],[106.721313,-6.526384],[106.720868,-6.526053],[106.721247,-6.52583],[106.721774,-6.525779],[106.72286,-6.525315],[106.723569,-6.524872],[106.724344,-6.524717],[106.724924,-6.524833],[106.725531,-6.524781],[106.726736,-6.52515],[106.727012,-6.525138],[106.727616,-6.524892],[106.727899,-6.524894],[106.728143,-6.525039],[106.728433,-6.525477],[106.728629,-6.525575],[106.729165,-6.525666],[106.730228,-6.525512],[106.731017,-6.525625],[106.731122,-6.525738],[106.731119,-6.526317],[106.732845,-6.526444],[106.733361,-6.526398],[106.733723,-6.526556],[106.733817,-6.526316],[106.734783,-6.526389],[106.734697,-6.526694],[106.735097,-6.526761],[106.735209,-6.526449],[106.735706,-6.526711],[106.735694,-6.527536],[106.735621,-6.527817],[106.73583,-6.527946],[106.736222,-6.528057],[106.737246,-6.528029],[106.737246,-6.527857],[106.739673,-6.527991],[106.739682,-6.528738],[106.740729,-6.528747],[106.740893,-6.528795],[106.741093,-6.529038],[106.741157,-6.529302],[106.741105,-6.529566],[106.741162,-6.530094],[106.741027,-6.53279],[106.74086,-6.534821],[106.740549,-6.537254],[106.740489,-6.538389],[106.740561,-6.538537],[106.742107,-6.539117],[106.741506,-6.539909]]]]},"properties":{"nama":"Bantarjaya","kecamatan":"Ranca Bungur","kota":"Kabupaten Bogor","tipe_kawasan":"Permukiman","kualitas_udara":"kurang_sehat","atribut":{"sumber_batas":"OSM","kualitas_udara":"contoh","stasiun":0,"rth":1,"poi":1}}},{"type":"Feature","geometry":{"type":"MultiPolygon","coordinates":[[[[106.907839,-6.480762],[106.908413,-6.480615],[106.908814,-6.480435],[106.908916,-6.480328],[106.909106,-6.479783],[106.909204,-6.479704],[106.910544,-6.479875],[106.911696,-6.480532],[106.91211,-6.480835],[106.912164,-6.480746],[106.911936,-6.47989],[106.911535,-6.477606],[106.911288,-6.476684],[106.91108,-6.476367],[106.910775,-6.475187],[106.910769,-6.472654],[106.90984,-6.472732],[106.909128,-6.472523],[106.908869,-6.472531],[106.908881,-6.472305],[106.909168,-6.472355],[106.909432,-6.472291],[106.909617,-6.472203],[106.909779,-6.472006],[106.910316,-6.47064],[106.910803,-6.470063],[106.911012,-6.469134],[106.911469,-6.468086],[106.910249,-6.467934],[106.910483,-6.467558],[106.910524,-6.467184],[106.910387,-6.466606],[106.910377,-6.466282],[106.910522,-6.465904],[106.910593,-6.465301],[106.910811,-6.465052],[106.910591,-6.464895],[106.910567,-6.464715],[106.910765,-6.464214],[106.910751,-6.463933],[106.910666,-6.46384],[106.910353,-6.463764],[106.910225,-6.463593],[106.910472,-6.462724],[106.910505,-6.461636],[106.91059,-6.461214],[106.910993,-6.460576],[106.910842,-6.459872],[106.910491,-6.459498],[106.910225,-6.459302],[106.908928,-6.458686],[106.909805,-6.458088],[106.911136,-6.456917],[106.910258,-6.456403],[106.90915,-6.456235],[106.907644,-6.456787],[106.90744,-6.456922],[106.907188,-6.457273],[106.907077,-6.457581],[106.907175,-6.459472],[106.907169,-6.459933],[106.907095,-6.460229],[106.906504,-6.461319],[106.906258,-6.461615],[106.90595,-6.461849],[106.905297,-6.46215],[106.904521,-6.462267],[106.901097,-6.461818],[106.900352,-6.461898],[106.900155,-6.462046],[106.899804,-6.462514],[106.899164,-6.464318],[106.899053,-6.464454],[106.898486,-6.464731],[106.898061,-6.464829],[106.896645,-6.464774],[106.895809,-6.464869],[106.893523,-6.465713],[106.893021,-6.466146],[106.892727,-6.466602],[106.892532,-6.466984],[106.892422,-6.467427],[106.892461,-6.467931],[106.892896,-6.468999],[106.893279,-6.469527],[106.894007,-6.470077],[106.895129,-6.470639],[106.89641,-6.471138],[106.899377,-6.471668],[106.900423,-6.471701],[106.900584,-6.471836],[106.900708,-6.472118],[106.900759,-6.472635],[106.901019,-6.473089],[106.901637,-6.473923],[106.903107,-6.475319],[106.903687,-6.475981],[106.903948,-6.476571],[106.904529,-6.477404],[106.905483,-6.479147],[106.905854,-6.479478],[106.907443,-6.480074],[106.907665,-6.48032],[106.907839,-6.480762]]]]},"properties":{"nama":"Bantar Jati","kecamatan":"Klapanunggal","kota":"Kabupaten Bogor","tipe_kawasan":"Permukiman dekat stasiun","kualitas_udara":"kurang_sehat","atribut":{"sumber_batas":"OSM","kualitas_udara":"contoh","stasiun":1,"rth":0,"poi":0}}},{"type":"Feature","geometry":{"type":"MultiPolygon","coordinates":[[[[106.692187,-6.457209],[106.69104,-6.45722],[106.69015,-6.456712],[106.689992,-6.456707],[106.689442,-6.456926],[106.688401,-6.456683],[106.688192,-6.456439],[106.687919,-6.456353],[106.687667,-6.456103],[106.686883,-6.456158],[106.686611,-6.456373],[106.686176,-6.456505],[106.685896,-6.456523],[106.685389,-6.456427],[106.685004,-6.456642],[106.684425,-6.456684],[106.684454,-6.457036],[106.684825,-6.457034],[106.684891,-6.457492],[106.685048,-6.457829],[106.68414,-6.458745],[106.683746,-6.459276],[106.683578,-6.459954],[106.683751,-6.46043],[106.682368,-6.460439],[106.682301,-6.460713],[106.68188,-6.460859],[106.681174,-6.461569],[106.680961,-6.461919],[106.680689,-6.462183],[106.680702,-6.462432],[106.680825,-6.462831],[106.68112,-6.463068],[106.681426,-6.462771],[106.681721,-6.462603],[106.681841,-6.462637],[106.682414,-6.463181],[106.683206,-6.463482],[106.683883,-6.464225],[106.684539,-6.464821],[106.684577,-6.464932],[106.684494,-6.465119],[106.683668,-6.465073],[106.683202,-6.465163],[106.683255,-6.465454],[106.683359,-6.465605],[106.68417,-6.46609],[106.684268,-6.466134],[106.684587,-6.466041],[106.685034,-6.466225],[106.685008,-6.466496],[106.685123,-6.466973],[106.684917,-6.467079],[106.68507,-6.468191],[106.684946,-6.468298],[106.684565,-6.468192],[106.684396,-6.468329],[106.684636,-6.468401],[106.684774,-6.468775],[106.684884,-6.468871],[106.685815,-6.469496],[106.686586,-6.46987],[106.687463,-6.470632],[106.687854,-6.470881],[106.687938,-6.471021],[106.687967,-6.471276],[106.688048,-6.471315],[106.688448,-6.47126],[106.688494,-6.471307],[106.688285,-6.471811],[106.688314,-6.471887],[106.688604,-6.471833],[106.688896,-6.472472],[106.688939,-6.473201],[106.68946,-6.473226],[106.689526,-6.473693],[106.689701,-6.473796],[106.689993,-6.473748],[106.690147,-6.47339],[106.690466,-6.473237],[106.69103,-6.473458],[106.691489,-6.473446],[106.691715,-6.473358],[106.691877,-6.473386],[106.691902,-6.473487],[106.691609,-6.473857],[106.691679,-6.473964],[106.692172,-6.474265],[106.691964,-6.475761],[106.69203,-6.475824],[106.692201,-6.475791],[106.692419,-6.475405],[106.692682,-6.475329],[106.692835,-6.475485],[106.692578,-6.475834],[106.692663,-6.476233],[106.693204,-6.476021],[106.693273,-6.476051],[106.693311,-6.476276],[106.69446,-6.476533],[106.69413,-6.4753],[106.694125,-6.47482],[106.694556,-6.471217],[106.694694,-6.469276],[106.694759,-6.469116],[106.694968,-6.468969],[106.695134,-6.468941],[106.695562,-6.469128],[106.695948,-6.469126],[106.696264,-6.469013],[106.696641,-6.468444],[106.697213,-6.4678],[106.697332,-6.467834],[106.697425,-6.468011],[106.697521,-6.468064],[106.698093,-6.468119],[106.698497,-6.468258],[106.698668,-6.468208],[106.699687,-6.468491],[106.699656,-6.46924],[106.700116,-6.469277],[106.700352,-6.469465],[106.700429,-6.470121],[106.700706,-6.470262],[106.700863,-6.470167],[106.70115,-6.470237],[106.70171,-6.470801],[106.701907,-6.470923],[106.70279,-6.471075],[106.703442,-6.471384],[106.704287,-6.471644],[106.704579,-6.471957],[106.704993,-6.472021],[106.705635,-6.472479],[106.706162,-6.472753],[106.706507,-6.473056],[106.706734,-6.47313],[106.707322,-6.473092],[106.707679,-6.473156],[106.708638,-6.473528],[106.709103,-6.473779],[106.70935,-6.473818],[106.709845,-6.473717],[106.710989,-6.473889],[106.711159,-6.474097],[106.711702,-6.47442],[106.712115,-6.474531],[106.712373,-6.474766],[106.71279,-6.474981],[106.713325,-6.475155],[106.715401,-6.476174],[106.71771,-6.477434],[106.718439,-6.47738],[106.718844,-6.477286],[106.719134,-6.477093],[106.718746,-6.476123],[106.718406,-6.47549],[106.717282,-6.474433],[106.71672,-6.474597],[106.716239,-6.474445],[106.716135,-6.47432],[106.715225,-6.472196],[106.715052,-6.471918],[106.714781,-6.47175],[106.714012,-6.471927],[106.713861,-6.471789],[106.7138,-6.471624],[106.713843,-6.469931],[106.713787,-6.46993],[106.714104,-6.469252],[106.714213,-6.468575],[106.71265,-6.468271],[106.712334,-6.468157],[106.712031,-6.467834],[106.711693,-6.466695],[106.711413,-6.466045],[106.711137,-6.465692],[106.709825,-6.464844],[106.708554,-6.463876],[106.708207,-6.46378],[106.706983,-6.462706],[106.706825,-6.462298],[106.706687,-6.46076],[106.706603,-6.460543],[106.705825,-6.459522],[106.705535,-6.458958],[106.705449,-6.458636],[106.705453,-6.458271],[106.704339,-6.458454],[106.704095,-6.458356],[106.703751,-6.458056],[106.702919,-6.458015],[106.702275,-6.458218],[106.701878,-6.458143],[106.70086,-6.458632],[106.700388,-6.459208],[106.699251,-6.459035],[106.698249,-6.458613],[106.697135,-6.458279],[106.696751,-6.457977],[106.696964,-6.456941],[106.695828,-6.456887],[106.695714,-6.456855],[106.695617,-6.456596],[106.694189,-6.456754],[106.693274,-6.457008],[106.692747,-6.457226],[106.692187,-6.457209]]]]},"properties":{"nama":"Babakan","kecamatan":"Ciseeng","kota":"Kabupaten Bogor","tipe_kawasan":"Permukiman","kualitas_udara":"kurang_sehat","atribut":{"sumber_batas":"OSM","kualitas_udara":"contoh","stasiun":0,"rth":1,"poi":0}}},{"type":"Feature","geometry":{"type":"MultiPolygon","coordinates":[[[[106.871414,-6.582655],[106.870983,-6.581732],[106.8704,-6.580849],[106.869955,-6.580261],[106.869124,-6.579361],[106.869014,-6.578607],[106.869023,-6.577287],[106.868415,-6.576754],[106.867929,-6.576504],[106.866655,-6.57625],[106.866215,-6.576104],[106.865886,-6.575906],[106.865626,-6.575587],[106.865217,-6.574586],[106.864895,-6.57413],[106.864095,-6.573831],[106.863545,-6.573482],[106.863613,-6.572945],[106.863686,-6.572832],[106.863909,-6.572674],[106.864099,-6.572388],[106.864733,-6.571979],[106.86472,-6.571808],[106.864425,-6.571333],[106.864389,-6.571139],[106.864637,-6.57055],[106.86468,-6.570115],[106.864594,-6.569883],[106.864255,-6.569761],[106.863912,-6.569284],[106.863213,-6.568564],[106.863209,-6.568403],[106.863345,-6.567991],[106.863274,-6.567329],[106.862842,-6.566703],[106.862756,-6.566415],[106.862819,-6.56612],[106.863109,-6.565795],[106.86312,-6.565692],[106.863025,-6.565644],[106.862499,-6.56578],[106.862406,-6.565713],[106.862357,-6.565544],[106.862591,-6.564782],[106.862966,-6.564443],[106.862924,-6.564139],[106.862627,-6.563863],[106.862284,-6.563792],[106.861578,-6.563499],[106.861338,-6.563503],[106.86099,-6.563648],[106.860584,-6.563598],[106.860407,-6.563401],[106.860345,-6.562979],[106.860086,-6.562803],[106.859981,-6.56263],[106.860043,-6.562097],[106.85991,-6.561937],[106.859762,-6.561961],[106.859479,-6.562185],[106.859281,-6.562451],[106.859132,-6.562477],[106.859022,-6.562404],[106.858931,-6.56208],[106.859072,-6.562003],[106.859067,-6.561585],[106.859861,-6.561102],[106.860027,-6.560844],[106.859885,-6.560673],[106.859668,-6.560585],[106.85919,-6.560519],[106.859138,-6.560441],[106.859129,-6.559773],[106.859026,-6.559637],[106.85885,-6.559623],[106.858517,-6.559839],[106.858317,-6.559737],[106.858152,-6.559544],[106.858094,-6.559065],[106.858256,-6.558124],[106.858286,-6.557602],[106.8587,-6.556742],[106.858786,-6.556679],[106.859296,-6.556673],[106.859848,-6.556476],[106.86045,-6.556553],[106.861065,-6.556479],[106.861365,-6.55637],[106.861621,-6.55619],[106.862283,-6.555425],[106.862664,-6.55559],[106.862971,-6.555308],[106.86377,-6.554071],[106.864573,-6.553502],[106.865915,-6.552719],[106.866243,-6.552448],[106.86638,-6.552213],[106.866486,-6.551425],[106.86656,-6.551259],[106.866922,-6.551559],[106.867065,-6.551896],[106.867127,-6.554211],[106.867368,-6.555018],[106.867809,-6.55593],[106.868247,-6.55658],[106.868918,-6.557194],[106.869677,-6.557684],[106.870412,-6.55789],[106.871207,-6.559561],[106.871687,-6.560155],[106.872206,-6.560635],[106.872792,-6.560902],[106.875847,-6.561489],[106.876784,-6.561885],[106.877112,-6.562136],[106.87715,-6.562517],[106.877051,-6.562738],[106.876175,-6.564193],[106.875579,-6.565081],[106.874999,-6.565322],[106.87422,-6.565336],[106.873844,-6.565265],[106.872093,-6.563592],[106.871135,-6.563109],[106.870984,-6.56324],[106.87074,-6.563291],[106.869973,-6.563252],[106.86947,-6.563151],[106.869396,-6.562981],[106.869577,-6.562615],[106.869536,-6.562425],[106.869271,-6.562267],[106.868768,-6.56222],[106.868557,-6.562122],[106.868361,-6.561916],[106.868251,-6.56169],[106.868001,-6.56158],[106.867652,-6.561974],[106.86702,-6.563372],[106.867198,-6.56453],[106.867098,-6.564735],[106.867391,-6.565186],[106.867798,-6.565467],[106.868548,-6.566169],[106.868764,-6.566395],[106.868929,-6.566689],[106.868982,-6.567565],[106.868917,-6.567957],[106.869678,-6.570037],[106.870733,-6.572091],[106.871102,-6.574231],[106.872892,-6.579706],[106.872979,-6.580685],[106.872821,-6.581302],[106.872326,-6.581916],[106.871715,-6.582464],[106.871414,-6.582655]]]]},"properties":{"nama":"Babakan Madang","kecamatan":"Babakan Madang","kota":"Kabupaten Bogor","tipe_kawasan":"Permukiman","kualitas_udara":"kurang_sehat","atribut":{"sumber_batas":"OSM","kualitas_udara":"contoh","stasiun":0,"rth":0,"poi":0}}},{"type":"Feature","geometry":{"type":"MultiPolygon","coordinates":[[[[106.730842,-6.564544],[106.730849,-6.56437],[106.730774,-6.56427],[106.730499,-6.564256],[106.730087,-6.564395],[106.729777,-6.564641],[106.729594,-6.564663],[106.729172,-6.564546],[106.729006,-6.564559],[106.728331,-6.564915],[106.727106,-6.564879],[106.726817,-6.564932],[106.726412,-6.56538],[106.726302,-6.565928],[106.726063,-6.566223],[106.725968,-6.566235],[106.725467,-6.565957],[106.725165,-6.565884],[106.724867,-6.565843],[106.724362,-6.565985],[106.723906,-6.565793],[106.723794,-6.565354],[106.7238,-6.564633],[106.723693,-6.564497],[106.723004,-6.564196],[106.722867,-6.563996],[106.722717,-6.562965],[106.722682,-6.561947],[106.722244,-6.561546],[106.721828,-6.560859],[106.721069,-6.560381],[106.719849,-6.559407],[106.719275,-6.558321],[106.719127,-6.558176],[106.718494,-6.557878],[106.717981,-6.557313],[106.716948,-6.557303],[106.716384,-6.55706],[106.716216,-6.555849],[106.716093,-6.555762],[106.715842,-6.555719],[106.71563,-6.555533],[106.715398,-6.554858],[106.71525,-6.554691],[106.714682,-6.554473],[106.714618,-6.55422],[106.7147,-6.55381],[106.714384,-6.553322],[106.714304,-6.552855],[106.714165,-6.552509],[106.713974,-6.552272],[106.713169,-6.551976],[106.71304,-6.551858],[106.713275,-6.5514],[106.713263,-6.550986],[106.713335,-6.550571],[106.713243,-6.550191],[106.713296,-6.549926],[106.713776,-6.549533],[106.714503,-6.549689],[106.714867,-6.549442],[106.714995,-6.549262],[106.714943,-6.548995],[106.71453,-6.548466],[106.714535,-6.548127],[106.714645,-6.548043],[106.714957,-6.54812],[106.715118,-6.54806],[106.715242,-6.547812],[106.715158,-6.54768],[106.715011,-6.547608],[106.714538,-6.54753],[106.714394,-6.547447],[106.714329,-6.547325],[106.714262,-6.546759],[106.71478,-6.546423],[106.714876,-6.546031],[106.714437,-6.545552],[106.714318,-6.544551],[106.715121,-6.544614],[106.715649,-6.545066],[106.716137,-6.545215],[106.716617,-6.545178],[106.717632,-6.544764],[106.718285,-6.54561],[106.719271,-6.545497],[106.719314,-6.545701],[106.719133,-6.546154],[106.718857,-6.54629],[106.718361,-6.546385],[106.718282,-6.546536],[106.718306,-6.546623],[106.718741,-6.546817],[106.719304,-6.547217],[106.719499,-6.547454],[106.719615,-6.547987],[106.719782,-6.548221],[106.720887,-6.548455],[106.721095,-6.5486],[106.721212,-6.54912],[106.721296,-6.550002],[106.721465,-6.550161],[106.721876,-6.550019],[106.722441,-6.549599],[106.722641,-6.549524],[106.724271,-6.549809],[106.724998,-6.550144],[106.726283,-6.550339],[106.7267,-6.550457],[106.727265,-6.550759],[106.727854,-6.551419],[106.728265,-6.551693],[106.728502,-6.551621],[106.728989,-6.551206],[106.729091,-6.55119],[106.72973,-6.552063],[106.729828,-6.552288],[106.730008,-6.552433],[106.730315,-6.552409],[106.730794,-6.552072],[106.730933,-6.552047],[106.731701,-6.552391],[106.731947,-6.55243],[106.732049,-6.552394],[106.732622,-6.551775],[106.732927,-6.551672],[106.733368,-6.551905],[106.733604,-6.552222],[106.733975,-6.552878],[106.734127,-6.553537],[106.734258,-6.553647],[106.734648,-6.553769],[106.735198,-6.553838],[106.736139,-6.554153],[106.73597,-6.554448],[106.735974,-6.554628],[106.735462,-6.554652],[106.735534,-6.555135],[106.735435,-6.556176],[106.7355,-6.556662],[106.735456,-6.557137],[106.735321,-6.557653],[106.735252,-6.559025],[106.735424,-6.559123],[106.735485,-6.559589],[106.735411,-6.559723],[106.734837,-6.559897],[106.735038,-6.560637],[106.735065,-6.561349],[106.735443,-6.564314],[106.735374,-6.56501],[106.735581,-6.565534],[106.736421,-6.566356],[106.737155,-6.567186],[106.737138,-6.567354],[106.737254,-6.567808],[106.737611,-6.568743],[106.737604,-6.568891],[106.737287,-6.568924],[106.737061,-6.569033],[106.737059,-6.569395],[106.736593,-6.569933],[106.736483,-6.569968],[106.735251,-6.569752],[106.734958,-6.56927],[106.73464,-6.569262],[106.734529,-6.569182],[106.734422,-6.568757],[106.734173,-6.5684],[106.734082,-6.568376],[106.733839,-6.568481],[106.733373,-6.568207],[106.733516,-6.567837],[106.733514,-6.567647],[106.733404,-6.567347],[106.733395,-6.567064],[106.733173,-6.566605],[106.732834,-6.566446],[106.732602,-6.566422],[106.732198,-6.566121],[106.731555,-6.566234],[106.731358,-6.566178],[106.731321,-6.5661],[106.731709,-6.565649],[106.731755,-6.565459],[106.731697,-6.56538],[106.731288,-6.565262],[106.730842,-6.564544]]]]},"properties":{"nama":"Babakan","kecamatan":"Dramaga","kota":"Kabupaten Bogor","tipe_kawasan":"Pusat aktivitas","kualitas_udara":"kurang_sehat","atribut":{"sumber_batas":"OSM","kualitas_udara":"contoh","stasiun":0,"rth":1,"poi":22}}},{"type":"Feature","geometry":{"type":"MultiPolygon","coordinates":[[[[106.763295,-6.533302],[106.762998,-6.533415],[106.76258,-6.533439],[106.762049,-6.533436],[106.761268,-6.533308],[106.761164,-6.533118],[106.761168,-6.532635],[106.761088,-6.532446],[106.760566,-6.532337],[106.759685,-6.532361],[106.757898,-6.532101],[106.756151,-6.531603],[106.755989,-6.531627],[106.756054,-6.531795],[106.755825,-6.532682],[106.755303,-6.532743],[106.755246,-6.532819],[106.755182,-6.53345],[106.755235,-6.534109],[106.75518,-6.534251],[106.754932,-6.534287],[106.754801,-6.535061],[106.75414,-6.535056],[106.754035,-6.535253],[106.754004,-6.53566],[106.754069,-6.536426],[106.754399,-6.537019],[106.754537,-6.537794],[106.754127,-6.539248],[106.753065,-6.538905],[106.752948,-6.539054],[106.75164,-6.538868],[106.751681,-6.539544],[106.751852,-6.539982],[106.752186,-6.540203],[106.752312,-6.540415],[106.752195,-6.541848],[106.75255,-6.542131],[106.75249,-6.542633],[106.752852,-6.542799],[106.75302,-6.543285],[106.752884,-6.543723],[106.751855,-6.54348],[106.751484,-6.544054],[106.751319,-6.544477],[106.752162,-6.544777],[106.752509,-6.545013],[106.753192,-6.545198],[106.75441,-6.5458],[106.755265,-6.545948],[106.755998,-6.54649],[106.757199,-6.546959],[106.75748,-6.547316],[106.757744,-6.547452],[106.757925,-6.547697],[106.758251,-6.547847],[106.758597,-6.54811],[106.758653,-6.548222],[106.760419,-6.549551],[106.76064,-6.54975],[106.760696,-6.54998],[106.761053,-6.549956],[106.761063,-6.549717],[106.761129,-6.549668],[106.761463,-6.549646],[106.761653,-6.549744],[106.76206,-6.549814],[106.762352,-6.549661],[106.762528,-6.549681],[106.762529,-6.549578],[106.762778,-6.549462],[106.762745,-6.548621],[106.762644,-6.548423],[106.762794,-6.547672],[106.762801,-6.547012],[106.762887,-6.546749],[106.763177,-6.546486],[106.763936,-6.546067],[106.764074,-6.545931],[106.764052,-6.545714],[106.764106,-6.545642],[106.764422,-6.545487],[106.764499,-6.545161],[106.764811,-6.54469],[106.765124,-6.543929],[106.765152,-6.543649],[106.765001,-6.543116],[106.764466,-6.542666],[106.76419,-6.542251],[106.764029,-6.541428],[106.764091,-6.540895],[106.764051,-6.540587],[106.763656,-6.539106],[106.763132,-6.536079],[106.762154,-6.534654],[106.761745,-6.534528],[106.761482,-6.53415],[106.761997,-6.534165],[106.762253,-6.534047],[106.762608,-6.534028],[106.762891,-6.533937],[106.763144,-6.533773],[106.763345,-6.533537],[106.763363,-6.533429],[106.763295,-6.533302]]]]},"properties":{"nama":"Atang Senjaya","kecamatan":"Kemang","kota":"Kabupaten Bogor","tipe_kawasan":"Permukiman","kualitas_udara":"sehat","atribut":{"sumber_batas":"OSM","kualitas_udara":"contoh","stasiun":0,"rth":2,"poi":0}}},{"type":"Feature","geometry":{"type":"MultiPolygon","coordinates":[[[[106.870746,-6.518925],[106.870501,-6.518668],[106.870333,-6.518581],[106.869301,-6.518534],[106.868927,-6.51841],[106.86869,-6.518628],[106.868472,-6.51901],[106.868323,-6.519835],[106.868094,-6.520071],[106.867894,-6.520133],[106.867538,-6.520151],[106.867262,-6.520053],[106.86708,-6.51985],[106.866913,-6.519235],[106.866862,-6.518734],[106.866668,-6.518456],[106.865039,-6.518593],[106.864393,-6.518787],[106.864118,-6.518936],[106.863581,-6.519385],[106.863287,-6.519885],[106.864135,-6.520514],[106.864549,-6.52116],[106.864593,-6.521448],[106.864488,-6.523643],[106.86293,-6.523643],[106.862271,-6.523813],[106.861918,-6.523678],[106.86155,-6.523307],[106.86125,-6.5239],[106.861023,-6.524549],[106.860742,-6.52596],[106.860571,-6.527527],[106.859673,-6.53046],[106.858529,-6.533321],[106.858412,-6.53373],[106.858422,-6.53404],[106.858616,-6.534344],[106.859018,-6.534684],[106.859187,-6.534927],[106.860008,-6.537654],[106.860529,-6.539141],[106.860991,-6.540167],[106.861261,-6.540997],[106.861563,-6.541389],[106.862026,-6.542219],[106.863113,-6.545299],[106.863338,-6.545762],[106.864592,-6.547769],[106.864985,-6.548199],[106.86601,-6.549645],[106.866392,-6.549342],[106.866835,-6.549258],[106.869346,-6.549471],[106.870551,-6.549422],[106.871026,-6.549332],[106.872371,-6.548828],[106.87275,-6.548746],[106.873536,-6.548761],[106.874679,-6.54899],[106.875288,-6.548927],[106.875902,-6.54867],[106.877319,-6.5478],[106.87806,-6.546859],[106.878583,-6.546405],[106.879056,-6.546167],[106.87995,-6.545871],[106.881046,-6.545596],[106.881342,-6.545418],[106.881475,-6.545189],[106.8818,-6.543609],[106.88266,-6.541713],[106.882962,-6.540756],[106.883432,-6.540091],[106.884108,-6.539667],[106.884372,-6.539289],[106.88448,-6.538833],[106.884504,-6.53798],[106.884172,-6.537073],[106.883956,-6.536788],[106.883573,-6.53592],[106.883586,-6.534978],[106.884352,-6.533056],[106.884518,-6.532497],[106.884625,-6.531688],[106.884661,-6.53032],[106.884411,-6.529582],[106.884352,-6.528975],[106.884471,-6.527911],[106.883167,-6.528351],[106.882969,-6.528343],[106.882545,-6.528148],[106.881729,-6.527955],[106.880823,-6.527666],[106.879587,-6.526972],[106.879041,-6.526337],[106.878563,-6.526053],[106.878212,-6.525952],[106.877912,-6.525347],[106.876585,-6.524317],[106.876335,-6.52407],[106.875752,-6.523268],[106.874675,-6.522317],[106.874321,-6.521839],[106.873667,-6.520593],[106.873657,-6.520003],[106.873874,-6.51904],[106.873817,-6.518606],[106.873629,-6.518389],[106.873346,-6.518257],[106.873025,-6.518342],[106.87267,-6.518628],[106.872028,-6.519386],[106.871719,-6.51963],[106.871469,-6.519683],[106.871332,-6.519671],[106.871148,-6.519546],[106.870746,-6.518925]]]]},"properties":{"nama":"Tangkil","kecamatan":"Citeureup","kota":"Kabupaten Bogor","tipe_kawasan":"Permukiman","kualitas_udara":"kurang_sehat","atribut":{"sumber_batas":"OSM","kualitas_udara":"contoh","stasiun":0,"rth":0,"poi":0}}},{"type":"Feature","geometry":{"type":"MultiPolygon","coordinates":[[[[106.706599,-6.435397],[106.706689,-6.43507],[106.706588,-6.43499],[106.706571,-6.43447],[106.70668,-6.433929],[106.707112,-6.433689],[106.707858,-6.432937],[106.70795,-6.432733],[106.707818,-6.432542],[106.707839,-6.432328],[106.708067,-6.432139],[106.70836,-6.432051],[106.708814,-6.431585],[106.70922,-6.431023],[106.70929,-6.43017],[106.709218,-6.42994],[106.708932,-6.429549],[106.708943,-6.428792],[106.70864,-6.426924],[106.708389,-6.42619],[106.708333,-6.426102],[106.707634,-6.425736],[106.707172,-6.425413],[106.706769,-6.425426],[106.704751,-6.425186],[106.704625,-6.425753],[106.704582,-6.426427],[106.70462,-6.42736],[106.704558,-6.427812],[106.70442,-6.428031],[106.704066,-6.428333],[106.703999,-6.4285],[106.704037,-6.428749],[106.703859,-6.429154],[106.703452,-6.428987],[106.703445,-6.429329],[106.703319,-6.429748],[106.702822,-6.430535],[106.702437,-6.430277],[106.702074,-6.429117],[106.701883,-6.429069],[106.70183,-6.428458],[106.701097,-6.428268],[106.700738,-6.427993],[106.700606,-6.427663],[106.700593,-6.427451],[106.700766,-6.426811],[106.700904,-6.426631],[106.7,-6.426586],[106.699406,-6.428824],[106.699029,-6.429373],[106.698881,-6.429757],[106.698846,-6.430346],[106.698081,-6.430371],[106.697522,-6.430463],[106.696272,-6.430444],[106.694807,-6.431401],[106.693953,-6.43226],[106.694275,-6.43319],[106.694726,-6.434069],[106.69527,-6.435343],[106.695184,-6.438168],[106.696402,-6.438215],[106.697586,-6.438084],[106.697586,-6.440363],[106.706599,-6.435397]]]]},"properties":{"nama":"Bojongindah","kecamatan":"Parung","kota":"Kabupaten Bogor","tipe_kawasan":"Permukiman","kualitas_udara":"kurang_sehat","atribut":{"sumber_batas":"OSM","kualitas_udara":"contoh","stasiun":0,"rth":0,"poi":0}}},{"type":"Feature","geometry":{"type":"MultiPolygon","coordinates":[[[[106.704991,-6.578289],[106.705315,-6.578066],[106.705715,-6.577444],[106.705703,-6.577199],[106.705454,-6.576768],[106.705492,-6.576568],[106.705854,-6.576244],[106.70606,-6.575917],[106.706267,-6.575423],[106.706366,-6.574575],[106.706984,-6.573899],[106.70723,-6.573351],[106.70722,-6.573056],[106.707502,-6.572465],[106.707365,-6.572087],[106.706956,-6.571798],[106.707204,-6.571121],[106.707122,-6.570809],[106.706666,-6.570096],[106.706916,-6.569849],[106.706791,-6.568743],[106.706356,-6.567923],[106.705987,-6.567472],[106.705721,-6.566907],[106.705704,-6.566756],[106.705946,-6.56618],[106.705389,-6.565417],[106.705357,-6.564981],[106.705277,-6.564913],[106.704952,-6.564943],[106.704609,-6.564827],[106.704582,-6.564586],[106.704866,-6.56356],[106.704873,-6.563265],[106.704662,-6.562598],[106.704623,-6.562044],[106.704495,-6.561597],[106.704081,-6.56085],[106.703956,-6.560199],[106.703722,-6.560138],[106.70286,-6.559281],[106.702663,-6.558722],[106.702721,-6.558267],[106.70265,-6.557923],[106.702054,-6.557518],[106.701972,-6.5574],[106.701775,-6.556268],[106.701412,-6.556264],[106.701211,-6.556195],[106.701562,-6.555418],[106.702893,-6.555958],[106.704418,-6.556381],[106.704295,-6.557038],[106.704327,-6.557282],[106.704602,-6.557446],[106.706236,-6.557855],[106.706629,-6.558036],[106.706765,-6.558278],[106.707026,-6.559203],[106.707459,-6.559886],[106.707482,-6.560304],[106.707224,-6.560799],[106.707015,-6.560998],[106.707011,-6.561096],[106.707193,-6.561437],[106.707421,-6.561691],[106.708194,-6.562252],[106.708938,-6.562566],[106.709178,-6.563261],[106.710363,-6.565024],[106.710421,-6.565847],[106.709651,-6.567812],[106.709497,-6.568506],[106.709609,-6.568973],[106.710147,-6.569726],[106.710293,-6.570089],[106.7105,-6.570384],[106.710865,-6.571759],[106.711066,-6.572258],[106.712086,-6.574234],[106.712435,-6.575283],[106.712461,-6.576182],[106.712629,-6.576615],[106.713021,-6.57682],[106.713529,-6.576985],[106.713807,-6.577193],[106.714265,-6.577625],[106.714598,-6.578234],[106.714714,-6.579012],[106.715,-6.580056],[106.715263,-6.580391],[106.715753,-6.580604],[106.716058,-6.581154],[106.716428,-6.582663],[106.715809,-6.584589],[106.715876,-6.584866],[106.71622,-6.585189],[106.716264,-6.585539],[106.7162,-6.585648],[106.715459,-6.58617],[106.715228,-6.586504],[106.714632,-6.587056],[106.714553,-6.587289],[106.714698,-6.587875],[106.714682,-6.589664],[106.715001,-6.590935],[106.714933,-6.591336],[106.714776,-6.591523],[106.714714,-6.59247],[106.714576,-6.592729],[106.71438,-6.59284],[106.713355,-6.593076],[106.713131,-6.593286],[106.712924,-6.592933],[106.713097,-6.592015],[106.712962,-6.590262],[106.712707,-6.59018],[106.709553,-6.590049],[106.709664,-6.589956],[106.710259,-6.589759],[106.710526,-6.589576],[106.710893,-6.589053],[106.710682,-6.588903],[106.710398,-6.588849],[106.710303,-6.588722],[106.710295,-6.588569],[106.710448,-6.588324],[106.710874,-6.588004],[106.711326,-6.58754],[106.71098,-6.587091],[106.711117,-6.586742],[106.711301,-6.586477],[106.711528,-6.586352],[106.711598,-6.586235],[106.711782,-6.584578],[106.711748,-6.584428],[106.711245,-6.584146],[106.71073,-6.583409],[106.710305,-6.583107],[106.710431,-6.582769],[106.710526,-6.58269],[106.710868,-6.582617],[106.710961,-6.582433],[106.710962,-6.582208],[106.710745,-6.581563],[106.710846,-6.581402],[106.710972,-6.581415],[106.711033,-6.581072],[106.710464,-6.580857],[106.710182,-6.580833],[106.710035,-6.581149],[106.709622,-6.581063],[106.709837,-6.579178],[106.709213,-6.578975],[106.70927,-6.578615],[106.708446,-6.578409],[106.708412,-6.578744],[106.708191,-6.57872],[106.70816,-6.579017],[106.707995,-6.579283],[106.7077,-6.579567],[106.707142,-6.579822],[106.707102,-6.580134],[106.707264,-6.580855],[106.707182,-6.581048],[106.70701,-6.581135],[106.706651,-6.581124],[106.706175,-6.581495],[106.705924,-6.581318],[106.706761,-6.57993],[106.70545,-6.57934],[106.705615,-6.579146],[106.705564,-6.57863],[106.70521,-6.578691],[106.705177,-6.578265],[106.704991,-6.578289]]]]},"properties":{"nama":"Bojongjengkol","kecamatan":"Ciampea","kota":"Kabupaten Bogor","tipe_kawasan":"Permukiman","kualitas_udara":"kurang_sehat","atribut":{"sumber_batas":"OSM","kualitas_udara":"contoh","stasiun":0,"rth":0,"poi":0}}},{"type":"Feature","geometry":{"type":"MultiPolygon","coordinates":[[[[106.797679,-6.476283],[106.796401,-6.476737],[106.795978,-6.477301],[106.795924,-6.477496],[106.795947,-6.47784],[106.796355,-6.478458],[106.796383,-6.479142],[106.796223,-6.479451],[106.795635,-6.480084],[106.795378,-6.480633],[106.795248,-6.480698],[106.794839,-6.480728],[106.794759,-6.480783],[106.794655,-6.481051],[106.79452,-6.481149],[106.794053,-6.481007],[106.793798,-6.481072],[106.793475,-6.481928],[106.793356,-6.482032],[106.793218,-6.482038],[106.792785,-6.481761],[106.792205,-6.481612],[106.791813,-6.481705],[106.791637,-6.481867],[106.791304,-6.482369],[106.7911,-6.482836],[106.791066,-6.483621],[106.79124,-6.484317],[106.791241,-6.484799],[106.790848,-6.48578],[106.790819,-6.486039],[106.790973,-6.486505],[106.791154,-6.486761],[106.791686,-6.487147],[106.791919,-6.487482],[106.791905,-6.487775],[106.791777,-6.487955],[106.791507,-6.488147],[106.791672,-6.488219],[106.791922,-6.488086],[106.792209,-6.488125],[106.793092,-6.487876],[106.793187,-6.488599],[106.793359,-6.489087],[106.794215,-6.489399],[106.794591,-6.488612],[106.795277,-6.488778],[106.795058,-6.489488],[106.795073,-6.490149],[106.795208,-6.490618],[106.795074,-6.491886],[106.795559,-6.493057],[106.796138,-6.493365],[106.79695,-6.493585],[106.797555,-6.494165],[106.798444,-6.494556],[106.79928,-6.494281],[106.800529,-6.494115],[106.801067,-6.493918],[106.802336,-6.493954],[106.803045,-6.494097],[106.803595,-6.494127],[106.806172,-6.496008],[106.806456,-6.49589],[106.806792,-6.495989],[106.807246,-6.496272],[106.807666,-6.496204],[106.807915,-6.495683],[106.807947,-6.49518],[106.807827,-6.494275],[106.80748,-6.493104],[106.807404,-6.492453],[106.807458,-6.492006],[106.808124,-6.490775],[106.808086,-6.490496],[106.807862,-6.490367],[106.807396,-6.490294],[106.807209,-6.490202],[106.807135,-6.490109],[106.807134,-6.489923],[106.807189,-6.489792],[106.808211,-6.489007],[106.80854,-6.487256],[106.808577,-6.487163],[106.808862,-6.486987],[106.808253,-6.486554],[106.807139,-6.486408],[106.807009,-6.486253],[106.806713,-6.486204],[106.807014,-6.484355],[106.806215,-6.48419],[106.806149,-6.483198],[106.805875,-6.483012],[106.805328,-6.48286],[106.805122,-6.482707],[106.804951,-6.482452],[106.804821,-6.482011],[106.801121,-6.480982],[106.801899,-6.479638],[106.802425,-6.478214],[106.802491,-6.477869],[106.800646,-6.477348],[106.799847,-6.476946],[106.799246,-6.47683],[106.797679,-6.476283]]]]},"properties":{"nama":"Bojonggede","kecamatan":"Bojong Gede","kota":"Kabupaten Bogor","tipe_kawasan":"Permukiman","kualitas_udara":"sehat","atribut":{"sumber_batas":"OSM","kualitas_udara":"contoh","stasiun":0,"rth":0,"poi":3}}},{"type":"Feature","geometry":{"type":"MultiPolygon","coordinates":[[[[106.803885,-6.468916],[106.804044,-6.470327],[106.803153,-6.471682],[106.803024,-6.472049],[106.803262,-6.474688],[106.802738,-6.474692],[106.802705,-6.476629],[106.802425,-6.478214],[106.801899,-6.479638],[106.801121,-6.480982],[106.804821,-6.482011],[106.804951,-6.482452],[106.805122,-6.482707],[106.805328,-6.48286],[106.805875,-6.483012],[106.806149,-6.483198],[106.806215,-6.48419],[106.807014,-6.484355],[106.806713,-6.486204],[106.807009,-6.486253],[106.807139,-6.486408],[106.808253,-6.486554],[106.808862,-6.486987],[106.809321,-6.487049],[106.80949,-6.487253],[106.809454,-6.487681],[106.808953,-6.488241],[106.808936,-6.488558],[106.809273,-6.489152],[106.809759,-6.489541],[106.81028,-6.489614],[106.811081,-6.489592],[106.812458,-6.489197],[106.812849,-6.489139],[106.813799,-6.489266],[106.815253,-6.489615],[106.815327,-6.489428],[106.815157,-6.488722],[106.814988,-6.48848],[106.814091,-6.487609],[106.814053,-6.487423],[106.814145,-6.487181],[106.814369,-6.487031],[106.814832,-6.486508],[106.814902,-6.486196],[106.814866,-6.485967],[106.814777,-6.485809],[106.814654,-6.485756],[106.814143,-6.485705],[106.813754,-6.48546],[106.813506,-6.485092],[106.81271,-6.484232],[106.812674,-6.48388],[106.812902,-6.483685],[106.813166,-6.483649],[106.813572,-6.483665],[106.814189,-6.483857],[106.814647,-6.483732],[106.814804,-6.483555],[106.814838,-6.483168],[106.814749,-6.482887],[106.814253,-6.482079],[106.814199,-6.481692],[106.814265,-6.480406],[106.814211,-6.480026],[106.81391,-6.479214],[106.813925,-6.478899],[106.813991,-6.478782],[106.814323,-6.478532],[106.8155,-6.478046],[106.815864,-6.477614],[106.815946,-6.477364],[106.81601,-6.476617],[106.815572,-6.474959],[106.815471,-6.474428],[106.815469,-6.47403],[106.815535,-6.473781],[106.816301,-6.472681],[106.816456,-6.47235],[106.816416,-6.472136],[106.81626,-6.471845],[106.815712,-6.471166],[106.815379,-6.470623],[106.815085,-6.469904],[106.814887,-6.469108],[106.814747,-6.468116],[106.814822,-6.466739],[106.81476,-6.466517],[106.814418,-6.465905],[106.812809,-6.465889],[106.812528,-6.465991],[106.811975,-6.465853],[106.811705,-6.465854],[106.811736,-6.466425],[106.810103,-6.46625],[106.809685,-6.466351],[106.809183,-6.466341],[106.808817,-6.466271],[106.808301,-6.466001],[106.807452,-6.465935],[106.807255,-6.465986],[106.807345,-6.466294],[106.807321,-6.466409],[106.806751,-6.467248],[106.806528,-6.467676],[106.806485,-6.467914],[106.805781,-6.468613],[106.805463,-6.468821],[106.804824,-6.46899],[106.804226,-6.468872],[106.803885,-6.468916]]]]},"properties":{"nama":"Bojongbaru","kecamatan":"Bojong Gede","kota":"Kabupaten Bogor","tipe_kawasan":"Permukiman","kualitas_udara":"kurang_sehat","atribut":{"sumber_batas":"OSM","kualitas_udara":"contoh","stasiun":0,"rth":1,"poi":6}}},{"type":"Feature","geometry":{"type":"MultiPolygon","coordinates":[[[[106.768682,-6.494689],[106.768361,-6.494287],[106.76801,-6.494007],[106.768174,-6.493561],[106.768605,-6.493587],[106.768548,-6.492687],[106.768333,-6.492098],[106.768349,-6.490358],[106.768188,-6.489783],[106.768267,-6.489646],[106.767687,-6.486756],[106.766269,-6.486482],[106.765926,-6.486346],[106.764142,-6.486475],[106.763999,-6.486561],[106.763892,-6.486739],[106.763756,-6.487167],[106.763364,-6.487339],[106.763257,-6.48746],[106.763189,-6.489548],[106.76291,-6.489439],[106.762641,-6.48922],[106.762319,-6.488539],[106.762005,-6.488161],[106.761722,-6.487969],[106.76125,-6.487766],[106.761055,-6.48815],[106.760398,-6.488145],[106.760114,-6.488019],[106.759329,-6.48678],[106.759218,-6.485706],[106.758055,-6.484838],[106.757346,-6.483952],[106.757328,-6.483395],[106.757218,-6.483153],[106.756761,-6.482838],[106.756553,-6.482558],[106.756473,-6.481662],[106.756407,-6.481499],[106.754025,-6.480711],[106.75393,-6.48112],[106.753433,-6.481299],[106.753183,-6.481558],[106.753108,-6.481858],[106.753133,-6.482408],[106.752679,-6.483042],[106.752408,-6.483126],[106.752195,-6.483101],[106.75169,-6.482884],[106.749488,-6.48157],[106.749434,-6.481357],[106.74948,-6.480749],[106.749426,-6.480553],[106.748817,-6.47996],[106.74717,-6.478772],[106.746807,-6.478417],[106.746786,-6.478284],[106.747007,-6.477567],[106.747119,-6.476662],[106.746948,-6.475339],[106.747179,-6.475237],[106.747227,-6.475138],[106.74739,-6.475157],[106.748067,-6.47555],[106.7483,-6.475568],[106.74873,-6.474832],[106.74907,-6.474487],[106.749237,-6.474083],[106.748836,-6.473896],[106.74901,-6.473677],[106.748634,-6.473431],[106.748448,-6.473185],[106.748375,-6.472468],[106.748514,-6.472102],[106.748442,-6.471695],[106.747687,-6.469292],[106.747171,-6.468094],[106.746509,-6.467198],[106.74606,-6.46673],[106.746736,-6.466062],[106.746724,-6.464867],[106.74659,-6.463866],[106.746213,-6.463515],[106.74589,-6.462575],[106.745711,-6.462369],[106.746554,-6.461765],[106.747152,-6.461545],[106.747189,-6.46084],[106.747112,-6.460564],[106.747204,-6.459522],[106.747588,-6.459497],[106.747889,-6.459362],[106.749692,-6.458967],[106.750926,-6.458933],[106.752453,-6.45912],[106.75317,-6.459287],[106.753364,-6.459443],[106.753909,-6.460129],[106.754252,-6.461056],[106.754372,-6.461621],[106.754198,-6.462112],[106.75396,-6.462405],[106.75399,-6.462578],[106.75419,-6.462733],[106.754491,-6.462764],[106.754846,-6.462084],[106.755001,-6.461969],[106.755341,-6.461992],[106.755997,-6.462285],[106.756437,-6.463049],[106.756568,-6.463165],[106.756854,-6.463227],[106.758413,-6.463304],[106.758366,-6.466978],[106.759314,-6.466913],[106.759669,-6.4672],[106.75975,-6.467165],[106.760475,-6.467331],[106.761123,-6.467206],[106.761634,-6.466878],[106.762249,-6.466938],[106.763284,-6.466319],[106.763849,-6.46639],[106.76395,-6.466753],[106.764751,-6.466761],[106.765258,-6.466904],[106.765252,-6.467769],[106.765187,-6.467946],[106.766241,-6.469266],[106.766655,-6.470435],[106.766529,-6.470599],[106.767066,-6.470736],[106.767335,-6.470975],[106.768184,-6.470016],[106.768317,-6.470038],[106.768552,-6.470273],[106.768541,-6.470363],[106.767905,-6.471104],[106.767539,-6.471642],[106.76732,-6.47218],[106.767857,-6.472341],[106.768029,-6.471989],[106.768219,-6.471994],[106.768432,-6.471323],[106.768858,-6.471407],[106.768939,-6.471502],[106.768704,-6.472089],[106.768733,-6.472213],[106.769609,-6.472494],[106.769352,-6.473541],[106.770824,-6.473829],[106.770733,-6.47411],[106.770725,-6.474846],[106.770414,-6.475666],[106.770338,-6.475947],[106.770383,-6.476046],[106.771127,-6.476259],[106.77137,-6.475712],[106.772038,-6.47575],[106.772365,-6.476038],[106.772851,-6.476183],[106.773223,-6.476403],[106.774359,-6.47655],[106.773966,-6.477242],[106.773858,-6.477603],[106.7733,-6.478822],[106.772866,-6.479636],[106.77168,-6.480822],[106.771579,-6.481066],[106.771656,-6.481221],[106.771805,-6.481239],[106.772275,-6.481043],[106.77262,-6.480579],[106.773683,-6.479676],[106.77459,-6.480708],[106.774721,-6.481223],[106.77512,-6.481693],[106.774987,-6.480757],[106.775047,-6.480471],[106.775767,-6.479436],[106.776034,-6.479335],[106.776254,-6.479484],[106.776278,-6.479769],[106.775754,-6.481933],[106.775676,-6.483587],[106.775783,-6.483886],[106.776544,-6.484052],[106.776586,-6.484177],[106.776408,-6.485022],[106.776301,-6.485075],[106.775557,-6.485055],[106.77555,-6.485725],[106.775387,-6.486074],[106.775391,-6.486929],[106.775336,-6.48718],[106.775244,-6.487348],[106.774893,-6.487665],[106.774801,-6.489882],[106.774973,-6.491471],[106.775124,-6.491839],[106.775019,-6.492495],[106.774759,-6.492974],[106.774574,-6.493118],[106.774337,-6.493724],[106.774163,-6.493994],[106.773072,-6.49439],[106.770835,-6.494396],[106.769895,-6.494511],[106.76911,-6.494533],[106.76881,-6.494596],[106.768682,-6.494689]]]]},"properties":{"nama":"Tajurhalang","kecamatan":"Tajurhalang","kota":"Kabupaten Bogor","tipe_kawasan":"Kawasan hijau","kualitas_udara":"sehat","atribut":{"sumber_batas":"OSM","kualitas_udara":"contoh","stasiun":0,"rth":4,"poi":6}}},{"type":"Feature","geometry":{"type":"MultiPolygon","coordinates":[[[[106.785684,-6.475269],[106.785792,-6.474859],[106.786131,-6.474089],[106.786168,-6.473535],[106.786094,-6.473247],[106.785508,-6.472178],[106.785142,-6.470438],[106.785012,-6.470204],[106.784412,-6.46957],[106.784332,-6.469371],[106.784245,-6.46814],[106.784104,-6.467451],[106.783619,-6.466367],[106.78331,-6.465467],[106.783581,-6.464986],[106.784123,-6.464607],[106.784661,-6.463958],[106.784692,-6.463684],[106.784323,-6.463192],[106.784283,-6.462857],[106.784426,-6.462703],[106.785296,-6.462656],[106.785465,-6.46252],[106.785532,-6.462312],[106.785492,-6.46213],[106.785337,-6.461913],[106.784972,-6.461665],[106.784773,-6.461393],[106.784267,-6.459771],[106.783386,-6.459428],[106.782681,-6.459054],[106.782471,-6.458822],[106.782398,-6.458577],[106.782397,-6.458138],[106.782749,-6.457171],[106.782987,-6.456205],[106.783637,-6.455534],[106.783853,-6.455019],[106.784128,-6.454587],[106.784194,-6.454235],[106.784076,-6.454088],[106.783691,-6.453992],[106.783224,-6.454061],[106.782353,-6.454391],[106.781818,-6.454328],[106.781547,-6.454205],[106.781288,-6.453989],[106.781149,-6.453754],[106.78076,-6.452665],[106.78061,-6.452434],[106.781438,-6.452556],[106.785588,-6.4526],[106.788323,-6.453234],[106.78837,-6.453538],[106.78833,-6.453823],[106.788148,-6.454276],[106.788134,-6.454806],[106.788171,-6.45543],[106.788291,-6.455823],[106.788783,-6.456313],[106.789102,-6.456918],[106.789318,-6.457142],[106.789791,-6.457158],[106.789963,-6.457231],[106.790493,-6.45766],[106.791752,-6.458422],[106.791908,-6.458573],[106.791985,-6.458733],[106.792057,-6.459625],[106.792229,-6.460101],[106.792273,-6.460579],[106.792693,-6.461077],[106.792884,-6.461426],[106.792969,-6.46276],[106.793028,-6.462878],[106.79364,-6.463293],[106.793948,-6.463831],[106.794205,-6.463969],[106.794882,-6.464091],[106.795675,-6.464742],[106.796477,-6.465173],[106.797112,-6.46536],[106.797545,-6.465252],[106.797753,-6.465297],[106.798194,-6.466732],[106.798213,-6.466952],[106.798151,-6.467398],[106.797939,-6.467795],[106.79779,-6.467991],[106.797739,-6.468223],[106.797807,-6.468547],[106.798585,-6.469469],[106.798774,-6.469931],[106.798754,-6.470302],[106.798586,-6.470677],[106.798267,-6.471006],[106.797909,-6.471157],[106.797765,-6.471359],[106.797802,-6.47161],[106.79801,-6.472032],[106.797905,-6.472657],[106.79807,-6.473674],[106.797857,-6.474494],[106.798018,-6.475018],[106.79799,-6.475879],[106.797804,-6.47622],[106.797349,-6.476432],[106.796638,-6.476618],[106.796401,-6.476737],[106.795978,-6.477301],[106.795924,-6.477496],[106.795947,-6.47784],[106.796355,-6.478458],[106.796383,-6.479142],[106.796223,-6.479451],[106.795635,-6.480084],[106.795378,-6.480633],[106.795248,-6.480698],[106.794839,-6.480728],[106.794759,-6.480783],[106.794655,-6.481051],[106.79452,-6.481149],[106.794053,-6.481007],[106.793798,-6.481072],[106.793475,-6.481928],[106.793356,-6.482032],[106.793218,-6.482038],[106.792785,-6.481761],[106.792445,-6.481651],[106.791987,-6.481631],[106.791637,-6.481867],[106.791304,-6.482369],[106.7911,-6.482836],[106.791062,-6.483103],[106.791066,-6.483621],[106.79124,-6.484317],[106.791241,-6.484799],[106.790848,-6.48578],[106.790819,-6.486039],[106.790973,-6.486505],[106.791154,-6.486761],[106.791686,-6.487147],[106.791919,-6.487482],[106.791905,-6.487775],[106.791777,-6.487955],[106.791507,-6.488147],[106.791366,-6.488089],[106.791125,-6.488165],[106.789464,-6.489043],[106.788759,-6.489151],[106.78793,-6.488982],[106.787392,-6.489009],[106.78807,-6.486753],[106.788301,-6.485466],[106.788584,-6.48504],[106.788633,-6.484845],[106.788389,-6.481681],[106.788305,-6.481553],[106.788065,-6.481473],[106.788096,-6.480572],[106.787773,-6.479991],[106.787764,-6.479334],[106.787608,-6.478504],[106.787369,-6.477746],[106.786521,-6.476512],[106.786419,-6.476223],[106.786388,-6.47586],[106.786477,-6.475656],[106.786477,-6.47546],[106.786375,-6.475349],[106.785684,-6.475269]]]]},"properties":{"nama":"Susukan","kecamatan":"Bojong Gede","kota":"Kabupaten Bogor","tipe_kawasan":"Permukiman","kualitas_udara":"kurang_sehat","atribut":{"sumber_batas":"OSM","kualitas_udara":"contoh","stasiun":0,"rth":0,"poi":5}}},{"type":"Feature","geometry":{"type":"MultiPolygon","coordinates":[[[[106.908474,-6.57033],[106.908959,-6.570071],[106.908906,-6.570008],[106.909222,-6.569543],[106.909296,-6.569276],[106.909301,-6.568839],[106.909422,-6.568677],[106.909711,-6.56754],[106.909813,-6.56744],[106.909984,-6.566856],[106.910546,-6.566554],[106.910627,-6.566181],[106.91132,-6.565381],[106.911686,-6.565272],[106.911824,-6.564988],[106.913465,-6.564156],[106.914542,-6.563777],[106.914634,-6.563771],[106.914708,-6.564003],[106.914758,-6.564004],[106.91492,-6.563809],[106.915056,-6.563466],[106.914865,-6.563189],[106.914935,-6.563055],[106.915501,-6.563069],[106.915744,-6.562869],[106.916419,-6.562997],[106.91627,-6.562585],[106.916318,-6.562487],[106.916736,-6.562546],[106.917179,-6.56284],[106.917332,-6.56286],[106.9177,-6.562517],[106.918052,-6.56242],[106.91807,-6.562365],[106.917839,-6.562151],[106.917785,-6.56201],[106.917789,-6.561875],[106.91793,-6.561702],[106.918919,-6.561987],[106.919045,-6.561949],[106.919338,-6.561303],[106.919804,-6.561268],[106.920052,-6.561178],[106.920088,-6.560786],[106.919936,-6.560466],[106.919733,-6.560402],[106.919235,-6.560548],[106.919168,-6.560394],[106.91923,-6.560295],[106.919878,-6.560088],[106.920067,-6.559916],[106.920072,-6.55986],[106.919417,-6.559544],[106.919346,-6.559448],[106.919325,-6.559227],[106.919382,-6.559013],[106.919699,-6.558635],[106.919715,-6.558493],[106.919546,-6.558038],[106.92015,-6.558054],[106.920303,-6.557889],[106.920309,-6.557786],[106.920205,-6.557633],[106.91978,-6.557277],[106.919886,-6.557039],[106.920432,-6.55679],[106.920769,-6.556464],[106.920892,-6.556496],[106.92125,-6.55694],[106.921345,-6.556918],[106.921474,-6.556743],[106.921341,-6.556057],[106.921411,-6.556037],[106.921636,-6.556331],[106.921996,-6.556346],[106.922116,-6.556246],[106.922224,-6.556057],[106.922326,-6.555261],[106.922454,-6.554934],[106.922581,-6.554767],[106.923562,-6.554096],[106.923789,-6.554094],[106.924037,-6.554429],[106.924259,-6.554582],[106.924692,-6.554523],[106.924768,-6.554152],[106.924878,-6.554048],[106.924998,-6.554102],[106.925148,-6.554354],[106.924899,-6.554818],[106.925115,-6.555092],[106.925311,-6.555145],[106.925583,-6.554828],[106.925692,-6.554498],[106.925654,-6.554351],[106.925114,-6.553814],[106.924837,-6.552817],[106.924694,-6.552747],[106.924556,-6.552831],[106.924185,-6.553567],[106.924026,-6.553664],[106.923908,-6.553608],[106.923815,-6.553481],[106.923743,-6.552851],[106.923657,-6.552613],[106.923243,-6.551846],[106.923305,-6.551677],[106.923584,-6.551626],[106.923672,-6.551568],[106.923704,-6.551443],[106.923637,-6.551278],[106.923164,-6.550999],[106.923227,-6.550457],[106.922824,-6.549816],[106.922762,-6.549618],[106.922905,-6.548924],[106.923207,-6.548781],[106.92377,-6.547818],[106.923774,-6.547538],[106.9236,-6.546998],[106.923748,-6.546494],[106.923631,-6.54636],[106.923503,-6.546358],[106.923369,-6.546411],[106.922949,-6.546808],[106.922863,-6.546858],[106.922762,-6.546826],[106.922663,-6.546728],[106.922529,-6.546227],[106.92238,-6.546032],[106.922384,-6.545945],[106.922939,-6.545631],[106.923005,-6.545518],[106.922624,-6.545305],[106.921633,-6.545183],[106.921282,-6.545016],[106.921031,-6.544808],[106.921055,-6.544322],[106.921126,-6.544197],[106.921606,-6.54391],[106.922302,-6.543841],[106.922306,-6.543382],[106.922437,-6.543177],[106.922575,-6.543132],[106.923076,-6.543358],[106.923277,-6.543367],[106.923489,-6.543278],[106.923541,-6.543091],[106.922655,-6.542629],[106.922494,-6.541707],[106.922069,-6.541218],[106.921938,-6.540818],[106.921744,-6.540522],[106.921049,-6.5405],[106.920743,-6.540255],[106.919911,-6.538157],[106.919882,-6.538022],[106.920098,-6.537676],[106.920114,-6.537484],[106.919107,-6.53741],[106.918941,-6.536899],[106.918835,-6.536095],[106.918783,-6.534573],[106.918661,-6.533871],[106.918177,-6.533693],[106.917123,-6.532959],[106.917133,-6.532903],[106.917583,-6.533045],[106.9178,-6.532989],[106.917852,-6.532568],[106.917749,-6.532498],[106.917262,-6.532512],[106.916161,-6.532883],[106.916015,-6.532748],[106.91615,-6.532312],[106.916089,-6.532233],[106.915844,-6.532203],[106.915128,-6.532427],[106.91506,-6.532376],[106.915228,-6.531725],[106.915162,-6.531436],[106.91416,-6.531062],[106.913802,-6.53084],[106.913363,-6.52983],[106.913197,-6.52969],[106.913115,-6.529693],[106.912884,-6.530029],[106.912298,-6.530525],[106.912188,-6.530418],[106.91207,-6.529587],[106.911917,-6.52954],[106.911828,-6.529629],[106.911617,-6.53041],[106.911748,-6.531117],[106.911591,-6.531306],[106.911507,-6.531317],[106.911264,-6.531137],[106.911155,-6.530762],[106.91061,-6.530588],[106.910284,-6.530024],[106.910024,-6.53007],[106.909195,-6.530543],[106.908316,-6.530523],[106.907936,-6.530391],[106.907777,-6.530151],[106.907834,-6.528806],[106.907612,-6.528151],[106.906938,-6.527767],[106.905903,-6.527425],[106.905609,-6.527444],[106.905406,-6.527613],[106.905307,-6.527632],[106.905237,-6.527572],[106.905152,-6.527132],[106.904767,-6.526282],[106.904753,-6.52605],[106.904878,-6.525337],[106.904752,-6.525069],[106.904669,-6.525017],[106.903314,-6.524949],[106.903156,-6.524913],[106.902892,-6.52472],[106.902855,-6.524609],[106.902942,-6.524279],[106.903538,-6.523657],[106.903576,-6.523425],[106.902773,-6.523414],[106.902702,-6.523365],[106.902552,-6.522652],[106.902052,-6.52257],[106.901714,-6.522666],[106.901534,-6.522629],[106.901508,-6.522322],[106.901652,-6.522072],[106.901848,-6.522035],[106.902213,-6.52212],[106.90276,-6.521786],[106.903171,-6.521275],[106.903211,-6.520993],[106.902929,-6.519775],[106.902317,-6.519468],[106.901916,-6.519349],[106.901606,-6.519623],[106.901278,-6.520193],[106.900975,-6.520191],[106.900574,-6.519962],[106.900044,-6.519913],[106.899151,-6.520225],[106.899004,-6.52009],[106.898962,-6.519721],[106.899056,-6.519016],[106.899005,-6.518733],[106.898248,-6.518285],[106.898156,-6.518267],[106.898035,-6.518385],[106.898073,-6.518818],[106.897788,-6.518962],[106.897673,-6.518953],[106.897323,-6.518713],[106.897079,-6.51845],[106.897026,-6.518299],[106.897687,-6.517725],[106.897697,-6.517581],[106.897398,-6.517443],[106.896672,-6.517377],[106.896609,-6.517312],[106.896613,-6.51718],[106.896887,-6.516952],[106.896903,-6.516708],[106.896693,-6.516497],[106.896102,-6.51622],[106.895861,-6.515976],[106.89705,-6.515096],[106.897826,-6.514735],[106.897933,-6.514952],[106.897952,-6.515799],[106.898219,-6.516104],[106.898466,-6.516137],[106.899413,-6.51578],[106.900059,-6.515074],[106.901032,-6.515107],[106.901702,-6.514983],[106.902476,-6.514711],[106.902917,-6.514372],[106.903146,-6.51378],[106.903272,-6.51298],[106.903833,-6.512544],[106.904101,-6.512227],[106.90421,-6.512191],[106.90477,-6.512363],[106.905142,-6.512091],[106.905432,-6.51199],[106.906459,-6.512417],[106.906976,-6.512211],[106.907164,-6.512206],[106.907664,-6.512503],[106.907839,-6.512522],[106.908645,-6.512043],[106.909303,-6.512078],[106.909742,-6.512015],[106.910042,-6.511906],[106.91052,-6.511506],[106.910839,-6.510617],[106.911004,-6.51035],[106.911304,-6.510158],[106.911441,-6.510116],[106.911612,-6.510163],[106.91182,-6.510401],[106.911961,-6.510941],[106.911974,-6.512461],[106.912077,-6.512851],[106.912375,-6.513316],[106.913401,-6.514251],[106.914074,-6.514994],[106.914204,-6.515324],[106.914235,-6.516114],[106.914713,-6.517784],[106.914878,-6.518093],[106.915506,-6.51866],[106.91592,-6.519275],[106.916216,-6.519417],[106.917101,-6.519395],[106.917219,-6.519442],[106.91752,-6.519849],[106.917787,-6.519987],[106.919132,-6.520027],[106.919295,-6.520091],[106.919541,-6.520303],[106.920042,-6.52139],[106.920198,-6.521583],[106.920657,-6.521927],[106.921102,-6.522054],[106.921488,-6.522068],[106.921677,-6.522014],[106.921911,-6.521799],[106.922274,-6.521138],[106.922564,-6.520947],[106.922872,-6.52091],[106.923293,-6.521032],[106.923995,-6.521745],[106.92468,-6.523],[106.924918,-6.523311],[106.925164,-6.523478],[106.925486,-6.523592],[106.926816,-6.523771],[106.928358,-6.52469],[106.9285,-6.52502],[106.928509,-6.525198],[106.92833,-6.526254],[106.928383,-6.526432],[106.9285,-6.526531],[106.92883,-6.526645],[106.929521,-6.526664],[106.930224,-6.526549],[106.931033,-6.526165],[106.931196,-6.526141],[106.931517,-6.526244],[106.931693,-6.52646],[106.931796,-6.526844],[106.931773,-6.527292],[106.931674,-6.527452],[106.931177,-6.52766],[106.929388,-6.527656],[106.928945,-6.527799],[106.928645,-6.528111],[106.928567,-6.528312],[106.928545,-6.528692],[106.928691,-6.529096],[106.929032,-6.529349],[106.931346,-6.530011],[106.932127,-6.530154],[106.932834,-6.530202],[106.934269,-6.530166],[106.934566,-6.530301],[106.934872,-6.530721],[106.935196,-6.531636],[106.935196,-6.531936],[106.935075,-6.532516],[106.935185,-6.534043],[106.935371,-6.534413],[106.935768,-6.534713],[106.935838,-6.534829],[106.935859,-6.535051],[106.935691,-6.535218],[106.935445,-6.535216],[106.93492,-6.535016],[106.934506,-6.535005],[106.934193,-6.535081],[106.933993,-6.53524],[106.933812,-6.53567],[106.933437,-6.537606],[106.93336,-6.53775],[106.932975,-6.538086],[106.932019,-6.539278],[106.931499,-6.539633],[106.93141,-6.539832],[106.931398,-6.540364],[106.9316,-6.540645],[106.932138,-6.540752],[106.932456,-6.541599],[106.933513,-6.542761],[106.933741,-6.543439],[106.933911,-6.54532],[106.934011,-6.545479],[106.934499,-6.545917],[106.934685,-6.546298],[106.934653,-6.546609],[106.934207,-6.548026],[106.93391,-6.548349],[106.933294,-6.548727],[106.93317,-6.549009],[106.933178,-6.549289],[106.933702,-6.550543],[106.93383,-6.551757],[106.933908,-6.551958],[106.934137,-6.552218],[106.934427,-6.552366],[106.934908,-6.552374],[106.935666,-6.552133],[106.935954,-6.552159],[106.936131,-6.552391],[106.936214,-6.552828],[106.936329,-6.553072],[106.936914,-6.553248],[106.937125,-6.553454],[106.937225,-6.553827],[106.937118,-6.554125],[106.93678,-6.554444],[106.936145,-6.554896],[106.936008,-6.555189],[106.936007,-6.555327],[106.936114,-6.555491],[106.93638,-6.555599],[106.937642,-6.555498],[106.937851,-6.555555],[106.93818,-6.555839],[106.938259,-6.556452],[106.938118,-6.556821],[106.937796,-6.557362],[106.937664,-6.557957],[106.937802,-6.558551],[106.938249,-6.558869],[106.937772,-6.55911],[106.935289,-6.559879],[106.931724,-6.560842],[106.931015,-6.560969],[106.930458,-6.561175],[106.930312,-6.561129],[106.929786,-6.561281],[106.929402,-6.56105],[106.928473,-6.561179],[106.928332,-6.561437],[106.927907,-6.561877],[106.927403,-6.562766],[106.927118,-6.563735],[106.926156,-6.565382],[106.925562,-6.56609],[106.925117,-6.566443],[106.923638,-6.567282],[106.922484,-6.56816],[106.921052,-6.569497],[106.920756,-6.569914],[106.920586,-6.570645],[106.92035,-6.57071],[106.920159,-6.570899],[106.919239,-6.570917],[106.919108,-6.570984],[106.918849,-6.571301],[106.918798,-6.571572],[106.918414,-6.57193],[106.918365,-6.572214],[106.918167,-6.572345],[106.917891,-6.572809],[106.917864,-6.572974],[106.917855,-6.572901],[106.917615,-6.572875],[106.917422,-6.572969],[106.917393,-6.573157],[106.917533,-6.57334],[106.917493,-6.573532],[106.917162,-6.573564],[106.917007,-6.573487],[106.916909,-6.573293],[106.916604,-6.573258],[106.91643,-6.573377],[106.916175,-6.573975],[106.915895,-6.574176],[106.915614,-6.574136],[106.915233,-6.573757],[106.914451,-6.573804],[106.914231,-6.573686],[106.914165,-6.573335],[106.914355,-6.572781],[106.914373,-6.572476],[106.914208,-6.572115],[106.913855,-6.571893],[106.913288,-6.571916],[106.912401,-6.572396],[106.912059,-6.572426],[106.911747,-6.57233],[106.911538,-6.571917],[106.911517,-6.571556],[106.911596,-6.570942],[106.911425,-6.570559],[106.911119,-6.570533],[106.91068,-6.570951],[106.910393,-6.57098],[106.90964,-6.57057],[106.908786,-6.570442],[106.908474,-6.57033]]]]},"properties":{"nama":"Tajur","kecamatan":"Citeureup","kota":"Kabupaten Bogor","tipe_kawasan":"Permukiman","kualitas_udara":"kurang_sehat","atribut":{"sumber_batas":"OSM","kualitas_udara":"contoh","stasiun":0,"rth":0,"poi":0}}},{"type":"Feature","geometry":{"type":"MultiPolygon","coordinates":[[[[106.885927,-6.439127],[106.885877,-6.438087],[106.885961,-6.437506],[106.886077,-6.437219],[106.886398,-6.437097],[106.887092,-6.437443],[106.887428,-6.437438],[106.887586,-6.43729],[106.887844,-6.436329],[106.887989,-6.436186],[106.888497,-6.436028],[106.888515,-6.435852],[106.888454,-6.435722],[106.887904,-6.43524],[106.887956,-6.43498],[106.88808,-6.434792],[106.888411,-6.434612],[106.889492,-6.434322],[106.889827,-6.434362],[106.89058,-6.434662],[106.89096,-6.434687],[106.891261,-6.434592],[106.891675,-6.434019],[106.891815,-6.433741],[106.891803,-6.433405],[106.891483,-6.432849],[106.89118,-6.432513],[106.890806,-6.432352],[106.890375,-6.432569],[106.89024,-6.432536],[106.890175,-6.432417],[106.890406,-6.431498],[106.890737,-6.430806],[106.891415,-6.430351],[106.892153,-6.429625],[106.892743,-6.4284],[106.892819,-6.428105],[106.892786,-6.427979],[106.892669,-6.427903],[106.892219,-6.427955],[106.891965,-6.427912],[106.891829,-6.427819],[106.891798,-6.427565],[106.892055,-6.427132],[106.892774,-6.42647],[106.89304,-6.426546],[106.893554,-6.426789],[106.894625,-6.427974],[106.894749,-6.428034],[106.89511,-6.428029],[106.895218,-6.427917],[106.895279,-6.427639],[106.895172,-6.426975],[106.894347,-6.42535],[106.894342,-6.425088],[106.894492,-6.424966],[106.894913,-6.424997],[106.895678,-6.425262],[106.896664,-6.426053],[106.896989,-6.426208],[106.897164,-6.426197],[106.897587,-6.425827],[106.897785,-6.425776],[106.898439,-6.425991],[106.898763,-6.426187],[106.898911,-6.42621],[106.899083,-6.426105],[106.899298,-6.425534],[106.899304,-6.4247],[106.898893,-6.423809],[106.898898,-6.423626],[106.899036,-6.423519],[106.899585,-6.423619],[106.899754,-6.423585],[106.899878,-6.423388],[106.899968,-6.423002],[106.899878,-6.422788],[106.899735,-6.422698],[106.899117,-6.422655],[106.898943,-6.422574],[106.898974,-6.422322],[106.899312,-6.421815],[106.89944,-6.421489],[106.899417,-6.421285],[106.89901,-6.420502],[106.89891,-6.420014],[106.898967,-6.419735],[106.899245,-6.419555],[106.899424,-6.419536],[106.8996,-6.419619],[106.899797,-6.419871],[106.899726,-6.420445],[106.899919,-6.420668],[106.900137,-6.420692],[106.900328,-6.420547],[106.900393,-6.420404],[106.900408,-6.419973],[106.900322,-6.419384],[106.900354,-6.419185],[106.900524,-6.419003],[106.900795,-6.418828],[106.901467,-6.418584],[106.902243,-6.418424],[106.903254,-6.417974],[106.903335,-6.418067],[106.903457,-6.419167],[106.903596,-6.419292],[106.903683,-6.419292],[106.904099,-6.419021],[106.905427,-6.417342],[106.905777,-6.416681],[106.906077,-6.415634],[106.906048,-6.414834],[106.905981,-6.414652],[106.905148,-6.413385],[106.905152,-6.412862],[106.905237,-6.41274],[106.905452,-6.412652],[106.905605,-6.412704],[106.906152,-6.412972],[106.906441,-6.41322],[106.907396,-6.414944],[106.9076,-6.415104],[106.907975,-6.415171],[106.908182,-6.414995],[106.908321,-6.414474],[106.90848,-6.412756],[106.908411,-6.411705],[106.90857,-6.411557],[106.908878,-6.411626],[106.908999,-6.411761],[106.909275,-6.412605],[106.909367,-6.412705],[106.910175,-6.412846],[106.910523,-6.412999],[106.910656,-6.413142],[106.910647,-6.413221],[106.910431,-6.413489],[106.910617,-6.413566],[106.911503,-6.413518],[106.912149,-6.41332],[106.912402,-6.413051],[106.912653,-6.412208],[106.912914,-6.411944],[106.913793,-6.412481],[106.914485,-6.4128],[106.914526,-6.412996],[106.913971,-6.41412],[106.913903,-6.414397],[106.913941,-6.414847],[106.914172,-6.415007],[106.914382,-6.415046],[106.914674,-6.414962],[106.914806,-6.414271],[106.915021,-6.413753],[106.915529,-6.412957],[106.915652,-6.412646],[106.916524,-6.41296],[106.917075,-6.413507],[106.917216,-6.413951],[106.917107,-6.41433],[106.917222,-6.414752],[106.917642,-6.415478],[106.917856,-6.41573],[106.9179,-6.417476],[106.918277,-6.421701],[106.918847,-6.421664],[106.919297,-6.421506],[106.919928,-6.421142],[106.921434,-6.419515],[106.922854,-6.418568],[106.925646,-6.416919],[106.926033,-6.41747],[106.926146,-6.417792],[106.925793,-6.417764],[106.92544,-6.417888],[106.924188,-6.418676],[106.92371,-6.419197],[106.922956,-6.419544],[106.92289,-6.419655],[106.922854,-6.420176],[106.92275,-6.420324],[106.922106,-6.420566],[106.921847,-6.420793],[106.921596,-6.421155],[106.921431,-6.421532],[106.921319,-6.42197],[106.921273,-6.422545],[106.920935,-6.423304],[106.920574,-6.423501],[106.920341,-6.423944],[106.919603,-6.4249],[106.9191,-6.424863],[106.918966,-6.424893],[106.918904,-6.424999],[106.918873,-6.425757],[106.918976,-6.426012],[106.918961,-6.426145],[106.918751,-6.426511],[106.918701,-6.427094],[106.918847,-6.42755],[106.918761,-6.427792],[106.91864,-6.427865],[106.918438,-6.427866],[106.917396,-6.427536],[106.91696,-6.42754],[106.916201,-6.427796],[106.915506,-6.42791],[106.914481,-6.427893],[106.914002,-6.428093],[106.913791,-6.428269],[106.913713,-6.428917],[106.913361,-6.429375],[106.91278,-6.430582],[106.912702,-6.431057],[106.912613,-6.431209],[106.912471,-6.431312],[106.9119,-6.431457],[106.911808,-6.431531],[106.911804,-6.431605],[106.911129,-6.432254],[106.908612,-6.435353],[106.907363,-6.436505],[106.906825,-6.43778],[106.906374,-6.440773],[106.905906,-6.441615],[106.905665,-6.442463],[106.905458,-6.44266],[106.904912,-6.442801],[106.904343,-6.443726],[106.902746,-6.44532],[106.902527,-6.445763],[106.90243,-6.445807],[106.902062,-6.445765],[106.901921,-6.445875],[106.901695,-6.445922],[106.901201,-6.446689],[106.901066,-6.446809],[106.900973,-6.447062],[106.900615,-6.447577],[106.900133,-6.448032],[106.899898,-6.448435],[106.8999,-6.448519],[106.899998,-6.448564],[106.899358,-6.449662],[106.89823,-6.452089],[106.896768,-6.451318],[106.89683,-6.450938],[106.897204,-6.449978],[106.896619,-6.449657],[106.896931,-6.448971],[106.895712,-6.448434],[106.895061,-6.447927],[106.894449,-6.447588],[106.894159,-6.447557],[106.893866,-6.447308],[106.890806,-6.446393],[106.890431,-6.446427],[106.889951,-6.446595],[106.889377,-6.44697],[106.888323,-6.447887],[106.887726,-6.448076],[106.887463,-6.448077],[106.886888,-6.447671],[106.886256,-6.447576],[106.885521,-6.447805],[106.885312,-6.447758],[106.884948,-6.447338],[106.884886,-6.44695],[106.884274,-6.446706],[106.883749,-6.446374],[106.883405,-6.446613],[106.88309,-6.446556],[106.882523,-6.446846],[106.882346,-6.446886],[106.88223,-6.446838],[106.882063,-6.446398],[106.881983,-6.445877],[106.882003,-6.445089],[106.882323,-6.444091],[106.882595,-6.443478],[106.882731,-6.443429],[106.882879,-6.443471],[106.883484,-6.443889],[106.883663,-6.444089],[106.883673,-6.444558],[106.883435,-6.445062],[106.883441,-6.445191],[106.88354,-6.445313],[106.884014,-6.445424],[106.885201,-6.445513],[106.885379,-6.445334],[106.885338,-6.444833],[106.885256,-6.444723],[106.884576,-6.444337],[106.884522,-6.444142],[106.884611,-6.443661],[106.885093,-6.442156],[106.885286,-6.442138],[106.886024,-6.442542],[106.88672,-6.443191],[106.887013,-6.442989],[106.887103,-6.442807],[106.887159,-6.441545],[106.88727,-6.440905],[106.887202,-6.440482],[106.887009,-6.44037],[106.886766,-6.440398],[106.885817,-6.440881],[106.885606,-6.440869],[106.885429,-6.440679],[106.885423,-6.440411],[106.885938,-6.439788],[106.885987,-6.439631],[106.885927,-6.439127]]]]},"properties":{"nama":"Bojong Nangka","kecamatan":"Gunung Putri","kota":"Kabupaten Bogor","tipe_kawasan":"Permukiman","kualitas_udara":"sehat","atribut":{"sumber_batas":"OSM","kualitas_udara":"contoh","stasiun":0,"rth":2,"poi":0}}},{"type":"Feature","geometry":{"type":"MultiPolygon","coordinates":[[[[106.785684,-6.475269],[106.786441,-6.475389],[106.786477,-6.475656],[106.786388,-6.47586],[106.786419,-6.476223],[106.786521,-6.476512],[106.787369,-6.477746],[106.787608,-6.478504],[106.787764,-6.479334],[106.787773,-6.479991],[106.788096,-6.480572],[106.788065,-6.481473],[106.788305,-6.481553],[106.788389,-6.481681],[106.788642,-6.484632],[106.788584,-6.48504],[106.788301,-6.485466],[106.78807,-6.486753],[106.787392,-6.489009],[106.78715,-6.489091],[106.786821,-6.489068],[106.786833,-6.490436],[106.786551,-6.49102],[106.786403,-6.491753],[106.785144,-6.491712],[106.785134,-6.492054],[106.784905,-6.492267],[106.784781,-6.492976],[106.784717,-6.49304],[106.783542,-6.492797],[106.783423,-6.492857],[106.783165,-6.493293],[106.782645,-6.493194],[106.782203,-6.493382],[106.781149,-6.493323],[106.780889,-6.493453],[106.780136,-6.493461],[106.779502,-6.493308],[106.779436,-6.49335],[106.778503,-6.493008],[106.776846,-6.492708],[106.776664,-6.492699],[106.776461,-6.492824],[106.774942,-6.492638],[106.775083,-6.492249],[106.775124,-6.491839],[106.774973,-6.491471],[106.774801,-6.489882],[106.774851,-6.488109],[106.774893,-6.487665],[106.775244,-6.487348],[106.775391,-6.486929],[106.775387,-6.486074],[106.77555,-6.485725],[106.775557,-6.485055],[106.776301,-6.485075],[106.776408,-6.485022],[106.776586,-6.484177],[106.776544,-6.484052],[106.775783,-6.483886],[106.775676,-6.483587],[106.775754,-6.481933],[106.776278,-6.479769],[106.776254,-6.479484],[106.776034,-6.479335],[106.775767,-6.479436],[106.775047,-6.480471],[106.774987,-6.480757],[106.77512,-6.481693],[106.774721,-6.481223],[106.77459,-6.480708],[106.773683,-6.479676],[106.77262,-6.480579],[106.772275,-6.481043],[106.771805,-6.481239],[106.771656,-6.481221],[106.771579,-6.481066],[106.77168,-6.480822],[106.772866,-6.479636],[106.7733,-6.478822],[106.773858,-6.477603],[106.773966,-6.477242],[106.774359,-6.47655],[106.774483,-6.476038],[106.77459,-6.475917],[106.775235,-6.475545],[106.775964,-6.474429],[106.77607,-6.474125],[106.776116,-6.473404],[106.776379,-6.473017],[106.777257,-6.473462],[106.778459,-6.47362],[106.778696,-6.473593],[106.778859,-6.473453],[106.779115,-6.472923],[106.77924,-6.472792],[106.779436,-6.472656],[106.779728,-6.472572],[106.780424,-6.47262],[106.780828,-6.472465],[106.781072,-6.472465],[106.782714,-6.472662],[106.782768,-6.472715],[106.782863,-6.473661],[106.782988,-6.473756],[106.784314,-6.473827],[106.785195,-6.473935],[106.785415,-6.474036],[106.785468,-6.474625],[106.785409,-6.474982],[106.785684,-6.475269]]]]},"properties":{"nama":"Sukmajaya","kecamatan":"Tajurhalang","kota":"Kabupaten Bogor","tipe_kawasan":"Permukiman","kualitas_udara":"kurang_sehat","atribut":{"sumber_batas":"OSM","kualitas_udara":"contoh","stasiun":0,"rth":0,"poi":0}}},{"type":"Feature","geometry":{"type":"MultiPolygon","coordinates":[[[[106.759685,-6.532361],[106.757898,-6.532101],[106.756151,-6.531603],[106.755989,-6.531627],[106.756054,-6.531795],[106.755825,-6.532682],[106.755303,-6.532743],[106.755246,-6.532819],[106.755182,-6.53345],[106.755235,-6.534109],[106.75518,-6.534251],[106.754932,-6.534287],[106.754801,-6.535061],[106.75414,-6.535056],[106.754035,-6.535253],[106.754004,-6.53566],[106.754069,-6.536426],[106.754399,-6.537019],[106.754537,-6.537794],[106.754127,-6.539248],[106.753065,-6.538905],[106.752948,-6.539054],[106.75164,-6.538868],[106.751624,-6.539193],[106.750754,-6.539439],[106.750371,-6.5397],[106.750148,-6.539947],[106.750112,-6.54037],[106.750015,-6.540577],[106.749774,-6.540474],[106.749357,-6.54006],[106.749178,-6.540024],[106.748784,-6.540147],[106.748346,-6.54061],[106.748246,-6.540627],[106.748099,-6.540446],[106.747893,-6.540473],[106.747595,-6.540356],[106.747524,-6.540285],[106.747693,-6.538957],[106.747815,-6.538487],[106.747372,-6.53843],[106.746394,-6.537957],[106.746639,-6.536502],[106.746884,-6.534005],[106.747109,-6.53292],[106.747232,-6.532807],[106.748109,-6.532853],[106.748253,-6.531875],[106.748089,-6.531881],[106.748069,-6.531598],[106.747337,-6.531476],[106.747358,-6.531193],[106.747548,-6.531098],[106.747631,-6.530334],[106.747602,-6.528903],[106.747569,-6.528805],[106.747408,-6.528716],[106.747417,-6.528338],[106.747518,-6.528195],[106.747729,-6.528088],[106.747738,-6.52802],[106.747462,-6.527788],[106.747242,-6.526864],[106.747001,-6.526796],[106.746956,-6.52632],[106.746698,-6.52626],[106.7466,-6.526171],[106.746573,-6.525508],[106.746757,-6.525273],[106.746734,-6.525026],[106.746796,-6.524791],[106.746713,-6.524675],[106.746305,-6.524634],[106.746234,-6.524526],[106.746261,-6.524044],[106.746835,-6.523994],[106.746914,-6.52351],[106.747437,-6.52351],[106.747481,-6.523464],[106.747437,-6.523306],[106.747511,-6.523246],[106.747992,-6.523226],[106.747995,-6.522918],[106.747701,-6.522739],[106.747625,-6.52257],[106.747713,-6.52246],[106.747891,-6.522437],[106.747928,-6.522099],[106.747573,-6.522024],[106.747446,-6.522095],[106.74735,-6.522301],[106.747148,-6.522276],[106.74733,-6.520898],[106.747281,-6.520583],[106.747146,-6.520439],[106.746921,-6.52034],[106.74602,-6.520136],[106.745343,-6.519875],[106.745329,-6.519779],[106.745776,-6.518941],[106.746289,-6.519386],[106.746572,-6.519429],[106.74674,-6.519365],[106.747409,-6.518661],[106.74804,-6.518518],[106.748148,-6.51862],[106.748416,-6.519161],[106.749145,-6.518857],[106.749229,-6.51887],[106.749626,-6.519382],[106.750508,-6.51958],[106.751101,-6.518701],[106.751304,-6.51825],[106.750897,-6.518124],[106.749977,-6.518229],[106.749817,-6.518053],[106.749865,-6.517855],[106.750388,-6.517351],[106.75006,-6.516616],[106.750112,-6.51594],[106.749938,-6.51529],[106.749855,-6.514384],[106.749941,-6.514055],[106.750053,-6.513905],[106.750155,-6.513908],[106.750369,-6.514089],[106.750576,-6.513996],[106.750843,-6.514017],[106.751316,-6.513627],[106.751633,-6.513515],[106.752004,-6.513499],[106.752178,-6.513527],[106.752351,-6.51382],[106.752963,-6.513841],[106.753165,-6.513977],[106.753303,-6.514215],[106.753296,-6.514315],[106.752932,-6.514541],[106.752665,-6.515297],[106.752206,-6.516033],[106.752205,-6.516217],[106.75301,-6.51601],[106.753821,-6.51612],[106.754759,-6.515691],[106.755394,-6.515665],[106.75555,-6.515602],[106.755791,-6.516453],[106.755914,-6.517386],[106.756336,-6.518715],[106.756547,-6.52086],[106.756823,-6.521479],[106.757115,-6.521922],[106.757376,-6.522149],[106.757526,-6.522165],[106.757571,-6.522258],[106.757241,-6.522924],[106.757319,-6.523122],[106.757269,-6.523305],[106.757348,-6.523393],[106.757909,-6.523628],[106.758409,-6.524104],[106.758501,-6.524473],[106.758426,-6.525468],[106.758674,-6.526127],[106.758906,-6.527479],[106.75909,-6.527787],[106.759666,-6.528474],[106.759793,-6.528984],[106.759766,-6.529778],[106.75954,-6.530194],[106.759528,-6.530363],[106.759559,-6.53053],[106.759889,-6.530947],[106.759979,-6.531423],[106.759685,-6.532361]]]]},"properties":{"nama":"Bojong","kecamatan":"Kemang","kota":"Kabupaten Bogor","tipe_kawasan":"Permukiman","kualitas_udara":"sehat","atribut":{"sumber_batas":"OSM","kualitas_udara":"contoh","stasiun":0,"rth":2,"poi":0}}},{"type":"Feature","geometry":{"type":"MultiPolygon","coordinates":[[[[106.699171,-6.536732],[106.69911,-6.537556],[106.699254,-6.537999],[106.699381,-6.538075],[106.700465,-6.538265],[106.702136,-6.538326],[106.704383,-6.538709],[106.705113,-6.538749],[106.705828,-6.53892],[106.706158,-6.539064],[106.706464,-6.539384],[106.706257,-6.540378],[106.706191,-6.541059],[106.706434,-6.54124],[106.707292,-6.541115],[106.708079,-6.541105],[106.708399,-6.541349],[106.708912,-6.542357],[106.70914,-6.542588],[106.709491,-6.542789],[106.709671,-6.542862],[106.710956,-6.542428],[106.712272,-6.54214],[106.712409,-6.542189],[106.712548,-6.542369],[106.712531,-6.542919],[106.712236,-6.543588],[106.712092,-6.544211],[106.712093,-6.544727],[106.712381,-6.54494],[106.712761,-6.54495],[106.713236,-6.544576],[106.713524,-6.544493],[106.714318,-6.544551],[106.714437,-6.545552],[106.714876,-6.546031],[106.71478,-6.546423],[106.714262,-6.546759],[106.714329,-6.547325],[106.714394,-6.547447],[106.714538,-6.54753],[106.715011,-6.547608],[106.715158,-6.54768],[106.715242,-6.547812],[106.715118,-6.54806],[106.714957,-6.54812],[106.714645,-6.548043],[106.714535,-6.548127],[106.71453,-6.548466],[106.714943,-6.548995],[106.714995,-6.549262],[106.714867,-6.549442],[106.714503,-6.549689],[106.713776,-6.549533],[106.713296,-6.549926],[106.713243,-6.550191],[106.713335,-6.550571],[106.713263,-6.550986],[106.713275,-6.5514],[106.71304,-6.551858],[106.713169,-6.551976],[106.713974,-6.552272],[106.714165,-6.552509],[106.711493,-6.553119],[106.71067,-6.553056],[106.709715,-6.552494],[106.70894,-6.551576],[106.708264,-6.551075],[106.707059,-6.550452],[106.706513,-6.550053],[106.705931,-6.549854],[106.705645,-6.549827],[106.704634,-6.549944],[106.704042,-6.5496],[106.70395,-6.549196],[106.703542,-6.54883],[106.703389,-6.548458],[106.703146,-6.548268],[106.701959,-6.548118],[106.701653,-6.548571],[106.701609,-6.548776],[106.701766,-6.549213],[106.702608,-6.550247],[106.703429,-6.55075],[106.703618,-6.550992],[106.70366,-6.55116],[106.703332,-6.552348],[106.702623,-6.553943],[106.702597,-6.55417],[106.702747,-6.554415],[106.703002,-6.554574],[106.703132,-6.554767],[106.703253,-6.55525],[106.703428,-6.555504],[106.704331,-6.555839],[106.704443,-6.556123],[106.704418,-6.556381],[106.70415,-6.556336],[106.702893,-6.555958],[106.701562,-6.555418],[106.701667,-6.555067],[106.701671,-6.554636],[106.70108,-6.554022],[106.700858,-6.553645],[106.700592,-6.553471],[106.698992,-6.552951],[106.698479,-6.552868],[106.698312,-6.553056],[106.697965,-6.553001],[106.697864,-6.553045],[106.697788,-6.553193],[106.697709,-6.553195],[106.697049,-6.552961],[106.697022,-6.552856],[106.697149,-6.552423],[106.695683,-6.55193],[106.695316,-6.551528],[106.695198,-6.551192],[106.695459,-6.550506],[106.695958,-6.55],[106.695988,-6.54963],[106.695939,-6.549436],[106.695728,-6.549259],[106.695372,-6.549228],[106.69384,-6.551036],[106.693471,-6.550618],[106.69324,-6.550235],[106.692803,-6.550463],[106.692527,-6.550166],[106.692189,-6.550001],[106.692151,-6.549916],[106.692222,-6.54978],[106.692155,-6.549616],[106.692224,-6.549314],[106.692075,-6.549121],[106.691836,-6.548954],[106.691684,-6.548683],[106.691613,-6.54846],[106.691627,-6.547943],[106.690823,-6.547287],[106.690863,-6.546823],[106.69158,-6.545766],[106.691996,-6.545504],[106.693024,-6.545133],[106.694254,-6.54323],[106.694906,-6.542544],[106.696502,-6.53992],[106.696908,-6.538812],[106.6973,-6.538216],[106.698191,-6.537279],[106.698782,-6.536779],[106.699171,-6.536732]]]]},"properties":{"nama":"Benteng","kecamatan":"Ciampea","kota":"Kabupaten Bogor","tipe_kawasan":"Permukiman","kualitas_udara":"kurang_sehat","atribut":{"sumber_batas":"OSM","kualitas_udara":"contoh","stasiun":0,"rth":0,"poi":0}}},{"type":"Feature","geometry":{"type":"MultiPolygon","coordinates":[[[[106.907839,-6.480762],[106.907693,-6.481217],[106.907314,-6.481784],[106.90665,-6.482008],[106.905592,-6.482049],[106.905014,-6.481953],[106.904486,-6.482275],[106.904241,-6.482645],[106.904071,-6.483149],[106.904048,-6.483457],[106.904135,-6.483727],[106.905454,-6.484423],[106.906985,-6.485832],[106.907417,-6.486359],[106.907952,-6.487919],[106.90809,-6.488496],[106.908029,-6.488804],[106.9077,-6.489494],[106.906869,-6.490923],[106.906284,-6.4925],[106.906285,-6.492746],[106.906421,-6.492954],[106.907088,-6.493604],[106.908951,-6.494999],[106.90921,-6.49512],[106.909961,-6.495265],[106.910528,-6.495534],[106.910713,-6.495804],[106.91046,-6.497219],[106.909299,-6.5],[106.909049,-6.501049],[106.908923,-6.50223],[106.909705,-6.502092],[106.910506,-6.502211],[106.911589,-6.502988],[106.912171,-6.503161],[106.913443,-6.503235],[106.913665,-6.503298],[106.914021,-6.503486],[106.914805,-6.504143],[106.914983,-6.504236],[106.915403,-6.504301],[106.915851,-6.504249],[106.916287,-6.503949],[106.916474,-6.503677],[106.916753,-6.502835],[106.916874,-6.502669],[106.917194,-6.502474],[106.917681,-6.502439],[106.918163,-6.502547],[106.918695,-6.502877],[106.919051,-6.50333],[106.919303,-6.504081],[106.919575,-6.504092],[106.92034,-6.503599],[106.920732,-6.503453],[106.920974,-6.50327],[106.921022,-6.503041],[106.920854,-6.502255],[106.919977,-6.501327],[106.920044,-6.500633],[106.919929,-6.500122],[106.919991,-6.5],[106.920891,-6.499117],[106.922318,-6.498114],[106.922669,-6.498126],[106.923454,-6.497914],[106.924,-6.49804],[106.924163,-6.49802],[106.925445,-6.497516],[106.925682,-6.497339],[106.925729,-6.497227],[106.925697,-6.497094],[106.925511,-6.496892],[106.925932,-6.496445],[106.9265,-6.496016],[106.927384,-6.494465],[106.927659,-6.493781],[106.928132,-6.493491],[106.927317,-6.493525],[106.926445,-6.49337],[106.926028,-6.493075],[106.92567,-6.49268],[106.92533,-6.491831],[106.925268,-6.491],[106.924675,-6.489594],[106.924423,-6.489259],[106.924145,-6.489074],[106.924131,-6.488787],[106.923831,-6.488135],[106.923354,-6.487563],[106.921817,-6.486365],[106.920625,-6.486043],[106.919956,-6.48561],[106.919308,-6.484896],[106.919218,-6.484692],[106.919159,-6.484268],[106.919052,-6.484097],[106.918496,-6.483723],[106.916674,-6.482803],[106.916375,-6.482867],[106.915907,-6.482808],[106.915323,-6.482901],[106.915155,-6.482848],[106.914119,-6.482067],[106.913857,-6.481747],[106.91292,-6.481025],[106.912551,-6.480816],[106.912533,-6.480614],[106.912429,-6.480486],[106.912079,-6.48047],[106.912164,-6.480746],[106.91211,-6.480835],[106.911696,-6.480532],[106.910544,-6.479875],[106.909204,-6.479704],[106.909106,-6.479783],[106.908916,-6.480328],[106.908814,-6.480435],[106.908413,-6.480615],[106.907839,-6.480762]]]]},"properties":{"nama":"Lulut","kecamatan":"Klapanunggal","kota":"Kabupaten Bogor","tipe_kawasan":"Permukiman","kualitas_udara":"kurang_sehat","atribut":{"sumber_batas":"OSM","kualitas_udara":"contoh","stasiun":0,"rth":0,"poi":0}}},{"type":"Feature","geometry":{"type":"MultiPolygon","coordinates":[[[[106.870746,-6.518925],[106.870501,-6.518668],[106.870333,-6.518581],[106.869301,-6.518534],[106.868927,-6.51841],[106.86869,-6.518628],[106.868472,-6.51901],[106.868396,-6.51965],[106.868236,-6.519962],[106.867894,-6.520133],[106.867538,-6.520151],[106.867262,-6.520053],[106.86708,-6.51985],[106.866913,-6.519235],[106.866862,-6.518734],[106.866668,-6.518456],[106.865039,-6.518593],[106.864393,-6.518787],[106.863801,-6.519173],[106.863437,-6.519573],[106.863287,-6.519885],[106.864135,-6.520514],[106.864549,-6.52116],[106.864593,-6.521448],[106.864488,-6.523643],[106.86293,-6.523643],[106.862271,-6.523813],[106.861918,-6.523678],[106.861412,-6.523187],[106.858669,-6.522187],[106.858006,-6.522026],[106.857612,-6.522024],[106.85715,-6.522126],[106.856745,-6.522313],[106.856368,-6.522636],[106.855478,-6.522941],[106.855102,-6.522974],[106.854735,-6.522898],[106.854521,-6.522784],[106.85424,-6.522327],[106.854202,-6.522084],[106.854283,-6.521408],[106.854683,-6.52038],[106.854913,-6.518879],[106.854962,-6.517473],[106.854928,-6.517252],[106.854689,-6.51682],[106.854143,-6.516583],[106.854227,-6.51564],[106.85432,-6.515452],[106.854756,-6.514956],[106.854997,-6.513942],[106.85503,-6.513393],[106.855484,-6.512894],[106.855538,-6.512751],[106.855484,-6.512608],[106.854086,-6.511514],[106.855202,-6.509985],[106.856234,-6.508725],[106.856267,-6.508606],[106.855636,-6.507622],[106.855441,-6.507147],[106.854498,-6.506013],[106.854128,-6.504673],[106.854553,-6.504624],[106.855007,-6.504771],[106.85557,-6.504826],[106.855807,-6.504777],[106.856129,-6.504551],[106.856606,-6.503827],[106.856626,-6.503508],[106.856533,-6.503125],[106.856101,-6.502263],[106.855678,-6.501595],[106.855642,-6.501235],[106.855791,-6.500895],[106.85608,-6.50077],[106.856259,-6.500781],[106.856444,-6.500874],[106.856667,-6.501098],[106.85703,-6.50119],[106.857318,-6.50118],[106.857839,-6.501036],[106.858632,-6.500969],[106.858815,-6.501698],[106.858851,-6.503004],[106.859029,-6.503504],[106.859358,-6.503996],[106.860828,-6.505081],[106.861014,-6.505345],[106.861292,-6.505967],[106.861278,-6.506245],[106.861068,-6.506657],[106.861142,-6.50683],[106.861371,-6.506964],[106.861766,-6.506921],[106.862042,-6.506726],[106.862331,-6.50633],[106.862669,-6.506273],[106.86304,-6.505592],[106.863354,-6.505759],[106.863435,-6.505968],[106.863297,-6.506839],[106.863264,-6.507481],[106.863321,-6.507605],[106.863416,-6.507662],[106.863664,-6.507619],[106.863916,-6.507105],[106.863987,-6.507105],[106.864425,-6.507477],[106.864458,-6.507581],[106.863333,-6.510214],[106.864569,-6.510815],[106.864255,-6.511395],[106.864669,-6.511557],[106.86504,-6.510862],[106.865478,-6.511152],[106.866177,-6.510262],[106.867339,-6.508259],[106.867672,-6.507821],[106.868552,-6.508056],[106.868724,-6.508165],[106.869533,-6.509112],[106.871336,-6.511891],[106.871687,-6.512276],[106.87181,-6.512543],[106.872243,-6.512557],[106.872485,-6.512712],[106.87175,-6.5133],[106.870786,-6.513925],[106.871102,-6.514028],[106.872423,-6.514856],[106.872126,-6.515109],[106.871992,-6.51567],[106.871597,-6.516251],[106.870936,-6.517945],[106.870746,-6.518925]]]]},"properties":{"nama":"Leuwinutug","kecamatan":"Citeureup","kota":"Kabupaten Bogor","tipe_kawasan":"Permukiman","kualitas_udara":"kurang_sehat","atribut":{"sumber_batas":"OSM","kualitas_udara":"contoh","stasiun":0,"rth":0,"poi":2}}},{"type":"Feature","geometry":{"type":"MultiPolygon","coordinates":[[[[106.907408,-6.506013],[106.907309,-6.506428],[106.907281,-6.507986],[106.906946,-6.509715],[106.906954,-6.510198],[106.907029,-6.510551],[106.907244,-6.510931],[106.908011,-6.511694],[106.908345,-6.511932],[106.90883,-6.512073],[106.909303,-6.512078],[106.910042,-6.511906],[106.91052,-6.511506],[106.910839,-6.510617],[106.911004,-6.51035],[106.911441,-6.510116],[106.911718,-6.510227],[106.91182,-6.510401],[106.911961,-6.510941],[106.911974,-6.512461],[106.912077,-6.512851],[106.912375,-6.513316],[106.913401,-6.514251],[106.914074,-6.514994],[106.914204,-6.515324],[106.914235,-6.516114],[106.914713,-6.517784],[106.914878,-6.518093],[106.915506,-6.51866],[106.91592,-6.519275],[106.916216,-6.519417],[106.917101,-6.519395],[106.917219,-6.519442],[106.91752,-6.519849],[106.917787,-6.519987],[106.919132,-6.520027],[106.919295,-6.520091],[106.919541,-6.520303],[106.920042,-6.52139],[106.920198,-6.521583],[106.920657,-6.521927],[106.921102,-6.522054],[106.921488,-6.522068],[106.921677,-6.522014],[106.921911,-6.521799],[106.922274,-6.521138],[106.922564,-6.520947],[106.922872,-6.52091],[106.923293,-6.521032],[106.923995,-6.521745],[106.92468,-6.523],[106.924918,-6.523311],[106.925164,-6.523478],[106.925486,-6.523592],[106.926816,-6.523771],[106.928358,-6.52469],[106.9285,-6.52502],[106.928509,-6.525198],[106.92833,-6.526254],[106.928383,-6.526432],[106.9285,-6.526531],[106.92883,-6.526645],[106.929521,-6.526664],[106.930224,-6.526549],[106.931033,-6.526165],[106.931196,-6.526141],[106.931517,-6.526244],[106.931693,-6.52646],[106.931796,-6.526844],[106.931773,-6.527292],[106.931674,-6.527452],[106.931177,-6.52766],[106.929388,-6.527656],[106.928945,-6.527799],[106.928645,-6.528111],[106.928567,-6.528312],[106.928545,-6.528692],[106.928691,-6.529096],[106.929032,-6.529349],[106.931346,-6.530011],[106.932127,-6.530154],[106.932834,-6.530202],[106.934269,-6.530166],[106.934566,-6.530301],[106.934872,-6.530721],[106.935196,-6.531636],[106.935724,-6.532094],[106.936091,-6.532576],[106.93621,-6.532987],[106.936187,-6.533175],[106.935871,-6.533754],[106.935813,-6.533977],[106.935968,-6.534306],[106.936404,-6.534399],[106.937711,-6.534194],[106.939598,-6.533254],[106.939893,-6.53319],[106.941103,-6.533134],[106.941161,-6.532815],[106.940908,-6.53199],[106.94096,-6.531521],[106.941222,-6.531276],[106.941793,-6.531207],[106.941919,-6.531299],[106.941986,-6.53154],[106.942009,-6.532474],[106.942185,-6.532766],[106.94248,-6.532891],[106.942887,-6.532828],[106.943663,-6.532168],[106.943899,-6.532069],[106.944136,-6.532076],[106.944584,-6.532388],[106.945054,-6.532397],[106.945671,-6.532608],[106.945941,-6.532617],[106.946244,-6.532508],[106.946705,-6.531985],[106.946975,-6.53197],[106.947053,-6.532123],[106.946965,-6.532447],[106.946976,-6.532749],[106.947136,-6.532794],[106.947625,-6.532639],[106.947909,-6.532658],[106.948368,-6.533193],[106.948658,-6.533706],[106.948633,-6.533965],[106.948101,-6.534373],[106.947861,-6.534712],[106.947707,-6.535398],[106.947783,-6.535709],[106.947903,-6.535806],[106.948082,-6.535772],[106.948738,-6.535204],[106.948955,-6.535113],[106.949241,-6.535096],[106.949409,-6.535171],[106.949909,-6.535783],[106.950045,-6.535844],[106.950204,-6.535798],[106.950348,-6.535667],[106.950891,-6.534252],[106.951083,-6.534102],[106.951438,-6.534118],[106.95228,-6.534828],[106.952712,-6.534919],[106.953313,-6.534822],[106.953714,-6.534569],[106.954036,-6.534266],[106.954353,-6.534119],[106.954649,-6.534098],[106.955167,-6.534182],[106.955454,-6.534135],[106.955625,-6.533978],[106.955744,-6.533702],[106.955876,-6.53363],[106.956384,-6.533706],[106.95734,-6.534215],[106.957626,-6.534238],[106.957728,-6.53419],[106.957837,-6.534048],[106.957866,-6.533162],[106.958787,-6.53232],[106.959055,-6.531339],[106.959141,-6.531165],[106.95935,-6.531025],[106.959686,-6.531087],[106.960055,-6.532536],[106.960201,-6.532606],[106.960378,-6.532411],[106.960566,-6.532387],[106.960941,-6.532723],[106.961106,-6.533008],[106.961126,-6.533194],[106.961028,-6.533472],[106.960393,-6.534331],[106.960395,-6.534637],[106.960521,-6.53474],[106.960761,-6.534719],[106.96094,-6.534589],[106.961119,-6.53434],[106.961223,-6.534304],[106.96165,-6.53479],[106.962443,-6.534751],[106.962547,-6.534862],[106.962574,-6.535038],[106.962354,-6.535726],[106.962379,-6.536129],[106.963122,-6.536605],[106.963324,-6.53656],[106.963373,-6.536452],[106.963347,-6.535863],[106.963569,-6.535731],[106.964053,-6.535633],[106.964363,-6.535478],[106.964432,-6.535328],[106.964498,-6.534609],[106.96459,-6.534505],[106.964847,-6.534412],[106.965001,-6.534392],[106.965266,-6.534468],[106.965514,-6.535024],[106.965641,-6.535085],[106.966079,-6.535083],[106.966432,-6.534967],[106.966516,-6.53484],[106.966686,-6.534155],[106.96687,-6.533931],[106.967226,-6.533765],[106.967411,-6.533753],[106.967796,-6.533909],[106.968191,-6.533846],[106.968488,-6.53406],[106.968745,-6.534105],[106.969743,-6.533805],[106.970615,-6.533859],[106.971153,-6.533711],[106.972049,-6.533884],[106.972567,-6.533867],[106.973331,-6.533568],[106.973626,-6.533578],[106.97397,-6.5329],[106.974201,-6.532204],[106.974417,-6.531463],[106.974695,-6.530001],[106.975431,-6.527997],[106.975868,-6.52717],[106.976506,-6.526254],[106.976701,-6.52578],[106.976892,-6.524671],[106.977169,-6.523772],[106.977597,-6.523194],[106.978087,-6.522742],[106.978839,-6.522268],[106.979274,-6.52182],[106.980034,-6.520552],[106.978487,-6.51901],[106.968874,-6.512652],[106.966966,-6.511134],[106.966718,-6.511006],[106.966414,-6.510953],[106.962597,-6.510863],[106.960493,-6.511068],[106.960046,-6.511191],[106.959651,-6.511396],[106.95819,-6.512624],[106.956813,-6.51352],[106.956295,-6.512749],[106.954653,-6.511098],[106.953445,-6.509349],[106.953068,-6.50893],[106.952793,-6.508457],[106.952523,-6.508219],[106.952522,-6.507838],[106.952425,-6.507357],[106.952266,-6.507029],[106.952137,-6.506901],[106.950867,-6.506176],[106.950513,-6.505825],[106.950383,-6.505392],[106.950368,-6.503972],[106.950208,-6.50332],[106.95005,-6.502978],[106.949729,-6.50265],[106.948899,-6.502334],[106.948384,-6.502041],[106.948015,-6.501661],[106.947809,-6.5013],[106.947426,-6.5],[106.947393,-6.499468],[106.945272,-6.498275],[106.944647,-6.497691],[106.94249,-6.494655],[106.937662,-6.495426],[106.93627,-6.495431],[106.936098,-6.49559],[106.935762,-6.495745],[106.935179,-6.49572],[106.933921,-6.495447],[106.933177,-6.495508],[106.932228,-6.495952],[106.931871,-6.495806],[106.931273,-6.495338],[106.930809,-6.495259],[106.930279,-6.495321],[106.92988,-6.495155],[106.929453,-6.494605],[106.929153,-6.494389],[106.929001,-6.49435],[106.928725,-6.494015],[106.928132,-6.493491],[106.927659,-6.493781],[106.927384,-6.494465],[106.9265,-6.496016],[106.925932,-6.496445],[106.925511,-6.496892],[106.925697,-6.497094],[106.925729,-6.497227],[106.925682,-6.497339],[106.925445,-6.497516],[106.924163,-6.49802],[106.924,-6.49804],[106.923454,-6.497914],[106.922669,-6.498126],[106.922318,-6.498114],[106.920891,-6.499117],[106.919991,-6.5],[106.919929,-6.500122],[106.920044,-6.500633],[106.919977,-6.501327],[106.920854,-6.502255],[106.921022,-6.503041],[106.920974,-6.50327],[106.920732,-6.503453],[106.92034,-6.503599],[106.919752,-6.504021],[106.919436,-6.504112],[106.919303,-6.504081],[106.919051,-6.50333],[106.918695,-6.502877],[106.918163,-6.502547],[106.917681,-6.502439],[106.917194,-6.502474],[106.916874,-6.502669],[106.916753,-6.502835],[106.916474,-6.503677],[106.916287,-6.503949],[106.915851,-6.504249],[106.915403,-6.504301],[106.914983,-6.504236],[106.914805,-6.504143],[106.914021,-6.503486],[106.913665,-6.503298],[106.913443,-6.503235],[106.912171,-6.503161],[106.911589,-6.502988],[106.910506,-6.502211],[106.909705,-6.502092],[106.908923,-6.50223],[106.908868,-6.503872],[106.90879,-6.504326],[106.908535,-6.504723],[106.907701,-6.505466],[106.907408,-6.506013]]]]},"properties":{"nama":"Leuwikaret","kecamatan":"Klapanunggal","kota":"Kabupaten Bogor","tipe_kawasan":"Permukiman","kualitas_udara":"kurang_sehat","atribut":{"sumber_batas":"OSM","kualitas_udara":"contoh","stasiun":0,"rth":0,"poi":0}}},{"type":"Feature","geometry":{"type":"MultiPolygon","coordinates":[[[[106.83486,-6.519957],[106.834405,-6.519857],[106.832489,-6.519805],[106.831121,-6.519926],[106.82997,-6.519836],[106.827919,-6.519985],[106.826325,-6.519941],[106.825584,-6.52004],[106.824728,-6.519801],[106.82447,-6.519878],[106.823699,-6.520466],[106.822516,-6.520185],[106.82242,-6.520225],[106.822279,-6.520137],[106.822235,-6.519723],[106.822323,-6.519572],[106.822802,-6.519198],[106.822801,-6.518894],[106.8227,-6.518737],[106.822312,-6.518654],[106.822204,-6.51857],[106.821945,-6.518202],[106.821734,-6.518199],[106.821285,-6.5184],[106.821074,-6.518313],[106.821065,-6.518144],[106.821095,-6.517917],[106.821302,-6.517712],[106.822463,-6.51684],[106.822635,-6.516513],[106.822576,-6.51619],[106.822445,-6.516106],[106.822276,-6.516114],[106.82192,-6.516342],[106.82162,-6.516355],[106.821469,-6.516175],[106.821368,-6.515848],[106.8212,-6.514835],[106.820984,-6.514662],[106.82073,-6.514744],[106.820236,-6.515153],[106.819164,-6.515213],[106.81874,-6.51508],[106.81835,-6.51481],[106.81833,-6.51462],[106.81846,-6.51417],[106.81834,-6.51383],[106.81825,-6.51378],[106.81788,-6.51388],[106.81759,-6.51369],[106.81754,-6.51357],[106.81757,-6.51323],[106.81816,-6.51231],[106.8182,-6.51216],[106.81808,-6.51196],[106.81763,-6.51168],[106.81746,-6.51149],[106.8173,-6.51109],[106.8175,-6.51079],[106.81819,-6.51016],[106.81827,-6.50988],[106.81822,-6.5098],[106.81773,-6.50954],[106.81686,-6.5093],[106.81673,-6.50919],[106.8167,-6.50827],[106.81674,-6.50815],[106.81734,-6.50742],[106.81746,-6.5071],[106.81756,-6.5065],[106.81768,-6.50619],[106.81808,-6.50592],[106.81848,-6.50522],[106.81835,-6.50467],[106.81822,-6.50456],[106.818949,-6.504501],[106.822942,-6.504497],[106.823165,-6.504208],[106.823506,-6.504196],[106.823558,-6.503857],[106.825304,-6.503931],[106.825894,-6.504607],[106.826566,-6.504892],[106.827303,-6.504739],[106.828021,-6.5049],[106.828364,-6.50508],[106.828769,-6.505083],[106.828933,-6.505156],[106.829263,-6.505629],[106.831246,-6.505518],[106.831732,-6.505656],[106.83206,-6.50588],[106.83347,-6.50581],[106.83419,-6.50618],[106.83474,-6.50654],[106.8349,-6.50677],[106.83506,-6.50684],[106.83634,-6.50713],[106.83704,-6.50754],[106.8388,-6.5082],[106.84004,-6.50856],[106.84013,-6.50861],[106.84011,-6.5091],[106.841224,-6.509556],[106.84176,-6.509746],[106.84256,-6.509885],[106.842556,-6.510067],[106.843131,-6.510035],[106.843142,-6.509963],[106.844318,-6.510347],[106.844339,-6.510285],[106.845435,-6.510531],[106.845405,-6.51066],[106.845629,-6.510708],[106.845865,-6.51088],[106.845965,-6.510811],[106.846148,-6.510808],[106.845929,-6.510885],[106.845636,-6.511206],[106.845283,-6.512024],[106.845221,-6.512042],[106.843059,-6.511682],[106.842728,-6.512493],[106.842595,-6.51318],[106.842346,-6.513518],[106.842132,-6.51371],[106.841279,-6.514094],[106.840403,-6.514648],[106.839987,-6.515149],[106.839517,-6.51592],[106.83823,-6.517347],[106.837766,-6.518192],[106.837318,-6.518568],[106.836925,-6.519044],[106.836368,-6.51942],[106.835608,-6.519699],[106.83532,-6.519728],[106.835273,-6.519686],[106.835337,-6.519604],[106.835248,-6.519475],[106.83486,-6.519957]]]]},"properties":{"nama":"Nanggewer","kecamatan":"Cibinong","kota":"Kabupaten Bogor","tipe_kawasan":"Permukiman","kualitas_udara":"kurang_sehat","atribut":{"sumber_batas":"OSM","kualitas_udara":"contoh","stasiun":0,"rth":1,"poi":3}}},{"type":"Feature","geometry":{"type":"MultiPolygon","coordinates":[[[[106.84975,-6.503305],[106.849529,-6.50363],[106.849525,-6.503978],[106.849612,-6.504218],[106.849998,-6.504903],[106.85026,-6.505241],[106.851301,-6.506107],[106.85134,-6.506374],[106.850925,-6.506637],[106.850402,-6.506789],[106.850093,-6.506766],[106.84962,-6.506618],[106.848959,-6.50617],[106.848669,-6.506184],[106.848575,-6.506308],[106.84857,-6.506776],[106.848703,-6.507623],[106.848754,-6.509043],[106.848595,-6.509556],[106.848265,-6.509902],[106.847353,-6.510422],[106.846735,-6.510678],[106.845965,-6.510811],[106.845865,-6.51088],[106.845629,-6.510708],[106.845405,-6.51066],[106.845435,-6.510531],[106.844339,-6.510285],[106.844318,-6.510347],[106.843142,-6.509963],[106.843131,-6.510035],[106.842556,-6.510067],[106.84256,-6.509885],[106.84176,-6.509746],[106.841224,-6.509556],[106.84011,-6.5091],[106.84013,-6.50861],[106.84004,-6.50856],[106.8388,-6.5082],[106.83704,-6.50754],[106.83634,-6.50713],[106.83506,-6.50684],[106.8349,-6.50677],[106.83474,-6.50654],[106.83419,-6.50618],[106.83347,-6.50581],[106.83206,-6.50588],[106.831732,-6.505656],[106.831246,-6.505518],[106.829263,-6.505629],[106.828933,-6.505156],[106.828769,-6.505083],[106.828364,-6.50508],[106.828021,-6.5049],[106.827303,-6.504739],[106.826566,-6.504892],[106.825894,-6.504607],[106.825304,-6.503931],[106.823558,-6.503857],[106.823506,-6.504196],[106.823165,-6.504208],[106.822942,-6.504497],[106.818949,-6.504501],[106.81822,-6.50456],[106.81785,-6.50444],[106.817427,-6.504445],[106.816748,-6.504171],[106.81649,-6.50377],[106.81661,-6.50309],[106.81651,-6.50259],[106.81654,-6.50214],[106.81699,-6.50101],[106.81722,-6.49961],[106.81751,-6.4993],[106.81773,-6.49921],[106.81821,-6.49919],[106.81844,-6.499],[106.818552,-6.498811],[106.818968,-6.499209],[106.819364,-6.498759],[106.819605,-6.498931],[106.819978,-6.498951],[106.82029,-6.49882],[106.820657,-6.498766],[106.82102,-6.498867],[106.821109,-6.49898],[106.82124,-6.499004],[106.822025,-6.498951],[106.823298,-6.498957],[106.823378,-6.499035],[106.824473,-6.498996],[106.824747,-6.49908],[106.82488,-6.499198],[106.825409,-6.499299],[106.825939,-6.49931],[106.826208,-6.499241],[106.827052,-6.499451],[106.827244,-6.499404],[106.828286,-6.499446],[106.828374,-6.499292],[106.828479,-6.499242],[106.828834,-6.499231],[106.829174,-6.499081],[106.831479,-6.499096],[106.83223,-6.498925],[106.83312,-6.49904],[106.83355,-6.49923],[106.83395,-6.49907],[106.83451,-6.49943],[106.83474,-6.49945],[106.83484,-6.49937],[106.83549,-6.49952],[106.8356,-6.49961],[106.83615,-6.49947],[106.83708,-6.49901],[106.83796,-6.49878],[106.8394,-6.49882],[106.84044,-6.49892],[106.8421,-6.49893],[106.84248,-6.49881],[106.84297,-6.49883],[106.8436,-6.49865],[106.84411,-6.49868],[106.84415,-6.49856],[106.84447,-6.49864],[106.844742,-6.498397],[106.845399,-6.498536],[106.847137,-6.499103],[106.846961,-6.499393],[106.847102,-6.499607],[106.847614,-6.499946],[106.848229,-6.500125],[106.847898,-6.502223],[106.848147,-6.502229],[106.84856,-6.502355],[106.848539,-6.502451],[106.849078,-6.502603],[106.84904,-6.502688],[106.849134,-6.502761],[106.849566,-6.50286],[106.849565,-6.503033],[106.84975,-6.503305]]]]},"properties":{"nama":"Nanggewer Mekar","kecamatan":"Cibinong","kota":"Kabupaten Bogor","tipe_kawasan":"Permukiman","kualitas_udara":"sehat","atribut":{"sumber_batas":"OSM","kualitas_udara":"contoh","stasiun":0,"rth":2,"poi":0}}},{"type":"Feature","geometry":{"type":"MultiPolygon","coordinates":[[[[106.78061,-6.452434],[106.78076,-6.452665],[106.781149,-6.453754],[106.781288,-6.453989],[106.781547,-6.454205],[106.781818,-6.454328],[106.782353,-6.454391],[106.783224,-6.454061],[106.783691,-6.453992],[106.784076,-6.454088],[106.784194,-6.454235],[106.784128,-6.454587],[106.783853,-6.455019],[106.783637,-6.455534],[106.782987,-6.456205],[106.782749,-6.457171],[106.782397,-6.458138],[106.782398,-6.458577],[106.782471,-6.458822],[106.782681,-6.459054],[106.783386,-6.459428],[106.784267,-6.459771],[106.784773,-6.461393],[106.784972,-6.461665],[106.785337,-6.461913],[106.785492,-6.46213],[106.785532,-6.462312],[106.785465,-6.46252],[106.785296,-6.462656],[106.784426,-6.462703],[106.784283,-6.462857],[106.784323,-6.463192],[106.784692,-6.463684],[106.784661,-6.463958],[106.784123,-6.464607],[106.783581,-6.464986],[106.78331,-6.465467],[106.783619,-6.466367],[106.784104,-6.467451],[106.784245,-6.46814],[106.784332,-6.469371],[106.784412,-6.46957],[106.785012,-6.470204],[106.785142,-6.470438],[106.785508,-6.472178],[106.786094,-6.473247],[106.786172,-6.473804],[106.786039,-6.47438],[106.785792,-6.474859],[106.785684,-6.475269],[106.785409,-6.474982],[106.785468,-6.474625],[106.785415,-6.474036],[106.785195,-6.473935],[106.784314,-6.473827],[106.782988,-6.473756],[106.782863,-6.473661],[106.782768,-6.472715],[106.782714,-6.472662],[106.780828,-6.472465],[106.780424,-6.47262],[106.779728,-6.472572],[106.779436,-6.472656],[106.779115,-6.472923],[106.778859,-6.473453],[106.778696,-6.473593],[106.778459,-6.47362],[106.777257,-6.473462],[106.776379,-6.473017],[106.776116,-6.473404],[106.77607,-6.474125],[106.775964,-6.474429],[106.775235,-6.475545],[106.77459,-6.475917],[106.774483,-6.476038],[106.774359,-6.47655],[106.773223,-6.476403],[106.772851,-6.476183],[106.772365,-6.476038],[106.772038,-6.47575],[106.77137,-6.475712],[106.771127,-6.476259],[106.770383,-6.476046],[106.770338,-6.475947],[106.770725,-6.474846],[106.770733,-6.47411],[106.771519,-6.470245],[106.771623,-6.470069],[106.771887,-6.469965],[106.77221,-6.469231],[106.772785,-6.468675],[106.773045,-6.468138],[106.773021,-6.467733],[106.772811,-6.467539],[106.772508,-6.467484],[106.772484,-6.467313],[106.772874,-6.466449],[106.773385,-6.466178],[106.773526,-6.464989],[106.774357,-6.462376],[106.774425,-6.461893],[106.774383,-6.460939],[106.77476,-6.460165],[106.774808,-6.459843],[106.774669,-6.459524],[106.774356,-6.459293],[106.774306,-6.458953],[106.774505,-6.458609],[106.774935,-6.458337],[106.77529,-6.457954],[106.775501,-6.457496],[106.775606,-6.456848],[106.775953,-6.455981],[106.775991,-6.455588],[106.775851,-6.454439],[106.775932,-6.453534],[106.775898,-6.453084],[106.775803,-6.45287],[106.775407,-6.45254],[106.775354,-6.452395],[106.78061,-6.452434]]]]},"properties":{"nama":"Nanggerang","kecamatan":"Tajurhalang","kota":"Kabupaten Bogor","tipe_kawasan":"Permukiman","kualitas_udara":"sehat","atribut":{"sumber_batas":"OSM","kualitas_udara":"contoh","stasiun":0,"rth":0,"poi":1}}},{"type":"Feature","geometry":{"type":"MultiPolygon","coordinates":[[[[106.911136,-6.456917],[106.911887,-6.457984],[106.912324,-6.459531],[106.912683,-6.46012],[106.912905,-6.460316],[106.913434,-6.4604],[106.913791,-6.460423],[106.914505,-6.46031],[106.915057,-6.460123],[106.91573,-6.459112],[106.915789,-6.458264],[106.915688,-6.457649],[106.91461,-6.455636],[106.914633,-6.455243],[106.914829,-6.45491],[106.915246,-6.454699],[106.915812,-6.454685],[106.917068,-6.455012],[106.917796,-6.455501],[106.918959,-6.457231],[106.919725,-6.458126],[106.920267,-6.45837],[106.922089,-6.458584],[106.922494,-6.45846],[106.92328,-6.458075],[106.92366,-6.45773],[106.924101,-6.457039],[106.924277,-6.456468],[106.92417,-6.455822],[106.923891,-6.454847],[106.924078,-6.454053],[106.924549,-6.453154],[106.926637,-6.453858],[106.925384,-6.454183],[106.926209,-6.454514],[106.926679,-6.454782],[106.928639,-6.456594],[106.928487,-6.456978],[106.928233,-6.457216],[106.928125,-6.457556],[106.928302,-6.45845],[106.928444,-6.4587],[106.928708,-6.458703],[106.928799,-6.458122],[106.92898,-6.457817],[106.929396,-6.458574],[106.929879,-6.458876],[106.930115,-6.459179],[106.930902,-6.459764],[106.931404,-6.45998],[106.932318,-6.460073],[106.933448,-6.459871],[106.935264,-6.459721],[106.936481,-6.459961],[106.936654,-6.460762],[106.937273,-6.461928],[106.937479,-6.462719],[106.93759,-6.463474],[106.93808,-6.464266],[106.938676,-6.465047],[106.940585,-6.466808],[106.941654,-6.468307],[106.942358,-6.470357],[106.943612,-6.472001],[106.947514,-6.475945],[106.947957,-6.476676],[106.948257,-6.478471],[106.948485,-6.48067],[106.95015,-6.48366],[106.950173,-6.484171],[106.950235,-6.484339],[106.950745,-6.484551],[106.950854,-6.484699],[106.950671,-6.48533],[106.950783,-6.486285],[106.950918,-6.486684],[106.951064,-6.486843],[106.951451,-6.487071],[106.952,-6.487687],[106.952164,-6.488093],[106.952389,-6.488274],[106.952403,-6.488826],[106.952692,-6.488918],[106.952969,-6.489337],[106.953394,-6.489547],[106.953697,-6.489825],[106.954394,-6.489635],[106.954835,-6.489732],[106.955056,-6.489877],[106.955195,-6.490176],[106.95611,-6.490951],[106.958537,-6.49355],[106.954308,-6.493836],[106.947977,-6.494158],[106.94249,-6.494655],[106.937662,-6.495426],[106.93627,-6.495431],[106.936098,-6.49559],[106.935762,-6.495745],[106.935179,-6.49572],[106.933921,-6.495447],[106.933177,-6.495508],[106.932228,-6.495952],[106.932076,-6.495932],[106.931273,-6.495338],[106.930809,-6.495259],[106.930279,-6.495321],[106.92988,-6.495155],[106.929453,-6.494605],[106.929153,-6.494389],[106.929001,-6.49435],[106.928725,-6.494015],[106.928132,-6.493491],[106.927317,-6.493525],[106.926445,-6.49337],[106.926028,-6.493075],[106.92567,-6.49268],[106.92533,-6.491831],[106.925268,-6.491],[106.924675,-6.489594],[106.924423,-6.489259],[106.924145,-6.489074],[106.924131,-6.488787],[106.923831,-6.488135],[106.923354,-6.487563],[106.921817,-6.486365],[106.920625,-6.486043],[106.919956,-6.48561],[106.919308,-6.484896],[106.919218,-6.484692],[106.919159,-6.484268],[106.919052,-6.484097],[106.918496,-6.483723],[106.916674,-6.482803],[106.916375,-6.482867],[106.915907,-6.482808],[106.915323,-6.482901],[106.915155,-6.482848],[106.914119,-6.482067],[106.913857,-6.481747],[106.91292,-6.481025],[106.912551,-6.480816],[106.912533,-6.480614],[106.912429,-6.480486],[106.912079,-6.48047],[106.911535,-6.477606],[106.911288,-6.476684],[106.91108,-6.476367],[106.910775,-6.475187],[106.910769,-6.472654],[106.90984,-6.472732],[106.909128,-6.472523],[106.908869,-6.472531],[106.908881,-6.472305],[106.909168,-6.472355],[106.909432,-6.472291],[106.909617,-6.472203],[106.909779,-6.472006],[106.910316,-6.47064],[106.910803,-6.470063],[106.911012,-6.469134],[106.911469,-6.468086],[106.910249,-6.467934],[106.910483,-6.467558],[106.910524,-6.467184],[106.910387,-6.466606],[106.910377,-6.466282],[106.910522,-6.465904],[106.910593,-6.465301],[106.910811,-6.465052],[106.910591,-6.464895],[106.910567,-6.464715],[106.910765,-6.464214],[106.910751,-6.463933],[106.910666,-6.46384],[106.910353,-6.463764],[106.910225,-6.463593],[106.910472,-6.462724],[106.910505,-6.461636],[106.91059,-6.461214],[106.910993,-6.460576],[106.910842,-6.459872],[106.910225,-6.459302],[106.908928,-6.458686],[106.909805,-6.458088],[106.911136,-6.456917]]]]},"properties":{"nama":"Nambo","kecamatan":"Klapanunggal","kota":"Kabupaten Bogor","tipe_kawasan":"Permukiman","kualitas_udara":"kurang_sehat","atribut":{"sumber_batas":"OSM","kualitas_udara":"contoh","stasiun":0,"rth":0,"poi":0}}},{"type":"Feature","geometry":{"type":"MultiPolygon","coordinates":[[[[106.691593,-6.52037],[106.691458,-6.519908],[106.69106,-6.519169],[106.690723,-6.518808],[106.68973,-6.517301],[106.689098,-6.516617],[106.688461,-6.516099],[106.687244,-6.514892],[106.686612,-6.514397],[106.686206,-6.514164],[106.685637,-6.513536],[106.685378,-6.513403],[106.684786,-6.512936],[106.684547,-6.512841],[106.683713,-6.512982],[106.683095,-6.513316],[106.680456,-6.515331],[106.679825,-6.515658],[106.678966,-6.515803],[106.678508,-6.515555],[106.678133,-6.514755],[106.678159,-6.514182],[106.678445,-6.51374],[106.678845,-6.51332],[106.678969,-6.513048],[106.679084,-6.512601],[106.679154,-6.5112],[106.679423,-6.510022],[106.680637,-6.507824],[106.680708,-6.5076],[106.680635,-6.507371],[106.680984,-6.50745],[106.681136,-6.507655],[106.681084,-6.507936],[106.680432,-6.509187],[106.680442,-6.509563],[106.680518,-6.509811],[106.680732,-6.510206],[106.680836,-6.510263],[106.681388,-6.510068],[106.681622,-6.509754],[106.681674,-6.509587],[106.681745,-6.508078],[106.681646,-6.507317],[106.681669,-6.507207],[106.681774,-6.507155],[106.68215,-6.507127],[106.683395,-6.507225],[106.684763,-6.507468],[106.684668,-6.50836],[106.684972,-6.508419],[106.68538,-6.508352],[106.685916,-6.507799],[106.686214,-6.507376],[106.686622,-6.506275],[106.686887,-6.505109],[106.687717,-6.505258],[106.68822,-6.505106],[106.68834,-6.505191],[106.688831,-6.505115],[106.689045,-6.505358],[106.689408,-6.505514],[106.689698,-6.505552],[106.690011,-6.505485],[106.690325,-6.505139],[106.691491,-6.50506],[106.69161,-6.505142],[106.691706,-6.505353],[106.691914,-6.505365],[106.691995,-6.505431],[106.691867,-6.506496],[106.691933,-6.506642],[106.692217,-6.506917],[106.692741,-6.506921],[106.692638,-6.507198],[106.692983,-6.507343],[106.69285,-6.507595],[106.693043,-6.507706],[106.69314,-6.507713],[106.693204,-6.507641],[106.69361,-6.508418],[106.694027,-6.508763],[106.694384,-6.50931],[106.694964,-6.509953],[106.695178,-6.510637],[106.695413,-6.510914],[106.69585,-6.511262],[106.696555,-6.511497],[106.696697,-6.511479],[106.697216,-6.511816],[106.698146,-6.511637],[106.698448,-6.511676],[106.6987,-6.51161],[106.698845,-6.511668],[106.698894,-6.5119],[106.698674,-6.512102],[106.698554,-6.512428],[106.698619,-6.512499],[106.698718,-6.512487],[106.698778,-6.512227],[106.699078,-6.512307],[106.699207,-6.51243],[106.699001,-6.512579],[106.698827,-6.513051],[106.698871,-6.51333],[106.698673,-6.51339],[106.698589,-6.513565],[106.698876,-6.513638],[106.698961,-6.513734],[106.698978,-6.513808],[106.698803,-6.513853],[106.698737,-6.514202],[106.699516,-6.51557],[106.699542,-6.515955],[106.699428,-6.516421],[106.698996,-6.516802],[106.698301,-6.516625],[106.698094,-6.516637],[106.697842,-6.516817],[106.697859,-6.517404],[106.697783,-6.517415],[106.697658,-6.517067],[106.697564,-6.517026],[106.697401,-6.517088],[106.69734,-6.51743],[106.696781,-6.51759],[106.696826,-6.518011],[106.696702,-6.518292],[106.696795,-6.518518],[106.696677,-6.518798],[106.6968,-6.518992],[106.696517,-6.519426],[106.697245,-6.520332],[106.697543,-6.521234],[106.698064,-6.521377],[106.698242,-6.521541],[106.698373,-6.521806],[106.699,-6.521877],[106.69925,-6.521978],[106.69931,-6.522067],[106.69928,-6.522341],[106.699911,-6.522561],[106.70014,-6.522564],[106.700625,-6.522243],[106.70127,-6.522403],[106.701651,-6.522234],[106.702112,-6.522127],[106.702638,-6.52251],[106.702861,-6.522597],[106.703069,-6.52285],[106.704122,-6.522793],[106.704604,-6.523019],[106.704781,-6.523002],[106.704305,-6.523551],[106.702617,-6.524203],[106.702431,-6.524132],[106.701977,-6.523559],[106.701753,-6.523416],[106.701541,-6.523387],[106.701091,-6.523518],[106.700004,-6.524304],[106.699478,-6.524377],[106.698683,-6.523699],[106.697572,-6.523045],[106.696989,-6.522117],[106.695317,-6.520531],[106.694873,-6.520455],[106.694558,-6.520612],[106.694064,-6.52072],[106.693688,-6.520282],[106.69305,-6.520057],[106.692598,-6.520155],[106.692295,-6.520377],[106.691593,-6.52037]]]]},"properties":{"nama":"Mekarsari","kecamatan":"Ranca Bungur","kota":"Kabupaten Bogor","tipe_kawasan":"Permukiman","kualitas_udara":"kurang_sehat","atribut":{"sumber_batas":"OSM","kualitas_udara":"contoh","stasiun":0,"rth":0,"poi":0}}},{"type":"Feature","geometry":{"type":"MultiPolygon","coordinates":[[[[106.737506,-6.440091],[106.736357,-6.439868],[106.735532,-6.43954],[106.733824,-6.439062],[106.734389,-6.436855],[106.734333,-6.436642],[106.734196,-6.436559],[106.733664,-6.436565],[106.733554,-6.436476],[106.733524,-6.436356],[106.733551,-6.436169],[106.734021,-6.435842],[106.734146,-6.435208],[106.733988,-6.434188],[106.734172,-6.433745],[106.73449,-6.43346],[106.734422,-6.433266],[106.733628,-6.433567],[106.73335,-6.433008],[106.73297,-6.432724],[106.732423,-6.43268],[106.731884,-6.432829],[106.731764,-6.43279],[106.731402,-6.432342],[106.73026,-6.431875],[106.729381,-6.432154],[106.729156,-6.432291],[106.729157,-6.432401],[106.729012,-6.432391],[106.728508,-6.431454],[106.728237,-6.430744],[106.727897,-6.430483],[106.726612,-6.429898],[106.725503,-6.429933],[106.725099,-6.430098],[106.723701,-6.431156],[106.72296,-6.430783],[106.722639,-6.430791],[106.721979,-6.430681],[106.721662,-6.431155],[106.721016,-6.430845],[106.72067,-6.430022],[106.724468,-6.427066],[106.727157,-6.425087],[106.732351,-6.422285],[106.732646,-6.422104],[106.732718,-6.421952],[106.732751,-6.421781],[106.732075,-6.418835],[106.731932,-6.418359],[106.731471,-6.41736],[106.731042,-6.416679],[106.728392,-6.413253],[106.727913,-6.41226],[106.72986,-6.411775],[106.730829,-6.41168],[106.730854,-6.412448],[106.730443,-6.413655],[106.730354,-6.41432],[106.730402,-6.414481],[106.730743,-6.414838],[106.731082,-6.414775],[106.731789,-6.414448],[106.731946,-6.414204],[106.731997,-6.413839],[106.73217,-6.413793],[106.732232,-6.414129],[106.73233,-6.4143],[106.733183,-6.414933],[106.733409,-6.415422],[106.73367,-6.415568],[106.733715,-6.415719],[106.733656,-6.416044],[106.73373,-6.416192],[106.734128,-6.416381],[106.734737,-6.416532],[106.734841,-6.416939],[106.735042,-6.417287],[106.735454,-6.417788],[106.736175,-6.417974],[106.73635,-6.418616],[106.736413,-6.418661],[106.736819,-6.418524],[106.736995,-6.418559],[106.737063,-6.418857],[106.737242,-6.418959],[106.737271,-6.419116],[106.737124,-6.419826],[106.736175,-6.420081],[106.735675,-6.420309],[106.735572,-6.420409],[106.73553,-6.420617],[106.735942,-6.420763],[106.73615,-6.420981],[106.736144,-6.421058],[106.735932,-6.421275],[106.735977,-6.421891],[106.735888,-6.422203],[106.735761,-6.422376],[106.735358,-6.422628],[106.735715,-6.422907],[106.735723,-6.423424],[106.735951,-6.42387],[106.736097,-6.423923],[106.736789,-6.423877],[106.736867,-6.423953],[106.736807,-6.424373],[106.736592,-6.424523],[106.73595,-6.424652],[106.735627,-6.424866],[106.735298,-6.425301],[106.735324,-6.425971],[106.735194,-6.426248],[106.734619,-6.426257],[106.734057,-6.426395],[106.732986,-6.42647],[106.732819,-6.426601],[106.732712,-6.426855],[106.732727,-6.427193],[106.733264,-6.42796],[106.733429,-6.428301],[106.733487,-6.428679],[106.733463,-6.428768],[106.733246,-6.428943],[106.732896,-6.429125],[106.732849,-6.429184],[106.732907,-6.429368],[106.733471,-6.429313],[106.733944,-6.429417],[106.734165,-6.429534],[106.734783,-6.430548],[106.735099,-6.430809],[106.735664,-6.430907],[106.735881,-6.431394],[106.736308,-6.43173],[106.736344,-6.431818],[106.73625,-6.432244],[106.735982,-6.432614],[106.73589,-6.433754],[106.735791,-6.434098],[106.736061,-6.434332],[106.736623,-6.43452],[106.736877,-6.435505],[106.736821,-6.435921],[106.737066,-6.436146],[106.737117,-6.436779],[106.737166,-6.436923],[106.737315,-6.437067],[106.737474,-6.437799],[106.737851,-6.438313],[106.738369,-6.438797],[106.738412,-6.438921],[106.738039,-6.439714],[106.737596,-6.439931],[106.737506,-6.440091]]]]},"properties":{"nama":"Parung","kecamatan":"Bojongsari","kota":"Kota Depok","tipe_kawasan":"Permukiman","kualitas_udara":"sehat","atribut":{"sumber_batas":"OSM","kualitas_udara":"contoh","stasiun":0,"rth":0,"poi":7}}},{"type":"Feature","geometry":{"type":"MultiPolygon","coordinates":[[[[106.705453,-6.458271],[106.704339,-6.458454],[106.704095,-6.458356],[106.703751,-6.458056],[106.702919,-6.458015],[106.702275,-6.458218],[106.701878,-6.458143],[106.70086,-6.458632],[106.700388,-6.459208],[106.699251,-6.459035],[106.698249,-6.458613],[106.697135,-6.458279],[106.696751,-6.457977],[106.696964,-6.456941],[106.695828,-6.456887],[106.695714,-6.456855],[106.695617,-6.456596],[106.694189,-6.456754],[106.693274,-6.457008],[106.692747,-6.457226],[106.692224,-6.457235],[106.692217,-6.456897],[106.692552,-6.456251],[106.693151,-6.455887],[106.693419,-6.455602],[106.693239,-6.454703],[106.693218,-6.453709],[106.693701,-6.453361],[106.693724,-6.453282],[106.693692,-6.453108],[106.693601,-6.453009],[106.692434,-6.452547],[106.69235,-6.452453],[106.692267,-6.451577],[106.692066,-6.45072],[106.691767,-6.450456],[106.691476,-6.450403],[106.69112,-6.449941],[106.691458,-6.449479],[106.691924,-6.449058],[106.691933,-6.448955],[106.692002,-6.448814],[106.691397,-6.448008],[106.690847,-6.446901],[106.690744,-6.445232],[106.69095,-6.444958],[106.691319,-6.444663],[106.691804,-6.443688],[106.692123,-6.443385],[106.697586,-6.440363],[106.697654,-6.441545],[106.697922,-6.442087],[106.698339,-6.442288],[106.699275,-6.442474],[106.699989,-6.442701],[106.700334,-6.442916],[106.700834,-6.442948],[106.701411,-6.442756],[106.701636,-6.442848],[106.700702,-6.44475],[106.702375,-6.445117],[106.701954,-6.445798],[106.701597,-6.446154],[106.701541,-6.446288],[106.701202,-6.448153],[106.701229,-6.448349],[106.701374,-6.448897],[106.702008,-6.450128],[106.702005,-6.450619],[106.702163,-6.451059],[106.702975,-6.451855],[106.703483,-6.452241],[106.703734,-6.452346],[106.703491,-6.453648],[106.704205,-6.454177],[106.70539,-6.456213],[106.705451,-6.456471],[106.705453,-6.458271]]]]},"properties":{"nama":"Parigi Mekar","kecamatan":"Ciseeng","kota":"Kabupaten Bogor","tipe_kawasan":"Permukiman","kualitas_udara":"sehat","atribut":{"sumber_batas":"OSM","kualitas_udara":"contoh","stasiun":0,"rth":0,"poi":0}}},{"type":"Feature","geometry":{"type":"MultiPolygon","coordinates":[[[[106.763295,-6.533302],[106.762998,-6.533415],[106.76258,-6.533439],[106.762049,-6.533436],[106.761268,-6.533308],[106.761164,-6.533118],[106.761168,-6.532635],[106.761088,-6.532446],[106.760566,-6.532337],[106.759685,-6.532361],[106.759979,-6.531423],[106.759889,-6.530947],[106.759559,-6.53053],[106.759528,-6.530363],[106.75954,-6.530194],[106.759766,-6.529778],[106.759793,-6.528984],[106.759666,-6.528474],[106.75909,-6.527787],[106.758906,-6.527479],[106.758674,-6.526127],[106.758426,-6.525468],[106.758501,-6.524473],[106.758409,-6.524104],[106.757909,-6.523628],[106.757348,-6.523393],[106.757269,-6.523305],[106.757319,-6.523122],[106.757241,-6.522924],[106.757571,-6.522258],[106.757526,-6.522165],[106.757376,-6.522149],[106.757115,-6.521922],[106.756823,-6.521479],[106.756547,-6.52086],[106.756336,-6.518715],[106.755914,-6.517386],[106.755791,-6.516453],[106.75555,-6.515602],[106.755872,-6.515667],[106.756117,-6.515838],[106.756579,-6.51659],[106.756888,-6.516778],[106.757117,-6.516835],[106.757324,-6.516728],[106.757186,-6.51625],[106.757243,-6.515231],[106.757397,-6.515236],[106.757435,-6.515429],[106.758187,-6.515369],[106.758252,-6.515427],[106.758261,-6.515781],[106.758597,-6.515702],[106.758711,-6.515912],[106.759256,-6.515717],[106.76025,-6.516124],[106.760845,-6.516143],[106.761159,-6.516029],[106.761376,-6.515822],[106.761547,-6.515536],[106.761671,-6.515167],[106.761723,-6.514748],[106.762439,-6.514784],[106.762649,-6.513932],[106.763046,-6.513349],[106.763125,-6.512647],[106.76297,-6.51211],[106.762665,-6.511507],[106.762632,-6.511274],[106.762773,-6.510108],[106.763215,-6.510218],[106.763518,-6.509914],[106.763935,-6.51045],[106.764116,-6.510554],[106.765054,-6.510397],[106.765384,-6.510552],[106.765476,-6.51087],[106.765566,-6.510889],[106.76674,-6.510732],[106.76763,-6.510888],[106.767881,-6.51112],[106.768095,-6.511445],[106.767978,-6.511836],[106.767712,-6.512155],[106.767678,-6.512597],[106.76774,-6.512703],[106.76816,-6.512767],[106.768748,-6.512682],[106.768955,-6.512892],[106.769051,-6.513295],[106.769461,-6.513572],[106.769672,-6.513599],[106.772033,-6.515206],[106.771889,-6.515288],[106.771507,-6.515244],[106.771308,-6.515389],[106.770592,-6.515292],[106.769532,-6.515043],[106.769442,-6.515235],[106.769073,-6.515346],[106.767623,-6.515299],[106.766791,-6.515386],[106.765388,-6.515401],[106.765352,-6.515472],[106.765091,-6.515495],[106.765694,-6.516178],[106.765624,-6.51635],[106.765086,-6.516605],[106.765006,-6.516686],[106.764973,-6.516885],[106.765437,-6.517236],[106.765561,-6.517851],[106.766132,-6.518093],[106.766365,-6.518128],[106.76601,-6.518889],[106.766024,-6.518988],[106.76634,-6.51925],[106.766376,-6.519403],[106.766293,-6.519684],[106.765875,-6.51983],[106.765602,-6.520003],[106.76536,-6.52022],[106.764999,-6.520791],[106.764672,-6.521073],[106.764905,-6.52166],[106.764569,-6.521932],[106.764428,-6.522168],[106.764316,-6.523181],[106.764501,-6.523424],[106.765035,-6.523721],[106.765105,-6.523883],[106.765038,-6.523992],[106.764753,-6.524138],[106.764365,-6.524953],[106.764331,-6.525149],[106.764954,-6.525864],[106.76511,-6.526505],[106.76595,-6.527135],[106.766098,-6.527334],[106.76597,-6.527587],[106.765817,-6.527697],[106.765406,-6.527816],[106.76462,-6.528994],[106.764582,-6.529346],[106.76478,-6.529608],[106.765029,-6.530249],[106.76487,-6.530539],[106.764521,-6.53073],[106.76434,-6.530984],[106.764552,-6.532258],[106.764397,-6.532358],[106.764043,-6.532169],[106.763702,-6.532333],[106.763264,-6.532769],[106.763169,-6.53305],[106.763295,-6.533302]]]]},"properties":{"nama":"Parakanjaya","kecamatan":"Kemang","kota":"Kabupaten Bogor","tipe_kawasan":"Permukiman","kualitas_udara":"sehat","atribut":{"sumber_batas":"OSM","kualitas_udara":"contoh","stasiun":0,"rth":1,"poi":2}}},{"type":"Feature","geometry":{"type":"MultiPolygon","coordinates":[[[[106.734517,-6.452056],[106.734298,-6.452121],[106.734051,-6.452058],[106.733762,-6.451665],[106.733661,-6.45116],[106.733563,-6.451023],[106.733105,-6.450913],[106.732748,-6.450978],[106.732449,-6.450816],[106.732122,-6.45159],[106.732122,-6.451805],[106.732372,-6.452547],[106.732368,-6.452979],[106.732178,-6.453226],[106.731253,-6.453139],[106.731312,-6.45235],[106.730962,-6.452284],[106.730667,-6.452132],[106.730203,-6.45164],[106.729246,-6.451582],[106.728789,-6.451401],[106.72846,-6.45114],[106.728222,-6.450815],[106.72798,-6.450968],[106.727172,-6.450053],[106.726985,-6.44992],[106.726846,-6.449877],[106.726278,-6.449976],[106.726065,-6.44995],[106.725953,-6.449524],[106.725151,-6.448942],[106.725173,-6.448811],[106.725022,-6.448338],[106.72465,-6.447834],[106.72386,-6.447075],[106.72373,-6.447023],[106.723525,-6.446477],[106.72343,-6.445762],[106.722898,-6.445335],[106.721575,-6.444726],[106.721538,-6.444152],[106.720985,-6.444071],[106.720437,-6.443769],[106.719928,-6.443065],[106.719659,-6.442384],[106.719151,-6.442428],[106.719093,-6.442167],[106.71916,-6.440115],[106.719128,-6.439344],[106.718845,-6.438933],[106.71828,-6.438788],[106.718411,-6.437831],[106.718821,-6.437043],[106.718845,-6.436859],[106.718466,-6.433781],[106.718489,-6.433015],[106.718657,-6.432871],[106.71871,-6.432645],[106.719125,-6.432604],[106.71915,-6.43272],[106.719635,-6.432557],[106.719828,-6.432405],[106.720242,-6.431949],[106.721016,-6.430845],[106.721662,-6.431155],[106.721979,-6.430681],[106.722143,-6.430684],[106.722639,-6.430791],[106.72296,-6.430783],[106.723701,-6.431156],[106.725099,-6.430098],[106.725503,-6.429933],[106.726358,-6.429895],[106.726612,-6.429898],[106.728062,-6.430573],[106.728237,-6.430744],[106.728508,-6.431454],[106.729012,-6.432391],[106.729157,-6.432401],[106.729156,-6.432291],[106.729381,-6.432154],[106.73026,-6.431875],[106.731402,-6.432342],[106.731764,-6.43279],[106.731884,-6.432829],[106.732423,-6.43268],[106.73297,-6.432724],[106.73335,-6.433008],[106.733628,-6.433567],[106.734422,-6.433266],[106.73449,-6.43346],[106.734172,-6.433745],[106.733988,-6.434188],[106.734146,-6.435208],[106.734021,-6.435842],[106.733551,-6.436169],[106.733524,-6.436356],[106.733554,-6.436476],[106.733664,-6.436565],[106.734196,-6.436559],[106.734333,-6.436642],[106.734389,-6.436855],[106.733824,-6.439062],[106.735532,-6.43954],[106.736357,-6.439868],[106.737506,-6.440091],[106.737511,-6.440866],[106.737443,-6.441232],[106.737514,-6.441534],[106.737721,-6.441719],[106.737998,-6.441846],[106.739038,-6.442134],[106.739232,-6.44238],[106.739258,-6.442779],[106.739144,-6.443067],[106.738408,-6.443343],[106.738038,-6.443403],[106.737263,-6.442366],[106.737135,-6.442339],[106.7369,-6.442511],[106.736635,-6.442852],[106.73661,-6.44313],[106.736639,-6.443394],[106.736879,-6.443918],[106.736708,-6.444264],[106.736596,-6.44481],[106.736182,-6.445447],[106.735875,-6.446181],[106.735783,-6.447407],[106.73539,-6.447428],[106.735023,-6.447335],[106.734819,-6.447412],[106.733837,-6.448045],[106.733302,-6.44812],[106.733102,-6.448476],[106.73323,-6.449362],[106.733297,-6.449488],[106.733942,-6.45009],[106.734038,-6.450681],[106.734517,-6.452056]]]]},"properties":{"nama":"Pamegarsari","kecamatan":"Parung","kota":"Kabupaten Bogor","tipe_kawasan":"Permukiman","kualitas_udara":"kurang_sehat","atribut":{"sumber_batas":"OSM","kualitas_udara":"contoh","stasiun":0,"rth":0,"poi":2}}},{"type":"Feature","geometry":{"type":"MultiPolygon","coordinates":[[[[106.833482,-6.473316],[106.833382,-6.473552],[106.833184,-6.473709],[106.833099,-6.473947],[106.8337,-6.47429],[106.8335,-6.47678],[106.83327,-6.47722],[106.83331,-6.47727],[106.83322,-6.47787],[106.83326,-6.47828],[106.8336,-6.47871],[106.832426,-6.479907],[106.832015,-6.481555],[106.832091,-6.481773],[106.832142,-6.482356],[106.832034,-6.482682],[106.83172,-6.483007],[106.830895,-6.484539],[106.830464,-6.484357],[106.830057,-6.484405],[106.829625,-6.484643],[106.829021,-6.485625],[106.828085,-6.486833],[106.827909,-6.487311],[106.827763,-6.487499],[106.827633,-6.487421],[106.827439,-6.487579],[106.827133,-6.487439],[106.826856,-6.487924],[106.826541,-6.48787],[106.826157,-6.487957],[106.825664,-6.488266],[106.82537,-6.48959],[106.825,-6.48945],[106.824,-6.48928],[106.823785,-6.489306],[106.823629,-6.489426],[106.82297,-6.4894],[106.82234,-6.48973],[106.82178,-6.49018],[106.82118,-6.49124],[106.82123,-6.49241],[106.82118,-6.49313],[106.82137,-6.49389],[106.82147,-6.49466],[106.82124,-6.49597],[106.8211,-6.49613],[106.82036,-6.49644],[106.819148,-6.497751],[106.81868,-6.4981],[106.81859,-6.49835],[106.818552,-6.498811],[106.818968,-6.499209],[106.819364,-6.498759],[106.819605,-6.498931],[106.819978,-6.498951],[106.82029,-6.49882],[106.820657,-6.498766],[106.82102,-6.498867],[106.821109,-6.49898],[106.82124,-6.499004],[106.822025,-6.498951],[106.823298,-6.498957],[106.823378,-6.499035],[106.824473,-6.498996],[106.824747,-6.49908],[106.82488,-6.499198],[106.825409,-6.499299],[106.825939,-6.49931],[106.826208,-6.499241],[106.827052,-6.499451],[106.827244,-6.499404],[106.828286,-6.499446],[106.828374,-6.499292],[106.828479,-6.499242],[106.828834,-6.499231],[106.829174,-6.499081],[106.831479,-6.499096],[106.83223,-6.498925],[106.83312,-6.49904],[106.83355,-6.49923],[106.83395,-6.49907],[106.83451,-6.49943],[106.83474,-6.49945],[106.83484,-6.49937],[106.83549,-6.49952],[106.8356,-6.49961],[106.83615,-6.49947],[106.83708,-6.49901],[106.83796,-6.49878],[106.8394,-6.49882],[106.84044,-6.49892],[106.8421,-6.49893],[106.84248,-6.49881],[106.84297,-6.49883],[106.8436,-6.49865],[106.84411,-6.49868],[106.84415,-6.49856],[106.8444,-6.49862],[106.84466,-6.49702],[106.84533,-6.49386],[106.84567,-6.49157],[106.84556,-6.49115],[106.84483,-6.4903],[106.84445,-6.48976],[106.84362,-6.48829],[106.84356,-6.48796],[106.84357,-6.48731],[106.84391,-6.48471],[106.84393,-6.48356],[106.84384,-6.48248],[106.84393,-6.48164],[106.84421,-6.48093],[106.84486,-6.47876],[106.84515,-6.47815],[106.84474,-6.47769],[106.84409,-6.47602],[106.843841,-6.475547],[106.843293,-6.475665],[106.843206,-6.475233],[106.841773,-6.475498],[106.841828,-6.475008],[106.840813,-6.474864],[106.840707,-6.474183],[106.84036,-6.474122],[106.840545,-6.473461],[106.840285,-6.473421],[106.840348,-6.473102],[106.84042,-6.47124],[106.84038,-6.47098],[106.840336,-6.470991],[106.84028,-6.470842],[106.840063,-6.470771],[106.840063,-6.470338],[106.840138,-6.470184],[106.840006,-6.470168],[106.839968,-6.46996],[106.839768,-6.469783],[106.839451,-6.469702],[106.838962,-6.469954],[106.838726,-6.469967],[106.838398,-6.469687],[106.838178,-6.469362],[106.837846,-6.469278],[106.836607,-6.469711],[106.83642,-6.46958],[106.83618,-6.4696],[106.83613,-6.46969],[106.83622,-6.4707],[106.83642,-6.47107],[106.83686,-6.47153],[106.83719,-6.471734],[106.837203,-6.471846],[106.83715,-6.471894],[106.836988,-6.471867],[106.836733,-6.471749],[106.836192,-6.4713],[106.835974,-6.471222],[106.83557,-6.47056],[106.835292,-6.470518],[106.835005,-6.470727],[106.834997,-6.470868],[106.834795,-6.471287],[106.834554,-6.47166],[106.834503,-6.472213],[106.834198,-6.472124],[106.833714,-6.472146],[106.833489,-6.472917],[106.833482,-6.473316]]]]},"properties":{"nama":"Pakansari","kecamatan":"Cibinong","kota":"Kabupaten Bogor","tipe_kawasan":"Kawasan hijau","kualitas_udara":"sehat","atribut":{"sumber_batas":"OSM","kualitas_udara":"contoh","stasiun":0,"rth":3,"poi":6}}},{"type":"Feature","geometry":{"type":"MultiPolygon","coordinates":[[[[106.700027,-6.38089],[106.700388,-6.380762],[106.700804,-6.380713],[106.701392,-6.380855],[106.702754,-6.381955],[106.704398,-6.38368],[106.704868,-6.384062],[106.707346,-6.385369],[106.709296,-6.386527],[106.709924,-6.387064],[106.710213,-6.387659],[106.71084,-6.389464],[106.712303,-6.392489],[106.713807,-6.395936],[106.714485,-6.397698],[106.713711,-6.39769],[106.715094,-6.401083],[106.714481,-6.401235],[106.714101,-6.401627],[106.713448,-6.403233],[106.713054,-6.403178],[106.713016,-6.403101],[106.712665,-6.403021],[106.712531,-6.40291],[106.712442,-6.402616],[106.712211,-6.402576],[106.712143,-6.402453],[106.712097,-6.402168],[106.712165,-6.401731],[106.711891,-6.401297],[106.711652,-6.401091],[106.711357,-6.400637],[106.711186,-6.40064],[106.710882,-6.400133],[106.710691,-6.399979],[106.709826,-6.39872],[106.709577,-6.398576],[106.708994,-6.397989],[106.708888,-6.397936],[106.708714,-6.398005],[106.708612,-6.397974],[106.708099,-6.397519],[106.70684,-6.396771],[106.705336,-6.396082],[106.705088,-6.396304],[106.704978,-6.396329],[106.70426,-6.395911],[106.704073,-6.396123],[106.704125,-6.396266],[106.704101,-6.396723],[106.703906,-6.397227],[106.701965,-6.397094],[106.701586,-6.397126],[106.701478,-6.396897],[106.70161,-6.396542],[106.701272,-6.396459],[106.701127,-6.396326],[106.701337,-6.395506],[106.701303,-6.39506],[106.700882,-6.394802],[106.700508,-6.394357],[106.700239,-6.394309],[106.69996,-6.394393],[106.699771,-6.394498],[106.69957,-6.394757],[106.699457,-6.394756],[106.699419,-6.394616],[106.699502,-6.394289],[106.699249,-6.394222],[106.699196,-6.393839],[106.6989,-6.393371],[106.698792,-6.393311],[106.698435,-6.393311],[106.6983,-6.393233],[106.697914,-6.392595],[106.697635,-6.392264],[106.697697,-6.391834],[106.697922,-6.391793],[106.697949,-6.391718],[106.697803,-6.391436],[106.697759,-6.390952],[106.697472,-6.390828],[106.697364,-6.391236],[106.697113,-6.391346],[106.69675,-6.391259],[106.696508,-6.391046],[106.696194,-6.391019],[106.695888,-6.387718],[106.694882,-6.386466],[106.694312,-6.385613],[106.694106,-6.384768],[106.693963,-6.3847],[106.693442,-6.384668],[106.693303,-6.384548],[106.693305,-6.384449],[106.693435,-6.384291],[106.694023,-6.384038],[106.694273,-6.383795],[106.694939,-6.384013],[106.695141,-6.384228],[106.695631,-6.384311],[106.6958,-6.384166],[106.695904,-6.383369],[106.696197,-6.383292],[106.696687,-6.383391],[106.697172,-6.383629],[106.69802,-6.383644],[106.698222,-6.3837],[106.698481,-6.3839],[106.698954,-6.384462],[106.700009,-6.384709],[106.700215,-6.384828],[106.700372,-6.385107],[106.700768,-6.385176],[106.700813,-6.38495],[106.700643,-6.384819],[106.700632,-6.384394],[106.700285,-6.384065],[106.700116,-6.383749],[106.700128,-6.383411],[106.700268,-6.38332],[106.700361,-6.382947],[106.70028,-6.382673],[106.700328,-6.3818],[106.700268,-6.381234],[106.700027,-6.38089]]]]},"properties":{"nama":"Padurenan","kecamatan":"Gunung Sindur","kota":"Kabupaten Bogor","tipe_kawasan":"Kawasan hijau","kualitas_udara":"sehat","atribut":{"sumber_batas":"OSM","kualitas_udara":"contoh","stasiun":0,"rth":3,"poi":0}}},{"type":"Feature","geometry":{"type":"MultiPolygon","coordinates":[[[[106.85386,-6.451435],[106.854636,-6.453282],[106.85604,-6.45709],[106.85624,-6.45779],[106.85629,-6.45821],[106.85629,-6.46003],[106.85658,-6.46517],[106.85644,-6.46539],[106.85594,-6.46584],[106.855981,-6.465872],[106.854392,-6.467185],[106.851259,-6.47009],[106.850519,-6.470807],[106.849094,-6.472404],[106.848538,-6.47307],[106.848178,-6.473647],[106.847743,-6.474709],[106.847274,-6.475527],[106.8467,-6.47678],[106.84577,-6.47752],[106.84515,-6.47815],[106.84474,-6.47769],[106.84409,-6.47602],[106.84364,-6.47508],[106.84326,-6.47285],[106.84312,-6.47251],[106.84273,-6.47188],[106.8424,-6.47107],[106.842322,-6.470685],[106.842274,-6.470227],[106.84381,-6.4699],[106.84313,-6.4686],[106.84348,-6.46793],[106.84354,-6.46688],[106.84363,-6.46663],[106.8434,-6.46634],[106.84379,-6.46551],[106.84412,-6.46504],[106.84406,-6.46491],[106.84357,-6.4645],[106.84354,-6.46425],[106.84344,-6.46409],[106.843582,-6.463591],[106.843796,-6.463438],[106.843699,-6.461495],[106.84362,-6.46112],[106.84294,-6.46054],[106.84269,-6.45969],[106.84278,-6.45919],[106.842822,-6.458052],[106.84333,-6.457137],[106.843201,-6.45691],[106.84257,-6.45458],[106.84208,-6.4538],[106.84215,-6.45357],[106.84231,-6.45343],[106.84238,-6.453248],[106.842813,-6.453265],[106.843456,-6.453455],[106.844074,-6.453169],[106.845788,-6.452931],[106.84643,-6.452646],[106.846906,-6.452622],[106.84731,-6.452313],[106.848476,-6.451646],[106.848857,-6.451504],[106.849785,-6.451908],[106.85038,-6.452003],[106.851094,-6.451694],[106.851641,-6.451575],[106.853164,-6.451551],[106.85386,-6.451435]]]]},"properties":{"nama":"Pabuaran","kecamatan":"Cibinong","kota":"Kabupaten Bogor","tipe_kawasan":"Permukiman dekat stasiun","kualitas_udara":"kurang_sehat","atribut":{"sumber_batas":"OSM","kualitas_udara":"contoh","stasiun":1,"rth":0,"poi":3}}},{"type":"Feature","geometry":{"type":"MultiPolygon","coordinates":[[[[106.84238,-6.453248],[106.84203,-6.45215],[106.841966,-6.450574],[106.841831,-6.450572],[106.841869,-6.450241],[106.841989,-6.450242],[106.84215,-6.448807],[106.842835,-6.447864],[106.843679,-6.447197],[106.843893,-6.447449],[106.84419,-6.447416],[106.844279,-6.447307],[106.844412,-6.446837],[106.844393,-6.446701],[106.844053,-6.446313],[106.845001,-6.444945],[106.845122,-6.444454],[106.844922,-6.444321],[106.844497,-6.443717],[106.843864,-6.443403],[106.843323,-6.442933],[106.842234,-6.442606],[106.842745,-6.441737],[106.842826,-6.441022],[106.843193,-6.439802],[106.84328,-6.438514],[106.84339,-6.438178],[106.843694,-6.437829],[106.844074,-6.437237],[106.844806,-6.436699],[106.845521,-6.436767],[106.847038,-6.437022],[106.847591,-6.436783],[106.850042,-6.435996],[106.852151,-6.436048],[106.852927,-6.436138],[106.852423,-6.436826],[106.852223,-6.437938],[106.852351,-6.438797],[106.853003,-6.440142],[106.853306,-6.441379],[106.853507,-6.443639],[106.853468,-6.446035],[106.85329,-6.448929],[106.853709,-6.451079],[106.85386,-6.451435],[106.853164,-6.451551],[106.851641,-6.451575],[106.851094,-6.451694],[106.85038,-6.452003],[106.849785,-6.451908],[106.848857,-6.451504],[106.848476,-6.451646],[106.84731,-6.452313],[106.846906,-6.452622],[106.84643,-6.452646],[106.845788,-6.452931],[106.844074,-6.453169],[106.843456,-6.453455],[106.842813,-6.453265],[106.84238,-6.453248]]]]},"properties":{"nama":"Pabuaran Mekar","kecamatan":"Cibinong","kota":"Kabupaten Bogor","tipe_kawasan":"Permukiman","kualitas_udara":"kurang_sehat","atribut":{"sumber_batas":"OSM","kualitas_udara":"contoh","stasiun":0,"rth":0,"poi":2}}},{"type":"Feature","geometry":{"type":"MultiPolygon","coordinates":[[[[106.719471,-6.495798],[106.721426,-6.495786],[106.72211,-6.495855],[106.722252,-6.495717],[106.722349,-6.495489],[106.723372,-6.495635],[106.724646,-6.495707],[106.724757,-6.495959],[106.725984,-6.495936],[106.726471,-6.495579],[106.726801,-6.495539],[106.727744,-6.495953],[106.72875,-6.495808],[106.72883,-6.495896],[106.728857,-6.496445],[106.729059,-6.496588],[106.730817,-6.496793],[106.732504,-6.496788],[106.733002,-6.496862],[106.733118,-6.496781],[106.733337,-6.496103],[106.733468,-6.496],[106.733817,-6.496017],[106.735364,-6.495734],[106.736013,-6.495485],[106.737094,-6.495249],[106.737584,-6.495285],[106.739693,-6.495679],[106.741335,-6.49582],[106.741305,-6.496767],[106.74135,-6.496834],[106.743173,-6.497242],[106.743561,-6.497708],[106.743886,-6.498396],[106.744206,-6.49847],[106.744203,-6.49935],[106.744322,-6.499756],[106.744291,-6.500637],[106.743592,-6.500874],[106.743145,-6.500895],[106.742926,-6.501099],[106.741358,-6.502151],[106.74123,-6.502853],[106.741048,-6.503166],[106.740791,-6.503147],[106.740356,-6.50331],[106.739995,-6.502856],[106.739881,-6.502383],[106.739715,-6.502379],[106.739556,-6.502804],[106.738844,-6.502491],[106.738697,-6.501928],[106.738276,-6.501805],[106.738306,-6.502207],[106.738476,-6.502446],[106.73828,-6.503434],[106.738416,-6.503686],[106.738418,-6.50384],[106.737898,-6.504323],[106.737646,-6.504443],[106.737441,-6.504703],[106.737419,-6.504789],[106.737538,-6.505052],[106.737411,-6.505293],[106.737403,-6.505448],[106.736969,-6.505683],[106.736649,-6.505596],[106.736795,-6.505171],[106.736838,-6.504758],[106.736684,-6.504824],[106.736512,-6.505022],[106.735884,-6.505224],[106.735538,-6.505224],[106.735295,-6.505419],[106.734992,-6.505438],[106.734919,-6.505498],[106.734781,-6.5057],[106.734609,-6.506356],[106.734629,-6.506422],[106.735127,-6.506718],[106.735189,-6.506855],[106.735051,-6.50769],[106.735227,-6.508021],[106.735203,-6.508235],[106.735053,-6.508498],[106.734071,-6.509378],[106.733233,-6.510487],[106.732794,-6.510802],[106.732612,-6.511018],[106.73241,-6.511499],[106.73211,-6.511826],[106.731696,-6.512043],[106.730002,-6.512422],[106.72809,-6.513326],[106.72687,-6.513827],[106.726559,-6.514326],[106.726369,-6.514387],[106.726262,-6.514511],[106.726215,-6.514849],[106.726077,-6.515079],[106.725826,-6.514983],[106.725695,-6.514848],[106.725555,-6.514516],[106.725289,-6.514407],[106.724878,-6.514538],[106.724282,-6.514342],[106.72327,-6.514632],[106.722582,-6.514901],[106.722471,-6.514881],[106.722188,-6.514532],[106.722058,-6.514474],[106.721756,-6.514518],[106.720893,-6.51517],[106.720698,-6.516146],[106.720524,-6.516358],[106.720428,-6.516378],[106.720337,-6.516345],[106.720244,-6.516032],[106.720074,-6.515763],[106.719878,-6.515748],[106.719431,-6.515878],[106.719173,-6.515579],[106.718911,-6.515456],[106.717991,-6.51574],[106.71683,-6.515636],[106.715668,-6.515275],[106.714887,-6.514903],[106.714544,-6.513416],[106.714576,-6.513214],[106.714426,-6.5129],[106.714138,-6.512683],[106.714407,-6.512436],[106.714436,-6.51201],[106.714743,-6.511813],[106.714828,-6.511636],[106.714986,-6.51154],[106.715136,-6.511254],[106.715165,-6.510985],[106.715141,-6.510882],[106.714689,-6.510535],[106.714431,-6.509938],[106.714063,-6.509575],[106.713697,-6.508959],[106.713549,-6.508555],[106.713625,-6.506768],[106.713317,-6.504195],[106.713292,-6.503436],[106.713397,-6.502173],[106.71354,-6.501578],[106.713528,-6.50143],[106.713362,-6.501198],[106.713522,-6.49977],[106.713421,-6.499722],[106.713153,-6.499942],[106.712856,-6.49999],[106.712552,-6.499835],[106.712273,-6.499591],[106.712154,-6.499574],[106.712118,-6.500133],[106.711987,-6.500311],[106.711928,-6.500349],[106.711727,-6.500271],[106.711248,-6.500479],[106.711005,-6.500437],[106.710979,-6.500292],[106.711279,-6.500065],[106.71135,-6.499793],[106.711359,-6.499456],[106.711161,-6.498651],[106.71049,-6.498395],[106.709757,-6.498008],[106.70961,-6.497963],[106.709283,-6.498044],[106.709243,-6.497894],[106.709459,-6.497489],[106.709358,-6.497073],[106.709229,-6.496957],[106.708608,-6.496683],[106.708485,-6.496489],[106.707907,-6.496729],[106.707398,-6.496695],[106.707247,-6.49658],[106.707273,-6.496352],[106.70744,-6.496002],[106.707395,-6.495942],[106.707233,-6.495966],[106.707123,-6.49588],[106.707574,-6.495232],[106.707555,-6.495175],[106.707214,-6.495235],[106.7071,-6.495192],[106.707558,-6.494767],[106.707629,-6.494613],[106.707912,-6.494578],[106.708757,-6.494966],[106.709492,-6.495409],[106.710351,-6.495596],[106.710846,-6.495904],[106.711979,-6.495956],[106.712581,-6.495837],[106.713528,-6.495991],[106.714085,-6.495897],[106.71449,-6.495942],[106.71493,-6.496124],[106.71513,-6.496003],[106.715332,-6.495971],[106.715635,-6.49601],[106.717855,-6.495827],[106.719471,-6.495798]]]]},"properties":{"nama":"Pabuaran","kecamatan":"Kemang","kota":"Kabupaten Bogor","tipe_kawasan":"Permukiman","kualitas_udara":"kurang_sehat","atribut":{"sumber_batas":"OSM","kualitas_udara":"contoh","stasiun":0,"rth":1,"poi":1}}},{"type":"Feature","geometry":{"type":"MultiPolygon","coordinates":[[[[106.798969,-6.451039],[106.799048,-6.451044],[106.799045,-6.451187],[106.801808,-6.451224],[106.801929,-6.45065],[106.801616,-6.450738],[106.801572,-6.450253],[106.801613,-6.44937],[106.801595,-6.44931],[106.801464,-6.449289],[106.801465,-6.448867],[106.801762,-6.448828],[106.801884,-6.448888],[106.802357,-6.44891],[106.802397,-6.448765],[106.803246,-6.448855],[106.80324,-6.448953],[106.803579,-6.448998],[106.803588,-6.448929],[106.803802,-6.448965],[106.803858,-6.448805],[106.804328,-6.448864],[106.804272,-6.449953],[106.803918,-6.45053],[106.803814,-6.451012],[106.803913,-6.451862],[106.804026,-6.452253],[106.803933,-6.452669],[106.803837,-6.452771],[106.803298,-6.452966],[106.802653,-6.453738],[106.803349,-6.453982],[106.804073,-6.454349],[106.80502,-6.454664],[106.805147,-6.454816],[106.806106,-6.455297],[106.805469,-6.457309],[106.805199,-6.458404],[106.804596,-6.459787],[106.804486,-6.460703],[106.804331,-6.461272],[106.803824,-6.461354],[106.802659,-6.462168],[106.802831,-6.46259],[106.803139,-6.467565],[106.803246,-6.467966],[106.80387,-6.468852],[106.804053,-6.470076],[106.803992,-6.470478],[106.803052,-6.471866],[106.803046,-6.472454],[106.803262,-6.474688],[106.802738,-6.474692],[106.802705,-6.476629],[106.802491,-6.477869],[106.800646,-6.477348],[106.799847,-6.476946],[106.799246,-6.47683],[106.797679,-6.476283],[106.797927,-6.476067],[106.798043,-6.475388],[106.798018,-6.475018],[106.797857,-6.474494],[106.79807,-6.473674],[106.797905,-6.472657],[106.79801,-6.472032],[106.797802,-6.47161],[106.797765,-6.471359],[106.79782,-6.47124],[106.798433,-6.470875],[106.798695,-6.470482],[106.798774,-6.4701],[106.798702,-6.469675],[106.798585,-6.469469],[106.797954,-6.468754],[106.797748,-6.468391],[106.79779,-6.467991],[106.798151,-6.467398],[106.798213,-6.466952],[106.797826,-6.465434],[106.797667,-6.46526],[106.797112,-6.46536],[106.796063,-6.464985],[106.795675,-6.464742],[106.794882,-6.464091],[106.794049,-6.46391],[106.793948,-6.463831],[106.79364,-6.463293],[106.793028,-6.462878],[106.792949,-6.462607],[106.792884,-6.461426],[106.792693,-6.461077],[106.792273,-6.460579],[106.792229,-6.460101],[106.792057,-6.459625],[106.791985,-6.458733],[106.791908,-6.458573],[106.791752,-6.458422],[106.790493,-6.45766],[106.789963,-6.457231],[106.789791,-6.457158],[106.789318,-6.457142],[106.789102,-6.456918],[106.788783,-6.456313],[106.788291,-6.455823],[106.788171,-6.45543],[106.788148,-6.454276],[106.78833,-6.453823],[106.78837,-6.453538],[106.788323,-6.453234],[106.788125,-6.452969],[106.788881,-6.452796],[106.78975,-6.452834],[106.790502,-6.452785],[106.791078,-6.452858],[106.791117,-6.452453],[106.792262,-6.452594],[106.793011,-6.452605],[106.793075,-6.452584],[106.793165,-6.45223],[106.793198,-6.451785],[106.79425,-6.4517],[106.794316,-6.451136],[106.795457,-6.451113],[106.795741,-6.450988],[106.796881,-6.450953],[106.796887,-6.450753],[106.797223,-6.450818],[106.797693,-6.450809],[106.797711,-6.451047],[106.797845,-6.451151],[106.797994,-6.451139],[106.79827,-6.450941],[106.798969,-6.451039]]]]},"properties":{"nama":"Pabuaran","kecamatan":"Bojong Gede","kota":"Kabupaten Bogor","tipe_kawasan":"Pusat aktivitas","kualitas_udara":"kurang_sehat","atribut":{"sumber_batas":"OSM","kualitas_udara":"contoh","stasiun":0,"rth":0,"poi":9}}},{"type":"Feature","geometry":{"type":"MultiPolygon","coordinates":[[[[106.719471,-6.495798],[106.719402,-6.494198],[106.71954,-6.494323],[106.719803,-6.494084],[106.719929,-6.494051],[106.720493,-6.494088],[106.720761,-6.493898],[106.721246,-6.493801],[106.721363,-6.493722],[106.721645,-6.493843],[106.722951,-6.493446],[106.723183,-6.493447],[106.723332,-6.493703],[106.723936,-6.493446],[106.724432,-6.493476],[106.724603,-6.493582],[106.724818,-6.493312],[106.725292,-6.493266],[106.725872,-6.493307],[106.725822,-6.493114],[106.725943,-6.492985],[106.726588,-6.49284],[106.72666,-6.492622],[106.726645,-6.492434],[106.727158,-6.492417],[106.727467,-6.49227],[106.727843,-6.491825],[106.728103,-6.491651],[106.728245,-6.491232],[106.728217,-6.49097],[106.727869,-6.490713],[106.727743,-6.490535],[106.727772,-6.490123],[106.727865,-6.489995],[106.728569,-6.489681],[106.72899,-6.489371],[106.729047,-6.489269],[106.728909,-6.488436],[106.728662,-6.488205],[106.728464,-6.488105],[106.727677,-6.487927],[106.727001,-6.487499],[106.726508,-6.487382],[106.72549,-6.487286],[106.725029,-6.486852],[106.724726,-6.486207],[106.724339,-6.485795],[106.724364,-6.485413],[106.724508,-6.484961],[106.724732,-6.483547],[106.724601,-6.482692],[106.724696,-6.482011],[106.725205,-6.482334],[106.726018,-6.482604],[106.726267,-6.482838],[106.727256,-6.482833],[106.727604,-6.482887],[106.727896,-6.483026],[106.728313,-6.483407],[106.729353,-6.484152],[106.729987,-6.484935],[106.730716,-6.485421],[106.731026,-6.485535],[106.73146,-6.485585],[106.732752,-6.48549],[106.734555,-6.4855],[106.734727,-6.48554],[106.734794,-6.485618],[106.734934,-6.486254],[106.735085,-6.486357],[106.735631,-6.486159],[106.735933,-6.485835],[106.735904,-6.485556],[106.735799,-6.485414],[106.734867,-6.484891],[106.734924,-6.484763],[106.735263,-6.484836],[106.735818,-6.482862],[106.7359,-6.482844],[106.736741,-6.483258],[106.736932,-6.483248],[106.737177,-6.4826],[106.73766,-6.481766],[106.737799,-6.481392],[106.737803,-6.481231],[106.737546,-6.480917],[106.73695,-6.48051],[106.73665,-6.480185],[106.736718,-6.479664],[106.737091,-6.478894],[106.737259,-6.479193],[106.737343,-6.480054],[106.737422,-6.480185],[106.737673,-6.480315],[106.737968,-6.480294],[106.738481,-6.480424],[106.739363,-6.481125],[106.739309,-6.481324],[106.739173,-6.481435],[106.739032,-6.481501],[106.738456,-6.481516],[106.738231,-6.481611],[106.738158,-6.481707],[106.738282,-6.482048],[106.738266,-6.482326],[106.738562,-6.482668],[106.738676,-6.483212],[106.738835,-6.483468],[106.738863,-6.484125],[106.73895,-6.484306],[106.739269,-6.48448],[106.739755,-6.484586],[106.740175,-6.484603],[106.740528,-6.484529],[106.740799,-6.48472],[106.741071,-6.48522],[106.741174,-6.48557],[106.741151,-6.486185],[106.740643,-6.486979],[106.740606,-6.48756],[106.740394,-6.488032],[106.740595,-6.488734],[106.740582,-6.489318],[106.740686,-6.489344],[106.740998,-6.488944],[106.741541,-6.488908],[106.742266,-6.488283],[106.742579,-6.488158],[106.744028,-6.488894],[106.744362,-6.489463],[106.744621,-6.489677],[106.745306,-6.48979],[106.745505,-6.49001],[106.74554,-6.490824],[106.745152,-6.491215],[106.745139,-6.491351],[106.747125,-6.491353],[106.747344,-6.491498],[106.747363,-6.492244],[106.748354,-6.492319],[106.748816,-6.492492],[106.748946,-6.492376],[106.749228,-6.491407],[106.749562,-6.491239],[106.75,-6.491283],[106.750338,-6.491514],[106.750595,-6.491872],[106.750885,-6.492117],[106.751053,-6.492679],[106.751411,-6.492982],[106.751666,-6.493302],[106.752246,-6.493378],[106.752728,-6.493706],[106.75317,-6.493783],[106.753317,-6.493737],[106.7534,-6.493638],[106.753392,-6.49354],[106.753311,-6.493367],[106.753016,-6.493129],[106.752934,-6.492896],[106.753071,-6.492715],[106.753667,-6.492746],[106.753862,-6.492822],[106.754045,-6.492992],[106.754601,-6.49379],[106.754963,-6.494066],[106.755458,-6.494644],[106.755679,-6.494747],[106.756161,-6.494715],[106.75671,-6.494407],[106.75728,-6.493617],[106.757369,-6.493422],[106.757313,-6.493106],[106.756936,-6.492968],[106.756886,-6.49289],[106.756882,-6.492602],[106.757012,-6.492274],[106.75718,-6.492158],[106.757696,-6.492032],[106.75824,-6.491959],[106.75884,-6.491967],[106.758931,-6.492016],[106.758965,-6.492242],[106.758712,-6.492736],[106.758715,-6.492912],[106.758978,-6.493447],[106.759097,-6.494117],[106.758819,-6.494145],[106.75848,-6.494274],[106.758308,-6.494584],[106.758261,-6.495024],[106.75829,-6.495378],[106.75837,-6.495556],[106.758978,-6.496103],[106.757077,-6.496227],[106.755882,-6.496152],[106.753191,-6.496152],[106.753005,-6.49613],[106.752646,-6.495928],[106.75234,-6.496226],[106.752155,-6.496269],[106.750849,-6.496123],[106.748753,-6.496005],[106.7485,-6.496091],[106.747772,-6.496119],[106.746805,-6.495927],[106.744492,-6.495089],[106.744013,-6.495265],[106.743807,-6.495595],[106.743307,-6.495535],[106.742791,-6.495255],[106.742678,-6.495264],[106.74235,-6.495505],[106.742251,-6.495501],[106.741893,-6.495269],[106.741511,-6.495233],[106.741335,-6.49582],[106.739693,-6.495679],[106.738513,-6.495423],[106.737094,-6.495249],[106.736013,-6.495485],[106.735364,-6.495734],[106.733817,-6.496017],[106.733468,-6.496],[106.733337,-6.496103],[106.733118,-6.496781],[106.733002,-6.496862],[106.732504,-6.496788],[106.730817,-6.496793],[106.729059,-6.496588],[106.728857,-6.496445],[106.72883,-6.495896],[106.72875,-6.495808],[106.727744,-6.495953],[106.726801,-6.495539],[106.726471,-6.495579],[106.725984,-6.495936],[106.724757,-6.495959],[106.724646,-6.495707],[106.723372,-6.495635],[106.722349,-6.495489],[106.722252,-6.495717],[106.72211,-6.495855],[106.721426,-6.495786],[106.719471,-6.495798]]]]},"properties":{"nama":"Pondok Udik","kecamatan":"Kemang","kota":"Kabupaten Bogor","tipe_kawasan":"Permukiman","kualitas_udara":"kurang_sehat","atribut":{"sumber_batas":"OSM","kualitas_udara":"contoh","stasiun":0,"rth":0,"poi":2}}},{"type":"Feature","geometry":{"type":"MultiPolygon","coordinates":[[[[106.828271,-6.467828],[106.828105,-6.467896],[106.82741,-6.4679],[106.82638,-6.46772],[106.82564,-6.46774],[106.8252,-6.46801],[106.825,-6.46842],[106.8249,-6.46846],[106.82344,-6.46824],[106.82336,-6.46817],[106.82333,-6.46793],[106.82351,-6.4655],[106.82338,-6.46551],[106.82203,-6.46508],[106.82152,-6.46505],[106.82052,-6.46514],[106.820313,-6.465224],[106.82038,-6.465931],[106.820131,-6.466141],[106.819864,-6.466165],[106.81928,-6.46741],[106.81875,-6.4673],[106.81837,-6.46694],[106.81814,-6.46688],[106.8173,-6.46699],[106.81707,-6.46716],[106.81674,-6.46766],[106.81648,-6.46792],[106.81583,-6.46824],[106.81562,-6.46814],[106.81554,-6.46791],[106.81559,-6.46772],[106.81608,-6.46697],[106.81578,-6.46676],[106.814822,-6.466739],[106.81476,-6.466517],[106.814418,-6.465905],[106.81439,-6.465649],[106.81458,-6.465567],[106.815042,-6.465633],[106.816553,-6.466171],[106.816811,-6.466157],[106.81734,-6.465951],[106.817895,-6.465406],[106.817976,-6.465188],[106.817975,-6.464862],[106.817906,-6.46455],[106.817646,-6.46413],[106.817264,-6.463819],[106.816327,-6.463931],[106.814915,-6.464276],[106.814534,-6.464141],[106.814288,-6.463748],[106.814327,-6.463232],[106.814584,-6.462919],[106.815374,-6.462319],[106.815918,-6.461798],[106.815891,-6.46146],[106.815682,-6.461201],[106.815395,-6.460994],[106.813704,-6.460662],[106.813599,-6.460532],[106.813573,-6.460377],[106.813624,-6.460091],[106.813831,-6.459882],[106.815832,-6.459485],[106.816247,-6.459198],[106.816323,-6.458626],[106.81627,-6.458132],[106.816086,-6.457613],[106.815511,-6.456991],[106.814703,-6.456449],[106.814364,-6.456164],[106.814181,-6.455905],[106.813917,-6.454684],[106.813862,-6.454009],[106.813927,-6.453296],[106.814143,-6.452692],[106.815901,-6.451213],[106.816116,-6.450609],[106.815945,-6.449933],[106.81546,-6.449404],[106.814925,-6.448561],[106.814789,-6.448156],[106.814559,-6.446957],[106.814346,-6.44669],[106.812993,-6.446312],[106.812821,-6.446202],[106.812731,-6.446059],[106.812665,-6.445699],[106.812981,-6.444822],[106.813002,-6.444361],[106.81321,-6.444254],[106.813874,-6.444568],[106.814683,-6.44461],[106.815429,-6.444908],[106.816713,-6.445092],[106.817011,-6.445024],[106.817505,-6.444753],[106.818566,-6.444345],[106.819196,-6.444331],[106.819316,-6.44427],[106.819621,-6.443909],[106.81986,-6.443854],[106.821006,-6.443926],[106.822286,-6.44418],[106.822603,-6.444317],[106.822935,-6.444312],[106.823252,-6.44439],[106.82304,-6.444765],[106.823658,-6.445636],[106.823765,-6.446034],[106.823785,-6.446775],[106.823628,-6.447409],[106.823402,-6.447852],[106.822839,-6.44837],[106.82307,-6.448828],[106.823085,-6.44917],[106.822164,-6.449032],[106.822039,-6.44906],[106.821598,-6.449568],[106.821347,-6.449948],[106.821069,-6.450772],[106.820655,-6.451452],[106.820546,-6.451931],[106.820588,-6.452374],[106.820949,-6.452888],[106.821139,-6.4539],[106.822109,-6.454142],[106.822176,-6.453935],[106.822296,-6.453967],[106.822392,-6.453584],[106.822204,-6.453536],[106.822305,-6.45269],[106.822544,-6.452757],[106.822576,-6.452603],[106.822868,-6.452652],[106.823016,-6.452267],[106.823208,-6.452316],[106.823418,-6.451955],[106.82393,-6.452116],[106.825008,-6.452305],[106.825326,-6.452426],[106.825065,-6.452705],[106.824809,-6.453209],[106.824617,-6.454184],[106.825208,-6.455145],[106.825324,-6.455441],[106.825364,-6.455784],[106.824628,-6.458933],[106.824607,-6.459466],[106.824292,-6.45967],[106.824249,-6.459796],[106.823963,-6.461437],[106.824156,-6.461867],[106.824259,-6.461857],[106.824266,-6.461484],[106.825082,-6.461587],[106.825349,-6.461279],[106.825771,-6.462207],[106.826413,-6.463042],[106.8269,-6.46349],[106.826903,-6.464201],[106.826486,-6.464418],[106.826367,-6.464645],[106.826365,-6.464902],[106.826491,-6.465197],[106.826985,-6.465589],[106.827586,-6.465797],[106.827607,-6.466379],[106.827878,-6.466821],[106.827943,-6.467107],[106.828214,-6.46736],[106.828143,-6.467746],[106.828271,-6.467828]]]]},"properties":{"nama":"Pondok Rajeg","kecamatan":"Cibinong","kota":"Kabupaten Bogor","tipe_kawasan":"Kawasan hijau","kualitas_udara":"sehat","atribut":{"sumber_batas":"OSM","kualitas_udara":"contoh","stasiun":0,"rth":6,"poi":0}}},{"type":"Feature","geometry":{"type":"MultiPolygon","coordinates":[[[[106.700469,-6.359027],[106.702379,-6.359118],[106.702493,-6.359665],[106.702088,-6.359784],[106.701013,-6.359913],[106.701017,-6.36065],[106.70096,-6.360717],[106.700451,-6.360898],[106.700118,-6.360693],[106.699789,-6.361064],[106.699437,-6.361313],[106.699892,-6.362023],[106.700927,-6.364146],[106.702257,-6.367162],[106.702246,-6.367869],[106.702098,-6.36882],[106.702093,-6.369866],[106.701512,-6.370336],[106.699418,-6.371763],[106.699282,-6.372174],[106.699397,-6.373097],[106.699896,-6.374153],[106.70009,-6.374252],[106.700309,-6.374513],[106.700064,-6.375057],[106.700051,-6.380882],[106.699562,-6.38099],[106.698481,-6.380967],[106.697487,-6.380626],[106.696448,-6.380142],[106.696178,-6.380096],[106.693616,-6.3803],[106.692718,-6.3803],[106.690523,-6.380272],[106.68953,-6.380088],[106.689191,-6.380206],[106.688029,-6.381225],[106.687492,-6.382748],[106.687259,-6.383081],[106.68689,-6.3833],[106.686714,-6.383287],[106.686402,-6.383178],[106.685711,-6.382785],[106.685687,-6.382345],[106.68562,-6.382247],[106.68472,-6.381486],[106.682998,-6.379427],[106.682338,-6.378913],[106.682204,-6.378743],[106.682159,-6.378532],[106.682275,-6.378267],[106.682314,-6.3778],[106.682576,-6.377083],[106.682629,-6.376717],[106.682544,-6.375853],[106.682347,-6.374897],[106.682414,-6.373797],[106.68229,-6.373119],[106.682012,-6.372439],[106.681828,-6.372164],[106.681358,-6.37076],[106.681096,-6.368663],[106.680921,-6.367606],[106.680748,-6.366971],[106.679841,-6.365973],[106.679619,-6.365359],[106.679504,-6.364778],[106.679012,-6.363903],[106.675872,-6.35905],[106.679513,-6.358928],[106.680062,-6.359168],[106.68127,-6.359193],[106.681954,-6.35911],[106.685054,-6.359236],[106.686366,-6.359105],[106.688965,-6.359164],[106.690417,-6.358902],[106.69299,-6.358882],[106.694705,-6.358787],[106.695855,-6.358882],[106.698116,-6.358794],[106.699053,-6.359009],[106.700469,-6.359027]]]]},"properties":{"nama":"Pengasinan","kecamatan":"Gunung Sindur","kota":"Kabupaten Bogor","tipe_kawasan":"Permukiman","kualitas_udara":"kurang_sehat","atribut":{"sumber_batas":"OSM","kualitas_udara":"contoh","stasiun":0,"rth":0,"poi":0}}},{"type":"Feature","geometry":{"type":"MultiPolygon","coordinates":[[[[106.832864,-6.565396],[106.832733,-6.565279],[106.832677,-6.565125],[106.832577,-6.564167],[106.832163,-6.564087],[106.832017,-6.563871],[106.832028,-6.563093],[106.83174,-6.562877],[106.830937,-6.56175],[106.830115,-6.560803],[106.830086,-6.560686],[106.830214,-6.559989],[106.830282,-6.558542],[106.830612,-6.557878],[106.830505,-6.557505],[106.829768,-6.556367],[106.829804,-6.556138],[106.829872,-6.556071],[106.829925,-6.55531],[106.830189,-6.554624],[106.829867,-6.553348],[106.829289,-6.550353],[106.828906,-6.549891],[106.828457,-6.549798],[106.828294,-6.549707],[106.825971,-6.547751],[106.825733,-6.547172],[106.825601,-6.546613],[106.825491,-6.546046],[106.82544,-6.545115],[106.825995,-6.544188],[106.82676,-6.544238],[106.827001,-6.544382],[106.827322,-6.545413],[106.827624,-6.545643],[106.828061,-6.545684],[106.828301,-6.545463],[106.82854,-6.545007],[106.828751,-6.54486],[106.829499,-6.54449],[106.830632,-6.544079],[106.831114,-6.543972],[106.831639,-6.543979],[106.832786,-6.544161],[106.833116,-6.544148],[106.837548,-6.542428],[106.838598,-6.5419],[106.839239,-6.541701],[106.839998,-6.540393],[106.840574,-6.539253],[106.841921,-6.537075],[106.842512,-6.536608],[106.843116,-6.536319],[106.843126,-6.536578],[106.843288,-6.536897],[106.844438,-6.537788],[106.844593,-6.537851],[106.844765,-6.537826],[106.844979,-6.537503],[106.845182,-6.537375],[106.845553,-6.537306],[106.845972,-6.537357],[106.847139,-6.537702],[106.847216,-6.537811],[106.847183,-6.538058],[106.846407,-6.538743],[106.84628,-6.539028],[106.846293,-6.539353],[106.846551,-6.539626],[106.847045,-6.539929],[106.847379,-6.539962],[106.847822,-6.539778],[106.847963,-6.539805],[106.848003,-6.53993],[106.847985,-6.540161],[106.847737,-6.540451],[106.847253,-6.540774],[106.846654,-6.541013],[106.846432,-6.541082],[106.845973,-6.541088],[106.845822,-6.541051],[106.84552,-6.54083],[106.845408,-6.540795],[106.845264,-6.54086],[106.845231,-6.541651],[106.845064,-6.541761],[106.844396,-6.541821],[106.844542,-6.543441],[106.844167,-6.544939],[106.84407,-6.545103],[106.843535,-6.545615],[106.843442,-6.545902],[106.84349,-6.546061],[106.843753,-6.546191],[106.843866,-6.546341],[106.843874,-6.546688],[106.843073,-6.547349],[106.843008,-6.547528],[106.843017,-6.547781],[106.843077,-6.547865],[106.843208,-6.547943],[106.843795,-6.54798],[106.843986,-6.548061],[106.844138,-6.548335],[106.844042,-6.549535],[106.843272,-6.55044],[106.843102,-6.550831],[106.843118,-6.550947],[106.843245,-6.551056],[106.843773,-6.551059],[106.843897,-6.551153],[106.844005,-6.551461],[106.844055,-6.551964],[106.84396,-6.552585],[106.843712,-6.552884],[106.8435,-6.553027],[106.842243,-6.553591],[106.842169,-6.553852],[106.842335,-6.554299],[106.842203,-6.55449],[106.840921,-6.554969],[106.839758,-6.555512],[106.83918,-6.555943],[106.838986,-6.556313],[106.838974,-6.556474],[106.839059,-6.556648],[106.839442,-6.556709],[106.839764,-6.55662],[106.840099,-6.556247],[106.840266,-6.556174],[106.840402,-6.556199],[106.840571,-6.556473],[106.840773,-6.557156],[106.840963,-6.557293],[106.841491,-6.557472],[106.841761,-6.557778],[106.84199,-6.558458],[106.841977,-6.558805],[106.841737,-6.55898],[106.840902,-6.559136],[106.840479,-6.559461],[106.840254,-6.559778],[106.839991,-6.560648],[106.839855,-6.560801],[106.839085,-6.56086],[106.838595,-6.561065],[106.837927,-6.561543],[106.837709,-6.561789],[106.837328,-6.562458],[106.837296,-6.563009],[106.837101,-6.563556],[106.837515,-6.564099],[106.837531,-6.564293],[106.837004,-6.564723],[106.836631,-6.565335],[106.836607,-6.565517],[106.836745,-6.565785],[106.836591,-6.566145],[106.836117,-6.566251],[106.835947,-6.566392],[106.835806,-6.567629],[106.836041,-6.568108],[106.836211,-6.568308],[106.835851,-6.568356],[106.835604,-6.56824],[106.835196,-6.56818],[106.83488,-6.567202],[106.834376,-6.566393],[106.833918,-6.565906],[106.833112,-6.565242],[106.832864,-6.565396]]]]},"properties":{"nama":"Pasirlaja","kecamatan":"Sukaraja","kota":"Kabupaten Bogor","tipe_kawasan":"Permukiman","kualitas_udara":"sehat","atribut":{"sumber_batas":"OSM","kualitas_udara":"contoh","stasiun":0,"rth":0,"poi":0}}},{"type":"Feature","geometry":{"type":"MultiPolygon","coordinates":[[[[106.895861,-6.515976],[106.895795,-6.515972],[106.895566,-6.516369],[106.895412,-6.516405],[106.895208,-6.516262],[106.895026,-6.515332],[106.895026,-6.515046],[106.895214,-6.51454],[106.895139,-6.514363],[106.895059,-6.514315],[106.894648,-6.514354],[106.894121,-6.5143],[106.894056,-6.514254],[106.894262,-6.513834],[106.894265,-6.513636],[106.893652,-6.513324],[106.893269,-6.512843],[106.892582,-6.512543],[106.89194,-6.512541],[106.891738,-6.512464],[106.891375,-6.512178],[106.891081,-6.511491],[106.890602,-6.51088],[106.890065,-6.509195],[106.889819,-6.508731],[106.889774,-6.508487],[106.889531,-6.507943],[106.888957,-6.50771],[106.888768,-6.507692],[106.888189,-6.507838],[106.887718,-6.508163],[106.887104,-6.508395],[106.885957,-6.508391],[106.885936,-6.508269],[106.886062,-6.508012],[106.886075,-6.507769],[106.885966,-6.507486],[106.885714,-6.507216],[106.885657,-6.507064],[106.885942,-6.506401],[106.886475,-6.506743],[106.886941,-6.506771],[106.88745,-6.506985],[106.888302,-6.507533],[106.889121,-6.507438],[106.88923,-6.507471],[106.889421,-6.507742],[106.889716,-6.507709],[106.88985,-6.507361],[106.890332,-6.506685],[106.890629,-6.505954],[106.891328,-6.50557],[106.891593,-6.505207],[106.891715,-6.505157],[106.89192,-6.505157],[106.89239,-6.505347],[106.892556,-6.505329],[106.89275,-6.505403],[106.893124,-6.505249],[106.893359,-6.504892],[106.893612,-6.504859],[106.893648,-6.504767],[106.893707,-6.504157],[106.893835,-6.503806],[106.893728,-6.503666],[106.89388,-6.503553],[106.894522,-6.503375],[106.894623,-6.503089],[106.894592,-6.502737],[106.894678,-6.502619],[106.89517,-6.502637],[106.895341,-6.502598],[106.895341,-6.502551],[106.895274,-6.50244],[106.895284,-6.502305],[106.89542,-6.501841],[106.895523,-6.501798],[106.895691,-6.501819],[106.896169,-6.502084],[106.896644,-6.502119],[106.896923,-6.502569],[106.897044,-6.502665],[106.897329,-6.502733],[106.897626,-6.50268],[106.897722,-6.502558],[106.897886,-6.502487],[106.897694,-6.502073],[106.898022,-6.501802],[106.899064,-6.501855],[106.899478,-6.502094],[106.899749,-6.502576],[106.900663,-6.502904],[106.900888,-6.502919],[106.901295,-6.502801],[106.901491,-6.502865],[106.902141,-6.503418],[106.902419,-6.503782],[106.902476,-6.504065],[106.902558,-6.504147],[106.903276,-6.504354],[106.904379,-6.504293],[106.904868,-6.504421],[106.904868,-6.504814],[106.904985,-6.505135],[106.905535,-6.505788],[106.905692,-6.505885],[106.906106,-6.505938],[106.906709,-6.505899],[106.907141,-6.505685],[106.907331,-6.505725],[106.907408,-6.506013],[106.907309,-6.506428],[106.907281,-6.507986],[106.906946,-6.509715],[106.906954,-6.510198],[106.907029,-6.510551],[106.907244,-6.510931],[106.908011,-6.511694],[106.908345,-6.511932],[106.908645,-6.512043],[106.907839,-6.512522],[106.907664,-6.512503],[106.907164,-6.512206],[106.906976,-6.512211],[106.906459,-6.512417],[106.905432,-6.51199],[106.905142,-6.512091],[106.90477,-6.512363],[106.90421,-6.512191],[106.904101,-6.512227],[106.903833,-6.512544],[106.903272,-6.51298],[106.903146,-6.51378],[106.902917,-6.514372],[106.902476,-6.514711],[106.901702,-6.514983],[106.901032,-6.515107],[106.900059,-6.515074],[106.899413,-6.51578],[106.898466,-6.516137],[106.898219,-6.516104],[106.897952,-6.515799],[106.897933,-6.514952],[106.897826,-6.514735],[106.89705,-6.515096],[106.895861,-6.515976]]]]},"properties":{"nama":"Pasirmukti","kecamatan":"Citeureup","kota":"Kabupaten Bogor","tipe_kawasan":"Permukiman","kualitas_udara":"sehat","atribut":{"sumber_batas":"OSM","kualitas_udara":"contoh","stasiun":0,"rth":0,"poi":0}}},{"type":"Feature","geometry":{"type":"MultiPolygon","coordinates":[[[[106.717632,-6.544764],[106.717561,-6.544254],[106.717032,-6.542377],[106.716132,-6.538452],[106.715928,-6.537719],[106.715708,-6.537196],[106.715338,-6.536725],[106.714874,-6.536367],[106.712409,-6.535144],[106.712293,-6.534576],[106.711938,-6.534135],[106.711861,-6.533715],[106.71134,-6.532829],[106.710948,-6.532439],[106.710749,-6.531602],[106.71066,-6.531448],[106.710537,-6.53135],[106.709901,-6.531156],[106.709738,-6.53101],[106.709704,-6.530717],[106.710234,-6.52972],[106.710099,-6.529139],[106.70965,-6.528816],[106.708976,-6.528844],[106.708835,-6.528473],[106.708242,-6.528007],[106.708043,-6.527647],[106.708742,-6.527743],[106.709377,-6.5276],[106.709569,-6.527761],[106.709828,-6.527811],[106.710667,-6.527529],[106.710977,-6.527543],[106.711049,-6.5276],[106.711097,-6.527815],[106.711327,-6.52805],[106.711649,-6.528094],[106.711844,-6.528334],[106.711968,-6.528325],[106.712191,-6.528068],[106.712532,-6.528375],[106.712772,-6.528434],[106.712826,-6.528533],[106.712754,-6.528689],[106.712854,-6.528836],[106.714259,-6.529319],[106.714361,-6.529291],[106.7145,-6.529127],[106.714966,-6.529119],[106.716003,-6.529772],[106.716346,-6.530175],[106.716394,-6.530309],[106.716939,-6.530781],[106.717321,-6.531258],[106.717737,-6.531601],[106.71854,-6.531674],[106.719928,-6.531959],[106.720981,-6.532787],[106.721455,-6.532955],[106.721866,-6.532991],[106.722271,-6.533384],[106.722474,-6.533411],[106.722849,-6.533346],[106.724538,-6.533559],[106.724616,-6.533621],[106.724679,-6.533958],[106.724873,-6.534173],[106.725167,-6.535552],[106.725141,-6.535806],[106.72519,-6.535936],[106.726786,-6.5374],[106.72708,-6.537517],[106.727428,-6.538142],[106.72721,-6.538274],[106.726925,-6.538333],[106.726405,-6.538302],[106.726227,-6.538155],[106.725893,-6.538085],[106.72542,-6.538106],[106.725239,-6.538194],[106.725274,-6.538478],[106.725926,-6.538409],[106.726863,-6.538484],[106.727505,-6.53828],[106.727961,-6.539186],[106.727426,-6.539409],[106.726321,-6.540027],[106.72514,-6.54004],[106.724349,-6.539917],[106.724026,-6.539925],[106.723882,-6.540031],[106.723763,-6.540237],[106.72358,-6.540891],[106.723444,-6.541789],[106.72313,-6.542564],[106.721937,-6.54346],[106.721481,-6.543942],[106.720863,-6.544377],[106.720699,-6.54439],[106.719728,-6.544036],[106.71792,-6.54458],[106.717632,-6.544764]]]]},"properties":{"nama":"Pasirgaok","kecamatan":"Ranca Bungur","kota":"Kabupaten Bogor","tipe_kawasan":"Permukiman","kualitas_udara":"kurang_sehat","atribut":{"sumber_batas":"OSM","kualitas_udara":"contoh","stasiun":0,"rth":0,"poi":0}}},{"type":"Feature","geometry":{"type":"MultiPolygon","coordinates":[[[[106.802995,-6.538222],[106.803821,-6.536644],[106.804074,-6.534593],[106.804175,-6.534365],[106.804719,-6.533798],[106.804767,-6.53358],[106.804628,-6.531867],[106.803922,-6.52996],[106.803898,-6.529698],[106.803965,-6.529299],[106.80414,-6.529051],[106.804339,-6.528951],[106.80524,-6.528725],[106.806221,-6.528365],[106.80663,-6.528145],[106.807209,-6.527656],[106.807414,-6.527392],[106.807516,-6.527099],[106.807806,-6.527488],[106.808266,-6.527787],[106.809004,-6.528504],[106.80925,-6.528666],[106.80955,-6.52876],[106.81447,-6.52884],[106.81647,-6.528453],[106.817057,-6.5284],[106.817611,-6.528486],[106.818959,-6.528915],[106.818756,-6.530191],[106.81877,-6.530869],[106.818869,-6.531569],[106.81881,-6.532158],[106.818491,-6.532796],[106.817624,-6.533942],[106.817523,-6.534299],[106.817538,-6.534495],[106.817783,-6.534945],[106.818396,-6.535488],[106.818597,-6.535922],[106.818592,-6.536246],[106.8183,-6.536421],[106.817929,-6.536475],[106.817753,-6.536622],[106.817793,-6.536996],[106.817926,-6.537039],[106.817745,-6.537387],[106.81788,-6.537988],[106.817519,-6.538756],[106.816828,-6.538599],[106.816428,-6.538666],[106.814412,-6.5386],[106.814294,-6.538928],[106.813878,-6.538836],[106.813812,-6.538896],[106.813282,-6.538809],[106.812784,-6.53868],[106.812608,-6.538751],[106.812329,-6.538713],[106.812046,-6.538797],[106.811869,-6.538735],[106.81141,-6.538777],[106.811545,-6.539153],[106.811566,-6.539623],[106.810947,-6.541696],[106.810942,-6.542238],[106.810087,-6.544673],[106.810048,-6.544918],[106.810112,-6.545523],[106.810036,-6.546442],[106.809383,-6.546471],[106.809398,-6.545847],[106.80906,-6.54591],[106.808942,-6.545844],[106.808926,-6.545426],[106.80875,-6.545424],[106.808799,-6.545969],[106.808419,-6.545794],[106.808207,-6.545795],[106.808009,-6.545573],[106.807879,-6.545649],[106.808078,-6.545864],[106.807538,-6.546303],[106.806921,-6.545832],[106.806237,-6.545524],[106.805815,-6.545258],[106.805769,-6.544779],[106.805863,-6.543669],[106.80584,-6.541777],[106.805914,-6.541042],[106.804716,-6.541079],[106.80464,-6.541014],[106.804618,-6.540825],[106.804346,-6.540734],[106.804129,-6.540152],[106.803624,-6.539811],[106.803574,-6.539286],[106.803271,-6.539084],[106.803216,-6.538967],[106.803195,-6.538353],[106.802995,-6.538222]]]]},"properties":{"nama":"Pasir Jambu","kecamatan":"Sukaraja","kota":"Kabupaten Bogor","tipe_kawasan":"Kawasan hijau","kualitas_udara":"sehat","atribut":{"sumber_batas":"OSM","kualitas_udara":"contoh","stasiun":0,"rth":4,"poi":0}}},{"type":"Feature","geometry":{"type":"MultiPolygon","coordinates":[[[[106.695868,-6.409175],[106.696567,-6.409196],[106.697375,-6.408991],[106.697552,-6.409091],[106.697626,-6.409221],[106.697415,-6.409873],[106.697447,-6.410087],[106.69764,-6.410454],[106.698,-6.410767],[106.6987,-6.410557],[106.69877,-6.410728],[106.698743,-6.410901],[106.698634,-6.411044],[106.699285,-6.411148],[106.699337,-6.411506],[106.699423,-6.41163],[106.699954,-6.411974],[106.700044,-6.412354],[106.700037,-6.41298],[106.699745,-6.413426],[106.699527,-6.414133],[106.699335,-6.414331],[106.699327,-6.414423],[106.699548,-6.41513],[106.699705,-6.415398],[106.699934,-6.415582],[106.700019,-6.415941],[106.700113,-6.416067],[106.700347,-6.416229],[106.700777,-6.416382],[106.701201,-6.416271],[106.701335,-6.416107],[106.701478,-6.415655],[106.701615,-6.415471],[106.701847,-6.415465],[106.702085,-6.41559],[106.702811,-6.416709],[106.703254,-6.417229],[106.703243,-6.417563],[106.703625,-6.417994],[106.703808,-6.417954],[106.704645,-6.41891],[106.704457,-6.419269],[106.704393,-6.420067],[106.704898,-6.420349],[106.705063,-6.421106],[106.704798,-6.421351],[106.704318,-6.422821],[106.704369,-6.423245],[106.704336,-6.423694],[106.704505,-6.423966],[106.704751,-6.425186],[106.704625,-6.425753],[106.704582,-6.426427],[106.70462,-6.42736],[106.704558,-6.427812],[106.70442,-6.428031],[106.704066,-6.428333],[106.703999,-6.4285],[106.704037,-6.428749],[106.703859,-6.429154],[106.703452,-6.428987],[106.703445,-6.429329],[106.703319,-6.429748],[106.702822,-6.430535],[106.702387,-6.430213],[106.702074,-6.429117],[106.701883,-6.429069],[106.70183,-6.428458],[106.701097,-6.428268],[106.700738,-6.427993],[106.700606,-6.427663],[106.700593,-6.427451],[106.700766,-6.426811],[106.700904,-6.426631],[106.7,-6.426586],[106.699406,-6.428824],[106.699029,-6.429373],[106.698881,-6.429757],[106.698846,-6.430346],[106.698081,-6.430371],[106.697522,-6.430463],[106.696272,-6.430444],[106.694807,-6.431401],[106.693953,-6.43226],[106.693793,-6.43221],[106.693484,-6.432248],[106.693165,-6.43287],[106.692947,-6.43295],[106.692822,-6.432896],[106.692474,-6.43248],[106.692086,-6.431444],[106.691603,-6.431043],[106.691108,-6.430892],[106.690902,-6.432025],[106.690931,-6.432135],[106.691072,-6.432261],[106.691056,-6.432638],[106.690726,-6.432811],[106.690693,-6.432911],[106.690708,-6.433073],[106.690862,-6.433246],[106.690806,-6.43338],[106.690052,-6.433544],[106.68999,-6.433502],[106.689953,-6.432988],[106.688589,-6.432882],[106.688255,-6.432739],[106.687787,-6.432642],[106.687329,-6.432006],[106.687169,-6.431605],[106.687381,-6.431137],[106.687238,-6.43065],[106.687581,-6.430269],[106.687636,-6.430176],[106.687624,-6.429627],[106.687755,-6.429255],[106.687464,-6.42796],[106.687545,-6.427812],[106.687361,-6.427301],[106.687458,-6.426095],[106.687433,-6.425486],[106.686678,-6.423751],[106.686426,-6.423791],[106.686037,-6.423716],[106.685598,-6.42382],[106.685032,-6.423703],[106.684506,-6.423821],[106.684052,-6.423832],[106.683706,-6.423696],[106.68351,-6.423493],[106.683486,-6.423321],[106.684005,-6.422832],[106.684102,-6.422331],[106.684029,-6.422272],[106.683133,-6.423294],[106.683089,-6.423425],[106.683283,-6.424032],[106.683153,-6.424304],[106.68293,-6.424548],[106.682655,-6.424595],[106.681912,-6.42454],[106.6816,-6.424397],[106.681424,-6.424187],[106.681249,-6.423789],[106.680903,-6.423703],[106.680863,-6.423546],[106.681283,-6.422732],[106.681409,-6.421657],[106.680925,-6.420999],[106.680694,-6.420237],[106.680113,-6.419152],[106.679745,-6.418895],[106.679233,-6.418846],[106.679015,-6.418888],[106.677983,-6.4194],[106.677764,-6.419118],[106.677141,-6.418634],[106.67705,-6.418366],[106.677097,-6.417903],[106.676964,-6.41709],[106.676396,-6.416503],[106.676097,-6.41594],[106.675694,-6.414941],[106.67553,-6.414783],[106.673676,-6.414825],[106.673354,-6.414766],[106.673194,-6.415184],[106.673005,-6.415208],[106.672721,-6.415113],[106.672535,-6.414799],[106.672556,-6.414587],[106.672287,-6.414469],[106.672134,-6.414321],[106.671909,-6.413695],[106.672058,-6.413422],[106.671694,-6.413036],[106.671608,-6.412814],[106.671334,-6.412651],[106.671153,-6.412153],[106.671248,-6.411863],[106.671071,-6.411562],[106.671192,-6.41146],[106.671208,-6.411328],[106.671043,-6.411097],[106.671564,-6.410844],[106.671611,-6.410584],[106.671488,-6.410024],[106.671154,-6.409376],[106.671711,-6.409287],[106.671989,-6.409397],[106.672567,-6.40986],[106.67322,-6.410266],[106.673949,-6.410605],[106.678968,-6.411502],[106.679523,-6.411388],[106.679972,-6.411216],[106.680528,-6.410577],[106.680887,-6.410424],[106.681868,-6.410306],[106.682155,-6.41048],[106.68247,-6.411186],[106.682624,-6.411362],[106.682902,-6.411427],[106.683789,-6.411452],[106.684112,-6.411581],[106.684521,-6.412172],[106.685013,-6.412485],[106.6863,-6.41261],[106.687556,-6.41263],[106.68902,-6.412462],[106.690604,-6.412056],[106.690838,-6.411849],[106.69114,-6.411423],[106.691598,-6.410508],[106.691807,-6.410323],[106.692439,-6.410295],[106.693097,-6.410432],[106.693477,-6.410734],[106.693947,-6.411528],[106.694301,-6.411804],[106.694757,-6.41198],[106.695313,-6.411978],[106.695712,-6.411871],[106.695924,-6.40953],[106.695868,-6.409175]]]]},"properties":{"nama":"Cogreg","kecamatan":"Parung","kota":"Kabupaten Bogor","tipe_kawasan":"Permukiman","kualitas_udara":"kurang_sehat","atribut":{"sumber_batas":"OSM","kualitas_udara":"contoh","stasiun":0,"rth":0,"poi":0}}},{"type":"Feature","geometry":{"type":"MultiPolygon","coordinates":[[[[106.70005,-6.380216],[106.700673,-6.380187],[106.700675,-6.379542],[106.701192,-6.379475],[106.701203,-6.37931],[106.701692,-6.379225],[106.701817,-6.378993],[106.702388,-6.378961],[106.702409,-6.378807],[106.702502,-6.378782],[106.702723,-6.378846],[106.703159,-6.37912],[106.703356,-6.378842],[106.703715,-6.378959],[106.703857,-6.379071],[106.703863,-6.379951],[106.704207,-6.380825],[106.70447,-6.381308],[106.70449,-6.381445],[106.704365,-6.381771],[106.705236,-6.381913],[106.705991,-6.382373],[106.706523,-6.382524],[106.706891,-6.382871],[106.706983,-6.383141],[106.707351,-6.383564],[106.707489,-6.38382],[106.708186,-6.383749],[106.708448,-6.38379],[106.70866,-6.383225],[106.70873,-6.383194],[106.709404,-6.383362],[106.709546,-6.382886],[106.709515,-6.382798],[106.709147,-6.38253],[106.709144,-6.38236],[106.709617,-6.381741],[106.710153,-6.380855],[106.710571,-6.381281],[106.71091,-6.380859],[106.711169,-6.380211],[106.711461,-6.380114],[106.711518,-6.379713],[106.717103,-6.379722],[106.717466,-6.379826],[106.71796,-6.379744],[106.718849,-6.379897],[106.71926,-6.379901],[106.719275,-6.379842],[106.719702,-6.379876],[106.719632,-6.380155],[106.719656,-6.380317],[106.719974,-6.380431],[106.720052,-6.380695],[106.720134,-6.380745],[106.721611,-6.38006],[106.721715,-6.379967],[106.721706,-6.379865],[106.721978,-6.379937],[106.72215,-6.38005],[106.72228,-6.38039],[106.72241,-6.38055],[106.723247,-6.381072],[106.723317,-6.381202],[106.723249,-6.381569],[106.72294,-6.38187],[106.722682,-6.382575],[106.72262,-6.38359],[106.72249,-6.38396],[106.72201,-6.38465],[106.72185,-6.38521],[106.721777,-6.385767],[106.721907,-6.386034],[106.722064,-6.386148],[106.72228,-6.386048],[106.72239,-6.385523],[106.722604,-6.385208],[106.722777,-6.385142],[106.722836,-6.385202],[106.722836,-6.385398],[106.722694,-6.385785],[106.722764,-6.386319],[106.722931,-6.386607],[106.723328,-6.386917],[106.72364,-6.38666],[106.723924,-6.38673],[106.72414,-6.386892],[106.724379,-6.386846],[106.72464,-6.38652],[106.7247,-6.3862],[106.72502,-6.38607],[106.725234,-6.385649],[106.725365,-6.385559],[106.725983,-6.385421],[106.72643,-6.38554],[106.7268,-6.38587],[106.726955,-6.385933],[106.727333,-6.386013],[106.72802,-6.38595],[106.72803,-6.38629],[106.72793,-6.38656],[106.7278,-6.38669],[106.726866,-6.38695],[106.726836,-6.387064],[106.726968,-6.387514],[106.726677,-6.387969],[106.72671,-6.388103],[106.726896,-6.388207],[106.727086,-6.38825],[106.727562,-6.388203],[106.727933,-6.388065],[106.728108,-6.387747],[106.728292,-6.387691],[106.728371,-6.387728],[106.72859,-6.3882],[106.72862,-6.38886],[106.72879,-6.3895],[106.72871,-6.38974],[106.728474,-6.389744],[106.72774,-6.3895],[106.727368,-6.38944],[106.727163,-6.389477],[106.72702,-6.38961],[106.727025,-6.389767],[106.72723,-6.39024],[106.72719,-6.39058],[106.72706,-6.39093],[106.72694,-6.39186],[106.726985,-6.391955],[106.72748,-6.39217],[106.72759,-6.39228],[106.727621,-6.392559],[106.727389,-6.393202],[106.72746,-6.39346],[106.72841,-6.394066],[106.728571,-6.394301],[106.728542,-6.3945],[106.728378,-6.394609],[106.7277,-6.3945],[106.727481,-6.394133],[106.7274,-6.39411],[106.72689,-6.39443],[106.726604,-6.395019],[106.726274,-6.395324],[106.726194,-6.395796],[106.726364,-6.396059],[106.726386,-6.396298],[106.726472,-6.396367],[106.72681,-6.396374],[106.727033,-6.39627],[106.727118,-6.396204],[106.727206,-6.395915],[106.727688,-6.395722],[106.728162,-6.395899],[106.728591,-6.395862],[106.728685,-6.396145],[106.728755,-6.396176],[106.728873,-6.396158],[106.728984,-6.396008],[106.72904,-6.396019],[106.729196,-6.396255],[106.729411,-6.396428],[106.729439,-6.396666],[106.729389,-6.396722],[106.72903,-6.396889],[106.72863,-6.397241],[106.728579,-6.397583],[106.728771,-6.397898],[106.728582,-6.398335],[106.728636,-6.398634],[106.72904,-6.399006],[106.729482,-6.39893],[106.730228,-6.398944],[106.73043,-6.399184],[106.730771,-6.399113],[106.730913,-6.399203],[106.730856,-6.399296],[106.730486,-6.399489],[106.730136,-6.399851],[106.729696,-6.40008],[106.729562,-6.400923],[106.729661,-6.401285],[106.729658,-6.40201],[106.72974,-6.402091],[106.730072,-6.401901],[106.73021,-6.401897],[106.730427,-6.402158],[106.730577,-6.402229],[106.731159,-6.402115],[106.731275,-6.402153],[106.73148,-6.402555],[106.731454,-6.402621],[106.731233,-6.402686],[106.731169,-6.402825],[106.731223,-6.403205],[106.731147,-6.403502],[106.731168,-6.404434],[106.731398,-6.404561],[106.732066,-6.40456],[106.732141,-6.405059],[106.73186,-6.405298],[106.731896,-6.405705],[106.731996,-6.4057],[106.73211,-6.40555],[106.732422,-6.405379],[106.732664,-6.405389],[106.732786,-6.405538],[106.732738,-6.405645],[106.732454,-6.40572],[106.732386,-6.405824],[106.732478,-6.406639],[106.732237,-6.406847],[106.732153,-6.406853],[106.731944,-6.406678],[106.731778,-6.406667],[106.731641,-6.406813],[106.731333,-6.40693],[106.731356,-6.407561],[106.731458,-6.407697],[106.731695,-6.40775],[106.731747,-6.407825],[106.732005,-6.408343],[106.732005,-6.408536],[106.731853,-6.409109],[106.731551,-6.409653],[106.730985,-6.409899],[106.730742,-6.410314],[106.730723,-6.41041],[106.730938,-6.410864],[106.730999,-6.411165],[106.730942,-6.41147],[106.730829,-6.41168],[106.72986,-6.411775],[106.727532,-6.412369],[106.726452,-6.412484],[106.722985,-6.412154],[106.721996,-6.412218],[106.720642,-6.412504],[106.71966,-6.412612],[106.718889,-6.412635],[106.718415,-6.412566],[106.717707,-6.412612],[106.717027,-6.412475],[106.716519,-6.41231],[106.716239,-6.412133],[106.716045,-6.412106],[106.716199,-6.411217],[106.716001,-6.410935],[106.716001,-6.410798],[106.715377,-6.410501],[106.715651,-6.409686],[106.715595,-6.409177],[106.715635,-6.408972],[106.71582,-6.40876],[106.715778,-6.408655],[106.715835,-6.408555],[106.715795,-6.408264],[106.71584,-6.407998],[106.715238,-6.407376],[106.714969,-6.406865],[106.714967,-6.406382],[106.71477,-6.406185],[106.714887,-6.40526],[106.714801,-6.404931],[106.714667,-6.404789],[106.71445,-6.40418],[106.714301,-6.403935],[106.714093,-6.403932],[106.71373,-6.40331],[106.713448,-6.403233],[106.714101,-6.401627],[106.714481,-6.401235],[106.715094,-6.401083],[106.713711,-6.39769],[106.714485,-6.397698],[106.713807,-6.395936],[106.712303,-6.392489],[106.71084,-6.389464],[106.710213,-6.387659],[106.709924,-6.387064],[106.709296,-6.386527],[106.707346,-6.385369],[106.704868,-6.384062],[106.704398,-6.38368],[106.702754,-6.381955],[106.701392,-6.380855],[106.700804,-6.380713],[106.700388,-6.380762],[106.700051,-6.380882],[106.70005,-6.380216]]]]},"properties":{"nama":"Curug","kecamatan":"Gunung Sindur","kota":"Kabupaten Bogor","tipe_kawasan":"Kawasan hijau","kualitas_udara":"sehat","atribut":{"sumber_batas":"OSM","kualitas_udara":"contoh","stasiun":0,"rth":8,"poi":1}}},{"type":"Feature","geometry":{"type":"MultiPolygon","coordinates":[[[[106.881647,-6.488245],[106.882977,-6.483264],[106.883026,-6.482145],[106.882957,-6.481557],[106.882552,-6.47997],[106.882496,-6.479169],[106.882595,-6.478854],[106.883339,-6.477595],[106.886332,-6.47324],[106.8872,-6.473699],[106.8876,-6.473085],[106.88842,-6.473649],[106.888963,-6.472657],[106.890608,-6.473655],[106.891943,-6.474129],[106.892224,-6.474288],[106.892484,-6.473767],[106.892048,-6.473432],[106.892008,-6.473342],[106.892227,-6.472409],[106.892241,-6.471959],[106.892833,-6.471745],[106.89294,-6.472091],[106.89318,-6.47217],[106.893254,-6.472113],[106.893329,-6.471695],[106.893658,-6.471295],[106.893843,-6.47121],[106.894022,-6.47121],[106.894422,-6.471577],[106.894736,-6.471617],[106.895089,-6.471456],[106.895691,-6.470858],[106.89641,-6.471138],[106.899377,-6.471668],[106.900423,-6.471701],[106.900584,-6.471836],[106.900708,-6.472118],[106.900759,-6.472635],[106.901019,-6.473089],[106.901637,-6.473923],[106.903107,-6.475319],[106.903687,-6.475981],[106.903948,-6.476571],[106.904529,-6.477404],[106.905483,-6.479147],[106.905854,-6.479478],[106.90663,-6.479733],[106.907443,-6.480074],[106.907665,-6.48032],[106.907839,-6.480762],[106.907693,-6.481217],[106.907314,-6.481784],[106.90665,-6.482008],[106.905592,-6.482049],[106.905014,-6.481953],[106.90476,-6.481658],[106.904019,-6.481418],[106.902798,-6.481451],[106.902165,-6.481571],[106.901441,-6.481761],[106.900853,-6.48208],[106.900197,-6.482811],[106.898821,-6.484702],[106.898553,-6.484962],[106.89809,-6.485244],[106.897538,-6.485442],[106.897222,-6.485453],[106.896895,-6.485407],[106.895509,-6.484959],[106.894864,-6.484963],[106.894622,-6.485046],[106.894435,-6.48522],[106.894168,-6.485694],[106.892849,-6.489084],[106.892679,-6.489368],[106.892224,-6.489877],[106.891116,-6.49046],[106.890043,-6.491138],[106.889439,-6.491274],[106.888674,-6.491253],[106.888143,-6.491081],[106.887611,-6.490794],[106.886795,-6.490699],[106.886581,-6.490613],[106.886408,-6.490215],[106.886012,-6.489858],[106.884998,-6.489529],[106.884706,-6.489583],[106.884477,-6.489726],[106.883978,-6.490157],[106.883613,-6.490611],[106.883331,-6.490629],[106.881186,-6.489859],[106.881647,-6.488245]]]]},"properties":{"nama":"Citeureup","kecamatan":"Citeureup","kota":"Kabupaten Bogor","tipe_kawasan":"Permukiman","kualitas_udara":"kurang_sehat","atribut":{"sumber_batas":"OSM","kualitas_udara":"contoh","stasiun":0,"rth":0,"poi":0}}},{"type":"Feature","geometry":{"type":"MultiPolygon","coordinates":[[[[106.851112,-6.556841],[106.853923,-6.557507],[106.854529,-6.557754],[106.855282,-6.557924],[106.855527,-6.558025],[106.856154,-6.558495],[106.856512,-6.558177],[106.857078,-6.558044],[106.858002,-6.557611],[106.858286,-6.557602],[106.858094,-6.559065],[106.858152,-6.559544],[106.858317,-6.559737],[106.858517,-6.559839],[106.85885,-6.559623],[106.859026,-6.559637],[106.859129,-6.559773],[106.859138,-6.560441],[106.85919,-6.560519],[106.859668,-6.560585],[106.859885,-6.560673],[106.860027,-6.560844],[106.859861,-6.561102],[106.859067,-6.561585],[106.859072,-6.562003],[106.858931,-6.56208],[106.859022,-6.562404],[106.859132,-6.562477],[106.859281,-6.562451],[106.859479,-6.562185],[106.859762,-6.561961],[106.85991,-6.561937],[106.860043,-6.562097],[106.859981,-6.56263],[106.860086,-6.562803],[106.860345,-6.562979],[106.860407,-6.563401],[106.860584,-6.563598],[106.86099,-6.563648],[106.861338,-6.563503],[106.861578,-6.563499],[106.862284,-6.563792],[106.862627,-6.563863],[106.862924,-6.564139],[106.862966,-6.564443],[106.862591,-6.564782],[106.862357,-6.565544],[106.862406,-6.565713],[106.862499,-6.56578],[106.863025,-6.565644],[106.86312,-6.565692],[106.863109,-6.565795],[106.862819,-6.56612],[106.862756,-6.566415],[106.862842,-6.566703],[106.863274,-6.567329],[106.863345,-6.567991],[106.863209,-6.568403],[106.863213,-6.568564],[106.863912,-6.569284],[106.864255,-6.569761],[106.864594,-6.569883],[106.86468,-6.570115],[106.86467,-6.570411],[106.864389,-6.571139],[106.864425,-6.571333],[106.86472,-6.571808],[106.864733,-6.571979],[106.864672,-6.572047],[106.864099,-6.572388],[106.863909,-6.572674],[106.863488,-6.572998],[106.863002,-6.573837],[106.86275,-6.574508],[106.862234,-6.575244],[106.860449,-6.576543],[106.85969,-6.577226],[106.858791,-6.57822],[106.858379,-6.578299],[106.857901,-6.578299],[106.856628,-6.578116],[106.856397,-6.578223],[106.856031,-6.578589],[106.855733,-6.578734],[106.85526,-6.578865],[106.854746,-6.578894],[106.854458,-6.578837],[106.854056,-6.578556],[106.853387,-6.578316],[106.853111,-6.578323],[106.852668,-6.57818],[106.852412,-6.578176],[106.851855,-6.578833],[106.851801,-6.578481],[106.852022,-6.577966],[106.852028,-6.577769],[106.85195,-6.577716],[106.85178,-6.577726],[106.850416,-6.578255],[106.849876,-6.578394],[106.849295,-6.578454],[106.848862,-6.578258],[106.848414,-6.577789],[106.848137,-6.57768],[106.847988,-6.577794],[106.847976,-6.578489],[106.847894,-6.578741],[106.847653,-6.578928],[106.84751,-6.578958],[106.847397,-6.578948],[106.847148,-6.578759],[106.846946,-6.578521],[106.846314,-6.577468],[106.845598,-6.577095],[106.84544,-6.576911],[106.845349,-6.576598],[106.845459,-6.575731],[106.845633,-6.575272],[106.846416,-6.574219],[106.846926,-6.573898],[106.847359,-6.573479],[106.848362,-6.571945],[106.848291,-6.571393],[106.848123,-6.571145],[106.84724,-6.570829],[106.846909,-6.570648],[106.846659,-6.568705],[106.846178,-6.568571],[106.846627,-6.567272],[106.847038,-6.566566],[106.847672,-6.564745],[106.849155,-6.561841],[106.850405,-6.558892],[106.851112,-6.556841]]]]},"properties":{"nama":"Citaringgul","kecamatan":"Babakan Madang","kota":"Kabupaten Bogor","tipe_kawasan":"Permukiman","kualitas_udara":"kurang_sehat","atribut":{"sumber_batas":"OSM","kualitas_udara":"contoh","stasiun":0,"rth":0,"poi":0}}},{"type":"Feature","geometry":{"type":"MultiPolygon","coordinates":[[[[106.769799,-6.447115],[106.76926,-6.447071],[106.768957,-6.447154],[106.768664,-6.447375],[106.76802,-6.4474],[106.767445,-6.44761],[106.765595,-6.447926],[106.763097,-6.447805],[106.762925,-6.447909],[106.762259,-6.447963],[106.761742,-6.448097],[106.761221,-6.448118],[106.759697,-6.447996],[106.759295,-6.447863],[106.758975,-6.448048],[106.758223,-6.448295],[106.757855,-6.448247],[106.757586,-6.448003],[106.75617,-6.448254],[106.755452,-6.448041],[106.754993,-6.448008],[106.753722,-6.448763],[106.753157,-6.448637],[106.752705,-6.448629],[106.752385,-6.448695],[106.750849,-6.448309],[106.750499,-6.448087],[106.749883,-6.447835],[106.749027,-6.447728],[106.748167,-6.448189],[106.74753,-6.448156],[106.747098,-6.448],[106.746684,-6.447972],[106.746403,-6.448197],[106.746032,-6.448346],[106.745166,-6.449121],[106.744776,-6.44935],[106.744369,-6.449508],[106.743421,-6.449691],[106.742517,-6.449982],[106.742349,-6.449885],[106.74176,-6.449859],[106.741683,-6.449808],[106.741736,-6.449286],[106.740789,-6.449217],[106.740759,-6.449701],[106.74058,-6.449724],[106.740484,-6.45005],[106.740216,-6.450018],[106.740178,-6.44964],[106.739519,-6.449541],[106.73937,-6.449617],[106.739267,-6.449923],[106.739151,-6.450028],[106.738771,-6.450149],[106.738309,-6.450019],[106.73819,-6.449849],[106.738171,-6.44924],[106.736928,-6.449007],[106.736778,-6.449249],[106.735458,-6.449428],[106.734965,-6.449556],[106.73473,-6.449471],[106.734701,-6.449221],[106.734501,-6.449178],[106.734444,-6.449299],[106.734258,-6.449342],[106.733143,-6.448792],[106.733102,-6.448476],[106.733302,-6.44812],[106.733837,-6.448045],[106.734819,-6.447412],[106.735023,-6.447335],[106.73539,-6.447428],[106.735783,-6.447407],[106.735875,-6.446181],[106.736182,-6.445447],[106.736596,-6.44481],[106.736708,-6.444264],[106.736879,-6.443918],[106.736639,-6.443394],[106.73661,-6.44313],[106.736635,-6.442852],[106.7369,-6.442511],[106.737135,-6.442339],[106.737263,-6.442366],[106.738038,-6.443403],[106.738853,-6.443199],[106.739144,-6.443067],[106.73921,-6.442974],[106.739267,-6.442586],[106.739142,-6.442215],[106.738863,-6.442067],[106.737998,-6.441846],[106.737721,-6.441719],[106.737514,-6.441534],[106.737448,-6.441382],[106.737506,-6.440091],[106.737596,-6.439931],[106.738039,-6.439714],[106.738243,-6.439227],[106.738393,-6.439038],[106.738369,-6.438797],[106.73859,-6.43863],[106.739047,-6.438879],[106.739319,-6.438926],[106.742691,-6.438844],[106.74471,-6.438927],[106.745127,-6.438902],[106.745911,-6.438735],[106.745937,-6.439063],[106.746398,-6.438937],[106.748313,-6.438996],[106.748647,-6.439078],[106.748726,-6.438796],[106.74897,-6.438827],[106.748966,-6.43892],[106.749394,-6.438741],[106.749583,-6.438969],[106.749975,-6.439021],[106.75006,-6.438914],[106.750331,-6.438931],[106.751758,-6.438749],[106.753097,-6.438708],[106.753451,-6.438849],[106.75448,-6.438962],[106.754878,-6.438871],[106.755522,-6.439039],[106.755585,-6.438981],[106.756876,-6.439105],[106.757094,-6.439052],[106.757132,-6.438933],[106.758043,-6.438989],[106.759085,-6.438942],[106.76,-6.438976],[106.760001,-6.438641],[106.76049,-6.438695],[106.760835,-6.438907],[106.762743,-6.439081],[106.763575,-6.439009],[106.763785,-6.438853],[106.764122,-6.439235],[106.764663,-6.439172],[106.764691,-6.439217],[106.764866,-6.439129],[106.765172,-6.439108],[106.765549,-6.439231],[106.765625,-6.439337],[106.765813,-6.440564],[106.766463,-6.440498],[106.766684,-6.44058],[106.767075,-6.44277],[106.767851,-6.442841],[106.768266,-6.442954],[106.768641,-6.443888],[106.768677,-6.444559],[106.769023,-6.444803],[106.769427,-6.444873],[106.770263,-6.444663],[106.770238,-6.445414],[106.770179,-6.445597],[106.76996,-6.445796],[106.769804,-6.446633],[106.769799,-6.447115]]]]},"properties":{"nama":"Citayam","kecamatan":"Tajurhalang","kota":"Kabupaten Bogor","tipe_kawasan":"Permukiman","kualitas_udara":"kurang_sehat","atribut":{"sumber_batas":"OSM","kualitas_udara":"contoh","stasiun":0,"rth":0,"poi":6}}},{"type":"Feature","geometry":{"type":"MultiPolygon","coordinates":[[[[106.824396,-6.561225],[106.824109,-6.561723],[106.823789,-6.561877],[106.823455,-6.561921],[106.8235,-6.562057],[106.823442,-6.562261],[106.82356,-6.562837],[106.823268,-6.563289],[106.823196,-6.563526],[106.823512,-6.563627],[106.82358,-6.563738],[106.823576,-6.563938],[106.823442,-6.564275],[106.823504,-6.564626],[106.823451,-6.565298],[106.823748,-6.566174],[106.823797,-6.566497],[106.823471,-6.567109],[106.82319,-6.56737],[106.823164,-6.567525],[106.823253,-6.567624],[106.823411,-6.567614],[106.823556,-6.567521],[106.823594,-6.567357],[106.823694,-6.567354],[106.823825,-6.568067],[106.824495,-6.568579],[106.825019,-6.569161],[106.825092,-6.570114],[106.825169,-6.570353],[106.825413,-6.570402],[106.825681,-6.570337],[106.825764,-6.570382],[106.825691,-6.570655],[106.825697,-6.570995],[106.825256,-6.572039],[106.825187,-6.572396],[106.825277,-6.572654],[106.825544,-6.572807],[106.825791,-6.572699],[106.825913,-6.572919],[106.825832,-6.573069],[106.825555,-6.57312],[106.82549,-6.573201],[106.825574,-6.573451],[106.825683,-6.573562],[106.825712,-6.574061],[106.825141,-6.574278],[106.824807,-6.574223],[106.82454,-6.574311],[106.824562,-6.574494],[106.824795,-6.574828],[106.824907,-6.575128],[106.824866,-6.575809],[106.824698,-6.576182],[106.824235,-6.576394],[106.824178,-6.576486],[106.824464,-6.576722],[106.824562,-6.576896],[106.824536,-6.577106],[106.824285,-6.577328],[106.824308,-6.577439],[106.825082,-6.577901],[106.825205,-6.578105],[106.82512,-6.578296],[106.824786,-6.578358],[106.824399,-6.578331],[106.824104,-6.578565],[106.824171,-6.578656],[106.824584,-6.578857],[106.824954,-6.578816],[106.82511,-6.578878],[106.82515,-6.579103],[106.824764,-6.579452],[106.824722,-6.579856],[106.824894,-6.580083],[106.825249,-6.5802],[106.825282,-6.58028],[106.824967,-6.580941],[106.824158,-6.581097],[106.823889,-6.581346],[106.823407,-6.582948],[106.82355,-6.583539],[106.823317,-6.583992],[106.823273,-6.584231],[106.823318,-6.584503],[106.823221,-6.584614],[106.822968,-6.584684],[106.822827,-6.584836],[106.82286,-6.585326],[106.822788,-6.585534],[106.822872,-6.585863],[106.823136,-6.586134],[106.823071,-6.587463],[106.823143,-6.588492],[106.823429,-6.588822],[106.823482,-6.588997],[106.823428,-6.58914],[106.823315,-6.589207],[106.823102,-6.589077],[106.822426,-6.588895],[106.822612,-6.590411],[106.822593,-6.591155],[106.822882,-6.591147],[106.823172,-6.591052],[106.823353,-6.591156],[106.823547,-6.591138],[106.823707,-6.591528],[106.823803,-6.592148],[106.824031,-6.592221],[106.823994,-6.592544],[106.824219,-6.592929],[106.824211,-6.593991],[106.824419,-6.5942],[106.824553,-6.594513],[106.824901,-6.594794],[106.825136,-6.596042],[106.82251,-6.596146],[106.822534,-6.596538],[106.822627,-6.596854],[106.822693,-6.597868],[106.823067,-6.598063],[106.822904,-6.598121],[106.822677,-6.598437],[106.822333,-6.59851],[106.821436,-6.599108],[106.82143,-6.599486],[106.821169,-6.599998],[106.821288,-6.600638],[106.821173,-6.601001],[106.821107,-6.601105],[106.820513,-6.601374],[106.82033,-6.60157],[106.820333,-6.601983],[106.820432,-6.602263],[106.820371,-6.602386],[106.820406,-6.602556],[106.820356,-6.602798],[106.82001,-6.603539],[106.820024,-6.603884],[106.819906,-6.604351],[106.820111,-6.604695],[106.82005,-6.6049],[106.819904,-6.60506],[106.818932,-6.604987],[106.818654,-6.604451],[106.818042,-6.59964],[106.817881,-6.599661],[106.817612,-6.59808],[106.817561,-6.59799],[106.816366,-6.597911],[106.815659,-6.598329],[106.81582,-6.597844],[106.815815,-6.597493],[106.815931,-6.597409],[106.815825,-6.597241],[106.815918,-6.597152],[106.81587,-6.596962],[106.815974,-6.596824],[106.815816,-6.596457],[106.816031,-6.596311],[106.815879,-6.595615],[106.816304,-6.594222],[106.816206,-6.593923],[106.81582,-6.593647],[106.815594,-6.593137],[106.815536,-6.592808],[106.815709,-6.592384],[106.815693,-6.592182],[106.815855,-6.591941],[106.815625,-6.59139],[106.815756,-6.59112],[106.816028,-6.590897],[106.816991,-6.590732],[106.817417,-6.590718],[106.817979,-6.590373],[106.818425,-6.59032],[106.818575,-6.590199],[106.818464,-6.589894],[106.818461,-6.589373],[106.818151,-6.589216],[106.81761,-6.589147],[106.817286,-6.589032],[106.817248,-6.588051],[106.817327,-6.587689],[106.817522,-6.587379],[106.817605,-6.586885],[106.817508,-6.586714],[106.817467,-6.586235],[106.817557,-6.586153],[106.817631,-6.585915],[106.818306,-6.585428],[106.818417,-6.585234],[106.818491,-6.584491],[106.818416,-6.584298],[106.818668,-6.583732],[106.818638,-6.583634],[106.818708,-6.583358],[106.818816,-6.583195],[106.818704,-6.582828],[106.818741,-6.582522],[106.818687,-6.582212],[106.818774,-6.58194],[106.818696,-6.581731],[106.818712,-6.581578],[106.819003,-6.581254],[106.819118,-6.580371],[106.819618,-6.579741],[106.819978,-6.578729],[106.819986,-6.578561],[106.819932,-6.578163],[106.819668,-6.577724],[106.819639,-6.577203],[106.819474,-6.57688],[106.819561,-6.576264],[106.818837,-6.575576],[106.818594,-6.575025],[106.818618,-6.574679],[106.818344,-6.574109],[106.818342,-6.573976],[106.818672,-6.57332],[106.818523,-6.5728],[106.818492,-6.57164],[106.818719,-6.571465],[106.818759,-6.571281],[106.818368,-6.570705],[106.817987,-6.570656],[106.817967,-6.57048],[106.81777,-6.570077],[106.817777,-6.569972],[106.817929,-6.569792],[106.817704,-6.569534],[106.817788,-6.569357],[106.817679,-6.568993],[106.817772,-6.568746],[106.818001,-6.568588],[106.818663,-6.568445],[106.819254,-6.568178],[106.819229,-6.568031],[106.81936,-6.567705],[106.819359,-6.56743],[106.819571,-6.566869],[106.819341,-6.56617],[106.819381,-6.565876],[106.820025,-6.565457],[106.819799,-6.565295],[106.819976,-6.564992],[106.81972,-6.564886],[106.819708,-6.564799],[106.820154,-6.56454],[106.820348,-6.564514],[106.820338,-6.564274],[106.820472,-6.563975],[106.820714,-6.563723],[106.820906,-6.563705],[106.820922,-6.563599],[106.82126,-6.56313],[106.821273,-6.562829],[106.820986,-6.562496],[106.821233,-6.562225],[106.821418,-6.562124],[106.821285,-6.56149],[106.821383,-6.560995],[106.82118,-6.560383],[106.821236,-6.560214],[106.821472,-6.560037],[106.821588,-6.559773],[106.822122,-6.557517],[106.821732,-6.556171],[106.821737,-6.555624],[106.821924,-6.555463],[106.822018,-6.55497],[106.822296,-6.554892],[106.82248,-6.554563],[106.822568,-6.554247],[106.822487,-6.553827],[106.822695,-6.553813],[106.822648,-6.553481],[106.822711,-6.553358],[106.822874,-6.553303],[106.822835,-6.553079],[106.823042,-6.552617],[106.823046,-6.552423],[106.823185,-6.552032],[106.823224,-6.551542],[106.822994,-6.551378],[106.823052,-6.550905],[106.822905,-6.550619],[106.822859,-6.549922],[106.823095,-6.549528],[106.823337,-6.549389],[106.823472,-6.549186],[106.823616,-6.549198],[106.823793,-6.549051],[106.824233,-6.549052],[106.82465,-6.54914],[106.825132,-6.549397],[106.825584,-6.549793],[106.825876,-6.550163],[106.825966,-6.550595],[106.826175,-6.550837],[106.826148,-6.550971],[106.825967,-6.551206],[106.825912,-6.551458],[106.825922,-6.551592],[106.826166,-6.552019],[106.826249,-6.552379],[106.826591,-6.552348],[106.826629,-6.552405],[106.826095,-6.553431],[106.826453,-6.554011],[106.826426,-6.554275],[106.826305,-6.554545],[106.826285,-6.555109],[106.825779,-6.555727],[106.825626,-6.55639],[106.82618,-6.556561],[106.825913,-6.557195],[106.826087,-6.557635],[106.826133,-6.55824],[106.825507,-6.558591],[106.825263,-6.558636],[106.824852,-6.558402],[106.824752,-6.558412],[106.824553,-6.559051],[106.82409,-6.559448],[106.823528,-6.560106],[106.823678,-6.560218],[106.824155,-6.56035],[106.824396,-6.561225]]]]},"properties":{"nama":"Tanah Baru","kecamatan":"Bogor Utara","kota":"Kota Bogor","tipe_kawasan":"Permukiman","kualitas_udara":"kurang_sehat","atribut":{"sumber_batas":"OSM","kualitas_udara":"contoh","stasiun":0,"rth":0,"poi":0}}},{"type":"Feature","geometry":{"type":"MultiPolygon","coordinates":[[[[106.786106,-6.541523],[106.788038,-6.541326],[106.788138,-6.542477],[106.787932,-6.542497],[106.788158,-6.542764],[106.790012,-6.542738],[106.790052,-6.544157],[106.789849,-6.544649],[106.790202,-6.545753],[106.790313,-6.545936],[106.790447,-6.546583],[106.790644,-6.546821],[106.790707,-6.547307],[106.790942,-6.547311],[106.790971,-6.547476],[106.791031,-6.547509],[106.79151,-6.547512],[106.792148,-6.547414],[106.79241,-6.547991],[106.792782,-6.549182],[106.794085,-6.549718],[106.794863,-6.549788],[106.795031,-6.549818],[106.795051,-6.549876],[106.794902,-6.550415],[106.794682,-6.550438],[106.794382,-6.551429],[106.794279,-6.552087],[106.794354,-6.552233],[106.794081,-6.552251],[106.794027,-6.552672],[106.793905,-6.552656],[106.793821,-6.553244],[106.793913,-6.5539],[106.793736,-6.555133],[106.793658,-6.555143],[106.793664,-6.55691],[106.792549,-6.556926],[106.79255,-6.55719],[106.791864,-6.557159],[106.791806,-6.557029],[106.790123,-6.55704],[106.790098,-6.55718],[106.789425,-6.557213],[106.789307,-6.557924],[106.788328,-6.557923],[106.788233,-6.557363],[106.788026,-6.557269],[106.787815,-6.557359],[106.787816,-6.55745],[106.787728,-6.557447],[106.787639,-6.55776],[106.787356,-6.557757],[106.787355,-6.557667],[106.787117,-6.557724],[106.787107,-6.557346],[106.785833,-6.557421],[106.784699,-6.557576],[106.784612,-6.556911],[106.783817,-6.55694],[106.783809,-6.556664],[106.783874,-6.556675],[106.783829,-6.555784],[106.78372,-6.555419],[106.784082,-6.555421],[106.784032,-6.554494],[106.784516,-6.55441],[106.784512,-6.554213],[106.784593,-6.554018],[106.784751,-6.553849],[106.784973,-6.553752],[106.784975,-6.553418],[106.785147,-6.553301],[106.784952,-6.55294],[106.784541,-6.552429],[106.784288,-6.551932],[106.78371,-6.551443],[106.783541,-6.551078],[106.783284,-6.54926],[106.783485,-6.548862],[106.783533,-6.548021],[106.783665,-6.547799],[106.783597,-6.546862],[106.782751,-6.544238],[106.78302,-6.543715],[106.78316,-6.543567],[106.785074,-6.542348],[106.785237,-6.542819],[106.785312,-6.543356],[106.785585,-6.543892],[106.786369,-6.544631],[106.78673,-6.545139],[106.787007,-6.545263],[106.787388,-6.545659],[106.787851,-6.545372],[106.788049,-6.54595],[106.788359,-6.545647],[106.786509,-6.543586],[106.786659,-6.543431],[106.786078,-6.542753],[106.786106,-6.541523]]]]},"properties":{"nama":"Sukadamai","kecamatan":"Tanah Sareal","kota":"Kota Bogor","tipe_kawasan":"Permukiman","kualitas_udara":"sehat","atribut":{"sumber_batas":"OSM","kualitas_udara":"contoh","stasiun":0,"rth":2,"poi":0}}},{"type":"Feature","geometry":{"type":"MultiPolygon","coordinates":[[[[106.790052,-6.544157],[106.791092,-6.544233],[106.791085,-6.544432],[106.791507,-6.544447],[106.791523,-6.544323],[106.791921,-6.54437],[106.792435,-6.543777],[106.793564,-6.54417],[106.793095,-6.544702],[106.793088,-6.546039],[106.793691,-6.546018],[106.7937,-6.546204],[106.794074,-6.546181],[106.795552,-6.546341],[106.795554,-6.547193],[106.796032,-6.547205],[106.796003,-6.547464],[106.797121,-6.547648],[106.796916,-6.548265],[106.79681,-6.548871],[106.796489,-6.54927],[106.79637,-6.549587],[106.796391,-6.55013],[106.796138,-6.550501],[106.79613,-6.550628],[106.796278,-6.550889],[106.796963,-6.551032],[106.797076,-6.550995],[106.797294,-6.550669],[106.797487,-6.550641],[106.797626,-6.55065],[106.79784,-6.550823],[106.797926,-6.550818],[106.797989,-6.550381],[106.798181,-6.550292],[106.798401,-6.550284],[106.798633,-6.550454],[106.798736,-6.550627],[106.798735,-6.551347],[106.798816,-6.551632],[106.799,-6.551739],[106.799383,-6.551712],[106.798807,-6.549018],[106.798786,-6.54704],[106.799007,-6.547057],[106.799073,-6.54718],[106.799736,-6.547153],[106.799559,-6.545894],[106.799501,-6.544244],[106.799923,-6.544114],[106.800017,-6.543908],[106.79998,-6.543791],[106.79986,-6.543706],[106.799891,-6.542998],[106.799765,-6.542689],[106.799781,-6.542507],[106.800415,-6.542453],[106.80101,-6.542823],[106.802236,-6.542986],[106.802442,-6.543181],[106.802463,-6.543588],[106.802274,-6.544392],[106.802155,-6.54468],[106.801731,-6.545109],[106.801446,-6.545505],[106.801199,-6.546219],[106.801139,-6.546655],[106.80118,-6.547334],[106.801603,-6.547911],[106.801646,-6.548102],[106.801706,-6.548719],[106.801986,-6.549369],[106.801863,-6.549963],[106.801925,-6.550152],[106.803109,-6.550666],[106.803887,-6.551353],[106.805325,-6.55166],[106.805584,-6.552009],[106.805702,-6.552811],[106.805609,-6.553681],[106.805943,-6.554969],[106.805596,-6.555391],[106.805574,-6.555827],[106.805237,-6.556048],[106.805177,-6.556311],[106.800812,-6.556602],[106.800796,-6.556556],[106.799117,-6.556779],[106.799028,-6.556875],[106.798963,-6.55718],[106.798862,-6.55733],[106.79739,-6.557141],[106.79631,-6.557076],[106.796035,-6.556966],[106.794991,-6.556856],[106.794994,-6.556804],[106.794606,-6.556799],[106.794583,-6.556876],[106.793916,-6.556983],[106.793715,-6.556958],[106.793664,-6.55691],[106.793658,-6.555143],[106.793736,-6.555133],[106.793913,-6.5539],[106.793821,-6.553244],[106.793905,-6.552656],[106.794027,-6.552672],[106.794081,-6.552251],[106.794354,-6.552233],[106.794279,-6.552087],[106.794382,-6.551429],[106.794682,-6.550438],[106.794902,-6.550415],[106.795051,-6.549876],[106.795031,-6.549818],[106.794863,-6.549788],[106.794085,-6.549718],[106.792782,-6.549182],[106.79241,-6.547991],[106.792148,-6.547414],[106.79151,-6.547512],[106.791031,-6.547509],[106.790971,-6.547476],[106.790942,-6.547311],[106.790707,-6.547307],[106.790644,-6.546821],[106.790447,-6.546583],[106.790313,-6.545936],[106.790202,-6.545753],[106.789849,-6.544649],[106.790052,-6.544157]]]]},"properties":{"nama":"Sukaresmi","kecamatan":"Sukaraja","kota":"Kabupaten Bogor","tipe_kawasan":"Permukiman","kualitas_udara":"kurang_sehat","atribut":{"sumber_batas":"OSM","kualitas_udara":"contoh","stasiun":0,"rth":0,"poi":0}}},{"type":"Feature","geometry":{"type":"MultiPolygon","coordinates":[[[[106.740488,-6.54209],[106.740538,-6.542296],[106.740884,-6.542684],[106.741805,-6.543055],[106.742191,-6.543084],[106.743954,-6.543769],[106.744575,-6.543876],[106.745767,-6.543826],[106.746538,-6.543612],[106.746873,-6.543691],[106.746938,-6.543848],[106.746945,-6.544818],[106.747088,-6.545125],[106.747245,-6.545297],[106.74763,-6.545525],[106.74823,-6.546111],[106.747923,-6.54746],[106.747894,-6.547674],[106.747973,-6.547817],[106.748244,-6.547931],[106.748722,-6.547874],[106.749001,-6.547702],[106.749565,-6.547124],[106.749672,-6.547146],[106.749979,-6.547481],[106.750507,-6.549758],[106.750614,-6.54998],[106.751149,-6.550543],[106.751463,-6.550786],[106.752042,-6.551057],[106.752714,-6.551062],[106.752553,-6.551641],[106.752875,-6.5517],[106.753256,-6.551896],[106.753968,-6.551675],[106.754354,-6.552411],[106.754729,-6.552255],[106.755075,-6.552317],[106.755575,-6.552652],[106.755227,-6.553853],[106.754008,-6.553758],[106.753891,-6.555267],[106.753562,-6.555222],[106.753414,-6.555964],[106.753165,-6.555979],[106.753141,-6.556966],[106.751584,-6.556869],[106.751391,-6.557647],[106.750902,-6.55761],[106.751075,-6.558727],[106.750655,-6.558867],[106.750563,-6.558988],[106.750544,-6.559346],[106.750395,-6.559673],[106.750388,-6.55993],[106.75031,-6.559934],[106.750394,-6.5607],[106.750323,-6.560728],[106.750344,-6.560942],[106.750402,-6.560935],[106.750557,-6.561512],[106.75204,-6.56155],[106.752144,-6.561984],[106.752418,-6.56226],[106.752552,-6.562744],[106.75021,-6.56272],[106.748947,-6.562913],[106.749051,-6.563165],[106.749197,-6.563314],[106.749724,-6.563503],[106.749807,-6.563819],[106.749653,-6.563852],[106.748558,-6.563628],[106.748578,-6.56343],[106.748227,-6.563322],[106.747846,-6.563249],[106.747507,-6.563281],[106.747379,-6.563133],[106.746828,-6.562824],[106.746734,-6.562523],[106.746838,-6.562448],[106.746996,-6.562454],[106.747319,-6.562641],[106.747575,-6.562401],[106.747686,-6.562116],[106.747826,-6.561195],[106.747778,-6.561049],[106.747539,-6.560992],[106.747185,-6.561068],[106.746951,-6.560891],[106.746731,-6.560855],[106.746471,-6.560957],[106.746099,-6.561263],[106.745429,-6.561301],[106.745074,-6.561525],[106.74479,-6.561592],[106.744544,-6.561595],[106.744129,-6.561489],[106.743937,-6.56126],[106.743929,-6.560944],[106.744017,-6.560683],[106.744568,-6.560245],[106.744585,-6.559664],[106.7451,-6.559282],[106.745143,-6.559188],[106.745032,-6.558942],[106.744609,-6.558442],[106.744257,-6.55708],[106.744269,-6.556926],[106.744366,-6.556824],[106.744742,-6.55663],[106.744799,-6.556537],[106.744732,-6.556177],[106.744522,-6.555811],[106.744343,-6.555776],[106.744034,-6.555889],[106.743778,-6.555536],[106.74357,-6.555495],[106.74326,-6.55577],[106.743169,-6.555976],[106.74287,-6.556185],[106.742467,-6.556313],[106.742155,-6.556264],[106.742013,-6.55615],[106.741636,-6.555457],[106.741359,-6.55514],[106.741198,-6.554639],[106.741064,-6.554458],[106.740001,-6.55384],[106.739791,-6.553317],[106.739548,-6.553011],[106.739047,-6.552862],[106.738672,-6.552929],[106.738478,-6.553015],[106.738191,-6.55353],[106.738034,-6.553626],[106.737863,-6.553543],[106.737414,-6.553107],[106.737175,-6.553134],[106.736897,-6.553446],[106.736852,-6.553432],[106.736473,-6.55278],[106.736706,-6.552658],[106.73709,-6.552608],[106.737456,-6.551916],[106.737494,-6.55173],[106.737303,-6.549659],[106.737763,-6.549242],[106.738835,-6.548526],[106.739065,-6.547969],[106.739162,-6.547626],[106.7392,-6.546334],[106.738772,-6.546255],[106.738935,-6.545732],[106.739887,-6.546011],[106.7401,-6.54439],[106.739513,-6.544342],[106.739195,-6.544212],[106.739528,-6.543672],[106.739901,-6.542337],[106.740488,-6.54209]]]]},"properties":{"nama":"Situ Gede","kecamatan":"Bogor Barat","kota":"Kota Bogor","tipe_kawasan":"Kawasan hijau","kualitas_udara":"sehat","atribut":{"sumber_batas":"OSM","kualitas_udara":"contoh","stasiun":0,"rth":3,"poi":4}}},{"type":"Feature","geometry":{"type":"MultiPolygon","coordinates":[[[[106.766063,-6.56552],[106.76599,-6.565746],[106.765809,-6.565809],[106.76461,-6.565908],[106.763939,-6.566143],[106.7636,-6.565627],[106.763412,-6.565012],[106.763091,-6.561778],[106.762405,-6.561821],[106.761681,-6.562165],[106.761319,-6.562221],[106.760929,-6.562664],[106.760221,-6.56314],[106.760201,-6.563095],[106.75952,-6.563136],[106.759789,-6.56261],[106.759752,-6.562265],[106.758521,-6.561394],[106.757434,-6.560336],[106.757074,-6.559878],[106.756842,-6.559383],[106.756812,-6.55906],[106.756868,-6.558708],[106.75706,-6.558026],[106.757488,-6.557371],[106.758569,-6.556693],[106.759556,-6.556351],[106.760167,-6.556037],[106.760362,-6.555832],[106.760418,-6.55543],[106.760326,-6.555142],[106.758817,-6.553074],[106.758099,-6.551481],[106.757886,-6.55141],[106.757579,-6.551421],[106.756472,-6.551866],[106.756076,-6.551756],[106.755779,-6.551526],[106.755568,-6.551108],[106.755431,-6.549574],[106.755239,-6.548887],[106.75509,-6.548634],[106.754908,-6.548493],[106.754363,-6.548377],[106.754534,-6.548132],[106.754886,-6.547922],[106.755317,-6.547812],[106.755806,-6.54758],[106.757039,-6.547771],[106.758116,-6.548118],[106.758653,-6.548222],[106.760419,-6.549551],[106.76064,-6.54975],[106.760696,-6.54998],[106.761053,-6.549956],[106.761063,-6.549717],[106.761129,-6.549668],[106.761463,-6.549646],[106.761653,-6.549744],[106.76206,-6.549814],[106.762352,-6.549661],[106.762528,-6.549681],[106.762529,-6.549578],[106.762586,-6.549552],[106.762688,-6.549792],[106.762927,-6.549836],[106.763278,-6.550758],[106.762895,-6.552534],[106.762948,-6.552735],[106.763307,-6.553272],[106.763679,-6.553453],[106.763891,-6.553733],[106.764158,-6.555005],[106.764041,-6.555675],[106.764314,-6.556053],[106.764351,-6.556213],[106.764248,-6.55692],[106.764341,-6.557631],[106.764514,-6.558198],[106.764449,-6.559128],[106.764624,-6.559687],[106.764889,-6.560028],[106.765066,-6.560833],[106.764865,-6.561508],[106.764841,-6.561793],[106.764899,-6.561902],[106.765435,-6.562194],[106.765717,-6.562519],[106.765782,-6.562846],[106.765724,-6.56292],[106.765579,-6.564229],[106.765766,-6.564902],[106.765945,-6.565011],[106.765886,-6.5655],[106.766063,-6.56552]]]]},"properties":{"nama":"Semplak","kecamatan":"Bogor Barat","kota":"Kota Bogor","tipe_kawasan":"Permukiman","kualitas_udara":"sehat","atribut":{"sumber_batas":"OSM","kualitas_udara":"contoh","stasiun":0,"rth":2,"poi":4}}},{"type":"Feature","geometry":{"type":"MultiPolygon","coordinates":[[[[106.855981,-6.465872],[106.85594,-6.46584],[106.85644,-6.46539],[106.85658,-6.46517],[106.8566,-6.46493],[106.85649,-6.4642],[106.85629,-6.46003],[106.85629,-6.45821],[106.85624,-6.45779],[106.85604,-6.45709],[106.855458,-6.45555],[106.855975,-6.455538],[106.855967,-6.455709],[106.856685,-6.455763],[106.857022,-6.455669],[106.857414,-6.4557],[106.85757,-6.455492],[106.858754,-6.455941],[106.859138,-6.455062],[106.859513,-6.455329],[106.859357,-6.455555],[106.8599,-6.455883],[106.860152,-6.455911],[106.860187,-6.455975],[106.860675,-6.456168],[106.860962,-6.455511],[106.861173,-6.455751],[106.86108,-6.456042],[106.861227,-6.456255],[106.862327,-6.456183],[106.863028,-6.455783],[106.863255,-6.456004],[106.864425,-6.4565],[106.864589,-6.456299],[106.865018,-6.456609],[106.865111,-6.456308],[106.865306,-6.456529],[106.865616,-6.457094],[106.866136,-6.456618],[106.866526,-6.456746],[106.867167,-6.456803],[106.869158,-6.456529],[106.870656,-6.456195],[106.87087,-6.456202],[106.871077,-6.456294],[106.871561,-6.455856],[106.872032,-6.455826],[106.872396,-6.456069],[106.872725,-6.456642],[106.873297,-6.457004],[106.873506,-6.45708],[106.873838,-6.45703],[106.874029,-6.457074],[106.875151,-6.457804],[106.876151,-6.458312],[106.875741,-6.458516],[106.875382,-6.458797],[106.875116,-6.459164],[106.875172,-6.459541],[106.875294,-6.459632],[106.876214,-6.459543],[106.876293,-6.459598],[106.87633,-6.459744],[106.876295,-6.460183],[106.875653,-6.46267],[106.875642,-6.46317],[106.875151,-6.46378],[106.875139,-6.463945],[106.875201,-6.464054],[106.875745,-6.464704],[106.87574,-6.464954],[106.875564,-6.465259],[106.874999,-6.465738],[106.874195,-6.466556],[106.874034,-6.466919],[106.873927,-6.467444],[106.874245,-6.470103],[106.874211,-6.470775],[106.874121,-6.470884],[106.873994,-6.470921],[106.873849,-6.470867],[106.873431,-6.470597],[106.872451,-6.470148],[106.872251,-6.469967],[106.872178,-6.469714],[106.872339,-6.469333],[106.872339,-6.469152],[106.872175,-6.468954],[106.871884,-6.468828],[106.871522,-6.468793],[106.871341,-6.46892],[106.871269,-6.469138],[106.871416,-6.469626],[106.871635,-6.470024],[106.871636,-6.470368],[106.87097,-6.471547],[106.870845,-6.472],[106.870991,-6.472362],[106.872038,-6.474095],[106.872061,-6.474424],[106.872017,-6.47449],[106.871819,-6.474535],[106.871027,-6.474274],[106.870918,-6.474319],[106.870786,-6.474539],[106.870809,-6.474758],[106.87092,-6.474978],[106.87125,-6.475196],[106.871273,-6.47546],[106.871032,-6.475658],[106.87022,-6.475925],[106.86899,-6.476171],[106.868771,-6.476369],[106.868618,-6.476655],[106.868553,-6.476941],[106.868863,-6.477533],[106.869326,-6.477817],[106.869634,-6.477816],[106.870051,-6.477682],[106.870575,-6.477708],[106.870679,-6.478062],[106.870687,-6.478366],[106.870643,-6.478644],[106.870405,-6.479078],[106.870141,-6.47924],[106.869727,-6.479274],[106.869164,-6.479082],[106.868574,-6.478658],[106.868244,-6.478633],[106.868037,-6.478712],[106.86758,-6.479198],[106.867313,-6.479647],[106.867403,-6.480085],[106.867745,-6.480613],[106.86753,-6.48075],[106.86713,-6.48075],[106.86693,-6.48066],[106.86613,-6.47997],[106.86573,-6.47981],[106.86548,-6.47986],[106.86463,-6.48027],[106.8642,-6.4803],[106.86353,-6.48001],[106.86345,-6.47988],[106.86341,-6.47937],[106.86354,-6.47575],[106.86341,-6.4745],[106.86312,-6.47348],[106.86276,-6.47264],[106.8622,-6.47157],[106.86159,-6.47056],[106.86122,-6.47013],[106.85991,-6.46933],[106.85824,-6.46801],[106.855981,-6.465872]]]]},"properties":{"nama":"Ciriung","kecamatan":"Cibinong","kota":"Kabupaten Bogor","tipe_kawasan":"Permukiman","kualitas_udara":"sehat","atribut":{"sumber_batas":"OSM","kualitas_udara":"contoh","stasiun":0,"rth":2,"poi":2}}},{"type":"Feature","geometry":{"type":"MultiPolygon","coordinates":[[[[106.855981,-6.465872],[106.85824,-6.46801],[106.85991,-6.46933],[106.86122,-6.47013],[106.86159,-6.47056],[106.8622,-6.47157],[106.86276,-6.47264],[106.86312,-6.47348],[106.86341,-6.4745],[106.86354,-6.47575],[106.86341,-6.47937],[106.86299,-6.47952],[106.86203,-6.48017],[106.86189,-6.48003],[106.86054,-6.47921],[106.85987,-6.47906],[106.85791,-6.47876],[106.85713,-6.47885],[106.856129,-6.478609],[106.856004,-6.478942],[106.85592,-6.47899],[106.85527,-6.47893],[106.85463,-6.47874],[106.85391,-6.47867],[106.85369,-6.47877],[106.85346,-6.47967],[106.85276,-6.48008],[106.85216,-6.48008],[106.85175,-6.47977],[106.85064,-6.4783],[106.85009,-6.47795],[106.84926,-6.47725],[106.849543,-6.476825],[106.848055,-6.475717],[106.84747,-6.47649],[106.84699,-6.47613],[106.847743,-6.474709],[106.848178,-6.473647],[106.848538,-6.47307],[106.849094,-6.472404],[106.850519,-6.470807],[106.851259,-6.47009],[106.854392,-6.467185],[106.855981,-6.465872]]]]},"properties":{"nama":"Cirimekar","kecamatan":"Cibinong","kota":"Kabupaten Bogor","tipe_kawasan":"Permukiman","kualitas_udara":"kurang_sehat","atribut":{"sumber_batas":"OSM","kualitas_udara":"contoh","stasiun":0,"rth":1,"poi":2}}},{"type":"Feature","geometry":{"type":"MultiPolygon","coordinates":[[[[106.886332,-6.47324],[106.887141,-6.472037],[106.886457,-6.470713],[106.886457,-6.470562],[106.886543,-6.470408],[106.886225,-6.470103],[106.886613,-6.469289],[106.885943,-6.468965],[106.885306,-6.46826],[106.884865,-6.468819],[106.884668,-6.468898],[106.88453,-6.468869],[106.884444,-6.468741],[106.884427,-6.46845],[106.884158,-6.468277],[106.884475,-6.467803],[106.884344,-6.467698],[106.884235,-6.467843],[106.884081,-6.467765],[106.883811,-6.468223],[106.883473,-6.468182],[106.883337,-6.468636],[106.883031,-6.468606],[106.88258,-6.46941],[106.882191,-6.469949],[106.88198,-6.469919],[106.880582,-6.471634],[106.880584,-6.471128],[106.880739,-6.470319],[106.880554,-6.469665],[106.88425,-6.462316],[106.884571,-6.462318],[106.885632,-6.462003],[106.887027,-6.461937],[106.888221,-6.461418],[106.888726,-6.461423],[106.889285,-6.4606],[106.889432,-6.46067],[106.889479,-6.460622],[106.88942,-6.460429],[106.889119,-6.460238],[106.889149,-6.459483],[106.889182,-6.459412],[106.889328,-6.459367],[106.889347,-6.459176],[106.889689,-6.458498],[106.890056,-6.457967],[106.890631,-6.457491],[106.891018,-6.457344],[106.891296,-6.457001],[106.891367,-6.457053],[106.891203,-6.457508],[106.891298,-6.45772],[106.891472,-6.457746],[106.892419,-6.457556],[106.892876,-6.457536],[106.893183,-6.457696],[106.893495,-6.458055],[106.89402,-6.459066],[106.894099,-6.459078],[106.894373,-6.458888],[106.894511,-6.458664],[106.894594,-6.458224],[106.895201,-6.457855],[106.895767,-6.457068],[106.895819,-6.456899],[106.895834,-6.45599],[106.895919,-6.455671],[106.896097,-6.455495],[106.896358,-6.455393],[106.896418,-6.455165],[106.896619,-6.455126],[106.897016,-6.454474],[106.897695,-6.45368],[106.89823,-6.452089],[106.89914,-6.452448],[106.899485,-6.451833],[106.901775,-6.453071],[106.901421,-6.453736],[106.902516,-6.454393],[106.902264,-6.454705],[106.902589,-6.455124],[106.905025,-6.454488],[106.905126,-6.454396],[106.905364,-6.454418],[106.906191,-6.454256],[106.907013,-6.454471],[106.907767,-6.45522],[106.908757,-6.456396],[106.907644,-6.456787],[106.90744,-6.456922],[106.907188,-6.457273],[106.907077,-6.457581],[106.907169,-6.459933],[106.907095,-6.460229],[106.906664,-6.461079],[106.906258,-6.461615],[106.90595,-6.461849],[106.905297,-6.46215],[106.904928,-6.462231],[106.904176,-6.462249],[106.901097,-6.461818],[106.900352,-6.461898],[106.900155,-6.462046],[106.899804,-6.462514],[106.899164,-6.464318],[106.89888,-6.464558],[106.898486,-6.464731],[106.898061,-6.464829],[106.896645,-6.464774],[106.895809,-6.464869],[106.893523,-6.465713],[106.893021,-6.466146],[106.892532,-6.466984],[106.892422,-6.467427],[106.892461,-6.467931],[106.892896,-6.468999],[106.893279,-6.469527],[106.894007,-6.470077],[106.895691,-6.470858],[106.895089,-6.471456],[106.894736,-6.471617],[106.894422,-6.471577],[106.894022,-6.47121],[106.893736,-6.471249],[106.893329,-6.471695],[106.893254,-6.472113],[106.89318,-6.47217],[106.89294,-6.472091],[106.892833,-6.471745],[106.892241,-6.471959],[106.892227,-6.472409],[106.892008,-6.473342],[106.892048,-6.473432],[106.892484,-6.473767],[106.892224,-6.474288],[106.891943,-6.474129],[106.890608,-6.473655],[106.888963,-6.472657],[106.88842,-6.473649],[106.8876,-6.473085],[106.8872,-6.473699],[106.886332,-6.47324]]]]},"properties":{"nama":"Gunung Putri","kecamatan":"Gunung Putri","kota":"Kabupaten Bogor","tipe_kawasan":"Permukiman","kualitas_udara":"sehat","atribut":{"sumber_batas":"OSM","kualitas_udara":"contoh","stasiun":0,"rth":1,"poi":0}}}]}